nodes 2, threads 36, mix R/I/U/S=50/0/0/50, zipf-0.99, bulk 50M warmup 10M op 30M, offload 0%, scan_range 100
[4mshared memory size: 64GB, 0x7feeda800000[0m
[4mrdma cache size: 4GB[0m
[4mMachine NR: 2[0m
[4mCompute server 1 start up [10.30.1.6]
[0m
I connect server 0
[CONFIG node 1] bulk load: bottom-up build, 8 keys per leaf, 6 children per inner node (CHIME_BULK_BUILD / CHIME_BUILD_LEAF_KEYS / CHIME_BUILD_INNER_FANOUT)
[CONFIG node 1] clients on this node: yes (CHIME_MN_CLIENTS)
[CONFIG node 1] leaf cache by key=0 owner=0 admit_push=0.00 granule=16 (CHIME_LEAF_BY_KEY / CHIME_LEAF_OWNER / CHIME_LEAF_ADMIT_PUSH / CHIME_LEAF_KEY_GRANULE)
[CONFIG node 1] scan path: from_cache=1 offload_always=0 (CHIME_SCAN_FROM_CACHE / CHIME_SCAN_OFFLOAD_ALWAYS)
[CONFIG node 1] push ops: both (CHIME_PUSH_OPS; applies only with offloading on)
[CACHE node 1] total=32 MB index=32 MB leaf=0 MB
[CONFIG node 1] dir threads = 1 (CHIME_DIR_THREADS, max 16) -- MUST match the other node
[CORES node 1] linear pinning: app threads -> CPUs 0..35, main -> 79, dir threads -> 79 (REV_DIR_CPUS)
[CONFIG] hotspot buffer + speculative read: off (CHIME_HOTSPOT; stock CHIME: on above 50 MB)
workload generated: keyspace=50001000 bulk=50000000 warmup=9999972 op=29999988
[4mKey space set: keySpaceSize=50000000[0m
I am 37
I am 66
I am 43
I am 40
I am 36
I am 38
I am 45
I am 42
I am 44
I am 47
I am 39
I am 71
I am 69
I am 46
I am 65
I am 50
I am 51
I am 52
I am 54
I am 56
I am 53
I am 48
I am 58
I am 41
I am 60
I am 70
I am 64
I am 59
I am 55
I am 61
I am 67
I am 62
I am 63
I am 68
I am 57
I am 49
[build] leaves: 10% (625001/6250000)
[build] leaves: 20% (1250002/6250000)
[build] leaves: 30% (1875003/6250000)
[build] leaves: 40% (2500004/6250000)
[build] leaves: 50% (3125005/6250000)
[build] leaves: 60% (3750006/6250000)
[build] leaves: 70% (4375007/6250000)
[build] leaves: 80% (5000008/6250000)
[build] leaves: 90% (5625009/6250000)
[build] inner level 1: 1041667 nodes
[build] inner level 2: 173611 nodes
[build] inner level 3: 28935 nodes
[build] inner level 4: 4823 nodes
[build] inner level 5: 804 nodes
[build] inner level 6: 134 nodes
[build] inner level 7: 23 nodes
[build] inner level 8: 4 nodes
[build] inner level 9: 1 nodes
[build] done in 18.9s: height=10 leaves=6250000 inner_nodes=1250002 (8 keys per leaf, 6 children per inner node)
[TREE] height=10 leaves=6250000 inner_nodes=1250002 keys_per_leaf=8.00 inner_MB=399.4 leaf_MB=2104.0 total_MB=2503.4 (internal span 16, leaf span 16, node bytes inner=335 leaf=353)
node 1 warmup done in 83s
[INDEX] --- post-bulk-load cache occupancy (cache = 32 MB) ---
 ----- [TreeCache]:  cache size=32 MB free_size=-0.000 MB skiplist_node_cnt=1247467 ----- 
consumed cache size = 32.000 MB
 ----- [IdxCache]:  cache size=0 MB free_size=0.000 MB ---- 
consumed hotspot buffer size = 0.000000 MB

[LEAFCACHE] off
1, throughput 0.1588 Mops
1, throughput 0.1569 Mops
1, throughput 0.1572 Mops
1, throughput 0.1570 Mops
1, throughput 0.1570 Mops
1, throughput 0.1576 Mops
1, throughput 0.1574 Mops
1, throughput 0.1574 Mops
1, throughput 0.1600 Mops
1, throughput 0.1566 Mops
1, throughput 0.1582 Mops
1, throughput 0.1581 Mops
1, throughput 0.1585 Mops
1, throughput 0.1572 Mops
1, throughput 0.1553 Mops
1, throughput 0.1567 Mops
1, throughput 0.1584 Mops
1, throughput 0.1587 Mops
1, throughput 0.1589 Mops
1, throughput 0.1579 Mops
1, throughput 0.1580 Mops
1, throughput 0.1556 Mops
1, throughput 0.1597 Mops
1, throughput 0.1581 Mops
1, throughput 0.1586 Mops
1, throughput 0.1590 Mops
1, throughput 0.1578 Mops
1, throughput 0.1587 Mops
1, throughput 0.1586 Mops
1, throughput 0.1591 Mops
1, throughput 0.1573 Mops
1, throughput 0.1581 Mops
1, throughput 0.1586 Mops
1, throughput 0.1580 Mops
1, throughput 0.1563 Mops
1, throughput 0.1554 Mops
1, throughput 0.1561 Mops
1, throughput 0.1564 Mops
1, throughput 0.1576 Mops
1, throughput 0.1566 Mops
1, throughput 0.1577 Mops
1, throughput 0.1563 Mops
1, throughput 0.1566 Mops
1, throughput 0.1579 Mops
1, throughput 0.1532 Mops
1, throughput 0.1446 Mops
1, throughput 0.1434 Mops
1, throughput 0.1438 Mops
1, throughput 0.1439 Mops
1, throughput 0.1444 Mops
1, throughput 0.1484 Mops
1, throughput 0.1468 Mops
1, throughput 0.1409 Mops
1, throughput 0.1395 Mops
1, throughput 0.1426 Mops
1, throughput 0.1564 Mops
1, throughput 0.1575 Mops
1, throughput 0.1578 Mops
1, throughput 0.1585 Mops
1, throughput 0.1585 Mops
1, throughput 0.1570 Mops
1, throughput 0.1588 Mops
1, throughput 0.1571 Mops
1, throughput 0.1571 Mops
1, throughput 0.1588 Mops
1, throughput 0.1577 Mops
1, throughput 0.1578 Mops
1, throughput 0.1583 Mops
1, throughput 0.1574 Mops
1, throughput 0.1575 Mops
1, throughput 0.1570 Mops
1, throughput 0.1579 Mops
1, throughput 0.1582 Mops
1, throughput 0.1590 Mops
1, throughput 0.1581 Mops
1, throughput 0.1581 Mops
1, throughput 0.1560 Mops
1, throughput 0.1583 Mops
1, throughput 0.1574 Mops
1, throughput 0.1562 Mops
1, throughput 0.1574 Mops
1, throughput 0.1581 Mops
1, throughput 0.1568 Mops
1, throughput 0.1580 Mops
1, throughput 0.1576 Mops
1, throughput 0.1575 Mops
1, throughput 0.1580 Mops
1, throughput 0.1572 Mops
1, throughput 0.1562 Mops
1, throughput 0.1581 Mops
1, throughput 0.1589 Mops
1, throughput 0.1568 Mops
1, throughput 0.1585 Mops
1, throughput 0.1598 Mops
1, throughput 0.1581 Mops
1, throughput 0.1578 Mops
1, throughput 0.1566 Mops
1, throughput 0.1577 Mops
1, throughput 0.1573 Mops
1, throughput 0.1585 Mops
1, throughput 0.1565 Mops
1, throughput 0.1569 Mops
1, throughput 0.1570 Mops
1, throughput 0.1586 Mops
1, throughput 0.1567 Mops
1, throughput 0.1580 Mops
1, throughput 0.1572 Mops
1, throughput 0.1591 Mops
1, throughput 0.1580 Mops
1, throughput 0.1581 Mops
1, throughput 0.1582 Mops
1, throughput 0.1576 Mops
1, throughput 0.1584 Mops
1, throughput 0.1593 Mops
1, throughput 0.1576 Mops
1, throughput 0.1591 Mops
1, throughput 0.1577 Mops
1, throughput 0.1557 Mops
1, throughput 0.1585 Mops
1, throughput 0.1582 Mops
1, throughput 0.1582 Mops
1, throughput 0.1583 Mops
1, throughput 0.1568 Mops
1, throughput 0.1585 Mops
1, throughput 0.1575 Mops
1, throughput 0.1578 Mops
1, throughput 0.1592 Mops
1, throughput 0.1584 Mops
1, throughput 0.1582 Mops
1, throughput 0.1589 Mops
1, throughput 0.1566 Mops
1, throughput 0.1571 Mops
1, throughput 0.1578 Mops
1, throughput 0.1578 Mops
1, throughput 0.1579 Mops
1, throughput 0.1575 Mops
1, throughput 0.1588 Mops
1, throughput 0.1578 Mops
1, throughput 0.1578 Mops
1, throughput 0.1578 Mops
1, throughput 0.1572 Mops
1, throughput 0.1580 Mops
1, throughput 0.1589 Mops
1, throughput 0.1589 Mops
1, throughput 0.1587 Mops
1, throughput 0.1584 Mops
1, throughput 0.1592 Mops
1, throughput 0.1586 Mops
1, throughput 0.1600 Mops
1, throughput 0.1590 Mops
1, throughput 0.1589 Mops
1, throughput 0.1580 Mops
1, throughput 0.1586 Mops
1, throughput 0.1579 Mops
1, throughput 0.1575 Mops
1, throughput 0.1583 Mops
1, throughput 0.1580 Mops
1, throughput 0.1587 Mops
1, throughput 0.1558 Mops
1, throughput 0.1585 Mops
1, throughput 0.1579 Mops
1, throughput 0.1593 Mops
1, throughput 0.1578 Mops
1, throughput 0.1582 Mops
1, throughput 0.1588 Mops
1, throughput 0.1580 Mops
1, throughput 0.1576 Mops
1, throughput 0.1566 Mops
1, throughput 0.1588 Mops
1, throughput 0.1590 Mops
1, throughput 0.1595 Mops
1, throughput 0.1579 Mops
1, throughput 0.1590 Mops
1, throughput 0.1573 Mops
1, throughput 0.1573 Mops
1, throughput 0.1578 Mops
1, throughput 0.1572 Mops
1, throughput 0.1577 Mops
1, throughput 0.1562 Mops
1, throughput 0.1589 Mops
1, throughput 0.1579 Mops
1, throughput 0.1588 Mops
1, throughput 0.1586 Mops
1, throughput 0.1601 Mops
1, throughput 0.1574 Mops
1, throughput 0.1585 Mops
1, throughput 0.1568 Mops
1, throughput 0.1594 Mops
1, throughput 0.1582 Mops
1, throughput 0.1581 Mops
1, throughput 0.1581 Mops
1, throughput 0.1582 Mops
1, throughput 0.1585 Mops
1, throughput 0.1585 Mops
1, throughput 0.1577 Mops
1, throughput 0.1591 Mops
1, throughput 0.1581 Mops
1, throughput 0.1576 Mops
1, throughput 0.1579 Mops
1, throughput 0.1544 Mops
1, throughput 0.1573 Mops
1, throughput 0.1593 Mops
1, throughput 0.1590 Mops
1, throughput 0.1564 Mops
1, throughput 0.1567 Mops
1, throughput 0.1586 Mops
1, throughput 0.1588 Mops
1, throughput 0.1587 Mops
1, throughput 0.1575 Mops
1, throughput 0.1572 Mops
1, throughput 0.1584 Mops
1, throughput 0.1582 Mops
1, throughput 0.1587 Mops
1, throughput 0.1593 Mops
1, throughput 0.1591 Mops
1, throughput 0.1592 Mops
1, throughput 0.1594 Mops
1, throughput 0.1601 Mops
1, throughput 0.1584 Mops
1, throughput 0.1567 Mops
1, throughput 0.1563 Mops
1, throughput 0.1584 Mops
1, throughput 0.1587 Mops
1, throughput 0.1580 Mops
1, throughput 0.1575 Mops
1, throughput 0.1577 Mops
1, throughput 0.1590 Mops
1, throughput 0.1584 Mops
1, throughput 0.1586 Mops
1, throughput 0.1568 Mops
1, throughput 0.1583 Mops
1, throughput 0.1578 Mops
1, throughput 0.1583 Mops
1, throughput 0.1584 Mops
1, throughput 0.1599 Mops
1, throughput 0.1575 Mops
1, throughput 0.1597 Mops
1, throughput 0.1582 Mops
1, throughput 0.1581 Mops
1, throughput 0.1573 Mops
1, throughput 0.1538 Mops
1, throughput 0.1579 Mops
1, throughput 0.1585 Mops
1, throughput 0.1582 Mops
1, throughput 0.1572 Mops
1, throughput 0.1570 Mops
1, throughput 0.1562 Mops
1, throughput 0.1574 Mops
1, throughput 0.1577 Mops
1, throughput 0.1573 Mops
1, throughput 0.1574 Mops
1, throughput 0.1582 Mops
1, throughput 0.1579 Mops
1, throughput 0.1576 Mops
1, throughput 0.1583 Mops
1, throughput 0.1568 Mops
1, throughput 0.1589 Mops
1, throughput 0.1559 Mops
1, throughput 0.1575 Mops
1, throughput 0.1572 Mops
1, throughput 0.1570 Mops
1, throughput 0.1547 Mops
1, throughput 0.1588 Mops
1, throughput 0.1579 Mops
1, throughput 0.1582 Mops
1, throughput 0.1575 Mops
1, throughput 0.1587 Mops
1, throughput 0.1570 Mops
1, throughput 0.1568 Mops
1, throughput 0.1588 Mops
1, throughput 0.1579 Mops
1, throughput 0.1580 Mops
1, throughput 0.1578 Mops
1, throughput 0.1584 Mops
1, throughput 0.1576 Mops
1, throughput 0.1571 Mops
1, throughput 0.1587 Mops
1, throughput 0.1568 Mops
1, throughput 0.1576 Mops
1, throughput 0.1575 Mops
1, throughput 0.1577 Mops
1, throughput 0.1565 Mops
1, throughput 0.1561 Mops
1, throughput 0.1577 Mops
1, throughput 0.1580 Mops
1, throughput 0.1578 Mops
1, throughput 0.1579 Mops
1, throughput 0.1590 Mops
1, throughput 0.1582 Mops
1, throughput 0.1578 Mops
1, throughput 0.1580 Mops
1, throughput 0.1581 Mops
1, throughput 0.1587 Mops
1, throughput 0.1585 Mops
1, throughput 0.1580 Mops
1, throughput 0.1574 Mops
1, throughput 0.1580 Mops
1, throughput 0.1567 Mops
1, throughput 0.1576 Mops
1, throughput 0.1589 Mops
1, throughput 0.1574 Mops
1, throughput 0.1575 Mops
1, throughput 0.1560 Mops
1, throughput 0.1600 Mops
1, throughput 0.1585 Mops
1, throughput 0.1590 Mops
1, throughput 0.1578 Mops
1, throughput 0.1576 Mops
1, throughput 0.1591 Mops
1, throughput 0.1575 Mops
1, throughput 0.1584 Mops
1, throughput 0.1600 Mops
1, throughput 0.1584 Mops
1, throughput 0.1593 Mops
1, throughput 0.1580 Mops
1, throughput 0.1576 Mops
1, throughput 0.1577 Mops
1, throughput 0.1588 Mops
1, throughput 0.1590 Mops
1, throughput 0.1598 Mops
1, throughput 0.1588 Mops
1, throughput 0.1582 Mops
1, throughput 0.1569 Mops
1, throughput 0.1558 Mops
1, throughput 0.1580 Mops
1, throughput 0.1586 Mops
1, throughput 0.1591 Mops
1, throughput 0.1585 Mops
1, throughput 0.1581 Mops
1, throughput 0.1582 Mops
1, throughput 0.1578 Mops
1, throughput 0.1570 Mops
1, throughput 0.1578 Mops
1, throughput 0.1588 Mops
1, throughput 0.1576 Mops
1, throughput 0.1588 Mops
1, throughput 0.1600 Mops
1, throughput 0.1589 Mops
1, throughput 0.1588 Mops
1, throughput 0.1578 Mops
1, throughput 0.1599 Mops
1, throughput 0.1576 Mops
1, throughput 0.1588 Mops
1, throughput 0.1572 Mops
1, throughput 0.1581 Mops
1, throughput 0.1582 Mops
1, throughput 0.1579 Mops
1, throughput 0.1586 Mops
1, throughput 0.1580 Mops
1, throughput 0.1585 Mops
1, throughput 0.1576 Mops
1, throughput 0.1585 Mops
1, throughput 0.1595 Mops
1, throughput 0.1572 Mops
1, throughput 0.1580 Mops
1, throughput 0.1586 Mops
1, throughput 0.1586 Mops
1, throughput 0.1585 Mops
1, throughput 0.1586 Mops
1, throughput 0.1571 Mops
1, throughput 0.1578 Mops
1, throughput 0.1577 Mops
1, throughput 0.1583 Mops
1, throughput 0.1577 Mops
1, throughput 0.1553 Mops
1, throughput 0.1575 Mops
1, throughput 0.1577 Mops
1, throughput 0.1580 Mops
1, throughput 0.1573 Mops
1, throughput 0.1587 Mops
1, throughput 0.1578 Mops
1, throughput 0.1465 Mops
1, throughput 0.1335 Mops
1, throughput 0.1215 Mops
1, throughput 0.0999 Mops
1, throughput 0.0980 Mops
1, throughput 0.0980 Mops
1, throughput 0.0985 Mops
1, throughput 0.0985 Mops
1, throughput 0.0984 Mops
1, throughput 0.0977 Mops
1, throughput 0.0971 Mops
1, throughput 0.0980 Mops
1, throughput 0.0954 Mops
1, throughput 0.0815 Mops
1, throughput 0.0582 Mops
1, throughput 0.0227 Mops
1, throughput 0.0013 Mops
[RESULT node 1] ops=29999988 elapsed=193.648s throughput=0.1549 Mops mode=op-bounded
[RDMA node 1] ops=29999988 posts=956051877 read_wr=1262771938 read_bytes=196096201581 write_wr=0 write_bytes=0 atomic_wr=0 send_wr=0 send_bytes=0
[RDMA node 1] per_op: round_trips=31.8684 reads=42.0924 writes=0.0000 atomics=0.0000 sends=0.0000 verbs=42.0924 bytes=6536.5

==================== LATENCY BUCKETS (500 ns) [node 1] ====================
[LOOKUP]
  ALL                n=14997948   mean=   53.10us  p50=  10.50us  p90= 145.50us  p99= 191.50us  p99.9= 229.00us  max>=380.00us
  DIRECT (1-sided)   n=14997948   mean=   53.10us  p50=  10.50us  p90= 145.50us  p99= 191.50us  p99.9= 229.00us  max>=380.00us
  OFFLOAD (rpc)             (no samples)
[RANGE]
  ALL                n=15002040   mean=  400.77us  p50=  75.50us  p90= 877.00us  p99=1000.00us  p99.9=1000.00us  max>=1000.00us
  DIRECT (1-sided)   n=15002040   mean=  400.77us  p50=  75.50us  p90= 877.00us  p99=1000.00us  p99.9=1000.00us  max>=1000.00us
  OFFLOAD (rpc)             (no samples)
[ALL OPS]
  ALL                n=29999988   mean=  226.96us  p50=  63.50us  p90= 802.50us  p99= 999.00us  p99.9=1000.00us  max>=1000.00us
  DIRECT (1-sided)   n=29999988   mean=  226.96us  p50=  63.50us  p90= 802.50us  p99= 999.00us  p99.9=1000.00us  max>=1000.00us
  OFFLOAD (rpc)             (no samples)

----- 500 ns bucket CDF (all ops) [node 1] -----
  bucket [lo,hi) ns             count        pct       cdf
  [      500,     1000)           44    0.0001%   0.0001%
  [     1000,     1500)          872    0.0029%   0.0031%
  [     1500,     2000)         1173    0.0039%   0.0070%
  [     2000,     2500)         1649    0.0055%   0.0125%
  [     2500,     3000)         3212    0.0107%   0.0232%
  [     3000,     3500)        29039    0.0968%   0.1200%
  [     3500,     4000)       139067    0.4636%   0.5835%
  [     4000,     4500)       218637    0.7288%   1.3123%
  [     4500,     5000)       279253    0.9308%   2.2432%
  [     5000,     5500)       402845    1.3428%   3.5860%
  [     5500,     6000)       539384    1.7979%   5.3839%
  [     6000,     6500)       675204    2.2507%   7.6346%
  [     6500,     7000)       794044    2.6468%  10.2814%
  [     7000,     7500)       852843    2.8428%  13.1242%
  [     7500,     8000)       856890    2.8563%  15.9805%
  [     8000,     8500)       800324    2.6677%  18.6483%
  [     8500,     9000)       711770    2.3726%  21.0208%
  [     9000,     9500)       605799    2.0193%  23.0402%
  [     9500,    10000)       496292    1.6543%  24.6945%
  [    10000,    10500)       389817    1.2994%  25.9939%
  [    10500,    11000)       293327    0.9778%  26.9716%
  [    11000,    11500)       212762    0.7092%  27.6808%
  [    11500,    12000)       148928    0.4964%  28.1773%
  [    12000,    12500)       101469    0.3382%  28.5155%
  [    12500,    13000)        68707    0.2290%  28.7445%
  [    13000,    13500)        47281    0.1576%  28.9021%
  [    13500,    14000)        33861    0.1129%  29.0150%
  [    14000,    14500)        26320    0.0877%  29.1027%
  [    14500,    15000)        22019    0.0734%  29.1761%
  [    15000,    15500)        19664    0.0655%  29.2417%
  [    15500,    16000)        18772    0.0626%  29.3042%
  [    16000,    16500)        17762    0.0592%  29.3634%
  [    16500,    17000)        17120    0.0571%  29.4205%
  [    17000,    17500)        16192    0.0540%  29.4745%
  [    17500,    18000)        15420    0.0514%  29.5259%
  [    18000,    18500)        14493    0.0483%  29.5742%
  [    18500,    19000)        13376    0.0446%  29.6188%
  [    19000,    19500)        12394    0.0413%  29.6601%
  [    19500,    20000)        11483    0.0383%  29.6984%
  [    20000,    20500)        10342    0.0345%  29.7328%
  [    20500,    21000)         9390    0.0313%  29.7641%
  [    21000,    21500)         8737    0.0291%  29.7933%
  [    21500,    22000)         8152    0.0272%  29.8204%
  [    22000,    22500)         7727    0.0258%  29.8462%
  [    22500,    23000)         7526    0.0251%  29.8713%
  [    23000,    23500)         7327    0.0244%  29.8957%
  [    23500,    24000)         7227    0.0241%  29.9198%
  [    24000,    24500)         7257    0.0242%  29.9440%
  [    24500,    25000)         7402    0.0247%  29.9687%
  [    25000,    25500)         7579    0.0253%  29.9939%
  [    25500,    26000)         7770    0.0259%  30.0198%
  [    26000,    26500)         7936    0.0265%  30.0463%
  [    26500,    27000)         8288    0.0276%  30.0739%
  [    27000,    27500)         8309    0.0277%  30.1016%
  [    27500,    28000)         8572    0.0286%  30.1302%
  [    28000,    28500)         8682    0.0289%  30.1591%
  [    28500,    29000)         8727    0.0291%  30.1882%
  [    29000,    29500)         8759    0.0292%  30.2174%
  [    29500,    30000)         8838    0.0295%  30.2469%
  [    30000,    30500)         8662    0.0289%  30.2757%
  [    30500,    31000)         8931    0.0298%  30.3055%
  [    31000,    31500)         9016    0.0301%  30.3356%
  [    31500,    32000)         8857    0.0295%  30.3651%
  [    32000,    32500)         8829    0.0294%  30.3945%
  [    32500,    33000)         8895    0.0297%  30.4242%
  [    33000,    33500)         8998    0.0300%  30.4542%
  [    33500,    34000)         8962    0.0299%  30.4840%
  [    34000,    34500)         9009    0.0300%  30.5141%
  [    34500,    35000)         9421    0.0314%  30.5455%
  [    35000,    35500)         9514    0.0317%  30.5772%
  [    35500,    36000)         9424    0.0314%  30.6086%
  [    36000,    36500)         9640    0.0321%  30.6407%
  [    36500,    37000)        10055    0.0335%  30.6742%
  [    37000,    37500)        10386    0.0346%  30.7089%
  [    37500,    38000)        10382    0.0346%  30.7435%
  [    38000,    38500)        10571    0.0352%  30.7787%
  [    38500,    39000)        10768    0.0359%  30.8146%
  [    39000,    39500)        11138    0.0371%  30.8517%
  [    39500,    40000)        11060    0.0369%  30.8886%
  [    40000,    40500)        11145    0.0372%  30.9257%
  [    40500,    41000)        11386    0.0380%  30.9637%
  [    41000,    41500)        11380    0.0379%  31.0016%
  [    41500,    42000)        11716    0.0391%  31.0407%
  [    42000,    42500)        11792    0.0393%  31.0800%
  [    42500,    43000)        11794    0.0393%  31.1193%
  [    43000,    43500)        11826    0.0394%  31.1587%
  [    43500,    44000)        11722    0.0391%  31.1978%
  [    44000,    44500)        12088    0.0403%  31.2381%
  [    44500,    45000)        11906    0.0397%  31.2778%
  [    45000,    45500)        12045    0.0402%  31.3179%
  [    45500,    46000)        12086    0.0403%  31.3582%
  [    46000,    46500)        12098    0.0403%  31.3985%
  [    46500,    47000)        11926    0.0398%  31.4383%
  [    47000,    47500)        12137    0.0405%  31.4787%
  [    47500,    48000)        12367    0.0412%  31.5200%
  [    48000,    48500)        12933    0.0431%  31.5631%
  [    48500,    49000)        13466    0.0449%  31.6080%
  [    49000,    49500)        14338    0.0478%  31.6558%
  [    49500,    50000)        15947    0.0532%  31.7089%
  [    50000,    50500)        18526    0.0618%  31.7707%
  [    50500,    51000)        22766    0.0759%  31.8466%
  [    51000,    51500)        30060    0.1002%  31.9468%
  [    51500,    52000)        41166    0.1372%  32.0840%
  [    52000,    52500)        55270    0.1842%  32.2682%
  [    52500,    53000)        72505    0.2417%  32.5099%
  [    53000,    53500)        89951    0.2998%  32.8097%
  [    53500,    54000)       107349    0.3578%  33.1676%
  [    54000,    54500)       123818    0.4127%  33.5803%
  [    54500,    55000)       141131    0.4704%  34.0507%
  [    55000,    55500)       160632    0.5354%  34.5862%
  [    55500,    56000)       182403    0.6080%  35.1942%
  [    56000,    56500)       208192    0.6940%  35.8881%
  [    56500,    57000)       235286    0.7843%  36.6724%
  [    57000,    57500)       264801    0.8827%  37.5551%
  [    57500,    58000)       289316    0.9644%  38.5195%
  [    58000,    58500)       311201    1.0373%  39.5568%
  [    58500,    59000)       325253    1.0842%  40.6410%
  [    59000,    59500)       330029    1.1001%  41.7411%
  [    59500,    60000)       328934    1.0964%  42.8376%
  [    60000,    60500)       326233    1.0874%  43.9250%
  [    60500,    61000)       322546    1.0752%  45.0001%
  [    61000,    61500)       318723    1.0624%  46.0626%
  [    61500,    62000)       313118    1.0437%  47.1063%
  [    62000,    62500)       308020    1.0267%  48.1330%
  [    62500,    63000)       295025    0.9834%  49.1164%
  [    63000,    63500)       279897    0.9330%  50.0494%
  [    63500,    64000)       263068    0.8769%  50.9263%
  [    64000,    64500)       244968    0.8166%  51.7429%
  [    64500,    65000)       225476    0.7516%  52.4945%
  [    65000,    65500)       206943    0.6898%  53.1843%
  [    65500,    66000)       185886    0.6196%  53.8039%
  [    66000,    66500)       166171    0.5539%  54.3578%
  [    66500,    67000)       147178    0.4906%  54.8484%
  [    67000,    67500)       129405    0.4314%  55.2797%
  [    67500,    68000)       113510    0.3784%  55.6581%
  [    68000,    68500)        99229    0.3308%  55.9889%
  [    68500,    69000)        87183    0.2906%  56.2795%
  [    69000,    69500)        76423    0.2547%  56.5342%
  [    69500,    70000)        67235    0.2241%  56.7583%
  [    70000,    70500)        58635    0.1955%  56.9538%
  [    70500,    71000)        50679    0.1689%  57.1227%
  [    71000,    71500)        43877    0.1463%  57.2690%
  [    71500,    72000)        38185    0.1273%  57.3963%
  [    72000,    72500)        33316    0.1111%  57.5073%
  [    72500,    73000)        28936    0.0965%  57.6038%
  [    73000,    73500)        25507    0.0850%  57.6888%
  [    73500,    74000)        22178    0.0739%  57.7627%
  [    74000,    74500)        19822    0.0661%  57.8288%
  [    74500,    75000)        17503    0.0583%  57.8871%
  [    75000,    75500)        15801    0.0527%  57.9398%
  [    75500,    76000)        14513    0.0484%  57.9882%
  [    76000,    76500)        13288    0.0443%  58.0325%
  [    76500,    77000)        11960    0.0399%  58.0723%
  [    77000,    77500)        11208    0.0374%  58.1097%
  [    77500,    78000)        10330    0.0344%  58.1441%
  [    78000,    78500)         9675    0.0323%  58.1764%
  [    78500,    79000)         9168    0.0306%  58.2069%
  [    79000,    79500)         8534    0.0284%  58.2354%
  [    79500,    80000)         8394    0.0280%  58.2634%
  [    80000,    80500)         8007    0.0267%  58.2901%
  [    80500,    81000)         7750    0.0258%  58.3159%
  [    81000,    81500)         7592    0.0253%  58.3412%
  [    81500,    82000)         7556    0.0252%  58.3664%
  [    82000,    82500)         7457    0.0249%  58.3913%
  [    82500,    83000)         7490    0.0250%  58.4162%
  [    83000,    83500)         7569    0.0252%  58.4414%
  [    83500,    84000)         7649    0.0255%  58.4669%
  [    84000,    84500)         7888    0.0263%  58.4932%
  [    84500,    85000)         7982    0.0266%  58.5198%
  [    85000,    85500)         8285    0.0276%  58.5475%
  [    85500,    86000)         8607    0.0287%  58.5762%
  [    86000,    86500)         8693    0.0290%  58.6051%
  [    86500,    87000)         9002    0.0300%  58.6351%
  [    87000,    87500)         9474    0.0316%  58.6667%
  [    87500,    88000)         9755    0.0325%  58.6992%
  [    88000,    88500)        10143    0.0338%  58.7330%
  [    88500,    89000)        10655    0.0355%  58.7686%
  [    89000,    89500)        10917    0.0364%  58.8049%
  [    89500,    90000)        11403    0.0380%  58.8430%
  [    90000,    90500)        11793    0.0393%  58.8823%
  [    90500,    91000)        12439    0.0415%  58.9237%
  [    91000,    91500)        12959    0.0432%  58.9669%
  [    91500,    92000)        13356    0.0445%  59.0114%
  [    92000,    92500)        13882    0.0463%  59.0577%
  [    92500,    93000)        14542    0.0485%  59.1062%
  [    93000,    93500)        15044    0.0501%  59.1563%
  [    93500,    94000)        15677    0.0523%  59.2086%
  [    94000,    94500)        16135    0.0538%  59.2624%
  [    94500,    95000)        16446    0.0548%  59.3172%
  [    95000,    95500)        17117    0.0571%  59.3743%
  [    95500,    96000)        17397    0.0580%  59.4322%
  [    96000,    96500)        18084    0.0603%  59.4925%
  [    96500,    97000)        18874    0.0629%  59.5554%
  [    97000,    97500)        19129    0.0638%  59.6192%
  [    97500,    98000)        19683    0.0656%  59.6848%
  [    98000,    98500)        20238    0.0675%  59.7523%
  [    98500,    99000)        20686    0.0690%  59.8212%
  [    99000,    99500)        21356    0.0712%  59.8924%
  [    99500,   100000)        21877    0.0729%  59.9653%
  [   100000,   100500)        22485    0.0750%  60.0403%
  [   100500,   101000)        23028    0.0768%  60.1170%
  [   101000,   101500)        23366    0.0779%  60.1949%
  [   101500,   102000)        23996    0.0800%  60.2749%
  [   102000,   102500)        24492    0.0816%  60.3566%
  [   102500,   103000)        24930    0.0831%  60.4397%
  [   103000,   103500)        25474    0.0849%  60.5246%
  [   103500,   104000)        25670    0.0856%  60.6101%
  [   104000,   104500)        26404    0.0880%  60.6982%
  [   104500,   105000)        26748    0.0892%  60.7873%
  [   105000,   105500)        27429    0.0914%  60.8787%
  [   105500,   106000)        27737    0.0925%  60.9712%
  [   106000,   106500)        28590    0.0953%  61.0665%
  [   106500,   107000)        28906    0.0964%  61.1629%
  [   107000,   107500)        29236    0.0975%  61.2603%
  [   107500,   108000)        29750    0.0992%  61.3595%
  [   108000,   108500)        30608    0.1020%  61.4615%
  [   108500,   109000)        30734    0.1024%  61.5639%
  [   109000,   109500)        31226    0.1041%  61.6680%
  [   109500,   110000)        32061    0.1069%  61.7749%
  [   110000,   110500)        32256    0.1075%  61.8824%
  [   110500,   111000)        32322    0.1077%  61.9902%
  [   111000,   111500)        33300    0.1110%  62.1012%
  [   111500,   112000)        33454    0.1115%  62.2127%
  [   112000,   112500)        34074    0.1136%  62.3263%
  [   112500,   113000)        34452    0.1148%  62.4411%
  [   113000,   113500)        34877    0.1163%  62.5574%
  [   113500,   114000)        35056    0.1169%  62.6742%
  [   114000,   114500)        36020    0.1201%  62.7943%
  [   114500,   115000)        36403    0.1213%  62.9156%
  [   115000,   115500)        36632    0.1221%  63.0377%
  [   115500,   116000)        36893    0.1230%  63.1607%
  [   116000,   116500)        37282    0.1243%  63.2850%
  [   116500,   117000)        37717    0.1257%  63.4107%
  [   117000,   117500)        38241    0.1275%  63.5382%
  [   117500,   118000)        38636    0.1288%  63.6670%
  [   118000,   118500)        38733    0.1291%  63.7961%
  [   118500,   119000)        39392    0.1313%  63.9274%
  [   119000,   119500)        39152    0.1305%  64.0579%
  [   119500,   120000)        39491    0.1316%  64.1895%
  [   120000,   120500)        39855    0.1329%  64.3224%
  [   120500,   121000)        40342    0.1345%  64.4568%
  [   121000,   121500)        40745    0.1358%  64.5927%
  [   121500,   122000)        40307    0.1344%  64.7270%
  [   122000,   122500)        40967    0.1366%  64.8636%
  [   122500,   123000)        40898    0.1363%  64.9999%
  [   123000,   123500)        41046    0.1368%  65.1367%
  [   123500,   124000)        40864    0.1362%  65.2729%
  [   124000,   124500)        41154    0.1372%  65.4101%
  [   124500,   125000)        41192    0.1373%  65.5474%
  [   125000,   125500)        41530    0.1384%  65.6858%
  [   125500,   126000)        41103    0.1370%  65.8229%
  [   126000,   126500)        40998    0.1367%  65.9595%
  [   126500,   127000)        40680    0.1356%  66.0951%
  [   127000,   127500)        40946    0.1365%  66.2316%
  [   127500,   128000)        40998    0.1367%  66.3683%
  [   128000,   128500)        41193    0.1373%  66.5056%
  [   128500,   129000)        40692    0.1356%  66.6412%
  [   129000,   129500)        40410    0.1347%  66.7759%
  [   129500,   130000)        40371    0.1346%  66.9105%
  [   130000,   130500)        40197    0.1340%  67.0445%
  [   130500,   131000)        39848    0.1328%  67.1773%
  [   131000,   131500)        39878    0.1329%  67.3102%
  [   131500,   132000)        39698    0.1323%  67.4426%
  [   132000,   132500)        38858    0.1295%  67.5721%
  [   132500,   133000)        38958    0.1299%  67.7019%
  [   133000,   133500)        38411    0.1280%  67.8300%
  [   133500,   134000)        38516    0.1284%  67.9584%
  [   134000,   134500)        37650    0.1255%  68.0839%
  [   134500,   135000)        37387    0.1246%  68.2085%
  [   135000,   135500)        37196    0.1240%  68.3325%
  [   135500,   136000)        36859    0.1229%  68.4553%
  [   136000,   136500)        36404    0.1213%  68.5767%
  [   136500,   137000)        36046    0.1202%  68.6968%
  [   137000,   137500)        35419    0.1181%  68.8149%
  [   137500,   138000)        35394    0.1180%  68.9329%
  [   138000,   138500)        35157    0.1172%  69.0501%
  [   138500,   139000)        34321    0.1144%  69.1645%
  [   139000,   139500)        33902    0.1130%  69.2775%
  [   139500,   140000)        33421    0.1114%  69.3889%
  [   140000,   140500)        33208    0.1107%  69.4996%
  [   140500,   141000)        32692    0.1090%  69.6086%
  [   141000,   141500)        32010    0.1067%  69.7153%
  [   141500,   142000)        31555    0.1052%  69.8204%
  [   142000,   142500)        31132    0.1038%  69.9242%
  [   142500,   143000)        30924    0.1031%  70.0273%
  [   143000,   143500)        30476    0.1016%  70.1289%
  [   143500,   144000)        30137    0.1005%  70.2293%
  [   144000,   144500)        29478    0.0983%  70.3276%
  [   144500,   145000)        28931    0.0964%  70.4240%
  [   145000,   145500)        28598    0.0953%  70.5194%
  [   145500,   146000)        28365    0.0946%  70.6139%
  [   146000,   146500)        27929    0.0931%  70.7070%
  [   146500,   147000)        27853    0.0928%  70.7998%
  [   147000,   147500)        26835    0.0895%  70.8893%
  [   147500,   148000)        26726    0.0891%  70.9784%
  [   148000,   148500)        26403    0.0880%  71.0664%
  [   148500,   149000)        26413    0.0880%  71.1544%
  [   149000,   149500)        25721    0.0857%  71.2402%
  [   149500,   150000)        25185    0.0840%  71.3241%
  [   150000,   150500)        24836    0.0828%  71.4069%
  [   150500,   151000)        24650    0.0822%  71.4891%
  [   151000,   151500)        24079    0.0803%  71.5693%
  [   151500,   152000)        24004    0.0800%  71.6494%
  [   152000,   152500)        23608    0.0787%  71.7280%
  [   152500,   153000)        23159    0.0772%  71.8052%
  [   153000,   153500)        23049    0.0768%  71.8821%
  [   153500,   154000)        22561    0.0752%  71.9573%
  [   154000,   154500)        22573    0.0752%  72.0325%
  [   154500,   155000)        21746    0.0725%  72.1050%
  [   155000,   155500)        21552    0.0718%  72.1768%
  [   155500,   156000)        21202    0.0707%  72.2475%
  [   156000,   156500)        21014    0.0700%  72.3176%
  [   156500,   157000)        20551    0.0685%  72.3861%
  [   157000,   157500)        20628    0.0688%  72.4548%
  [   157500,   158000)        20110    0.0670%  72.5219%
  [   158000,   158500)        19855    0.0662%  72.5880%
  [   158500,   159000)        19685    0.0656%  72.6537%
  [   159000,   159500)        19456    0.0649%  72.7185%
  [   159500,   160000)        18651    0.0622%  72.7807%
  [   160000,   160500)        18939    0.0631%  72.8438%
  [   160500,   161000)        18520    0.0617%  72.9056%
  [   161000,   161500)        18286    0.0610%  72.9665%
  [   161500,   162000)        18029    0.0601%  73.0266%
  [   162000,   162500)        17418    0.0581%  73.0847%
  [   162500,   163000)        17372    0.0579%  73.1426%
  [   163000,   163500)        17023    0.0567%  73.1993%
  [   163500,   164000)        16844    0.0561%  73.2555%
  [   164000,   164500)        16331    0.0544%  73.3099%
  [   164500,   165000)        16083    0.0536%  73.3635%
  [   165000,   165500)        16216    0.0541%  73.4176%
  [   165500,   166000)        15774    0.0526%  73.4701%
  [   166000,   166500)        15416    0.0514%  73.5215%
  [   166500,   167000)        15287    0.0510%  73.5725%
  [   167000,   167500)        15183    0.0506%  73.6231%
  [   167500,   168000)        14759    0.0492%  73.6723%
  [   168000,   168500)        14444    0.0481%  73.7204%
  [   168500,   169000)        14105    0.0470%  73.7675%
  [   169000,   169500)        14036    0.0468%  73.8142%
  [   169500,   170000)        13819    0.0461%  73.8603%
  [   170000,   170500)        13453    0.0448%  73.9051%
  [   170500,   171000)        13072    0.0436%  73.9487%
  [   171000,   171500)        13017    0.0434%  73.9921%
  [   171500,   172000)        12690    0.0423%  74.0344%
  [   172000,   172500)        12467    0.0416%  74.0760%
  [   172500,   173000)        12351    0.0412%  74.1171%
  [   173000,   173500)        11967    0.0399%  74.1570%
  [   173500,   174000)        11662    0.0389%  74.1959%
  [   174000,   174500)        11378    0.0379%  74.2338%
  [   174500,   175000)        11258    0.0375%  74.2714%
  [   175000,   175500)        11007    0.0367%  74.3080%
  [   175500,   176000)        10649    0.0355%  74.3435%
  [   176000,   176500)        10520    0.0351%  74.3786%
  [   176500,   177000)        10350    0.0345%  74.4131%
  [   177000,   177500)        10021    0.0334%  74.4465%
  [   177500,   178000)         9817    0.0327%  74.4792%
  [   178000,   178500)         9830    0.0328%  74.5120%
  [   178500,   179000)         9469    0.0316%  74.5436%
  [   179000,   179500)         9228    0.0308%  74.5743%
  [   179500,   180000)         9232    0.0308%  74.6051%
  [   180000,   180500)         8786    0.0293%  74.6344%
  [   180500,   181000)         8608    0.0287%  74.6631%
  [   181000,   181500)         8343    0.0278%  74.6909%
  [   181500,   182000)         8212    0.0274%  74.7183%
  [   182000,   182500)         7908    0.0264%  74.7446%
  [   182500,   183000)         8001    0.0267%  74.7713%
  [   183000,   183500)         7594    0.0253%  74.7966%
  [   183500,   184000)         7407    0.0247%  74.8213%
  [   184000,   184500)         7363    0.0245%  74.8458%
  [   184500,   185000)         7123    0.0237%  74.8696%
  [   185000,   185500)         6760    0.0225%  74.8921%
  [   185500,   186000)         6876    0.0229%  74.9150%
  [   186000,   186500)         6831    0.0228%  74.9378%
  [   186500,   187000)         6502    0.0217%  74.9595%
  [   187000,   187500)         6337    0.0211%  74.9806%
  [   187500,   188000)         6203    0.0207%  75.0013%
  [   188000,   188500)         6017    0.0201%  75.0213%
  [   188500,   189000)         5862    0.0195%  75.0409%
  [   189000,   189500)         5664    0.0189%  75.0598%
  [   189500,   190000)         5549    0.0185%  75.0783%
  [   190000,   190500)         5482    0.0183%  75.0965%
  [   190500,   191000)         5275    0.0176%  75.1141%
  [   191000,   191500)         5230    0.0174%  75.1315%
  [   191500,   192000)         5098    0.0170%  75.1485%
  [   192000,   192500)         5068    0.0169%  75.1654%
  [   192500,   193000)         4771    0.0159%  75.1813%
  [   193000,   193500)         4706    0.0157%  75.1970%
  [   193500,   194000)         4656    0.0155%  75.2125%
  [   194000,   194500)         4530    0.0151%  75.2276%
  [   194500,   195000)         4355    0.0145%  75.2422%
  [   195000,   195500)         4343    0.0145%  75.2566%
  [   195500,   196000)         4097    0.0137%  75.2703%
  [   196000,   196500)         4098    0.0137%  75.2839%
  [   196500,   197000)         4011    0.0134%  75.2973%
  [   197000,   197500)         3929    0.0131%  75.3104%
  [   197500,   198000)         3909    0.0130%  75.3234%
  [   198000,   198500)         3807    0.0127%  75.3361%
  [   198500,   199000)         3615    0.0121%  75.3482%
  [   199000,   199500)         3610    0.0120%  75.3602%
  [   199500,   200000)         3410    0.0114%  75.3716%
  [   200000,   200500)         3514    0.0117%  75.3833%
  [   200500,   201000)         3382    0.0113%  75.3946%
  [   201000,   201500)         3274    0.0109%  75.4055%
  [   201500,   202000)         3197    0.0107%  75.4161%
  [   202000,   202500)         3170    0.0106%  75.4267%
  [   202500,   203000)         3161    0.0105%  75.4372%
  [   203000,   203500)         3083    0.0103%  75.4475%
  [   203500,   204000)         3069    0.0102%  75.4578%
  [   204000,   204500)         2847    0.0095%  75.4672%
  [   204500,   205000)         2763    0.0092%  75.4765%
  [   205000,   205500)         2835    0.0095%  75.4859%
  [   205500,   206000)         2670    0.0089%  75.4948%
  [   206000,   206500)         2724    0.0091%  75.5039%
  [   206500,   207000)         2734    0.0091%  75.5130%
  [   207000,   207500)         2570    0.0086%  75.5216%
  [   207500,   208000)         2598    0.0087%  75.5302%
  [   208000,   208500)         2538    0.0085%  75.5387%
  [   208500,   209000)         2531    0.0084%  75.5471%
  [   209000,   209500)         2438    0.0081%  75.5552%
  [   209500,   210000)         2389    0.0080%  75.5632%
  [   210000,   210500)         2304    0.0077%  75.5709%
  [   210500,   211000)         2339    0.0078%  75.5787%
  [   211000,   211500)         2364    0.0079%  75.5866%
  [   211500,   212000)         2223    0.0074%  75.5940%
  [   212000,   212500)         2189    0.0073%  75.6013%
  [   212500,   213000)         2177    0.0073%  75.6085%
  [   213000,   213500)         2162    0.0072%  75.6157%
  [   213500,   214000)         2099    0.0070%  75.6227%
  [   214000,   214500)         2070    0.0069%  75.6296%
  [   214500,   215000)         2064    0.0069%  75.6365%
  [   215000,   215500)         2069    0.0069%  75.6434%
  [   215500,   216000)         1936    0.0065%  75.6499%
  [   216000,   216500)         2054    0.0068%  75.6567%
  [   216500,   217000)         1876    0.0063%  75.6630%
  [   217000,   217500)         1949    0.0065%  75.6695%
  [   217500,   218000)         1871    0.0062%  75.6757%
  [   218000,   218500)         1915    0.0064%  75.6821%
  [   218500,   219000)         1785    0.0060%  75.6880%
  [   219000,   219500)         1860    0.0062%  75.6942%
  [   219500,   220000)         1729    0.0058%  75.7000%
  [   220000,   220500)         1739    0.0058%  75.7058%
  [   220500,   221000)         1700    0.0057%  75.7115%
  [   221000,   221500)         1692    0.0056%  75.7171%
  [   221500,   222000)         1725    0.0058%  75.7228%
  [   222000,   222500)         1576    0.0053%  75.7281%
  [   222500,   223000)         1571    0.0052%  75.7333%
  [   223000,   223500)         1596    0.0053%  75.7387%
  [   223500,   224000)         1529    0.0051%  75.7438%
  [   224000,   224500)         1606    0.0054%  75.7491%
  [   224500,   225000)         1443    0.0048%  75.7539%
  [   225000,   225500)         1481    0.0049%  75.7589%
  [   225500,   226000)         1494    0.0050%  75.7638%
  [   226000,   226500)         1463    0.0049%  75.7687%
  [   226500,   227000)         1471    0.0049%  75.7736%
  [   227000,   227500)         1516    0.0051%  75.7787%
  [   227500,   228000)         1469    0.0049%  75.7836%
  [   228000,   228500)         1435    0.0048%  75.7883%
  [   228500,   229000)         1434    0.0048%  75.7931%
  [   229000,   229500)         1439    0.0048%  75.7979%
  [   229500,   230000)         1414    0.0047%  75.8026%
  [   230000,   230500)         1418    0.0047%  75.8074%
  [   230500,   231000)         1429    0.0048%  75.8121%
  [   231000,   231500)         1378    0.0046%  75.8167%
  [   231500,   232000)         1396    0.0047%  75.8214%
  [   232000,   232500)         1390    0.0046%  75.8260%
  [   232500,   233000)         1356    0.0045%  75.8305%
  [   233000,   233500)         1290    0.0043%  75.8348%
  [   233500,   234000)         1289    0.0043%  75.8391%
  [   234000,   234500)         1315    0.0044%  75.8435%
  [   234500,   235000)         1264    0.0042%  75.8477%
  [   235000,   235500)         1268    0.0042%  75.8519%
  [   235500,   236000)         1238    0.0041%  75.8561%
  [   236000,   236500)         1176    0.0039%  75.8600%
  [   236500,   237000)         1241    0.0041%  75.8641%
  [   237000,   237500)         1294    0.0043%  75.8684%
  [   237500,   238000)         1251    0.0042%  75.8726%
  [   238000,   238500)         1284    0.0043%  75.8769%
  [   238500,   239000)         1185    0.0040%  75.8808%
  [   239000,   239500)         1159    0.0039%  75.8847%
  [   239500,   240000)         1187    0.0040%  75.8887%
  [   240000,   240500)         1188    0.0040%  75.8926%
  [   240500,   241000)         1139    0.0038%  75.8964%
  [   241000,   241500)         1139    0.0038%  75.9002%
  [   241500,   242000)         1149    0.0038%  75.9040%
  [   242000,   242500)         1135    0.0038%  75.9078%
  [   242500,   243000)         1085    0.0036%  75.9114%
  [   243000,   243500)         1143    0.0038%  75.9153%
  [   243500,   244000)         1172    0.0039%  75.9192%
  [   244000,   244500)         1171    0.0039%  75.9231%
  [   244500,   245000)         1136    0.0038%  75.9269%
  [   245000,   245500)         1086    0.0036%  75.9305%
  [   245500,   246000)         1096    0.0037%  75.9341%
  [   246000,   246500)         1134    0.0038%  75.9379%
  [   246500,   247000)         1054    0.0035%  75.9414%
  [   247000,   247500)         1100    0.0037%  75.9451%
  [   247500,   248000)         1105    0.0037%  75.9488%
  [   248000,   248500)         1082    0.0036%  75.9524%
  [   248500,   249000)         1097    0.0037%  75.9560%
  [   249000,   249500)         1072    0.0036%  75.9596%
  [   249500,   250000)         1043    0.0035%  75.9631%
  [   250000,   250500)         1105    0.0037%  75.9668%
  [   250500,   251000)         1095    0.0037%  75.9704%
  [   251000,   251500)         1018    0.0034%  75.9738%
  [   251500,   252000)         1036    0.0035%  75.9773%
  [   252000,   252500)         1077    0.0036%  75.9809%
  [   252500,   253000)         1048    0.0035%  75.9843%
  [   253000,   253500)         1066    0.0036%  75.9879%
  [   253500,   254000)         1002    0.0033%  75.9912%
  [   254000,   254500)         1133    0.0038%  75.9950%
  [   254500,   255000)          993    0.0033%  75.9983%
  [   255000,   255500)         1031    0.0034%  76.0018%
  [   255500,   256000)         1015    0.0034%  76.0051%
  [   256000,   256500)         1001    0.0033%  76.0085%
  [   256500,   257000)         1009    0.0034%  76.0118%
  [   257000,   257500)          996    0.0033%  76.0152%
  [   257500,   258000)          992    0.0033%  76.0185%
  [   258000,   258500)         1024    0.0034%  76.0219%
  [   258500,   259000)         1001    0.0033%  76.0252%
  [   259000,   259500)         1033    0.0034%  76.0287%
  [   259500,   260000)          953    0.0032%  76.0318%
  [   260000,   260500)          935    0.0031%  76.0350%
  [   260500,   261000)          974    0.0032%  76.0382%
  [   261000,   261500)          928    0.0031%  76.0413%
  [   261500,   262000)          988    0.0033%  76.0446%
  [   262000,   262500)          998    0.0033%  76.0479%
  [   262500,   263000)          968    0.0032%  76.0511%
  [   263000,   263500)          930    0.0031%  76.0542%
  [   263500,   264000)          964    0.0032%  76.0575%
  [   264000,   264500)          972    0.0032%  76.0607%
  [   264500,   265000)          981    0.0033%  76.0640%
  [   265000,   265500)          999    0.0033%  76.0673%
  [   265500,   266000)          910    0.0030%  76.0703%
  [   266000,   266500)          960    0.0032%  76.0735%
  [   266500,   267000)          938    0.0031%  76.0767%
  [   267000,   267500)          924    0.0031%  76.0797%
  [   267500,   268000)          926    0.0031%  76.0828%
  [   268000,   268500)          992    0.0033%  76.0861%
  [   268500,   269000)          945    0.0032%  76.0893%
  [   269000,   269500)          931    0.0031%  76.0924%
  [   269500,   270000)          914    0.0030%  76.0954%
  [   270000,   270500)          923    0.0031%  76.0985%
  [   270500,   271000)          937    0.0031%  76.1016%
  [   271000,   271500)          942    0.0031%  76.1048%
  [   271500,   272000)          919    0.0031%  76.1078%
  [   272000,   272500)          965    0.0032%  76.1111%
  [   272500,   273000)          929    0.0031%  76.1141%
  [   273000,   273500)          902    0.0030%  76.1172%
  [   273500,   274000)          939    0.0031%  76.1203%
  [   274000,   274500)          909    0.0030%  76.1233%
  [   274500,   275000)          889    0.0030%  76.1263%
  [   275000,   275500)          876    0.0029%  76.1292%
  [   275500,   276000)          895    0.0030%  76.1322%
  [   276000,   276500)          866    0.0029%  76.1351%
  [   276500,   277000)          891    0.0030%  76.1380%
  [   277000,   277500)          918    0.0031%  76.1411%
  [   277500,   278000)          859    0.0029%  76.1440%
  [   278000,   278500)          913    0.0030%  76.1470%
  [   278500,   279000)          860    0.0029%  76.1499%
  [   279000,   279500)          852    0.0028%  76.1527%
  [   279500,   280000)          854    0.0028%  76.1556%
  [   280000,   280500)          922    0.0031%  76.1586%
  [   280500,   281000)          876    0.0029%  76.1616%
  [   281000,   281500)          869    0.0029%  76.1644%
  [   281500,   282000)          908    0.0030%  76.1675%
  [   282000,   282500)          875    0.0029%  76.1704%
  [   282500,   283000)          834    0.0028%  76.1732%
  [   283000,   283500)          871    0.0029%  76.1761%
  [   283500,   284000)          848    0.0028%  76.1789%
  [   284000,   284500)          825    0.0028%  76.1817%
  [   284500,   285000)          909    0.0030%  76.1847%
  [   285000,   285500)          841    0.0028%  76.1875%
  [   285500,   286000)          864    0.0029%  76.1904%
  [   286000,   286500)          889    0.0030%  76.1933%
  [   286500,   287000)          806    0.0027%  76.1960%
  [   287000,   287500)          848    0.0028%  76.1988%
  [   287500,   288000)          867    0.0029%  76.2017%
  [   288000,   288500)          889    0.0030%  76.2047%
  [   288500,   289000)          831    0.0028%  76.2075%
  [   289000,   289500)          915    0.0031%  76.2105%
  [   289500,   290000)          862    0.0029%  76.2134%
  [   290000,   290500)          795    0.0027%  76.2160%
  [   290500,   291000)          871    0.0029%  76.2189%
  [   291000,   291500)          800    0.0027%  76.2216%
  [   291500,   292000)          818    0.0027%  76.2243%
  [   292000,   292500)          843    0.0028%  76.2271%
  [   292500,   293000)          866    0.0029%  76.2300%
  [   293000,   293500)          795    0.0027%  76.2327%
  [   293500,   294000)          861    0.0029%  76.2356%
  [   294000,   294500)          864    0.0029%  76.2384%
  [   294500,   295000)          792    0.0026%  76.2411%
  [   295000,   295500)          851    0.0028%  76.2439%
  [   295500,   296000)          807    0.0027%  76.2466%
  [   296000,   296500)          844    0.0028%  76.2494%
  [   296500,   297000)          800    0.0027%  76.2521%
  [   297000,   297500)          834    0.0028%  76.2549%
  [   297500,   298000)          857    0.0029%  76.2577%
  [   298000,   298500)          810    0.0027%  76.2604%
  [   298500,   299000)          779    0.0026%  76.2630%
  [   299000,   299500)          850    0.0028%  76.2658%
  [   299500,   300000)          786    0.0026%  76.2685%
  [   300000,   300500)          833    0.0028%  76.2712%
  [   300500,   301000)          758    0.0025%  76.2738%
  [   301000,   301500)          798    0.0027%  76.2764%
  [   301500,   302000)          809    0.0027%  76.2791%
  [   302000,   302500)          832    0.0028%  76.2819%
  [   302500,   303000)          824    0.0027%  76.2846%
  [   303000,   303500)          803    0.0027%  76.2873%
  [   303500,   304000)          844    0.0028%  76.2901%
  [   304000,   304500)          752    0.0025%  76.2926%
  [   304500,   305000)          851    0.0028%  76.2955%
  [   305000,   305500)          805    0.0027%  76.2982%
  [   305500,   306000)          778    0.0026%  76.3008%
  [   306000,   306500)          818    0.0027%  76.3035%
  [   306500,   307000)          795    0.0027%  76.3061%
  [   307000,   307500)          773    0.0026%  76.3087%
  [   307500,   308000)          772    0.0026%  76.3113%
  [   308000,   308500)          805    0.0027%  76.3140%
  [   308500,   309000)          770    0.0026%  76.3165%
  [   309000,   309500)          721    0.0024%  76.3189%
  [   309500,   310000)          770    0.0026%  76.3215%
  [   310000,   310500)          799    0.0027%  76.3242%
  [   310500,   311000)          741    0.0025%  76.3266%
  [   311000,   311500)          801    0.0027%  76.3293%
  [   311500,   312000)          748    0.0025%  76.3318%
  [   312000,   312500)          809    0.0027%  76.3345%
  [   312500,   313000)          772    0.0026%  76.3371%
  [   313000,   313500)          773    0.0026%  76.3396%
  [   313500,   314000)          785    0.0026%  76.3423%
  [   314000,   314500)          735    0.0025%  76.3447%
  [   314500,   315000)          843    0.0028%  76.3475%
  [   315000,   315500)          770    0.0026%  76.3501%
  [   315500,   316000)          782    0.0026%  76.3527%
  [   316000,   316500)          795    0.0027%  76.3553%
  [   316500,   317000)          770    0.0026%  76.3579%
  [   317000,   317500)          818    0.0027%  76.3606%
  [   317500,   318000)          767    0.0026%  76.3632%
  [   318000,   318500)          763    0.0025%  76.3657%
  [   318500,   319000)          778    0.0026%  76.3683%
  [   319000,   319500)          685    0.0023%  76.3706%
  [   319500,   320000)          778    0.0026%  76.3732%
  [   320000,   320500)          756    0.0025%  76.3757%
  [   320500,   321000)          759    0.0025%  76.3783%
  [   321000,   321500)          730    0.0024%  76.3807%
  [   321500,   322000)          720    0.0024%  76.3831%
  [   322000,   322500)          799    0.0027%  76.3858%
  [   322500,   323000)          738    0.0025%  76.3882%
  [   323000,   323500)          771    0.0026%  76.3908%
  [   323500,   324000)          788    0.0026%  76.3934%
  [   324000,   324500)          764    0.0025%  76.3960%
  [   324500,   325000)          790    0.0026%  76.3986%
  [   325000,   325500)          754    0.0025%  76.4011%
  [   325500,   326000)          759    0.0025%  76.4036%
  [   326000,   326500)          738    0.0025%  76.4061%
  [   326500,   327000)          757    0.0025%  76.4086%
  [   327000,   327500)          758    0.0025%  76.4111%
  [   327500,   328000)          781    0.0026%  76.4137%
  [   328000,   328500)          741    0.0025%  76.4162%
  [   328500,   329000)          742    0.0025%  76.4187%
  [   329000,   329500)          739    0.0025%  76.4212%
  [   329500,   330000)          726    0.0024%  76.4236%
  [   330000,   330500)          745    0.0025%  76.4261%
  [   330500,   331000)          726    0.0024%  76.4285%
  [   331000,   331500)          712    0.0024%  76.4309%
  [   331500,   332000)          735    0.0025%  76.4333%
  [   332000,   332500)          734    0.0024%  76.4357%
  [   332500,   333000)          727    0.0024%  76.4382%
  [   333000,   333500)          753    0.0025%  76.4407%
  [   333500,   334000)          760    0.0025%  76.4432%
  [   334000,   334500)          778    0.0026%  76.4458%
  [   334500,   335000)          708    0.0024%  76.4482%
  [   335000,   335500)          709    0.0024%  76.4505%
  [   335500,   336000)          750    0.0025%  76.4530%
  [   336000,   336500)          711    0.0024%  76.4554%
  [   336500,   337000)          717    0.0024%  76.4578%
  [   337000,   337500)          754    0.0025%  76.4603%
  [   337500,   338000)          752    0.0025%  76.4628%
  [   338000,   338500)          751    0.0025%  76.4653%
  [   338500,   339000)          733    0.0024%  76.4678%
  [   339000,   339500)          688    0.0023%  76.4701%
  [   339500,   340000)          727    0.0024%  76.4725%
  [   340000,   340500)          696    0.0023%  76.4748%
  [   340500,   341000)          730    0.0024%  76.4772%
  [   341000,   341500)          744    0.0025%  76.4797%
  [   341500,   342000)          732    0.0024%  76.4821%
  [   342000,   342500)          671    0.0022%  76.4844%
  [   342500,   343000)          731    0.0024%  76.4868%
  [   343000,   343500)          740    0.0025%  76.4893%
  [   343500,   344000)          744    0.0025%  76.4918%
  [   344000,   344500)          687    0.0023%  76.4941%
  [   344500,   345000)          689    0.0023%  76.4964%
  [   345000,   345500)          705    0.0024%  76.4987%
  [   345500,   346000)          715    0.0024%  76.5011%
  [   346000,   346500)          676    0.0023%  76.5033%
  [   346500,   347000)          683    0.0023%  76.5056%
  [   347000,   347500)          719    0.0024%  76.5080%
  [   347500,   348000)          696    0.0023%  76.5103%
  [   348000,   348500)          728    0.0024%  76.5128%
  [   348500,   349000)          733    0.0024%  76.5152%
  [   349000,   349500)          688    0.0023%  76.5175%
  [   349500,   350000)          680    0.0023%  76.5198%
  [   350000,   350500)          668    0.0022%  76.5220%
  [   350500,   351000)          673    0.0022%  76.5242%
  [   351000,   351500)          762    0.0025%  76.5268%
  [   351500,   352000)          648    0.0022%  76.5289%
  [   352000,   352500)          711    0.0024%  76.5313%
  [   352500,   353000)          694    0.0023%  76.5336%
  [   353000,   353500)          706    0.0024%  76.5360%
  [   353500,   354000)          725    0.0024%  76.5384%
  [   354000,   354500)          684    0.0023%  76.5407%
  [   354500,   355000)          698    0.0023%  76.5430%
  [   355000,   355500)          708    0.0024%  76.5454%
  [   355500,   356000)          701    0.0023%  76.5477%
  [   356000,   356500)          698    0.0023%  76.5500%
  [   356500,   357000)          688    0.0023%  76.5523%
  [   357000,   357500)          738    0.0025%  76.5548%
  [   357500,   358000)          685    0.0023%  76.5571%
  [   358000,   358500)          752    0.0025%  76.5596%
  [   358500,   359000)          708    0.0024%  76.5619%
  [   359000,   359500)          678    0.0023%  76.5642%
  [   359500,   360000)          700    0.0023%  76.5665%
  [   360000,   360500)          689    0.0023%  76.5688%
  [   360500,   361000)          685    0.0023%  76.5711%
  [   361000,   361500)          731    0.0024%  76.5735%
  [   361500,   362000)          729    0.0024%  76.5760%
  [   362000,   362500)          659    0.0022%  76.5782%
  [   362500,   363000)          733    0.0024%  76.5806%
  [   363000,   363500)          736    0.0025%  76.5831%
  [   363500,   364000)          675    0.0023%  76.5853%
  [   364000,   364500)          670    0.0022%  76.5875%
  [   364500,   365000)          719    0.0024%  76.5899%
  [   365000,   365500)          700    0.0023%  76.5923%
  [   365500,   366000)          714    0.0024%  76.5946%
  [   366000,   366500)          707    0.0024%  76.5970%
  [   366500,   367000)          702    0.0023%  76.5993%
  [   367000,   367500)          699    0.0023%  76.6017%
  [   367500,   368000)          720    0.0024%  76.6041%
  [   368000,   368500)          723    0.0024%  76.6065%
  [   368500,   369000)          706    0.0024%  76.6088%
  [   369000,   369500)          738    0.0025%  76.6113%
  [   369500,   370000)          728    0.0024%  76.6137%
  [   370000,   370500)          720    0.0024%  76.6161%
  [   370500,   371000)          688    0.0023%  76.6184%
  [   371000,   371500)          680    0.0023%  76.6207%
  [   371500,   372000)          676    0.0023%  76.6229%
  [   372000,   372500)          701    0.0023%  76.6253%
  [   372500,   373000)          694    0.0023%  76.6276%
  [   373000,   373500)          744    0.0025%  76.6301%
  [   373500,   374000)          722    0.0024%  76.6325%
  [   374000,   374500)          683    0.0023%  76.6348%
  [   374500,   375000)          726    0.0024%  76.6372%
  [   375000,   375500)          689    0.0023%  76.6395%
  [   375500,   376000)          693    0.0023%  76.6418%
  [   376000,   376500)          689    0.0023%  76.6441%
  [   376500,   377000)          717    0.0024%  76.6465%
  [   377000,   377500)          722    0.0024%  76.6489%
  [   377500,   378000)          671    0.0022%  76.6511%
  [   378000,   378500)          692    0.0023%  76.6534%
  [   378500,   379000)          661    0.0022%  76.6556%
  [   379000,   379500)          684    0.0023%  76.6579%
  [   379500,   380000)          653    0.0022%  76.6601%
  [   380000,   380500)          706    0.0024%  76.6624%
  [   380500,   381000)          722    0.0024%  76.6648%
  [   381000,   381500)          713    0.0024%  76.6672%
  [   381500,   382000)          678    0.0023%  76.6695%
  [   382000,   382500)          681    0.0023%  76.6717%
  [   382500,   383000)          676    0.0023%  76.6740%
  [   383000,   383500)          710    0.0024%  76.6764%
  [   383500,   384000)          692    0.0023%  76.6787%
  [   384000,   384500)          704    0.0023%  76.6810%
  [   384500,   385000)          715    0.0024%  76.6834%
  [   385000,   385500)          703    0.0023%  76.6857%
  [   385500,   386000)          682    0.0023%  76.6880%
  [   386000,   386500)          634    0.0021%  76.6901%
  [   386500,   387000)          701    0.0023%  76.6925%
  [   387000,   387500)          662    0.0022%  76.6947%
  [   387500,   388000)          674    0.0022%  76.6969%
  [   388000,   388500)          694    0.0023%  76.6992%
  [   388500,   389000)          692    0.0023%  76.7015%
  [   389000,   389500)          687    0.0023%  76.7038%
  [   389500,   390000)          688    0.0023%  76.7061%
  [   390000,   390500)          711    0.0024%  76.7085%
  [   390500,   391000)          706    0.0024%  76.7108%
  [   391000,   391500)          680    0.0023%  76.7131%
  [   391500,   392000)          732    0.0024%  76.7156%
  [   392000,   392500)          770    0.0026%  76.7181%
  [   392500,   393000)          735    0.0025%  76.7206%
  [   393000,   393500)          712    0.0024%  76.7229%
  [   393500,   394000)          722    0.0024%  76.7253%
  [   394000,   394500)          707    0.0024%  76.7277%
  [   394500,   395000)          688    0.0023%  76.7300%
  [   395000,   395500)          718    0.0024%  76.7324%
  [   395500,   396000)          742    0.0025%  76.7349%
  [   396000,   396500)          704    0.0023%  76.7372%
  [   396500,   397000)          686    0.0023%  76.7395%
  [   397000,   397500)          730    0.0024%  76.7419%
  [   397500,   398000)          727    0.0024%  76.7444%
  [   398000,   398500)          705    0.0024%  76.7467%
  [   398500,   399000)          693    0.0023%  76.7490%
  [   399000,   399500)          681    0.0023%  76.7513%
  [   399500,   400000)          708    0.0024%  76.7536%
  [   400000,   400500)          708    0.0024%  76.7560%
  [   400500,   401000)          661    0.0022%  76.7582%
  [   401000,   401500)          702    0.0023%  76.7605%
  [   401500,   402000)          711    0.0024%  76.7629%
  [   402000,   402500)          722    0.0024%  76.7653%
  [   402500,   403000)          705    0.0024%  76.7677%
  [   403000,   403500)          755    0.0025%  76.7702%
  [   403500,   404000)          739    0.0025%  76.7727%
  [   404000,   404500)          746    0.0025%  76.7751%
  [   404500,   405000)          738    0.0025%  76.7776%
  [   405000,   405500)          710    0.0024%  76.7800%
  [   405500,   406000)          750    0.0025%  76.7825%
  [   406000,   406500)          736    0.0025%  76.7849%
  [   406500,   407000)          758    0.0025%  76.7874%
  [   407000,   407500)          744    0.0025%  76.7899%
  [   407500,   408000)          678    0.0023%  76.7922%
  [   408000,   408500)          691    0.0023%  76.7945%
  [   408500,   409000)          712    0.0024%  76.7969%
  [   409000,   409500)          750    0.0025%  76.7994%
  [   409500,   410000)          739    0.0025%  76.8018%
  [   410000,   410500)          737    0.0025%  76.8043%
  [   410500,   411000)          758    0.0025%  76.8068%
  [   411000,   411500)          700    0.0023%  76.8091%
  [   411500,   412000)          697    0.0023%  76.8115%
  [   412000,   412500)          724    0.0024%  76.8139%
  [   412500,   413000)          763    0.0025%  76.8164%
  [   413000,   413500)          703    0.0023%  76.8188%
  [   413500,   414000)          764    0.0025%  76.8213%
  [   414000,   414500)          732    0.0024%  76.8238%
  [   414500,   415000)          732    0.0024%  76.8262%
  [   415000,   415500)          769    0.0026%  76.8288%
  [   415500,   416000)          703    0.0023%  76.8311%
  [   416000,   416500)          727    0.0024%  76.8335%
  [   416500,   417000)          707    0.0024%  76.8359%
  [   417000,   417500)          733    0.0024%  76.8383%
  [   417500,   418000)          719    0.0024%  76.8407%
  [   418000,   418500)          727    0.0024%  76.8431%
  [   418500,   419000)          748    0.0025%  76.8456%
  [   419000,   419500)          756    0.0025%  76.8482%
  [   419500,   420000)          766    0.0026%  76.8507%
  [   420000,   420500)          768    0.0026%  76.8533%
  [   420500,   421000)          746    0.0025%  76.8558%
  [   421000,   421500)          763    0.0025%  76.8583%
  [   421500,   422000)          767    0.0026%  76.8609%
  [   422000,   422500)          778    0.0026%  76.8635%
  [   422500,   423000)          761    0.0025%  76.8660%
  [   423000,   423500)          698    0.0023%  76.8683%
  [   423500,   424000)          722    0.0024%  76.8707%
  [   424000,   424500)          770    0.0026%  76.8733%
  [   424500,   425000)          763    0.0025%  76.8758%
  [   425000,   425500)          767    0.0026%  76.8784%
  [   425500,   426000)          795    0.0027%  76.8810%
  [   426000,   426500)          782    0.0026%  76.8836%
  [   426500,   427000)          729    0.0024%  76.8861%
  [   427000,   427500)          769    0.0026%  76.8886%
  [   427500,   428000)          782    0.0026%  76.8912%
  [   428000,   428500)          785    0.0026%  76.8939%
  [   428500,   429000)          766    0.0026%  76.8964%
  [   429000,   429500)          775    0.0026%  76.8990%
  [   429500,   430000)          759    0.0025%  76.9015%
  [   430000,   430500)          742    0.0025%  76.9040%
  [   430500,   431000)          800    0.0027%  76.9067%
  [   431000,   431500)          809    0.0027%  76.9094%
  [   431500,   432000)          752    0.0025%  76.9119%
  [   432000,   432500)          792    0.0026%  76.9145%
  [   432500,   433000)          791    0.0026%  76.9171%
  [   433000,   433500)          798    0.0027%  76.9198%
  [   433500,   434000)          807    0.0027%  76.9225%
  [   434000,   434500)          730    0.0024%  76.9249%
  [   434500,   435000)          767    0.0026%  76.9275%
  [   435000,   435500)          768    0.0026%  76.9300%
  [   435500,   436000)          780    0.0026%  76.9326%
  [   436000,   436500)          802    0.0027%  76.9353%
  [   436500,   437000)          756    0.0025%  76.9378%
  [   437000,   437500)          779    0.0026%  76.9404%
  [   437500,   438000)          787    0.0026%  76.9431%
  [   438000,   438500)          766    0.0026%  76.9456%
  [   438500,   439000)          817    0.0027%  76.9483%
  [   439000,   439500)          752    0.0025%  76.9508%
  [   439500,   440000)          761    0.0025%  76.9534%
  [   440000,   440500)          773    0.0026%  76.9560%
  [   440500,   441000)          745    0.0025%  76.9584%
  [   441000,   441500)          772    0.0026%  76.9610%
  [   441500,   442000)          780    0.0026%  76.9636%
  [   442000,   442500)          844    0.0028%  76.9664%
  [   442500,   443000)          777    0.0026%  76.9690%
  [   443000,   443500)          773    0.0026%  76.9716%
  [   443500,   444000)          790    0.0026%  76.9742%
  [   444000,   444500)          856    0.0029%  76.9771%
  [   444500,   445000)          816    0.0027%  76.9798%
  [   445000,   445500)          763    0.0025%  76.9823%
  [   445500,   446000)          792    0.0026%  76.9850%
  [   446000,   446500)          831    0.0028%  76.9878%
  [   446500,   447000)          813    0.0027%  76.9905%
  [   447000,   447500)          787    0.0026%  76.9931%
  [   447500,   448000)          847    0.0028%  76.9959%
  [   448000,   448500)          789    0.0026%  76.9985%
  [   448500,   449000)          800    0.0027%  77.0012%
  [   449000,   449500)          782    0.0026%  77.0038%
  [   449500,   450000)          844    0.0028%  77.0066%
  [   450000,   450500)          824    0.0027%  77.0094%
  [   450500,   451000)          793    0.0026%  77.0120%
  [   451000,   451500)          821    0.0027%  77.0148%
  [   451500,   452000)          853    0.0028%  77.0176%
  [   452000,   452500)          778    0.0026%  77.0202%
  [   452500,   453000)          863    0.0029%  77.0231%
  [   453000,   453500)          772    0.0026%  77.0256%
  [   453500,   454000)          801    0.0027%  77.0283%
  [   454000,   454500)          795    0.0027%  77.0310%
  [   454500,   455000)          823    0.0027%  77.0337%
  [   455000,   455500)          813    0.0027%  77.0364%
  [   455500,   456000)          890    0.0030%  77.0394%
  [   456000,   456500)          866    0.0029%  77.0423%
  [   456500,   457000)          825    0.0028%  77.0450%
  [   457000,   457500)          868    0.0029%  77.0479%
  [   457500,   458000)          847    0.0028%  77.0507%
  [   458000,   458500)          838    0.0028%  77.0535%
  [   458500,   459000)          790    0.0026%  77.0562%
  [   459000,   459500)          830    0.0028%  77.0589%
  [   459500,   460000)          809    0.0027%  77.0616%
  [   460000,   460500)          824    0.0027%  77.0644%
  [   460500,   461000)          913    0.0030%  77.0674%
  [   461000,   461500)          894    0.0030%  77.0704%
  [   461500,   462000)          775    0.0026%  77.0730%
  [   462000,   462500)          847    0.0028%  77.0758%
  [   462500,   463000)          847    0.0028%  77.0786%
  [   463000,   463500)          889    0.0030%  77.0816%
  [   463500,   464000)          874    0.0029%  77.0845%
  [   464000,   464500)          880    0.0029%  77.0874%
  [   464500,   465000)          865    0.0029%  77.0903%
  [   465000,   465500)          885    0.0030%  77.0933%
  [   465500,   466000)          853    0.0028%  77.0961%
  [   466000,   466500)          829    0.0028%  77.0989%
  [   466500,   467000)          901    0.0030%  77.1019%
  [   467000,   467500)          830    0.0028%  77.1046%
  [   467500,   468000)          871    0.0029%  77.1075%
  [   468000,   468500)          868    0.0029%  77.1104%
  [   468500,   469000)          848    0.0028%  77.1133%
  [   469000,   469500)          924    0.0031%  77.1163%
  [   469500,   470000)          876    0.0029%  77.1193%
  [   470000,   470500)          905    0.0030%  77.1223%
  [   470500,   471000)          855    0.0029%  77.1251%
  [   471000,   471500)          838    0.0028%  77.1279%
  [   471500,   472000)          898    0.0030%  77.1309%
  [   472000,   472500)          867    0.0029%  77.1338%
  [   472500,   473000)          863    0.0029%  77.1367%
  [   473000,   473500)          902    0.0030%  77.1397%
  [   473500,   474000)          895    0.0030%  77.1427%
  [   474000,   474500)          875    0.0029%  77.1456%
  [   474500,   475000)          876    0.0029%  77.1485%
  [   475000,   475500)          885    0.0030%  77.1515%
  [   475500,   476000)          910    0.0030%  77.1545%
  [   476000,   476500)          904    0.0030%  77.1575%
  [   476500,   477000)          930    0.0031%  77.1606%
  [   477000,   477500)          919    0.0031%  77.1637%
  [   477500,   478000)          929    0.0031%  77.1668%
  [   478000,   478500)          914    0.0030%  77.1698%
  [   478500,   479000)          891    0.0030%  77.1728%
  [   479000,   479500)         1000    0.0033%  77.1761%
  [   479500,   480000)          937    0.0031%  77.1792%
  [   480000,   480500)          930    0.0031%  77.1823%
  [   480500,   481000)          858    0.0029%  77.1852%
  [   481000,   481500)          899    0.0030%  77.1882%
  [   481500,   482000)          913    0.0030%  77.1912%
  [   482000,   482500)          919    0.0031%  77.1943%
  [   482500,   483000)          951    0.0032%  77.1975%
  [   483000,   483500)          950    0.0032%  77.2006%
  [   483500,   484000)          939    0.0031%  77.2038%
  [   484000,   484500)          958    0.0032%  77.2070%
  [   484500,   485000)          919    0.0031%  77.2100%
  [   485000,   485500)          968    0.0032%  77.2133%
  [   485500,   486000)          941    0.0031%  77.2164%
  [   486000,   486500)          942    0.0031%  77.2195%
  [   486500,   487000)          977    0.0033%  77.2228%
  [   487000,   487500)          967    0.0032%  77.2260%
  [   487500,   488000)          901    0.0030%  77.2290%
  [   488000,   488500)          988    0.0033%  77.2323%
  [   488500,   489000)          961    0.0032%  77.2355%
  [   489000,   489500)          934    0.0031%  77.2386%
  [   489500,   490000)          975    0.0033%  77.2419%
  [   490000,   490500)          933    0.0031%  77.2450%
  [   490500,   491000)          955    0.0032%  77.2482%
  [   491000,   491500)         1025    0.0034%  77.2516%
  [   491500,   492000)          968    0.0032%  77.2548%
  [   492000,   492500)          918    0.0031%  77.2579%
  [   492500,   493000)          961    0.0032%  77.2611%
  [   493000,   493500)         1028    0.0034%  77.2645%
  [   493500,   494000)         1062    0.0035%  77.2680%
  [   494000,   494500)          980    0.0033%  77.2713%
  [   494500,   495000)         1000    0.0033%  77.2746%
  [   495000,   495500)         1002    0.0033%  77.2780%
  [   495500,   496000)         1012    0.0034%  77.2814%
  [   496000,   496500)         1043    0.0035%  77.2848%
  [   496500,   497000)          985    0.0033%  77.2881%
  [   497000,   497500)         1018    0.0034%  77.2915%
  [   497500,   498000)         1001    0.0033%  77.2948%
  [   498000,   498500)         1076    0.0036%  77.2984%
  [   498500,   499000)         1054    0.0035%  77.3019%
  [   499000,   499500)         1039    0.0035%  77.3054%
  [   499500,   500000)          995    0.0033%  77.3087%
  [   500000,   500500)          963    0.0032%  77.3119%
  [   500500,   501000)         1063    0.0035%  77.3155%
  [   501000,   501500)         1009    0.0034%  77.3188%
  [   501500,   502000)         1018    0.0034%  77.3222%
  [   502000,   502500)         1054    0.0035%  77.3258%
  [   502500,   503000)         1084    0.0036%  77.3294%
  [   503000,   503500)         1057    0.0035%  77.3329%
  [   503500,   504000)         1037    0.0035%  77.3363%
  [   504000,   504500)         1051    0.0035%  77.3398%
  [   504500,   505000)         1066    0.0036%  77.3434%
  [   505000,   505500)         1036    0.0035%  77.3469%
  [   505500,   506000)         1012    0.0034%  77.3502%
  [   506000,   506500)         1072    0.0036%  77.3538%
  [   506500,   507000)         1018    0.0034%  77.3572%
  [   507000,   507500)         1097    0.0037%  77.3609%
  [   507500,   508000)         1071    0.0036%  77.3644%
  [   508000,   508500)         1039    0.0035%  77.3679%
  [   508500,   509000)         1120    0.0037%  77.3716%
  [   509000,   509500)         1039    0.0035%  77.3751%
  [   509500,   510000)         1089    0.0036%  77.3787%
  [   510000,   510500)         1072    0.0036%  77.3823%
  [   510500,   511000)         1082    0.0036%  77.3859%
  [   511000,   511500)         1205    0.0040%  77.3899%
  [   511500,   512000)         1098    0.0037%  77.3936%
  [   512000,   512500)         1117    0.0037%  77.3973%
  [   512500,   513000)         1037    0.0035%  77.4007%
  [   513000,   513500)         1166    0.0039%  77.4046%
  [   513500,   514000)         1171    0.0039%  77.4085%
  [   514000,   514500)         1107    0.0037%  77.4122%
  [   514500,   515000)         1131    0.0038%  77.4160%
  [   515000,   515500)         1130    0.0038%  77.4198%
  [   515500,   516000)         1104    0.0037%  77.4234%
  [   516000,   516500)         1151    0.0038%  77.4273%
  [   516500,   517000)         1110    0.0037%  77.4310%
  [   517000,   517500)         1166    0.0039%  77.4349%
  [   517500,   518000)         1153    0.0038%  77.4387%
  [   518000,   518500)         1189    0.0040%  77.4427%
  [   518500,   519000)         1167    0.0039%  77.4466%
  [   519000,   519500)         1099    0.0037%  77.4502%
  [   519500,   520000)         1224    0.0041%  77.4543%
  [   520000,   520500)         1168    0.0039%  77.4582%
  [   520500,   521000)         1179    0.0039%  77.4621%
  [   521000,   521500)         1214    0.0040%  77.4662%
  [   521500,   522000)         1162    0.0039%  77.4701%
  [   522000,   522500)         1192    0.0040%  77.4740%
  [   522500,   523000)         1212    0.0040%  77.4781%
  [   523000,   523500)         1181    0.0039%  77.4820%
  [   523500,   524000)         1212    0.0040%  77.4860%
  [   524000,   524500)         1204    0.0040%  77.4901%
  [   524500,   525000)         1194    0.0040%  77.4940%
  [   525000,   525500)         1193    0.0040%  77.4980%
  [   525500,   526000)         1197    0.0040%  77.5020%
  [   526000,   526500)         1193    0.0040%  77.5060%
  [   526500,   527000)         1229    0.0041%  77.5101%
  [   527000,   527500)         1253    0.0042%  77.5143%
  [   527500,   528000)         1282    0.0043%  77.5185%
  [   528000,   528500)         1250    0.0042%  77.5227%
  [   528500,   529000)         1227    0.0041%  77.5268%
  [   529000,   529500)         1230    0.0041%  77.5309%
  [   529500,   530000)         1252    0.0042%  77.5351%
  [   530000,   530500)         1317    0.0044%  77.5394%
  [   530500,   531000)         1309    0.0044%  77.5438%
  [   531000,   531500)         1285    0.0043%  77.5481%
  [   531500,   532000)         1274    0.0042%  77.5523%
  [   532000,   532500)         1375    0.0046%  77.5569%
  [   532500,   533000)         1279    0.0043%  77.5612%
  [   533000,   533500)         1342    0.0045%  77.5657%
  [   533500,   534000)         1343    0.0045%  77.5701%
  [   534000,   534500)         1315    0.0044%  77.5745%
  [   534500,   535000)         1364    0.0045%  77.5791%
  [   535000,   535500)         1288    0.0043%  77.5834%
  [   535500,   536000)         1303    0.0043%  77.5877%
  [   536000,   536500)         1356    0.0045%  77.5922%
  [   536500,   537000)         1273    0.0042%  77.5965%
  [   537000,   537500)         1338    0.0045%  77.6009%
  [   537500,   538000)         1454    0.0048%  77.6058%
  [   538000,   538500)         1405    0.0047%  77.6105%
  [   538500,   539000)         1402    0.0047%  77.6151%
  [   539000,   539500)         1361    0.0045%  77.6197%
  [   539500,   540000)         1416    0.0047%  77.6244%
  [   540000,   540500)         1396    0.0047%  77.6290%
  [   540500,   541000)         1353    0.0045%  77.6335%
  [   541000,   541500)         1393    0.0046%  77.6382%
  [   541500,   542000)         1409    0.0047%  77.6429%
  [   542000,   542500)         1413    0.0047%  77.6476%
  [   542500,   543000)         1424    0.0047%  77.6523%
  [   543000,   543500)         1459    0.0049%  77.6572%
  [   543500,   544000)         1464    0.0049%  77.6621%
  [   544000,   544500)         1428    0.0048%  77.6668%
  [   544500,   545000)         1522    0.0051%  77.6719%
  [   545000,   545500)         1544    0.0051%  77.6771%
  [   545500,   546000)         1500    0.0050%  77.6821%
  [   546000,   546500)         1470    0.0049%  77.6870%
  [   546500,   547000)         1479    0.0049%  77.6919%
  [   547000,   547500)         1464    0.0049%  77.6968%
  [   547500,   548000)         1443    0.0048%  77.7016%
  [   548000,   548500)         1506    0.0050%  77.7066%
  [   548500,   549000)         1559    0.0052%  77.7118%
  [   549000,   549500)         1543    0.0051%  77.7169%
  [   549500,   550000)         1573    0.0052%  77.7222%
  [   550000,   550500)         1539    0.0051%  77.7273%
  [   550500,   551000)         1597    0.0053%  77.7326%
  [   551000,   551500)         1582    0.0053%  77.7379%
  [   551500,   552000)         1560    0.0052%  77.7431%
  [   552000,   552500)         1575    0.0053%  77.7484%
  [   552500,   553000)         1569    0.0052%  77.7536%
  [   553000,   553500)         1593    0.0053%  77.7589%
  [   553500,   554000)         1646    0.0055%  77.7644%
  [   554000,   554500)         1587    0.0053%  77.7697%
  [   554500,   555000)         1695    0.0057%  77.7753%
  [   555000,   555500)         1629    0.0054%  77.7808%
  [   555500,   556000)         1656    0.0055%  77.7863%
  [   556000,   556500)         1657    0.0055%  77.7918%
  [   556500,   557000)         1647    0.0055%  77.7973%
  [   557000,   557500)         1720    0.0057%  77.8030%
  [   557500,   558000)         1744    0.0058%  77.8088%
  [   558000,   558500)         1785    0.0060%  77.8148%
  [   558500,   559000)         1745    0.0058%  77.8206%
  [   559000,   559500)         1734    0.0058%  77.8264%
  [   559500,   560000)         1791    0.0060%  77.8324%
  [   560000,   560500)         1742    0.0058%  77.8382%
  [   560500,   561000)         1755    0.0059%  77.8440%
  [   561000,   561500)         1763    0.0059%  77.8499%
  [   561500,   562000)         1769    0.0059%  77.8558%
  [   562000,   562500)         1744    0.0058%  77.8616%
  [   562500,   563000)         1738    0.0058%  77.8674%
  [   563000,   563500)         1808    0.0060%  77.8734%
  [   563500,   564000)         1837    0.0061%  77.8795%
  [   564000,   564500)         1744    0.0058%  77.8854%
  [   564500,   565000)         1813    0.0060%  77.8914%
  [   565000,   565500)         1821    0.0061%  77.8975%
  [   565500,   566000)         1801    0.0060%  77.9035%
  [   566000,   566500)         1873    0.0062%  77.9097%
  [   566500,   567000)         1921    0.0064%  77.9161%
  [   567000,   567500)         1863    0.0062%  77.9223%
  [   567500,   568000)         1905    0.0064%  77.9287%
  [   568000,   568500)         1873    0.0062%  77.9349%
  [   568500,   569000)         1945    0.0065%  77.9414%
  [   569000,   569500)         1954    0.0065%  77.9479%
  [   569500,   570000)         1957    0.0065%  77.9544%
  [   570000,   570500)         1888    0.0063%  77.9607%
  [   570500,   571000)         1981    0.0066%  77.9673%
  [   571000,   571500)         2004    0.0067%  77.9740%
  [   571500,   572000)         2012    0.0067%  77.9807%
  [   572000,   572500)         1986    0.0066%  77.9874%
  [   572500,   573000)         2031    0.0068%  77.9941%
  [   573000,   573500)         2083    0.0069%  78.0011%
  [   573500,   574000)         2028    0.0068%  78.0078%
  [   574000,   574500)         2041    0.0068%  78.0146%
  [   574500,   575000)         2105    0.0070%  78.0216%
  [   575000,   575500)         2052    0.0068%  78.0285%
  [   575500,   576000)         2166    0.0072%  78.0357%
  [   576000,   576500)         2067    0.0069%  78.0426%
  [   576500,   577000)         2124    0.0071%  78.0497%
  [   577000,   577500)         2150    0.0072%  78.0568%
  [   577500,   578000)         2140    0.0071%  78.0640%
  [   578000,   578500)         2213    0.0074%  78.0714%
  [   578500,   579000)         2172    0.0072%  78.0786%
  [   579000,   579500)         2088    0.0070%  78.0856%
  [   579500,   580000)         2260    0.0075%  78.0931%
  [   580000,   580500)         2288    0.0076%  78.1007%
  [   580500,   581000)         2330    0.0078%  78.1085%
  [   581000,   581500)         2309    0.0077%  78.1162%
  [   581500,   582000)         2258    0.0075%  78.1237%
  [   582000,   582500)         2261    0.0075%  78.1312%
  [   582500,   583000)         2300    0.0077%  78.1389%
  [   583000,   583500)         2281    0.0076%  78.1465%
  [   583500,   584000)         2361    0.0079%  78.1544%
  [   584000,   584500)         2354    0.0078%  78.1622%
  [   584500,   585000)         2477    0.0083%  78.1705%
  [   585000,   585500)         2363    0.0079%  78.1784%
  [   585500,   586000)         2417    0.0081%  78.1864%
  [   586000,   586500)         2451    0.0082%  78.1946%
  [   586500,   587000)         2443    0.0081%  78.2027%
  [   587000,   587500)         2485    0.0083%  78.2110%
  [   587500,   588000)         2529    0.0084%  78.2194%
  [   588000,   588500)         2405    0.0080%  78.2275%
  [   588500,   589000)         2556    0.0085%  78.2360%
  [   589000,   589500)         2613    0.0087%  78.2447%
  [   589500,   590000)         2524    0.0084%  78.2531%
  [   590000,   590500)         2564    0.0085%  78.2616%
  [   590500,   591000)         2599    0.0087%  78.2703%
  [   591000,   591500)         2658    0.0089%  78.2792%
  [   591500,   592000)         2648    0.0088%  78.2880%
  [   592000,   592500)         2585    0.0086%  78.2966%
  [   592500,   593000)         2717    0.0091%  78.3057%
  [   593000,   593500)         2602    0.0087%  78.3143%
  [   593500,   594000)         2779    0.0093%  78.3236%
  [   594000,   594500)         2759    0.0092%  78.3328%
  [   594500,   595000)         2771    0.0092%  78.3420%
  [   595000,   595500)         2775    0.0093%  78.3513%
  [   595500,   596000)         2831    0.0094%  78.3607%
  [   596000,   596500)         2823    0.0094%  78.3701%
  [   596500,   597000)         2876    0.0096%  78.3797%
  [   597000,   597500)         2804    0.0093%  78.3891%
  [   597500,   598000)         2752    0.0092%  78.3982%
  [   598000,   598500)         2917    0.0097%  78.4080%
  [   598500,   599000)         2775    0.0093%  78.4172%
  [   599000,   599500)         2987    0.0100%  78.4272%
  [   599500,   600000)         2982    0.0099%  78.4371%
  [   600000,   600500)         2904    0.0097%  78.4468%
  [   600500,   601000)         2951    0.0098%  78.4566%
  [   601000,   601500)         2905    0.0097%  78.4663%
  [   601500,   602000)         3054    0.0102%  78.4765%
  [   602000,   602500)         3029    0.0101%  78.4866%
  [   602500,   603000)         3004    0.0100%  78.4966%
  [   603000,   603500)         3002    0.0100%  78.5066%
  [   603500,   604000)         3162    0.0105%  78.5172%
  [   604000,   604500)         3063    0.0102%  78.5274%
  [   604500,   605000)         3086    0.0103%  78.5376%
  [   605000,   605500)         3133    0.0104%  78.5481%
  [   605500,   606000)         3136    0.0105%  78.5585%
  [   606000,   606500)         3234    0.0108%  78.5693%
  [   606500,   607000)         3211    0.0107%  78.5800%
  [   607000,   607500)         3279    0.0109%  78.5910%
  [   607500,   608000)         3240    0.0108%  78.6018%
  [   608000,   608500)         3343    0.0111%  78.6129%
  [   608500,   609000)         3274    0.0109%  78.6238%
  [   609000,   609500)         3374    0.0112%  78.6351%
  [   609500,   610000)         3343    0.0111%  78.6462%
  [   610000,   610500)         3292    0.0110%  78.6572%
  [   610500,   611000)         3459    0.0115%  78.6687%
  [   611000,   611500)         3413    0.0114%  78.6801%
  [   611500,   612000)         3488    0.0116%  78.6917%
  [   612000,   612500)         3499    0.0117%  78.7034%
  [   612500,   613000)         3543    0.0118%  78.7152%
  [   613000,   613500)         3621    0.0121%  78.7273%
  [   613500,   614000)         3644    0.0121%  78.7394%
  [   614000,   614500)         3682    0.0123%  78.7517%
  [   614500,   615000)         3524    0.0117%  78.7634%
  [   615000,   615500)         3579    0.0119%  78.7754%
  [   615500,   616000)         3582    0.0119%  78.7873%
  [   616000,   616500)         3492    0.0116%  78.7989%
  [   616500,   617000)         3710    0.0124%  78.8113%
  [   617000,   617500)         3682    0.0123%  78.8236%
  [   617500,   618000)         3802    0.0127%  78.8362%
  [   618000,   618500)         3576    0.0119%  78.8482%
  [   618500,   619000)         3685    0.0123%  78.8604%
  [   619000,   619500)         3873    0.0129%  78.8734%
  [   619500,   620000)         3784    0.0126%  78.8860%
  [   620000,   620500)         3839    0.0128%  78.8988%
  [   620500,   621000)         3909    0.0130%  78.9118%
  [   621000,   621500)         3773    0.0126%  78.9244%
  [   621500,   622000)         3873    0.0129%  78.9373%
  [   622000,   622500)         3969    0.0132%  78.9505%
  [   622500,   623000)         4007    0.0134%  78.9639%
  [   623000,   623500)         3975    0.0133%  78.9771%
  [   623500,   624000)         3991    0.0133%  78.9904%
  [   624000,   624500)         4142    0.0138%  79.0042%
  [   624500,   625000)         4190    0.0140%  79.0182%
  [   625000,   625500)         4182    0.0139%  79.0321%
  [   625500,   626000)         4247    0.0142%  79.0463%
  [   626000,   626500)         4069    0.0136%  79.0599%
  [   626500,   627000)         4328    0.0144%  79.0743%
  [   627000,   627500)         4306    0.0144%  79.0886%
  [   627500,   628000)         4363    0.0145%  79.1032%
  [   628000,   628500)         4247    0.0142%  79.1173%
  [   628500,   629000)         4382    0.0146%  79.1319%
  [   629000,   629500)         4376    0.0146%  79.1465%
  [   629500,   630000)         4432    0.0148%  79.1613%
  [   630000,   630500)         4606    0.0154%  79.1767%
  [   630500,   631000)         4459    0.0149%  79.1915%
  [   631000,   631500)         4533    0.0151%  79.2066%
  [   631500,   632000)         4593    0.0153%  79.2219%
  [   632000,   632500)         4674    0.0156%  79.2375%
  [   632500,   633000)         4645    0.0155%  79.2530%
  [   633000,   633500)         4535    0.0151%  79.2681%
  [   633500,   634000)         4608    0.0154%  79.2835%
  [   634000,   634500)         4720    0.0157%  79.2992%
  [   634500,   635000)         4680    0.0156%  79.3148%
  [   635000,   635500)         4722    0.0157%  79.3306%
  [   635500,   636000)         4764    0.0159%  79.3464%
  [   636000,   636500)         4737    0.0158%  79.3622%
  [   636500,   637000)         4830    0.0161%  79.3783%
  [   637000,   637500)         4800    0.0160%  79.3943%
  [   637500,   638000)         4826    0.0161%  79.4104%
  [   638000,   638500)         4926    0.0164%  79.4268%
  [   638500,   639000)         4928    0.0164%  79.4433%
  [   639000,   639500)         5061    0.0169%  79.4601%
  [   639500,   640000)         5061    0.0169%  79.4770%
  [   640000,   640500)         5179    0.0173%  79.4943%
  [   640500,   641000)         5182    0.0173%  79.5115%
  [   641000,   641500)         5110    0.0170%  79.5286%
  [   641500,   642000)         5123    0.0171%  79.5456%
  [   642000,   642500)         5249    0.0175%  79.5631%
  [   642500,   643000)         5200    0.0173%  79.5805%
  [   643000,   643500)         5317    0.0177%  79.5982%
  [   643500,   644000)         5326    0.0178%  79.6160%
  [   644000,   644500)         5053    0.0168%  79.6328%
  [   644500,   645000)         5345    0.0178%  79.6506%
  [   645000,   645500)         5484    0.0183%  79.6689%
  [   645500,   646000)         5301    0.0177%  79.6866%
  [   646000,   646500)         5413    0.0180%  79.7046%
  [   646500,   647000)         5615    0.0187%  79.7233%
  [   647000,   647500)         5418    0.0181%  79.7414%
  [   647500,   648000)         5573    0.0186%  79.7600%
  [   648000,   648500)         5432    0.0181%  79.7781%
  [   648500,   649000)         5656    0.0189%  79.7969%
  [   649000,   649500)         5738    0.0191%  79.8160%
  [   649500,   650000)         5623    0.0187%  79.8348%
  [   650000,   650500)         5708    0.0190%  79.8538%
  [   650500,   651000)         5887    0.0196%  79.8734%
  [   651000,   651500)         5851    0.0195%  79.8929%
  [   651500,   652000)         5702    0.0190%  79.9119%
  [   652000,   652500)         5718    0.0191%  79.9310%
  [   652500,   653000)         5891    0.0196%  79.9506%
  [   653000,   653500)         5884    0.0196%  79.9703%
  [   653500,   654000)         5861    0.0195%  79.9898%
  [   654000,   654500)         6155    0.0205%  80.0103%
  [   654500,   655000)         6132    0.0204%  80.0308%
  [   655000,   655500)         6196    0.0207%  80.0514%
  [   655500,   656000)         6054    0.0202%  80.0716%
  [   656000,   656500)         6116    0.0204%  80.0920%
  [   656500,   657000)         6230    0.0208%  80.1127%
  [   657000,   657500)         6373    0.0212%  80.1340%
  [   657500,   658000)         6262    0.0209%  80.1549%
  [   658000,   658500)         6297    0.0210%  80.1758%
  [   658500,   659000)         6334    0.0211%  80.1970%
  [   659000,   659500)         6425    0.0214%  80.2184%
  [   659500,   660000)         6514    0.0217%  80.2401%
  [   660000,   660500)         6529    0.0218%  80.2619%
  [   660500,   661000)         6422    0.0214%  80.2833%
  [   661000,   661500)         6617    0.0221%  80.3053%
  [   661500,   662000)         6482    0.0216%  80.3269%
  [   662000,   662500)         6599    0.0220%  80.3489%
  [   662500,   663000)         6587    0.0220%  80.3709%
  [   663000,   663500)         6664    0.0222%  80.3931%
  [   663500,   664000)         6498    0.0217%  80.4147%
  [   664000,   664500)         6712    0.0224%  80.4371%
  [   664500,   665000)         6838    0.0228%  80.4599%
  [   665000,   665500)         6652    0.0222%  80.4821%
  [   665500,   666000)         6790    0.0226%  80.5047%
  [   666000,   666500)         6864    0.0229%  80.5276%
  [   666500,   667000)         6833    0.0228%  80.5504%
  [   667000,   667500)         6913    0.0230%  80.5734%
  [   667500,   668000)         6975    0.0233%  80.5967%
  [   668000,   668500)         6977    0.0233%  80.6199%
  [   668500,   669000)         7075    0.0236%  80.6435%
  [   669000,   669500)         6940    0.0231%  80.6666%
  [   669500,   670000)         7100    0.0237%  80.6903%
  [   670000,   670500)         7306    0.0244%  80.7147%
  [   670500,   671000)         7179    0.0239%  80.7386%
  [   671000,   671500)         7240    0.0241%  80.7627%
  [   671500,   672000)         7147    0.0238%  80.7866%
  [   672000,   672500)         7276    0.0243%  80.8108%
  [   672500,   673000)         7407    0.0247%  80.8355%
  [   673000,   673500)         7380    0.0246%  80.8601%
  [   673500,   674000)         7325    0.0244%  80.8845%
  [   674000,   674500)         7475    0.0249%  80.9094%
  [   674500,   675000)         7500    0.0250%  80.9344%
  [   675000,   675500)         7444    0.0248%  80.9592%
  [   675500,   676000)         7578    0.0253%  80.9845%
  [   676000,   676500)         7666    0.0256%  81.0101%
  [   676500,   677000)         7567    0.0252%  81.0353%
  [   677000,   677500)         7518    0.0251%  81.0603%
  [   677500,   678000)         7741    0.0258%  81.0861%
  [   678000,   678500)         7769    0.0259%  81.1120%
  [   678500,   679000)         7748    0.0258%  81.1379%
  [   679000,   679500)         7758    0.0259%  81.1637%
  [   679500,   680000)         7822    0.0261%  81.1898%
  [   680000,   680500)         7687    0.0256%  81.2154%
  [   680500,   681000)         7821    0.0261%  81.2415%
  [   681000,   681500)         7956    0.0265%  81.2680%
  [   681500,   682000)         7995    0.0267%  81.2947%
  [   682000,   682500)         8008    0.0267%  81.3214%
  [   682500,   683000)         8010    0.0267%  81.3481%
  [   683000,   683500)         8163    0.0272%  81.3753%
  [   683500,   684000)         8135    0.0271%  81.4024%
  [   684000,   684500)         8258    0.0275%  81.4299%
  [   684500,   685000)         8101    0.0270%  81.4569%
  [   685000,   685500)         8240    0.0275%  81.4844%
  [   685500,   686000)         8323    0.0277%  81.5121%
  [   686000,   686500)         8334    0.0278%  81.5399%
  [   686500,   687000)         8255    0.0275%  81.5674%
  [   687000,   687500)         8242    0.0275%  81.5949%
  [   687500,   688000)         8623    0.0287%  81.6236%
  [   688000,   688500)         8424    0.0281%  81.6517%
  [   688500,   689000)         8350    0.0278%  81.6795%
  [   689000,   689500)         8726    0.0291%  81.7086%
  [   689500,   690000)         8597    0.0287%  81.7373%
  [   690000,   690500)         8668    0.0289%  81.7662%
  [   690500,   691000)         8625    0.0288%  81.7949%
  [   691000,   691500)         8553    0.0285%  81.8234%
  [   691500,   692000)         8432    0.0281%  81.8516%
  [   692000,   692500)         8696    0.0290%  81.8805%
  [   692500,   693000)         8858    0.0295%  81.9101%
  [   693000,   693500)         8748    0.0292%  81.9392%
  [   693500,   694000)         8837    0.0295%  81.9687%
  [   694000,   694500)         8775    0.0293%  81.9979%
  [   694500,   695000)         8911    0.0297%  82.0276%
  [   695000,   695500)         8763    0.0292%  82.0568%
  [   695500,   696000)         8875    0.0296%  82.0864%
  [   696000,   696500)         9018    0.0301%  82.1165%
  [   696500,   697000)         8978    0.0299%  82.1464%
  [   697000,   697500)         9186    0.0306%  82.1770%
  [   697500,   698000)         8993    0.0300%  82.2070%
  [   698000,   698500)         9157    0.0305%  82.2375%
  [   698500,   699000)         9218    0.0307%  82.2683%
  [   699000,   699500)         9306    0.0310%  82.2993%
  [   699500,   700000)         9198    0.0307%  82.3299%
  [   700000,   700500)         9369    0.0312%  82.3612%
  [   700500,   701000)         9083    0.0303%  82.3914%
  [   701000,   701500)         9370    0.0312%  82.4227%
  [   701500,   702000)         9286    0.0310%  82.4536%
  [   702000,   702500)         9370    0.0312%  82.4849%
  [   702500,   703000)         9385    0.0313%  82.5162%
  [   703000,   703500)         9548    0.0318%  82.5480%
  [   703500,   704000)         9440    0.0315%  82.5794%
  [   704000,   704500)         9555    0.0319%  82.6113%
  [   704500,   705000)         9631    0.0321%  82.6434%
  [   705000,   705500)         9680    0.0323%  82.6757%
  [   705500,   706000)         9699    0.0323%  82.7080%
  [   706000,   706500)         9552    0.0318%  82.7398%
  [   706500,   707000)         9641    0.0321%  82.7720%
  [   707000,   707500)         9640    0.0321%  82.8041%
  [   707500,   708000)         9815    0.0327%  82.8368%
  [   708000,   708500)         9711    0.0324%  82.8692%
  [   708500,   709000)         9832    0.0328%  82.9020%
  [   709000,   709500)         9741    0.0325%  82.9344%
  [   709500,   710000)         9706    0.0324%  82.9668%
  [   710000,   710500)         9795    0.0327%  82.9994%
  [   710500,   711000)         9917    0.0331%  83.0325%
  [   711000,   711500)         9877    0.0329%  83.0654%
  [   711500,   712000)         9936    0.0331%  83.0985%
  [   712000,   712500)        10038    0.0335%  83.1320%
  [   712500,   713000)        10062    0.0335%  83.1655%
  [   713000,   713500)        10164    0.0339%  83.1994%
  [   713500,   714000)        10060    0.0335%  83.2330%
  [   714000,   714500)         9943    0.0331%  83.2661%
  [   714500,   715000)        10047    0.0335%  83.2996%
  [   715000,   715500)        10154    0.0338%  83.3334%
  [   715500,   716000)        10341    0.0345%  83.3679%
  [   716000,   716500)        10116    0.0337%  83.4016%
  [   716500,   717000)        10303    0.0343%  83.4360%
  [   717000,   717500)        10217    0.0341%  83.4700%
  [   717500,   718000)        10447    0.0348%  83.5048%
  [   718000,   718500)        10386    0.0346%  83.5395%
  [   718500,   719000)        10385    0.0346%  83.5741%
  [   719000,   719500)        10663    0.0355%  83.6096%
  [   719500,   720000)        10386    0.0346%  83.6442%
  [   720000,   720500)        10335    0.0345%  83.6787%
  [   720500,   721000)        10552    0.0352%  83.7139%
  [   721000,   721500)        10421    0.0347%  83.7486%
  [   721500,   722000)        10667    0.0356%  83.7842%
  [   722000,   722500)        10577    0.0353%  83.8194%
  [   722500,   723000)        10640    0.0355%  83.8549%
  [   723000,   723500)        10713    0.0357%  83.8906%
  [   723500,   724000)        10676    0.0356%  83.9262%
  [   724000,   724500)        10610    0.0354%  83.9616%
  [   724500,   725000)        10783    0.0359%  83.9975%
  [   725000,   725500)        10632    0.0354%  84.0329%
  [   725500,   726000)        10701    0.0357%  84.0686%
  [   726000,   726500)        10804    0.0360%  84.1046%
  [   726500,   727000)        10681    0.0356%  84.1402%
  [   727000,   727500)        10709    0.0357%  84.1759%
  [   727500,   728000)        10997    0.0367%  84.2126%
  [   728000,   728500)        10929    0.0364%  84.2490%
  [   728500,   729000)        10946    0.0365%  84.2855%
  [   729000,   729500)        10685    0.0356%  84.3211%
  [   729500,   730000)        10884    0.0363%  84.3574%
  [   730000,   730500)        10878    0.0363%  84.3936%
  [   730500,   731000)        10849    0.0362%  84.4298%
  [   731000,   731500)        10844    0.0361%  84.4660%
  [   731500,   732000)        11053    0.0368%  84.5028%
  [   732000,   732500)        11014    0.0367%  84.5395%
  [   732500,   733000)        10980    0.0366%  84.5761%
  [   733000,   733500)        11102    0.0370%  84.6131%
  [   733500,   734000)        11108    0.0370%  84.6501%
  [   734000,   734500)        11163    0.0372%  84.6874%
  [   734500,   735000)        11171    0.0372%  84.7246%
  [   735000,   735500)        11262    0.0375%  84.7621%
  [   735500,   736000)        11227    0.0374%  84.7996%
  [   736000,   736500)        11249    0.0375%  84.8371%
  [   736500,   737000)        11277    0.0376%  84.8746%
  [   737000,   737500)        11449    0.0382%  84.9128%
  [   737500,   738000)        11315    0.0377%  84.9505%
  [   738000,   738500)        11051    0.0368%  84.9874%
  [   738500,   739000)        11160    0.0372%  85.0246%
  [   739000,   739500)        11440    0.0381%  85.0627%
  [   739500,   740000)        11060    0.0369%  85.0996%
  [   740000,   740500)        11221    0.0374%  85.1370%
  [   740500,   741000)        11377    0.0379%  85.1749%
  [   741000,   741500)        11443    0.0381%  85.2130%
  [   741500,   742000)        11689    0.0390%  85.2520%
  [   742000,   742500)        11642    0.0388%  85.2908%
  [   742500,   743000)        11736    0.0391%  85.3299%
  [   743000,   743500)        11394    0.0380%  85.3679%
  [   743500,   744000)        11631    0.0388%  85.4067%
  [   744000,   744500)        11596    0.0387%  85.4453%
  [   744500,   745000)        11320    0.0377%  85.4831%
  [   745000,   745500)        11483    0.0383%  85.5213%
  [   745500,   746000)        11684    0.0389%  85.5603%
  [   746000,   746500)        11421    0.0381%  85.5984%
  [   746500,   747000)        11671    0.0389%  85.6373%
  [   747000,   747500)        11804    0.0393%  85.6766%
  [   747500,   748000)        11650    0.0388%  85.7154%
  [   748000,   748500)        11764    0.0392%  85.7546%
  [   748500,   749000)        11545    0.0385%  85.7931%
  [   749000,   749500)        11548    0.0385%  85.8316%
  [   749500,   750000)        11637    0.0388%  85.8704%
  [   750000,   750500)        11791    0.0393%  85.9097%
  [   750500,   751000)        11603    0.0387%  85.9484%
  [   751000,   751500)        11862    0.0395%  85.9879%
  [   751500,   752000)        11753    0.0392%  86.0271%
  [   752000,   752500)        11818    0.0394%  86.0665%
  [   752500,   753000)        11871    0.0396%  86.1061%
  [   753000,   753500)        11879    0.0396%  86.1457%
  [   753500,   754000)        11856    0.0395%  86.1852%
  [   754000,   754500)        11634    0.0388%  86.2240%
  [   754500,   755000)        11720    0.0391%  86.2630%
  [   755000,   755500)        11947    0.0398%  86.3029%
  [   755500,   756000)        11762    0.0392%  86.3421%
  [   756000,   756500)        11753    0.0392%  86.3812%
  [   756500,   757000)        11773    0.0392%  86.4205%
  [   757000,   757500)        11779    0.0393%  86.4598%
  [   757500,   758000)        11993    0.0400%  86.4997%
  [   758000,   758500)        11852    0.0395%  86.5392%
  [   758500,   759000)        11758    0.0392%  86.5784%
  [   759000,   759500)        11943    0.0398%  86.6182%
  [   759500,   760000)        11888    0.0396%  86.6579%
  [   760000,   760500)        11926    0.0398%  86.6976%
  [   760500,   761000)        11890    0.0396%  86.7373%
  [   761000,   761500)        11901    0.0397%  86.7769%
  [   761500,   762000)        12020    0.0401%  86.8170%
  [   762000,   762500)        12018    0.0401%  86.8570%
  [   762500,   763000)        11913    0.0397%  86.8968%
  [   763000,   763500)        11817    0.0394%  86.9361%
  [   763500,   764000)        11736    0.0391%  86.9753%
  [   764000,   764500)        12081    0.0403%  87.0155%
  [   764500,   765000)        12135    0.0405%  87.0560%
  [   765000,   765500)        12027    0.0401%  87.0961%
  [   765500,   766000)        12057    0.0402%  87.1363%
  [   766000,   766500)        11915    0.0397%  87.1760%
  [   766500,   767000)        11718    0.0391%  87.2150%
  [   767000,   767500)        12270    0.0409%  87.2559%
  [   767500,   768000)        11820    0.0394%  87.2953%
  [   768000,   768500)        11936    0.0398%  87.3351%
  [   768500,   769000)        11992    0.0400%  87.3751%
  [   769000,   769500)        12117    0.0404%  87.4155%
  [   769500,   770000)        12163    0.0405%  87.4560%
  [   770000,   770500)        11967    0.0399%  87.4959%
  [   770500,   771000)        12022    0.0401%  87.5360%
  [   771000,   771500)        11892    0.0396%  87.5756%
  [   771500,   772000)        12088    0.0403%  87.6159%
  [   772000,   772500)        12035    0.0401%  87.6561%
  [   772500,   773000)        11816    0.0394%  87.6954%
  [   773000,   773500)        12007    0.0400%  87.7355%
  [   773500,   774000)        11844    0.0395%  87.7749%
  [   774000,   774500)        12123    0.0404%  87.8154%
  [   774500,   775000)        12070    0.0402%  87.8556%
  [   775000,   775500)        12026    0.0401%  87.8957%
  [   775500,   776000)        12041    0.0401%  87.9358%
  [   776000,   776500)        11922    0.0397%  87.9755%
  [   776500,   777000)        11879    0.0396%  88.0151%
  [   777000,   777500)        11961    0.0399%  88.0550%
  [   777500,   778000)        12087    0.0403%  88.0953%
  [   778000,   778500)        12106    0.0404%  88.1357%
  [   778500,   779000)        12084    0.0403%  88.1759%
  [   779000,   779500)        11941    0.0398%  88.2157%
  [   779500,   780000)        12084    0.0403%  88.2560%
  [   780000,   780500)        12039    0.0401%  88.2962%
  [   780500,   781000)        11975    0.0399%  88.3361%
  [   781000,   781500)        12073    0.0402%  88.3763%
  [   781500,   782000)        12150    0.0405%  88.4168%
  [   782000,   782500)        11889    0.0396%  88.4564%
  [   782500,   783000)        11933    0.0398%  88.4962%
  [   783000,   783500)        11965    0.0399%  88.5361%
  [   783500,   784000)        11843    0.0395%  88.5756%
  [   784000,   784500)        11817    0.0394%  88.6150%
  [   784500,   785000)        12008    0.0400%  88.6550%
  [   785000,   785500)        11825    0.0394%  88.6944%
  [   785500,   786000)        11987    0.0400%  88.7344%
  [   786000,   786500)        11942    0.0398%  88.7742%
  [   786500,   787000)        11851    0.0395%  88.8137%
  [   787000,   787500)        11935    0.0398%  88.8535%
  [   787500,   788000)        11826    0.0394%  88.8929%
  [   788000,   788500)        11845    0.0395%  88.9324%
  [   788500,   789000)        11841    0.0395%  88.9718%
  [   789000,   789500)        11922    0.0397%  89.0116%
  [   789500,   790000)        11847    0.0395%  89.0511%
  [   790000,   790500)        11718    0.0391%  89.0901%
  [   790500,   791000)        11959    0.0399%  89.1300%
  [   791000,   791500)        11825    0.0394%  89.1694%
  [   791500,   792000)        11826    0.0394%  89.2088%
  [   792000,   792500)        12006    0.0400%  89.2488%
  [   792500,   793000)        11953    0.0398%  89.2887%
  [   793000,   793500)        11622    0.0387%  89.3274%
  [   793500,   794000)        11811    0.0394%  89.3668%
  [   794000,   794500)        11867    0.0396%  89.4064%
  [   794500,   795000)        11862    0.0395%  89.4459%
  [   795000,   795500)        11722    0.0391%  89.4850%
  [   795500,   796000)        11734    0.0391%  89.5241%
  [   796000,   796500)        11828    0.0394%  89.5635%
  [   796500,   797000)        11821    0.0394%  89.6029%
  [   797000,   797500)        11741    0.0391%  89.6420%
  [   797500,   798000)        11705    0.0390%  89.6811%
  [   798000,   798500)        11530    0.0384%  89.7195%
  [   798500,   799000)        11618    0.0387%  89.7582%
  [   799000,   799500)        11619    0.0387%  89.7970%
  [   799500,   800000)        11691    0.0390%  89.8359%
  [   800000,   800500)        11656    0.0389%  89.8748%
  [   800500,   801000)        11792    0.0393%  89.9141%
  [   801000,   801500)        11563    0.0385%  89.9526%
  [   801500,   802000)        11642    0.0388%  89.9914%
  [   802000,   802500)        11610    0.0387%  90.0301%
  [   802500,   803000)        11615    0.0387%  90.0689%
  [   803000,   803500)        11465    0.0382%  90.1071%
  [   803500,   804000)        11524    0.0384%  90.1455%
  [   804000,   804500)        11459    0.0382%  90.1837%
  [   804500,   805000)        11632    0.0388%  90.2225%
  [   805000,   805500)        11436    0.0381%  90.2606%
  [   805500,   806000)        11764    0.0392%  90.2998%
  [   806000,   806500)        11405    0.0380%  90.3378%
  [   806500,   807000)        11531    0.0384%  90.3762%
  [   807000,   807500)        11550    0.0385%  90.4147%
  [   807500,   808000)        11701    0.0390%  90.4537%
  [   808000,   808500)        11579    0.0386%  90.4923%
  [   808500,   809000)        11352    0.0378%  90.5302%
  [   809000,   809500)        11334    0.0378%  90.5680%
  [   809500,   810000)        11433    0.0381%  90.6061%
  [   810000,   810500)        11200    0.0373%  90.6434%
  [   810500,   811000)        11390    0.0380%  90.6814%
  [   811000,   811500)        11430    0.0381%  90.7195%
  [   811500,   812000)        11398    0.0380%  90.7575%
  [   812000,   812500)        11352    0.0378%  90.7953%
  [   812500,   813000)        11329    0.0378%  90.8331%
  [   813000,   813500)        11220    0.0374%  90.8705%
  [   813500,   814000)        11170    0.0372%  90.9077%
  [   814000,   814500)        11314    0.0377%  90.9454%
  [   814500,   815000)        11374    0.0379%  90.9833%
  [   815000,   815500)        11170    0.0372%  91.0206%
  [   815500,   816000)        11219    0.0374%  91.0580%
  [   816000,   816500)        11162    0.0372%  91.0952%
  [   816500,   817000)        11108    0.0370%  91.1322%
  [   817000,   817500)        11162    0.0372%  91.1694%
  [   817500,   818000)        10939    0.0365%  91.2059%
  [   818000,   818500)        11248    0.0375%  91.2434%
  [   818500,   819000)        11093    0.0370%  91.2803%
  [   819000,   819500)        11147    0.0372%  91.3175%
  [   819500,   820000)        10958    0.0365%  91.3540%
  [   820000,   820500)        10988    0.0366%  91.3906%
  [   820500,   821000)        10892    0.0363%  91.4269%
  [   821000,   821500)        10778    0.0359%  91.4629%
  [   821500,   822000)        10966    0.0366%  91.4994%
  [   822000,   822500)        10955    0.0365%  91.5359%
  [   822500,   823000)        10845    0.0362%  91.5721%
  [   823000,   823500)        10760    0.0359%  91.6080%
  [   823500,   824000)        10828    0.0361%  91.6441%
  [   824000,   824500)        10735    0.0358%  91.6798%
  [   824500,   825000)        10951    0.0365%  91.7163%
  [   825000,   825500)        10496    0.0350%  91.7513%
  [   825500,   826000)        10683    0.0356%  91.7869%
  [   826000,   826500)        10876    0.0363%  91.8232%
  [   826500,   827000)        10833    0.0361%  91.8593%
  [   827000,   827500)        10665    0.0356%  91.8949%
  [   827500,   828000)        10687    0.0356%  91.9305%
  [   828000,   828500)        10693    0.0356%  91.9661%
  [   828500,   829000)        10535    0.0351%  92.0012%
  [   829000,   829500)        10527    0.0351%  92.0363%
  [   829500,   830000)        10480    0.0349%  92.0713%
  [   830000,   830500)        10525    0.0351%  92.1063%
  [   830500,   831000)        10578    0.0353%  92.1416%
  [   831000,   831500)        10455    0.0349%  92.1765%
  [   831500,   832000)        10583    0.0353%  92.2117%
  [   832000,   832500)        10400    0.0347%  92.2464%
  [   832500,   833000)        10543    0.0351%  92.2815%
  [   833000,   833500)        10586    0.0353%  92.3168%
  [   833500,   834000)        10450    0.0348%  92.3517%
  [   834000,   834500)        10257    0.0342%  92.3858%
  [   834500,   835000)        10374    0.0346%  92.4204%
  [   835000,   835500)        10348    0.0345%  92.4549%
  [   835500,   836000)        10456    0.0349%  92.4898%
  [   836000,   836500)        10338    0.0345%  92.5242%
  [   836500,   837000)        10409    0.0347%  92.5589%
  [   837000,   837500)        10357    0.0345%  92.5935%
  [   837500,   838000)        10326    0.0344%  92.6279%
  [   838000,   838500)        10189    0.0340%  92.6618%
  [   838500,   839000)        10219    0.0341%  92.6959%
  [   839000,   839500)        10116    0.0337%  92.7296%
  [   839500,   840000)        10108    0.0337%  92.7633%
  [   840000,   840500)        10174    0.0339%  92.7972%
  [   840500,   841000)         9977    0.0333%  92.8305%
  [   841000,   841500)        10121    0.0337%  92.8642%
  [   841500,   842000)         9959    0.0332%  92.8974%
  [   842000,   842500)        10054    0.0335%  92.9309%
  [   842500,   843000)        10117    0.0337%  92.9647%
  [   843000,   843500)        10114    0.0337%  92.9984%
  [   843500,   844000)        10043    0.0335%  93.0318%
  [   844000,   844500)         9853    0.0328%  93.0647%
  [   844500,   845000)         9740    0.0325%  93.0972%
  [   845000,   845500)         9970    0.0332%  93.1304%
  [   845500,   846000)         9906    0.0330%  93.1634%
  [   846000,   846500)         9824    0.0327%  93.1962%
  [   846500,   847000)         9767    0.0326%  93.2287%
  [   847000,   847500)         9658    0.0322%  93.2609%
  [   847500,   848000)         9568    0.0319%  93.2928%
  [   848000,   848500)         9839    0.0328%  93.3256%
  [   848500,   849000)         9435    0.0315%  93.3570%
  [   849000,   849500)         9534    0.0318%  93.3888%
  [   849500,   850000)         9777    0.0326%  93.4214%
  [   850000,   850500)         9493    0.0316%  93.4531%
  [   850500,   851000)         9355    0.0312%  93.4842%
  [   851000,   851500)         9553    0.0318%  93.5161%
  [   851500,   852000)         9556    0.0319%  93.5479%
  [   852000,   852500)         9447    0.0315%  93.5794%
  [   852500,   853000)         9526    0.0318%  93.6112%
  [   853000,   853500)         9390    0.0313%  93.6425%
  [   853500,   854000)         9488    0.0316%  93.6741%
  [   854000,   854500)         9426    0.0314%  93.7055%
  [   854500,   855000)         9443    0.0315%  93.7370%
  [   855000,   855500)         9243    0.0308%  93.7678%
  [   855500,   856000)         9240    0.0308%  93.7986%
  [   856000,   856500)         9044    0.0301%  93.8288%
  [   856500,   857000)         9078    0.0303%  93.8590%
  [   857000,   857500)         9198    0.0307%  93.8897%
  [   857500,   858000)         9014    0.0300%  93.9197%
  [   858000,   858500)         9233    0.0308%  93.9505%
  [   858500,   859000)         9160    0.0305%  93.9810%
  [   859000,   859500)         9033    0.0301%  94.0111%
  [   859500,   860000)         9007    0.0300%  94.0412%
  [   860000,   860500)         8992    0.0300%  94.0711%
  [   860500,   861000)         9044    0.0301%  94.1013%
  [   861000,   861500)         9137    0.0305%  94.1317%
  [   861500,   862000)         8937    0.0298%  94.1615%
  [   862000,   862500)         8891    0.0296%  94.1912%
  [   862500,   863000)         8941    0.0298%  94.2210%
  [   863000,   863500)         8859    0.0295%  94.2505%
  [   863500,   864000)         8918    0.0297%  94.2802%
  [   864000,   864500)         8598    0.0287%  94.3089%
  [   864500,   865000)         8751    0.0292%  94.3381%
  [   865000,   865500)         8951    0.0298%  94.3679%
  [   865500,   866000)         8687    0.0290%  94.3969%
  [   866000,   866500)         8520    0.0284%  94.4253%
  [   866500,   867000)         8836    0.0295%  94.4547%
  [   867000,   867500)         8772    0.0292%  94.4840%
  [   867500,   868000)         8630    0.0288%  94.5127%
  [   868000,   868500)         8705    0.0290%  94.5417%
  [   868500,   869000)         8559    0.0285%  94.5703%
  [   869000,   869500)         8493    0.0283%  94.5986%
  [   869500,   870000)         8411    0.0280%  94.6266%
  [   870000,   870500)         8459    0.0282%  94.6548%
  [   870500,   871000)         8533    0.0284%  94.6833%
  [   871000,   871500)         8556    0.0285%  94.7118%
  [   871500,   872000)         8395    0.0280%  94.7398%
  [   872000,   872500)         8294    0.0276%  94.7674%
  [   872500,   873000)         8393    0.0280%  94.7954%
  [   873000,   873500)         8313    0.0277%  94.8231%
  [   873500,   874000)         8369    0.0279%  94.8510%
  [   874000,   874500)         8139    0.0271%  94.8781%
  [   874500,   875000)         8252    0.0275%  94.9056%
  [   875000,   875500)         8309    0.0277%  94.9333%
  [   875500,   876000)         8224    0.0274%  94.9607%
  [   876000,   876500)         8093    0.0270%  94.9877%
  [   876500,   877000)         8034    0.0268%  95.0145%
  [   877000,   877500)         8107    0.0270%  95.0415%
  [   877500,   878000)         8224    0.0274%  95.0689%
  [   878000,   878500)         7995    0.0267%  95.0956%
  [   878500,   879000)         7852    0.0262%  95.1217%
  [   879000,   879500)         7966    0.0266%  95.1483%
  [   879500,   880000)         7925    0.0264%  95.1747%
  [   880000,   880500)         7878    0.0263%  95.2010%
  [   880500,   881000)         7834    0.0261%  95.2271%
  [   881000,   881500)         7895    0.0263%  95.2534%
  [   881500,   882000)         7920    0.0264%  95.2798%
  [   882000,   882500)         7743    0.0258%  95.3056%
  [   882500,   883000)         7723    0.0257%  95.3314%
  [   883000,   883500)         7811    0.0260%  95.3574%
  [   883500,   884000)         7659    0.0255%  95.3829%
  [   884000,   884500)         7677    0.0256%  95.4085%
  [   884500,   885000)         7602    0.0253%  95.4339%
  [   885000,   885500)         7755    0.0259%  95.4597%
  [   885500,   886000)         7721    0.0257%  95.4854%
  [   886000,   886500)         7591    0.0253%  95.5107%
  [   886500,   887000)         7662    0.0255%  95.5363%
  [   887000,   887500)         7461    0.0249%  95.5612%
  [   887500,   888000)         7525    0.0251%  95.5862%
  [   888000,   888500)         7423    0.0247%  95.6110%
  [   888500,   889000)         7528    0.0251%  95.6361%
  [   889000,   889500)         7367    0.0246%  95.6606%
  [   889500,   890000)         7341    0.0245%  95.6851%
  [   890000,   890500)         7267    0.0242%  95.7093%
  [   890500,   891000)         7285    0.0243%  95.7336%
  [   891000,   891500)         7284    0.0243%  95.7579%
  [   891500,   892000)         7294    0.0243%  95.7822%
  [   892000,   892500)         7154    0.0238%  95.8061%
  [   892500,   893000)         7161    0.0239%  95.8299%
  [   893000,   893500)         7235    0.0241%  95.8540%
  [   893500,   894000)         7246    0.0242%  95.8782%
  [   894000,   894500)         7093    0.0236%  95.9018%
  [   894500,   895000)         6984    0.0233%  95.9251%
  [   895000,   895500)         7060    0.0235%  95.9486%
  [   895500,   896000)         6885    0.0230%  95.9716%
  [   896000,   896500)         6991    0.0233%  95.9949%
  [   896500,   897000)         6968    0.0232%  96.0181%
  [   897000,   897500)         6887    0.0230%  96.0411%
  [   897500,   898000)         6913    0.0230%  96.0641%
  [   898000,   898500)         6805    0.0227%  96.0868%
  [   898500,   899000)         6781    0.0226%  96.1094%
  [   899000,   899500)         6758    0.0225%  96.1319%
  [   899500,   900000)         6673    0.0222%  96.1542%
  [   900000,   900500)         6667    0.0222%  96.1764%
  [   900500,   901000)         6757    0.0225%  96.1989%
  [   901000,   901500)         6726    0.0224%  96.2214%
  [   901500,   902000)         6778    0.0226%  96.2439%
  [   902000,   902500)         6625    0.0221%  96.2660%
  [   902500,   903000)         6534    0.0218%  96.2878%
  [   903000,   903500)         6501    0.0217%  96.3095%
  [   903500,   904000)         6639    0.0221%  96.3316%
  [   904000,   904500)         6539    0.0218%  96.3534%
  [   904500,   905000)         6499    0.0217%  96.3751%
  [   905000,   905500)         6498    0.0217%  96.3967%
  [   905500,   906000)         6469    0.0216%  96.4183%
  [   906000,   906500)         6314    0.0210%  96.4393%
  [   906500,   907000)         6273    0.0209%  96.4602%
  [   907000,   907500)         6256    0.0209%  96.4811%
  [   907500,   908000)         6407    0.0214%  96.5025%
  [   908000,   908500)         6330    0.0211%  96.5236%
  [   908500,   909000)         6291    0.0210%  96.5445%
  [   909000,   909500)         6261    0.0209%  96.5654%
  [   909500,   910000)         6130    0.0204%  96.5858%
  [   910000,   910500)         6176    0.0206%  96.6064%
  [   910500,   911000)         6229    0.0208%  96.6272%
  [   911000,   911500)         6102    0.0203%  96.6475%
  [   911500,   912000)         6182    0.0206%  96.6681%
  [   912000,   912500)         6095    0.0203%  96.6884%
  [   912500,   913000)         6028    0.0201%  96.7085%
  [   913000,   913500)         6085    0.0203%  96.7288%
  [   913500,   914000)         6113    0.0204%  96.7492%
  [   914000,   914500)         6031    0.0201%  96.7693%
  [   914500,   915000)         6075    0.0203%  96.7896%
  [   915000,   915500)         5939    0.0198%  96.8093%
  [   915500,   916000)         5817    0.0194%  96.8287%
  [   916000,   916500)         5880    0.0196%  96.8483%
  [   916500,   917000)         6021    0.0201%  96.8684%
  [   917000,   917500)         5619    0.0187%  96.8871%
  [   917500,   918000)         5752    0.0192%  96.9063%
  [   918000,   918500)         5714    0.0190%  96.9254%
  [   918500,   919000)         5761    0.0192%  96.9446%
  [   919000,   919500)         5654    0.0188%  96.9634%
  [   919500,   920000)         5718    0.0191%  96.9825%
  [   920000,   920500)         5658    0.0189%  97.0013%
  [   920500,   921000)         5613    0.0187%  97.0200%
  [   921000,   921500)         5532    0.0184%  97.0385%
  [   921500,   922000)         5597    0.0187%  97.0571%
  [   922000,   922500)         5463    0.0182%  97.0753%
  [   922500,   923000)         5583    0.0186%  97.0940%
  [   923000,   923500)         5433    0.0181%  97.1121%
  [   923500,   924000)         5374    0.0179%  97.1300%
  [   924000,   924500)         5415    0.0181%  97.1480%
  [   924500,   925000)         5401    0.0180%  97.1660%
  [   925000,   925500)         5471    0.0182%  97.1843%
  [   925500,   926000)         5266    0.0176%  97.2018%
  [   926000,   926500)         5339    0.0178%  97.2196%
  [   926500,   927000)         5353    0.0178%  97.2375%
  [   927000,   927500)         5164    0.0172%  97.2547%
  [   927500,   928000)         5215    0.0174%  97.2721%
  [   928000,   928500)         5041    0.0168%  97.2889%
  [   928500,   929000)         5239    0.0175%  97.3063%
  [   929000,   929500)         5177    0.0173%  97.3236%
  [   929500,   930000)         5148    0.0172%  97.3407%
  [   930000,   930500)         5075    0.0169%  97.3577%
  [   930500,   931000)         5148    0.0172%  97.3748%
  [   931000,   931500)         5168    0.0172%  97.3920%
  [   931500,   932000)         5106    0.0170%  97.4091%
  [   932000,   932500)         5217    0.0174%  97.4265%
  [   932500,   933000)         5093    0.0170%  97.4434%
  [   933000,   933500)         5071    0.0169%  97.4603%
  [   933500,   934000)         5063    0.0169%  97.4772%
  [   934000,   934500)         4865    0.0162%  97.4934%
  [   934500,   935000)         4899    0.0163%  97.5098%
  [   935000,   935500)         4923    0.0164%  97.5262%
  [   935500,   936000)         4754    0.0158%  97.5420%
  [   936000,   936500)         4784    0.0159%  97.5580%
  [   936500,   937000)         4743    0.0158%  97.5738%
  [   937000,   937500)         4722    0.0157%  97.5895%
  [   937500,   938000)         4774    0.0159%  97.6054%
  [   938000,   938500)         4682    0.0156%  97.6210%
  [   938500,   939000)         4758    0.0159%  97.6369%
  [   939000,   939500)         4686    0.0156%  97.6525%
  [   939500,   940000)         4636    0.0155%  97.6680%
  [   940000,   940500)         4716    0.0157%  97.6837%
  [   940500,   941000)         4667    0.0156%  97.6992%
  [   941000,   941500)         4483    0.0149%  97.7142%
  [   941500,   942000)         4695    0.0157%  97.7298%
  [   942000,   942500)         4557    0.0152%  97.7450%
  [   942500,   943000)         4449    0.0148%  97.7599%
  [   943000,   943500)         4416    0.0147%  97.7746%
  [   943500,   944000)         4542    0.0151%  97.7897%
  [   944000,   944500)         4349    0.0145%  97.8042%
  [   944500,   945000)         4479    0.0149%  97.8191%
  [   945000,   945500)         4343    0.0145%  97.8336%
  [   945500,   946000)         4330    0.0144%  97.8481%
  [   946000,   946500)         4430    0.0148%  97.8628%
  [   946500,   947000)         4280    0.0143%  97.8771%
  [   947000,   947500)         4394    0.0146%  97.8917%
  [   947500,   948000)         4222    0.0141%  97.9058%
  [   948000,   948500)         4220    0.0141%  97.9199%
  [   948500,   949000)         4100    0.0137%  97.9335%
  [   949000,   949500)         4200    0.0140%  97.9475%
  [   949500,   950000)         4147    0.0138%  97.9614%
  [   950000,   950500)         4160    0.0139%  97.9752%
  [   950500,   951000)         4110    0.0137%  97.9889%
  [   951000,   951500)         4053    0.0135%  98.0024%
  [   951500,   952000)         4114    0.0137%  98.0162%
  [   952000,   952500)         4058    0.0135%  98.0297%
  [   952500,   953000)         4062    0.0135%  98.0432%
  [   953000,   953500)         4001    0.0133%  98.0566%
  [   953500,   954000)         4000    0.0133%  98.0699%
  [   954000,   954500)         3935    0.0131%  98.0830%
  [   954500,   955000)         4007    0.0134%  98.0964%
  [   955000,   955500)         3879    0.0129%  98.1093%
  [   955500,   956000)         4003    0.0133%  98.1226%
  [   956000,   956500)         3927    0.0131%  98.1357%
  [   956500,   957000)         3885    0.0130%  98.1487%
  [   957000,   957500)         3742    0.0125%  98.1611%
  [   957500,   958000)         3873    0.0129%  98.1741%
  [   958000,   958500)         3790    0.0126%  98.1867%
  [   958500,   959000)         3778    0.0126%  98.1993%
  [   959000,   959500)         3782    0.0126%  98.2119%
  [   959500,   960000)         3846    0.0128%  98.2247%
  [   960000,   960500)         3699    0.0123%  98.2370%
  [   960500,   961000)         3716    0.0124%  98.2494%
  [   961000,   961500)         3802    0.0127%  98.2621%
  [   961500,   962000)         3660    0.0122%  98.2743%
  [   962000,   962500)         3767    0.0126%  98.2869%
  [   962500,   963000)         3713    0.0124%  98.2992%
  [   963000,   963500)         3579    0.0119%  98.3112%
  [   963500,   964000)         3610    0.0120%  98.3232%
  [   964000,   964500)         3469    0.0116%  98.3348%
  [   964500,   965000)         3478    0.0116%  98.3464%
  [   965000,   965500)         3537    0.0118%  98.3581%
  [   965500,   966000)         3522    0.0117%  98.3699%
  [   966000,   966500)         3476    0.0116%  98.3815%
  [   966500,   967000)         3340    0.0111%  98.3926%
  [   967000,   967500)         3370    0.0112%  98.4038%
  [   967500,   968000)         3471    0.0116%  98.4154%
  [   968000,   968500)         3396    0.0113%  98.4267%
  [   968500,   969000)         3481    0.0116%  98.4383%
  [   969000,   969500)         3580    0.0119%  98.4503%
  [   969500,   970000)         3277    0.0109%  98.4612%
  [   970000,   970500)         3316    0.0111%  98.4722%
  [   970500,   971000)         3327    0.0111%  98.4833%
  [   971000,   971500)         3331    0.0111%  98.4944%
  [   971500,   972000)         3296    0.0110%  98.5054%
  [   972000,   972500)         3246    0.0108%  98.5162%
  [   972500,   973000)         3170    0.0106%  98.5268%
  [   973000,   973500)         3228    0.0108%  98.5376%
  [   973500,   974000)         3124    0.0104%  98.5480%
  [   974000,   974500)         3175    0.0106%  98.5586%
  [   974500,   975000)         3146    0.0105%  98.5691%
  [   975000,   975500)         3180    0.0106%  98.5797%
  [   975500,   976000)         3046    0.0102%  98.5898%
  [   976000,   976500)         3134    0.0104%  98.6003%
  [   976500,   977000)         3152    0.0105%  98.6108%
  [   977000,   977500)         3113    0.0104%  98.6211%
  [   977500,   978000)         3074    0.0102%  98.6314%
  [   978000,   978500)         3137    0.0105%  98.6418%
  [   978500,   979000)         2922    0.0097%  98.6516%
  [   979000,   979500)         2983    0.0099%  98.6615%
  [   979500,   980000)         3015    0.0101%  98.6716%
  [   980000,   980500)         3034    0.0101%  98.6817%
  [   980500,   981000)         2887    0.0096%  98.6913%
  [   981000,   981500)         2893    0.0096%  98.7010%
  [   981500,   982000)         2950    0.0098%  98.7108%
  [   982000,   982500)         2833    0.0094%  98.7202%
  [   982500,   983000)         2817    0.0094%  98.7296%
  [   983000,   983500)         2858    0.0095%  98.7391%
  [   983500,   984000)         2858    0.0095%  98.7487%
  [   984000,   984500)         2804    0.0093%  98.7580%
  [   984500,   985000)         2808    0.0094%  98.7674%
  [   985000,   985500)         2781    0.0093%  98.7766%
  [   985500,   986000)         2772    0.0092%  98.7859%
  [   986000,   986500)         2828    0.0094%  98.7953%
  [   986500,   987000)         2688    0.0090%  98.8043%
  [   987000,   987500)         2682    0.0089%  98.8132%
  [   987500,   988000)         2625    0.0088%  98.8220%
  [   988000,   988500)         2647    0.0088%  98.8308%
  [   988500,   989000)         2637    0.0088%  98.8396%
  [   989000,   989500)         2708    0.0090%  98.8486%
  [   989500,   990000)         2620    0.0087%  98.8573%
  [   990000,   990500)         2646    0.0088%  98.8662%
  [   990500,   991000)         2558    0.0085%  98.8747%
  [   991000,   991500)         2564    0.0085%  98.8832%
  [   991500,   992000)         2535    0.0085%  98.8917%
  [   992000,   992500)         2507    0.0084%  98.9000%
  [   992500,   993000)         2623    0.0087%  98.9088%
  [   993000,   993500)         2533    0.0084%  98.9172%
  [   993500,   994000)         2653    0.0088%  98.9261%
  [   994000,   994500)         2534    0.0084%  98.9345%
  [   994500,   995000)         2437    0.0081%  98.9426%
  [   995000,   995500)         2460    0.0082%  98.9508%
  [   995500,   996000)         2425    0.0081%  98.9589%
  [   996000,   996500)         2485    0.0083%  98.9672%
  [   996500,   997000)         2350    0.0078%  98.9750%
  [   997000,   997500)         2455    0.0082%  98.9832%
  [   997500,   998000)         2388    0.0080%  98.9912%
  [   998000,   998500)         2393    0.0080%  98.9992%
  [   998500,   999000)         2316    0.0077%  99.0069%
  [   999000,   999500)         2300    0.0077%  99.0145%
  [   999500, +inf)              295636    0.9855% 100.0000%

----- OFFLOADED TASKS [node 1] -----
  ops total                = 29999988
  ops direct (1-sided)     = 29999988 (100.00%)
  ops offload (rpc)        = 0 (0.00%)
  lookup pushdowns         = 0
  scan   pushdowns (RPC)   = 0
    kv pairs returned      = 0
    leaves scanned remotely= 0
    kv / scan pushdown     = 0.00
    leaves / scan pushdown = 0.00
=========================================================================

[CORRECTNESS node 1] lookup found 14997696 / 14997948 = 99.9983%
[CORRECTNESS node 1] scan rows returned = 1500192484
[READPATH node 1] lookups=702357424  index-cache hit=49.5%  per lookup: leaf=1.000 speculative=0.000 (right 0.0%) hop-reads=1.000 (two-segment 0.437) retries=0.000 invalid=0.000 sibling=0.000  => est. leaf round trips/lookup=1.000
[LEAFCACHE] off

----- PER-LEVEL CACHE HITS [node 1] (lookups; level 0 = leaf) -----
[LEVEL] level=0 hits=0 misses=14974988 hit_rate=0.0000
[LEVEL] level=1 hits=8701012 misses=6273976 hit_rate=0.5810
[LEVEL] level=2 hits=9343232 misses=5631756 hit_rate=0.6239
[LEVEL] level=3 hits=9803838 misses=5171150 hit_rate=0.6547
[LEVEL] level=4 hits=9970621 misses=5004367 hit_rate=0.6658
[LEVEL] level=5 hits=9993596 misses=4981392 hit_rate=0.6674
[LEVEL] level=6 hits=9994525 misses=4980463 hit_rate=0.6674
[LEVEL] level=7 hits=9994534 misses=4980454 hit_rate=0.6674
[LEVEL] level=8 hits=9994534 misses=4980454 hit_rate=0.6674
[LEVEL] level=9 hits=9994534 misses=4980454 hit_rate=0.6674
[KIND node 1] lookups=14974988 inner_visits=134774892 inner_hits=87790426 inner_hit_pct=65.14 leaf_visits=14974988 leaf_hits=0 leaf_hit_pct=0.00
[SCANLEAF node 1] scans=15002040 inner_complete_miss=4617806 inner_partial=2788917 leaf_cache_hits=0 leaf_reads=108806335 cn_leaves_per_scan=7.25 leaf_hit_pct=0.00
[END]
