nodes 2, threads 36, mix R/I/U/S=0/0/0/100, zipf-0.99, bulk 50M warmup 10M op 30M, offload 0%, scan_range 100
[4mshared memory size: 64GB, 0x7feeda800000[0m
[4mrdma cache size: 4GB[0m
[4mMachine NR: 2[0m
[4mCompute server 1 start up [10.30.1.6]
[0m
I connect server 0
[CONFIG node 1] bulk load: bottom-up build, 8 keys per leaf, 6 children per inner node (CHIME_BULK_BUILD / CHIME_BUILD_LEAF_KEYS / CHIME_BUILD_INNER_FANOUT)
[CONFIG node 1] clients on this node: yes (CHIME_MN_CLIENTS)
[CONFIG node 1] scan path: from_cache=1 offload_always=0 (CHIME_SCAN_FROM_CACHE / CHIME_SCAN_OFFLOAD_ALWAYS)
[CONFIG node 1] push ops: both (CHIME_PUSH_OPS; applies only with offloading on)
[CACHE node 1] total=128 MB index=127 MB leaf=1 MB
[CONFIG node 1] dir threads = 1 (CHIME_DIR_THREADS, max 16) -- MUST match the other node
[CORES node 1] linear pinning: app threads -> CPUs 0..35, main -> 79, dir threads -> 79 (REV_DIR_CPUS)
[CONFIG] hotspot buffer + speculative read: off (CHIME_HOTSPOT; stock CHIME: on above 50 MB)
 ----- [LeafCache]: budget=1 MB -> 256 sets x 8 ways = 2048 leaves (352 B/leaf, 0.7 MB) -----
workload generated: keyspace=50001000 bulk=50000000 warmup=9999972 op=29999988
[4mKey space set: keySpaceSize=50000000[0m
I am 37
I am 38
I am 36
I am 39
I am 40
I am 71
I am 43
I am 48
I am 46
I am 44
I am 41
I am 49
I am 53
I am 66
I am 52
I am 42
I am 61
I am 45
I am 60
I am 56
I am 50
I am 54
I am 47
I am 55
I am 58
I am 62
I am 59
I am 63
I am 64
I am 68
I am 67
I am 70
I am 69
I am 65
I am 57
I am 51
[build] leaves: 10% (625001/6250000)
[build] leaves: 20% (1250002/6250000)
[build] leaves: 30% (1875003/6250000)
[build] leaves: 40% (2500004/6250000)
[build] leaves: 50% (3125005/6250000)
[build] leaves: 60% (3750006/6250000)
[build] leaves: 70% (4375007/6250000)
[build] leaves: 80% (5000008/6250000)
[build] leaves: 90% (5625009/6250000)
[build] inner level 1: 1041667 nodes
[build] inner level 2: 173611 nodes
[build] inner level 3: 28935 nodes
[build] inner level 4: 4823 nodes
[build] inner level 5: 804 nodes
[build] inner level 6: 134 nodes
[build] inner level 7: 23 nodes
[build] inner level 8: 4 nodes
[build] inner level 9: 1 nodes
[build] done in 18.9s: height=10 leaves=6250000 inner_nodes=1250002 (8 keys per leaf, 6 children per inner node)
[TREE] height=10 leaves=6250000 inner_nodes=1250002 keys_per_leaf=8.00 inner_MB=399.4 leaf_MB=2104.0 total_MB=2503.4 (internal span 16, leaf span 16, node bytes inner=335 leaf=353)
node 1 warmup done in 62s
[INDEX] --- post-bulk-load cache occupancy (cache = 127 MB) ---
 ----- [TreeCache]:  cache size=127 MB free_size=0.000 MB skiplist_node_cnt=1249800 ----- 
consumed cache size = 127.000 MB
 ----- [IdxCache]:  cache size=0 MB free_size=0.000 MB ---- 
consumed hotspot buffer size = 0.000000 MB

 ----- [LeafCache]: capacity=2048 leaves resident=2048 (100.0% full, 0.7 MB) -----
[LEAFCACHE] hit=144861942 miss=132529565 stale=0 fill=22800883 hit_pct=52.223 admit_pct=17.204 resident=2048 capacity=2048 budget_mb=1
1, throughput 0.2446 Mops
1, throughput 0.2448 Mops
1, throughput 0.2463 Mops
1, throughput 0.2458 Mops
1, throughput 0.2456 Mops
1, throughput 0.2464 Mops
1, throughput 0.2455 Mops
1, throughput 0.2459 Mops
1, throughput 0.2441 Mops
1, throughput 0.2459 Mops
1, throughput 0.2434 Mops
1, throughput 0.2461 Mops
1, throughput 0.2446 Mops
1, throughput 0.2455 Mops
1, throughput 0.2413 Mops
1, throughput 0.2453 Mops
1, throughput 0.2449 Mops
1, throughput 0.2435 Mops
1, throughput 0.2462 Mops
1, throughput 0.2433 Mops
1, throughput 0.2452 Mops
1, throughput 0.2459 Mops
1, throughput 0.2451 Mops
1, throughput 0.2445 Mops
1, throughput 0.2449 Mops
1, throughput 0.2465 Mops
1, throughput 0.2464 Mops
1, throughput 0.2471 Mops
1, throughput 0.2462 Mops
1, throughput 0.2466 Mops
1, throughput 0.2438 Mops
1, throughput 0.2477 Mops
1, throughput 0.2472 Mops
1, throughput 0.2436 Mops
1, throughput 0.2445 Mops
1, throughput 0.2427 Mops
1, throughput 0.2456 Mops
1, throughput 0.2438 Mops
1, throughput 0.2468 Mops
1, throughput 0.2453 Mops
1, throughput 0.2451 Mops
1, throughput 0.2450 Mops
1, throughput 0.2453 Mops
1, throughput 0.2459 Mops
1, throughput 0.2457 Mops
1, throughput 0.2463 Mops
1, throughput 0.2451 Mops
1, throughput 0.2462 Mops
1, throughput 0.2463 Mops
1, throughput 0.2438 Mops
1, throughput 0.2430 Mops
1, throughput 0.2455 Mops
1, throughput 0.2446 Mops
1, throughput 0.2466 Mops
1, throughput 0.2469 Mops
1, throughput 0.2395 Mops
1, throughput 0.2453 Mops
1, throughput 0.2456 Mops
1, throughput 0.2456 Mops
1, throughput 0.2461 Mops
1, throughput 0.2463 Mops
1, throughput 0.2473 Mops
1, throughput 0.2451 Mops
1, throughput 0.2465 Mops
1, throughput 0.2454 Mops
1, throughput 0.2459 Mops
1, throughput 0.2459 Mops
1, throughput 0.2460 Mops
1, throughput 0.2456 Mops
1, throughput 0.2471 Mops
1, throughput 0.2478 Mops
1, throughput 0.2448 Mops
1, throughput 0.2468 Mops
1, throughput 0.2458 Mops
1, throughput 0.2453 Mops
1, throughput 0.2442 Mops
1, throughput 0.2444 Mops
1, throughput 0.2445 Mops
1, throughput 0.2447 Mops
1, throughput 0.2461 Mops
1, throughput 0.2472 Mops
1, throughput 0.2474 Mops
1, throughput 0.2465 Mops
1, throughput 0.2458 Mops
1, throughput 0.2470 Mops
1, throughput 0.2462 Mops
1, throughput 0.2456 Mops
1, throughput 0.2463 Mops
1, throughput 0.2465 Mops
1, throughput 0.2471 Mops
1, throughput 0.2438 Mops
1, throughput 0.2453 Mops
1, throughput 0.2487 Mops
1, throughput 0.2461 Mops
1, throughput 0.2464 Mops
1, throughput 0.2459 Mops
1, throughput 0.2424 Mops
1, throughput 0.2466 Mops
1, throughput 0.2466 Mops
1, throughput 0.2453 Mops
1, throughput 0.2466 Mops
1, throughput 0.2475 Mops
1, throughput 0.2477 Mops
1, throughput 0.2466 Mops
1, throughput 0.2498 Mops
1, throughput 0.2467 Mops
1, throughput 0.2471 Mops
1, throughput 0.2461 Mops
1, throughput 0.2475 Mops
1, throughput 0.2450 Mops
1, throughput 0.2478 Mops
1, throughput 0.2458 Mops
1, throughput 0.2485 Mops
1, throughput 0.2466 Mops
1, throughput 0.2439 Mops
1, throughput 0.2458 Mops
1, throughput 0.2480 Mops
1, throughput 0.2407 Mops
1, throughput 0.2468 Mops
1, throughput 0.2476 Mops
1, throughput 0.2466 Mops
1, throughput 0.2460 Mops
1, throughput 0.2483 Mops
1, throughput 0.2447 Mops
1, throughput 0.2465 Mops
1, throughput 0.2476 Mops
1, throughput 0.2470 Mops
1, throughput 0.2479 Mops
1, throughput 0.2488 Mops
1, throughput 0.2466 Mops
1, throughput 0.2463 Mops
1, throughput 0.2449 Mops
1, throughput 0.2435 Mops
1, throughput 0.2469 Mops
1, throughput 0.2463 Mops
1, throughput 0.2473 Mops
1, throughput 0.2466 Mops
1, throughput 0.2437 Mops
1, throughput 0.2470 Mops
1, throughput 0.2458 Mops
1, throughput 0.2489 Mops
1, throughput 0.2463 Mops
1, throughput 0.2467 Mops
1, throughput 0.2469 Mops
1, throughput 0.2490 Mops
1, throughput 0.2461 Mops
1, throughput 0.2467 Mops
1, throughput 0.2475 Mops
1, throughput 0.2472 Mops
1, throughput 0.2461 Mops
1, throughput 0.2467 Mops
1, throughput 0.2451 Mops
1, throughput 0.2449 Mops
1, throughput 0.2454 Mops
1, throughput 0.2458 Mops
1, throughput 0.2461 Mops
1, throughput 0.2463 Mops
1, throughput 0.2465 Mops
1, throughput 0.2437 Mops
1, throughput 0.2457 Mops
1, throughput 0.2487 Mops
1, throughput 0.2453 Mops
1, throughput 0.2458 Mops
1, throughput 0.2460 Mops
1, throughput 0.2445 Mops
1, throughput 0.2468 Mops
1, throughput 0.2466 Mops
1, throughput 0.2468 Mops
1, throughput 0.2473 Mops
1, throughput 0.2480 Mops
1, throughput 0.2459 Mops
1, throughput 0.2472 Mops
1, throughput 0.2448 Mops
1, throughput 0.2468 Mops
1, throughput 0.2468 Mops
1, throughput 0.2486 Mops
1, throughput 0.2484 Mops
1, throughput 0.2467 Mops
1, throughput 0.2452 Mops
1, throughput 0.2470 Mops
1, throughput 0.2462 Mops
1, throughput 0.2467 Mops
1, throughput 0.2472 Mops
1, throughput 0.2462 Mops
1, throughput 0.2475 Mops
1, throughput 0.2463 Mops
1, throughput 0.2444 Mops
1, throughput 0.2467 Mops
1, throughput 0.2479 Mops
1, throughput 0.2467 Mops
1, throughput 0.2486 Mops
1, throughput 0.2489 Mops
1, throughput 0.2493 Mops
1, throughput 0.2480 Mops
1, throughput 0.2454 Mops
1, throughput 0.2458 Mops
1, throughput 0.2465 Mops
1, throughput 0.2464 Mops
1, throughput 0.2481 Mops
1, throughput 0.2436 Mops
1, throughput 0.2479 Mops
1, throughput 0.2477 Mops
1, throughput 0.2473 Mops
1, throughput 0.2438 Mops
1, throughput 0.2459 Mops
1, throughput 0.2460 Mops
1, throughput 0.2482 Mops
1, throughput 0.2464 Mops
1, throughput 0.2464 Mops
1, throughput 0.2469 Mops
1, throughput 0.2463 Mops
1, throughput 0.2472 Mops
1, throughput 0.2467 Mops
1, throughput 0.2467 Mops
1, throughput 0.2473 Mops
1, throughput 0.2474 Mops
1, throughput 0.2481 Mops
1, throughput 0.2465 Mops
1, throughput 0.2471 Mops
1, throughput 0.2443 Mops
1, throughput 0.2428 Mops
1, throughput 0.2475 Mops
1, throughput 0.2462 Mops
1, throughput 0.2463 Mops
1, throughput 0.2485 Mops
1, throughput 0.2466 Mops
1, throughput 0.2466 Mops
1, throughput 0.2504 Mops
1, throughput 0.2481 Mops
1, throughput 0.2469 Mops
1, throughput 0.2460 Mops
1, throughput 0.2469 Mops
1, throughput 0.2486 Mops
1, throughput 0.2475 Mops
1, throughput 0.2486 Mops
1, throughput 0.2469 Mops
1, throughput 0.2481 Mops
1, throughput 0.2469 Mops
1, throughput 0.2357 Mops
1, throughput 0.1695 Mops
1, throughput 0.1438 Mops
1, throughput 0.1441 Mops
1, throughput 0.1446 Mops
1, throughput 0.1440 Mops
1, throughput 0.1458 Mops
1, throughput 0.1445 Mops
1, throughput 0.1064 Mops
1, throughput 0.0192 Mops
[RESULT node 1] ops=29999988 elapsed=123.858s throughput=0.2422 Mops mode=op-bounded
[RDMA node 1] ops=29999988 posts=556166864 read_wr=1661004393 read_bytes=170766184265 write_wr=0 write_bytes=0 atomic_wr=0 send_wr=0 send_bytes=0
[RDMA node 1] per_op: round_trips=18.5389 reads=55.3668 writes=0.0000 atomics=0.0000 sends=0.0000 verbs=55.3668 bytes=5692.2

==================== LATENCY BUCKETS (500 ns) [node 1] ====================
[RANGE]
  ALL                n=29999988   mean=  145.73us  p50=  41.00us  p90= 609.50us  p99= 838.00us  p99.9= 966.00us  max>=1000.00us
  DIRECT (1-sided)   n=29999988   mean=  145.73us  p50=  41.00us  p90= 609.50us  p99= 838.00us  p99.9= 966.00us  max>=1000.00us
  OFFLOAD (rpc)             (no samples)
[ALL OPS]
  ALL                n=29999988   mean=  145.73us  p50=  41.00us  p90= 609.50us  p99= 838.00us  p99.9= 966.00us  max>=1000.00us
  DIRECT (1-sided)   n=29999988   mean=  145.73us  p50=  41.00us  p90= 609.50us  p99= 838.00us  p99.9= 966.00us  max>=1000.00us
  OFFLOAD (rpc)             (no samples)

----- 500 ns bucket CDF (all ops) [node 1] -----
  bucket [lo,hi) ns             count        pct       cdf
  [    19500,    20000)            1    0.0000%   0.0000%
  [    20500,    21000)            1    0.0000%   0.0000%
  [    21500,    22000)            1    0.0000%   0.0000%
  [    22500,    23000)            1    0.0000%   0.0000%
  [    23500,    24000)            4    0.0000%   0.0000%
  [    24000,    24500)            8    0.0000%   0.0001%
  [    24500,    25000)           12    0.0000%   0.0001%
  [    25000,    25500)           16    0.0001%   0.0001%
  [    25500,    26000)           34    0.0001%   0.0003%
  [    26000,    26500)           48    0.0002%   0.0004%
  [    26500,    27000)           55    0.0002%   0.0006%
  [    27000,    27500)           98    0.0003%   0.0009%
  [    27500,    28000)          137    0.0005%   0.0014%
  [    28000,    28500)          248    0.0008%   0.0022%
  [    28500,    29000)          449    0.0015%   0.0037%
  [    29000,    29500)         1010    0.0034%   0.0071%
  [    29500,    30000)         2391    0.0080%   0.0150%
  [    30000,    30500)         4669    0.0156%   0.0306%
  [    30500,    31000)         8200    0.0273%   0.0579%
  [    31000,    31500)        12330    0.0411%   0.0990%
  [    31500,    32000)        17753    0.0592%   0.1582%
  [    32000,    32500)        25127    0.0838%   0.2420%
  [    32500,    33000)        35986    0.1200%   0.3619%
  [    33000,    33500)        53101    0.1770%   0.5389%
  [    33500,    34000)        81704    0.2723%   0.8113%
  [    34000,    34500)       130163    0.4339%   1.2452%
  [    34500,    35000)       205816    0.6861%   1.9312%
  [    35000,    35500)       314950    1.0498%   2.9810%
  [    35500,    36000)       461821    1.5394%   4.5204%
  [    36000,    36500)       648170    2.1606%   6.6810%
  [    36500,    37000)       870727    2.9024%   9.5834%
  [    37000,    37500)      1110144    3.7005%  13.2839%
  [    37500,    38000)      1340575    4.4686%  17.7525%
  [    38000,    38500)      1541099    5.1370%  22.8895%
  [    38500,    39000)      1675714    5.5857%  28.4752%
  [    39000,    39500)      1730311    5.7677%  34.2429%
  [    39500,    40000)      1703096    5.6770%  39.9199%
  [    40000,    40500)      1603615    5.3454%  45.2653%
  [    40500,    41000)      1450054    4.8335%  50.0988%
  [    41000,    41500)      1273073    4.2436%  54.3424%
  [    41500,    42000)      1088866    3.6296%  57.9719%
  [    42000,    42500)       919672    3.0656%  61.0375%
  [    42500,    43000)       780634    2.6021%  63.6396%
  [    43000,    43500)       667023    2.2234%  65.8630%
  [    43500,    44000)       579766    1.9326%  67.7956%
  [    44000,    44500)       510786    1.7026%  69.4982%
  [    44500,    45000)       453000    1.5100%  71.0082%
  [    45000,    45500)       403281    1.3443%  72.3525%
  [    45500,    46000)       357337    1.1911%  73.5436%
  [    46000,    46500)       311575    1.0386%  74.5822%
  [    46500,    47000)       268442    0.8948%  75.4770%
  [    47000,    47500)       225856    0.7529%  76.2299%
  [    47500,    48000)       186839    0.6228%  76.8527%
  [    48000,    48500)       152366    0.5079%  77.3605%
  [    48500,    49000)       122680    0.4089%  77.7695%
  [    49000,    49500)        97022    0.3234%  78.0929%
  [    49500,    50000)        76778    0.2559%  78.3488%
  [    50000,    50500)        59744    0.1991%  78.5480%
  [    50500,    51000)        46451    0.1548%  78.7028%
  [    51000,    51500)        36388    0.1213%  78.8241%
  [    51500,    52000)        28008    0.0934%  78.9175%
  [    52000,    52500)        21111    0.0704%  78.9878%
  [    52500,    53000)        16398    0.0547%  79.0425%
  [    53000,    53500)        12701    0.0423%  79.0848%
  [    53500,    54000)         9761    0.0325%  79.1174%
  [    54000,    54500)         7582    0.0253%  79.1426%
  [    54500,    55000)         6112    0.0204%  79.1630%
  [    55000,    55500)         4946    0.0165%  79.1795%
  [    55500,    56000)         4065    0.0136%  79.1930%
  [    56000,    56500)         3258    0.0109%  79.2039%
  [    56500,    57000)         2738    0.0091%  79.2130%
  [    57000,    57500)         2427    0.0081%  79.2211%
  [    57500,    58000)         2103    0.0070%  79.2281%
  [    58000,    58500)         1839    0.0061%  79.2343%
  [    58500,    59000)         1661    0.0055%  79.2398%
  [    59000,    59500)         1457    0.0049%  79.2446%
  [    59500,    60000)         1429    0.0048%  79.2494%
  [    60000,    60500)         1359    0.0045%  79.2539%
  [    60500,    61000)         1170    0.0039%  79.2578%
  [    61000,    61500)         1077    0.0036%  79.2614%
  [    61500,    62000)         1018    0.0034%  79.2648%
  [    62000,    62500)         1046    0.0035%  79.2683%
  [    62500,    63000)         1003    0.0033%  79.2717%
  [    63000,    63500)          875    0.0029%  79.2746%
  [    63500,    64000)          872    0.0029%  79.2775%
  [    64000,    64500)          845    0.0028%  79.2803%
  [    64500,    65000)          822    0.0027%  79.2830%
  [    65000,    65500)          768    0.0026%  79.2856%
  [    65500,    66000)          803    0.0027%  79.2883%
  [    66000,    66500)          812    0.0027%  79.2910%
  [    66500,    67000)          745    0.0025%  79.2935%
  [    67000,    67500)          741    0.0025%  79.2959%
  [    67500,    68000)          761    0.0025%  79.2985%
  [    68000,    68500)          752    0.0025%  79.3010%
  [    68500,    69000)          704    0.0023%  79.3033%
  [    69000,    69500)          700    0.0023%  79.3057%
  [    69500,    70000)          735    0.0025%  79.3081%
  [    70000,    70500)          674    0.0022%  79.3104%
  [    70500,    71000)          695    0.0023%  79.3127%
  [    71000,    71500)          679    0.0023%  79.3149%
  [    71500,    72000)          687    0.0023%  79.3172%
  [    72000,    72500)          670    0.0022%  79.3195%
  [    72500,    73000)          697    0.0023%  79.3218%
  [    73000,    73500)          660    0.0022%  79.3240%
  [    73500,    74000)          696    0.0023%  79.3263%
  [    74000,    74500)          665    0.0022%  79.3285%
  [    74500,    75000)          682    0.0023%  79.3308%
  [    75000,    75500)          704    0.0023%  79.3331%
  [    75500,    76000)          713    0.0024%  79.3355%
  [    76000,    76500)          684    0.0023%  79.3378%
  [    76500,    77000)          691    0.0023%  79.3401%
  [    77000,    77500)          674    0.0022%  79.3423%
  [    77500,    78000)          686    0.0023%  79.3446%
  [    78000,    78500)          710    0.0024%  79.3470%
  [    78500,    79000)          659    0.0022%  79.3492%
  [    79000,    79500)          679    0.0023%  79.3515%
  [    79500,    80000)          705    0.0024%  79.3538%
  [    80000,    80500)          731    0.0024%  79.3562%
  [    80500,    81000)          689    0.0023%  79.3585%
  [    81000,    81500)          741    0.0025%  79.3610%
  [    81500,    82000)          694    0.0023%  79.3633%
  [    82000,    82500)          672    0.0022%  79.3656%
  [    82500,    83000)          672    0.0022%  79.3678%
  [    83000,    83500)          729    0.0024%  79.3702%
  [    83500,    84000)          791    0.0026%  79.3729%
  [    84000,    84500)          767    0.0026%  79.3754%
  [    84500,    85000)          750    0.0025%  79.3779%
  [    85000,    85500)          712    0.0024%  79.3803%
  [    85500,    86000)          754    0.0025%  79.3828%
  [    86000,    86500)          825    0.0028%  79.3856%
  [    86500,    87000)          752    0.0025%  79.3881%
  [    87000,    87500)          750    0.0025%  79.3906%
  [    87500,    88000)          773    0.0026%  79.3931%
  [    88000,    88500)          726    0.0024%  79.3956%
  [    88500,    89000)          778    0.0026%  79.3982%
  [    89000,    89500)          782    0.0026%  79.4008%
  [    89500,    90000)          778    0.0026%  79.4034%
  [    90000,    90500)          769    0.0026%  79.4059%
  [    90500,    91000)          750    0.0025%  79.4084%
  [    91000,    91500)          765    0.0026%  79.4110%
  [    91500,    92000)          763    0.0025%  79.4135%
  [    92000,    92500)          797    0.0027%  79.4162%
  [    92500,    93000)          737    0.0025%  79.4186%
  [    93000,    93500)          807    0.0027%  79.4213%
  [    93500,    94000)          798    0.0027%  79.4240%
  [    94000,    94500)          771    0.0026%  79.4265%
  [    94500,    95000)          785    0.0026%  79.4292%
  [    95000,    95500)          776    0.0026%  79.4318%
  [    95500,    96000)          845    0.0028%  79.4346%
  [    96000,    96500)          788    0.0026%  79.4372%
  [    96500,    97000)          867    0.0029%  79.4401%
  [    97000,    97500)          820    0.0027%  79.4428%
  [    97500,    98000)          802    0.0027%  79.4455%
  [    98000,    98500)          803    0.0027%  79.4482%
  [    98500,    99000)          820    0.0027%  79.4509%
  [    99000,    99500)          823    0.0027%  79.4536%
  [    99500,   100000)          782    0.0026%  79.4563%
  [   100000,   100500)          825    0.0028%  79.4590%
  [   100500,   101000)          855    0.0029%  79.4619%
  [   101000,   101500)          801    0.0027%  79.4645%
  [   101500,   102000)          803    0.0027%  79.4672%
  [   102000,   102500)          825    0.0028%  79.4699%
  [   102500,   103000)          773    0.0026%  79.4725%
  [   103000,   103500)          864    0.0029%  79.4754%
  [   103500,   104000)          813    0.0027%  79.4781%
  [   104000,   104500)          813    0.0027%  79.4808%
  [   104500,   105000)          814    0.0027%  79.4835%
  [   105000,   105500)          827    0.0028%  79.4863%
  [   105500,   106000)          781    0.0026%  79.4889%
  [   106000,   106500)          785    0.0026%  79.4915%
  [   106500,   107000)          888    0.0030%  79.4945%
  [   107000,   107500)          856    0.0029%  79.4973%
  [   107500,   108000)          828    0.0028%  79.5001%
  [   108000,   108500)          840    0.0028%  79.5029%
  [   108500,   109000)          826    0.0028%  79.5056%
  [   109000,   109500)          867    0.0029%  79.5085%
  [   109500,   110000)          811    0.0027%  79.5112%
  [   110000,   110500)          865    0.0029%  79.5141%
  [   110500,   111000)          885    0.0030%  79.5171%
  [   111000,   111500)          835    0.0028%  79.5199%
  [   111500,   112000)          863    0.0029%  79.5227%
  [   112000,   112500)          886    0.0030%  79.5257%
  [   112500,   113000)          840    0.0028%  79.5285%
  [   113000,   113500)          863    0.0029%  79.5314%
  [   113500,   114000)          863    0.0029%  79.5342%
  [   114000,   114500)          886    0.0030%  79.5372%
  [   114500,   115000)          830    0.0028%  79.5400%
  [   115000,   115500)          884    0.0029%  79.5429%
  [   115500,   116000)          884    0.0029%  79.5458%
  [   116000,   116500)          902    0.0030%  79.5489%
  [   116500,   117000)          898    0.0030%  79.5518%
  [   117000,   117500)          884    0.0029%  79.5548%
  [   117500,   118000)          867    0.0029%  79.5577%
  [   118000,   118500)          873    0.0029%  79.5606%
  [   118500,   119000)          907    0.0030%  79.5636%
  [   119000,   119500)          883    0.0029%  79.5666%
  [   119500,   120000)          883    0.0029%  79.5695%
  [   120000,   120500)          865    0.0029%  79.5724%
  [   120500,   121000)          857    0.0029%  79.5752%
  [   121000,   121500)          921    0.0031%  79.5783%
  [   121500,   122000)          884    0.0029%  79.5813%
  [   122000,   122500)          914    0.0030%  79.5843%
  [   122500,   123000)          976    0.0033%  79.5876%
  [   123000,   123500)          975    0.0033%  79.5908%
  [   123500,   124000)          945    0.0032%  79.5940%
  [   124000,   124500)          989    0.0033%  79.5973%
  [   124500,   125000)         1016    0.0034%  79.6006%
  [   125000,   125500)          968    0.0032%  79.6039%
  [   125500,   126000)          962    0.0032%  79.6071%
  [   126000,   126500)         1018    0.0034%  79.6105%
  [   126500,   127000)         1066    0.0036%  79.6140%
  [   127000,   127500)         1049    0.0035%  79.6175%
  [   127500,   128000)         1108    0.0037%  79.6212%
  [   128000,   128500)         1145    0.0038%  79.6250%
  [   128500,   129000)         1070    0.0036%  79.6286%
  [   129000,   129500)         1104    0.0037%  79.6323%
  [   129500,   130000)         1115    0.0037%  79.6360%
  [   130000,   130500)         1231    0.0041%  79.6401%
  [   130500,   131000)         1198    0.0040%  79.6441%
  [   131000,   131500)         1245    0.0042%  79.6482%
  [   131500,   132000)         1254    0.0042%  79.6524%
  [   132000,   132500)         1262    0.0042%  79.6566%
  [   132500,   133000)         1292    0.0043%  79.6609%
  [   133000,   133500)         1333    0.0044%  79.6654%
  [   133500,   134000)         1374    0.0046%  79.6700%
  [   134000,   134500)         1351    0.0045%  79.6745%
  [   134500,   135000)         1414    0.0047%  79.6792%
  [   135000,   135500)         1416    0.0047%  79.6839%
  [   135500,   136000)         1462    0.0049%  79.6888%
  [   136000,   136500)         1548    0.0052%  79.6939%
  [   136500,   137000)         1467    0.0049%  79.6988%
  [   137000,   137500)         1547    0.0052%  79.7040%
  [   137500,   138000)         1535    0.0051%  79.7091%
  [   138000,   138500)         1555    0.0052%  79.7143%
  [   138500,   139000)         1640    0.0055%  79.7197%
  [   139000,   139500)         1655    0.0055%  79.7253%
  [   139500,   140000)         1701    0.0057%  79.7309%
  [   140000,   140500)         1794    0.0060%  79.7369%
  [   140500,   141000)         1733    0.0058%  79.7427%
  [   141000,   141500)         1841    0.0061%  79.7488%
  [   141500,   142000)         1892    0.0063%  79.7551%
  [   142000,   142500)         1926    0.0064%  79.7615%
  [   142500,   143000)         1935    0.0065%  79.7680%
  [   143000,   143500)         2016    0.0067%  79.7747%
  [   143500,   144000)         1928    0.0064%  79.7811%
  [   144000,   144500)         1968    0.0066%  79.7877%
  [   144500,   145000)         2007    0.0067%  79.7944%
  [   145000,   145500)         2031    0.0068%  79.8012%
  [   145500,   146000)         2157    0.0072%  79.8084%
  [   146000,   146500)         2126    0.0071%  79.8154%
  [   146500,   147000)         2148    0.0072%  79.8226%
  [   147000,   147500)         2209    0.0074%  79.8300%
  [   147500,   148000)         2232    0.0074%  79.8374%
  [   148000,   148500)         2376    0.0079%  79.8453%
  [   148500,   149000)         2289    0.0076%  79.8530%
  [   149000,   149500)         2229    0.0074%  79.8604%
  [   149500,   150000)         2346    0.0078%  79.8682%
  [   150000,   150500)         2453    0.0082%  79.8764%
  [   150500,   151000)         2438    0.0081%  79.8845%
  [   151000,   151500)         2454    0.0082%  79.8927%
  [   151500,   152000)         2438    0.0081%  79.9008%
  [   152000,   152500)         2440    0.0081%  79.9089%
  [   152500,   153000)         2603    0.0087%  79.9176%
  [   153000,   153500)         2614    0.0087%  79.9263%
  [   153500,   154000)         2616    0.0087%  79.9351%
  [   154000,   154500)         2629    0.0088%  79.9438%
  [   154500,   155000)         2596    0.0087%  79.9525%
  [   155000,   155500)         2726    0.0091%  79.9616%
  [   155500,   156000)         2736    0.0091%  79.9707%
  [   156000,   156500)         2666    0.0089%  79.9796%
  [   156500,   157000)         2739    0.0091%  79.9887%
  [   157000,   157500)         2805    0.0094%  79.9980%
  [   157500,   158000)         2792    0.0093%  80.0074%
  [   158000,   158500)         2806    0.0094%  80.0167%
  [   158500,   159000)         2942    0.0098%  80.0265%
  [   159000,   159500)         3013    0.0100%  80.0366%
  [   159500,   160000)         2909    0.0097%  80.0463%
  [   160000,   160500)         2970    0.0099%  80.0562%
  [   160500,   161000)         2926    0.0098%  80.0659%
  [   161000,   161500)         2966    0.0099%  80.0758%
  [   161500,   162000)         3032    0.0101%  80.0859%
  [   162000,   162500)         2996    0.0100%  80.0959%
  [   162500,   163000)         3114    0.0104%  80.1063%
  [   163000,   163500)         3117    0.0104%  80.1167%
  [   163500,   164000)         3064    0.0102%  80.1269%
  [   164000,   164500)         3034    0.0101%  80.1370%
  [   164500,   165000)         3246    0.0108%  80.1478%
  [   165000,   165500)         3102    0.0103%  80.1581%
  [   165500,   166000)         3104    0.0103%  80.1685%
  [   166000,   166500)         3159    0.0105%  80.1790%
  [   166500,   167000)         3170    0.0106%  80.1896%
  [   167000,   167500)         3197    0.0107%  80.2002%
  [   167500,   168000)         3265    0.0109%  80.2111%
  [   168000,   168500)         3261    0.0109%  80.2220%
  [   168500,   169000)         3207    0.0107%  80.2327%
  [   169000,   169500)         3257    0.0109%  80.2435%
  [   169500,   170000)         3245    0.0108%  80.2544%
  [   170000,   170500)         3251    0.0108%  80.2652%
  [   170500,   171000)         3190    0.0106%  80.2758%
  [   171000,   171500)         3400    0.0113%  80.2872%
  [   171500,   172000)         3235    0.0108%  80.2979%
  [   172000,   172500)         3304    0.0110%  80.3090%
  [   172500,   173000)         3306    0.0110%  80.3200%
  [   173000,   173500)         3344    0.0111%  80.3311%
  [   173500,   174000)         3391    0.0113%  80.3424%
  [   174000,   174500)         3310    0.0110%  80.3535%
  [   174500,   175000)         3232    0.0108%  80.3642%
  [   175000,   175500)         3263    0.0109%  80.3751%
  [   175500,   176000)         3423    0.0114%  80.3865%
  [   176000,   176500)         3427    0.0114%  80.3979%
  [   176500,   177000)         3330    0.0111%  80.4090%
  [   177000,   177500)         3360    0.0112%  80.4202%
  [   177500,   178000)         3343    0.0111%  80.4314%
  [   178000,   178500)         3433    0.0114%  80.4428%
  [   178500,   179000)         3425    0.0114%  80.4543%
  [   179000,   179500)         3385    0.0113%  80.4655%
  [   179500,   180000)         3391    0.0113%  80.4768%
  [   180000,   180500)         3435    0.0115%  80.4883%
  [   180500,   181000)         3430    0.0114%  80.4997%
  [   181000,   181500)         3336    0.0111%  80.5108%
  [   181500,   182000)         3449    0.0115%  80.5223%
  [   182000,   182500)         3391    0.0113%  80.5336%
  [   182500,   183000)         3456    0.0115%  80.5452%
  [   183000,   183500)         3397    0.0113%  80.5565%
  [   183500,   184000)         3396    0.0113%  80.5678%
  [   184000,   184500)         3368    0.0112%  80.5790%
  [   184500,   185000)         3499    0.0117%  80.5907%
  [   185000,   185500)         3365    0.0112%  80.6019%
  [   185500,   186000)         3472    0.0116%  80.6135%
  [   186000,   186500)         3447    0.0115%  80.6250%
  [   186500,   187000)         3451    0.0115%  80.6365%
  [   187000,   187500)         3437    0.0115%  80.6479%
  [   187500,   188000)         3507    0.0117%  80.6596%
  [   188000,   188500)         3490    0.0116%  80.6713%
  [   188500,   189000)         3516    0.0117%  80.6830%
  [   189000,   189500)         3495    0.0117%  80.6946%
  [   189500,   190000)         3466    0.0116%  80.7062%
  [   190000,   190500)         3482    0.0116%  80.7178%
  [   190500,   191000)         3433    0.0114%  80.7292%
  [   191000,   191500)         3431    0.0114%  80.7407%
  [   191500,   192000)         3372    0.0112%  80.7519%
  [   192000,   192500)         3554    0.0118%  80.7638%
  [   192500,   193000)         3372    0.0112%  80.7750%
  [   193000,   193500)         3473    0.0116%  80.7866%
  [   193500,   194000)         3432    0.0114%  80.7980%
  [   194000,   194500)         3293    0.0110%  80.8090%
  [   194500,   195000)         3438    0.0115%  80.8204%
  [   195000,   195500)         3533    0.0118%  80.8322%
  [   195500,   196000)         3418    0.0114%  80.8436%
  [   196000,   196500)         3521    0.0117%  80.8554%
  [   196500,   197000)         3451    0.0115%  80.8669%
  [   197000,   197500)         3365    0.0112%  80.8781%
  [   197500,   198000)         3371    0.0112%  80.8893%
  [   198000,   198500)         3467    0.0116%  80.9009%
  [   198500,   199000)         3413    0.0114%  80.9122%
  [   199000,   199500)         3544    0.0118%  80.9241%
  [   199500,   200000)         3441    0.0115%  80.9355%
  [   200000,   200500)         3408    0.0114%  80.9469%
  [   200500,   201000)         3462    0.0115%  80.9584%
  [   201000,   201500)         3365    0.0112%  80.9696%
  [   201500,   202000)         3438    0.0115%  80.9811%
  [   202000,   202500)         3433    0.0114%  80.9925%
  [   202500,   203000)         3448    0.0115%  81.0040%
  [   203000,   203500)         3373    0.0112%  81.0153%
  [   203500,   204000)         3468    0.0116%  81.0268%
  [   204000,   204500)         3427    0.0114%  81.0383%
  [   204500,   205000)         3407    0.0114%  81.0496%
  [   205000,   205500)         3499    0.0117%  81.0613%
  [   205500,   206000)         3448    0.0115%  81.0728%
  [   206000,   206500)         3497    0.0117%  81.0844%
  [   206500,   207000)         3526    0.0118%  81.0962%
  [   207000,   207500)         3427    0.0114%  81.1076%
  [   207500,   208000)         3321    0.0111%  81.1187%
  [   208000,   208500)         3468    0.0116%  81.1302%
  [   208500,   209000)         3311    0.0110%  81.1413%
  [   209000,   209500)         3485    0.0116%  81.1529%
  [   209500,   210000)         3374    0.0112%  81.1641%
  [   210000,   210500)         3443    0.0115%  81.1756%
  [   210500,   211000)         3412    0.0114%  81.1870%
  [   211000,   211500)         3553    0.0118%  81.1988%
  [   211500,   212000)         3439    0.0115%  81.2103%
  [   212000,   212500)         3334    0.0111%  81.2214%
  [   212500,   213000)         3407    0.0114%  81.2328%
  [   213000,   213500)         3357    0.0112%  81.2440%
  [   213500,   214000)         3382    0.0113%  81.2552%
  [   214000,   214500)         3326    0.0111%  81.2663%
  [   214500,   215000)         3390    0.0113%  81.2776%
  [   215000,   215500)         3394    0.0113%  81.2889%
  [   215500,   216000)         3363    0.0112%  81.3001%
  [   216000,   216500)         3393    0.0113%  81.3115%
  [   216500,   217000)         3409    0.0114%  81.3228%
  [   217000,   217500)         3362    0.0112%  81.3340%
  [   217500,   218000)         3331    0.0111%  81.3451%
  [   218000,   218500)         3297    0.0110%  81.3561%
  [   218500,   219000)         3364    0.0112%  81.3673%
  [   219000,   219500)         3279    0.0109%  81.3783%
  [   219500,   220000)         3457    0.0115%  81.3898%
  [   220000,   220500)         3380    0.0113%  81.4011%
  [   220500,   221000)         3271    0.0109%  81.4120%
  [   221000,   221500)         3288    0.0110%  81.4229%
  [   221500,   222000)         3281    0.0109%  81.4339%
  [   222000,   222500)         3318    0.0111%  81.4449%
  [   222500,   223000)         3252    0.0108%  81.4558%
  [   223000,   223500)         3399    0.0113%  81.4671%
  [   223500,   224000)         3221    0.0107%  81.4778%
  [   224000,   224500)         3330    0.0111%  81.4889%
  [   224500,   225000)         3286    0.0110%  81.4999%
  [   225000,   225500)         3286    0.0110%  81.5108%
  [   225500,   226000)         3293    0.0110%  81.5218%
  [   226000,   226500)         3256    0.0109%  81.5327%
  [   226500,   227000)         3286    0.0110%  81.5436%
  [   227000,   227500)         3181    0.0106%  81.5542%
  [   227500,   228000)         3295    0.0110%  81.5652%
  [   228000,   228500)         3247    0.0108%  81.5760%
  [   228500,   229000)         3306    0.0110%  81.5870%
  [   229000,   229500)         3350    0.0112%  81.5982%
  [   229500,   230000)         3311    0.0110%  81.6092%
  [   230000,   230500)         3310    0.0110%  81.6203%
  [   230500,   231000)         3341    0.0111%  81.6314%
  [   231000,   231500)         3348    0.0112%  81.6426%
  [   231500,   232000)         3285    0.0110%  81.6535%
  [   232000,   232500)         3300    0.0110%  81.6645%
  [   232500,   233000)         3190    0.0106%  81.6752%
  [   233000,   233500)         3343    0.0111%  81.6863%
  [   233500,   234000)         3335    0.0111%  81.6974%
  [   234000,   234500)         3231    0.0108%  81.7082%
  [   234500,   235000)         3262    0.0109%  81.7191%
  [   235000,   235500)         3239    0.0108%  81.7299%
  [   235500,   236000)         3301    0.0110%  81.7409%
  [   236000,   236500)         3093    0.0103%  81.7512%
  [   236500,   237000)         3226    0.0108%  81.7619%
  [   237000,   237500)         3216    0.0107%  81.7726%
  [   237500,   238000)         3169    0.0106%  81.7832%
  [   238000,   238500)         3300    0.0110%  81.7942%
  [   238500,   239000)         3262    0.0109%  81.8051%
  [   239000,   239500)         3298    0.0110%  81.8161%
  [   239500,   240000)         3202    0.0107%  81.8267%
  [   240000,   240500)         3120    0.0104%  81.8371%
  [   240500,   241000)         3118    0.0104%  81.8475%
  [   241000,   241500)         3249    0.0108%  81.8584%
  [   241500,   242000)         3220    0.0107%  81.8691%
  [   242000,   242500)         3209    0.0107%  81.8798%
  [   242500,   243000)         3262    0.0109%  81.8907%
  [   243000,   243500)         3164    0.0105%  81.9012%
  [   243500,   244000)         3160    0.0105%  81.9118%
  [   244000,   244500)         3255    0.0109%  81.9226%
  [   244500,   245000)         3104    0.0103%  81.9329%
  [   245000,   245500)         3168    0.0106%  81.9435%
  [   245500,   246000)         3171    0.0106%  81.9541%
  [   246000,   246500)         3157    0.0105%  81.9646%
  [   246500,   247000)         3326    0.0111%  81.9757%
  [   247000,   247500)         3073    0.0102%  81.9859%
  [   247500,   248000)         3206    0.0107%  81.9966%
  [   248000,   248500)         3146    0.0105%  82.0071%
  [   248500,   249000)         3233    0.0108%  82.0179%
  [   249000,   249500)         3244    0.0108%  82.0287%
  [   249500,   250000)         3155    0.0105%  82.0392%
  [   250000,   250500)         3160    0.0105%  82.0497%
  [   250500,   251000)         3143    0.0105%  82.0602%
  [   251000,   251500)         3151    0.0105%  82.0707%
  [   251500,   252000)         3180    0.0106%  82.0813%
  [   252000,   252500)         3198    0.0107%  82.0920%
  [   252500,   253000)         3126    0.0104%  82.1024%
  [   253000,   253500)         3134    0.0104%  82.1129%
  [   253500,   254000)         3140    0.0105%  82.1233%
  [   254000,   254500)         3123    0.0104%  82.1337%
  [   254500,   255000)         3076    0.0103%  82.1440%
  [   255000,   255500)         3188    0.0106%  82.1546%
  [   255500,   256000)         3181    0.0106%  82.1652%
  [   256000,   256500)         3144    0.0105%  82.1757%
  [   256500,   257000)         3042    0.0101%  82.1858%
  [   257000,   257500)         3200    0.0107%  82.1965%
  [   257500,   258000)         3109    0.0104%  82.2069%
  [   258000,   258500)         3072    0.0102%  82.2171%
  [   258500,   259000)         3135    0.0105%  82.2276%
  [   259000,   259500)         3105    0.0104%  82.2379%
  [   259500,   260000)         3061    0.0102%  82.2481%
  [   260000,   260500)         3021    0.0101%  82.2582%
  [   260500,   261000)         3128    0.0104%  82.2686%
  [   261000,   261500)         3012    0.0100%  82.2786%
  [   261500,   262000)         3075    0.0103%  82.2889%
  [   262000,   262500)         3082    0.0103%  82.2992%
  [   262500,   263000)         3048    0.0102%  82.3093%
  [   263000,   263500)         3176    0.0106%  82.3199%
  [   263500,   264000)         3071    0.0102%  82.3301%
  [   264000,   264500)         3114    0.0104%  82.3405%
  [   264500,   265000)         2988    0.0100%  82.3505%
  [   265000,   265500)         3084    0.0103%  82.3608%
  [   265500,   266000)         3128    0.0104%  82.3712%
  [   266000,   266500)         3045    0.0102%  82.3813%
  [   266500,   267000)         3018    0.0101%  82.3914%
  [   267000,   267500)         3013    0.0100%  82.4014%
  [   267500,   268000)         3002    0.0100%  82.4115%
  [   268000,   268500)         3031    0.0101%  82.4216%
  [   268500,   269000)         3023    0.0101%  82.4316%
  [   269000,   269500)         2844    0.0095%  82.4411%
  [   269500,   270000)         2973    0.0099%  82.4510%
  [   270000,   270500)         3025    0.0101%  82.4611%
  [   270500,   271000)         2916    0.0097%  82.4708%
  [   271000,   271500)         3058    0.0102%  82.4810%
  [   271500,   272000)         3046    0.0102%  82.4912%
  [   272000,   272500)         3099    0.0103%  82.5015%
  [   272500,   273000)         3046    0.0102%  82.5117%
  [   273000,   273500)         2904    0.0097%  82.5213%
  [   273500,   274000)         3014    0.0100%  82.5314%
  [   274000,   274500)         2896    0.0097%  82.5410%
  [   274500,   275000)         2896    0.0097%  82.5507%
  [   275000,   275500)         2927    0.0098%  82.5604%
  [   275500,   276000)         2939    0.0098%  82.5702%
  [   276000,   276500)         2932    0.0098%  82.5800%
  [   276500,   277000)         2995    0.0100%  82.5900%
  [   277000,   277500)         2986    0.0100%  82.6000%
  [   277500,   278000)         2935    0.0098%  82.6097%
  [   278000,   278500)         2970    0.0099%  82.6196%
  [   278500,   279000)         3082    0.0103%  82.6299%
  [   279000,   279500)         2914    0.0097%  82.6396%
  [   279500,   280000)         2988    0.0100%  82.6496%
  [   280000,   280500)         2956    0.0099%  82.6594%
  [   280500,   281000)         3072    0.0102%  82.6697%
  [   281000,   281500)         2993    0.0100%  82.6797%
  [   281500,   282000)         2980    0.0099%  82.6896%
  [   282000,   282500)         2921    0.0097%  82.6993%
  [   282500,   283000)         2994    0.0100%  82.7093%
  [   283000,   283500)         2879    0.0096%  82.7189%
  [   283500,   284000)         2919    0.0097%  82.7286%
  [   284000,   284500)         2927    0.0098%  82.7384%
  [   284500,   285000)         3030    0.0101%  82.7485%
  [   285000,   285500)         2996    0.0100%  82.7585%
  [   285500,   286000)         3039    0.0101%  82.7686%
  [   286000,   286500)         2913    0.0097%  82.7783%
  [   286500,   287000)         2855    0.0095%  82.7878%
  [   287000,   287500)         2959    0.0099%  82.7977%
  [   287500,   288000)         2975    0.0099%  82.8076%
  [   288000,   288500)         2850    0.0095%  82.8171%
  [   288500,   289000)         2970    0.0099%  82.8270%
  [   289000,   289500)         2933    0.0098%  82.8368%
  [   289500,   290000)         2803    0.0093%  82.8461%
  [   290000,   290500)         2915    0.0097%  82.8558%
  [   290500,   291000)         2851    0.0095%  82.8654%
  [   291000,   291500)         2835    0.0095%  82.8748%
  [   291500,   292000)         2930    0.0098%  82.8846%
  [   292000,   292500)         2819    0.0094%  82.8940%
  [   292500,   293000)         2960    0.0099%  82.9038%
  [   293000,   293500)         2953    0.0098%  82.9137%
  [   293500,   294000)         2874    0.0096%  82.9233%
  [   294000,   294500)         2984    0.0099%  82.9332%
  [   294500,   295000)         2966    0.0099%  82.9431%
  [   295000,   295500)         2723    0.0091%  82.9522%
  [   295500,   296000)         2837    0.0095%  82.9616%
  [   296000,   296500)         2860    0.0095%  82.9712%
  [   296500,   297000)         2867    0.0096%  82.9807%
  [   297000,   297500)         2785    0.0093%  82.9900%
  [   297500,   298000)         2770    0.0092%  82.9992%
  [   298000,   298500)         2889    0.0096%  83.0089%
  [   298500,   299000)         2844    0.0095%  83.0183%
  [   299000,   299500)         2834    0.0094%  83.0278%
  [   299500,   300000)         2790    0.0093%  83.0371%
  [   300000,   300500)         2814    0.0094%  83.0465%
  [   300500,   301000)         2835    0.0095%  83.0559%
  [   301000,   301500)         2805    0.0094%  83.0653%
  [   301500,   302000)         2890    0.0096%  83.0749%
  [   302000,   302500)         2701    0.0090%  83.0839%
  [   302500,   303000)         2891    0.0096%  83.0935%
  [   303000,   303500)         2849    0.0095%  83.1030%
  [   303500,   304000)         2796    0.0093%  83.1124%
  [   304000,   304500)         2781    0.0093%  83.1216%
  [   304500,   305000)         2872    0.0096%  83.1312%
  [   305000,   305500)         2685    0.0090%  83.1401%
  [   305500,   306000)         2826    0.0094%  83.1496%
  [   306000,   306500)         2817    0.0094%  83.1590%
  [   306500,   307000)         2879    0.0096%  83.1686%
  [   307000,   307500)         2754    0.0092%  83.1777%
  [   307500,   308000)         2776    0.0093%  83.1870%
  [   308000,   308500)         2820    0.0094%  83.1964%
  [   308500,   309000)         2734    0.0091%  83.2055%
  [   309000,   309500)         2762    0.0092%  83.2147%
  [   309500,   310000)         2800    0.0093%  83.2240%
  [   310000,   310500)         2788    0.0093%  83.2333%
  [   310500,   311000)         2744    0.0091%  83.2425%
  [   311000,   311500)         2748    0.0092%  83.2516%
  [   311500,   312000)         2739    0.0091%  83.2608%
  [   312000,   312500)         2709    0.0090%  83.2698%
  [   312500,   313000)         2698    0.0090%  83.2788%
  [   313000,   313500)         2715    0.0091%  83.2878%
  [   313500,   314000)         2736    0.0091%  83.2970%
  [   314000,   314500)         2594    0.0086%  83.3056%
  [   314500,   315000)         2629    0.0088%  83.3144%
  [   315000,   315500)         2668    0.0089%  83.3233%
  [   315500,   316000)         2766    0.0092%  83.3325%
  [   316000,   316500)         2757    0.0092%  83.3417%
  [   316500,   317000)         2676    0.0089%  83.3506%
  [   317000,   317500)         2744    0.0091%  83.3597%
  [   317500,   318000)         2714    0.0090%  83.3688%
  [   318000,   318500)         2691    0.0090%  83.3778%
  [   318500,   319000)         2633    0.0088%  83.3865%
  [   319000,   319500)         2633    0.0088%  83.3953%
  [   319500,   320000)         2672    0.0089%  83.4042%
  [   320000,   320500)         2709    0.0090%  83.4133%
  [   320500,   321000)         2695    0.0090%  83.4222%
  [   321000,   321500)         2691    0.0090%  83.4312%
  [   321500,   322000)         2682    0.0089%  83.4401%
  [   322000,   322500)         2738    0.0091%  83.4493%
  [   322500,   323000)         2709    0.0090%  83.4583%
  [   323000,   323500)         2653    0.0088%  83.4671%
  [   323500,   324000)         2696    0.0090%  83.4761%
  [   324000,   324500)         2569    0.0086%  83.4847%
  [   324500,   325000)         2588    0.0086%  83.4933%
  [   325000,   325500)         2689    0.0090%  83.5023%
  [   325500,   326000)         2597    0.0087%  83.5109%
  [   326000,   326500)         2648    0.0088%  83.5198%
  [   326500,   327000)         2659    0.0089%  83.5286%
  [   327000,   327500)         2652    0.0088%  83.5375%
  [   327500,   328000)         2748    0.0092%  83.5466%
  [   328000,   328500)         2645    0.0088%  83.5555%
  [   328500,   329000)         2588    0.0086%  83.5641%
  [   329000,   329500)         2648    0.0088%  83.5729%
  [   329500,   330000)         2622    0.0087%  83.5816%
  [   330000,   330500)         2618    0.0087%  83.5904%
  [   330500,   331000)         2543    0.0085%  83.5988%
  [   331000,   331500)         2577    0.0086%  83.6074%
  [   331500,   332000)         2771    0.0092%  83.6167%
  [   332000,   332500)         2687    0.0090%  83.6256%
  [   332500,   333000)         2589    0.0086%  83.6343%
  [   333000,   333500)         2654    0.0088%  83.6431%
  [   333500,   334000)         2681    0.0089%  83.6520%
  [   334000,   334500)         2571    0.0086%  83.6606%
  [   334500,   335000)         2639    0.0088%  83.6694%
  [   335000,   335500)         2615    0.0087%  83.6781%
  [   335500,   336000)         2573    0.0086%  83.6867%
  [   336000,   336500)         2656    0.0089%  83.6956%
  [   336500,   337000)         2568    0.0086%  83.7041%
  [   337000,   337500)         2606    0.0087%  83.7128%
  [   337500,   338000)         2683    0.0089%  83.7217%
  [   338000,   338500)         2642    0.0088%  83.7306%
  [   338500,   339000)         2652    0.0088%  83.7394%
  [   339000,   339500)         2527    0.0084%  83.7478%
  [   339500,   340000)         2579    0.0086%  83.7564%
  [   340000,   340500)         2548    0.0085%  83.7649%
  [   340500,   341000)         2676    0.0089%  83.7738%
  [   341000,   341500)         2537    0.0085%  83.7823%
  [   341500,   342000)         2592    0.0086%  83.7909%
  [   342000,   342500)         2538    0.0085%  83.7994%
  [   342500,   343000)         2592    0.0086%  83.8080%
  [   343000,   343500)         2626    0.0088%  83.8168%
  [   343500,   344000)         2616    0.0087%  83.8255%
  [   344000,   344500)         2489    0.0083%  83.8338%
  [   344500,   345000)         2595    0.0087%  83.8424%
  [   345000,   345500)         2510    0.0084%  83.8508%
  [   345500,   346000)         2519    0.0084%  83.8592%
  [   346000,   346500)         2496    0.0083%  83.8675%
  [   346500,   347000)         2531    0.0084%  83.8760%
  [   347000,   347500)         2510    0.0084%  83.8843%
  [   347500,   348000)         2546    0.0085%  83.8928%
  [   348000,   348500)         2528    0.0084%  83.9012%
  [   348500,   349000)         2581    0.0086%  83.9098%
  [   349000,   349500)         2519    0.0084%  83.9182%
  [   349500,   350000)         2528    0.0084%  83.9267%
  [   350000,   350500)         2478    0.0083%  83.9349%
  [   350500,   351000)         2577    0.0086%  83.9435%
  [   351000,   351500)         2531    0.0084%  83.9520%
  [   351500,   352000)         2552    0.0085%  83.9605%
  [   352000,   352500)         2652    0.0088%  83.9693%
  [   352500,   353000)         2574    0.0086%  83.9779%
  [   353000,   353500)         2437    0.0081%  83.9860%
  [   353500,   354000)         2497    0.0083%  83.9943%
  [   354000,   354500)         2488    0.0083%  84.0026%
  [   354500,   355000)         2549    0.0085%  84.0111%
  [   355000,   355500)         2555    0.0085%  84.0196%
  [   355500,   356000)         2633    0.0088%  84.0284%
  [   356000,   356500)         2498    0.0083%  84.0367%
  [   356500,   357000)         2528    0.0084%  84.0452%
  [   357000,   357500)         2450    0.0082%  84.0533%
  [   357500,   358000)         2466    0.0082%  84.0616%
  [   358000,   358500)         2520    0.0084%  84.0700%
  [   358500,   359000)         2454    0.0082%  84.0781%
  [   359000,   359500)         2459    0.0082%  84.0863%
  [   359500,   360000)         2499    0.0083%  84.0947%
  [   360000,   360500)         2391    0.0080%  84.1026%
  [   360500,   361000)         2545    0.0085%  84.1111%
  [   361000,   361500)         2536    0.0085%  84.1196%
  [   361500,   362000)         2515    0.0084%  84.1280%
  [   362000,   362500)         2437    0.0081%  84.1361%
  [   362500,   363000)         2563    0.0085%  84.1446%
  [   363000,   363500)         2456    0.0082%  84.1528%
  [   363500,   364000)         2476    0.0083%  84.1611%
  [   364000,   364500)         2504    0.0083%  84.1694%
  [   364500,   365000)         2472    0.0082%  84.1776%
  [   365000,   365500)         2502    0.0083%  84.1860%
  [   365500,   366000)         2529    0.0084%  84.1944%
  [   366000,   366500)         2529    0.0084%  84.2028%
  [   366500,   367000)         2472    0.0082%  84.2111%
  [   367000,   367500)         2515    0.0084%  84.2195%
  [   367500,   368000)         2458    0.0082%  84.2277%
  [   368000,   368500)         2338    0.0078%  84.2355%
  [   368500,   369000)         2338    0.0078%  84.2432%
  [   369000,   369500)         2464    0.0082%  84.2515%
  [   369500,   370000)         2433    0.0081%  84.2596%
  [   370000,   370500)         2428    0.0081%  84.2677%
  [   370500,   371000)         2557    0.0085%  84.2762%
  [   371000,   371500)         2403    0.0080%  84.2842%
  [   371500,   372000)         2460    0.0082%  84.2924%
  [   372000,   372500)         2472    0.0082%  84.3006%
  [   372500,   373000)         2456    0.0082%  84.3088%
  [   373000,   373500)         2465    0.0082%  84.3170%
  [   373500,   374000)         2492    0.0083%  84.3253%
  [   374000,   374500)         2504    0.0083%  84.3337%
  [   374500,   375000)         2482    0.0083%  84.3420%
  [   375000,   375500)         2473    0.0082%  84.3502%
  [   375500,   376000)         2416    0.0081%  84.3583%
  [   376000,   376500)         2503    0.0083%  84.3666%
  [   376500,   377000)         2440    0.0081%  84.3747%
  [   377000,   377500)         2430    0.0081%  84.3828%
  [   377500,   378000)         2354    0.0078%  84.3907%
  [   378000,   378500)         2450    0.0082%  84.3989%
  [   378500,   379000)         2401    0.0080%  84.4069%
  [   379000,   379500)         2411    0.0080%  84.4149%
  [   379500,   380000)         2370    0.0079%  84.4228%
  [   380000,   380500)         2434    0.0081%  84.4309%
  [   380500,   381000)         2417    0.0081%  84.4390%
  [   381000,   381500)         2346    0.0078%  84.4468%
  [   381500,   382000)         2460    0.0082%  84.4550%
  [   382000,   382500)         2438    0.0081%  84.4631%
  [   382500,   383000)         2387    0.0080%  84.4711%
  [   383000,   383500)         2385    0.0080%  84.4790%
  [   383500,   384000)         2474    0.0082%  84.4873%
  [   384000,   384500)         2438    0.0081%  84.4954%
  [   384500,   385000)         2463    0.0082%  84.5036%
  [   385000,   385500)         2375    0.0079%  84.5115%
  [   385500,   386000)         2430    0.0081%  84.5196%
  [   386000,   386500)         2365    0.0079%  84.5275%
  [   386500,   387000)         2366    0.0079%  84.5354%
  [   387000,   387500)         2341    0.0078%  84.5432%
  [   387500,   388000)         2362    0.0079%  84.5511%
  [   388000,   388500)         2436    0.0081%  84.5592%
  [   388500,   389000)         2424    0.0081%  84.5673%
  [   389000,   389500)         2422    0.0081%  84.5753%
  [   389500,   390000)         2427    0.0081%  84.5834%
  [   390000,   390500)         2467    0.0082%  84.5917%
  [   390500,   391000)         2311    0.0077%  84.5994%
  [   391000,   391500)         2447    0.0082%  84.6075%
  [   391500,   392000)         2398    0.0080%  84.6155%
  [   392000,   392500)         2406    0.0080%  84.6235%
  [   392500,   393000)         2375    0.0079%  84.6314%
  [   393000,   393500)         2434    0.0081%  84.6396%
  [   393500,   394000)         2392    0.0080%  84.6475%
  [   394000,   394500)         2363    0.0079%  84.6554%
  [   394500,   395000)         2463    0.0082%  84.6636%
  [   395000,   395500)         2272    0.0076%  84.6712%
  [   395500,   396000)         2358    0.0079%  84.6790%
  [   396000,   396500)         2370    0.0079%  84.6869%
  [   396500,   397000)         2380    0.0079%  84.6949%
  [   397000,   397500)         2365    0.0079%  84.7028%
  [   397500,   398000)         2351    0.0078%  84.7106%
  [   398000,   398500)         2269    0.0076%  84.7182%
  [   398500,   399000)         2431    0.0081%  84.7263%
  [   399000,   399500)         2447    0.0082%  84.7344%
  [   399500,   400000)         2314    0.0077%  84.7421%
  [   400000,   400500)         2336    0.0078%  84.7499%
  [   400500,   401000)         2409    0.0080%  84.7580%
  [   401000,   401500)         2435    0.0081%  84.7661%
  [   401500,   402000)         2352    0.0078%  84.7739%
  [   402000,   402500)         2384    0.0079%  84.7819%
  [   402500,   403000)         2365    0.0079%  84.7897%
  [   403000,   403500)         2382    0.0079%  84.7977%
  [   403500,   404000)         2288    0.0076%  84.8053%
  [   404000,   404500)         2413    0.0080%  84.8134%
  [   404500,   405000)         2437    0.0081%  84.8215%
  [   405000,   405500)         2354    0.0078%  84.8293%
  [   405500,   406000)         2355    0.0079%  84.8372%
  [   406000,   406500)         2320    0.0077%  84.8449%
  [   406500,   407000)         2380    0.0079%  84.8528%
  [   407000,   407500)         2360    0.0079%  84.8607%
  [   407500,   408000)         2434    0.0081%  84.8688%
  [   408000,   408500)         2373    0.0079%  84.8767%
  [   408500,   409000)         2408    0.0080%  84.8848%
  [   409000,   409500)         2305    0.0077%  84.8924%
  [   409500,   410000)         2345    0.0078%  84.9003%
  [   410000,   410500)         2298    0.0077%  84.9079%
  [   410500,   411000)         2444    0.0081%  84.9161%
  [   411000,   411500)         2297    0.0077%  84.9237%
  [   411500,   412000)         2371    0.0079%  84.9316%
  [   412000,   412500)         2327    0.0078%  84.9394%
  [   412500,   413000)         2306    0.0077%  84.9471%
  [   413000,   413500)         2409    0.0080%  84.9551%
  [   413500,   414000)         2354    0.0078%  84.9629%
  [   414000,   414500)         2383    0.0079%  84.9709%
  [   414500,   415000)         2348    0.0078%  84.9787%
  [   415000,   415500)         2384    0.0079%  84.9867%
  [   415500,   416000)         2326    0.0078%  84.9944%
  [   416000,   416500)         2356    0.0079%  85.0023%
  [   416500,   417000)         2449    0.0082%  85.0104%
  [   417000,   417500)         2360    0.0079%  85.0183%
  [   417500,   418000)         2327    0.0078%  85.0261%
  [   418000,   418500)         2373    0.0079%  85.0340%
  [   418500,   419000)         2428    0.0081%  85.0421%
  [   419000,   419500)         2397    0.0080%  85.0500%
  [   419500,   420000)         2399    0.0080%  85.0580%
  [   420000,   420500)         2321    0.0077%  85.0658%
  [   420500,   421000)         2341    0.0078%  85.0736%
  [   421000,   421500)         2455    0.0082%  85.0818%
  [   421500,   422000)         2388    0.0080%  85.0897%
  [   422000,   422500)         2348    0.0078%  85.0976%
  [   422500,   423000)         2290    0.0076%  85.1052%
  [   423000,   423500)         2445    0.0082%  85.1133%
  [   423500,   424000)         2393    0.0080%  85.1213%
  [   424000,   424500)         2419    0.0081%  85.1294%
  [   424500,   425000)         2437    0.0081%  85.1375%
  [   425000,   425500)         2476    0.0083%  85.1458%
  [   425500,   426000)         2371    0.0079%  85.1537%
  [   426000,   426500)         2400    0.0080%  85.1617%
  [   426500,   427000)         2431    0.0081%  85.1698%
  [   427000,   427500)         2304    0.0077%  85.1774%
  [   427500,   428000)         2393    0.0080%  85.1854%
  [   428000,   428500)         2386    0.0080%  85.1934%
  [   428500,   429000)         2404    0.0080%  85.2014%
  [   429000,   429500)         2445    0.0082%  85.2095%
  [   429500,   430000)         2355    0.0079%  85.2174%
  [   430000,   430500)         2353    0.0078%  85.2252%
  [   430500,   431000)         2387    0.0080%  85.2332%
  [   431000,   431500)         2377    0.0079%  85.2411%
  [   431500,   432000)         2336    0.0078%  85.2489%
  [   432000,   432500)         2353    0.0078%  85.2567%
  [   432500,   433000)         2471    0.0082%  85.2650%
  [   433000,   433500)         2421    0.0081%  85.2730%
  [   433500,   434000)         2399    0.0080%  85.2810%
  [   434000,   434500)         2412    0.0080%  85.2891%
  [   434500,   435000)         2470    0.0082%  85.2973%
  [   435000,   435500)         2428    0.0081%  85.3054%
  [   435500,   436000)         2381    0.0079%  85.3133%
  [   436000,   436500)         2401    0.0080%  85.3213%
  [   436500,   437000)         2408    0.0080%  85.3294%
  [   437000,   437500)         2383    0.0079%  85.3373%
  [   437500,   438000)         2390    0.0080%  85.3453%
  [   438000,   438500)         2398    0.0080%  85.3533%
  [   438500,   439000)         2372    0.0079%  85.3612%
  [   439000,   439500)         2443    0.0081%  85.3693%
  [   439500,   440000)         2468    0.0082%  85.3776%
  [   440000,   440500)         2545    0.0085%  85.3860%
  [   440500,   441000)         2450    0.0082%  85.3942%
  [   441000,   441500)         2384    0.0079%  85.4021%
  [   441500,   442000)         2453    0.0082%  85.4103%
  [   442000,   442500)         2487    0.0083%  85.4186%
  [   442500,   443000)         2428    0.0081%  85.4267%
  [   443000,   443500)         2388    0.0080%  85.4347%
  [   443500,   444000)         2532    0.0084%  85.4431%
  [   444000,   444500)         2573    0.0086%  85.4517%
  [   444500,   445000)         2457    0.0082%  85.4599%
  [   445000,   445500)         2497    0.0083%  85.4682%
  [   445500,   446000)         2508    0.0084%  85.4766%
  [   446000,   446500)         2502    0.0083%  85.4849%
  [   446500,   447000)         2470    0.0082%  85.4931%
  [   447000,   447500)         2508    0.0084%  85.5015%
  [   447500,   448000)         2497    0.0083%  85.5098%
  [   448000,   448500)         2510    0.0084%  85.5182%
  [   448500,   449000)         2521    0.0084%  85.5266%
  [   449000,   449500)         2488    0.0083%  85.5349%
  [   449500,   450000)         2536    0.0085%  85.5433%
  [   450000,   450500)         2441    0.0081%  85.5515%
  [   450500,   451000)         2451    0.0082%  85.5596%
  [   451000,   451500)         2479    0.0083%  85.5679%
  [   451500,   452000)         2555    0.0085%  85.5764%
  [   452000,   452500)         2574    0.0086%  85.5850%
  [   452500,   453000)         2400    0.0080%  85.5930%
  [   453000,   453500)         2473    0.0082%  85.6012%
  [   453500,   454000)         2520    0.0084%  85.6096%
  [   454000,   454500)         2512    0.0084%  85.6180%
  [   454500,   455000)         2491    0.0083%  85.6263%
  [   455000,   455500)         2537    0.0085%  85.6348%
  [   455500,   456000)         2452    0.0082%  85.6429%
  [   456000,   456500)         2540    0.0085%  85.6514%
  [   456500,   457000)         2540    0.0085%  85.6599%
  [   457000,   457500)         2608    0.0087%  85.6686%
  [   457500,   458000)         2598    0.0087%  85.6772%
  [   458000,   458500)         2577    0.0086%  85.6858%
  [   458500,   459000)         2576    0.0086%  85.6944%
  [   459000,   459500)         2540    0.0085%  85.7029%
  [   459500,   460000)         2604    0.0087%  85.7116%
  [   460000,   460500)         2567    0.0086%  85.7201%
  [   460500,   461000)         2687    0.0090%  85.7291%
  [   461000,   461500)         2672    0.0089%  85.7380%
  [   461500,   462000)         2567    0.0086%  85.7465%
  [   462000,   462500)         2587    0.0086%  85.7552%
  [   462500,   463000)         2642    0.0088%  85.7640%
  [   463000,   463500)         2496    0.0083%  85.7723%
  [   463500,   464000)         2555    0.0085%  85.7808%
  [   464000,   464500)         2654    0.0088%  85.7896%
  [   464500,   465000)         2631    0.0088%  85.7984%
  [   465000,   465500)         2667    0.0089%  85.8073%
  [   465500,   466000)         2687    0.0090%  85.8163%
  [   466000,   466500)         2633    0.0088%  85.8250%
  [   466500,   467000)         2717    0.0091%  85.8341%
  [   467000,   467500)         2588    0.0086%  85.8427%
  [   467500,   468000)         2723    0.0091%  85.8518%
  [   468000,   468500)         2713    0.0090%  85.8608%
  [   468500,   469000)         2783    0.0093%  85.8701%
  [   469000,   469500)         2704    0.0090%  85.8791%
  [   469500,   470000)         2675    0.0089%  85.8881%
  [   470000,   470500)         2654    0.0088%  85.8969%
  [   470500,   471000)         2709    0.0090%  85.9059%
  [   471000,   471500)         2736    0.0091%  85.9150%
  [   471500,   472000)         2746    0.0092%  85.9242%
  [   472000,   472500)         2679    0.0089%  85.9331%
  [   472500,   473000)         2689    0.0090%  85.9421%
  [   473000,   473500)         2800    0.0093%  85.9514%
  [   473500,   474000)         2770    0.0092%  85.9607%
  [   474000,   474500)         2824    0.0094%  85.9701%
  [   474500,   475000)         2714    0.0090%  85.9791%
  [   475000,   475500)         2785    0.0093%  85.9884%
  [   475500,   476000)         2826    0.0094%  85.9978%
  [   476000,   476500)         2773    0.0092%  86.0071%
  [   476500,   477000)         2720    0.0091%  86.0161%
  [   477000,   477500)         2773    0.0092%  86.0254%
  [   477500,   478000)         2839    0.0095%  86.0348%
  [   478000,   478500)         2800    0.0093%  86.0442%
  [   478500,   479000)         2734    0.0091%  86.0533%
  [   479000,   479500)         2799    0.0093%  86.0626%
  [   479500,   480000)         2811    0.0094%  86.0720%
  [   480000,   480500)         2850    0.0095%  86.0815%
  [   480500,   481000)         2936    0.0098%  86.0913%
  [   481000,   481500)         2943    0.0098%  86.1011%
  [   481500,   482000)         2748    0.0092%  86.1102%
  [   482000,   482500)         2814    0.0094%  86.1196%
  [   482500,   483000)         2831    0.0094%  86.1291%
  [   483000,   483500)         2849    0.0095%  86.1386%
  [   483500,   484000)         2966    0.0099%  86.1484%
  [   484000,   484500)         2897    0.0097%  86.1581%
  [   484500,   485000)         2984    0.0099%  86.1680%
  [   485000,   485500)         2911    0.0097%  86.1778%
  [   485500,   486000)         2951    0.0098%  86.1876%
  [   486000,   486500)         2936    0.0098%  86.1974%
  [   486500,   487000)         2938    0.0098%  86.2072%
  [   487000,   487500)         2933    0.0098%  86.2169%
  [   487500,   488000)         2948    0.0098%  86.2268%
  [   488000,   488500)         2933    0.0098%  86.2365%
  [   488500,   489000)         2974    0.0099%  86.2465%
  [   489000,   489500)         3007    0.0100%  86.2565%
  [   489500,   490000)         2926    0.0098%  86.2662%
  [   490000,   490500)         3014    0.0100%  86.2763%
  [   490500,   491000)         3020    0.0101%  86.2864%
  [   491000,   491500)         3092    0.0103%  86.2967%
  [   491500,   492000)         3126    0.0104%  86.3071%
  [   492000,   492500)         3113    0.0104%  86.3175%
  [   492500,   493000)         3078    0.0103%  86.3277%
  [   493000,   493500)         2955    0.0099%  86.3376%
  [   493500,   494000)         3038    0.0101%  86.3477%
  [   494000,   494500)         3124    0.0104%  86.3581%
  [   494500,   495000)         3015    0.0101%  86.3682%
  [   495000,   495500)         2966    0.0099%  86.3780%
  [   495500,   496000)         3094    0.0103%  86.3884%
  [   496000,   496500)         3063    0.0102%  86.3986%
  [   496500,   497000)         3141    0.0105%  86.4090%
  [   497000,   497500)         3062    0.0102%  86.4192%
  [   497500,   498000)         3238    0.0108%  86.4300%
  [   498000,   498500)         3084    0.0103%  86.4403%
  [   498500,   499000)         3153    0.0105%  86.4508%
  [   499000,   499500)         3150    0.0105%  86.4613%
  [   499500,   500000)         3128    0.0104%  86.4718%
  [   500000,   500500)         3205    0.0107%  86.4824%
  [   500500,   501000)         3171    0.0106%  86.4930%
  [   501000,   501500)         3113    0.0104%  86.5034%
  [   501500,   502000)         3218    0.0107%  86.5141%
  [   502000,   502500)         3321    0.0111%  86.5252%
  [   502500,   503000)         3187    0.0106%  86.5358%
  [   503000,   503500)         3232    0.0108%  86.5466%
  [   503500,   504000)         3129    0.0104%  86.5570%
  [   504000,   504500)         3272    0.0109%  86.5679%
  [   504500,   505000)         3403    0.0113%  86.5793%
  [   505000,   505500)         3304    0.0110%  86.5903%
  [   505500,   506000)         3264    0.0109%  86.6011%
  [   506000,   506500)         3276    0.0109%  86.6121%
  [   506500,   507000)         3293    0.0110%  86.6230%
  [   507000,   507500)         3303    0.0110%  86.6341%
  [   507500,   508000)         3259    0.0109%  86.6449%
  [   508000,   508500)         3272    0.0109%  86.6558%
  [   508500,   509000)         3277    0.0109%  86.6667%
  [   509000,   509500)         3293    0.0110%  86.6777%
  [   509500,   510000)         3378    0.0113%  86.6890%
  [   510000,   510500)         3556    0.0119%  86.7008%
  [   510500,   511000)         3414    0.0114%  86.7122%
  [   511000,   511500)         3470    0.0116%  86.7238%
  [   511500,   512000)         3451    0.0115%  86.7353%
  [   512000,   512500)         3405    0.0114%  86.7466%
  [   512500,   513000)         3370    0.0112%  86.7579%
  [   513000,   513500)         3418    0.0114%  86.7693%
  [   513500,   514000)         3516    0.0117%  86.7810%
  [   514000,   514500)         3449    0.0115%  86.7925%
  [   514500,   515000)         3421    0.0114%  86.8039%
  [   515000,   515500)         3613    0.0120%  86.8159%
  [   515500,   516000)         3521    0.0117%  86.8277%
  [   516000,   516500)         3522    0.0117%  86.8394%
  [   516500,   517000)         3603    0.0120%  86.8514%
  [   517000,   517500)         3560    0.0119%  86.8633%
  [   517500,   518000)         3601    0.0120%  86.8753%
  [   518000,   518500)         3596    0.0120%  86.8873%
  [   518500,   519000)         3604    0.0120%  86.8993%
  [   519000,   519500)         3577    0.0119%  86.9112%
  [   519500,   520000)         3469    0.0116%  86.9228%
  [   520000,   520500)         3581    0.0119%  86.9347%
  [   520500,   521000)         3590    0.0120%  86.9467%
  [   521000,   521500)         3647    0.0122%  86.9588%
  [   521500,   522000)         3595    0.0120%  86.9708%
  [   522000,   522500)         3614    0.0120%  86.9829%
  [   522500,   523000)         3629    0.0121%  86.9950%
  [   523000,   523500)         3753    0.0125%  87.0075%
  [   523500,   524000)         3637    0.0121%  87.0196%
  [   524000,   524500)         3778    0.0126%  87.0322%
  [   524500,   525000)         3799    0.0127%  87.0448%
  [   525000,   525500)         3728    0.0124%  87.0573%
  [   525500,   526000)         3708    0.0124%  87.0696%
  [   526000,   526500)         3737    0.0125%  87.0821%
  [   526500,   527000)         3832    0.0128%  87.0949%
  [   527000,   527500)         3766    0.0126%  87.1074%
  [   527500,   528000)         3836    0.0128%  87.1202%
  [   528000,   528500)         3788    0.0126%  87.1328%
  [   528500,   529000)         3777    0.0126%  87.1454%
  [   529000,   529500)         3910    0.0130%  87.1585%
  [   529500,   530000)         3779    0.0126%  87.1711%
  [   530000,   530500)         3866    0.0129%  87.1839%
  [   530500,   531000)         3966    0.0132%  87.1972%
  [   531000,   531500)         3862    0.0129%  87.2100%
  [   531500,   532000)         3871    0.0129%  87.2229%
  [   532000,   532500)         3844    0.0128%  87.2357%
  [   532500,   533000)         3926    0.0131%  87.2488%
  [   533000,   533500)         3907    0.0130%  87.2619%
  [   533500,   534000)         3926    0.0131%  87.2749%
  [   534000,   534500)         3969    0.0132%  87.2882%
  [   534500,   535000)         3950    0.0132%  87.3013%
  [   535000,   535500)         3962    0.0132%  87.3145%
  [   535500,   536000)         4039    0.0135%  87.3280%
  [   536000,   536500)         3995    0.0133%  87.3413%
  [   536500,   537000)         4029    0.0134%  87.3548%
  [   537000,   537500)         4163    0.0139%  87.3686%
  [   537500,   538000)         4045    0.0135%  87.3821%
  [   538000,   538500)         4202    0.0140%  87.3961%
  [   538500,   539000)         4141    0.0138%  87.4099%
  [   539000,   539500)         4042    0.0135%  87.4234%
  [   539500,   540000)         4127    0.0138%  87.4372%
  [   540000,   540500)         4277    0.0143%  87.4514%
  [   540500,   541000)         4238    0.0141%  87.4655%
  [   541000,   541500)         4337    0.0145%  87.4800%
  [   541500,   542000)         4153    0.0138%  87.4938%
  [   542000,   542500)         4261    0.0142%  87.5080%
  [   542500,   543000)         4386    0.0146%  87.5227%
  [   543000,   543500)         4376    0.0146%  87.5373%
  [   543500,   544000)         4253    0.0142%  87.5514%
  [   544000,   544500)         4263    0.0142%  87.5656%
  [   544500,   545000)         4343    0.0145%  87.5801%
  [   545000,   545500)         4371    0.0146%  87.5947%
  [   545500,   546000)         4403    0.0147%  87.6094%
  [   546000,   546500)         4413    0.0147%  87.6241%
  [   546500,   547000)         4449    0.0148%  87.6389%
  [   547000,   547500)         4355    0.0145%  87.6534%
  [   547500,   548000)         4405    0.0147%  87.6681%
  [   548000,   548500)         4578    0.0153%  87.6834%
  [   548500,   549000)         4606    0.0154%  87.6987%
  [   549000,   549500)         4452    0.0148%  87.7136%
  [   549500,   550000)         4539    0.0151%  87.7287%
  [   550000,   550500)         4545    0.0152%  87.7438%
  [   550500,   551000)         4489    0.0150%  87.7588%
  [   551000,   551500)         4523    0.0151%  87.7739%
  [   551500,   552000)         4454    0.0148%  87.7887%
  [   552000,   552500)         4567    0.0152%  87.8039%
  [   552500,   553000)         4598    0.0153%  87.8193%
  [   553000,   553500)         4565    0.0152%  87.8345%
  [   553500,   554000)         4735    0.0158%  87.8503%
  [   554000,   554500)         4679    0.0156%  87.8659%
  [   554500,   555000)         4736    0.0158%  87.8817%
  [   555000,   555500)         4663    0.0155%  87.8972%
  [   555500,   556000)         4763    0.0159%  87.9131%
  [   556000,   556500)         4671    0.0156%  87.9286%
  [   556500,   557000)         4704    0.0157%  87.9443%
  [   557000,   557500)         4888    0.0163%  87.9606%
  [   557500,   558000)         4886    0.0163%  87.9769%
  [   558000,   558500)         4785    0.0160%  87.9929%
  [   558500,   559000)         4932    0.0164%  88.0093%
  [   559000,   559500)         4900    0.0163%  88.0256%
  [   559500,   560000)         4837    0.0161%  88.0418%
  [   560000,   560500)         4900    0.0163%  88.0581%
  [   560500,   561000)         4924    0.0164%  88.0745%
  [   561000,   561500)         4978    0.0166%  88.0911%
  [   561500,   562000)         4864    0.0162%  88.1073%
  [   562000,   562500)         5036    0.0168%  88.1241%
  [   562500,   563000)         5087    0.0170%  88.1410%
  [   563000,   563500)         5101    0.0170%  88.1581%
  [   563500,   564000)         5027    0.0168%  88.1748%
  [   564000,   564500)         5028    0.0168%  88.1916%
  [   564500,   565000)         5161    0.0172%  88.2088%
  [   565000,   565500)         5140    0.0171%  88.2259%
  [   565500,   566000)         5109    0.0170%  88.2429%
  [   566000,   566500)         5167    0.0172%  88.2602%
  [   566500,   567000)         5242    0.0175%  88.2776%
  [   567000,   567500)         5281    0.0176%  88.2952%
  [   567500,   568000)         5227    0.0174%  88.3127%
  [   568000,   568500)         5157    0.0172%  88.3298%
  [   568500,   569000)         5271    0.0176%  88.3474%
  [   569000,   569500)         5424    0.0181%  88.3655%
  [   569500,   570000)         5264    0.0175%  88.3830%
  [   570000,   570500)         5262    0.0175%  88.4006%
  [   570500,   571000)         5264    0.0175%  88.4181%
  [   571000,   571500)         5352    0.0178%  88.4360%
  [   571500,   572000)         5326    0.0178%  88.4537%
  [   572000,   572500)         5259    0.0175%  88.4713%
  [   572500,   573000)         5558    0.0185%  88.4898%
  [   573000,   573500)         5615    0.0187%  88.5085%
  [   573500,   574000)         5469    0.0182%  88.5267%
  [   574000,   574500)         5480    0.0183%  88.5450%
  [   574500,   575000)         5486    0.0183%  88.5633%
  [   575000,   575500)         5733    0.0191%  88.5824%
  [   575500,   576000)         5519    0.0184%  88.6008%
  [   576000,   576500)         5506    0.0184%  88.6191%
  [   576500,   577000)         5792    0.0193%  88.6384%
  [   577000,   577500)         5587    0.0186%  88.6571%
  [   577500,   578000)         5662    0.0189%  88.6759%
  [   578000,   578500)         5777    0.0193%  88.6952%
  [   578500,   579000)         5693    0.0190%  88.7142%
  [   579000,   579500)         5692    0.0190%  88.7332%
  [   579500,   580000)         5754    0.0192%  88.7523%
  [   580000,   580500)         5831    0.0194%  88.7718%
  [   580500,   581000)         5762    0.0192%  88.7910%
  [   581000,   581500)         5715    0.0191%  88.8100%
  [   581500,   582000)         5828    0.0194%  88.8295%
  [   582000,   582500)         6015    0.0201%  88.8495%
  [   582500,   583000)         5938    0.0198%  88.8693%
  [   583000,   583500)         5914    0.0197%  88.8890%
  [   583500,   584000)         5733    0.0191%  88.9081%
  [   584000,   584500)         6042    0.0201%  88.9283%
  [   584500,   585000)         5941    0.0198%  88.9481%
  [   585000,   585500)         5990    0.0200%  88.9680%
  [   585500,   586000)         6033    0.0201%  88.9881%
  [   586000,   586500)         6120    0.0204%  89.0085%
  [   586500,   587000)         6036    0.0201%  89.0287%
  [   587000,   587500)         6002    0.0200%  89.0487%
  [   587500,   588000)         6089    0.0203%  89.0690%
  [   588000,   588500)         6075    0.0203%  89.0892%
  [   588500,   589000)         6119    0.0204%  89.1096%
  [   589000,   589500)         6068    0.0202%  89.1298%
  [   589500,   590000)         6105    0.0204%  89.1502%
  [   590000,   590500)         6276    0.0209%  89.1711%
  [   590500,   591000)         6234    0.0208%  89.1919%
  [   591000,   591500)         6235    0.0208%  89.2127%
  [   591500,   592000)         6305    0.0210%  89.2337%
  [   592000,   592500)         6269    0.0209%  89.2546%
  [   592500,   593000)         6255    0.0209%  89.2754%
  [   593000,   593500)         6348    0.0212%  89.2966%
  [   593500,   594000)         6301    0.0210%  89.3176%
  [   594000,   594500)         6285    0.0210%  89.3385%
  [   594500,   595000)         6472    0.0216%  89.3601%
  [   595000,   595500)         6437    0.0215%  89.3816%
  [   595500,   596000)         6516    0.0217%  89.4033%
  [   596000,   596500)         6506    0.0217%  89.4250%
  [   596500,   597000)         6487    0.0216%  89.4466%
  [   597000,   597500)         6324    0.0211%  89.4677%
  [   597500,   598000)         6584    0.0219%  89.4896%
  [   598000,   598500)         6576    0.0219%  89.5116%
  [   598500,   599000)         6520    0.0217%  89.5333%
  [   599000,   599500)         6612    0.0220%  89.5553%
  [   599500,   600000)         6655    0.0222%  89.5775%
  [   600000,   600500)         6649    0.0222%  89.5997%
  [   600500,   601000)         6604    0.0220%  89.6217%
  [   601000,   601500)         6595    0.0220%  89.6437%
  [   601500,   602000)         6558    0.0219%  89.6655%
  [   602000,   602500)         6691    0.0223%  89.6878%
  [   602500,   603000)         6620    0.0221%  89.7099%
  [   603000,   603500)         6640    0.0221%  89.7320%
  [   603500,   604000)         6673    0.0222%  89.7543%
  [   604000,   604500)         6796    0.0227%  89.7769%
  [   604500,   605000)         6852    0.0228%  89.7998%
  [   605000,   605500)         6762    0.0225%  89.8223%
  [   605500,   606000)         6807    0.0227%  89.8450%
  [   606000,   606500)         6734    0.0224%  89.8674%
  [   606500,   607000)         6909    0.0230%  89.8905%
  [   607000,   607500)         6939    0.0231%  89.9136%
  [   607500,   608000)         7073    0.0236%  89.9372%
  [   608000,   608500)         6837    0.0228%  89.9600%
  [   608500,   609000)         6936    0.0231%  89.9831%
  [   609000,   609500)         6994    0.0233%  90.0064%
  [   609500,   610000)         6842    0.0228%  90.0292%
  [   610000,   610500)         7013    0.0234%  90.0526%
  [   610500,   611000)         7050    0.0235%  90.0761%
  [   611000,   611500)         6922    0.0231%  90.0992%
  [   611500,   612000)         7165    0.0239%  90.1230%
  [   612000,   612500)         7088    0.0236%  90.1467%
  [   612500,   613000)         6943    0.0231%  90.1698%
  [   613000,   613500)         7099    0.0237%  90.1935%
  [   613500,   614000)         7082    0.0236%  90.2171%
  [   614000,   614500)         7263    0.0242%  90.2413%
  [   614500,   615000)         7158    0.0239%  90.2652%
  [   615000,   615500)         6962    0.0232%  90.2884%
  [   615500,   616000)         7126    0.0238%  90.3121%
  [   616000,   616500)         7390    0.0246%  90.3367%
  [   616500,   617000)         7244    0.0241%  90.3609%
  [   617000,   617500)         7161    0.0239%  90.3848%
  [   617500,   618000)         7295    0.0243%  90.4091%
  [   618000,   618500)         7249    0.0242%  90.4332%
  [   618500,   619000)         7182    0.0239%  90.4572%
  [   619000,   619500)         7252    0.0242%  90.4814%
  [   619500,   620000)         7326    0.0244%  90.5058%
  [   620000,   620500)         7070    0.0236%  90.5293%
  [   620500,   621000)         7292    0.0243%  90.5537%
  [   621000,   621500)         7408    0.0247%  90.5783%
  [   621500,   622000)         7484    0.0249%  90.6033%
  [   622000,   622500)         7426    0.0248%  90.6280%
  [   622500,   623000)         7433    0.0248%  90.6528%
  [   623000,   623500)         7378    0.0246%  90.6774%
  [   623500,   624000)         7364    0.0245%  90.7020%
  [   624000,   624500)         7435    0.0248%  90.7267%
  [   624500,   625000)         7408    0.0247%  90.7514%
  [   625000,   625500)         7482    0.0249%  90.7764%
  [   625500,   626000)         7454    0.0248%  90.8012%
  [   626000,   626500)         7445    0.0248%  90.8260%
  [   626500,   627000)         7521    0.0251%  90.8511%
  [   627000,   627500)         7706    0.0257%  90.8768%
  [   627500,   628000)         7435    0.0248%  90.9016%
  [   628000,   628500)         7476    0.0249%  90.9265%
  [   628500,   629000)         7635    0.0255%  90.9520%
  [   629000,   629500)         7532    0.0251%  90.9771%
  [   629500,   630000)         7647    0.0255%  91.0025%
  [   630000,   630500)         7731    0.0258%  91.0283%
  [   630500,   631000)         7364    0.0245%  91.0529%
  [   631000,   631500)         7550    0.0252%  91.0780%
  [   631500,   632000)         7596    0.0253%  91.1034%
  [   632000,   632500)         7741    0.0258%  91.1292%
  [   632500,   633000)         7714    0.0257%  91.1549%
  [   633000,   633500)         7838    0.0261%  91.1810%
  [   633500,   634000)         7677    0.0256%  91.2066%
  [   634000,   634500)         7726    0.0258%  91.2323%
  [   634500,   635000)         7858    0.0262%  91.2585%
  [   635000,   635500)         7598    0.0253%  91.2839%
  [   635500,   636000)         7834    0.0261%  91.3100%
  [   636000,   636500)         7822    0.0261%  91.3360%
  [   636500,   637000)         7827    0.0261%  91.3621%
  [   637000,   637500)         7754    0.0258%  91.3880%
  [   637500,   638000)         7953    0.0265%  91.4145%
  [   638000,   638500)         7676    0.0256%  91.4401%
  [   638500,   639000)         7849    0.0262%  91.4662%
  [   639000,   639500)         7772    0.0259%  91.4921%
  [   639500,   640000)         7830    0.0261%  91.5182%
  [   640000,   640500)         7793    0.0260%  91.5442%
  [   640500,   641000)         7925    0.0264%  91.5706%
  [   641000,   641500)         7843    0.0261%  91.5968%
  [   641500,   642000)         7794    0.0260%  91.6228%
  [   642000,   642500)         7830    0.0261%  91.6489%
  [   642500,   643000)         7857    0.0262%  91.6751%
  [   643000,   643500)         7787    0.0260%  91.7010%
  [   643500,   644000)         7772    0.0259%  91.7269%
  [   644000,   644500)         7887    0.0263%  91.7532%
  [   644500,   645000)         8064    0.0269%  91.7801%
  [   645000,   645500)         7925    0.0264%  91.8065%
  [   645500,   646000)         7849    0.0262%  91.8327%
  [   646000,   646500)         8048    0.0268%  91.8595%
  [   646500,   647000)         7868    0.0262%  91.8857%
  [   647000,   647500)         8030    0.0268%  91.9125%
  [   647500,   648000)         7961    0.0265%  91.9390%
  [   648000,   648500)         8064    0.0269%  91.9659%
  [   648500,   649000)         7945    0.0265%  91.9924%
  [   649000,   649500)         8058    0.0269%  92.0193%
  [   649500,   650000)         7964    0.0265%  92.0458%
  [   650000,   650500)         7869    0.0262%  92.0720%
  [   650500,   651000)         7941    0.0265%  92.0985%
  [   651000,   651500)         7881    0.0263%  92.1248%
  [   651500,   652000)         8067    0.0269%  92.1517%
  [   652000,   652500)         8007    0.0267%  92.1783%
  [   652500,   653000)         7920    0.0264%  92.2047%
  [   653000,   653500)         8001    0.0267%  92.2314%
  [   653500,   654000)         8117    0.0271%  92.2585%
  [   654000,   654500)         8099    0.0270%  92.2855%
  [   654500,   655000)         7805    0.0260%  92.3115%
  [   655000,   655500)         8003    0.0267%  92.3382%
  [   655500,   656000)         8158    0.0272%  92.3654%
  [   656000,   656500)         8171    0.0272%  92.3926%
  [   656500,   657000)         8045    0.0268%  92.4194%
  [   657000,   657500)         8186    0.0273%  92.4467%
  [   657500,   658000)         7923    0.0264%  92.4731%
  [   658000,   658500)         8097    0.0270%  92.5001%
  [   658500,   659000)         7964    0.0265%  92.5266%
  [   659000,   659500)         7962    0.0265%  92.5532%
  [   659500,   660000)         8119    0.0271%  92.5802%
  [   660000,   660500)         7987    0.0266%  92.6069%
  [   660500,   661000)         8136    0.0271%  92.6340%
  [   661000,   661500)         8051    0.0268%  92.6608%
  [   661500,   662000)         7998    0.0267%  92.6875%
  [   662000,   662500)         8167    0.0272%  92.7147%
  [   662500,   663000)         8065    0.0269%  92.7416%
  [   663000,   663500)         8002    0.0267%  92.7683%
  [   663500,   664000)         8104    0.0270%  92.7953%
  [   664000,   664500)         8190    0.0273%  92.8226%
  [   664500,   665000)         8041    0.0268%  92.8494%
  [   665000,   665500)         7993    0.0266%  92.8760%
  [   665500,   666000)         8006    0.0267%  92.9027%
  [   666000,   666500)         8066    0.0269%  92.9296%
  [   666500,   667000)         8131    0.0271%  92.9567%
  [   667000,   667500)         8052    0.0268%  92.9835%
  [   667500,   668000)         8071    0.0269%  93.0104%
  [   668000,   668500)         7995    0.0267%  93.0371%
  [   668500,   669000)         8101    0.0270%  93.0641%
  [   669000,   669500)         8328    0.0278%  93.0919%
  [   669500,   670000)         7967    0.0266%  93.1184%
  [   670000,   670500)         7993    0.0266%  93.1451%
  [   670500,   671000)         7764    0.0259%  93.1709%
  [   671000,   671500)         7976    0.0266%  93.1975%
  [   671500,   672000)         7912    0.0264%  93.2239%
  [   672000,   672500)         7909    0.0264%  93.2503%
  [   672500,   673000)         7913    0.0264%  93.2766%
  [   673000,   673500)         8038    0.0268%  93.3034%
  [   673500,   674000)         7908    0.0264%  93.3298%
  [   674000,   674500)         8007    0.0267%  93.3565%
  [   674500,   675000)         7978    0.0266%  93.3831%
  [   675000,   675500)         8073    0.0269%  93.4100%
  [   675500,   676000)         7945    0.0265%  93.4365%
  [   676000,   676500)         7936    0.0265%  93.4629%
  [   676500,   677000)         7994    0.0266%  93.4896%
  [   677000,   677500)         7939    0.0265%  93.5160%
  [   677500,   678000)         7817    0.0261%  93.5421%
  [   678000,   678500)         7975    0.0266%  93.5687%
  [   678500,   679000)         7915    0.0264%  93.5951%
  [   679000,   679500)         7976    0.0266%  93.6216%
  [   679500,   680000)         7936    0.0265%  93.6481%
  [   680000,   680500)         7840    0.0261%  93.6742%
  [   680500,   681000)         7931    0.0264%  93.7007%
  [   681000,   681500)         7822    0.0261%  93.7267%
  [   681500,   682000)         7953    0.0265%  93.7533%
  [   682000,   682500)         7796    0.0260%  93.7792%
  [   682500,   683000)         8000    0.0267%  93.8059%
  [   683000,   683500)         7744    0.0258%  93.8317%
  [   683500,   684000)         7678    0.0256%  93.8573%
  [   684000,   684500)         7847    0.0262%  93.8835%
  [   684500,   685000)         7958    0.0265%  93.9100%
  [   685000,   685500)         7780    0.0259%  93.9359%
  [   685500,   686000)         7878    0.0263%  93.9622%
  [   686000,   686500)         7621    0.0254%  93.9876%
  [   686500,   687000)         7771    0.0259%  94.0135%
  [   687000,   687500)         7663    0.0255%  94.0390%
  [   687500,   688000)         7850    0.0262%  94.0652%
  [   688000,   688500)         7792    0.0260%  94.0912%
  [   688500,   689000)         7608    0.0254%  94.1165%
  [   689000,   689500)         7693    0.0256%  94.1422%
  [   689500,   690000)         7743    0.0258%  94.1680%
  [   690000,   690500)         7848    0.0262%  94.1942%
  [   690500,   691000)         7743    0.0258%  94.2200%
  [   691000,   691500)         7871    0.0262%  94.2462%
  [   691500,   692000)         7561    0.0252%  94.2714%
  [   692000,   692500)         7658    0.0255%  94.2969%
  [   692500,   693000)         7748    0.0258%  94.3228%
  [   693000,   693500)         7538    0.0251%  94.3479%
  [   693500,   694000)         7610    0.0254%  94.3732%
  [   694000,   694500)         7491    0.0250%  94.3982%
  [   694500,   695000)         7544    0.0251%  94.4234%
  [   695000,   695500)         7556    0.0252%  94.4486%
  [   695500,   696000)         7593    0.0253%  94.4739%
  [   696000,   696500)         7596    0.0253%  94.4992%
  [   696500,   697000)         7535    0.0251%  94.5243%
  [   697000,   697500)         7565    0.0252%  94.5495%
  [   697500,   698000)         7535    0.0251%  94.5746%
  [   698000,   698500)         7535    0.0251%  94.5997%
  [   698500,   699000)         7450    0.0248%  94.6246%
  [   699000,   699500)         7453    0.0248%  94.6494%
  [   699500,   700000)         7257    0.0242%  94.6736%
  [   700000,   700500)         7367    0.0246%  94.6982%
  [   700500,   701000)         7355    0.0245%  94.7227%
  [   701000,   701500)         7211    0.0240%  94.7467%
  [   701500,   702000)         7290    0.0243%  94.7710%
  [   702000,   702500)         7272    0.0242%  94.7953%
  [   702500,   703000)         7293    0.0243%  94.8196%
  [   703000,   703500)         7241    0.0241%  94.8437%
  [   703500,   704000)         7403    0.0247%  94.8684%
  [   704000,   704500)         7070    0.0236%  94.8920%
  [   704500,   705000)         7323    0.0244%  94.9164%
  [   705000,   705500)         7256    0.0242%  94.9406%
  [   705500,   706000)         7249    0.0242%  94.9647%
  [   706000,   706500)         7123    0.0237%  94.9885%
  [   706500,   707000)         7267    0.0242%  95.0127%
  [   707000,   707500)         7147    0.0238%  95.0365%
  [   707500,   708000)         7296    0.0243%  95.0608%
  [   708000,   708500)         7124    0.0237%  95.0846%
  [   708500,   709000)         7065    0.0236%  95.1081%
  [   709000,   709500)         7134    0.0238%  95.1319%
  [   709500,   710000)         7061    0.0235%  95.1554%
  [   710000,   710500)         7064    0.0235%  95.1790%
  [   710500,   711000)         7034    0.0234%  95.2024%
  [   711000,   711500)         7042    0.0235%  95.2259%
  [   711500,   712000)         6995    0.0233%  95.2492%
  [   712000,   712500)         7072    0.0236%  95.2728%
  [   712500,   713000)         7008    0.0234%  95.2962%
  [   713000,   713500)         7000    0.0233%  95.3195%
  [   713500,   714000)         6927    0.0231%  95.3426%
  [   714000,   714500)         6956    0.0232%  95.3658%
  [   714500,   715000)         7009    0.0234%  95.3891%
  [   715000,   715500)         6975    0.0233%  95.4124%
  [   715500,   716000)         6895    0.0230%  95.4354%
  [   716000,   716500)         6893    0.0230%  95.4583%
  [   716500,   717000)         6929    0.0231%  95.4814%
  [   717000,   717500)         6866    0.0229%  95.5043%
  [   717500,   718000)         6747    0.0225%  95.5268%
  [   718000,   718500)         6668    0.0222%  95.5490%
  [   718500,   719000)         6690    0.0223%  95.5713%
  [   719000,   719500)         6796    0.0227%  95.5940%
  [   719500,   720000)         6663    0.0222%  95.6162%
  [   720000,   720500)         6760    0.0225%  95.6387%
  [   720500,   721000)         6841    0.0228%  95.6615%
  [   721000,   721500)         6642    0.0221%  95.6837%
  [   721500,   722000)         6728    0.0224%  95.7061%
  [   722000,   722500)         6737    0.0225%  95.7286%
  [   722500,   723000)         6625    0.0221%  95.7506%
  [   723000,   723500)         6619    0.0221%  95.7727%
  [   723500,   724000)         6484    0.0216%  95.7943%
  [   724000,   724500)         6575    0.0219%  95.8162%
  [   724500,   725000)         6555    0.0219%  95.8381%
  [   725000,   725500)         6585    0.0220%  95.8600%
  [   725500,   726000)         6486    0.0216%  95.8817%
  [   726000,   726500)         6389    0.0213%  95.9030%
  [   726500,   727000)         6483    0.0216%  95.9246%
  [   727000,   727500)         6453    0.0215%  95.9461%
  [   727500,   728000)         6301    0.0210%  95.9671%
  [   728000,   728500)         6341    0.0211%  95.9882%
  [   728500,   729000)         6444    0.0215%  96.0097%
  [   729000,   729500)         6407    0.0214%  96.0311%
  [   729500,   730000)         6454    0.0215%  96.0526%
  [   730000,   730500)         6388    0.0213%  96.0739%
  [   730500,   731000)         6157    0.0205%  96.0944%
  [   731000,   731500)         6375    0.0213%  96.1156%
  [   731500,   732000)         6107    0.0204%  96.1360%
  [   732000,   732500)         6230    0.0208%  96.1568%
  [   732500,   733000)         6177    0.0206%  96.1773%
  [   733000,   733500)         6060    0.0202%  96.1975%
  [   733500,   734000)         6053    0.0202%  96.2177%
  [   734000,   734500)         6108    0.0204%  96.2381%
  [   734500,   735000)         6205    0.0207%  96.2588%
  [   735000,   735500)         6146    0.0205%  96.2793%
  [   735500,   736000)         6013    0.0200%  96.2993%
  [   736000,   736500)         6055    0.0202%  96.3195%
  [   736500,   737000)         6087    0.0203%  96.3398%
  [   737000,   737500)         5978    0.0199%  96.3597%
  [   737500,   738000)         5980    0.0199%  96.3796%
  [   738000,   738500)         5931    0.0198%  96.3994%
  [   738500,   739000)         5844    0.0195%  96.4189%
  [   739000,   739500)         6028    0.0201%  96.4390%
  [   739500,   740000)         5940    0.0198%  96.4588%
  [   740000,   740500)         5899    0.0197%  96.4784%
  [   740500,   741000)         5756    0.0192%  96.4976%
  [   741000,   741500)         5722    0.0191%  96.5167%
  [   741500,   742000)         5824    0.0194%  96.5361%
  [   742000,   742500)         5792    0.0193%  96.5554%
  [   742500,   743000)         5704    0.0190%  96.5744%
  [   743000,   743500)         5821    0.0194%  96.5938%
  [   743500,   744000)         5658    0.0189%  96.6127%
  [   744000,   744500)         5662    0.0189%  96.6316%
  [   744500,   745000)         5617    0.0187%  96.6503%
  [   745000,   745500)         5627    0.0188%  96.6690%
  [   745500,   746000)         5501    0.0183%  96.6874%
  [   746000,   746500)         5588    0.0186%  96.7060%
  [   746500,   747000)         5535    0.0185%  96.7245%
  [   747000,   747500)         5599    0.0187%  96.7431%
  [   747500,   748000)         5518    0.0184%  96.7615%
  [   748000,   748500)         5572    0.0186%  96.7801%
  [   748500,   749000)         5600    0.0187%  96.7988%
  [   749000,   749500)         5413    0.0180%  96.8168%
  [   749500,   750000)         5342    0.0178%  96.8346%
  [   750000,   750500)         5492    0.0183%  96.8529%
  [   750500,   751000)         5283    0.0176%  96.8705%
  [   751000,   751500)         5385    0.0180%  96.8885%
  [   751500,   752000)         5428    0.0181%  96.9066%
  [   752000,   752500)         5445    0.0182%  96.9247%
  [   752500,   753000)         5262    0.0175%  96.9423%
  [   753000,   753500)         5215    0.0174%  96.9596%
  [   753500,   754000)         5212    0.0174%  96.9770%
  [   754000,   754500)         5183    0.0173%  96.9943%
  [   754500,   755000)         5238    0.0175%  97.0117%
  [   755000,   755500)         5085    0.0170%  97.0287%
  [   755500,   756000)         5180    0.0173%  97.0460%
  [   756000,   756500)         5146    0.0172%  97.0631%
  [   756500,   757000)         5152    0.0172%  97.0803%
  [   757000,   757500)         5054    0.0168%  97.0971%
  [   757500,   758000)         5098    0.0170%  97.1141%
  [   758000,   758500)         5110    0.0170%  97.1312%
  [   758500,   759000)         5109    0.0170%  97.1482%
  [   759000,   759500)         5049    0.0168%  97.1650%
  [   759500,   760000)         5040    0.0168%  97.1818%
  [   760000,   760500)         4962    0.0165%  97.1984%
  [   760500,   761000)         5096    0.0170%  97.2154%
  [   761000,   761500)         4960    0.0165%  97.2319%
  [   761500,   762000)         4827    0.0161%  97.2480%
  [   762000,   762500)         4962    0.0165%  97.2645%
  [   762500,   763000)         4776    0.0159%  97.2804%
  [   763000,   763500)         4879    0.0163%  97.2967%
  [   763500,   764000)         4929    0.0164%  97.3131%
  [   764000,   764500)         4748    0.0158%  97.3290%
  [   764500,   765000)         4884    0.0163%  97.3452%
  [   765000,   765500)         4720    0.0157%  97.3610%
  [   765500,   766000)         4823    0.0161%  97.3770%
  [   766000,   766500)         4663    0.0155%  97.3926%
  [   766500,   767000)         4734    0.0158%  97.4084%
  [   767000,   767500)         4804    0.0160%  97.4244%
  [   767500,   768000)         4685    0.0156%  97.4400%
  [   768000,   768500)         4617    0.0154%  97.4554%
  [   768500,   769000)         4690    0.0156%  97.4710%
  [   769000,   769500)         4559    0.0152%  97.4862%
  [   769500,   770000)         4512    0.0150%  97.5013%
  [   770000,   770500)         4546    0.0152%  97.5164%
  [   770500,   771000)         4555    0.0152%  97.5316%
  [   771000,   771500)         4604    0.0153%  97.5469%
  [   771500,   772000)         4508    0.0150%  97.5620%
  [   772000,   772500)         4534    0.0151%  97.5771%
  [   772500,   773000)         4423    0.0147%  97.5918%
  [   773000,   773500)         4430    0.0148%  97.6066%
  [   773500,   774000)         4489    0.0150%  97.6216%
  [   774000,   774500)         4375    0.0146%  97.6361%
  [   774500,   775000)         4196    0.0140%  97.6501%
  [   775000,   775500)         4312    0.0144%  97.6645%
  [   775500,   776000)         4329    0.0144%  97.6789%
  [   776000,   776500)         4305    0.0144%  97.6933%
  [   776500,   777000)         4292    0.0143%  97.7076%
  [   777000,   777500)         4217    0.0141%  97.7216%
  [   777500,   778000)         4253    0.0142%  97.7358%
  [   778000,   778500)         4243    0.0141%  97.7500%
  [   778500,   779000)         4216    0.0141%  97.7640%
  [   779000,   779500)         4200    0.0140%  97.7780%
  [   779500,   780000)         4141    0.0138%  97.7918%
  [   780000,   780500)         4179    0.0139%  97.8057%
  [   780500,   781000)         4116    0.0137%  97.8195%
  [   781000,   781500)         4215    0.0141%  97.8335%
  [   781500,   782000)         4047    0.0135%  97.8470%
  [   782000,   782500)         3983    0.0133%  97.8603%
  [   782500,   783000)         4057    0.0135%  97.8738%
  [   783000,   783500)         3973    0.0132%  97.8871%
  [   783500,   784000)         4099    0.0137%  97.9007%
  [   784000,   784500)         4021    0.0134%  97.9141%
  [   784500,   785000)         3970    0.0132%  97.9274%
  [   785000,   785500)         4032    0.0134%  97.9408%
  [   785500,   786000)         3870    0.0129%  97.9537%
  [   786000,   786500)         3933    0.0131%  97.9668%
  [   786500,   787000)         3971    0.0132%  97.9800%
  [   787000,   787500)         3968    0.0132%  97.9933%
  [   787500,   788000)         3885    0.0130%  98.0062%
  [   788000,   788500)         3788    0.0126%  98.0188%
  [   788500,   789000)         3724    0.0124%  98.0313%
  [   789000,   789500)         3831    0.0128%  98.0440%
  [   789500,   790000)         3788    0.0126%  98.0567%
  [   790000,   790500)         3739    0.0125%  98.0691%
  [   790500,   791000)         3801    0.0127%  98.0818%
  [   791000,   791500)         3749    0.0125%  98.0943%
  [   791500,   792000)         3741    0.0125%  98.1068%
  [   792000,   792500)         3670    0.0122%  98.1190%
  [   792500,   793000)         3576    0.0119%  98.1309%
  [   793000,   793500)         3554    0.0118%  98.1428%
  [   793500,   794000)         3568    0.0119%  98.1546%
  [   794000,   794500)         3557    0.0119%  98.1665%
  [   794500,   795000)         3583    0.0119%  98.1784%
  [   795000,   795500)         3694    0.0123%  98.1908%
  [   795500,   796000)         3618    0.0121%  98.2028%
  [   796000,   796500)         3578    0.0119%  98.2147%
  [   796500,   797000)         3487    0.0116%  98.2264%
  [   797000,   797500)         3466    0.0116%  98.2379%
  [   797500,   798000)         3455    0.0115%  98.2494%
  [   798000,   798500)         3537    0.0118%  98.2612%
  [   798500,   799000)         3374    0.0112%  98.2725%
  [   799000,   799500)         3476    0.0116%  98.2841%
  [   799500,   800000)         3407    0.0114%  98.2954%
  [   800000,   800500)         3399    0.0113%  98.3067%
  [   800500,   801000)         3387    0.0113%  98.3180%
  [   801000,   801500)         3372    0.0112%  98.3293%
  [   801500,   802000)         3403    0.0113%  98.3406%
  [   802000,   802500)         3329    0.0111%  98.3517%
  [   802500,   803000)         3268    0.0109%  98.3626%
  [   803000,   803500)         3315    0.0111%  98.3737%
  [   803500,   804000)         3249    0.0108%  98.3845%
  [   804000,   804500)         3208    0.0107%  98.3952%
  [   804500,   805000)         3235    0.0108%  98.4060%
  [   805000,   805500)         3323    0.0111%  98.4170%
  [   805500,   806000)         3249    0.0108%  98.4279%
  [   806000,   806500)         3145    0.0105%  98.4384%
  [   806500,   807000)         3120    0.0104%  98.4488%
  [   807000,   807500)         3258    0.0109%  98.4596%
  [   807500,   808000)         3170    0.0106%  98.4702%
  [   808000,   808500)         3164    0.0105%  98.4807%
  [   808500,   809000)         3145    0.0105%  98.4912%
  [   809000,   809500)         3213    0.0107%  98.5019%
  [   809500,   810000)         3077    0.0103%  98.5122%
  [   810000,   810500)         3195    0.0107%  98.5228%
  [   810500,   811000)         2982    0.0099%  98.5328%
  [   811000,   811500)         3033    0.0101%  98.5429%
  [   811500,   812000)         2979    0.0099%  98.5528%
  [   812000,   812500)         2951    0.0098%  98.5626%
  [   812500,   813000)         2944    0.0098%  98.5725%
  [   813000,   813500)         2962    0.0099%  98.5823%
  [   813500,   814000)         2893    0.0096%  98.5920%
  [   814000,   814500)         3000    0.0100%  98.6020%
  [   814500,   815000)         2962    0.0099%  98.6119%
  [   815000,   815500)         2893    0.0096%  98.6215%
  [   815500,   816000)         2891    0.0096%  98.6311%
  [   816000,   816500)         2828    0.0094%  98.6406%
  [   816500,   817000)         2781    0.0093%  98.6498%
  [   817000,   817500)         2656    0.0089%  98.6587%
  [   817500,   818000)         2790    0.0093%  98.6680%
  [   818000,   818500)         2839    0.0095%  98.6774%
  [   818500,   819000)         2708    0.0090%  98.6865%
  [   819000,   819500)         2770    0.0092%  98.6957%
  [   819500,   820000)         2826    0.0094%  98.7051%
  [   820000,   820500)         2782    0.0093%  98.7144%
  [   820500,   821000)         2727    0.0091%  98.7235%
  [   821000,   821500)         2760    0.0092%  98.7327%
  [   821500,   822000)         2733    0.0091%  98.7418%
  [   822000,   822500)         2634    0.0088%  98.7506%
  [   822500,   823000)         2640    0.0088%  98.7594%
  [   823000,   823500)         2699    0.0090%  98.7684%
  [   823500,   824000)         2558    0.0085%  98.7769%
  [   824000,   824500)         2600    0.0087%  98.7856%
  [   824500,   825000)         2563    0.0085%  98.7941%
  [   825000,   825500)         2625    0.0088%  98.8029%
  [   825500,   826000)         2653    0.0088%  98.8117%
  [   826000,   826500)         2545    0.0085%  98.8202%
  [   826500,   827000)         2539    0.0085%  98.8287%
  [   827000,   827500)         2543    0.0085%  98.8371%
  [   827500,   828000)         2486    0.0083%  98.8454%
  [   828000,   828500)         2512    0.0084%  98.8538%
  [   828500,   829000)         2475    0.0083%  98.8620%
  [   829000,   829500)         2446    0.0082%  98.8702%
  [   829500,   830000)         2406    0.0080%  98.8782%
  [   830000,   830500)         2417    0.0081%  98.8863%
  [   830500,   831000)         2359    0.0079%  98.8941%
  [   831000,   831500)         2384    0.0079%  98.9021%
  [   831500,   832000)         2363    0.0079%  98.9100%
  [   832000,   832500)         2342    0.0078%  98.9178%
  [   832500,   833000)         2425    0.0081%  98.9258%
  [   833000,   833500)         2373    0.0079%  98.9338%
  [   833500,   834000)         2198    0.0073%  98.9411%
  [   834000,   834500)         2314    0.0077%  98.9488%
  [   834500,   835000)         2304    0.0077%  98.9565%
  [   835000,   835500)         2314    0.0077%  98.9642%
  [   835500,   836000)         2393    0.0080%  98.9722%
  [   836000,   836500)         2195    0.0073%  98.9795%
  [   836500,   837000)         2276    0.0076%  98.9871%
  [   837000,   837500)         2141    0.0071%  98.9942%
  [   837500,   838000)         2226    0.0074%  99.0016%
  [   838000,   838500)         2224    0.0074%  99.0090%
  [   838500,   839000)         2163    0.0072%  99.0162%
  [   839000,   839500)         2094    0.0070%  99.0232%
  [   839500,   840000)         2174    0.0072%  99.0305%
  [   840000,   840500)         2121    0.0071%  99.0375%
  [   840500,   841000)         2141    0.0071%  99.0447%
  [   841000,   841500)         2180    0.0073%  99.0519%
  [   841500,   842000)         2163    0.0072%  99.0592%
  [   842000,   842500)         2060    0.0069%  99.0660%
  [   842500,   843000)         2053    0.0068%  99.0729%
  [   843000,   843500)         2102    0.0070%  99.0799%
  [   843500,   844000)         2192    0.0073%  99.0872%
  [   844000,   844500)         2035    0.0068%  99.0940%
  [   844500,   845000)         2058    0.0069%  99.1008%
  [   845000,   845500)         2022    0.0067%  99.1076%
  [   845500,   846000)         2086    0.0070%  99.1145%
  [   846000,   846500)         2021    0.0067%  99.1213%
  [   846500,   847000)         2023    0.0067%  99.1280%
  [   847000,   847500)         1985    0.0066%  99.1346%
  [   847500,   848000)         1977    0.0066%  99.1412%
  [   848000,   848500)         1996    0.0067%  99.1479%
  [   848500,   849000)         1988    0.0066%  99.1545%
  [   849000,   849500)         1956    0.0065%  99.1610%
  [   849500,   850000)         1865    0.0062%  99.1672%
  [   850000,   850500)         1921    0.0064%  99.1736%
  [   850500,   851000)         1842    0.0061%  99.1798%
  [   851000,   851500)         1823    0.0061%  99.1858%
  [   851500,   852000)         1870    0.0062%  99.1921%
  [   852000,   852500)         1822    0.0061%  99.1981%
  [   852500,   853000)         1848    0.0062%  99.2043%
  [   853000,   853500)         1878    0.0063%  99.2106%
  [   853500,   854000)         1834    0.0061%  99.2167%
  [   854000,   854500)         1796    0.0060%  99.2227%
  [   854500,   855000)         1782    0.0059%  99.2286%
  [   855000,   855500)         1758    0.0059%  99.2345%
  [   855500,   856000)         1738    0.0058%  99.2403%
  [   856000,   856500)         1777    0.0059%  99.2462%
  [   856500,   857000)         1736    0.0058%  99.2520%
  [   857000,   857500)         1738    0.0058%  99.2578%
  [   857500,   858000)         1695    0.0057%  99.2634%
  [   858000,   858500)         1722    0.0057%  99.2692%
  [   858500,   859000)         1701    0.0057%  99.2748%
  [   859000,   859500)         1699    0.0057%  99.2805%
  [   859500,   860000)         1745    0.0058%  99.2863%
  [   860000,   860500)         1686    0.0056%  99.2919%
  [   860500,   861000)         1706    0.0057%  99.2976%
  [   861000,   861500)         1621    0.0054%  99.3030%
  [   861500,   862000)         1603    0.0053%  99.3084%
  [   862000,   862500)         1700    0.0057%  99.3140%
  [   862500,   863000)         1617    0.0054%  99.3194%
  [   863000,   863500)         1627    0.0054%  99.3248%
  [   863500,   864000)         1582    0.0053%  99.3301%
  [   864000,   864500)         1545    0.0052%  99.3353%
  [   864500,   865000)         1558    0.0052%  99.3405%
  [   865000,   865500)         1534    0.0051%  99.3456%
  [   865500,   866000)         1553    0.0052%  99.3507%
  [   866000,   866500)         1526    0.0051%  99.3558%
  [   866500,   867000)         1541    0.0051%  99.3610%
  [   867000,   867500)         1499    0.0050%  99.3660%
  [   867500,   868000)         1542    0.0051%  99.3711%
  [   868000,   868500)         1528    0.0051%  99.3762%
  [   868500,   869000)         1478    0.0049%  99.3811%
  [   869000,   869500)         1480    0.0049%  99.3861%
  [   869500,   870000)         1502    0.0050%  99.3911%
  [   870000,   870500)         1468    0.0049%  99.3960%
  [   870500,   871000)         1512    0.0050%  99.4010%
  [   871000,   871500)         1435    0.0048%  99.4058%
  [   871500,   872000)         1516    0.0051%  99.4108%
  [   872000,   872500)         1394    0.0046%  99.4155%
  [   872500,   873000)         1441    0.0048%  99.4203%
  [   873000,   873500)         1480    0.0049%  99.4252%
  [   873500,   874000)         1438    0.0048%  99.4300%
  [   874000,   874500)         1424    0.0047%  99.4348%
  [   874500,   875000)         1391    0.0046%  99.4394%
  [   875000,   875500)         1390    0.0046%  99.4440%
  [   875500,   876000)         1342    0.0045%  99.4485%
  [   876000,   876500)         1374    0.0046%  99.4531%
  [   876500,   877000)         1301    0.0043%  99.4574%
  [   877000,   877500)         1325    0.0044%  99.4618%
  [   877500,   878000)         1312    0.0044%  99.4662%
  [   878000,   878500)         1336    0.0045%  99.4707%
  [   878500,   879000)         1326    0.0044%  99.4751%
  [   879000,   879500)         1324    0.0044%  99.4795%
  [   879500,   880000)         1298    0.0043%  99.4838%
  [   880000,   880500)         1333    0.0044%  99.4883%
  [   880500,   881000)         1245    0.0042%  99.4924%
  [   881000,   881500)         1278    0.0043%  99.4967%
  [   881500,   882000)         1267    0.0042%  99.5009%
  [   882000,   882500)         1244    0.0041%  99.5050%
  [   882500,   883000)         1299    0.0043%  99.5094%
  [   883000,   883500)         1199    0.0040%  99.5134%
  [   883500,   884000)         1271    0.0042%  99.5176%
  [   884000,   884500)         1195    0.0040%  99.5216%
  [   884500,   885000)         1261    0.0042%  99.5258%
  [   885000,   885500)         1208    0.0040%  99.5298%
  [   885500,   886000)         1222    0.0041%  99.5339%
  [   886000,   886500)         1164    0.0039%  99.5378%
  [   886500,   887000)         1175    0.0039%  99.5417%
  [   887000,   887500)         1145    0.0038%  99.5455%
  [   887500,   888000)         1182    0.0039%  99.5494%
  [   888000,   888500)         1122    0.0037%  99.5532%
  [   888500,   889000)         1099    0.0037%  99.5569%
  [   889000,   889500)         1134    0.0038%  99.5606%
  [   889500,   890000)         1094    0.0036%  99.5643%
  [   890000,   890500)         1112    0.0037%  99.5680%
  [   890500,   891000)         1140    0.0038%  99.5718%
  [   891000,   891500)         1112    0.0037%  99.5755%
  [   891500,   892000)         1120    0.0037%  99.5792%
  [   892000,   892500)         1094    0.0036%  99.5829%
  [   892500,   893000)         1071    0.0036%  99.5864%
  [   893000,   893500)         1055    0.0035%  99.5900%
  [   893500,   894000)         1098    0.0037%  99.5936%
  [   894000,   894500)         1065    0.0036%  99.5972%
  [   894500,   895000)         1078    0.0036%  99.6008%
  [   895000,   895500)         1036    0.0035%  99.6042%
  [   895500,   896000)         1067    0.0036%  99.6078%
  [   896000,   896500)         1066    0.0036%  99.6113%
  [   896500,   897000)         1027    0.0034%  99.6147%
  [   897000,   897500)         1030    0.0034%  99.6182%
  [   897500,   898000)         1027    0.0034%  99.6216%
  [   898000,   898500)         1001    0.0033%  99.6249%
  [   898500,   899000)          968    0.0032%  99.6282%
  [   899000,   899500)         1012    0.0034%  99.6315%
  [   899500,   900000)          988    0.0033%  99.6348%
  [   900000,   900500)          995    0.0033%  99.6382%
  [   900500,   901000)          979    0.0033%  99.6414%
  [   901000,   901500)          927    0.0031%  99.6445%
  [   901500,   902000)          912    0.0030%  99.6475%
  [   902000,   902500)          972    0.0032%  99.6508%
  [   902500,   903000)          995    0.0033%  99.6541%
  [   903000,   903500)          892    0.0030%  99.6571%
  [   903500,   904000)          915    0.0031%  99.6601%
  [   904000,   904500)          902    0.0030%  99.6631%
  [   904500,   905000)          920    0.0031%  99.6662%
  [   905000,   905500)          901    0.0030%  99.6692%
  [   905500,   906000)          854    0.0028%  99.6720%
  [   906000,   906500)          891    0.0030%  99.6750%
  [   906500,   907000)          857    0.0029%  99.6779%
  [   907000,   907500)          853    0.0028%  99.6807%
  [   907500,   908000)          844    0.0028%  99.6835%
  [   908000,   908500)          845    0.0028%  99.6863%
  [   908500,   909000)          881    0.0029%  99.6893%
  [   909000,   909500)          814    0.0027%  99.6920%
  [   909500,   910000)          806    0.0027%  99.6947%
  [   910000,   910500)          840    0.0028%  99.6975%
  [   910500,   911000)          788    0.0026%  99.7001%
  [   911000,   911500)          853    0.0028%  99.7030%
  [   911500,   912000)          827    0.0028%  99.7057%
  [   912000,   912500)          840    0.0028%  99.7085%
  [   912500,   913000)          791    0.0026%  99.7111%
  [   913000,   913500)          815    0.0027%  99.7139%
  [   913500,   914000)          791    0.0026%  99.7165%
  [   914000,   914500)          797    0.0027%  99.7192%
  [   914500,   915000)          764    0.0025%  99.7217%
  [   915000,   915500)          754    0.0025%  99.7242%
  [   915500,   916000)          805    0.0027%  99.7269%
  [   916000,   916500)          767    0.0026%  99.7295%
  [   916500,   917000)          772    0.0026%  99.7320%
  [   917000,   917500)          762    0.0025%  99.7346%
  [   917500,   918000)          732    0.0024%  99.7370%
  [   918000,   918500)          783    0.0026%  99.7396%
  [   918500,   919000)          713    0.0024%  99.7420%
  [   919000,   919500)          753    0.0025%  99.7445%
  [   919500,   920000)          694    0.0023%  99.7468%
  [   920000,   920500)          755    0.0025%  99.7493%
  [   920500,   921000)          699    0.0023%  99.7517%
  [   921000,   921500)          735    0.0025%  99.7541%
  [   921500,   922000)          684    0.0023%  99.7564%
  [   922000,   922500)          684    0.0023%  99.7587%
  [   922500,   923000)          670    0.0022%  99.7609%
  [   923000,   923500)          704    0.0023%  99.7633%
  [   923500,   924000)          635    0.0021%  99.7654%
  [   924000,   924500)          670    0.0022%  99.7676%
  [   924500,   925000)          621    0.0021%  99.7697%
  [   925000,   925500)          665    0.0022%  99.7719%
  [   925500,   926000)          650    0.0022%  99.7741%
  [   926000,   926500)          682    0.0023%  99.7763%
  [   926500,   927000)          643    0.0021%  99.7785%
  [   927000,   927500)          654    0.0022%  99.7807%
  [   927500,   928000)          670    0.0022%  99.7829%
  [   928000,   928500)          630    0.0021%  99.7850%
  [   928500,   929000)          584    0.0019%  99.7869%
  [   929000,   929500)          573    0.0019%  99.7888%
  [   929500,   930000)          628    0.0021%  99.7909%
  [   930000,   930500)          636    0.0021%  99.7931%
  [   930500,   931000)          634    0.0021%  99.7952%
  [   931000,   931500)          597    0.0020%  99.7972%
  [   931500,   932000)          566    0.0019%  99.7991%
  [   932000,   932500)          606    0.0020%  99.8011%
  [   932500,   933000)          589    0.0020%  99.8030%
  [   933000,   933500)          554    0.0018%  99.8049%
  [   933500,   934000)          540    0.0018%  99.8067%
  [   934000,   934500)          548    0.0018%  99.8085%
  [   934500,   935000)          561    0.0019%  99.8104%
  [   935000,   935500)          558    0.0019%  99.8122%
  [   935500,   936000)          594    0.0020%  99.8142%
  [   936000,   936500)          522    0.0017%  99.8160%
  [   936500,   937000)          532    0.0018%  99.8177%
  [   937000,   937500)          522    0.0017%  99.8195%
  [   937500,   938000)          528    0.0018%  99.8212%
  [   938000,   938500)          552    0.0018%  99.8231%
  [   938500,   939000)          523    0.0017%  99.8248%
  [   939000,   939500)          532    0.0018%  99.8266%
  [   939500,   940000)          493    0.0016%  99.8282%
  [   940000,   940500)          538    0.0018%  99.8300%
  [   940500,   941000)          490    0.0016%  99.8317%
  [   941000,   941500)          489    0.0016%  99.8333%
  [   941500,   942000)          531    0.0018%  99.8351%
  [   942000,   942500)          499    0.0017%  99.8367%
  [   942500,   943000)          463    0.0015%  99.8383%
  [   943000,   943500)          496    0.0017%  99.8399%
  [   943500,   944000)          457    0.0015%  99.8414%
  [   944000,   944500)          468    0.0016%  99.8430%
  [   944500,   945000)          489    0.0016%  99.8446%
  [   945000,   945500)          438    0.0015%  99.8461%
  [   945500,   946000)          476    0.0016%  99.8477%
  [   946000,   946500)          443    0.0015%  99.8492%
  [   946500,   947000)          415    0.0014%  99.8505%
  [   947000,   947500)          481    0.0016%  99.8521%
  [   947500,   948000)          443    0.0015%  99.8536%
  [   948000,   948500)          482    0.0016%  99.8552%
  [   948500,   949000)          457    0.0015%  99.8567%
  [   949000,   949500)          471    0.0016%  99.8583%
  [   949500,   950000)          429    0.0014%  99.8597%
  [   950000,   950500)          441    0.0015%  99.8612%
  [   950500,   951000)          483    0.0016%  99.8628%
  [   951000,   951500)          379    0.0013%  99.8641%
  [   951500,   952000)          414    0.0014%  99.8655%
  [   952000,   952500)          394    0.0013%  99.8668%
  [   952500,   953000)          394    0.0013%  99.8681%
  [   953000,   953500)          437    0.0015%  99.8696%
  [   953500,   954000)          405    0.0014%  99.8709%
  [   954000,   954500)          416    0.0014%  99.8723%
  [   954500,   955000)          424    0.0014%  99.8737%
  [   955000,   955500)          396    0.0013%  99.8750%
  [   955500,   956000)          440    0.0015%  99.8765%
  [   956000,   956500)          416    0.0014%  99.8779%
  [   956500,   957000)          390    0.0013%  99.8792%
  [   957000,   957500)          409    0.0014%  99.8805%
  [   957500,   958000)          412    0.0014%  99.8819%
  [   958000,   958500)          376    0.0013%  99.8832%
  [   958500,   959000)          347    0.0012%  99.8843%
  [   959000,   959500)          342    0.0011%  99.8855%
  [   959500,   960000)          322    0.0011%  99.8865%
  [   960000,   960500)          372    0.0012%  99.8878%
  [   960500,   961000)          347    0.0012%  99.8889%
  [   961000,   961500)          361    0.0012%  99.8901%
  [   961500,   962000)          360    0.0012%  99.8913%
  [   962000,   962500)          355    0.0012%  99.8925%
  [   962500,   963000)          365    0.0012%  99.8937%
  [   963000,   963500)          315    0.0011%  99.8948%
  [   963500,   964000)          346    0.0012%  99.8959%
  [   964000,   964500)          326    0.0011%  99.8970%
  [   964500,   965000)          334    0.0011%  99.8981%
  [   965000,   965500)          296    0.0010%  99.8991%
  [   965500,   966000)          329    0.0011%  99.9002%
  [   966000,   966500)          317    0.0011%  99.9013%
  [   966500,   967000)          311    0.0010%  99.9023%
  [   967000,   967500)          320    0.0011%  99.9034%
  [   967500,   968000)          323    0.0011%  99.9045%
  [   968000,   968500)          298    0.0010%  99.9055%
  [   968500,   969000)          316    0.0011%  99.9065%
  [   969000,   969500)          277    0.0009%  99.9074%
  [   969500,   970000)          313    0.0010%  99.9085%
  [   970000,   970500)          263    0.0009%  99.9094%
  [   970500,   971000)          289    0.0010%  99.9103%
  [   971000,   971500)          292    0.0010%  99.9113%
  [   971500,   972000)          294    0.0010%  99.9123%
  [   972000,   972500)          285    0.0010%  99.9132%
  [   972500,   973000)          305    0.0010%  99.9142%
  [   973000,   973500)          274    0.0009%  99.9151%
  [   973500,   974000)          290    0.0010%  99.9161%
  [   974000,   974500)          283    0.0009%  99.9171%
  [   974500,   975000)          260    0.0009%  99.9179%
  [   975000,   975500)          290    0.0010%  99.9189%
  [   975500,   976000)          262    0.0009%  99.9198%
  [   976000,   976500)          281    0.0009%  99.9207%
  [   976500,   977000)          271    0.0009%  99.9216%
  [   977000,   977500)          283    0.0009%  99.9225%
  [   977500,   978000)          268    0.0009%  99.9234%
  [   978000,   978500)          269    0.0009%  99.9243%
  [   978500,   979000)          242    0.0008%  99.9251%
  [   979000,   979500)          240    0.0008%  99.9259%
  [   979500,   980000)          270    0.0009%  99.9268%
  [   980000,   980500)          264    0.0009%  99.9277%
  [   980500,   981000)          223    0.0007%  99.9285%
  [   981000,   981500)          228    0.0008%  99.9292%
  [   981500,   982000)          248    0.0008%  99.9301%
  [   982000,   982500)          244    0.0008%  99.9309%
  [   982500,   983000)          226    0.0008%  99.9316%
  [   983000,   983500)          229    0.0008%  99.9324%
  [   983500,   984000)          247    0.0008%  99.9332%
  [   984000,   984500)          197    0.0007%  99.9339%
  [   984500,   985000)          215    0.0007%  99.9346%
  [   985000,   985500)          216    0.0007%  99.9353%
  [   985500,   986000)          238    0.0008%  99.9361%
  [   986000,   986500)          233    0.0008%  99.9369%
  [   986500,   987000)          222    0.0007%  99.9376%
  [   987000,   987500)          203    0.0007%  99.9383%
  [   987500,   988000)          230    0.0008%  99.9391%
  [   988000,   988500)          211    0.0007%  99.9398%
  [   988500,   989000)          219    0.0007%  99.9405%
  [   989000,   989500)          210    0.0007%  99.9412%
  [   989500,   990000)          229    0.0008%  99.9420%
  [   990000,   990500)          188    0.0006%  99.9426%
  [   990500,   991000)          194    0.0006%  99.9432%
  [   991000,   991500)          187    0.0006%  99.9438%
  [   991500,   992000)          195    0.0007%  99.9445%
  [   992000,   992500)          199    0.0007%  99.9452%
  [   992500,   993000)          186    0.0006%  99.9458%
  [   993000,   993500)          175    0.0006%  99.9464%
  [   993500,   994000)          207    0.0007%  99.9471%
  [   994000,   994500)          181    0.0006%  99.9477%
  [   994500,   995000)          184    0.0006%  99.9483%
  [   995000,   995500)          206    0.0007%  99.9490%
  [   995500,   996000)          176    0.0006%  99.9495%
  [   996000,   996500)          149    0.0005%  99.9500%
  [   996500,   997000)          153    0.0005%  99.9506%
  [   997000,   997500)          182    0.0006%  99.9512%
  [   997500,   998000)          171    0.0006%  99.9517%
  [   998000,   998500)          182    0.0006%  99.9523%
  [   998500,   999000)          166    0.0006%  99.9529%
  [   999000,   999500)          164    0.0005%  99.9534%
  [   999500, +inf)               13969    0.0466% 100.0000%

----- OFFLOADED TASKS [node 1] -----
  ops total                = 29999988
  ops direct (1-sided)     = 29999988 (100.00%)
  ops offload (rpc)        = 0 (0.00%)
  lookup pushdowns         = 0
  scan   pushdowns (RPC)   = 0
    kv pairs returned      = 0
    leaves scanned remotely= 0
    kv / scan pushdown     = 0.00
    leaves / scan pushdown = 0.00
=========================================================================

[CORRECTNESS node 1] scan rows returned = 2999956360
[READPATH node 1] lookups=458212359  index-cache hit=49.3%  per lookup: leaf=1.000 speculative=0.000 (right 0.0%) hop-reads=0.000 (two-segment 0.000) retries=0.000 invalid=0.000 sibling=0.000  => est. leaf round trips/lookup=0.000
 ----- [LeafCache]: capacity=2048 leaves resident=2048 (100.0% full, 0.7 MB) -----
[LEAFCACHE] hit=401102430 miss=397140661 stale=0 fill=62985279 hit_pct=50.248 admit_pct=15.860 resident=2048 capacity=2048 budget_mb=1

----- PER-LEVEL CACHE HITS [node 1] (lookups; level 0 = leaf) -----
[KIND node 1] lookups=0 inner_visits=0 inner_hits=0 inner_hit_pct=0.00 leaf_visits=0 leaf_hits=0 leaf_hit_pct=0.00
[SCANLEAF node 1] scans=29999988 inner_complete_miss=486948 inner_partial=5724456 leaf_cache_hits=5892819 leaf_reads=334155382 cn_leaves_per_scan=11.33 leaf_hit_pct=1.73
[END]
