nodes 2, threads 24, mix R/I/U/S=0/0/0/100, zipf-0.99, bulk 30M warmup 5M op 20M, offload 0%, scan_range 100
[4mshared memory size: 64GB, 0x7feeda800000[0m
[4mrdma cache size: 4GB[0m
[4mMachine NR: 2[0m
[4mCompute server 1 start up [255.127.0.0]
[0m
I connect server 0
[CONFIG node 1] dir threads = 4 (CHIME_DIR_THREADS, max 8) -- MUST match the other node
workload generated: keyspace=30001000 bulk=30000000 warmup=4999992 op=19999992
[4mKey space set: keySpaceSize=30000000[0m
I am 24
[INFO] new root level 2
I am 46
I am 39
I am 26
I am 28
I am 44
I am 47
I am 31
I am 40
I am 43
I am 30
I am 36
I am 33
I am 37
I am 25
I am 27
I am 35
I am 42
I am 34
I am 41
I am 38
I am 45
I am 29
I am 32
[INFO] new root level 3
[INFO] new root level 4
[INFO] new root level 5
[INFO] new root level 6
[bulk] loader node: 10% (375001/3750000 keys)
[INFO] new root level 7
[bulk] loader node: 20% (750002/3750000 keys)
[bulk] loader node: 30% (1125003/3750000 keys)
[bulk] loader node: 40% (1500004/3750000 keys)
[bulk] loader node: 50% (1875005/3750000 keys)
[bulk] loader node: 60% (2250006/3750000 keys)
[bulk] loader node: 70% (2625007/3750000 keys)
[bulk] loader node: 80% (3000008/3750000 keys)
[bulk] loader node: 90% (3375009/3750000 keys)
node 1 warmup done in 208s
1, throughput 0.0751 Mops
1, throughput 0.0748 Mops
1, throughput 0.0736 Mops
1, throughput 0.0733 Mops
1, throughput 0.0730 Mops
1, throughput 0.0732 Mops
1, throughput 0.0739 Mops
1, throughput 0.0726 Mops
1, throughput 0.0728 Mops
1, throughput 0.0728 Mops
1, throughput 0.0734 Mops
1, throughput 0.0739 Mops
1, throughput 0.0732 Mops
1, throughput 0.0739 Mops
1, throughput 0.0736 Mops
1, throughput 0.0728 Mops
1, throughput 0.0734 Mops
1, throughput 0.0724 Mops
1, throughput 0.0739 Mops
1, throughput 0.0729 Mops
1, throughput 0.0734 Mops
1, throughput 0.0727 Mops
1, throughput 0.0736 Mops
1, throughput 0.0739 Mops
1, throughput 0.0728 Mops
1, throughput 0.0732 Mops
1, throughput 0.0734 Mops
1, throughput 0.0724 Mops
1, throughput 0.0727 Mops
1, throughput 0.0737 Mops
1, throughput 0.0734 Mops
1, throughput 0.0725 Mops
1, throughput 0.0727 Mops
1, throughput 0.0730 Mops
1, throughput 0.0737 Mops
1, throughput 0.0736 Mops
1, throughput 0.0734 Mops
1, throughput 0.0732 Mops
1, throughput 0.0746 Mops
1, throughput 0.0736 Mops
1, throughput 0.0736 Mops
1, throughput 0.0741 Mops
1, throughput 0.0733 Mops
1, throughput 0.0729 Mops
1, throughput 0.0735 Mops
1, throughput 0.0729 Mops
1, throughput 0.0728 Mops
1, throughput 0.0736 Mops
1, throughput 0.0732 Mops
1, throughput 0.0736 Mops
1, throughput 0.0727 Mops
1, throughput 0.0732 Mops
1, throughput 0.0735 Mops
1, throughput 0.0726 Mops
1, throughput 0.0731 Mops
1, throughput 0.0727 Mops
1, throughput 0.0737 Mops
1, throughput 0.0734 Mops
1, throughput 0.0737 Mops
1, throughput 0.0736 Mops
1, throughput 0.0729 Mops
1, throughput 0.0727 Mops
1, throughput 0.0735 Mops
1, throughput 0.0730 Mops
1, throughput 0.0734 Mops
1, throughput 0.0736 Mops
1, throughput 0.0730 Mops
1, throughput 0.0736 Mops
1, throughput 0.0739 Mops
1, throughput 0.0729 Mops
1, throughput 0.0731 Mops
1, throughput 0.0735 Mops
1, throughput 0.0733 Mops
1, throughput 0.0729 Mops
1, throughput 0.0732 Mops
1, throughput 0.0734 Mops
1, throughput 0.0741 Mops
1, throughput 0.0737 Mops
1, throughput 0.0737 Mops
1, throughput 0.0738 Mops
1, throughput 0.0733 Mops
1, throughput 0.0734 Mops
1, throughput 0.0733 Mops
1, throughput 0.0734 Mops
1, throughput 0.0736 Mops
1, throughput 0.0733 Mops
1, throughput 0.0737 Mops
1, throughput 0.0737 Mops
1, throughput 0.0726 Mops
1, throughput 0.0724 Mops
1, throughput 0.0730 Mops
1, throughput 0.0736 Mops
1, throughput 0.0736 Mops
1, throughput 0.0730 Mops
1, throughput 0.0734 Mops
1, throughput 0.0734 Mops
1, throughput 0.0740 Mops
1, throughput 0.0727 Mops
1, throughput 0.0732 Mops
1, throughput 0.0730 Mops
1, throughput 0.0730 Mops
1, throughput 0.0736 Mops
1, throughput 0.0736 Mops
1, throughput 0.0730 Mops
1, throughput 0.0733 Mops
1, throughput 0.0736 Mops
1, throughput 0.0740 Mops
1, throughput 0.0730 Mops
1, throughput 0.0735 Mops
1, throughput 0.0732 Mops
1, throughput 0.0725 Mops
1, throughput 0.0736 Mops
1, throughput 0.0739 Mops
1, throughput 0.0736 Mops
1, throughput 0.0733 Mops
1, throughput 0.0729 Mops
1, throughput 0.0737 Mops
1, throughput 0.0743 Mops
1, throughput 0.0736 Mops
1, throughput 0.0725 Mops
1, throughput 0.0735 Mops
1, throughput 0.0743 Mops
1, throughput 0.0739 Mops
1, throughput 0.0734 Mops
1, throughput 0.0732 Mops
1, throughput 0.0741 Mops
1, throughput 0.0736 Mops
1, throughput 0.0737 Mops
1, throughput 0.0735 Mops
1, throughput 0.0730 Mops
1, throughput 0.0734 Mops
1, throughput 0.0723 Mops
1, throughput 0.0736 Mops
1, throughput 0.0730 Mops
1, throughput 0.0737 Mops
1, throughput 0.0734 Mops
1, throughput 0.0738 Mops
1, throughput 0.0734 Mops
1, throughput 0.0731 Mops
1, throughput 0.0731 Mops
1, throughput 0.0734 Mops
1, throughput 0.0737 Mops
1, throughput 0.0739 Mops
1, throughput 0.0741 Mops
1, throughput 0.0735 Mops
1, throughput 0.0736 Mops
1, throughput 0.0720 Mops
1, throughput 0.0728 Mops
1, throughput 0.0734 Mops
1, throughput 0.0735 Mops
1, throughput 0.0737 Mops
1, throughput 0.0735 Mops
1, throughput 0.0733 Mops
1, throughput 0.0731 Mops
1, throughput 0.0734 Mops
1, throughput 0.0742 Mops
1, throughput 0.0740 Mops
1, throughput 0.0732 Mops
1, throughput 0.0730 Mops
1, throughput 0.0741 Mops
1, throughput 0.0735 Mops
1, throughput 0.0734 Mops
1, throughput 0.0730 Mops
1, throughput 0.0733 Mops
1, throughput 0.0734 Mops
1, throughput 0.0741 Mops
1, throughput 0.0737 Mops
1, throughput 0.0734 Mops
1, throughput 0.0734 Mops
1, throughput 0.0736 Mops
1, throughput 0.0732 Mops
1, throughput 0.0736 Mops
1, throughput 0.0729 Mops
1, throughput 0.0733 Mops
1, throughput 0.0732 Mops
1, throughput 0.0734 Mops
1, throughput 0.0733 Mops
1, throughput 0.0731 Mops
1, throughput 0.0736 Mops
1, throughput 0.0732 Mops
1, throughput 0.0727 Mops
1, throughput 0.0732 Mops
1, throughput 0.0739 Mops
1, throughput 0.0732 Mops
1, throughput 0.0729 Mops
1, throughput 0.0736 Mops
1, throughput 0.0739 Mops
1, throughput 0.0729 Mops
1, throughput 0.0736 Mops
1, throughput 0.0738 Mops
1, throughput 0.0734 Mops
1, throughput 0.0734 Mops
1, throughput 0.0738 Mops
1, throughput 0.0730 Mops
1, throughput 0.0733 Mops
1, throughput 0.0736 Mops
1, throughput 0.0736 Mops
1, throughput 0.0730 Mops
1, throughput 0.0731 Mops
1, throughput 0.0739 Mops
1, throughput 0.0736 Mops
1, throughput 0.0728 Mops
1, throughput 0.0733 Mops
1, throughput 0.0736 Mops
1, throughput 0.0736 Mops
1, throughput 0.0740 Mops
1, throughput 0.0737 Mops
1, throughput 0.0735 Mops
1, throughput 0.0731 Mops
1, throughput 0.0739 Mops
1, throughput 0.0727 Mops
1, throughput 0.0739 Mops
1, throughput 0.0738 Mops
1, throughput 0.0730 Mops
1, throughput 0.0732 Mops
1, throughput 0.0734 Mops
1, throughput 0.0740 Mops
1, throughput 0.0736 Mops
1, throughput 0.0738 Mops
1, throughput 0.0739 Mops
1, throughput 0.0737 Mops
1, throughput 0.0738 Mops
1, throughput 0.0730 Mops
1, throughput 0.0740 Mops
1, throughput 0.0726 Mops
1, throughput 0.0739 Mops
1, throughput 0.0731 Mops
1, throughput 0.0741 Mops
1, throughput 0.0739 Mops
1, throughput 0.0741 Mops
1, throughput 0.0736 Mops
1, throughput 0.0738 Mops
1, throughput 0.0740 Mops
1, throughput 0.0729 Mops
1, throughput 0.0719 Mops
1, throughput 0.0740 Mops
1, throughput 0.0737 Mops
1, throughput 0.0728 Mops
1, throughput 0.0732 Mops
1, throughput 0.0739 Mops
1, throughput 0.0733 Mops
1, throughput 0.0725 Mops
1, throughput 0.0737 Mops
1, throughput 0.0728 Mops
1, throughput 0.0735 Mops
1, throughput 0.0740 Mops
1, throughput 0.0740 Mops
1, throughput 0.0734 Mops
1, throughput 0.0734 Mops
1, throughput 0.0739 Mops
1, throughput 0.0731 Mops
1, throughput 0.0733 Mops
1, throughput 0.0735 Mops
1, throughput 0.0735 Mops
1, throughput 0.0740 Mops
1, throughput 0.0720 Mops
1, throughput 0.0731 Mops
1, throughput 0.0732 Mops
1, throughput 0.0729 Mops
1, throughput 0.0730 Mops
1, throughput 0.0729 Mops
1, throughput 0.0740 Mops
1, throughput 0.0736 Mops
1, throughput 0.0734 Mops
1, throughput 0.0736 Mops
1, throughput 0.0738 Mops
1, throughput 0.0733 Mops
1, throughput 0.0737 Mops
1, throughput 0.0735 Mops
1, throughput 0.0737 Mops
1, throughput 0.0729 Mops
1, throughput 0.0726 Mops
1, throughput 0.0731 Mops
1, throughput 0.0737 Mops
1, throughput 0.0730 Mops
1, throughput 0.0731 Mops
1, throughput 0.0731 Mops
1, throughput 0.0743 Mops
1, throughput 0.0726 Mops
1, throughput 0.0733 Mops
1, throughput 0.0733 Mops
1, throughput 0.0731 Mops
1, throughput 0.0729 Mops
1, throughput 0.0735 Mops
1, throughput 0.0735 Mops
1, throughput 0.0727 Mops
1, throughput 0.0739 Mops
1, throughput 0.0734 Mops
1, throughput 0.0738 Mops
1, throughput 0.0736 Mops
1, throughput 0.0739 Mops
1, throughput 0.0735 Mops
1, throughput 0.0729 Mops
1, throughput 0.0739 Mops
1, throughput 0.0737 Mops
1, throughput 0.0740 Mops
1, throughput 0.0738 Mops
1, throughput 0.0729 Mops
1, throughput 0.0736 Mops
1, throughput 0.0731 Mops
1, throughput 0.0735 Mops
1, throughput 0.0732 Mops
1, throughput 0.0735 Mops
1, throughput 0.0734 Mops
1, throughput 0.0731 Mops
1, throughput 0.0732 Mops
1, throughput 0.0732 Mops
1, throughput 0.0728 Mops
1, throughput 0.0739 Mops
1, throughput 0.0740 Mops
1, throughput 0.0733 Mops
1, throughput 0.0738 Mops
1, throughput 0.0733 Mops
1, throughput 0.0729 Mops
1, throughput 0.0730 Mops
1, throughput 0.0731 Mops
1, throughput 0.0740 Mops
1, throughput 0.0725 Mops
1, throughput 0.0736 Mops
1, throughput 0.0740 Mops
1, throughput 0.0734 Mops
1, throughput 0.0737 Mops
1, throughput 0.0734 Mops
1, throughput 0.0739 Mops
1, throughput 0.0732 Mops
1, throughput 0.0735 Mops
1, throughput 0.0734 Mops
1, throughput 0.0727 Mops
1, throughput 0.0731 Mops
1, throughput 0.0726 Mops
1, throughput 0.0734 Mops
1, throughput 0.0735 Mops
1, throughput 0.0726 Mops
1, throughput 0.0737 Mops
1, throughput 0.0734 Mops
1, throughput 0.0730 Mops
1, throughput 0.0738 Mops
1, throughput 0.0732 Mops
1, throughput 0.0723 Mops
1, throughput 0.0734 Mops
1, throughput 0.0732 Mops
1, throughput 0.0735 Mops
1, throughput 0.0742 Mops
1, throughput 0.0733 Mops
1, throughput 0.0739 Mops
1, throughput 0.0747 Mops
1, throughput 0.0730 Mops
1, throughput 0.0745 Mops
1, throughput 0.0732 Mops
1, throughput 0.0742 Mops
1, throughput 0.0733 Mops
1, throughput 0.0736 Mops
1, throughput 0.0731 Mops
1, throughput 0.0735 Mops
1, throughput 0.0735 Mops
1, throughput 0.0731 Mops
1, throughput 0.0735 Mops
1, throughput 0.0727 Mops
1, throughput 0.0731 Mops
1, throughput 0.0736 Mops
1, throughput 0.0737 Mops
1, throughput 0.0739 Mops
1, throughput 0.0741 Mops
1, throughput 0.0735 Mops
1, throughput 0.0740 Mops
1, throughput 0.0737 Mops
1, throughput 0.0738 Mops
1, throughput 0.0739 Mops
1, throughput 0.0740 Mops
1, throughput 0.0733 Mops
1, throughput 0.0743 Mops
1, throughput 0.0733 Mops
1, throughput 0.0733 Mops
1, throughput 0.0730 Mops
1, throughput 0.0746 Mops
1, throughput 0.0740 Mops
1, throughput 0.0737 Mops
1, throughput 0.0742 Mops
1, throughput 0.0733 Mops
1, throughput 0.0731 Mops
1, throughput 0.0738 Mops
1, throughput 0.0737 Mops
1, throughput 0.0735 Mops
1, throughput 0.0727 Mops
1, throughput 0.0732 Mops
1, throughput 0.0736 Mops
1, throughput 0.0732 Mops
1, throughput 0.0736 Mops
1, throughput 0.0741 Mops
1, throughput 0.0741 Mops
1, throughput 0.0729 Mops
1, throughput 0.0740 Mops
1, throughput 0.0736 Mops
1, throughput 0.0742 Mops
1, throughput 0.0737 Mops
1, throughput 0.0736 Mops
1, throughput 0.0732 Mops
1, throughput 0.0736 Mops
1, throughput 0.0735 Mops
1, throughput 0.0733 Mops
1, throughput 0.0735 Mops
1, throughput 0.0738 Mops
1, throughput 0.0741 Mops
1, throughput 0.0732 Mops
1, throughput 0.0728 Mops
1, throughput 0.0738 Mops
1, throughput 0.0734 Mops
1, throughput 0.0737 Mops
1, throughput 0.0731 Mops
1, throughput 0.0737 Mops
1, throughput 0.0729 Mops
1, throughput 0.0736 Mops
1, throughput 0.0738 Mops
1, throughput 0.0734 Mops
1, throughput 0.0738 Mops
1, throughput 0.0733 Mops
1, throughput 0.0738 Mops
1, throughput 0.0736 Mops
1, throughput 0.0735 Mops
1, throughput 0.0732 Mops
1, throughput 0.0727 Mops
1, throughput 0.0737 Mops
1, throughput 0.0737 Mops
1, throughput 0.0736 Mops
1, throughput 0.0739 Mops
1, throughput 0.0745 Mops
1, throughput 0.0733 Mops
1, throughput 0.0731 Mops
1, throughput 0.0737 Mops
1, throughput 0.0729 Mops
1, throughput 0.0735 Mops
1, throughput 0.0735 Mops
1, throughput 0.0729 Mops
1, throughput 0.0739 Mops
1, throughput 0.0730 Mops
1, throughput 0.0738 Mops
1, throughput 0.0738 Mops
1, throughput 0.0730 Mops
1, throughput 0.0739 Mops
1, throughput 0.0735 Mops
1, throughput 0.0728 Mops
1, throughput 0.0719 Mops
1, throughput 0.0738 Mops
1, throughput 0.0739 Mops
1, throughput 0.0729 Mops
1, throughput 0.0732 Mops
1, throughput 0.0734 Mops
1, throughput 0.0734 Mops
1, throughput 0.0734 Mops
1, throughput 0.0745 Mops
1, throughput 0.0737 Mops
1, throughput 0.0728 Mops
1, throughput 0.0734 Mops
1, throughput 0.0735 Mops
1, throughput 0.0735 Mops
1, throughput 0.0735 Mops
1, throughput 0.0733 Mops
1, throughput 0.0731 Mops
1, throughput 0.0729 Mops
1, throughput 0.0736 Mops
1, throughput 0.0735 Mops
1, throughput 0.0734 Mops
1, throughput 0.0733 Mops
1, throughput 0.0731 Mops
1, throughput 0.0733 Mops
1, throughput 0.0729 Mops
1, throughput 0.0731 Mops
1, throughput 0.0737 Mops
1, throughput 0.0731 Mops
1, throughput 0.0740 Mops
1, throughput 0.0730 Mops
1, throughput 0.0733 Mops
1, throughput 0.0730 Mops
1, throughput 0.0738 Mops
1, throughput 0.0734 Mops
1, throughput 0.0737 Mops
1, throughput 0.0739 Mops
1, throughput 0.0738 Mops
1, throughput 0.0734 Mops
1, throughput 0.0739 Mops
1, throughput 0.0743 Mops
1, throughput 0.0739 Mops
1, throughput 0.0730 Mops
1, throughput 0.0730 Mops
1, throughput 0.0730 Mops
1, throughput 0.0740 Mops
1, throughput 0.0733 Mops
1, throughput 0.0736 Mops
1, throughput 0.0733 Mops
1, throughput 0.0737 Mops
1, throughput 0.0737 Mops
1, throughput 0.0738 Mops
1, throughput 0.0740 Mops
1, throughput 0.0744 Mops
1, throughput 0.0727 Mops
1, throughput 0.0738 Mops
1, throughput 0.0734 Mops
1, throughput 0.0741 Mops
1, throughput 0.0730 Mops
1, throughput 0.0739 Mops
1, throughput 0.0735 Mops
1, throughput 0.0729 Mops
1, throughput 0.0738 Mops
1, throughput 0.0731 Mops
1, throughput 0.0731 Mops
1, throughput 0.0739 Mops
1, throughput 0.0736 Mops
1, throughput 0.0733 Mops
1, throughput 0.0734 Mops
1, throughput 0.0750 Mops
1, throughput 0.0743 Mops
1, throughput 0.0746 Mops
1, throughput 0.0751 Mops
1, throughput 0.0761 Mops
1, throughput 0.0759 Mops
1, throughput 0.0756 Mops
1, throughput 0.0761 Mops
1, throughput 0.0748 Mops
1, throughput 0.0755 Mops
1, throughput 0.0756 Mops
1, throughput 0.0757 Mops
1, throughput 0.0756 Mops
1, throughput 0.0754 Mops
1, throughput 0.0719 Mops
1, throughput 0.0657 Mops
1, throughput 0.0495 Mops
1, throughput 0.0385 Mops
1, throughput 0.0316 Mops
1, throughput 0.0257 Mops
1, throughput 0.0247 Mops
1, throughput 0.0250 Mops
1, throughput 0.0248 Mops
1, throughput 0.0248 Mops
1, throughput 0.0247 Mops
1, throughput 0.0248 Mops
1, throughput 0.0250 Mops
1, throughput 0.0249 Mops
1, throughput 0.0251 Mops
1, throughput 0.0244 Mops
1, throughput 0.0248 Mops
1, throughput 0.0245 Mops
1, throughput 0.0246 Mops
1, throughput 0.0249 Mops
1, throughput 0.0245 Mops
1, throughput 0.0249 Mops
1, throughput 0.0249 Mops
1, throughput 0.0251 Mops
1, throughput 0.0250 Mops
1, throughput 0.0248 Mops
1, throughput 0.0247 Mops
1, throughput 0.0247 Mops
1, throughput 0.0246 Mops
1, throughput 0.0250 Mops
1, throughput 0.0246 Mops
1, throughput 0.0249 Mops
1, throughput 0.0247 Mops
1, throughput 0.0247 Mops
1, throughput 0.0250 Mops
1, throughput 0.0250 Mops
1, throughput 0.0247 Mops
1, throughput 0.0252 Mops
1, throughput 0.0253 Mops
1, throughput 0.0252 Mops
1, throughput 0.0259 Mops
1, throughput 0.0254 Mops
1, throughput 0.0255 Mops
1, throughput 0.0254 Mops
1, throughput 0.0257 Mops
1, throughput 0.0257 Mops
1, throughput 0.0258 Mops
1, throughput 0.0255 Mops
1, throughput 0.0240 Mops
1, throughput 0.0229 Mops
1, throughput 0.0227 Mops
1, throughput 0.0228 Mops
1, throughput 0.0228 Mops
1, throughput 0.0230 Mops
1, throughput 0.0230 Mops
1, throughput 0.0211 Mops
1, throughput 0.0178 Mops
1, throughput 0.0134 Mops
1, throughput 0.0100 Mops
1, throughput 0.0073 Mops
1, throughput 0.0009 Mops
[RESULT node 1] ops=19999992 elapsed=292.054s throughput=0.0685 Mops mode=op-bounded

==================== LATENCY BUCKETS (500 ns) [node 1] ====================
[RANGE]
  ALL                n=19166659   mean=  325.37us  p50=  72.00us  p90= 762.00us  p99= 863.50us  p99.9= 936.00us  max>=1000.00us
  DIRECT (1-sided)   n=19166659   mean=  325.37us  p50=  72.00us  p90= 762.00us  p99= 863.50us  p99.9= 936.00us  max>=1000.00us
  OFFLOAD (rpc)             (no samples)
[ALL OPS]
  ALL                n=19166659   mean=  325.37us  p50=  72.00us  p90= 762.00us  p99= 863.50us  p99.9= 936.00us  max>=1000.00us
  DIRECT (1-sided)   n=19166659   mean=  325.37us  p50=  72.00us  p90= 762.00us  p99= 863.50us  p99.9= 936.00us  max>=1000.00us
  OFFLOAD (rpc)             (no samples)

----- 500 ns bucket CDF (all ops) [node 1] -----
  bucket [lo,hi) ns             count        pct       cdf
  [    41000,    41500)            1    0.0000%   0.0000%
  [    41500,    42000)            1    0.0000%   0.0000%
  [    42000,    42500)            3    0.0000%   0.0000%
  [    42500,    43000)           11    0.0001%   0.0001%
  [    43000,    43500)           49    0.0003%   0.0003%
  [    43500,    44000)           97    0.0005%   0.0008%
  [    44000,    44500)          298    0.0016%   0.0024%
  [    44500,    45000)          501    0.0026%   0.0050%
  [    45000,    45500)          928    0.0048%   0.0099%
  [    45500,    46000)         1630    0.0085%   0.0184%
  [    46000,    46500)         3042    0.0159%   0.0342%
  [    46500,    47000)         5269    0.0275%   0.0617%
  [    47000,    47500)         8638    0.0451%   0.1068%
  [    47500,    48000)        13217    0.0690%   0.1757%
  [    48000,    48500)        20142    0.1051%   0.2808%
  [    48500,    49000)        29232    0.1525%   0.4334%
  [    49000,    49500)        42269    0.2205%   0.6539%
  [    49500,    50000)        57737    0.3012%   0.9551%
  [    50000,    50500)        77115    0.4023%   1.3575%
  [    50500,    51000)       101166    0.5278%   1.8853%
  [    51000,    51500)       132649    0.6921%   2.5774%
  [    51500,    52000)       170405    0.8891%   3.4664%
  [    52000,    52500)       206291    1.0763%   4.5427%
  [    52500,    53000)       239015    1.2470%   5.7898%
  [    53000,    53500)       261439    1.3640%   7.1538%
  [    53500,    54000)       269679    1.4070%   8.5608%
  [    54000,    54500)       266207    1.3889%   9.9497%
  [    54500,    55000)       257524    1.3436%  11.2933%
  [    55000,    55500)       255195    1.3315%  12.6248%
  [    55500,    56000)       271493    1.4165%  14.0413%
  [    56000,    56500)       305966    1.5963%  15.6376%
  [    56500,    57000)       347690    1.8140%  17.4517%
  [    57000,    57500)       380191    1.9836%  19.4353%
  [    57500,    58000)       396343    2.0679%  21.5031%
  [    58000,    58500)       385745    2.0126%  23.5157%
  [    58500,    59000)       358957    1.8728%  25.3885%
  [    59000,    59500)       320366    1.6715%  27.0600%
  [    59500,    60000)       285159    1.4878%  28.5478%
  [    60000,    60500)       257795    1.3450%  29.8928%
  [    60500,    61000)       238268    1.2431%  31.1360%
  [    61000,    61500)       227773    1.1884%  32.3243%
  [    61500,    62000)       220604    1.1510%  33.4753%
  [    62000,    62500)       213537    1.1141%  34.5894%
  [    62500,    63000)       204961    1.0694%  35.6588%
  [    63000,    63500)       194449    1.0145%  36.6733%
  [    63500,    64000)       183650    0.9582%  37.6315%
  [    64000,    64500)       174242    0.9091%  38.5406%
  [    64500,    65000)       166460    0.8685%  39.4091%
  [    65000,    65500)       160637    0.8381%  40.2472%
  [    65500,    66000)       156991    0.8191%  41.0662%
  [    66000,    66500)       152279    0.7945%  41.8607%
  [    66500,    67000)       148320    0.7738%  42.6346%
  [    67000,    67500)       143967    0.7511%  43.3857%
  [    67500,    68000)       141238    0.7369%  44.1226%
  [    68000,    68500)       140300    0.7320%  44.8546%
  [    68500,    69000)       140923    0.7353%  45.5899%
  [    69000,    69500)       143558    0.7490%  46.3389%
  [    69500,    70000)       145726    0.7603%  47.0992%
  [    70000,    70500)       147707    0.7706%  47.8698%
  [    70500,    71000)       146718    0.7655%  48.6353%
  [    71000,    71500)       145218    0.7577%  49.3930%
  [    71500,    72000)       138579    0.7230%  50.1160%
  [    72000,    72500)       130387    0.6803%  50.7963%
  [    72500,    73000)       121475    0.6338%  51.4300%
  [    73000,    73500)       111999    0.5843%  52.0144%
  [    73500,    74000)       102461    0.5346%  52.5490%
  [    74000,    74500)        94339    0.4922%  53.0412%
  [    74500,    75000)        86492    0.4513%  53.4924%
  [    75000,    75500)        79443    0.4145%  53.9069%
  [    75500,    76000)        73531    0.3836%  54.2906%
  [    76000,    76500)        67123    0.3502%  54.6408%
  [    76500,    77000)        61255    0.3196%  54.9604%
  [    77000,    77500)        55775    0.2910%  55.2514%
  [    77500,    78000)        49939    0.2606%  55.5119%
  [    78000,    78500)        44786    0.2337%  55.7456%
  [    78500,    79000)        39743    0.2074%  55.9529%
  [    79000,    79500)        35308    0.1842%  56.1371%
  [    79500,    80000)        31544    0.1646%  56.3017%
  [    80000,    80500)        28163    0.1469%  56.4487%
  [    80500,    81000)        25247    0.1317%  56.5804%
  [    81000,    81500)        22314    0.1164%  56.6968%
  [    81500,    82000)        19814    0.1034%  56.8002%
  [    82000,    82500)        17563    0.0916%  56.8918%
  [    82500,    83000)        15761    0.0822%  56.9741%
  [    83000,    83500)        13947    0.0728%  57.0468%
  [    83500,    84000)        12320    0.0643%  57.1111%
  [    84000,    84500)        10964    0.0572%  57.1683%
  [    84500,    85000)         9827    0.0513%  57.2196%
  [    85000,    85500)         8675    0.0453%  57.2648%
  [    85500,    86000)         7572    0.0395%  57.3043%
  [    86000,    86500)         6593    0.0344%  57.3387%
  [    86500,    87000)         5820    0.0304%  57.3691%
  [    87000,    87500)         4998    0.0261%  57.3952%
  [    87500,    88000)         4311    0.0225%  57.4177%
  [    88000,    88500)         3810    0.0199%  57.4375%
  [    88500,    89000)         3172    0.0165%  57.4541%
  [    89000,    89500)         2821    0.0147%  57.4688%
  [    89500,    90000)         2580    0.0135%  57.4823%
  [    90000,    90500)         2123    0.0111%  57.4934%
  [    90500,    91000)         1829    0.0095%  57.5029%
  [    91000,    91500)         1628    0.0085%  57.5114%
  [    91500,    92000)         1350    0.0070%  57.5184%
  [    92000,    92500)         1134    0.0059%  57.5243%
  [    92500,    93000)         1059    0.0055%  57.5299%
  [    93000,    93500)          908    0.0047%  57.5346%
  [    93500,    94000)          824    0.0043%  57.5389%
  [    94000,    94500)          683    0.0036%  57.5425%
  [    94500,    95000)          633    0.0033%  57.5458%
  [    95000,    95500)          497    0.0026%  57.5484%
  [    95500,    96000)          495    0.0026%  57.5510%
  [    96000,    96500)          479    0.0025%  57.5535%
  [    96500,    97000)          440    0.0023%  57.5557%
  [    97000,    97500)          384    0.0020%  57.5578%
  [    97500,    98000)          383    0.0020%  57.5597%
  [    98000,    98500)          357    0.0019%  57.5616%
  [    98500,    99000)          321    0.0017%  57.5633%
  [    99000,    99500)          321    0.0017%  57.5650%
  [    99500,   100000)          295    0.0015%  57.5665%
  [   100000,   100500)          312    0.0016%  57.5681%
  [   100500,   101000)          271    0.0014%  57.5695%
  [   101000,   101500)          276    0.0014%  57.5710%
  [   101500,   102000)          269    0.0014%  57.5724%
  [   102000,   102500)          273    0.0014%  57.5738%
  [   102500,   103000)          296    0.0015%  57.5754%
  [   103000,   103500)          299    0.0016%  57.5769%
  [   103500,   104000)          257    0.0013%  57.5783%
  [   104000,   104500)          311    0.0016%  57.5799%
  [   104500,   105000)          302    0.0016%  57.5815%
  [   105000,   105500)          310    0.0016%  57.5831%
  [   105500,   106000)          320    0.0017%  57.5847%
  [   106000,   106500)          299    0.0016%  57.5863%
  [   106500,   107000)          306    0.0016%  57.5879%
  [   107000,   107500)          344    0.0018%  57.5897%
  [   107500,   108000)          341    0.0018%  57.5915%
  [   108000,   108500)          340    0.0018%  57.5932%
  [   108500,   109000)          380    0.0020%  57.5952%
  [   109000,   109500)          378    0.0020%  57.5972%
  [   109500,   110000)          382    0.0020%  57.5992%
  [   110000,   110500)          353    0.0018%  57.6010%
  [   110500,   111000)          399    0.0021%  57.6031%
  [   111000,   111500)          437    0.0023%  57.6054%
  [   111500,   112000)          393    0.0021%  57.6074%
  [   112000,   112500)          454    0.0024%  57.6098%
  [   112500,   113000)          457    0.0024%  57.6122%
  [   113000,   113500)          394    0.0021%  57.6143%
  [   113500,   114000)          454    0.0024%  57.6166%
  [   114000,   114500)          453    0.0024%  57.6190%
  [   114500,   115000)          472    0.0025%  57.6215%
  [   115000,   115500)          473    0.0025%  57.6239%
  [   115500,   116000)          475    0.0025%  57.6264%
  [   116000,   116500)          465    0.0024%  57.6288%
  [   116500,   117000)          525    0.0027%  57.6316%
  [   117000,   117500)          487    0.0025%  57.6341%
  [   117500,   118000)          545    0.0028%  57.6369%
  [   118000,   118500)          535    0.0028%  57.6397%
  [   118500,   119000)          555    0.0029%  57.6426%
  [   119000,   119500)          567    0.0030%  57.6456%
  [   119500,   120000)          549    0.0029%  57.6485%
  [   120000,   120500)          587    0.0031%  57.6515%
  [   120500,   121000)          592    0.0031%  57.6546%
  [   121000,   121500)          566    0.0030%  57.6576%
  [   121500,   122000)          614    0.0032%  57.6608%
  [   122000,   122500)          625    0.0033%  57.6640%
  [   122500,   123000)          598    0.0031%  57.6671%
  [   123000,   123500)          607    0.0032%  57.6703%
  [   123500,   124000)          617    0.0032%  57.6735%
  [   124000,   124500)          678    0.0035%  57.6771%
  [   124500,   125000)          651    0.0034%  57.6805%
  [   125000,   125500)          639    0.0033%  57.6838%
  [   125500,   126000)          680    0.0035%  57.6873%
  [   126000,   126500)          577    0.0030%  57.6904%
  [   126500,   127000)          677    0.0035%  57.6939%
  [   127000,   127500)          705    0.0037%  57.6976%
  [   127500,   128000)          765    0.0040%  57.7016%
  [   128000,   128500)          746    0.0039%  57.7055%
  [   128500,   129000)          709    0.0037%  57.7092%
  [   129000,   129500)          743    0.0039%  57.7130%
  [   129500,   130000)          772    0.0040%  57.7171%
  [   130000,   130500)          772    0.0040%  57.7211%
  [   130500,   131000)          790    0.0041%  57.7252%
  [   131000,   131500)          815    0.0043%  57.7295%
  [   131500,   132000)          773    0.0040%  57.7335%
  [   132000,   132500)          775    0.0040%  57.7375%
  [   132500,   133000)          819    0.0043%  57.7418%
  [   133000,   133500)          819    0.0043%  57.7461%
  [   133500,   134000)          824    0.0043%  57.7504%
  [   134000,   134500)          825    0.0043%  57.7547%
  [   134500,   135000)          871    0.0045%  57.7592%
  [   135000,   135500)          889    0.0046%  57.7639%
  [   135500,   136000)          860    0.0045%  57.7684%
  [   136000,   136500)          846    0.0044%  57.7728%
  [   136500,   137000)          893    0.0047%  57.7774%
  [   137000,   137500)          887    0.0046%  57.7821%
  [   137500,   138000)          877    0.0046%  57.7866%
  [   138000,   138500)          953    0.0050%  57.7916%
  [   138500,   139000)          903    0.0047%  57.7963%
  [   139000,   139500)          924    0.0048%  57.8011%
  [   139500,   140000)          969    0.0051%  57.8062%
  [   140000,   140500)          921    0.0048%  57.8110%
  [   140500,   141000)          946    0.0049%  57.8159%
  [   141000,   141500)          903    0.0047%  57.8206%
  [   141500,   142000)          968    0.0051%  57.8257%
  [   142000,   142500)          966    0.0050%  57.8307%
  [   142500,   143000)          927    0.0048%  57.8356%
  [   143000,   143500)          952    0.0050%  57.8405%
  [   143500,   144000)          971    0.0051%  57.8456%
  [   144000,   144500)          995    0.0052%  57.8508%
  [   144500,   145000)          972    0.0051%  57.8559%
  [   145000,   145500)          953    0.0050%  57.8608%
  [   145500,   146000)         1022    0.0053%  57.8662%
  [   146000,   146500)         1020    0.0053%  57.8715%
  [   146500,   147000)          958    0.0050%  57.8765%
  [   147000,   147500)          956    0.0050%  57.8815%
  [   147500,   148000)         1055    0.0055%  57.8870%
  [   148000,   148500)         1026    0.0054%  57.8923%
  [   148500,   149000)          987    0.0051%  57.8975%
  [   149000,   149500)          974    0.0051%  57.9026%
  [   149500,   150000)         1012    0.0053%  57.9078%
  [   150000,   150500)         1028    0.0054%  57.9132%
  [   150500,   151000)         1011    0.0053%  57.9185%
  [   151000,   151500)         1012    0.0053%  57.9238%
  [   151500,   152000)         1015    0.0053%  57.9291%
  [   152000,   152500)         1036    0.0054%  57.9345%
  [   152500,   153000)         1055    0.0055%  57.9400%
  [   153000,   153500)         1031    0.0054%  57.9453%
  [   153500,   154000)         1086    0.0057%  57.9510%
  [   154000,   154500)         1061    0.0055%  57.9565%
  [   154500,   155000)         1106    0.0058%  57.9623%
  [   155000,   155500)         1011    0.0053%  57.9676%
  [   155500,   156000)         1101    0.0057%  57.9733%
  [   156000,   156500)         1064    0.0056%  57.9789%
  [   156500,   157000)         1049    0.0055%  57.9844%
  [   157000,   157500)         1023    0.0053%  57.9897%
  [   157500,   158000)         1082    0.0056%  57.9953%
  [   158000,   158500)         1086    0.0057%  58.0010%
  [   158500,   159000)         1052    0.0055%  58.0065%
  [   159000,   159500)         1044    0.0054%  58.0119%
  [   159500,   160000)         1068    0.0056%  58.0175%
  [   160000,   160500)         1109    0.0058%  58.0233%
  [   160500,   161000)         1005    0.0052%  58.0285%
  [   161000,   161500)         1044    0.0054%  58.0340%
  [   161500,   162000)         1077    0.0056%  58.0396%
  [   162000,   162500)         1036    0.0054%  58.0450%
  [   162500,   163000)         1049    0.0055%  58.0505%
  [   163000,   163500)         1054    0.0055%  58.0560%
  [   163500,   164000)         1049    0.0055%  58.0615%
  [   164000,   164500)         1121    0.0058%  58.0673%
  [   164500,   165000)         1037    0.0054%  58.0727%
  [   165000,   165500)         1051    0.0055%  58.0782%
  [   165500,   166000)         1069    0.0056%  58.0838%
  [   166000,   166500)         1078    0.0056%  58.0894%
  [   166500,   167000)         1131    0.0059%  58.0953%
  [   167000,   167500)         1063    0.0055%  58.1009%
  [   167500,   168000)         1058    0.0055%  58.1064%
  [   168000,   168500)         1048    0.0055%  58.1118%
  [   168500,   169000)         1050    0.0055%  58.1173%
  [   169000,   169500)         1035    0.0054%  58.1227%
  [   169500,   170000)         1070    0.0056%  58.1283%
  [   170000,   170500)         1094    0.0057%  58.1340%
  [   170500,   171000)         1051    0.0055%  58.1395%
  [   171000,   171500)         1046    0.0055%  58.1450%
  [   171500,   172000)         1062    0.0055%  58.1505%
  [   172000,   172500)         1039    0.0054%  58.1559%
  [   172500,   173000)         1076    0.0056%  58.1615%
  [   173000,   173500)         1076    0.0056%  58.1671%
  [   173500,   174000)         1078    0.0056%  58.1728%
  [   174000,   174500)         1039    0.0054%  58.1782%
  [   174500,   175000)         1109    0.0058%  58.1840%
  [   175000,   175500)          999    0.0052%  58.1892%
  [   175500,   176000)         1062    0.0055%  58.1947%
  [   176000,   176500)         1096    0.0057%  58.2004%
  [   176500,   177000)         1069    0.0056%  58.2060%
  [   177000,   177500)         1050    0.0055%  58.2115%
  [   177500,   178000)         1083    0.0057%  58.2172%
  [   178000,   178500)         1037    0.0054%  58.2226%
  [   178500,   179000)         1060    0.0055%  58.2281%
  [   179000,   179500)         1035    0.0054%  58.2335%
  [   179500,   180000)         1121    0.0058%  58.2393%
  [   180000,   180500)         1059    0.0055%  58.2449%
  [   180500,   181000)         1101    0.0057%  58.2506%
  [   181000,   181500)         1114    0.0058%  58.2564%
  [   181500,   182000)         1069    0.0056%  58.2620%
  [   182000,   182500)         1097    0.0057%  58.2677%
  [   182500,   183000)         1056    0.0055%  58.2732%
  [   183000,   183500)         1104    0.0058%  58.2790%
  [   183500,   184000)         1082    0.0056%  58.2846%
  [   184000,   184500)         1052    0.0055%  58.2901%
  [   184500,   185000)         1075    0.0056%  58.2957%
  [   185000,   185500)         1101    0.0057%  58.3015%
  [   185500,   186000)         1083    0.0057%  58.3071%
  [   186000,   186500)         1039    0.0054%  58.3126%
  [   186500,   187000)         1077    0.0056%  58.3182%
  [   187000,   187500)         1081    0.0056%  58.3238%
  [   187500,   188000)         1071    0.0056%  58.3294%
  [   188000,   188500)         1083    0.0057%  58.3350%
  [   188500,   189000)         1109    0.0058%  58.3408%
  [   189000,   189500)         1054    0.0055%  58.3463%
  [   189500,   190000)         1039    0.0054%  58.3518%
  [   190000,   190500)         1094    0.0057%  58.3575%
  [   190500,   191000)         1137    0.0059%  58.3634%
  [   191000,   191500)         1057    0.0055%  58.3689%
  [   191500,   192000)         1088    0.0057%  58.3746%
  [   192000,   192500)         1117    0.0058%  58.3804%
  [   192500,   193000)         1038    0.0054%  58.3858%
  [   193000,   193500)         1080    0.0056%  58.3915%
  [   193500,   194000)         1075    0.0056%  58.3971%
  [   194000,   194500)          995    0.0052%  58.4023%
  [   194500,   195000)         1057    0.0055%  58.4078%
  [   195000,   195500)         1081    0.0056%  58.4134%
  [   195500,   196000)         1085    0.0057%  58.4191%
  [   196000,   196500)         1046    0.0055%  58.4245%
  [   196500,   197000)         1116    0.0058%  58.4304%
  [   197000,   197500)         1072    0.0056%  58.4360%
  [   197500,   198000)         1064    0.0056%  58.4415%
  [   198000,   198500)         1096    0.0057%  58.4472%
  [   198500,   199000)         1072    0.0056%  58.4528%
  [   199000,   199500)         1061    0.0055%  58.4584%
  [   199500,   200000)         1056    0.0055%  58.4639%
  [   200000,   200500)         1127    0.0059%  58.4697%
  [   200500,   201000)         1064    0.0056%  58.4753%
  [   201000,   201500)         1045    0.0055%  58.4807%
  [   201500,   202000)         1034    0.0054%  58.4861%
  [   202000,   202500)         1016    0.0053%  58.4914%
  [   202500,   203000)         1087    0.0057%  58.4971%
  [   203000,   203500)         1020    0.0053%  58.5024%
  [   203500,   204000)         1065    0.0056%  58.5080%
  [   204000,   204500)         1061    0.0055%  58.5135%
  [   204500,   205000)         1057    0.0055%  58.5190%
  [   205000,   205500)         1036    0.0054%  58.5244%
  [   205500,   206000)         1009    0.0053%  58.5297%
  [   206000,   206500)         1065    0.0056%  58.5353%
  [   206500,   207000)         1046    0.0055%  58.5407%
  [   207000,   207500)         1098    0.0057%  58.5465%
  [   207500,   208000)         1043    0.0054%  58.5519%
  [   208000,   208500)         1005    0.0052%  58.5571%
  [   208500,   209000)         1110    0.0058%  58.5629%
  [   209000,   209500)         1046    0.0055%  58.5684%
  [   209500,   210000)         1102    0.0057%  58.5741%
  [   210000,   210500)         1003    0.0052%  58.5794%
  [   210500,   211000)         1092    0.0057%  58.5851%
  [   211000,   211500)         1071    0.0056%  58.5907%
  [   211500,   212000)         1029    0.0054%  58.5960%
  [   212000,   212500)          957    0.0050%  58.6010%
  [   212500,   213000)         1077    0.0056%  58.6066%
  [   213000,   213500)         1042    0.0054%  58.6121%
  [   213500,   214000)         1074    0.0056%  58.6177%
  [   214000,   214500)         1061    0.0055%  58.6232%
  [   214500,   215000)         1078    0.0056%  58.6288%
  [   215000,   215500)          969    0.0051%  58.6339%
  [   215500,   216000)         1017    0.0053%  58.6392%
  [   216000,   216500)         1125    0.0059%  58.6451%
  [   216500,   217000)         1042    0.0054%  58.6505%
  [   217000,   217500)         1024    0.0053%  58.6558%
  [   217500,   218000)         1101    0.0057%  58.6616%
  [   218000,   218500)         1005    0.0052%  58.6668%
  [   218500,   219000)         1002    0.0052%  58.6721%
  [   219000,   219500)         1057    0.0055%  58.6776%
  [   219500,   220000)         1042    0.0054%  58.6830%
  [   220000,   220500)         1091    0.0057%  58.6887%
  [   220500,   221000)         1035    0.0054%  58.6941%
  [   221000,   221500)         1040    0.0054%  58.6995%
  [   221500,   222000)         1084    0.0057%  58.7052%
  [   222000,   222500)         1050    0.0055%  58.7107%
  [   222500,   223000)         1030    0.0054%  58.7160%
  [   223000,   223500)         1057    0.0055%  58.7216%
  [   223500,   224000)         1047    0.0055%  58.7270%
  [   224000,   224500)         1031    0.0054%  58.7324%
  [   224500,   225000)         1042    0.0054%  58.7378%
  [   225000,   225500)          972    0.0051%  58.7429%
  [   225500,   226000)         1041    0.0054%  58.7483%
  [   226000,   226500)         1055    0.0055%  58.7538%
  [   226500,   227000)         1053    0.0055%  58.7593%
  [   227000,   227500)         1029    0.0054%  58.7647%
  [   227500,   228000)         1006    0.0052%  58.7700%
  [   228000,   228500)         1024    0.0053%  58.7753%
  [   228500,   229000)         1058    0.0055%  58.7808%
  [   229000,   229500)         1072    0.0056%  58.7864%
  [   229500,   230000)         1092    0.0057%  58.7921%
  [   230000,   230500)         1018    0.0053%  58.7974%
  [   230500,   231000)         1076    0.0056%  58.8030%
  [   231000,   231500)         1051    0.0055%  58.8085%
  [   231500,   232000)         1083    0.0057%  58.8142%
  [   232000,   232500)         1040    0.0054%  58.8196%
  [   232500,   233000)         1077    0.0056%  58.8252%
  [   233000,   233500)         1044    0.0054%  58.8307%
  [   233500,   234000)         1062    0.0055%  58.8362%
  [   234000,   234500)         1057    0.0055%  58.8417%
  [   234500,   235000)          986    0.0051%  58.8469%
  [   235000,   235500)         1011    0.0053%  58.8521%
  [   235500,   236000)         1003    0.0052%  58.8574%
  [   236000,   236500)         1095    0.0057%  58.8631%
  [   236500,   237000)         1024    0.0053%  58.8684%
  [   237000,   237500)          995    0.0052%  58.8736%
  [   237500,   238000)          991    0.0052%  58.8788%
  [   238000,   238500)         1026    0.0054%  58.8841%
  [   238500,   239000)         1003    0.0052%  58.8894%
  [   239000,   239500)         1011    0.0053%  58.8946%
  [   239500,   240000)         1018    0.0053%  58.9000%
  [   240000,   240500)         1054    0.0055%  58.9055%
  [   240500,   241000)         1061    0.0055%  58.9110%
  [   241000,   241500)         1015    0.0053%  58.9163%
  [   241500,   242000)         1053    0.0055%  58.9218%
  [   242000,   242500)         1059    0.0055%  58.9273%
  [   242500,   243000)         1010    0.0053%  58.9326%
  [   243000,   243500)         1005    0.0052%  58.9378%
  [   243500,   244000)          992    0.0052%  58.9430%
  [   244000,   244500)         1012    0.0053%  58.9483%
  [   244500,   245000)         1008    0.0053%  58.9535%
  [   245000,   245500)         1061    0.0055%  58.9591%
  [   245500,   246000)         1040    0.0054%  58.9645%
  [   246000,   246500)          991    0.0052%  58.9697%
  [   246500,   247000)         1022    0.0053%  58.9750%
  [   247000,   247500)          973    0.0051%  58.9801%
  [   247500,   248000)         1045    0.0055%  58.9855%
  [   248000,   248500)         1035    0.0054%  58.9909%
  [   248500,   249000)          992    0.0052%  58.9961%
  [   249000,   249500)         1002    0.0052%  59.0013%
  [   249500,   250000)          981    0.0051%  59.0064%
  [   250000,   250500)         1046    0.0055%  59.0119%
  [   250500,   251000)         1004    0.0052%  59.0171%
  [   251000,   251500)         1016    0.0053%  59.0224%
  [   251500,   252000)         1063    0.0055%  59.0280%
  [   252000,   252500)         1001    0.0052%  59.0332%
  [   252500,   253000)          990    0.0052%  59.0384%
  [   253000,   253500)          989    0.0052%  59.0435%
  [   253500,   254000)          984    0.0051%  59.0487%
  [   254000,   254500)         1000    0.0052%  59.0539%
  [   254500,   255000)          994    0.0052%  59.0591%
  [   255000,   255500)         1005    0.0052%  59.0643%
  [   255500,   256000)         1009    0.0053%  59.0696%
  [   256000,   256500)          943    0.0049%  59.0745%
  [   256500,   257000)          978    0.0051%  59.0796%
  [   257000,   257500)          970    0.0051%  59.0847%
  [   257500,   258000)          991    0.0052%  59.0898%
  [   258000,   258500)          962    0.0050%  59.0949%
  [   258500,   259000)          972    0.0051%  59.0999%
  [   259000,   259500)         1006    0.0052%  59.1052%
  [   259500,   260000)         1010    0.0053%  59.1104%
  [   260000,   260500)         1004    0.0052%  59.1157%
  [   260500,   261000)          950    0.0050%  59.1206%
  [   261000,   261500)         1011    0.0053%  59.1259%
  [   261500,   262000)          985    0.0051%  59.1311%
  [   262000,   262500)         1088    0.0057%  59.1367%
  [   262500,   263000)          973    0.0051%  59.1418%
  [   263000,   263500)         1044    0.0054%  59.1473%
  [   263500,   264000)         1062    0.0055%  59.1528%
  [   264000,   264500)          935    0.0049%  59.1577%
  [   264500,   265000)         1003    0.0052%  59.1629%
  [   265000,   265500)          964    0.0050%  59.1679%
  [   265500,   266000)         1032    0.0054%  59.1733%
  [   266000,   266500)         1038    0.0054%  59.1787%
  [   266500,   267000)         1009    0.0053%  59.1840%
  [   267000,   267500)         1002    0.0052%  59.1892%
  [   267500,   268000)          948    0.0049%  59.1942%
  [   268000,   268500)          992    0.0052%  59.1993%
  [   268500,   269000)          987    0.0051%  59.2045%
  [   269000,   269500)          998    0.0052%  59.2097%
  [   269500,   270000)          986    0.0051%  59.2148%
  [   270000,   270500)         1036    0.0054%  59.2203%
  [   270500,   271000)         1006    0.0052%  59.2255%
  [   271000,   271500)         1011    0.0053%  59.2308%
  [   271500,   272000)          980    0.0051%  59.2359%
  [   272000,   272500)          995    0.0052%  59.2411%
  [   272500,   273000)          968    0.0051%  59.2461%
  [   273000,   273500)          988    0.0052%  59.2513%
  [   273500,   274000)          988    0.0052%  59.2564%
  [   274000,   274500)          958    0.0050%  59.2614%
  [   274500,   275000)          990    0.0052%  59.2666%
  [   275000,   275500)         1034    0.0054%  59.2720%
  [   275500,   276000)          997    0.0052%  59.2772%
  [   276000,   276500)         1002    0.0052%  59.2824%
  [   276500,   277000)         1041    0.0054%  59.2879%
  [   277000,   277500)         1050    0.0055%  59.2933%
  [   277500,   278000)          940    0.0049%  59.2982%
  [   278000,   278500)          937    0.0049%  59.3031%
  [   278500,   279000)          984    0.0051%  59.3083%
  [   279000,   279500)         1011    0.0053%  59.3135%
  [   279500,   280000)          989    0.0052%  59.3187%
  [   280000,   280500)         1054    0.0055%  59.3242%
  [   280500,   281000)         1021    0.0053%  59.3295%
  [   281000,   281500)          927    0.0048%  59.3344%
  [   281500,   282000)          956    0.0050%  59.3394%
  [   282000,   282500)         1005    0.0052%  59.3446%
  [   282500,   283000)          995    0.0052%  59.3498%
  [   283000,   283500)          928    0.0048%  59.3546%
  [   283500,   284000)          961    0.0050%  59.3596%
  [   284000,   284500)          936    0.0049%  59.3645%
  [   284500,   285000)          968    0.0051%  59.3696%
  [   285000,   285500)          992    0.0052%  59.3748%
  [   285500,   286000)         1008    0.0053%  59.3800%
  [   286000,   286500)         1016    0.0053%  59.3853%
  [   286500,   287000)          956    0.0050%  59.3903%
  [   287000,   287500)          961    0.0050%  59.3953%
  [   287500,   288000)          934    0.0049%  59.4002%
  [   288000,   288500)          944    0.0049%  59.4051%
  [   288500,   289000)          950    0.0050%  59.4101%
  [   289000,   289500)         1005    0.0052%  59.4153%
  [   289500,   290000)          939    0.0049%  59.4202%
  [   290000,   290500)          965    0.0050%  59.4252%
  [   290500,   291000)          951    0.0050%  59.4302%
  [   291000,   291500)          990    0.0052%  59.4354%
  [   291500,   292000)          982    0.0051%  59.4405%
  [   292000,   292500)          993    0.0052%  59.4457%
  [   292500,   293000)          982    0.0051%  59.4508%
  [   293000,   293500)          947    0.0049%  59.4557%
  [   293500,   294000)          992    0.0052%  59.4609%
  [   294000,   294500)          887    0.0046%  59.4655%
  [   294500,   295000)          910    0.0047%  59.4703%
  [   295000,   295500)          951    0.0050%  59.4753%
  [   295500,   296000)          976    0.0051%  59.4803%
  [   296000,   296500)          985    0.0051%  59.4855%
  [   296500,   297000)          950    0.0050%  59.4904%
  [   297000,   297500)          901    0.0047%  59.4951%
  [   297500,   298000)          926    0.0048%  59.5000%
  [   298000,   298500)          924    0.0048%  59.5048%
  [   298500,   299000)         1012    0.0053%  59.5101%
  [   299000,   299500)          959    0.0050%  59.5151%
  [   299500,   300000)          951    0.0050%  59.5200%
  [   300000,   300500)          940    0.0049%  59.5249%
  [   300500,   301000)          950    0.0050%  59.5299%
  [   301000,   301500)          954    0.0050%  59.5349%
  [   301500,   302000)          906    0.0047%  59.5396%
  [   302000,   302500)          965    0.0050%  59.5446%
  [   302500,   303000)          952    0.0050%  59.5496%
  [   303000,   303500)          958    0.0050%  59.5546%
  [   303500,   304000)          875    0.0046%  59.5592%
  [   304000,   304500)          937    0.0049%  59.5641%
  [   304500,   305000)          957    0.0050%  59.5691%
  [   305000,   305500)          953    0.0050%  59.5740%
  [   305500,   306000)          938    0.0049%  59.5789%
  [   306000,   306500)          933    0.0049%  59.5838%
  [   306500,   307000)          948    0.0049%  59.5887%
  [   307000,   307500)          943    0.0049%  59.5937%
  [   307500,   308000)          975    0.0051%  59.5987%
  [   308000,   308500)          889    0.0046%  59.6034%
  [   308500,   309000)          977    0.0051%  59.6085%
  [   309000,   309500)          933    0.0049%  59.6133%
  [   309500,   310000)          923    0.0048%  59.6182%
  [   310000,   310500)          950    0.0050%  59.6231%
  [   310500,   311000)          987    0.0051%  59.6283%
  [   311000,   311500)          909    0.0047%  59.6330%
  [   311500,   312000)          890    0.0046%  59.6376%
  [   312000,   312500)          900    0.0047%  59.6423%
  [   312500,   313000)         1017    0.0053%  59.6477%
  [   313000,   313500)          999    0.0052%  59.6529%
  [   313500,   314000)          947    0.0049%  59.6578%
  [   314000,   314500)          895    0.0047%  59.6625%
  [   314500,   315000)          979    0.0051%  59.6676%
  [   315000,   315500)          895    0.0047%  59.6723%
  [   315500,   316000)          908    0.0047%  59.6770%
  [   316000,   316500)          914    0.0048%  59.6818%
  [   316500,   317000)          936    0.0049%  59.6866%
  [   317000,   317500)          925    0.0048%  59.6915%
  [   317500,   318000)          979    0.0051%  59.6966%
  [   318000,   318500)          918    0.0048%  59.7014%
  [   318500,   319000)          918    0.0048%  59.7062%
  [   319000,   319500)          920    0.0048%  59.7110%
  [   319500,   320000)          967    0.0050%  59.7160%
  [   320000,   320500)          959    0.0050%  59.7210%
  [   320500,   321000)          962    0.0050%  59.7260%
  [   321000,   321500)          901    0.0047%  59.7307%
  [   321500,   322000)          926    0.0048%  59.7356%
  [   322000,   322500)          882    0.0046%  59.7402%
  [   322500,   323000)          954    0.0050%  59.7451%
  [   323000,   323500)          942    0.0049%  59.7500%
  [   323500,   324000)          957    0.0050%  59.7550%
  [   324000,   324500)          899    0.0047%  59.7597%
  [   324500,   325000)          917    0.0048%  59.7645%
  [   325000,   325500)          947    0.0049%  59.7695%
  [   325500,   326000)          997    0.0052%  59.7747%
  [   326000,   326500)          883    0.0046%  59.7793%
  [   326500,   327000)          956    0.0050%  59.7843%
  [   327000,   327500)          889    0.0046%  59.7889%
  [   327500,   328000)          935    0.0049%  59.7938%
  [   328000,   328500)          921    0.0048%  59.7986%
  [   328500,   329000)          905    0.0047%  59.8033%
  [   329000,   329500)          919    0.0048%  59.8081%
  [   329500,   330000)          871    0.0045%  59.8126%
  [   330000,   330500)          848    0.0044%  59.8171%
  [   330500,   331000)         1001    0.0052%  59.8223%
  [   331000,   331500)          902    0.0047%  59.8270%
  [   331500,   332000)          897    0.0047%  59.8317%
  [   332000,   332500)          881    0.0046%  59.8363%
  [   332500,   333000)          962    0.0050%  59.8413%
  [   333000,   333500)          886    0.0046%  59.8459%
  [   333500,   334000)          958    0.0050%  59.8509%
  [   334000,   334500)          849    0.0044%  59.8553%
  [   334500,   335000)          894    0.0047%  59.8600%
  [   335000,   335500)          900    0.0047%  59.8647%
  [   335500,   336000)          917    0.0048%  59.8695%
  [   336000,   336500)          941    0.0049%  59.8744%
  [   336500,   337000)          851    0.0044%  59.8788%
  [   337000,   337500)          902    0.0047%  59.8835%
  [   337500,   338000)          930    0.0049%  59.8884%
  [   338000,   338500)          877    0.0046%  59.8930%
  [   338500,   339000)          949    0.0050%  59.8979%
  [   339000,   339500)          858    0.0045%  59.9024%
  [   339500,   340000)          949    0.0050%  59.9073%
  [   340000,   340500)          848    0.0044%  59.9118%
  [   340500,   341000)          918    0.0048%  59.9166%
  [   341000,   341500)          860    0.0045%  59.9210%
  [   341500,   342000)          949    0.0050%  59.9260%
  [   342000,   342500)          938    0.0049%  59.9309%
  [   342500,   343000)          924    0.0048%  59.9357%
  [   343000,   343500)          867    0.0045%  59.9402%
  [   343500,   344000)          942    0.0049%  59.9451%
  [   344000,   344500)          936    0.0049%  59.9500%
  [   344500,   345000)          905    0.0047%  59.9548%
  [   345000,   345500)          875    0.0046%  59.9593%
  [   345500,   346000)          937    0.0049%  59.9642%
  [   346000,   346500)          916    0.0048%  59.9690%
  [   346500,   347000)          837    0.0044%  59.9734%
  [   347000,   347500)          912    0.0048%  59.9781%
  [   347500,   348000)          980    0.0051%  59.9832%
  [   348000,   348500)          909    0.0047%  59.9880%
  [   348500,   349000)          882    0.0046%  59.9926%
  [   349000,   349500)          900    0.0047%  59.9973%
  [   349500,   350000)          915    0.0048%  60.0020%
  [   350000,   350500)          925    0.0048%  60.0069%
  [   350500,   351000)          867    0.0045%  60.0114%
  [   351000,   351500)          906    0.0047%  60.0161%
  [   351500,   352000)          890    0.0046%  60.0208%
  [   352000,   352500)          853    0.0045%  60.0252%
  [   352500,   353000)          836    0.0044%  60.0296%
  [   353000,   353500)          866    0.0045%  60.0341%
  [   353500,   354000)          913    0.0048%  60.0389%
  [   354000,   354500)          861    0.0045%  60.0433%
  [   354500,   355000)          853    0.0045%  60.0478%
  [   355000,   355500)          906    0.0047%  60.0525%
  [   355500,   356000)          859    0.0045%  60.0570%
  [   356000,   356500)          889    0.0046%  60.0616%
  [   356500,   357000)          897    0.0047%  60.0663%
  [   357000,   357500)          934    0.0049%  60.0712%
  [   357500,   358000)          883    0.0046%  60.0758%
  [   358000,   358500)          864    0.0045%  60.0803%
  [   358500,   359000)          868    0.0045%  60.0848%
  [   359000,   359500)          894    0.0047%  60.0895%
  [   359500,   360000)          897    0.0047%  60.0942%
  [   360000,   360500)          875    0.0046%  60.0987%
  [   360500,   361000)          866    0.0045%  60.1033%
  [   361000,   361500)          888    0.0046%  60.1079%
  [   361500,   362000)          860    0.0045%  60.1124%
  [   362000,   362500)          830    0.0043%  60.1167%
  [   362500,   363000)          867    0.0045%  60.1212%
  [   363000,   363500)          878    0.0046%  60.1258%
  [   363500,   364000)          864    0.0045%  60.1303%
  [   364000,   364500)          892    0.0047%  60.1350%
  [   364500,   365000)          892    0.0047%  60.1396%
  [   365000,   365500)          942    0.0049%  60.1446%
  [   365500,   366000)          903    0.0047%  60.1493%
  [   366000,   366500)          832    0.0043%  60.1536%
  [   366500,   367000)          897    0.0047%  60.1583%
  [   367000,   367500)          937    0.0049%  60.1632%
  [   367500,   368000)          913    0.0048%  60.1679%
  [   368000,   368500)          894    0.0047%  60.1726%
  [   368500,   369000)          912    0.0048%  60.1774%
  [   369000,   369500)          913    0.0048%  60.1821%
  [   369500,   370000)          911    0.0048%  60.1869%
  [   370000,   370500)          862    0.0045%  60.1914%
  [   370500,   371000)          886    0.0046%  60.1960%
  [   371000,   371500)          864    0.0045%  60.2005%
  [   371500,   372000)          859    0.0045%  60.2050%
  [   372000,   372500)          897    0.0047%  60.2097%
  [   372500,   373000)          882    0.0046%  60.2143%
  [   373000,   373500)          849    0.0044%  60.2187%
  [   373500,   374000)          908    0.0047%  60.2234%
  [   374000,   374500)          883    0.0046%  60.2280%
  [   374500,   375000)          825    0.0043%  60.2323%
  [   375000,   375500)          885    0.0046%  60.2370%
  [   375500,   376000)          836    0.0044%  60.2413%
  [   376000,   376500)          881    0.0046%  60.2459%
  [   376500,   377000)          927    0.0048%  60.2508%
  [   377000,   377500)          784    0.0041%  60.2548%
  [   377500,   378000)          892    0.0047%  60.2595%
  [   378000,   378500)          801    0.0042%  60.2637%
  [   378500,   379000)          848    0.0044%  60.2681%
  [   379000,   379500)          859    0.0045%  60.2726%
  [   379500,   380000)          859    0.0045%  60.2771%
  [   380000,   380500)          879    0.0046%  60.2817%
  [   380500,   381000)          859    0.0045%  60.2861%
  [   381000,   381500)          898    0.0047%  60.2908%
  [   381500,   382000)          857    0.0045%  60.2953%
  [   382000,   382500)          858    0.0045%  60.2998%
  [   382500,   383000)          875    0.0046%  60.3043%
  [   383000,   383500)          880    0.0046%  60.3089%
  [   383500,   384000)          878    0.0046%  60.3135%
  [   384000,   384500)          820    0.0043%  60.3178%
  [   384500,   385000)          898    0.0047%  60.3225%
  [   385000,   385500)          824    0.0043%  60.3268%
  [   385500,   386000)          894    0.0047%  60.3314%
  [   386000,   386500)          810    0.0042%  60.3357%
  [   386500,   387000)          867    0.0045%  60.3402%
  [   387000,   387500)          886    0.0046%  60.3448%
  [   387500,   388000)          833    0.0043%  60.3492%
  [   388000,   388500)          847    0.0044%  60.3536%
  [   388500,   389000)          862    0.0045%  60.3581%
  [   389000,   389500)          890    0.0046%  60.3627%
  [   389500,   390000)          807    0.0042%  60.3669%
  [   390000,   390500)          857    0.0045%  60.3714%
  [   390500,   391000)          919    0.0048%  60.3762%
  [   391000,   391500)          807    0.0042%  60.3804%
  [   391500,   392000)          863    0.0045%  60.3849%
  [   392000,   392500)          888    0.0046%  60.3895%
  [   392500,   393000)          867    0.0045%  60.3941%
  [   393000,   393500)          837    0.0044%  60.3984%
  [   393500,   394000)          852    0.0044%  60.4029%
  [   394000,   394500)          845    0.0044%  60.4073%
  [   394500,   395000)          889    0.0046%  60.4119%
  [   395000,   395500)          872    0.0045%  60.4165%
  [   395500,   396000)          854    0.0045%  60.4209%
  [   396000,   396500)          880    0.0046%  60.4255%
  [   396500,   397000)          808    0.0042%  60.4297%
  [   397000,   397500)          841    0.0044%  60.4341%
  [   397500,   398000)          864    0.0045%  60.4386%
  [   398000,   398500)          843    0.0044%  60.4430%
  [   398500,   399000)          831    0.0043%  60.4474%
  [   399000,   399500)          799    0.0042%  60.4515%
  [   399500,   400000)          886    0.0046%  60.4561%
  [   400000,   400500)          837    0.0044%  60.4605%
  [   400500,   401000)          850    0.0044%  60.4650%
  [   401000,   401500)          865    0.0045%  60.4695%
  [   401500,   402000)          861    0.0045%  60.4740%
  [   402000,   402500)          867    0.0045%  60.4785%
  [   402500,   403000)          861    0.0045%  60.4830%
  [   403000,   403500)          812    0.0042%  60.4872%
  [   403500,   404000)          827    0.0043%  60.4915%
  [   404000,   404500)          788    0.0041%  60.4956%
  [   404500,   405000)          827    0.0043%  60.4999%
  [   405000,   405500)          868    0.0045%  60.5045%
  [   405500,   406000)          829    0.0043%  60.5088%
  [   406000,   406500)          880    0.0046%  60.5134%
  [   406500,   407000)          870    0.0045%  60.5179%
  [   407000,   407500)          871    0.0045%  60.5225%
  [   407500,   408000)          879    0.0046%  60.5271%
  [   408000,   408500)          811    0.0042%  60.5313%
  [   408500,   409000)          796    0.0042%  60.5354%
  [   409000,   409500)          879    0.0046%  60.5400%
  [   409500,   410000)          852    0.0044%  60.5445%
  [   410000,   410500)          797    0.0042%  60.5486%
  [   410500,   411000)          837    0.0044%  60.5530%
  [   411000,   411500)          846    0.0044%  60.5574%
  [   411500,   412000)          816    0.0043%  60.5617%
  [   412000,   412500)          832    0.0043%  60.5660%
  [   412500,   413000)          821    0.0043%  60.5703%
  [   413000,   413500)          860    0.0045%  60.5748%
  [   413500,   414000)          811    0.0042%  60.5790%
  [   414000,   414500)          861    0.0045%  60.5835%
  [   414500,   415000)          882    0.0046%  60.5881%
  [   415000,   415500)          868    0.0045%  60.5926%
  [   415500,   416000)          852    0.0044%  60.5971%
  [   416000,   416500)          877    0.0046%  60.6017%
  [   416500,   417000)          829    0.0043%  60.6060%
  [   417000,   417500)          803    0.0042%  60.6102%
  [   417500,   418000)          820    0.0043%  60.6145%
  [   418000,   418500)          860    0.0045%  60.6189%
  [   418500,   419000)          844    0.0044%  60.6233%
  [   419000,   419500)          872    0.0045%  60.6279%
  [   419500,   420000)          808    0.0042%  60.6321%
  [   420000,   420500)          859    0.0045%  60.6366%
  [   420500,   421000)          816    0.0043%  60.6409%
  [   421000,   421500)          799    0.0042%  60.6450%
  [   421500,   422000)          795    0.0041%  60.6492%
  [   422000,   422500)          812    0.0042%  60.6534%
  [   422500,   423000)          786    0.0041%  60.6575%
  [   423000,   423500)          761    0.0040%  60.6615%
  [   423500,   424000)          808    0.0042%  60.6657%
  [   424000,   424500)          864    0.0045%  60.6702%
  [   424500,   425000)          816    0.0043%  60.6745%
  [   425000,   425500)          832    0.0043%  60.6788%
  [   425500,   426000)          837    0.0044%  60.6832%
  [   426000,   426500)          821    0.0043%  60.6874%
  [   426500,   427000)          774    0.0040%  60.6915%
  [   427000,   427500)          807    0.0042%  60.6957%
  [   427500,   428000)          814    0.0042%  60.6999%
  [   428000,   428500)          823    0.0043%  60.7042%
  [   428500,   429000)          825    0.0043%  60.7085%
  [   429000,   429500)          837    0.0044%  60.7129%
  [   429500,   430000)          822    0.0043%  60.7172%
  [   430000,   430500)          827    0.0043%  60.7215%
  [   430500,   431000)          856    0.0045%  60.7260%
  [   431000,   431500)          832    0.0043%  60.7303%
  [   431500,   432000)          820    0.0043%  60.7346%
  [   432000,   432500)          818    0.0043%  60.7389%
  [   432500,   433000)          859    0.0045%  60.7433%
  [   433000,   433500)          758    0.0040%  60.7473%
  [   433500,   434000)          873    0.0046%  60.7519%
  [   434000,   434500)          823    0.0043%  60.7561%
  [   434500,   435000)          786    0.0041%  60.7603%
  [   435000,   435500)          771    0.0040%  60.7643%
  [   435500,   436000)          822    0.0043%  60.7686%
  [   436000,   436500)          819    0.0043%  60.7728%
  [   436500,   437000)          821    0.0043%  60.7771%
  [   437000,   437500)          849    0.0044%  60.7815%
  [   437500,   438000)          797    0.0042%  60.7857%
  [   438000,   438500)          829    0.0043%  60.7900%
  [   438500,   439000)          833    0.0043%  60.7944%
  [   439000,   439500)          742    0.0039%  60.7982%
  [   439500,   440000)          833    0.0043%  60.8026%
  [   440000,   440500)          850    0.0044%  60.8070%
  [   440500,   441000)          863    0.0045%  60.8115%
  [   441000,   441500)          803    0.0042%  60.8157%
  [   441500,   442000)          838    0.0044%  60.8201%
  [   442000,   442500)          813    0.0042%  60.8243%
  [   442500,   443000)          821    0.0043%  60.8286%
  [   443000,   443500)          808    0.0042%  60.8328%
  [   443500,   444000)          772    0.0040%  60.8369%
  [   444000,   444500)          792    0.0041%  60.8410%
  [   444500,   445000)          802    0.0042%  60.8452%
  [   445000,   445500)          784    0.0041%  60.8493%
  [   445500,   446000)          787    0.0041%  60.8534%
  [   446000,   446500)          815    0.0043%  60.8576%
  [   446500,   447000)          818    0.0043%  60.8619%
  [   447000,   447500)          794    0.0041%  60.8660%
  [   447500,   448000)          792    0.0041%  60.8702%
  [   448000,   448500)          797    0.0042%  60.8743%
  [   448500,   449000)          768    0.0040%  60.8783%
  [   449000,   449500)          802    0.0042%  60.8825%
  [   449500,   450000)          752    0.0039%  60.8864%
  [   450000,   450500)          779    0.0041%  60.8905%
  [   450500,   451000)          773    0.0040%  60.8945%
  [   451000,   451500)          773    0.0040%  60.8986%
  [   451500,   452000)          766    0.0040%  60.9026%
  [   452000,   452500)          828    0.0043%  60.9069%
  [   452500,   453000)          780    0.0041%  60.9110%
  [   453000,   453500)          821    0.0043%  60.9152%
  [   453500,   454000)          778    0.0041%  60.9193%
  [   454000,   454500)          797    0.0042%  60.9235%
  [   454500,   455000)          791    0.0041%  60.9276%
  [   455000,   455500)          822    0.0043%  60.9319%
  [   455500,   456000)          776    0.0040%  60.9359%
  [   456000,   456500)          762    0.0040%  60.9399%
  [   456500,   457000)          804    0.0042%  60.9441%
  [   457000,   457500)          792    0.0041%  60.9482%
  [   457500,   458000)          790    0.0041%  60.9523%
  [   458000,   458500)          853    0.0045%  60.9568%
  [   458500,   459000)          804    0.0042%  60.9610%
  [   459000,   459500)          830    0.0043%  60.9653%
  [   459500,   460000)          794    0.0041%  60.9695%
  [   460000,   460500)          818    0.0043%  60.9737%
  [   460500,   461000)          751    0.0039%  60.9777%
  [   461000,   461500)          750    0.0039%  60.9816%
  [   461500,   462000)          779    0.0041%  60.9856%
  [   462000,   462500)          793    0.0041%  60.9898%
  [   462500,   463000)          773    0.0040%  60.9938%
  [   463000,   463500)          791    0.0041%  60.9979%
  [   463500,   464000)          811    0.0042%  61.0022%
  [   464000,   464500)          787    0.0041%  61.0063%
  [   464500,   465000)          791    0.0041%  61.0104%
  [   465000,   465500)          794    0.0041%  61.0145%
  [   465500,   466000)          756    0.0039%  61.0185%
  [   466000,   466500)          772    0.0040%  61.0225%
  [   466500,   467000)          788    0.0041%  61.0266%
  [   467000,   467500)          792    0.0041%  61.0308%
  [   467500,   468000)          801    0.0042%  61.0349%
  [   468000,   468500)          773    0.0040%  61.0390%
  [   468500,   469000)          811    0.0042%  61.0432%
  [   469000,   469500)          774    0.0040%  61.0472%
  [   469500,   470000)          810    0.0042%  61.0515%
  [   470000,   470500)          805    0.0042%  61.0557%
  [   470500,   471000)          803    0.0042%  61.0598%
  [   471000,   471500)          769    0.0040%  61.0639%
  [   471500,   472000)          784    0.0041%  61.0680%
  [   472000,   472500)          718    0.0037%  61.0717%
  [   472500,   473000)          815    0.0043%  61.0759%
  [   473000,   473500)          748    0.0039%  61.0799%
  [   473500,   474000)          770    0.0040%  61.0839%
  [   474000,   474500)          809    0.0042%  61.0881%
  [   474500,   475000)          789    0.0041%  61.0922%
  [   475000,   475500)          771    0.0040%  61.0962%
  [   475500,   476000)          834    0.0044%  61.1006%
  [   476000,   476500)          760    0.0040%  61.1045%
  [   476500,   477000)          760    0.0040%  61.1085%
  [   477000,   477500)          783    0.0041%  61.1126%
  [   477500,   478000)          792    0.0041%  61.1167%
  [   478000,   478500)          761    0.0040%  61.1207%
  [   478500,   479000)          730    0.0038%  61.1245%
  [   479000,   479500)          797    0.0042%  61.1287%
  [   479500,   480000)          802    0.0042%  61.1329%
  [   480000,   480500)          731    0.0038%  61.1367%
  [   480500,   481000)          739    0.0039%  61.1405%
  [   481000,   481500)          715    0.0037%  61.1443%
  [   481500,   482000)          759    0.0040%  61.1482%
  [   482000,   482500)          755    0.0039%  61.1521%
  [   482500,   483000)          751    0.0039%  61.1561%
  [   483000,   483500)          767    0.0040%  61.1601%
  [   483500,   484000)          747    0.0039%  61.1640%
  [   484000,   484500)          751    0.0039%  61.1679%
  [   484500,   485000)          777    0.0041%  61.1719%
  [   485000,   485500)          756    0.0039%  61.1759%
  [   485500,   486000)          756    0.0039%  61.1798%
  [   486000,   486500)          774    0.0040%  61.1839%
  [   486500,   487000)          804    0.0042%  61.1881%
  [   487000,   487500)          727    0.0038%  61.1919%
  [   487500,   488000)          733    0.0038%  61.1957%
  [   488000,   488500)          773    0.0040%  61.1997%
  [   488500,   489000)          757    0.0039%  61.2037%
  [   489000,   489500)          750    0.0039%  61.2076%
  [   489500,   490000)          764    0.0040%  61.2116%
  [   490000,   490500)          776    0.0040%  61.2156%
  [   490500,   491000)          724    0.0038%  61.2194%
  [   491000,   491500)          779    0.0041%  61.2235%
  [   491500,   492000)          758    0.0040%  61.2274%
  [   492000,   492500)          776    0.0040%  61.2315%
  [   492500,   493000)          750    0.0039%  61.2354%
  [   493000,   493500)          764    0.0040%  61.2394%
  [   493500,   494000)          749    0.0039%  61.2433%
  [   494000,   494500)          793    0.0041%  61.2474%
  [   494500,   495000)          776    0.0040%  61.2514%
  [   495000,   495500)          726    0.0038%  61.2552%
  [   495500,   496000)          797    0.0042%  61.2594%
  [   496000,   496500)          752    0.0039%  61.2633%
  [   496500,   497000)          784    0.0041%  61.2674%
  [   497000,   497500)          785    0.0041%  61.2715%
  [   497500,   498000)          784    0.0041%  61.2756%
  [   498000,   498500)          728    0.0038%  61.2794%
  [   498500,   499000)          752    0.0039%  61.2833%
  [   499000,   499500)          753    0.0039%  61.2872%
  [   499500,   500000)          766    0.0040%  61.2912%
  [   500000,   500500)          758    0.0040%  61.2952%
  [   500500,   501000)          800    0.0042%  61.2994%
  [   501000,   501500)          741    0.0039%  61.3032%
  [   501500,   502000)          797    0.0042%  61.3074%
  [   502000,   502500)          733    0.0038%  61.3112%
  [   502500,   503000)          776    0.0040%  61.3153%
  [   503000,   503500)          755    0.0039%  61.3192%
  [   503500,   504000)          782    0.0041%  61.3233%
  [   504000,   504500)          748    0.0039%  61.3272%
  [   504500,   505000)          781    0.0041%  61.3313%
  [   505000,   505500)          748    0.0039%  61.3352%
  [   505500,   506000)          778    0.0041%  61.3392%
  [   506000,   506500)          762    0.0040%  61.3432%
  [   506500,   507000)          762    0.0040%  61.3472%
  [   507000,   507500)          753    0.0039%  61.3511%
  [   507500,   508000)          719    0.0038%  61.3549%
  [   508000,   508500)          739    0.0039%  61.3587%
  [   508500,   509000)          788    0.0041%  61.3628%
  [   509000,   509500)          796    0.0042%  61.3670%
  [   509500,   510000)          788    0.0041%  61.3711%
  [   510000,   510500)          795    0.0041%  61.3752%
  [   510500,   511000)          789    0.0041%  61.3794%
  [   511000,   511500)          752    0.0039%  61.3833%
  [   511500,   512000)          745    0.0039%  61.3872%
  [   512000,   512500)          732    0.0038%  61.3910%
  [   512500,   513000)          757    0.0039%  61.3949%
  [   513000,   513500)          788    0.0041%  61.3990%
  [   513500,   514000)          746    0.0039%  61.4029%
  [   514000,   514500)          717    0.0037%  61.4067%
  [   514500,   515000)          754    0.0039%  61.4106%
  [   515000,   515500)          727    0.0038%  61.4144%
  [   515500,   516000)          789    0.0041%  61.4185%
  [   516000,   516500)          735    0.0038%  61.4224%
  [   516500,   517000)          779    0.0041%  61.4264%
  [   517000,   517500)          714    0.0037%  61.4301%
  [   517500,   518000)          722    0.0038%  61.4339%
  [   518000,   518500)          737    0.0038%  61.4378%
  [   518500,   519000)          782    0.0041%  61.4418%
  [   519000,   519500)          754    0.0039%  61.4458%
  [   519500,   520000)          742    0.0039%  61.4496%
  [   520000,   520500)          767    0.0040%  61.4536%
  [   520500,   521000)          695    0.0036%  61.4573%
  [   521000,   521500)          792    0.0041%  61.4614%
  [   521500,   522000)          745    0.0039%  61.4653%
  [   522000,   522500)          745    0.0039%  61.4692%
  [   522500,   523000)          764    0.0040%  61.4732%
  [   523000,   523500)          721    0.0038%  61.4769%
  [   523500,   524000)          769    0.0040%  61.4809%
  [   524000,   524500)          749    0.0039%  61.4848%
  [   524500,   525000)          751    0.0039%  61.4888%
  [   525000,   525500)          780    0.0041%  61.4928%
  [   525500,   526000)          817    0.0043%  61.4971%
  [   526000,   526500)          735    0.0038%  61.5009%
  [   526500,   527000)          743    0.0039%  61.5048%
  [   527000,   527500)          713    0.0037%  61.5085%
  [   527500,   528000)          763    0.0040%  61.5125%
  [   528000,   528500)          746    0.0039%  61.5164%
  [   528500,   529000)          743    0.0039%  61.5203%
  [   529000,   529500)          759    0.0040%  61.5242%
  [   529500,   530000)          781    0.0041%  61.5283%
  [   530000,   530500)          710    0.0037%  61.5320%
  [   530500,   531000)          742    0.0039%  61.5359%
  [   531000,   531500)          745    0.0039%  61.5398%
  [   531500,   532000)          800    0.0042%  61.5439%
  [   532000,   532500)          789    0.0041%  61.5481%
  [   532500,   533000)          775    0.0040%  61.5521%
  [   533000,   533500)          746    0.0039%  61.5560%
  [   533500,   534000)          761    0.0040%  61.5600%
  [   534000,   534500)          749    0.0039%  61.5639%
  [   534500,   535000)          757    0.0039%  61.5678%
  [   535000,   535500)          752    0.0039%  61.5717%
  [   535500,   536000)          758    0.0040%  61.5757%
  [   536000,   536500)          772    0.0040%  61.5797%
  [   536500,   537000)          782    0.0041%  61.5838%
  [   537000,   537500)          760    0.0040%  61.5878%
  [   537500,   538000)          739    0.0039%  61.5916%
  [   538000,   538500)          788    0.0041%  61.5957%
  [   538500,   539000)          780    0.0041%  61.5998%
  [   539000,   539500)          764    0.0040%  61.6038%
  [   539500,   540000)          721    0.0038%  61.6076%
  [   540000,   540500)          800    0.0042%  61.6117%
  [   540500,   541000)          758    0.0040%  61.6157%
  [   541000,   541500)          786    0.0041%  61.6198%
  [   541500,   542000)          812    0.0042%  61.6240%
  [   542000,   542500)          780    0.0041%  61.6281%
  [   542500,   543000)          811    0.0042%  61.6323%
  [   543000,   543500)          842    0.0044%  61.6367%
  [   543500,   544000)          799    0.0042%  61.6409%
  [   544000,   544500)          807    0.0042%  61.6451%
  [   544500,   545000)          765    0.0040%  61.6491%
  [   545000,   545500)          767    0.0040%  61.6531%
  [   545500,   546000)          817    0.0043%  61.6574%
  [   546000,   546500)          817    0.0043%  61.6616%
  [   546500,   547000)          814    0.0042%  61.6659%
  [   547000,   547500)          802    0.0042%  61.6700%
  [   547500,   548000)          845    0.0044%  61.6745%
  [   548000,   548500)          815    0.0043%  61.6787%
  [   548500,   549000)          779    0.0041%  61.6828%
  [   549000,   549500)          832    0.0043%  61.6871%
  [   549500,   550000)          827    0.0043%  61.6914%
  [   550000,   550500)          881    0.0046%  61.6960%
  [   550500,   551000)          904    0.0047%  61.7007%
  [   551000,   551500)          906    0.0047%  61.7055%
  [   551500,   552000)          894    0.0047%  61.7101%
  [   552000,   552500)          857    0.0045%  61.7146%
  [   552500,   553000)          879    0.0046%  61.7192%
  [   553000,   553500)          850    0.0044%  61.7236%
  [   553500,   554000)          901    0.0047%  61.7283%
  [   554000,   554500)          892    0.0047%  61.7330%
  [   554500,   555000)          886    0.0046%  61.7376%
  [   555000,   555500)          883    0.0046%  61.7422%
  [   555500,   556000)          940    0.0049%  61.7471%
  [   556000,   556500)          868    0.0045%  61.7516%
  [   556500,   557000)          928    0.0048%  61.7565%
  [   557000,   557500)          923    0.0048%  61.7613%
  [   557500,   558000)          893    0.0047%  61.7660%
  [   558000,   558500)          924    0.0048%  61.7708%
  [   558500,   559000)          954    0.0050%  61.7758%
  [   559000,   559500)          947    0.0049%  61.7807%
  [   559500,   560000)          975    0.0051%  61.7858%
  [   560000,   560500)          964    0.0050%  61.7908%
  [   560500,   561000)          931    0.0049%  61.7957%
  [   561000,   561500)          994    0.0052%  61.8009%
  [   561500,   562000)          975    0.0051%  61.8059%
  [   562000,   562500)         1008    0.0053%  61.8112%
  [   562500,   563000)         1035    0.0054%  61.8166%
  [   563000,   563500)         1077    0.0056%  61.8222%
  [   563500,   564000)         1023    0.0053%  61.8276%
  [   564000,   564500)         1067    0.0056%  61.8331%
  [   564500,   565000)         1101    0.0057%  61.8389%
  [   565000,   565500)         1112    0.0058%  61.8447%
  [   565500,   566000)         1097    0.0057%  61.8504%
  [   566000,   566500)         1101    0.0057%  61.8561%
  [   566500,   567000)         1133    0.0059%  61.8621%
  [   567000,   567500)         1093    0.0057%  61.8678%
  [   567500,   568000)         1139    0.0059%  61.8737%
  [   568000,   568500)         1198    0.0063%  61.8799%
  [   568500,   569000)         1205    0.0063%  61.8862%
  [   569000,   569500)         1210    0.0063%  61.8925%
  [   569500,   570000)         1218    0.0064%  61.8989%
  [   570000,   570500)         1187    0.0062%  61.9051%
  [   570500,   571000)         1272    0.0066%  61.9117%
  [   571000,   571500)         1249    0.0065%  61.9183%
  [   571500,   572000)         1308    0.0068%  61.9251%
  [   572000,   572500)         1317    0.0069%  61.9319%
  [   572500,   573000)         1324    0.0069%  61.9389%
  [   573000,   573500)         1294    0.0068%  61.9456%
  [   573500,   574000)         1291    0.0067%  61.9523%
  [   574000,   574500)         1335    0.0070%  61.9593%
  [   574500,   575000)         1508    0.0079%  61.9672%
  [   575000,   575500)         1407    0.0073%  61.9745%
  [   575500,   576000)         1483    0.0077%  61.9823%
  [   576000,   576500)         1442    0.0075%  61.9898%
  [   576500,   577000)         1574    0.0082%  61.9980%
  [   577000,   577500)         1444    0.0075%  62.0055%
  [   577500,   578000)         1495    0.0078%  62.0133%
  [   578000,   578500)         1541    0.0080%  62.0214%
  [   578500,   579000)         1563    0.0082%  62.0295%
  [   579000,   579500)         1556    0.0081%  62.0376%
  [   579500,   580000)         1550    0.0081%  62.0457%
  [   580000,   580500)         1618    0.0084%  62.0542%
  [   580500,   581000)         1713    0.0089%  62.0631%
  [   581000,   581500)         1770    0.0092%  62.0723%
  [   581500,   582000)         1743    0.0091%  62.0814%
  [   582000,   582500)         1778    0.0093%  62.0907%
  [   582500,   583000)         1784    0.0093%  62.1000%
  [   583000,   583500)         1842    0.0096%  62.1096%
  [   583500,   584000)         1939    0.0101%  62.1197%
  [   584000,   584500)         1891    0.0099%  62.1296%
  [   584500,   585000)         2007    0.0105%  62.1401%
  [   585000,   585500)         1918    0.0100%  62.1501%
  [   585500,   586000)         1999    0.0104%  62.1605%
  [   586000,   586500)         2074    0.0108%  62.1713%
  [   586500,   587000)         2127    0.0111%  62.1824%
  [   587000,   587500)         2039    0.0106%  62.1931%
  [   587500,   588000)         2182    0.0114%  62.2045%
  [   588000,   588500)         2214    0.0116%  62.2160%
  [   588500,   589000)         2256    0.0118%  62.2278%
  [   589000,   589500)         2298    0.0120%  62.2398%
  [   589500,   590000)         2352    0.0123%  62.2520%
  [   590000,   590500)         2310    0.0121%  62.2641%
  [   590500,   591000)         2453    0.0128%  62.2769%
  [   591000,   591500)         2505    0.0131%  62.2900%
  [   591500,   592000)         2515    0.0131%  62.3031%
  [   592000,   592500)         2540    0.0133%  62.3163%
  [   592500,   593000)         2636    0.0138%  62.3301%
  [   593000,   593500)         2622    0.0137%  62.3438%
  [   593500,   594000)         2660    0.0139%  62.3576%
  [   594000,   594500)         2760    0.0144%  62.3720%
  [   594500,   595000)         2862    0.0149%  62.3870%
  [   595000,   595500)         2880    0.0150%  62.4020%
  [   595500,   596000)         3068    0.0160%  62.4180%
  [   596000,   596500)         2961    0.0154%  62.4335%
  [   596500,   597000)         3054    0.0159%  62.4494%
  [   597000,   597500)         3002    0.0157%  62.4651%
  [   597500,   598000)         3236    0.0169%  62.4819%
  [   598000,   598500)         3243    0.0169%  62.4989%
  [   598500,   599000)         3411    0.0178%  62.5167%
  [   599000,   599500)         3265    0.0170%  62.5337%
  [   599500,   600000)         3448    0.0180%  62.5517%
  [   600000,   600500)         3679    0.0192%  62.5709%
  [   600500,   601000)         3554    0.0185%  62.5894%
  [   601000,   601500)         3599    0.0188%  62.6082%
  [   601500,   602000)         3722    0.0194%  62.6276%
  [   602000,   602500)         3723    0.0194%  62.6470%
  [   602500,   603000)         3792    0.0198%  62.6668%
  [   603000,   603500)         3841    0.0200%  62.6869%
  [   603500,   604000)         3920    0.0205%  62.7073%
  [   604000,   604500)         3956    0.0206%  62.7280%
  [   604500,   605000)         4196    0.0219%  62.7498%
  [   605000,   605500)         4245    0.0221%  62.7720%
  [   605500,   606000)         4173    0.0218%  62.7938%
  [   606000,   606500)         4325    0.0226%  62.8163%
  [   606500,   607000)         4439    0.0232%  62.8395%
  [   607000,   607500)         4473    0.0233%  62.8628%
  [   607500,   608000)         4581    0.0239%  62.8867%
  [   608000,   608500)         4685    0.0244%  62.9112%
  [   608500,   609000)         4717    0.0246%  62.9358%
  [   609000,   609500)         4946    0.0258%  62.9616%
  [   609500,   610000)         4833    0.0252%  62.9868%
  [   610000,   610500)         4909    0.0256%  63.0124%
  [   610500,   611000)         5141    0.0268%  63.0392%
  [   611000,   611500)         5145    0.0268%  63.0661%
  [   611500,   612000)         5330    0.0278%  63.0939%
  [   612000,   612500)         5368    0.0280%  63.1219%
  [   612500,   613000)         5452    0.0284%  63.1503%
  [   613000,   613500)         5586    0.0291%  63.1795%
  [   613500,   614000)         5556    0.0290%  63.2085%
  [   614000,   614500)         5737    0.0299%  63.2384%
  [   614500,   615000)         5846    0.0305%  63.2689%
  [   615000,   615500)         5910    0.0308%  63.2997%
  [   615500,   616000)         6017    0.0314%  63.3311%
  [   616000,   616500)         6089    0.0318%  63.3629%
  [   616500,   617000)         6132    0.0320%  63.3949%
  [   617000,   617500)         6430    0.0335%  63.4284%
  [   617500,   618000)         6310    0.0329%  63.4614%
  [   618000,   618500)         6595    0.0344%  63.4958%
  [   618500,   619000)         6697    0.0349%  63.5307%
  [   619000,   619500)         6820    0.0356%  63.5663%
  [   619500,   620000)         6851    0.0357%  63.6020%
  [   620000,   620500)         6939    0.0362%  63.6382%
  [   620500,   621000)         7071    0.0369%  63.6751%
  [   621000,   621500)         7235    0.0377%  63.7129%
  [   621500,   622000)         7381    0.0385%  63.7514%
  [   622000,   622500)         7324    0.0382%  63.7896%
  [   622500,   623000)         7673    0.0400%  63.8296%
  [   623000,   623500)         7737    0.0404%  63.8700%
  [   623500,   624000)         7701    0.0402%  63.9102%
  [   624000,   624500)         7784    0.0406%  63.9508%
  [   624500,   625000)         7953    0.0415%  63.9923%
  [   625000,   625500)         8061    0.0421%  64.0344%
  [   625500,   626000)         8345    0.0435%  64.0779%
  [   626000,   626500)         8366    0.0436%  64.1215%
  [   626500,   627000)         8512    0.0444%  64.1660%
  [   627000,   627500)         8688    0.0453%  64.2113%
  [   627500,   628000)         8824    0.0460%  64.2573%
  [   628000,   628500)         8783    0.0458%  64.3031%
  [   628500,   629000)         8777    0.0458%  64.3489%
  [   629000,   629500)         8970    0.0468%  64.3957%
  [   629500,   630000)         9298    0.0485%  64.4442%
  [   630000,   630500)         9415    0.0491%  64.4934%
  [   630500,   631000)         9407    0.0491%  64.5424%
  [   631000,   631500)         9632    0.0503%  64.5927%
  [   631500,   632000)         9683    0.0505%  64.6432%
  [   632000,   632500)         9654    0.0504%  64.6936%
  [   632500,   633000)         9951    0.0519%  64.7455%
  [   633000,   633500)        10021    0.0523%  64.7978%
  [   633500,   634000)        10157    0.0530%  64.8508%
  [   634000,   634500)        10336    0.0539%  64.9047%
  [   634500,   635000)        10208    0.0533%  64.9580%
  [   635000,   635500)        10406    0.0543%  65.0123%
  [   635500,   636000)        10811    0.0564%  65.0687%
  [   636000,   636500)        10839    0.0566%  65.1252%
  [   636500,   637000)        11047    0.0576%  65.1829%
  [   637000,   637500)        10966    0.0572%  65.2401%
  [   637500,   638000)        11095    0.0579%  65.2980%
  [   638000,   638500)        11176    0.0583%  65.3563%
  [   638500,   639000)        11284    0.0589%  65.4151%
  [   639000,   639500)        11376    0.0594%  65.4745%
  [   639500,   640000)        11488    0.0599%  65.5344%
  [   640000,   640500)        11840    0.0618%  65.5962%
  [   640500,   641000)        12141    0.0633%  65.6595%
  [   641000,   641500)        11714    0.0611%  65.7207%
  [   641500,   642000)        12297    0.0642%  65.7848%
  [   642000,   642500)        12365    0.0645%  65.8493%
  [   642500,   643000)        12432    0.0649%  65.9142%
  [   643000,   643500)        12449    0.0650%  65.9792%
  [   643500,   644000)        12475    0.0651%  66.0442%
  [   644000,   644500)        12918    0.0674%  66.1116%
  [   644500,   645000)        12762    0.0666%  66.1782%
  [   645000,   645500)        13135    0.0685%  66.2468%
  [   645500,   646000)        13251    0.0691%  66.3159%
  [   646000,   646500)        13197    0.0689%  66.3847%
  [   646500,   647000)        13406    0.0699%  66.4547%
  [   647000,   647500)        13563    0.0708%  66.5254%
  [   647500,   648000)        13456    0.0702%  66.5957%
  [   648000,   648500)        13923    0.0726%  66.6683%
  [   648500,   649000)        13833    0.0722%  66.7405%
  [   649000,   649500)        13891    0.0725%  66.8129%
  [   649500,   650000)        14168    0.0739%  66.8869%
  [   650000,   650500)        14302    0.0746%  66.9615%
  [   650500,   651000)        14417    0.0752%  67.0367%
  [   651000,   651500)        14420    0.0752%  67.1119%
  [   651500,   652000)        14608    0.0762%  67.1882%
  [   652000,   652500)        14565    0.0760%  67.2641%
  [   652500,   653000)        14690    0.0766%  67.3408%
  [   653000,   653500)        15108    0.0788%  67.4196%
  [   653500,   654000)        14890    0.0777%  67.4973%
  [   654000,   654500)        15334    0.0800%  67.5773%
  [   654500,   655000)        15165    0.0791%  67.6564%
  [   655000,   655500)        15494    0.0808%  67.7373%
  [   655500,   656000)        15593    0.0814%  67.8186%
  [   656000,   656500)        15779    0.0823%  67.9009%
  [   656500,   657000)        15979    0.0834%  67.9843%
  [   657000,   657500)        15860    0.0827%  68.0671%
  [   657500,   658000)        16158    0.0843%  68.1514%
  [   658000,   658500)        16203    0.0845%  68.2359%
  [   658500,   659000)        16029    0.0836%  68.3195%
  [   659000,   659500)        16552    0.0864%  68.4059%
  [   659500,   660000)        16702    0.0871%  68.4930%
  [   660000,   660500)        16650    0.0869%  68.5799%
  [   660500,   661000)        16572    0.0865%  68.6664%
  [   661000,   661500)        16731    0.0873%  68.7537%
  [   661500,   662000)        16895    0.0881%  68.8418%
  [   662000,   662500)        17109    0.0893%  68.9311%
  [   662500,   663000)        17106    0.0892%  69.0203%
  [   663000,   663500)        17219    0.0898%  69.1102%
  [   663500,   664000)        17124    0.0893%  69.1995%
  [   664000,   664500)        17628    0.0920%  69.2915%
  [   664500,   665000)        17617    0.0919%  69.3834%
  [   665000,   665500)        17730    0.0925%  69.4759%
  [   665500,   666000)        17701    0.0924%  69.5682%
  [   666000,   666500)        17597    0.0918%  69.6600%
  [   666500,   667000)        18067    0.0943%  69.7543%
  [   667000,   667500)        18254    0.0952%  69.8495%
  [   667500,   668000)        18045    0.0941%  69.9437%
  [   668000,   668500)        18249    0.0952%  70.0389%
  [   668500,   669000)        18361    0.0958%  70.1347%
  [   669000,   669500)        18538    0.0967%  70.2314%
  [   669500,   670000)        18541    0.0967%  70.3282%
  [   670000,   670500)        18714    0.0976%  70.4258%
  [   670500,   671000)        18862    0.0984%  70.5242%
  [   671000,   671500)        18969    0.0990%  70.6232%
  [   671500,   672000)        18815    0.0982%  70.7213%
  [   672000,   672500)        19149    0.0999%  70.8213%
  [   672500,   673000)        19167    0.1000%  70.9213%
  [   673000,   673500)        19372    0.1011%  71.0223%
  [   673500,   674000)        19455    0.1015%  71.1238%
  [   674000,   674500)        19672    0.1026%  71.2265%
  [   674500,   675000)        19197    0.1002%  71.3266%
  [   675000,   675500)        19578    0.1021%  71.4288%
  [   675500,   676000)        19693    0.1027%  71.5315%
  [   676000,   676500)        19717    0.1029%  71.6344%
  [   676500,   677000)        19640    0.1025%  71.7369%
  [   677000,   677500)        19909    0.1039%  71.8407%
  [   677500,   678000)        20153    0.1051%  71.9459%
  [   678000,   678500)        19935    0.1040%  72.0499%
  [   678500,   679000)        19993    0.1043%  72.1542%
  [   679000,   679500)        20143    0.1051%  72.2593%
  [   679500,   680000)        20089    0.1048%  72.3641%
  [   680000,   680500)        20622    0.1076%  72.4717%
  [   680500,   681000)        20209    0.1054%  72.5771%
  [   681000,   681500)        20428    0.1066%  72.6837%
  [   681500,   682000)        20541    0.1072%  72.7909%
  [   682000,   682500)        20551    0.1072%  72.8981%
  [   682500,   683000)        20647    0.1077%  73.0058%
  [   683000,   683500)        20630    0.1076%  73.1135%
  [   683500,   684000)        20936    0.1092%  73.2227%
  [   684000,   684500)        21113    0.1102%  73.3329%
  [   684500,   685000)        20875    0.1089%  73.4418%
  [   685000,   685500)        20962    0.1094%  73.5511%
  [   685500,   686000)        20974    0.1094%  73.6606%
  [   686000,   686500)        21158    0.1104%  73.7710%
  [   686500,   687000)        21174    0.1105%  73.8814%
  [   687000,   687500)        21474    0.1120%  73.9935%
  [   687500,   688000)        21172    0.1105%  74.1039%
  [   688000,   688500)        21104    0.1101%  74.2140%
  [   688500,   689000)        21168    0.1104%  74.3245%
  [   689000,   689500)        21255    0.1109%  74.4354%
  [   689500,   690000)        21350    0.1114%  74.5468%
  [   690000,   690500)        21569    0.1125%  74.6593%
  [   690500,   691000)        21672    0.1131%  74.7724%
  [   691000,   691500)        21643    0.1129%  74.8853%
  [   691500,   692000)        21864    0.1141%  74.9994%
  [   692000,   692500)        21653    0.1130%  75.1123%
  [   692500,   693000)        21654    0.1130%  75.2253%
  [   693000,   693500)        21979    0.1147%  75.3400%
  [   693500,   694000)        21730    0.1134%  75.4534%
  [   694000,   694500)        21411    0.1117%  75.5651%
  [   694500,   695000)        21780    0.1136%  75.6787%
  [   695000,   695500)        21743    0.1134%  75.7921%
  [   695500,   696000)        21774    0.1136%  75.9057%
  [   696000,   696500)        22212    0.1159%  76.0216%
  [   696500,   697000)        21804    0.1138%  76.1354%
  [   697000,   697500)        21915    0.1143%  76.2497%
  [   697500,   698000)        22182    0.1157%  76.3655%
  [   698000,   698500)        22037    0.1150%  76.4804%
  [   698500,   699000)        22095    0.1153%  76.5957%
  [   699000,   699500)        22091    0.1153%  76.7110%
  [   699500,   700000)        22073    0.1152%  76.8261%
  [   700000,   700500)        22185    0.1157%  76.9419%
  [   700500,   701000)        22103    0.1153%  77.0572%
  [   701000,   701500)        22113    0.1154%  77.1726%
  [   701500,   702000)        22226    0.1160%  77.2885%
  [   702000,   702500)        22507    0.1174%  77.4060%
  [   702500,   703000)        22579    0.1178%  77.5238%
  [   703000,   703500)        22204    0.1158%  77.6396%
  [   703500,   704000)        22192    0.1158%  77.7554%
  [   704000,   704500)        22495    0.1174%  77.8728%
  [   704500,   705000)        22379    0.1168%  77.9895%
  [   705000,   705500)        22227    0.1160%  78.1055%
  [   705500,   706000)        22549    0.1176%  78.2231%
  [   706000,   706500)        22333    0.1165%  78.3397%
  [   706500,   707000)        22284    0.1163%  78.4559%
  [   707000,   707500)        22387    0.1168%  78.5727%
  [   707500,   708000)        22472    0.1172%  78.6900%
  [   708000,   708500)        22203    0.1158%  78.8058%
  [   708500,   709000)        22336    0.1165%  78.9224%
  [   709000,   709500)        22372    0.1167%  79.0391%
  [   709500,   710000)        22366    0.1167%  79.1558%
  [   710000,   710500)        22627    0.1181%  79.2738%
  [   710500,   711000)        22001    0.1148%  79.3886%
  [   711000,   711500)        22465    0.1172%  79.5058%
  [   711500,   712000)        22537    0.1176%  79.6234%
  [   712000,   712500)        22551    0.1177%  79.7411%
  [   712500,   713000)        22330    0.1165%  79.8576%
  [   713000,   713500)        22390    0.1168%  79.9744%
  [   713500,   714000)        22205    0.1159%  80.0902%
  [   714000,   714500)        22213    0.1159%  80.2061%
  [   714500,   715000)        22212    0.1159%  80.3220%
  [   715000,   715500)        22082    0.1152%  80.4372%
  [   715500,   716000)        22080    0.1152%  80.5524%
  [   716000,   716500)        22081    0.1152%  80.6676%
  [   716500,   717000)        21980    0.1147%  80.7823%
  [   717000,   717500)        22168    0.1157%  80.8980%
  [   717500,   718000)        21867    0.1141%  81.0121%
  [   718000,   718500)        21917    0.1143%  81.1264%
  [   718500,   719000)        21991    0.1147%  81.2411%
  [   719000,   719500)        22215    0.1159%  81.3571%
  [   719500,   720000)        21944    0.1145%  81.4715%
  [   720000,   720500)        21924    0.1144%  81.5859%
  [   720500,   721000)        21953    0.1145%  81.7005%
  [   721000,   721500)        21926    0.1144%  81.8149%
  [   721500,   722000)        21750    0.1135%  81.9283%
  [   722000,   722500)        21422    0.1118%  82.0401%
  [   722500,   723000)        21544    0.1124%  82.1525%
  [   723000,   723500)        21612    0.1128%  82.2653%
  [   723500,   724000)        21625    0.1128%  82.3781%
  [   724000,   724500)        21587    0.1126%  82.4907%
  [   724500,   725000)        21292    0.1111%  82.6018%
  [   725000,   725500)        21438    0.1119%  82.7137%
  [   725500,   726000)        21423    0.1118%  82.8254%
  [   726000,   726500)        21376    0.1115%  82.9370%
  [   726500,   727000)        21451    0.1119%  83.0489%
  [   727000,   727500)        21564    0.1125%  83.1614%
  [   727500,   728000)        21155    0.1104%  83.2718%
  [   728000,   728500)        21350    0.1114%  83.3832%
  [   728500,   729000)        21219    0.1107%  83.4939%
  [   729000,   729500)        21020    0.1097%  83.6035%
  [   729500,   730000)        21155    0.1104%  83.7139%
  [   730000,   730500)        20927    0.1092%  83.8231%
  [   730500,   731000)        20683    0.1079%  83.9310%
  [   731000,   731500)        21011    0.1096%  84.0406%
  [   731500,   732000)        20933    0.1092%  84.1498%
  [   732000,   732500)        21125    0.1102%  84.2601%
  [   732500,   733000)        21048    0.1098%  84.3699%
  [   733000,   733500)        20335    0.1061%  84.4760%
  [   733500,   734000)        20608    0.1075%  84.5835%
  [   734000,   734500)        20771    0.1084%  84.6919%
  [   734500,   735000)        20656    0.1078%  84.7996%
  [   735000,   735500)        20683    0.1079%  84.9075%
  [   735500,   736000)        20412    0.1065%  85.0140%
  [   736000,   736500)        20266    0.1057%  85.1198%
  [   736500,   737000)        20172    0.1052%  85.2250%
  [   737000,   737500)        20188    0.1053%  85.3303%
  [   737500,   738000)        20204    0.1054%  85.4358%
  [   738000,   738500)        19864    0.1036%  85.5394%
  [   738500,   739000)        19997    0.1043%  85.6437%
  [   739000,   739500)        19763    0.1031%  85.7468%
  [   739500,   740000)        20133    0.1050%  85.8519%
  [   740000,   740500)        19739    0.1030%  85.9549%
  [   740500,   741000)        19886    0.1038%  86.0586%
  [   741000,   741500)        19751    0.1030%  86.1617%
  [   741500,   742000)        19704    0.1028%  86.2645%
  [   742000,   742500)        19729    0.1029%  86.3674%
  [   742500,   743000)        19328    0.1008%  86.4683%
  [   743000,   743500)        19181    0.1001%  86.5683%
  [   743500,   744000)        19138    0.0999%  86.6682%
  [   744000,   744500)        19401    0.1012%  86.7694%
  [   744500,   745000)        18949    0.0989%  86.8683%
  [   745000,   745500)        18901    0.0986%  86.9669%
  [   745500,   746000)        19157    0.0999%  87.0668%
  [   746000,   746500)        18954    0.0989%  87.1657%
  [   746500,   747000)        18819    0.0982%  87.2639%
  [   747000,   747500)        18795    0.0981%  87.3620%
  [   747500,   748000)        18638    0.0972%  87.4592%
  [   748000,   748500)        18686    0.0975%  87.5567%
  [   748500,   749000)        18454    0.0963%  87.6530%
  [   749000,   749500)        18696    0.0975%  87.7505%
  [   749500,   750000)        18549    0.0968%  87.8473%
  [   750000,   750500)        18253    0.0952%  87.9425%
  [   750500,   751000)        18333    0.0957%  88.0382%
  [   751000,   751500)        18445    0.0962%  88.1344%
  [   751500,   752000)        17913    0.0935%  88.2279%
  [   752000,   752500)        17926    0.0935%  88.3214%
  [   752500,   753000)        18053    0.0942%  88.4156%
  [   753000,   753500)        17709    0.0924%  88.5080%
  [   753500,   754000)        17614    0.0919%  88.5999%
  [   754000,   754500)        17773    0.0927%  88.6926%
  [   754500,   755000)        17495    0.0913%  88.7839%
  [   755000,   755500)        17393    0.0907%  88.8746%
  [   755500,   756000)        17358    0.0906%  88.9652%
  [   756000,   756500)        17180    0.0896%  89.0548%
  [   756500,   757000)        17081    0.0891%  89.1440%
  [   757000,   757500)        17025    0.0888%  89.2328%
  [   757500,   758000)        16981    0.0886%  89.3214%
  [   758000,   758500)        17085    0.0891%  89.4105%
  [   758500,   759000)        16818    0.0877%  89.4983%
  [   759000,   759500)        16790    0.0876%  89.5859%
  [   759500,   760000)        16734    0.0873%  89.6732%
  [   760000,   760500)        16702    0.0871%  89.7603%
  [   760500,   761000)        16521    0.0862%  89.8465%
  [   761000,   761500)        16695    0.0871%  89.9336%
  [   761500,   762000)        16389    0.0855%  90.0191%
  [   762000,   762500)        16323    0.0852%  90.1043%
  [   762500,   763000)        16158    0.0843%  90.1886%
  [   763000,   763500)        16158    0.0843%  90.2729%
  [   763500,   764000)        16087    0.0839%  90.3568%
  [   764000,   764500)        15973    0.0833%  90.4402%
  [   764500,   765000)        16013    0.0835%  90.5237%
  [   765000,   765500)        15721    0.0820%  90.6057%
  [   765500,   766000)        15699    0.0819%  90.6876%
  [   766000,   766500)        15756    0.0822%  90.7698%
  [   766500,   767000)        15646    0.0816%  90.8515%
  [   767000,   767500)        15443    0.0806%  90.9321%
  [   767500,   768000)        15466    0.0807%  91.0127%
  [   768000,   768500)        15303    0.0798%  91.0926%
  [   768500,   769000)        15266    0.0796%  91.1722%
  [   769000,   769500)        15074    0.0786%  91.2509%
  [   769500,   770000)        14876    0.0776%  91.3285%
  [   770000,   770500)        14788    0.0772%  91.4056%
  [   770500,   771000)        15025    0.0784%  91.4840%
  [   771000,   771500)        14691    0.0766%  91.5607%
  [   771500,   772000)        14779    0.0771%  91.6378%
  [   772000,   772500)        14653    0.0765%  91.7142%
  [   772500,   773000)        14560    0.0760%  91.7902%
  [   773000,   773500)        14306    0.0746%  91.8649%
  [   773500,   774000)        14250    0.0743%  91.9392%
  [   774000,   774500)        14149    0.0738%  92.0130%
  [   774500,   775000)        14124    0.0737%  92.0867%
  [   775000,   775500)        14094    0.0735%  92.1602%
  [   775500,   776000)        14050    0.0733%  92.2335%
  [   776000,   776500)        13875    0.0724%  92.3059%
  [   776500,   777000)        13765    0.0718%  92.3778%
  [   777000,   777500)        13590    0.0709%  92.4487%
  [   777500,   778000)        13445    0.0701%  92.5188%
  [   778000,   778500)        13381    0.0698%  92.5886%
  [   778500,   779000)        13406    0.0699%  92.6586%
  [   779000,   779500)        13324    0.0695%  92.7281%
  [   779500,   780000)        13216    0.0690%  92.7970%
  [   780000,   780500)        13070    0.0682%  92.8652%
  [   780500,   781000)        13032    0.0680%  92.9332%
  [   781000,   781500)        13186    0.0688%  93.0020%
  [   781500,   782000)        12580    0.0656%  93.0677%
  [   782000,   782500)        12963    0.0676%  93.1353%
  [   782500,   783000)        12608    0.0658%  93.2011%
  [   783000,   783500)        12513    0.0653%  93.2664%
  [   783500,   784000)        12511    0.0653%  93.3316%
  [   784000,   784500)        12354    0.0645%  93.3961%
  [   784500,   785000)        12272    0.0640%  93.4601%
  [   785000,   785500)        12222    0.0638%  93.5239%
  [   785500,   786000)        12397    0.0647%  93.5886%
  [   786000,   786500)        12225    0.0638%  93.6523%
  [   786500,   787000)        12021    0.0627%  93.7151%
  [   787000,   787500)        11775    0.0614%  93.7765%
  [   787500,   788000)        11848    0.0618%  93.8383%
  [   788000,   788500)        11880    0.0620%  93.9003%
  [   788500,   789000)        11806    0.0616%  93.9619%
  [   789000,   789500)        11660    0.0608%  94.0227%
  [   789500,   790000)        11466    0.0598%  94.0825%
  [   790000,   790500)        11542    0.0602%  94.1428%
  [   790500,   791000)        11201    0.0584%  94.2012%
  [   791000,   791500)        11227    0.0586%  94.2598%
  [   791500,   792000)        11242    0.0587%  94.3184%
  [   792000,   792500)        10907    0.0569%  94.3753%
  [   792500,   793000)        11040    0.0576%  94.4329%
  [   793000,   793500)        10978    0.0573%  94.4902%
  [   793500,   794000)        11022    0.0575%  94.5477%
  [   794000,   794500)        10702    0.0558%  94.6036%
  [   794500,   795000)        10760    0.0561%  94.6597%
  [   795000,   795500)        10581    0.0552%  94.7149%
  [   795500,   796000)        10689    0.0558%  94.7707%
  [   796000,   796500)        10354    0.0540%  94.8247%
  [   796500,   797000)        10238    0.0534%  94.8781%
  [   797000,   797500)        10193    0.0532%  94.9313%
  [   797500,   798000)        10083    0.0526%  94.9839%
  [   798000,   798500)        10074    0.0526%  95.0365%
  [   798500,   799000)        10040    0.0524%  95.0888%
  [   799000,   799500)        10025    0.0523%  95.1411%
  [   799500,   800000)         9907    0.0517%  95.1928%
  [   800000,   800500)         9778    0.0510%  95.2439%
  [   800500,   801000)         9702    0.0506%  95.2945%
  [   801000,   801500)         9621    0.0502%  95.3447%
  [   801500,   802000)         9497    0.0495%  95.3942%
  [   802000,   802500)         9443    0.0493%  95.4435%
  [   802500,   803000)         9305    0.0485%  95.4920%
  [   803000,   803500)         9329    0.0487%  95.5407%
  [   803500,   804000)         9386    0.0490%  95.5897%
  [   804000,   804500)         9100    0.0475%  95.6372%
  [   804500,   805000)         9038    0.0472%  95.6843%
  [   805000,   805500)         9045    0.0472%  95.7315%
  [   805500,   806000)         8901    0.0464%  95.7779%
  [   806000,   806500)         8803    0.0459%  95.8239%
  [   806500,   807000)         8803    0.0459%  95.8698%
  [   807000,   807500)         8673    0.0453%  95.9150%
  [   807500,   808000)         8552    0.0446%  95.9597%
  [   808000,   808500)         8563    0.0447%  96.0043%
  [   808500,   809000)         8511    0.0444%  96.0487%
  [   809000,   809500)         8390    0.0438%  96.0925%
  [   809500,   810000)         8364    0.0436%  96.1362%
  [   810000,   810500)         8307    0.0433%  96.1795%
  [   810500,   811000)         8349    0.0436%  96.2231%
  [   811000,   811500)         8231    0.0429%  96.2660%
  [   811500,   812000)         8010    0.0418%  96.3078%
  [   812000,   812500)         7958    0.0415%  96.3493%
  [   812500,   813000)         7922    0.0413%  96.3906%
  [   813000,   813500)         7763    0.0405%  96.4312%
  [   813500,   814000)         7699    0.0402%  96.4713%
  [   814000,   814500)         7533    0.0393%  96.5106%
  [   814500,   815000)         7529    0.0393%  96.5499%
  [   815000,   815500)         7602    0.0397%  96.5896%
  [   815500,   816000)         7481    0.0390%  96.6286%
  [   816000,   816500)         7423    0.0387%  96.6673%
  [   816500,   817000)         7287    0.0380%  96.7053%
  [   817000,   817500)         7303    0.0381%  96.7434%
  [   817500,   818000)         7143    0.0373%  96.7807%
  [   818000,   818500)         7057    0.0368%  96.8175%
  [   818500,   819000)         7116    0.0371%  96.8547%
  [   819000,   819500)         7021    0.0366%  96.8913%
  [   819500,   820000)         6914    0.0361%  96.9274%
  [   820000,   820500)         6703    0.0350%  96.9623%
  [   820500,   821000)         6760    0.0353%  96.9976%
  [   821000,   821500)         6725    0.0351%  97.0327%
  [   821500,   822000)         6667    0.0348%  97.0675%
  [   822000,   822500)         6663    0.0348%  97.1022%
  [   822500,   823000)         6523    0.0340%  97.1363%
  [   823000,   823500)         6484    0.0338%  97.1701%
  [   823500,   824000)         6474    0.0338%  97.2039%
  [   824000,   824500)         6353    0.0331%  97.2370%
  [   824500,   825000)         6350    0.0331%  97.2702%
  [   825000,   825500)         6160    0.0321%  97.3023%
  [   825500,   826000)         6118    0.0319%  97.3342%
  [   826000,   826500)         6232    0.0325%  97.3667%
  [   826500,   827000)         6013    0.0314%  97.3981%
  [   827000,   827500)         5989    0.0312%  97.4294%
  [   827500,   828000)         6087    0.0318%  97.4611%
  [   828000,   828500)         5832    0.0304%  97.4915%
  [   828500,   829000)         6067    0.0317%  97.5232%
  [   829000,   829500)         5931    0.0309%  97.5541%
  [   829500,   830000)         5671    0.0296%  97.5837%
  [   830000,   830500)         5602    0.0292%  97.6130%
  [   830500,   831000)         5548    0.0289%  97.6419%
  [   831000,   831500)         5425    0.0283%  97.6702%
  [   831500,   832000)         5445    0.0284%  97.6986%
  [   832000,   832500)         5402    0.0282%  97.7268%
  [   832500,   833000)         5421    0.0283%  97.7551%
  [   833000,   833500)         5304    0.0277%  97.7828%
  [   833500,   834000)         5232    0.0273%  97.8101%
  [   834000,   834500)         5266    0.0275%  97.8375%
  [   834500,   835000)         5097    0.0266%  97.8641%
  [   835000,   835500)         5130    0.0268%  97.8909%
  [   835500,   836000)         5113    0.0267%  97.9176%
  [   836000,   836500)         4857    0.0253%  97.9429%
  [   836500,   837000)         5008    0.0261%  97.9690%
  [   837000,   837500)         4906    0.0256%  97.9946%
  [   837500,   838000)         4928    0.0257%  98.0203%
  [   838000,   838500)         4907    0.0256%  98.0459%
  [   838500,   839000)         4716    0.0246%  98.0705%
  [   839000,   839500)         4625    0.0241%  98.0947%
  [   839500,   840000)         4739    0.0247%  98.1194%
  [   840000,   840500)         4602    0.0240%  98.1434%
  [   840500,   841000)         4568    0.0238%  98.1672%
  [   841000,   841500)         4496    0.0235%  98.1907%
  [   841500,   842000)         4525    0.0236%  98.2143%
  [   842000,   842500)         4486    0.0234%  98.2377%
  [   842500,   843000)         4301    0.0224%  98.2602%
  [   843000,   843500)         4271    0.0223%  98.2824%
  [   843500,   844000)         4249    0.0222%  98.3046%
  [   844000,   844500)         4245    0.0221%  98.3268%
  [   844500,   845000)         4264    0.0222%  98.3490%
  [   845000,   845500)         4229    0.0221%  98.3711%
  [   845500,   846000)         4028    0.0210%  98.3921%
  [   846000,   846500)         4025    0.0210%  98.4131%
  [   846500,   847000)         3985    0.0208%  98.4339%
  [   847000,   847500)         3953    0.0206%  98.4545%
  [   847500,   848000)         3825    0.0200%  98.4745%
  [   848000,   848500)         3945    0.0206%  98.4950%
  [   848500,   849000)         3834    0.0200%  98.5150%
  [   849000,   849500)         3801    0.0198%  98.5349%
  [   849500,   850000)         3722    0.0194%  98.5543%
  [   850000,   850500)         3718    0.0194%  98.5737%
  [   850500,   851000)         3742    0.0195%  98.5932%
  [   851000,   851500)         3575    0.0187%  98.6119%
  [   851500,   852000)         3559    0.0186%  98.6304%
  [   852000,   852500)         3537    0.0185%  98.6489%
  [   852500,   853000)         3422    0.0179%  98.6667%
  [   853000,   853500)         3436    0.0179%  98.6847%
  [   853500,   854000)         3371    0.0176%  98.7023%
  [   854000,   854500)         3312    0.0173%  98.7195%
  [   854500,   855000)         3274    0.0171%  98.7366%
  [   855000,   855500)         3361    0.0175%  98.7542%
  [   855500,   856000)         3224    0.0168%  98.7710%
  [   856000,   856500)         3172    0.0165%  98.7875%
  [   856500,   857000)         3155    0.0165%  98.8040%
  [   857000,   857500)         3200    0.0167%  98.8207%
  [   857500,   858000)         3147    0.0164%  98.8371%
  [   858000,   858500)         3051    0.0159%  98.8530%
  [   858500,   859000)         3003    0.0157%  98.8687%
  [   859000,   859500)         3011    0.0157%  98.8844%
  [   859500,   860000)         2977    0.0155%  98.8999%
  [   860000,   860500)         2887    0.0151%  98.9150%
  [   860500,   861000)         2814    0.0147%  98.9297%
  [   861000,   861500)         2917    0.0152%  98.9449%
  [   861500,   862000)         2857    0.0149%  98.9598%
  [   862000,   862500)         2774    0.0145%  98.9743%
  [   862500,   863000)         2779    0.0145%  98.9888%
  [   863000,   863500)         2745    0.0143%  99.0031%
  [   863500,   864000)         2683    0.0140%  99.0171%
  [   864000,   864500)         2627    0.0137%  99.0308%
  [   864500,   865000)         2593    0.0135%  99.0443%
  [   865000,   865500)         2615    0.0136%  99.0580%
  [   865500,   866000)         2519    0.0131%  99.0711%
  [   866000,   866500)         2552    0.0133%  99.0844%
  [   866500,   867000)         2532    0.0132%  99.0976%
  [   867000,   867500)         2404    0.0125%  99.1102%
  [   867500,   868000)         2417    0.0126%  99.1228%
  [   868000,   868500)         2292    0.0120%  99.1347%
  [   868500,   869000)         2303    0.0120%  99.1468%
  [   869000,   869500)         2499    0.0130%  99.1598%
  [   869500,   870000)         2321    0.0121%  99.1719%
  [   870000,   870500)         2306    0.0120%  99.1839%
  [   870500,   871000)         2309    0.0120%  99.1960%
  [   871000,   871500)         2154    0.0112%  99.2072%
  [   871500,   872000)         2087    0.0109%  99.2181%
  [   872000,   872500)         2201    0.0115%  99.2296%
  [   872500,   873000)         2120    0.0111%  99.2407%
  [   873000,   873500)         2120    0.0111%  99.2517%
  [   873500,   874000)         2144    0.0112%  99.2629%
  [   874000,   874500)         2049    0.0107%  99.2736%
  [   874500,   875000)         1963    0.0102%  99.2838%
  [   875000,   875500)         2004    0.0105%  99.2943%
  [   875500,   876000)         2023    0.0106%  99.3049%
  [   876000,   876500)         2069    0.0108%  99.3156%
  [   876500,   877000)         2028    0.0106%  99.3262%
  [   877000,   877500)         1911    0.0100%  99.3362%
  [   877500,   878000)         1872    0.0098%  99.3460%
  [   878000,   878500)         1853    0.0097%  99.3556%
  [   878500,   879000)         1859    0.0097%  99.3653%
  [   879000,   879500)         1870    0.0098%  99.3751%
  [   879500,   880000)         1710    0.0089%  99.3840%
  [   880000,   880500)         1747    0.0091%  99.3931%
  [   880500,   881000)         1683    0.0088%  99.4019%
  [   881000,   881500)         1761    0.0092%  99.4111%
  [   881500,   882000)         1728    0.0090%  99.4201%
  [   882000,   882500)         1698    0.0089%  99.4290%
  [   882500,   883000)         1653    0.0086%  99.4376%
  [   883000,   883500)         1565    0.0082%  99.4458%
  [   883500,   884000)         1628    0.0085%  99.4543%
  [   884000,   884500)         1576    0.0082%  99.4625%
  [   884500,   885000)         1517    0.0079%  99.4704%
  [   885000,   885500)         1583    0.0083%  99.4786%
  [   885500,   886000)         1547    0.0081%  99.4867%
  [   886000,   886500)         1435    0.0075%  99.4942%
  [   886500,   887000)         1443    0.0075%  99.5017%
  [   887000,   887500)         1472    0.0077%  99.5094%
  [   887500,   888000)         1444    0.0075%  99.5169%
  [   888000,   888500)         1446    0.0075%  99.5245%
  [   888500,   889000)         1374    0.0072%  99.5317%
  [   889000,   889500)         1367    0.0071%  99.5388%
  [   889500,   890000)         1363    0.0071%  99.5459%
  [   890000,   890500)         1330    0.0069%  99.5528%
  [   890500,   891000)         1316    0.0069%  99.5597%
  [   891000,   891500)         1325    0.0069%  99.5666%
  [   891500,   892000)         1250    0.0065%  99.5731%
  [   892000,   892500)         1275    0.0067%  99.5798%
  [   892500,   893000)         1209    0.0063%  99.5861%
  [   893000,   893500)         1256    0.0066%  99.5927%
  [   893500,   894000)         1215    0.0063%  99.5990%
  [   894000,   894500)         1202    0.0063%  99.6053%
  [   894500,   895000)         1230    0.0064%  99.6117%
  [   895000,   895500)         1129    0.0059%  99.6176%
  [   895500,   896000)         1165    0.0061%  99.6237%
  [   896000,   896500)         1165    0.0061%  99.6297%
  [   896500,   897000)         1108    0.0058%  99.6355%
  [   897000,   897500)         1110    0.0058%  99.6413%
  [   897500,   898000)         1158    0.0060%  99.6473%
  [   898000,   898500)         1033    0.0054%  99.6527%
  [   898500,   899000)         1032    0.0054%  99.6581%
  [   899000,   899500)         1086    0.0057%  99.6638%
  [   899500,   900000)         1022    0.0053%  99.6691%
  [   900000,   900500)          989    0.0052%  99.6743%
  [   900500,   901000)          951    0.0050%  99.6792%
  [   901000,   901500)         1005    0.0052%  99.6845%
  [   901500,   902000)          975    0.0051%  99.6896%
  [   902000,   902500)         1009    0.0053%  99.6948%
  [   902500,   903000)          930    0.0049%  99.6997%
  [   903000,   903500)          941    0.0049%  99.7046%
  [   903500,   904000)          868    0.0045%  99.7091%
  [   904000,   904500)          950    0.0050%  99.7141%
  [   904500,   905000)          864    0.0045%  99.7186%
  [   905000,   905500)          807    0.0042%  99.7228%
  [   905500,   906000)          866    0.0045%  99.7273%
  [   906000,   906500)          845    0.0044%  99.7317%
  [   906500,   907000)          786    0.0041%  99.7358%
  [   907000,   907500)          801    0.0042%  99.7400%
  [   907500,   908000)          809    0.0042%  99.7442%
  [   908000,   908500)          820    0.0043%  99.7485%
  [   908500,   909000)          734    0.0038%  99.7523%
  [   909000,   909500)          798    0.0042%  99.7565%
  [   909500,   910000)          756    0.0039%  99.7604%
  [   910000,   910500)          769    0.0040%  99.7645%
  [   910500,   911000)          744    0.0039%  99.7683%
  [   911000,   911500)          753    0.0039%  99.7723%
  [   911500,   912000)          684    0.0036%  99.7758%
  [   912000,   912500)          697    0.0036%  99.7795%
  [   912500,   913000)          722    0.0038%  99.7832%
  [   913000,   913500)          659    0.0034%  99.7867%
  [   913500,   914000)          694    0.0036%  99.7903%
  [   914000,   914500)          720    0.0038%  99.7941%
  [   914500,   915000)          628    0.0033%  99.7973%
  [   915000,   915500)          697    0.0036%  99.8010%
  [   915500,   916000)          646    0.0034%  99.8043%
  [   916000,   916500)          624    0.0033%  99.8076%
  [   916500,   917000)          603    0.0031%  99.8107%
  [   917000,   917500)          592    0.0031%  99.8138%
  [   917500,   918000)          615    0.0032%  99.8170%
  [   918000,   918500)          547    0.0029%  99.8199%
  [   918500,   919000)          544    0.0028%  99.8227%
  [   919000,   919500)          623    0.0033%  99.8260%
  [   919500,   920000)          566    0.0030%  99.8289%
  [   920000,   920500)          535    0.0028%  99.8317%
  [   920500,   921000)          572    0.0030%  99.8347%
  [   921000,   921500)          550    0.0029%  99.8376%
  [   921500,   922000)          523    0.0027%  99.8403%
  [   922000,   922500)          512    0.0027%  99.8430%
  [   922500,   923000)          497    0.0026%  99.8456%
  [   923000,   923500)          465    0.0024%  99.8480%
  [   923500,   924000)          475    0.0025%  99.8505%
  [   924000,   924500)          480    0.0025%  99.8530%
  [   924500,   925000)          486    0.0025%  99.8555%
  [   925000,   925500)          482    0.0025%  99.8580%
  [   925500,   926000)          451    0.0024%  99.8604%
  [   926000,   926500)          459    0.0024%  99.8628%
  [   926500,   927000)          436    0.0023%  99.8651%
  [   927000,   927500)          465    0.0024%  99.8675%
  [   927500,   928000)          419    0.0022%  99.8697%
  [   928000,   928500)          421    0.0022%  99.8719%
  [   928500,   929000)          428    0.0022%  99.8741%
  [   929000,   929500)          368    0.0019%  99.8760%
  [   929500,   930000)          405    0.0021%  99.8781%
  [   930000,   930500)          413    0.0022%  99.8803%
  [   930500,   931000)          388    0.0020%  99.8823%
  [   931000,   931500)          362    0.0019%  99.8842%
  [   931500,   932000)          356    0.0019%  99.8861%
  [   932000,   932500)          376    0.0020%  99.8880%
  [   932500,   933000)          379    0.0020%  99.8900%
  [   933000,   933500)          416    0.0022%  99.8922%
  [   933500,   934000)          370    0.0019%  99.8941%
  [   934000,   934500)          353    0.0018%  99.8959%
  [   934500,   935000)          319    0.0017%  99.8976%
  [   935000,   935500)          346    0.0018%  99.8994%
  [   935500,   936000)          337    0.0018%  99.9012%
  [   936000,   936500)          342    0.0018%  99.9029%
  [   936500,   937000)          325    0.0017%  99.9046%
  [   937000,   937500)          304    0.0016%  99.9062%
  [   937500,   938000)          317    0.0017%  99.9079%
  [   938000,   938500)          281    0.0015%  99.9093%
  [   938500,   939000)          319    0.0017%  99.9110%
  [   939000,   939500)          303    0.0016%  99.9126%
  [   939500,   940000)          285    0.0015%  99.9141%
  [   940000,   940500)          276    0.0014%  99.9155%
  [   940500,   941000)          295    0.0015%  99.9171%
  [   941000,   941500)          293    0.0015%  99.9186%
  [   941500,   942000)          271    0.0014%  99.9200%
  [   942000,   942500)          251    0.0013%  99.9213%
  [   942500,   943000)          253    0.0013%  99.9226%
  [   943000,   943500)          273    0.0014%  99.9241%
  [   943500,   944000)          292    0.0015%  99.9256%
  [   944000,   944500)          263    0.0014%  99.9270%
  [   944500,   945000)          246    0.0013%  99.9282%
  [   945000,   945500)          245    0.0013%  99.9295%
  [   945500,   946000)          237    0.0012%  99.9307%
  [   946000,   946500)          245    0.0013%  99.9320%
  [   946500,   947000)          234    0.0012%  99.9332%
  [   947000,   947500)          263    0.0014%  99.9346%
  [   947500,   948000)          241    0.0013%  99.9359%
  [   948000,   948500)          236    0.0012%  99.9371%
  [   948500,   949000)          207    0.0011%  99.9382%
  [   949000,   949500)          195    0.0010%  99.9392%
  [   949500,   950000)          216    0.0011%  99.9403%
  [   950000,   950500)          199    0.0010%  99.9414%
  [   950500,   951000)          181    0.0009%  99.9423%
  [   951000,   951500)          199    0.0010%  99.9434%
  [   951500,   952000)          195    0.0010%  99.9444%
  [   952000,   952500)          181    0.0009%  99.9453%
  [   952500,   953000)          186    0.0010%  99.9463%
  [   953000,   953500)          204    0.0011%  99.9474%
  [   953500,   954000)          183    0.0010%  99.9483%
  [   954000,   954500)          191    0.0010%  99.9493%
  [   954500,   955000)          173    0.0009%  99.9502%
  [   955000,   955500)          156    0.0008%  99.9510%
  [   955500,   956000)          148    0.0008%  99.9518%
  [   956000,   956500)          167    0.0009%  99.9527%
  [   956500,   957000)          152    0.0008%  99.9535%
  [   957000,   957500)          166    0.0009%  99.9543%
  [   957500,   958000)          165    0.0009%  99.9552%
  [   958000,   958500)          145    0.0008%  99.9559%
  [   958500,   959000)          149    0.0008%  99.9567%
  [   959000,   959500)          150    0.0008%  99.9575%
  [   959500,   960000)          150    0.0008%  99.9583%
  [   960000,   960500)          154    0.0008%  99.9591%
  [   960500,   961000)          152    0.0008%  99.9599%
  [   961000,   961500)          162    0.0008%  99.9607%
  [   961500,   962000)          136    0.0007%  99.9614%
  [   962000,   962500)          142    0.0007%  99.9622%
  [   962500,   963000)          137    0.0007%  99.9629%
  [   963000,   963500)          131    0.0007%  99.9636%
  [   963500,   964000)          132    0.0007%  99.9643%
  [   964000,   964500)          122    0.0006%  99.9649%
  [   964500,   965000)          118    0.0006%  99.9655%
  [   965000,   965500)          137    0.0007%  99.9662%
  [   965500,   966000)          122    0.0006%  99.9669%
  [   966000,   966500)          118    0.0006%  99.9675%
  [   966500,   967000)          114    0.0006%  99.9681%
  [   967000,   967500)           95    0.0005%  99.9686%
  [   967500,   968000)          110    0.0006%  99.9691%
  [   968000,   968500)          105    0.0005%  99.9697%
  [   968500,   969000)          104    0.0005%  99.9702%
  [   969000,   969500)          116    0.0006%  99.9708%
  [   969500,   970000)          115    0.0006%  99.9714%
  [   970000,   970500)          106    0.0006%  99.9720%
  [   970500,   971000)          109    0.0006%  99.9726%
  [   971000,   971500)          115    0.0006%  99.9732%
  [   971500,   972000)           99    0.0005%  99.9737%
  [   972000,   972500)           89    0.0005%  99.9741%
  [   972500,   973000)           99    0.0005%  99.9747%
  [   973000,   973500)           90    0.0005%  99.9751%
  [   973500,   974000)           93    0.0005%  99.9756%
  [   974000,   974500)           90    0.0005%  99.9761%
  [   974500,   975000)           75    0.0004%  99.9765%
  [   975000,   975500)           88    0.0005%  99.9769%
  [   975500,   976000)           65    0.0003%  99.9773%
  [   976000,   976500)           94    0.0005%  99.9778%
  [   976500,   977000)           90    0.0005%  99.9782%
  [   977000,   977500)           74    0.0004%  99.9786%
  [   977500,   978000)           70    0.0004%  99.9790%
  [   978000,   978500)           77    0.0004%  99.9794%
  [   978500,   979000)           75    0.0004%  99.9798%
  [   979000,   979500)           63    0.0003%  99.9801%
  [   979500,   980000)           70    0.0004%  99.9805%
  [   980000,   980500)           75    0.0004%  99.9809%
  [   980500,   981000)           75    0.0004%  99.9813%
  [   981000,   981500)           76    0.0004%  99.9817%
  [   981500,   982000)           64    0.0003%  99.9820%
  [   982000,   982500)           62    0.0003%  99.9823%
  [   982500,   983000)           60    0.0003%  99.9826%
  [   983000,   983500)           68    0.0004%  99.9830%
  [   983500,   984000)           69    0.0004%  99.9833%
  [   984000,   984500)           73    0.0004%  99.9837%
  [   984500,   985000)           74    0.0004%  99.9841%
  [   985000,   985500)           54    0.0003%  99.9844%
  [   985500,   986000)           45    0.0002%  99.9846%
  [   986000,   986500)           56    0.0003%  99.9849%
  [   986500,   987000)           50    0.0003%  99.9852%
  [   987000,   987500)           55    0.0003%  99.9855%
  [   987500,   988000)           43    0.0002%  99.9857%
  [   988000,   988500)           50    0.0003%  99.9859%
  [   988500,   989000)           45    0.0002%  99.9862%
  [   989000,   989500)           58    0.0003%  99.9865%
  [   989500,   990000)           40    0.0002%  99.9867%
  [   990000,   990500)           42    0.0002%  99.9869%
  [   990500,   991000)           60    0.0003%  99.9872%
  [   991000,   991500)           52    0.0003%  99.9875%
  [   991500,   992000)           40    0.0002%  99.9877%
  [   992000,   992500)           48    0.0003%  99.9880%
  [   992500,   993000)           44    0.0002%  99.9882%
  [   993000,   993500)           46    0.0002%  99.9884%
  [   993500,   994000)           47    0.0002%  99.9887%
  [   994000,   994500)           43    0.0002%  99.9889%
  [   994500,   995000)           49    0.0003%  99.9891%
  [   995000,   995500)           36    0.0002%  99.9893%
  [   995500,   996000)           40    0.0002%  99.9895%
  [   996000,   996500)           36    0.0002%  99.9897%
  [   996500,   997000)           29    0.0002%  99.9899%
  [   997000,   997500)           46    0.0002%  99.9901%
  [   997500,   998000)           31    0.0002%  99.9903%
  [   998000,   998500)           28    0.0001%  99.9904%
  [   998500,   999000)           34    0.0002%  99.9906%
  [   999000,   999500)           38    0.0002%  99.9908%
  [   999500, +inf)                1762    0.0092% 100.0000%

----- OFFLOADED TASKS [node 1] -----
  ops total                = 19166659
  ops direct (1-sided)     = 19166659 (100.00%)
  ops offload (rpc)        = 0 (0.00%)
  lookup pushdowns         = 0
  scan   pushdowns (RPC)   = 0
    kv pairs returned      = 0
    leaves scanned remotely= 0
    kv / scan pushdown     = 0.00
    leaves / scan pushdown = 0.00
=========================================================================

[CORRECTNESS node 1] scan rows returned = 1916638263
[END]
