Compute node count = 1
kNodeCount 2, kReadRatio 0, kInsertRatio 0, kUpdateRatio 0, kDeleteRatio 0, kRangeRatio 100, totalThreadCount 36, memThreadCount 4 cache_size 8, uniform_workload 0, zipfian 0.990000, bulk_load_num 50000000, warmup_num 10000000, op_num 30000000, check_correctness 0, time_based 0, early_stop 1, index 0, rpc_rate 1.000000, admission_rate 0.100000, auto_tune 0
kMaxThread = 36
KeySpace = 50001000
[GEOMETRY] inner_page=160 leaf_page=512 inner_entries=5 leaf_entries=26 slot=512 placement=mn_only
[4mshared memory size: 64GB, 0x7fef77200000[0m
[4mcache size: 2GB[0m
[4mMachine NR: 2[0m
[4mMax_APP_THREAD: 80[0m
[4mNR_DIRECTORY: 16[0m
[4mStart Build the DSMKeeper[0m
I am servers 0 [255.127.0.0]
I connect server 1
[4mdir 0 launch! (core 79 of 80)
[0m
[4mdir 1 launch! (core 79 of 80)
[0m
[4mdir 3 launch! (core 79 of 80)
[0m
[4mdir 2 launch! (core 79 of 80)
[0m
CNode 0, left bound = 0, right bound = 18446744073709551615
Pushdown (RPC) Rate: 1
Admission Rate: 0.1
Cache size(MB) = 8
-----Cache initial addr = 0x7fef56600000
page num = 16384
alloc_unit = 512
entry_num: 16384
bucket_num: 5462
[DEX_SAFE_PT] page table keeps overflow buckets linked: ON
Bucket size = 64
entry_num: 1638
bucket_num: 273
[DEX-R] push reads from the deepest cached node: ON (DEX_PUSH_READS_DEEPEST; writes keep DEX's megaLevel rule)
start generating tree
num_partitions = 1
Success: tree root pointer value [1, 67108864]
finish generating tree
Bulkload num in node 0 = 50000000
First key of bulkloading = 7325973
Last key of bulkloading = 26738230
node warmup num = 9999972
kReadRatio =0
insertmark =0
updatemark =0
deletemark =0
rangemark =100
[CPU compute ] process=  2.50% of 80 cores   system=  2.53%   (window 2s)

----- REMOTE CPU LOAD (memory node dir-threads, 2s window) -----
  dir 0: active=  0.00%  msgs=0           0 ns/msg
  dir 1: active=  0.00%  msgs=0           0 ns/msg
  dir 2: active=  0.00%  msgs=0           0 ns/msg
  dir 3: active=  0.00%  msgs=0           0 ns/msg
  AGGREGATE active = 0.00% (of 4 dir-threads; 0.00% per-thread avg)  msgs=0
Finish warmup workload generation
[CPU compute ] process=  2.50% of 80 cores   system=  4.54%   (window 2s)

----- REMOTE CPU LOAD (memory node dir-threads, 2s window) -----
  dir 0: active=  0.00%  msgs=0           0 ns/msg
  dir 1: active=  0.00%  msgs=0           0 ns/msg
  dir 2: active=  0.00%  msgs=0           0 ns/msg
  dir 3: active=  0.00%  msgs=0           0 ns/msg
  AGGREGATE active = 0.00% (of 4 dir-threads; 0.00% per-thread avg)  msgs=0
[CPU compute ] process=  2.50% of 80 cores   system=  2.52%   (window 2s)

----- REMOTE CPU LOAD (memory node dir-threads, 2s window) -----
  dir 0: active=  0.00%  msgs=0           0 ns/msg
  dir 1: active=  0.00%  msgs=0           0 ns/msg
  dir 2: active=  0.00%  msgs=0           0 ns/msg
  dir 3: active=  0.00%  msgs=0           0 ns/msg
  AGGREGATE active = 0.00% (of 4 dir-threads; 0.00% per-thread avg)  msgs=0
[CPU compute ] process=  2.50% of 80 cores   system=  2.53%   (window 2s)

----- REMOTE CPU LOAD (memory node dir-threads, 2s window) -----
  dir 0: active=  0.00%  msgs=0           0 ns/msg
  dir 1: active=  0.00%  msgs=0           0 ns/msg
  dir 2: active=  0.00%  msgs=0           0 ns/msg
  dir 3: active=  0.00%  msgs=0           0 ns/msg
  AGGREGATE active = 0.00% (of 4 dir-threads; 0.00% per-thread avg)  msgs=0
node op_num = 29999988
Finish all workload generation
[CPU compute ] process=  2.50% of 80 cores   system=  2.52%   (window 2s)

----- REMOTE CPU LOAD (memory node dir-threads, 2s window) -----
  dir 0: active=  0.00%  msgs=0           0 ns/msg
  dir 1: active=  0.00%  msgs=0           0 ns/msg
  dir 2: active=  0.00%  msgs=0           0 ns/msg
  dir 3: active=  0.00%  msgs=0           0 ns/msg
  AGGREGATE active = 0.00% (of 4 dir-threads; 0.00% per-thread avg)  msgs=0
[CPU compute ] process=  2.50% of 80 cores   system=  2.52%   (window 2s)

----- REMOTE CPU LOAD (memory node dir-threads, 2s window) -----
  dir 0: active=  0.00%  msgs=0           0 ns/msg
  dir 1: active=  0.00%  msgs=0           0 ns/msg
  dir 2: active=  0.00%  msgs=0           0 ns/msg
  dir 3: active=  0.00%  msgs=0           0 ns/msg
  AGGREGATE active = 0.00% (of 4 dir-threads; 0.00% per-thread avg)  msgs=0
Fetched new height = 1
Success: tree root pointer value [1, 67109888]
Height = 2
Success: tree root pointer value [1, 67112448]
Height = 3
Success: tree root pointer value [1, 67118080]
Height = 4
[CPU compute ] process=  2.50% of 80 cores   system=  4.24%   (window 2s)

----- REMOTE CPU LOAD (memory node dir-threads, 2s window) -----
  dir 0: active=  0.00%  msgs=0           0 ns/msg
  dir 1: active=  0.00%  msgs=0           0 ns/msg
  dir 2: active=  0.00%  msgs=0           0 ns/msg
  dir 3: active=  0.00%  msgs=0           0 ns/msg
  AGGREGATE active = 0.00% (of 4 dir-threads; 0.00% per-thread avg)  msgs=0
Success: tree root pointer value [1, 67129856]
Height = 5
Success: tree root pointer value [1, 67153920]
Height = 6
Success: tree root pointer value [1, 67202560]
Height = 7
Success: tree root pointer value [1, 67300352]
Height = 8
Success: tree root pointer value [1, 67496448]
Height = 9
Success: tree root pointer value [1, 67889152]
Height = 10
Success: tree root pointer value [1, 68675072]
Height = 11
Success: tree root pointer value [1, 70247424]
Height = 12
Success: tree root pointer value [1, 73392640]
Height = 13
entering dynamic phase
Success: tree root pointer value [1, 79683584]
Height = 14
Success: tree root pointer value [1, 92265984]
Height = 15
Success: tree root pointer value [1, 17263746560]
Height = 16
Success: tree root pointer value [1, 34460392960]
Height = 17
[CPU compute ] process=  2.50% of 80 cores   system=  2.53%   (window 2s)

----- REMOTE CPU LOAD (memory node dir-threads, 2s window) -----
  dir 0: active=  0.00%  msgs=0           0 ns/msg
  dir 1: active=  0.00%  msgs=0           0 ns/msg
  dir 2: active=  0.00%  msgs=0           0 ns/msg
  dir 3: active=  0.00%  msgs=0           0 ns/msg
  AGGREGATE active = 0.00% (of 4 dir-threads; 0.00% per-thread avg)  msgs=0
Success: tree root pointer value [1, 17314079232]
Height = 18
[CPU compute ] process=  2.50% of 80 cores   system=  2.51%   (window 2s)

----- REMOTE CPU LOAD (memory node dir-threads, 2s window) -----
  dir 0: active=  0.00%  msgs=0           0 ns/msg
  dir 1: active=  0.00%  msgs=0           0 ns/msg
  dir 2: active=  0.00%  msgs=0           0 ns/msg
  dir 3: active=  0.00%  msgs=0           0 ns/msg
  AGGREGATE active = 0.00% (of 4 dir-threads; 0.00% per-thread avg)  msgs=0
Success: tree root pointer value [1, 51707374592]
Height = 19
[CPU compute ] process=  2.50% of 80 cores   system=  2.51%   (window 2s)

----- REMOTE CPU LOAD (memory node dir-threads, 2s window) -----
  dir 0: active=  0.00%  msgs=0           0 ns/msg
  dir 1: active=  0.00%  msgs=0           0 ns/msg
  dir 2: active=  0.00%  msgs=0           0 ns/msg
  dir 3: active=  0.00%  msgs=0           0 ns/msg
  AGGREGATE active = 0.00% (of 4 dir-threads; 0.00% per-thread avg)  msgs=0
[CPU compute ] process=  2.50% of 80 cores   system=  2.51%   (window 2s)

----- REMOTE CPU LOAD (memory node dir-threads, 2s window) -----
  dir 0: active=  0.00%  msgs=0           0 ns/msg
  dir 1: active=  0.00%  msgs=0           0 ns/msg
  dir 2: active=  0.00%  msgs=0           0 ns/msg
  dir 3: active=  0.00%  msgs=0           0 ns/msg
  AGGREGATE active = 0.00% (of 4 dir-threads; 0.00% per-thread avg)  msgs=0
[CPU compute ] process=  2.50% of 80 cores   system=  2.88%   (window 2s)

----- REMOTE CPU LOAD (memory node dir-threads, 2s window) -----
  dir 0: active=  0.00%  msgs=0           0 ns/msg
  dir 1: active=  0.00%  msgs=0           0 ns/msg
  dir 2: active=  0.00%  msgs=0           0 ns/msg
  dir 3: active=  0.00%  msgs=0           0 ns/msg
  AGGREGATE active = 0.00% (of 4 dir-threads; 0.00% per-thread avg)  msgs=0
Success: tree root pointer value [1, 268436480]
Height = 20
[CPU compute ] process=  2.50% of 80 cores   system=  3.87%   (window 2s)

----- REMOTE CPU LOAD (memory node dir-threads, 2s window) -----
  dir 0: active=  0.00%  msgs=0           0 ns/msg
  dir 1: active=  0.00%  msgs=0           0 ns/msg
  dir 2: active=  0.00%  msgs=0           0 ns/msg
  dir 3: active=  0.00%  msgs=0           0 ns/msg
  AGGREGATE active = 0.00% (of 4 dir-threads; 0.00% per-thread avg)  msgs=0
[CPU compute ] process=  2.50% of 80 cores   system=  2.52%   (window 2s)

----- REMOTE CPU LOAD (memory node dir-threads, 2s window) -----
  dir 0: active=  0.00%  msgs=0           0 ns/msg
  dir 1: active=  0.00%  msgs=0           0 ns/msg
  dir 2: active=  0.00%  msgs=0           0 ns/msg
  dir 3: active=  0.00%  msgs=0           0 ns/msg
  AGGREGATE active = 0.00% (of 4 dir-threads; 0.00% per-thread avg)  msgs=0
[CPU compute ] process=  2.50% of 80 cores   system=  2.52%   (window 2s)

----- REMOTE CPU LOAD (memory node dir-threads, 2s window) -----
  dir 0: active=  0.00%  msgs=0           0 ns/msg
  dir 1: active=  0.00%  msgs=0           0 ns/msg
  dir 2: active=  0.00%  msgs=0           0 ns/msg
  dir 3: active=  0.00%  msgs=0           0 ns/msg
  AGGREGATE active = 0.00% (of 4 dir-threads; 0.00% per-thread avg)  msgs=0
[CPU compute ] process=  2.50% of 80 cores   system=  2.51%   (window 2s)

----- REMOTE CPU LOAD (memory node dir-threads, 2s window) -----
  dir 0: active=  0.00%  msgs=0           0 ns/msg
  dir 1: active=  0.00%  msgs=0           0 ns/msg
  dir 2: active=  0.00%  msgs=0           0 ns/msg
  dir 3: active=  0.00%  msgs=0           0 ns/msg
  AGGREGATE active = 0.00% (of 4 dir-threads; 0.00% per-thread avg)  msgs=0
[CPU compute ] process=  2.50% of 80 cores   system=  2.51%   (window 2s)

----- REMOTE CPU LOAD (memory node dir-threads, 2s window) -----
  dir 0: active=  0.00%  msgs=0           0 ns/msg
  dir 1: active=  0.00%  msgs=0           0 ns/msg
  dir 2: active=  0.00%  msgs=0           0 ns/msg
  dir 3: active=  0.00%  msgs=0           0 ns/msg
  AGGREGATE active = 0.00% (of 4 dir-threads; 0.00% per-thread avg)  msgs=0
Success: tree root pointer value [1, 469774848]
Height = 21
[CPU compute ] process=  2.50% of 80 cores   system=  4.43%   (window 2s)

----- REMOTE CPU LOAD (memory node dir-threads, 2s window) -----
  dir 0: active=  0.00%  msgs=0           0 ns/msg
  dir 1: active=  0.00%  msgs=0           0 ns/msg
  dir 2: active=  0.00%  msgs=0           0 ns/msg
  dir 3: active=  0.00%  msgs=0           0 ns/msg
  AGGREGATE active = 0.00% (of 4 dir-threads; 0.00% per-thread avg)  msgs=0
[CPU compute ] process=  2.50% of 80 cores   system=  2.52%   (window 2s)

----- REMOTE CPU LOAD (memory node dir-threads, 2s window) -----
  dir 0: active=  0.00%  msgs=0           0 ns/msg
  dir 1: active=  0.00%  msgs=0           0 ns/msg
  dir 2: active=  0.00%  msgs=0           0 ns/msg
  dir 3: active=  0.00%  msgs=0           0 ns/msg
  AGGREGATE active = 0.00% (of 4 dir-threads; 0.00% per-thread avg)  msgs=0
[CPU compute ] process=  2.50% of 80 cores   system=  2.51%   (window 2s)

----- REMOTE CPU LOAD (memory node dir-threads, 2s window) -----
  dir 0: active=  0.00%  msgs=0           0 ns/msg
  dir 1: active=  0.00%  msgs=0           0 ns/msg
  dir 2: active=  0.00%  msgs=0           0 ns/msg
  dir 3: active=  0.00%  msgs=0           0 ns/msg
  AGGREGATE active = 0.00% (of 4 dir-threads; 0.00% per-thread avg)  msgs=0
[CPU compute ] process=  2.50% of 80 cores   system=  2.53%   (window 2s)

----- REMOTE CPU LOAD (memory node dir-threads, 2s window) -----
  dir 0: active=  0.00%  msgs=0           0 ns/msg
  dir 1: active=  0.00%  msgs=0           0 ns/msg
  dir 2: active=  0.00%  msgs=0           0 ns/msg
  dir 3: active=  0.00%  msgs=0           0 ns/msg
  AGGREGATE active = 0.00% (of 4 dir-threads; 0.00% per-thread avg)  msgs=0
[CPU compute ] process=  2.50% of 80 cores   system=  2.51%   (window 2s)

----- REMOTE CPU LOAD (memory node dir-threads, 2s window) -----
  dir 0: active=  0.00%  msgs=0           0 ns/msg
  dir 1: active=  0.00%  msgs=0           0 ns/msg
  dir 2: active=  0.00%  msgs=0           0 ns/msg
  dir 3: active=  0.00%  msgs=0           0 ns/msg
  AGGREGATE active = 0.00% (of 4 dir-threads; 0.00% per-thread avg)  msgs=0
[CPU compute ] process=  2.50% of 80 cores   system=  4.38%   (window 2s)

----- REMOTE CPU LOAD (memory node dir-threads, 2s window) -----
  dir 0: active=  0.00%  msgs=0           0 ns/msg
  dir 1: active=  0.00%  msgs=0           0 ns/msg
  dir 2: active=  0.00%  msgs=0           0 ns/msg
  dir 3: active=  0.00%  msgs=0           0 ns/msg
  AGGREGATE active = 0.00% (of 4 dir-threads; 0.00% per-thread avg)  msgs=0
[CPU compute ] process=  2.50% of 80 cores   system=  2.51%   (window 2s)

----- REMOTE CPU LOAD (memory node dir-threads, 2s window) -----
  dir 0: active=  0.00%  msgs=0           0 ns/msg
  dir 1: active=  0.00%  msgs=0           0 ns/msg
  dir 2: active=  0.00%  msgs=0           0 ns/msg
  dir 3: active=  0.00%  msgs=0           0 ns/msg
  AGGREGATE active = 0.00% (of 4 dir-threads; 0.00% per-thread avg)  msgs=0
[CPU compute ] process=  2.50% of 80 cores   system=  2.53%   (window 2s)

----- REMOTE CPU LOAD (memory node dir-threads, 2s window) -----
  dir 0: active=  0.00%  msgs=0           0 ns/msg
  dir 1: active=  0.00%  msgs=0           0 ns/msg
  dir 2: active=  0.00%  msgs=0           0 ns/msg
  dir 3: active=  0.00%  msgs=0           0 ns/msg
  AGGREGATE active = 0.00% (of 4 dir-threads; 0.00% per-thread avg)  msgs=0
[CPU compute ] process=  2.50% of 80 cores   system=  2.52%   (window 2s)

----- REMOTE CPU LOAD (memory node dir-threads, 2s window) -----
  dir 0: active=  0.00%  msgs=0           0 ns/msg
  dir 1: active=  0.00%  msgs=0           0 ns/msg
  dir 2: active=  0.00%  msgs=0           0 ns/msg
  dir 3: active=  0.00%  msgs=0           0 ns/msg
  AGGREGATE active = 0.00% (of 4 dir-threads; 0.00% per-thread avg)  msgs=0
[CPU compute ] process=  2.50% of 80 cores   system=  2.52%   (window 2s)

----- REMOTE CPU LOAD (memory node dir-threads, 2s window) -----
  dir 0: active=  0.00%  msgs=0           0 ns/msg
  dir 1: active=  0.00%  msgs=0           0 ns/msg
  dir 2: active=  0.00%  msgs=0           0 ns/msg
  dir 3: active=  0.00%  msgs=0           0 ns/msg
  AGGREGATE active = 0.00% (of 4 dir-threads; 0.00% per-thread avg)  msgs=0
[CPU compute ] process=  2.50% of 80 cores   system=  4.52%   (window 2s)

----- REMOTE CPU LOAD (memory node dir-threads, 2s window) -----
  dir 0: active=  0.00%  msgs=0           0 ns/msg
  dir 1: active=  0.00%  msgs=0           0 ns/msg
  dir 2: active=  0.00%  msgs=0           0 ns/msg
  dir 3: active=  0.00%  msgs=0           0 ns/msg
  AGGREGATE active = 0.00% (of 4 dir-threads; 0.00% per-thread avg)  msgs=0
Success: tree root pointer value [1, 872452096]
Height = 22
[CPU compute ] process=  2.50% of 80 cores   system=  2.52%   (window 2s)

----- REMOTE CPU LOAD (memory node dir-threads, 2s window) -----
  dir 0: active=  0.00%  msgs=0           0 ns/msg
  dir 1: active=  0.00%  msgs=0           0 ns/msg
  dir 2: active=  0.00%  msgs=0           0 ns/msg
  dir 3: active=  0.00%  msgs=0           0 ns/msg
  AGGREGATE active = 0.00% (of 4 dir-threads; 0.00% per-thread avg)  msgs=0
[CPU compute ] process=  2.50% of 80 cores   system=  2.52%   (window 2s)

----- REMOTE CPU LOAD (memory node dir-threads, 2s window) -----
  dir 0: active=  0.00%  msgs=0           0 ns/msg
  dir 1: active=  0.00%  msgs=0           0 ns/msg
  dir 2: active=  0.00%  msgs=0           0 ns/msg
  dir 3: active=  0.00%  msgs=0           0 ns/msg
  AGGREGATE active = 0.00% (of 4 dir-threads; 0.00% per-thread avg)  msgs=0
[CPU compute ] process=  2.50% of 80 cores   system=  2.52%   (window 2s)

----- REMOTE CPU LOAD (memory node dir-threads, 2s window) -----
  dir 0: active=  0.00%  msgs=0           0 ns/msg
  dir 1: active=  0.00%  msgs=0           0 ns/msg
  dir 2: active=  0.00%  msgs=0           0 ns/msg
  dir 3: active=  0.00%  msgs=0           0 ns/msg
  AGGREGATE active = 0.00% (of 4 dir-threads; 0.00% per-thread avg)  msgs=0
[CPU compute ] process=  2.50% of 80 cores   system=  2.52%   (window 2s)

----- REMOTE CPU LOAD (memory node dir-threads, 2s window) -----
  dir 0: active=  0.00%  msgs=0           0 ns/msg
  dir 1: active=  0.00%  msgs=0           0 ns/msg
  dir 2: active=  0.00%  msgs=0           0 ns/msg
  dir 3: active=  0.00%  msgs=0           0 ns/msg
  AGGREGATE active = 0.00% (of 4 dir-threads; 0.00% per-thread avg)  msgs=0
[CPU compute ] process=  2.50% of 80 cores   system=  4.43%   (window 2s)

----- REMOTE CPU LOAD (memory node dir-threads, 2s window) -----
  dir 0: active=  0.00%  msgs=0           0 ns/msg
  dir 1: active=  0.00%  msgs=0           0 ns/msg
  dir 2: active=  0.00%  msgs=0           0 ns/msg
  dir 3: active=  0.00%  msgs=0           0 ns/msg
  AGGREGATE active = 0.00% (of 4 dir-threads; 0.00% per-thread avg)  msgs=0
#leaf nodes = 3846153
leaf size(MB) = 1878
#inner nodes = 3846104
inner size(MB) = 1877.98
Tree height = 22
Cache capacity = 16384
max. leaf entries = 26
max. inner entries = 5
Inner page size = 160
Leaf page size = 512
node 0 finish its bulkload
IMPORTANT: my root is 57177020563457
0 is ready for the benchmark
I am 0
Fetched new height = 22
I am 1
I am 24
I am 4
I am 2
I am 6
I am 3
I am 11
I am 10
I am 8
I am 16
I am 14
I am 21
I am 23
I am 15
I am 9
I am 7
I am 25
I am 20
I am 29
I am 35
I am 19
I am 26
I am 12
I am 17
I am 34
I am 18
I am 30
I am 27
I am 33
I am 28
I am 5
I am 31
I am 32
I am 22
I am 13
entering dynamic phase
[CPU compute ] process= 21.95% of 80 cores   system= 21.98%   (window 2s)

----- REMOTE CPU LOAD (memory node dir-threads, 2s window) -----
  dir 0: active=  0.00%  msgs=0           0 ns/msg
  dir 1: active=  0.00%  msgs=0           0 ns/msg
  dir 2: active=  0.00%  msgs=0           0 ns/msg
  dir 3: active=  0.00%  msgs=0           0 ns/msg
  AGGREGATE active = 0.00% (of 4 dir-threads; 0.00% per-thread avg)  msgs=0
[CPU compute ] process= 46.25% of 80 cores   system= 46.27%   (window 2s)

----- REMOTE CPU LOAD (memory node dir-threads, 2s window) -----
  dir 0: active=  0.00%  msgs=0           0 ns/msg
  dir 1: active=  0.00%  msgs=0           0 ns/msg
  dir 2: active=  0.00%  msgs=0           0 ns/msg
  dir 3: active=  0.00%  msgs=0           0 ns/msg
  AGGREGATE active = 0.00% (of 4 dir-threads; 0.00% per-thread avg)  msgs=0
[CPU compute ] process= 46.24% of 80 cores   system= 46.29%   (window 2s)

----- REMOTE CPU LOAD (memory node dir-threads, 2s window) -----
  dir 0: active=  0.00%  msgs=0           0 ns/msg
  dir 1: active=  0.00%  msgs=0           0 ns/msg
  dir 2: active=  0.00%  msgs=0           0 ns/msg
  dir 3: active=  0.00%  msgs=0           0 ns/msg
  AGGREGATE active = 0.00% (of 4 dir-threads; 0.00% per-thread avg)  msgs=0
[CPU compute ] process= 46.25% of 80 cores   system= 46.28%   (window 2s)

----- REMOTE CPU LOAD (memory node dir-threads, 2s window) -----
  dir 0: active=  0.00%  msgs=0           0 ns/msg
  dir 1: active=  0.00%  msgs=0           0 ns/msg
  dir 2: active=  0.00%  msgs=0           0 ns/msg
  dir 3: active=  0.00%  msgs=0           0 ns/msg
  AGGREGATE active = 0.00% (of 4 dir-threads; 0.00% per-thread avg)  msgs=0
[CPU compute ] process= 46.25% of 80 cores   system= 47.01%   (window 2s)

----- REMOTE CPU LOAD (memory node dir-threads, 2s window) -----
  dir 0: active=  0.00%  msgs=0           0 ns/msg
  dir 1: active=  0.00%  msgs=0           0 ns/msg
  dir 2: active=  0.00%  msgs=0           0 ns/msg
  dir 3: active=  0.00%  msgs=0           0 ns/msg
  AGGREGATE active = 0.00% (of 4 dir-threads; 0.00% per-thread avg)  msgs=0
[CPU compute ] process= 46.25% of 80 cores   system= 46.27%   (window 2s)

----- REMOTE CPU LOAD (memory node dir-threads, 2s window) -----
  dir 0: active=  0.00%  msgs=0           0 ns/msg
  dir 1: active=  0.00%  msgs=0           0 ns/msg
  dir 2: active=  0.00%  msgs=0           0 ns/msg
  dir 3: active=  0.00%  msgs=0           0 ns/msg
  AGGREGATE active = 0.00% (of 4 dir-threads; 0.00% per-thread avg)  msgs=0
[CPU compute ] process= 46.25% of 80 cores   system= 46.27%   (window 2s)

----- REMOTE CPU LOAD (memory node dir-threads, 2s window) -----
  dir 0: active=  0.00%  msgs=0           0 ns/msg
  dir 1: active=  0.00%  msgs=0           0 ns/msg
  dir 2: active=  0.00%  msgs=0           0 ns/msg
  dir 3: active=  0.00%  msgs=0           0 ns/msg
  AGGREGATE active = 0.00% (of 4 dir-threads; 0.00% per-thread avg)  msgs=0
[CPU compute ] process= 46.25% of 80 cores   system= 46.29%   (window 2s)

----- REMOTE CPU LOAD (memory node dir-threads, 2s window) -----
  dir 0: active=  0.00%  msgs=0           0 ns/msg
  dir 1: active=  0.00%  msgs=0           0 ns/msg
  dir 2: active=  0.00%  msgs=0           0 ns/msg
  dir 3: active=  0.00%  msgs=0           0 ns/msg
  AGGREGATE active = 0.00% (of 4 dir-threads; 0.00% per-thread avg)  msgs=0
[CPU compute ] process= 46.25% of 80 cores   system= 46.27%   (window 2s)

----- REMOTE CPU LOAD (memory node dir-threads, 2s window) -----
  dir 0: active=  0.00%  msgs=0           0 ns/msg
  dir 1: active=  0.00%  msgs=0           0 ns/msg
  dir 2: active=  0.00%  msgs=0           0 ns/msg
  dir 3: active=  0.00%  msgs=0           0 ns/msg
  AGGREGATE active = 0.00% (of 4 dir-threads; 0.00% per-thread avg)  msgs=0
[CPU compute ] process= 46.25% of 80 cores   system= 46.33%   (window 2s)

----- REMOTE CPU LOAD (memory node dir-threads, 2s window) -----
  dir 0: active=  0.00%  msgs=0           0 ns/msg
  dir 1: active=  0.00%  msgs=0           0 ns/msg
  dir 2: active=  0.00%  msgs=0           0 ns/msg
  dir 3: active=  0.00%  msgs=0           0 ns/msg
  AGGREGATE active = 0.00% (of 4 dir-threads; 0.00% per-thread avg)  msgs=0
[CPU compute ] process= 46.25% of 80 cores   system= 47.12%   (window 2s)

----- REMOTE CPU LOAD (memory node dir-threads, 2s window) -----
  dir 0: active=  0.00%  msgs=0           0 ns/msg
  dir 1: active=  0.00%  msgs=0           0 ns/msg
  dir 2: active=  0.00%  msgs=0           0 ns/msg
  dir 3: active=  0.00%  msgs=0           0 ns/msg
  AGGREGATE active = 0.00% (of 4 dir-threads; 0.00% per-thread avg)  msgs=0
Thread_op_num = 833333
node 0 finish warmup
[CPU compute ] process= 46.24% of 80 cores   system= 46.28%   (window 2s)

----- REMOTE CPU LOAD (memory node dir-threads, 2s window) -----
  dir 0: active=  0.00%  msgs=0           0 ns/msg
  dir 1: active=  0.00%  msgs=0           0 ns/msg
  dir 2: active=  0.00%  msgs=0           0 ns/msg
  dir 3: active=  0.00%  msgs=0           0 ns/msg
  AGGREGATE active = 0.00% (of 4 dir-threads; 0.00% per-thread avg)  msgs=0
Start collecting the statistic
[CPU compute ] process= 46.25% of 80 cores   system= 46.28%   (window 2s)

----- REMOTE CPU LOAD (memory node dir-threads, 2s window) -----
  dir 0: active=  0.00%  msgs=0           0 ns/msg
  dir 1: active=  0.00%  msgs=0           0 ns/msg
  dir 2: active=  0.00%  msgs=0           0 ns/msg
  dir 3: active=  0.00%  msgs=0           0 ns/msg
  AGGREGATE active = 0.00% (of 4 dir-threads; 0.00% per-thread avg)  msgs=0
0, throughput 1.5170
cluster throughput 1.517
[CPU compute ] process= 46.24% of 80 cores   system= 46.27%   (window 2s)

----- REMOTE CPU LOAD (memory node dir-threads, 2s window) -----
  dir 0: active=  0.00%  msgs=0           0 ns/msg
  dir 1: active=  0.00%  msgs=0           0 ns/msg
  dir 2: active=  0.00%  msgs=0           0 ns/msg
  dir 3: active=  0.00%  msgs=0           0 ns/msg
  AGGREGATE active = 0.00% (of 4 dir-threads; 0.00% per-thread avg)  msgs=0
0, throughput 1.5332
cluster throughput 1.533
[CPU compute ] process= 46.26% of 80 cores   system= 46.27%   (window 2s)

----- REMOTE CPU LOAD (memory node dir-threads, 2s window) -----
  dir 0: active=  0.00%  msgs=0           0 ns/msg
  dir 1: active=  0.00%  msgs=0           0 ns/msg
  dir 2: active=  0.00%  msgs=0           0 ns/msg
  dir 3: active=  0.00%  msgs=0           0 ns/msg
  AGGREGATE active = 0.00% (of 4 dir-threads; 0.00% per-thread avg)  msgs=0
0, throughput 1.5272
cluster throughput 1.527
[CPU compute ] process= 46.24% of 80 cores   system= 47.38%   (window 2s)

----- REMOTE CPU LOAD (memory node dir-threads, 2s window) -----
  dir 0: active=  0.00%  msgs=0           0 ns/msg
  dir 1: active=  0.00%  msgs=0           0 ns/msg
  dir 2: active=  0.00%  msgs=0           0 ns/msg
  dir 3: active=  0.00%  msgs=0           0 ns/msg
  AGGREGATE active = 0.00% (of 4 dir-threads; 0.00% per-thread avg)  msgs=0
0, throughput 1.5266
cluster throughput 1.526
[CPU compute ] process= 46.26% of 80 cores   system= 46.28%   (window 2s)

----- REMOTE CPU LOAD (memory node dir-threads, 2s window) -----
  dir 0: active=  0.00%  msgs=0           0 ns/msg
  dir 1: active=  0.00%  msgs=0           0 ns/msg
  dir 2: active=  0.00%  msgs=0           0 ns/msg
  dir 3: active=  0.00%  msgs=0           0 ns/msg
  AGGREGATE active = 0.00% (of 4 dir-threads; 0.00% per-thread avg)  msgs=0
0, throughput 1.5247
cluster throughput 1.524
[CPU compute ] process= 46.25% of 80 cores   system= 46.30%   (window 2s)

----- REMOTE CPU LOAD (memory node dir-threads, 2s window) -----
  dir 0: active=  0.00%  msgs=0           0 ns/msg
  dir 1: active=  0.00%  msgs=0           0 ns/msg
  dir 2: active=  0.00%  msgs=0           0 ns/msg
  dir 3: active=  0.00%  msgs=0           0 ns/msg
  AGGREGATE active = 0.00% (of 4 dir-threads; 0.00% per-thread avg)  msgs=0
0, throughput 1.5239
cluster throughput 1.523
[CPU compute ] process= 46.24% of 80 cores   system= 46.27%   (window 2s)

----- REMOTE CPU LOAD (memory node dir-threads, 2s window) -----
  dir 0: active=  0.00%  msgs=0           0 ns/msg
  dir 1: active=  0.00%  msgs=0           0 ns/msg
  dir 2: active=  0.00%  msgs=0           0 ns/msg
  dir 3: active=  0.00%  msgs=0           0 ns/msg
  AGGREGATE active = 0.00% (of 4 dir-threads; 0.00% per-thread avg)  msgs=0
0, throughput 1.5205
cluster throughput 1.520
[CPU compute ] process= 46.25% of 80 cores   system= 46.28%   (window 2s)

----- REMOTE CPU LOAD (memory node dir-threads, 2s window) -----
  dir 0: active=  0.00%  msgs=0           0 ns/msg
  dir 1: active=  0.00%  msgs=0           0 ns/msg
  dir 2: active=  0.00%  msgs=0           0 ns/msg
  dir 3: active=  0.00%  msgs=0           0 ns/msg
  AGGREGATE active = 0.00% (of 4 dir-threads; 0.00% per-thread avg)  msgs=0
0, throughput 1.5186
cluster throughput 1.518
[CPU compute ] process= 46.25% of 80 cores   system= 47.48%   (window 2s)

----- REMOTE CPU LOAD (memory node dir-threads, 2s window) -----
  dir 0: active=  0.00%  msgs=0           0 ns/msg
  dir 1: active=  0.00%  msgs=0           0 ns/msg
  dir 2: active=  0.00%  msgs=0           0 ns/msg
  dir 3: active=  0.00%  msgs=0           0 ns/msg
  AGGREGATE active = 0.00% (of 4 dir-threads; 0.00% per-thread avg)  msgs=0
0, throughput 1.5177
cluster throughput 1.517
[CPU compute ] process= 46.25% of 80 cores   system= 46.27%   (window 2s)

----- REMOTE CPU LOAD (memory node dir-threads, 2s window) -----
  dir 0: active=  0.00%  msgs=0           0 ns/msg
  dir 1: active=  0.00%  msgs=0           0 ns/msg
  dir 2: active=  0.00%  msgs=0           0 ns/msg
  dir 3: active=  0.00%  msgs=0           0 ns/msg
  AGGREGATE active = 0.00% (of 4 dir-threads; 0.00% per-thread avg)  msgs=0
0, throughput 1.1476
cluster throughput 1.147
[CPU compute ] process= 15.27% of 80 cores   system= 15.30%   (window 2s)

----- REMOTE CPU LOAD (memory node dir-threads, 2s window) -----
  dir 0: active=  0.00%  msgs=0           0 ns/msg
  dir 1: active=  0.00%  msgs=0           0 ns/msg
  dir 2: active=  0.00%  msgs=0           0 ns/msg
  dir 3: active=  0.00%  msgs=0           0 ns/msg
  AGGREGATE active = 0.00% (of 4 dir-threads; 0.00% per-thread avg)  msgs=0
0, throughput 0.0000
cluster throughput 0.000
The time duration = 22 seconds
[CPU compute ] process=  1.25% of 80 cores   system=  1.26%   (window 2s)

----- REMOTE CPU LOAD (memory node dir-threads, 2s window) -----
  dir 0: active=  0.00%  msgs=0           0 ns/msg
  dir 1: active=  0.00%  msgs=0           0 ns/msg
  dir 2: active=  0.00%  msgs=0           0 ns/msg
  dir 3: active=  0.00%  msgs=0           0 ns/msg
  AGGREGATE active = 0.00% (of 4 dir-threads; 0.00% per-thread avg)  msgs=0

==================== LATENCY BUCKETS (500 ns) [node 0] ====================
[RANGE]
  ALL                n=29716317   mean=   23.59us  p50=  18.00us  p90=  46.00us  p99=  75.00us  p99.9= 219.00us  max>=1000.00us
  LOCAL (cache hit)  n=1484372    mean=    3.52us  p50=   3.50us  p90=   4.50us  p99=   5.50us  p99.9=   8.00us  max>= 43.00us
  REMOTE (miss/rpc)  n=28231945   mean=   24.65us  p50=  19.00us  p90=  46.50us  p99=  76.50us  p99.9= 223.00us  max>=1000.00us
[ALL OPS]
  ALL                n=29716317   mean=   23.59us  p50=  18.00us  p90=  46.00us  p99=  75.00us  p99.9= 219.00us  max>=1000.00us
  LOCAL (cache hit)  n=1484372    mean=    3.52us  p50=   3.50us  p90=   4.50us  p99=   5.50us  p99.9=   8.00us  max>= 43.00us
  REMOTE (miss/rpc)  n=28231945   mean=   24.65us  p50=  19.00us  p90=  46.50us  p99=  76.50us  p99.9= 223.00us  max>=1000.00us

----- 500 ns bucket CDF (all ops) [node 0] -----
  bucket [lo,hi) ns             count        pct       cdf
  [     2500,     3000)       133367    0.4488%   0.4488%
  [     3000,     3500)       711646    2.3948%   2.8436%
  [     3500,     4000)       455581    1.5331%   4.3767%
  [     4000,     4500)       130865    0.4404%   4.8171%
  [     4500,     5000)        34094    0.1147%   4.9318%
  [     5000,     5500)         8823    0.0297%   4.9615%
  [     5500,     6000)         3273    0.0110%   4.9725%
  [     6000,     6500)         2066    0.0070%   4.9795%
  [     6500,     7000)         5771    0.0194%   4.9989%
  [     7000,     7500)        37632    0.1266%   5.1255%
  [     7500,     8000)       142605    0.4799%   5.6054%
  [     8000,     8500)       306802    1.0324%   6.6379%
  [     8500,     9000)       438738    1.4764%   8.1143%
  [     9000,     9500)       525626    1.7688%   9.8831%
  [     9500,    10000)       605707    2.0383%  11.9214%
  [    10000,    10500)       700448    2.3571%  14.2785%
  [    10500,    11000)       812173    2.7331%  17.0116%
  [    11000,    11500)       927129    3.1199%  20.1315%
  [    11500,    12000)       992094    3.3385%  23.4701%
  [    12000,    12500)       965853    3.2502%  26.7203%
  [    12500,    13000)       895746    3.0143%  29.7346%
  [    13000,    13500)       822858    2.7690%  32.5037%
  [    13500,    14000)       773832    2.6041%  35.1077%
  [    14000,    14500)       722094    2.4300%  37.5377%
  [    14500,    15000)       675108    2.2718%  39.8095%
  [    15000,    15500)       632440    2.1283%  41.9378%
  [    15500,    16000)       613710    2.0652%  44.0030%
  [    16000,    16500)       574256    1.9325%  45.9355%
  [    16500,    17000)       534236    1.7978%  47.7333%
  [    17000,    17500)       492451    1.6572%  49.3905%
  [    17500,    18000)       464552    1.5633%  50.9537%
  [    18000,    18500)       439127    1.4777%  52.4315%
  [    18500,    19000)       420307    1.4144%  53.8459%
  [    19000,    19500)       399198    1.3434%  55.1892%
  [    19500,    20000)       380023    1.2788%  56.4681%
  [    20000,    20500)       360653    1.2137%  57.6817%
  [    20500,    21000)       340366    1.1454%  58.8271%
  [    21000,    21500)       323878    1.0899%  59.9170%
  [    21500,    22000)       309576    1.0418%  60.9588%
  [    22000,    22500)       302199    1.0169%  61.9757%
  [    22500,    23000)       292123    0.9830%  62.9588%
  [    23000,    23500)       281222    0.9464%  63.9051%
  [    23500,    24000)       261633    0.8804%  64.7856%
  [    24000,    24500)       255893    0.8611%  65.6467%
  [    24500,    25000)       252240    0.8488%  66.4955%
  [    25000,    25500)       246102    0.8282%  67.3237%
  [    25500,    26000)       236618    0.7963%  68.1199%
  [    26000,    26500)       229832    0.7734%  68.8933%
  [    26500,    27000)       224417    0.7552%  69.6485%
  [    27000,    27500)       218666    0.7358%  70.3844%
  [    27500,    28000)       214267    0.7210%  71.1054%
  [    28000,    28500)       211196    0.7107%  71.8161%
  [    28500,    29000)       207202    0.6973%  72.5134%
  [    29000,    29500)       201533    0.6782%  73.1916%
  [    29500,    30000)       196727    0.6620%  73.8536%
  [    30000,    30500)       191782    0.6454%  74.4990%
  [    30500,    31000)       191329    0.6439%  75.1428%
  [    31000,    31500)       192162    0.6467%  75.7895%
  [    31500,    32000)       186381    0.6272%  76.4167%
  [    32000,    32500)       180507    0.6074%  77.0241%
  [    32500,    33000)       177222    0.5964%  77.6205%
  [    33000,    33500)       176024    0.5923%  78.2129%
  [    33500,    34000)       173367    0.5834%  78.7963%
  [    34000,    34500)       172092    0.5791%  79.3754%
  [    34500,    35000)       167509    0.5637%  79.9391%
  [    35000,    35500)       166244    0.5594%  80.4985%
  [    35500,    36000)       162097    0.5455%  81.0440%
  [    36000,    36500)       159034    0.5352%  81.5792%
  [    36500,    37000)       157764    0.5309%  82.1101%
  [    37000,    37500)       156922    0.5281%  82.6381%
  [    37500,    38000)       155493    0.5233%  83.1614%
  [    38000,    38500)       150714    0.5072%  83.6686%
  [    38500,    39000)       144544    0.4864%  84.1550%
  [    39000,    39500)       147466    0.4962%  84.6512%
  [    39500,    40000)       145685    0.4903%  85.1415%
  [    40000,    40500)       143627    0.4833%  85.6248%
  [    40500,    41000)       138829    0.4672%  86.0920%
  [    41000,    41500)       134746    0.4534%  86.5454%
  [    41500,    42000)       133345    0.4487%  86.9942%
  [    42000,    42500)       131522    0.4426%  87.4367%
  [    42500,    43000)       129221    0.4348%  87.8716%
  [    43000,    43500)       126725    0.4264%  88.2980%
  [    43500,    44000)       124978    0.4206%  88.7186%
  [    44000,    44500)       120166    0.4044%  89.1230%
  [    44500,    45000)       116959    0.3936%  89.5166%
  [    45000,    45500)       114350    0.3848%  89.9014%
  [    45500,    46000)       112877    0.3798%  90.2812%
  [    46000,    46500)       111934    0.3767%  90.6579%
  [    46500,    47000)       109326    0.3679%  91.0258%
  [    47000,    47500)       103671    0.3489%  91.3747%
  [    47500,    48000)        99922    0.3363%  91.7109%
  [    48000,    48500)        99171    0.3337%  92.0447%
  [    48500,    49000)        97694    0.3288%  92.3734%
  [    49000,    49500)        93529    0.3147%  92.6881%
  [    49500,    50000)        90599    0.3049%  92.9930%
  [    50000,    50500)        87376    0.2940%  93.2871%
  [    50500,    51000)        84997    0.2860%  93.5731%
  [    51000,    51500)        82624    0.2780%  93.8511%
  [    51500,    52000)        79240    0.2667%  94.1178%
  [    52000,    52500)        77163    0.2597%  94.3775%
  [    52500,    53000)        74338    0.2502%  94.6276%
  [    53000,    53500)        70666    0.2378%  94.8654%
  [    53500,    54000)        67481    0.2271%  95.0925%
  [    54000,    54500)        64724    0.2178%  95.3103%
  [    54500,    55000)        64714    0.2178%  95.5281%
  [    55000,    55500)        61362    0.2065%  95.7346%
  [    55500,    56000)        57818    0.1946%  95.9291%
  [    56000,    56500)        55101    0.1854%  96.1146%
  [    56500,    57000)        52588    0.1770%  96.2915%
  [    57000,    57500)        50711    0.1707%  96.4622%
  [    57500,    58000)        48742    0.1640%  96.6262%
  [    58000,    58500)        46445    0.1563%  96.7825%
  [    58500,    59000)        44148    0.1486%  96.9311%
  [    59000,    59500)        41938    0.1411%  97.0722%
  [    59500,    60000)        39631    0.1334%  97.2056%
  [    60000,    60500)        37016    0.1246%  97.3301%
  [    60500,    61000)        35909    0.1208%  97.4510%
  [    61000,    61500)        33798    0.1137%  97.5647%
  [    61500,    62000)        32001    0.1077%  97.6724%
  [    62000,    62500)        29650    0.0998%  97.7722%
  [    62500,    63000)        28200    0.0949%  97.8671%
  [    63000,    63500)        26526    0.0893%  97.9563%
  [    63500,    64000)        25388    0.0854%  98.0418%
  [    64000,    64500)        23879    0.0804%  98.1221%
  [    64500,    65000)        21937    0.0738%  98.1959%
  [    65000,    65500)        20796    0.0700%  98.2659%
  [    65500,    66000)        19368    0.0652%  98.3311%
  [    66000,    66500)        18723    0.0630%  98.3941%
  [    66500,    67000)        17371    0.0585%  98.4526%
  [    67000,    67500)        16261    0.0547%  98.5073%
  [    67500,    68000)        15056    0.0507%  98.5579%
  [    68000,    68500)        14222    0.0479%  98.6058%
  [    68500,    69000)        13168    0.0443%  98.6501%
  [    69000,    69500)        12488    0.0420%  98.6921%
  [    69500,    70000)        11698    0.0394%  98.7315%
  [    70000,    70500)        11058    0.0372%  98.7687%
  [    70500,    71000)        10050    0.0338%  98.8025%
  [    71000,    71500)         9501    0.0320%  98.8345%
  [    71500,    72000)         8827    0.0297%  98.8642%
  [    72000,    72500)         8249    0.0278%  98.8920%
  [    72500,    73000)         7886    0.0265%  98.9185%
  [    73000,    73500)         7264    0.0244%  98.9429%
  [    73500,    74000)         6933    0.0233%  98.9663%
  [    74000,    74500)         6498    0.0219%  98.9881%
  [    74500,    75000)         6176    0.0208%  99.0089%
  [    75000,    75500)         5819    0.0196%  99.0285%
  [    75500,    76000)         5538    0.0186%  99.0471%
  [    76000,    76500)         5265    0.0177%  99.0649%
  [    76500,    77000)         4815    0.0162%  99.0811%
  [    77000,    77500)         4544    0.0153%  99.0964%
  [    77500,    78000)         4463    0.0150%  99.1114%
  [    78000,    78500)         4303    0.0145%  99.1259%
  [    78500,    79000)         4024    0.0135%  99.1394%
  [    79000,    79500)         3861    0.0130%  99.1524%
  [    79500,    80000)         3610    0.0121%  99.1645%
  [    80000,    80500)         3526    0.0119%  99.1764%
  [    80500,    81000)         3361    0.0113%  99.1877%
  [    81000,    81500)         3224    0.0108%  99.1986%
  [    81500,    82000)         3070    0.0103%  99.2089%
  [    82000,    82500)         2995    0.0101%  99.2190%
  [    82500,    83000)         2904    0.0098%  99.2287%
  [    83000,    83500)         2687    0.0090%  99.2378%
  [    83500,    84000)         2645    0.0089%  99.2467%
  [    84000,    84500)         2617    0.0088%  99.2555%
  [    84500,    85000)         2611    0.0088%  99.2643%
  [    85000,    85500)         2498    0.0084%  99.2727%
  [    85500,    86000)         2390    0.0080%  99.2807%
  [    86000,    86500)         2426    0.0082%  99.2889%
  [    86500,    87000)         2196    0.0074%  99.2963%
  [    87000,    87500)         2335    0.0079%  99.3041%
  [    87500,    88000)         2260    0.0076%  99.3117%
  [    88000,    88500)         2147    0.0072%  99.3190%
  [    88500,    89000)         2125    0.0072%  99.3261%
  [    89000,    89500)         2003    0.0067%  99.3329%
  [    89500,    90000)         2052    0.0069%  99.3398%
  [    90000,    90500)         2064    0.0069%  99.3467%
  [    90500,    91000)         1940    0.0065%  99.3532%
  [    91000,    91500)         1955    0.0066%  99.3598%
  [    91500,    92000)         1921    0.0065%  99.3663%
  [    92000,    92500)         1875    0.0063%  99.3726%
  [    92500,    93000)         1912    0.0064%  99.3790%
  [    93000,    93500)         1817    0.0061%  99.3851%
  [    93500,    94000)         1857    0.0062%  99.3914%
  [    94000,    94500)         1693    0.0057%  99.3971%
  [    94500,    95000)         1720    0.0058%  99.4029%
  [    95000,    95500)         1722    0.0058%  99.4087%
  [    95500,    96000)         1683    0.0057%  99.4143%
  [    96000,    96500)         1679    0.0057%  99.4200%
  [    96500,    97000)         1619    0.0054%  99.4254%
  [    97000,    97500)         1616    0.0054%  99.4309%
  [    97500,    98000)         1550    0.0052%  99.4361%
  [    98000,    98500)         1535    0.0052%  99.4413%
  [    98500,    99000)         1532    0.0052%  99.4464%
  [    99000,    99500)         1467    0.0049%  99.4513%
  [    99500,   100000)         1551    0.0052%  99.4566%
  [   100000,   100500)         1532    0.0052%  99.4617%
  [   100500,   101000)         1470    0.0049%  99.4667%
  [   101000,   101500)         1506    0.0051%  99.4717%
  [   101500,   102000)         1479    0.0050%  99.4767%
  [   102000,   102500)         1468    0.0049%  99.4817%
  [   102500,   103000)         1436    0.0048%  99.4865%
  [   103000,   103500)         1360    0.0046%  99.4911%
  [   103500,   104000)         1431    0.0048%  99.4959%
  [   104000,   104500)         1336    0.0045%  99.5004%
  [   104500,   105000)         1378    0.0046%  99.5050%
  [   105000,   105500)         1288    0.0043%  99.5093%
  [   105500,   106000)         1293    0.0044%  99.5137%
  [   106000,   106500)         1267    0.0043%  99.5180%
  [   106500,   107000)         1187    0.0040%  99.5220%
  [   107000,   107500)         1263    0.0043%  99.5262%
  [   107500,   108000)         1234    0.0042%  99.5304%
  [   108000,   108500)         1220    0.0041%  99.5345%
  [   108500,   109000)         1154    0.0039%  99.5383%
  [   109000,   109500)         1165    0.0039%  99.5423%
  [   109500,   110000)         1118    0.0038%  99.5460%
  [   110000,   110500)         1136    0.0038%  99.5499%
  [   110500,   111000)         1149    0.0039%  99.5537%
  [   111000,   111500)         1141    0.0038%  99.5576%
  [   111500,   112000)         1113    0.0037%  99.5613%
  [   112000,   112500)         1124    0.0038%  99.5651%
  [   112500,   113000)         1095    0.0037%  99.5688%
  [   113000,   113500)         1118    0.0038%  99.5725%
  [   113500,   114000)         1076    0.0036%  99.5762%
  [   114000,   114500)         1073    0.0036%  99.5798%
  [   114500,   115000)         1064    0.0036%  99.5833%
  [   115000,   115500)         1085    0.0037%  99.5870%
  [   115500,   116000)          950    0.0032%  99.5902%
  [   116000,   116500)          992    0.0033%  99.5935%
  [   116500,   117000)         1027    0.0035%  99.5970%
  [   117000,   117500)          956    0.0032%  99.6002%
  [   117500,   118000)          982    0.0033%  99.6035%
  [   118000,   118500)          914    0.0031%  99.6066%
  [   118500,   119000)          986    0.0033%  99.6099%
  [   119000,   119500)          952    0.0032%  99.6131%
  [   119500,   120000)          920    0.0031%  99.6162%
  [   120000,   120500)          890    0.0030%  99.6192%
  [   120500,   121000)          908    0.0031%  99.6223%
  [   121000,   121500)          919    0.0031%  99.6253%
  [   121500,   122000)          841    0.0028%  99.6282%
  [   122000,   122500)          884    0.0030%  99.6312%
  [   122500,   123000)          899    0.0030%  99.6342%
  [   123000,   123500)          883    0.0030%  99.6371%
  [   123500,   124000)          785    0.0026%  99.6398%
  [   124000,   124500)          816    0.0027%  99.6425%
  [   124500,   125000)          846    0.0028%  99.6454%
  [   125000,   125500)          863    0.0029%  99.6483%
  [   125500,   126000)          839    0.0028%  99.6511%
  [   126000,   126500)          813    0.0027%  99.6538%
  [   126500,   127000)          755    0.0025%  99.6564%
  [   127000,   127500)          777    0.0026%  99.6590%
  [   127500,   128000)          844    0.0028%  99.6618%
  [   128000,   128500)          820    0.0028%  99.6646%
  [   128500,   129000)          766    0.0026%  99.6672%
  [   129000,   129500)          769    0.0026%  99.6698%
  [   129500,   130000)          778    0.0026%  99.6724%
  [   130000,   130500)          775    0.0026%  99.6750%
  [   130500,   131000)          705    0.0024%  99.6774%
  [   131000,   131500)          705    0.0024%  99.6797%
  [   131500,   132000)          723    0.0024%  99.6822%
  [   132000,   132500)          699    0.0024%  99.6845%
  [   132500,   133000)          673    0.0023%  99.6868%
  [   133000,   133500)          664    0.0022%  99.6890%
  [   133500,   134000)          679    0.0023%  99.6913%
  [   134000,   134500)          717    0.0024%  99.6937%
  [   134500,   135000)          692    0.0023%  99.6960%
  [   135000,   135500)          688    0.0023%  99.6984%
  [   135500,   136000)          660    0.0022%  99.7006%
  [   136000,   136500)          653    0.0022%  99.7028%
  [   136500,   137000)          673    0.0023%  99.7050%
  [   137000,   137500)          660    0.0022%  99.7073%
  [   137500,   138000)          646    0.0022%  99.7094%
  [   138000,   138500)          661    0.0022%  99.7117%
  [   138500,   139000)          631    0.0021%  99.7138%
  [   139000,   139500)          644    0.0022%  99.7160%
  [   139500,   140000)          629    0.0021%  99.7181%
  [   140000,   140500)          613    0.0021%  99.7201%
  [   140500,   141000)          639    0.0022%  99.7223%
  [   141000,   141500)          608    0.0020%  99.7243%
  [   141500,   142000)          599    0.0020%  99.7263%
  [   142000,   142500)          558    0.0019%  99.7282%
  [   142500,   143000)          578    0.0019%  99.7302%
  [   143000,   143500)          586    0.0020%  99.7321%
  [   143500,   144000)          515    0.0017%  99.7339%
  [   144000,   144500)          554    0.0019%  99.7357%
  [   144500,   145000)          573    0.0019%  99.7377%
  [   145000,   145500)          551    0.0019%  99.7395%
  [   145500,   146000)          537    0.0018%  99.7413%
  [   146000,   146500)          553    0.0019%  99.7432%
  [   146500,   147000)          554    0.0019%  99.7451%
  [   147000,   147500)          520    0.0017%  99.7468%
  [   147500,   148000)          582    0.0020%  99.7488%
  [   148000,   148500)          473    0.0016%  99.7504%
  [   148500,   149000)          536    0.0018%  99.7522%
  [   149000,   149500)          514    0.0017%  99.7539%
  [   149500,   150000)          518    0.0017%  99.7556%
  [   150000,   150500)          529    0.0018%  99.7574%
  [   150500,   151000)          522    0.0018%  99.7592%
  [   151000,   151500)          542    0.0018%  99.7610%
  [   151500,   152000)          485    0.0016%  99.7626%
  [   152000,   152500)          496    0.0017%  99.7643%
  [   152500,   153000)          450    0.0015%  99.7658%
  [   153000,   153500)          476    0.0016%  99.7674%
  [   153500,   154000)          457    0.0015%  99.7689%
  [   154000,   154500)          481    0.0016%  99.7706%
  [   154500,   155000)          442    0.0015%  99.7721%
  [   155000,   155500)          477    0.0016%  99.7737%
  [   155500,   156000)          471    0.0016%  99.7752%
  [   156000,   156500)          428    0.0014%  99.7767%
  [   156500,   157000)          447    0.0015%  99.7782%
  [   157000,   157500)          483    0.0016%  99.7798%
  [   157500,   158000)          470    0.0016%  99.7814%
  [   158000,   158500)          456    0.0015%  99.7829%
  [   158500,   159000)          474    0.0016%  99.7845%
  [   159000,   159500)          439    0.0015%  99.7860%
  [   159500,   160000)          424    0.0014%  99.7874%
  [   160000,   160500)          425    0.0014%  99.7889%
  [   160500,   161000)          416    0.0014%  99.7903%
  [   161000,   161500)          432    0.0015%  99.7917%
  [   161500,   162000)          442    0.0015%  99.7932%
  [   162000,   162500)          450    0.0015%  99.7947%
  [   162500,   163000)          407    0.0014%  99.7961%
  [   163000,   163500)          431    0.0015%  99.7975%
  [   163500,   164000)          351    0.0012%  99.7987%
  [   164000,   164500)          397    0.0013%  99.8001%
  [   164500,   165000)          436    0.0015%  99.8015%
  [   165000,   165500)          411    0.0014%  99.8029%
  [   165500,   166000)          409    0.0014%  99.8043%
  [   166000,   166500)          403    0.0014%  99.8056%
  [   166500,   167000)          379    0.0013%  99.8069%
  [   167000,   167500)          378    0.0013%  99.8082%
  [   167500,   168000)          379    0.0013%  99.8095%
  [   168000,   168500)          371    0.0012%  99.8107%
  [   168500,   169000)          376    0.0013%  99.8120%
  [   169000,   169500)          392    0.0013%  99.8133%
  [   169500,   170000)          368    0.0012%  99.8145%
  [   170000,   170500)          387    0.0013%  99.8158%
  [   170500,   171000)          387    0.0013%  99.8171%
  [   171000,   171500)          345    0.0012%  99.8183%
  [   171500,   172000)          335    0.0011%  99.8194%
  [   172000,   172500)          346    0.0012%  99.8206%
  [   172500,   173000)          394    0.0013%  99.8219%
  [   173000,   173500)          383    0.0013%  99.8232%
  [   173500,   174000)          335    0.0011%  99.8243%
  [   174000,   174500)          339    0.0011%  99.8255%
  [   174500,   175000)          324    0.0011%  99.8266%
  [   175000,   175500)          359    0.0012%  99.8278%
  [   175500,   176000)          359    0.0012%  99.8290%
  [   176000,   176500)          332    0.0011%  99.8301%
  [   176500,   177000)          330    0.0011%  99.8312%
  [   177000,   177500)          331    0.0011%  99.8323%
  [   177500,   178000)          328    0.0011%  99.8334%
  [   178000,   178500)          325    0.0011%  99.8345%
  [   178500,   179000)          309    0.0010%  99.8356%
  [   179000,   179500)          296    0.0010%  99.8366%
  [   179500,   180000)          325    0.0011%  99.8376%
  [   180000,   180500)          332    0.0011%  99.8388%
  [   180500,   181000)          309    0.0010%  99.8398%
  [   181000,   181500)          303    0.0010%  99.8408%
  [   181500,   182000)          298    0.0010%  99.8418%
  [   182000,   182500)          295    0.0010%  99.8428%
  [   182500,   183000)          332    0.0011%  99.8439%
  [   183000,   183500)          277    0.0009%  99.8449%
  [   183500,   184000)          313    0.0011%  99.8459%
  [   184000,   184500)          302    0.0010%  99.8469%
  [   184500,   185000)          308    0.0010%  99.8480%
  [   185000,   185500)          281    0.0009%  99.8489%
  [   185500,   186000)          289    0.0010%  99.8499%
  [   186000,   186500)          285    0.0010%  99.8508%
  [   186500,   187000)          257    0.0009%  99.8517%
  [   187000,   187500)          281    0.0009%  99.8527%
  [   187500,   188000)          268    0.0009%  99.8536%
  [   188000,   188500)          280    0.0009%  99.8545%
  [   188500,   189000)          281    0.0009%  99.8554%
  [   189000,   189500)          255    0.0009%  99.8563%
  [   189500,   190000)          281    0.0009%  99.8573%
  [   190000,   190500)          314    0.0011%  99.8583%
  [   190500,   191000)          273    0.0009%  99.8592%
  [   191000,   191500)          261    0.0009%  99.8601%
  [   191500,   192000)          284    0.0010%  99.8611%
  [   192000,   192500)          244    0.0008%  99.8619%
  [   192500,   193000)          268    0.0009%  99.8628%
  [   193000,   193500)          277    0.0009%  99.8637%
  [   193500,   194000)          268    0.0009%  99.8646%
  [   194000,   194500)          248    0.0008%  99.8655%
  [   194500,   195000)          254    0.0009%  99.8663%
  [   195000,   195500)          241    0.0008%  99.8671%
  [   195500,   196000)          245    0.0008%  99.8679%
  [   196000,   196500)          241    0.0008%  99.8688%
  [   196500,   197000)          249    0.0008%  99.8696%
  [   197000,   197500)          239    0.0008%  99.8704%
  [   197500,   198000)          233    0.0008%  99.8712%
  [   198000,   198500)          240    0.0008%  99.8720%
  [   198500,   199000)          258    0.0009%  99.8729%
  [   199000,   199500)          238    0.0008%  99.8737%
  [   199500,   200000)          215    0.0007%  99.8744%
  [   200000,   200500)          244    0.0008%  99.8752%
  [   200500,   201000)          251    0.0008%  99.8760%
  [   201000,   201500)          238    0.0008%  99.8768%
  [   201500,   202000)          242    0.0008%  99.8777%
  [   202000,   202500)          216    0.0007%  99.8784%
  [   202500,   203000)          214    0.0007%  99.8791%
  [   203000,   203500)          248    0.0008%  99.8799%
  [   203500,   204000)          205    0.0007%  99.8806%
  [   204000,   204500)          199    0.0007%  99.8813%
  [   204500,   205000)          222    0.0007%  99.8821%
  [   205000,   205500)          210    0.0007%  99.8828%
  [   205500,   206000)          215    0.0007%  99.8835%
  [   206000,   206500)          214    0.0007%  99.8842%
  [   206500,   207000)          191    0.0006%  99.8848%
  [   207000,   207500)          209    0.0007%  99.8855%
  [   207500,   208000)          197    0.0007%  99.8862%
  [   208000,   208500)          194    0.0007%  99.8869%
  [   208500,   209000)          209    0.0007%  99.8876%
  [   209000,   209500)          222    0.0007%  99.8883%
  [   209500,   210000)          193    0.0006%  99.8890%
  [   210000,   210500)          190    0.0006%  99.8896%
  [   210500,   211000)          187    0.0006%  99.8902%
  [   211000,   211500)          196    0.0007%  99.8909%
  [   211500,   212000)          191    0.0006%  99.8915%
  [   212000,   212500)          198    0.0007%  99.8922%
  [   212500,   213000)          176    0.0006%  99.8928%
  [   213000,   213500)          186    0.0006%  99.8934%
  [   213500,   214000)          200    0.0007%  99.8941%
  [   214000,   214500)          226    0.0008%  99.8949%
  [   214500,   215000)          195    0.0007%  99.8955%
  [   215000,   215500)          200    0.0007%  99.8962%
  [   215500,   216000)          183    0.0006%  99.8968%
  [   216000,   216500)          186    0.0006%  99.8974%
  [   216500,   217000)          187    0.0006%  99.8981%
  [   217000,   217500)          193    0.0006%  99.8987%
  [   217500,   218000)          195    0.0007%  99.8994%
  [   218000,   218500)          185    0.0006%  99.9000%
  [   218500,   219000)          175    0.0006%  99.9006%
  [   219000,   219500)          160    0.0005%  99.9011%
  [   219500,   220000)          154    0.0005%  99.9016%
  [   220000,   220500)          179    0.0006%  99.9022%
  [   220500,   221000)          169    0.0006%  99.9028%
  [   221000,   221500)          182    0.0006%  99.9034%
  [   221500,   222000)          156    0.0005%  99.9039%
  [   222000,   222500)          170    0.0006%  99.9045%
  [   222500,   223000)          156    0.0005%  99.9050%
  [   223000,   223500)          168    0.0006%  99.9056%
  [   223500,   224000)          174    0.0006%  99.9062%
  [   224000,   224500)          155    0.0005%  99.9067%
  [   224500,   225000)          180    0.0006%  99.9073%
  [   225000,   225500)          152    0.0005%  99.9078%
  [   225500,   226000)          170    0.0006%  99.9084%
  [   226000,   226500)          216    0.0007%  99.9091%
  [   226500,   227000)          164    0.0006%  99.9097%
  [   227000,   227500)          156    0.0005%  99.9102%
  [   227500,   228000)          168    0.0006%  99.9108%
  [   228000,   228500)          131    0.0004%  99.9112%
  [   228500,   229000)          153    0.0005%  99.9117%
  [   229000,   229500)          166    0.0006%  99.9123%
  [   229500,   230000)          149    0.0005%  99.9128%
  [   230000,   230500)          154    0.0005%  99.9133%
  [   230500,   231000)          153    0.0005%  99.9138%
  [   231000,   231500)          165    0.0006%  99.9144%
  [   231500,   232000)          138    0.0005%  99.9148%
  [   232000,   232500)          160    0.0005%  99.9154%
  [   232500,   233000)          175    0.0006%  99.9160%
  [   233000,   233500)          142    0.0005%  99.9164%
  [   233500,   234000)          166    0.0006%  99.9170%
  [   234000,   234500)          155    0.0005%  99.9175%
  [   234500,   235000)          139    0.0005%  99.9180%
  [   235000,   235500)          146    0.0005%  99.9185%
  [   235500,   236000)          152    0.0005%  99.9190%
  [   236000,   236500)          159    0.0005%  99.9195%
  [   236500,   237000)          139    0.0005%  99.9200%
  [   237000,   237500)          144    0.0005%  99.9205%
  [   237500,   238000)          144    0.0005%  99.9210%
  [   238000,   238500)          144    0.0005%  99.9214%
  [   238500,   239000)          135    0.0005%  99.9219%
  [   239000,   239500)          130    0.0004%  99.9223%
  [   239500,   240000)          158    0.0005%  99.9229%
  [   240000,   240500)          109    0.0004%  99.9232%
  [   240500,   241000)          132    0.0004%  99.9237%
  [   241000,   241500)          127    0.0004%  99.9241%
  [   241500,   242000)          138    0.0005%  99.9246%
  [   242000,   242500)          138    0.0005%  99.9250%
  [   242500,   243000)          123    0.0004%  99.9254%
  [   243000,   243500)          129    0.0004%  99.9259%
  [   243500,   244000)          119    0.0004%  99.9263%
  [   244000,   244500)          112    0.0004%  99.9267%
  [   244500,   245000)          109    0.0004%  99.9270%
  [   245000,   245500)          144    0.0005%  99.9275%
  [   245500,   246000)           99    0.0003%  99.9278%
  [   246000,   246500)          143    0.0005%  99.9283%
  [   246500,   247000)          136    0.0005%  99.9288%
  [   247000,   247500)          129    0.0004%  99.9292%
  [   247500,   248000)          140    0.0005%  99.9297%
  [   248000,   248500)          128    0.0004%  99.9301%
  [   248500,   249000)          127    0.0004%  99.9305%
  [   249000,   249500)          122    0.0004%  99.9310%
  [   249500,   250000)          111    0.0004%  99.9313%
  [   250000,   250500)          132    0.0004%  99.9318%
  [   250500,   251000)           91    0.0003%  99.9321%
  [   251000,   251500)          116    0.0004%  99.9325%
  [   251500,   252000)          122    0.0004%  99.9329%
  [   252000,   252500)          134    0.0005%  99.9333%
  [   252500,   253000)          125    0.0004%  99.9338%
  [   253000,   253500)          114    0.0004%  99.9341%
  [   253500,   254000)           97    0.0003%  99.9345%
  [   254000,   254500)          109    0.0004%  99.9348%
  [   254500,   255000)          111    0.0004%  99.9352%
  [   255000,   255500)          104    0.0003%  99.9356%
  [   255500,   256000)          103    0.0003%  99.9359%
  [   256000,   256500)          107    0.0004%  99.9363%
  [   256500,   257000)          110    0.0004%  99.9366%
  [   257000,   257500)          102    0.0003%  99.9370%
  [   257500,   258000)          126    0.0004%  99.9374%
  [   258000,   258500)          104    0.0003%  99.9377%
  [   258500,   259000)          115    0.0004%  99.9381%
  [   259000,   259500)          104    0.0003%  99.9385%
  [   259500,   260000)          127    0.0004%  99.9389%
  [   260000,   260500)          126    0.0004%  99.9393%
  [   260500,   261000)          111    0.0004%  99.9397%
  [   261000,   261500)           91    0.0003%  99.9400%
  [   261500,   262000)          102    0.0003%  99.9404%
  [   262000,   262500)          100    0.0003%  99.9407%
  [   262500,   263000)          102    0.0003%  99.9410%
  [   263000,   263500)           97    0.0003%  99.9414%
  [   263500,   264000)           94    0.0003%  99.9417%
  [   264000,   264500)          106    0.0004%  99.9420%
  [   264500,   265000)          100    0.0003%  99.9424%
  [   265000,   265500)          106    0.0004%  99.9427%
  [   265500,   266000)          110    0.0004%  99.9431%
  [   266000,   266500)           83    0.0003%  99.9434%
  [   266500,   267000)           90    0.0003%  99.9437%
  [   267000,   267500)           98    0.0003%  99.9440%
  [   267500,   268000)          102    0.0003%  99.9444%
  [   268000,   268500)           98    0.0003%  99.9447%
  [   268500,   269000)           87    0.0003%  99.9450%
  [   269000,   269500)           96    0.0003%  99.9453%
  [   269500,   270000)           96    0.0003%  99.9456%
  [   270000,   270500)           76    0.0003%  99.9459%
  [   270500,   271000)           96    0.0003%  99.9462%
  [   271000,   271500)           87    0.0003%  99.9465%
  [   271500,   272000)           87    0.0003%  99.9468%
  [   272000,   272500)          101    0.0003%  99.9471%
  [   272500,   273000)           90    0.0003%  99.9474%
  [   273000,   273500)           94    0.0003%  99.9477%
  [   273500,   274000)           96    0.0003%  99.9481%
  [   274000,   274500)          110    0.0004%  99.9484%
  [   274500,   275000)           73    0.0002%  99.9487%
  [   275000,   275500)           93    0.0003%  99.9490%
  [   275500,   276000)           85    0.0003%  99.9493%
  [   276000,   276500)           80    0.0003%  99.9496%
  [   276500,   277000)           86    0.0003%  99.9498%
  [   277000,   277500)           90    0.0003%  99.9501%
  [   277500,   278000)           73    0.0002%  99.9504%
  [   278000,   278500)           98    0.0003%  99.9507%
  [   278500,   279000)          100    0.0003%  99.9511%
  [   279000,   279500)           77    0.0003%  99.9513%
  [   279500,   280000)           86    0.0003%  99.9516%
  [   280000,   280500)           92    0.0003%  99.9519%
  [   280500,   281000)           82    0.0003%  99.9522%
  [   281000,   281500)           75    0.0003%  99.9524%
  [   281500,   282000)           81    0.0003%  99.9527%
  [   282000,   282500)           85    0.0003%  99.9530%
  [   282500,   283000)           79    0.0003%  99.9533%
  [   283000,   283500)           86    0.0003%  99.9536%
  [   283500,   284000)           73    0.0002%  99.9538%
  [   284000,   284500)           72    0.0002%  99.9540%
  [   284500,   285000)           73    0.0002%  99.9543%
  [   285000,   285500)           92    0.0003%  99.9546%
  [   285500,   286000)           72    0.0002%  99.9548%
  [   286000,   286500)           70    0.0002%  99.9551%
  [   286500,   287000)           94    0.0003%  99.9554%
  [   287000,   287500)           90    0.0003%  99.9557%
  [   287500,   288000)           73    0.0002%  99.9559%
  [   288000,   288500)           72    0.0002%  99.9562%
  [   288500,   289000)           91    0.0003%  99.9565%
  [   289000,   289500)           67    0.0002%  99.9567%
  [   289500,   290000)           76    0.0003%  99.9570%
  [   290000,   290500)           60    0.0002%  99.9572%
  [   290500,   291000)           87    0.0003%  99.9575%
  [   291000,   291500)           68    0.0002%  99.9577%
  [   291500,   292000)           84    0.0003%  99.9580%
  [   292000,   292500)           77    0.0003%  99.9582%
  [   292500,   293000)           75    0.0003%  99.9585%
  [   293000,   293500)           56    0.0002%  99.9587%
  [   293500,   294000)           63    0.0002%  99.9589%
  [   294000,   294500)           63    0.0002%  99.9591%
  [   294500,   295000)           56    0.0002%  99.9593%
  [   295000,   295500)           72    0.0002%  99.9595%
  [   295500,   296000)           61    0.0002%  99.9597%
  [   296000,   296500)           54    0.0002%  99.9599%
  [   296500,   297000)           70    0.0002%  99.9602%
  [   297000,   297500)           66    0.0002%  99.9604%
  [   297500,   298000)           67    0.0002%  99.9606%
  [   298000,   298500)           73    0.0002%  99.9609%
  [   298500,   299000)           82    0.0003%  99.9611%
  [   299000,   299500)           60    0.0002%  99.9613%
  [   299500,   300000)           60    0.0002%  99.9615%
  [   300000,   300500)           60    0.0002%  99.9617%
  [   300500,   301000)           72    0.0002%  99.9620%
  [   301000,   301500)           68    0.0002%  99.9622%
  [   301500,   302000)           59    0.0002%  99.9624%
  [   302000,   302500)           46    0.0002%  99.9626%
  [   302500,   303000)           60    0.0002%  99.9628%
  [   303000,   303500)           53    0.0002%  99.9629%
  [   303500,   304000)           59    0.0002%  99.9631%
  [   304000,   304500)           41    0.0001%  99.9633%
  [   304500,   305000)           72    0.0002%  99.9635%
  [   305000,   305500)           68    0.0002%  99.9637%
  [   305500,   306000)           63    0.0002%  99.9640%
  [   306000,   306500)           63    0.0002%  99.9642%
  [   306500,   307000)           60    0.0002%  99.9644%
  [   307000,   307500)           63    0.0002%  99.9646%
  [   307500,   308000)           65    0.0002%  99.9648%
  [   308000,   308500)           51    0.0002%  99.9650%
  [   308500,   309000)           62    0.0002%  99.9652%
  [   309000,   309500)           52    0.0002%  99.9654%
  [   309500,   310000)           53    0.0002%  99.9655%
  [   310000,   310500)           67    0.0002%  99.9658%
  [   310500,   311000)           67    0.0002%  99.9660%
  [   311000,   311500)           48    0.0002%  99.9661%
  [   311500,   312000)           61    0.0002%  99.9664%
  [   312000,   312500)           62    0.0002%  99.9666%
  [   312500,   313000)           47    0.0002%  99.9667%
  [   313000,   313500)           45    0.0002%  99.9669%
  [   313500,   314000)           53    0.0002%  99.9671%
  [   314000,   314500)           52    0.0002%  99.9672%
  [   314500,   315000)           47    0.0002%  99.9674%
  [   315000,   315500)           60    0.0002%  99.9676%
  [   315500,   316000)           46    0.0002%  99.9677%
  [   316000,   316500)           69    0.0002%  99.9680%
  [   316500,   317000)           58    0.0002%  99.9682%
  [   317000,   317500)           53    0.0002%  99.9683%
  [   317500,   318000)           45    0.0002%  99.9685%
  [   318000,   318500)           46    0.0002%  99.9687%
  [   318500,   319000)           49    0.0002%  99.9688%
  [   319000,   319500)           48    0.0002%  99.9690%
  [   319500,   320000)           51    0.0002%  99.9692%
  [   320000,   320500)           56    0.0002%  99.9693%
  [   320500,   321000)           41    0.0001%  99.9695%
  [   321000,   321500)           59    0.0002%  99.9697%
  [   321500,   322000)           58    0.0002%  99.9699%
  [   322000,   322500)           48    0.0002%  99.9700%
  [   322500,   323000)           39    0.0001%  99.9702%
  [   323000,   323500)           51    0.0002%  99.9703%
  [   323500,   324000)           50    0.0002%  99.9705%
  [   324000,   324500)           40    0.0001%  99.9706%
  [   324500,   325000)           58    0.0002%  99.9708%
  [   325000,   325500)           43    0.0001%  99.9710%
  [   325500,   326000)           47    0.0002%  99.9711%
  [   326000,   326500)           50    0.0002%  99.9713%
  [   326500,   327000)           48    0.0002%  99.9715%
  [   327000,   327500)           48    0.0002%  99.9716%
  [   327500,   328000)           55    0.0002%  99.9718%
  [   328000,   328500)           50    0.0002%  99.9720%
  [   328500,   329000)           51    0.0002%  99.9722%
  [   329000,   329500)           47    0.0002%  99.9723%
  [   329500,   330000)           37    0.0001%  99.9724%
  [   330000,   330500)           39    0.0001%  99.9726%
  [   330500,   331000)           47    0.0002%  99.9727%
  [   331000,   331500)           46    0.0002%  99.9729%
  [   331500,   332000)           51    0.0002%  99.9731%
  [   332000,   332500)           53    0.0002%  99.9732%
  [   332500,   333000)           43    0.0001%  99.9734%
  [   333000,   333500)           45    0.0002%  99.9735%
  [   333500,   334000)           57    0.0002%  99.9737%
  [   334000,   334500)           40    0.0001%  99.9739%
  [   334500,   335000)           43    0.0001%  99.9740%
  [   335000,   335500)           36    0.0001%  99.9741%
  [   335500,   336000)           44    0.0001%  99.9743%
  [   336000,   336500)           33    0.0001%  99.9744%
  [   336500,   337000)           45    0.0002%  99.9745%
  [   337000,   337500)           46    0.0002%  99.9747%
  [   337500,   338000)           38    0.0001%  99.9748%
  [   338000,   338500)           32    0.0001%  99.9749%
  [   338500,   339000)           30    0.0001%  99.9750%
  [   339000,   339500)           55    0.0002%  99.9752%
  [   339500,   340000)           39    0.0001%  99.9753%
  [   340000,   340500)           38    0.0001%  99.9755%
  [   340500,   341000)           43    0.0001%  99.9756%
  [   341000,   341500)           48    0.0002%  99.9758%
  [   341500,   342000)           55    0.0002%  99.9760%
  [   342000,   342500)           30    0.0001%  99.9761%
  [   342500,   343000)           35    0.0001%  99.9762%
  [   343000,   343500)           32    0.0001%  99.9763%
  [   343500,   344000)           46    0.0002%  99.9764%
  [   344000,   344500)           27    0.0001%  99.9765%
  [   344500,   345000)           51    0.0002%  99.9767%
  [   345000,   345500)           45    0.0002%  99.9769%
  [   345500,   346000)           35    0.0001%  99.9770%
  [   346000,   346500)           35    0.0001%  99.9771%
  [   346500,   347000)           30    0.0001%  99.9772%
  [   347000,   347500)           41    0.0001%  99.9773%
  [   347500,   348000)           36    0.0001%  99.9774%
  [   348000,   348500)           32    0.0001%  99.9776%
  [   348500,   349000)           33    0.0001%  99.9777%
  [   349000,   349500)           26    0.0001%  99.9778%
  [   349500,   350000)           46    0.0002%  99.9779%
  [   350000,   350500)           40    0.0001%  99.9780%
  [   350500,   351000)           32    0.0001%  99.9782%
  [   351000,   351500)           28    0.0001%  99.9782%
  [   351500,   352000)           38    0.0001%  99.9784%
  [   352000,   352500)           42    0.0001%  99.9785%
  [   352500,   353000)           37    0.0001%  99.9786%
  [   353000,   353500)           30    0.0001%  99.9787%
  [   353500,   354000)           36    0.0001%  99.9789%
  [   354000,   354500)           40    0.0001%  99.9790%
  [   354500,   355000)           29    0.0001%  99.9791%
  [   355000,   355500)           27    0.0001%  99.9792%
  [   355500,   356000)           40    0.0001%  99.9793%
  [   356000,   356500)           35    0.0001%  99.9794%
  [   356500,   357000)           32    0.0001%  99.9795%
  [   357000,   357500)           33    0.0001%  99.9797%
  [   357500,   358000)           32    0.0001%  99.9798%
  [   358000,   358500)           41    0.0001%  99.9799%
  [   358500,   359000)           31    0.0001%  99.9800%
  [   359000,   359500)           24    0.0001%  99.9801%
  [   359500,   360000)           39    0.0001%  99.9802%
  [   360000,   360500)           32    0.0001%  99.9803%
  [   360500,   361000)           38    0.0001%  99.9805%
  [   361000,   361500)           35    0.0001%  99.9806%
  [   361500,   362000)           24    0.0001%  99.9807%
  [   362000,   362500)           33    0.0001%  99.9808%
  [   362500,   363000)           24    0.0001%  99.9808%
  [   363000,   363500)           34    0.0001%  99.9810%
  [   363500,   364000)           35    0.0001%  99.9811%
  [   364000,   364500)           33    0.0001%  99.9812%
  [   364500,   365000)           34    0.0001%  99.9813%
  [   365000,   365500)           35    0.0001%  99.9814%
  [   365500,   366000)           25    0.0001%  99.9815%
  [   366000,   366500)           37    0.0001%  99.9816%
  [   366500,   367000)           23    0.0001%  99.9817%
  [   367000,   367500)           39    0.0001%  99.9818%
  [   367500,   368000)           29    0.0001%  99.9819%
  [   368000,   368500)           29    0.0001%  99.9820%
  [   368500,   369000)           29    0.0001%  99.9821%
  [   369000,   369500)           32    0.0001%  99.9822%
  [   369500,   370000)           26    0.0001%  99.9823%
  [   370000,   370500)           29    0.0001%  99.9824%
  [   370500,   371000)           27    0.0001%  99.9825%
  [   371000,   371500)           34    0.0001%  99.9826%
  [   371500,   372000)           28    0.0001%  99.9827%
  [   372000,   372500)           23    0.0001%  99.9828%
  [   372500,   373000)           28    0.0001%  99.9829%
  [   373000,   373500)           27    0.0001%  99.9830%
  [   373500,   374000)           25    0.0001%  99.9831%
  [   374000,   374500)           23    0.0001%  99.9831%
  [   374500,   375000)           28    0.0001%  99.9832%
  [   375000,   375500)           26    0.0001%  99.9833%
  [   375500,   376000)           20    0.0001%  99.9834%
  [   376000,   376500)           25    0.0001%  99.9835%
  [   376500,   377000)           30    0.0001%  99.9836%
  [   377000,   377500)           28    0.0001%  99.9837%
  [   377500,   378000)           25    0.0001%  99.9838%
  [   378000,   378500)           29    0.0001%  99.9839%
  [   378500,   379000)           27    0.0001%  99.9839%
  [   379000,   379500)           20    0.0001%  99.9840%
  [   379500,   380000)           16    0.0001%  99.9841%
  [   380000,   380500)           31    0.0001%  99.9842%
  [   380500,   381000)           30    0.0001%  99.9843%
  [   381000,   381500)           24    0.0001%  99.9844%
  [   381500,   382000)           28    0.0001%  99.9844%
  [   382000,   382500)           17    0.0001%  99.9845%
  [   382500,   383000)           23    0.0001%  99.9846%
  [   383000,   383500)           24    0.0001%  99.9847%
  [   383500,   384000)           27    0.0001%  99.9848%
  [   384000,   384500)           30    0.0001%  99.9849%
  [   384500,   385000)           20    0.0001%  99.9849%
  [   385000,   385500)           26    0.0001%  99.9850%
  [   385500,   386000)           20    0.0001%  99.9851%
  [   386000,   386500)           28    0.0001%  99.9852%
  [   386500,   387000)           27    0.0001%  99.9853%
  [   387000,   387500)           25    0.0001%  99.9853%
  [   387500,   388000)           23    0.0001%  99.9854%
  [   388000,   388500)           21    0.0001%  99.9855%
  [   388500,   389000)           26    0.0001%  99.9856%
  [   389000,   389500)           26    0.0001%  99.9857%
  [   389500,   390000)           30    0.0001%  99.9858%
  [   390000,   390500)           30    0.0001%  99.9859%
  [   390500,   391000)           25    0.0001%  99.9860%
  [   391000,   391500)           32    0.0001%  99.9861%
  [   391500,   392000)           25    0.0001%  99.9861%
  [   392000,   392500)           19    0.0001%  99.9862%
  [   392500,   393000)           26    0.0001%  99.9863%
  [   393000,   393500)           17    0.0001%  99.9864%
  [   393500,   394000)           24    0.0001%  99.9864%
  [   394000,   394500)           24    0.0001%  99.9865%
  [   394500,   395000)           10    0.0000%  99.9865%
  [   395000,   395500)           23    0.0001%  99.9866%
  [   395500,   396000)           19    0.0001%  99.9867%
  [   396000,   396500)           16    0.0001%  99.9867%
  [   396500,   397000)           27    0.0001%  99.9868%
  [   397000,   397500)           22    0.0001%  99.9869%
  [   397500,   398000)           24    0.0001%  99.9870%
  [   398000,   398500)           22    0.0001%  99.9871%
  [   398500,   399000)           16    0.0001%  99.9871%
  [   399000,   399500)           15    0.0001%  99.9872%
  [   399500,   400000)           27    0.0001%  99.9873%
  [   400000,   400500)           23    0.0001%  99.9873%
  [   400500,   401000)           20    0.0001%  99.9874%
  [   401000,   401500)           18    0.0001%  99.9875%
  [   401500,   402000)           20    0.0001%  99.9875%
  [   402000,   402500)           21    0.0001%  99.9876%
  [   402500,   403000)           16    0.0001%  99.9877%
  [   403000,   403500)           26    0.0001%  99.9877%
  [   403500,   404000)           17    0.0001%  99.9878%
  [   404000,   404500)           16    0.0001%  99.9879%
  [   404500,   405000)           15    0.0001%  99.9879%
  [   405000,   405500)           27    0.0001%  99.9880%
  [   405500,   406000)           15    0.0001%  99.9880%
  [   406000,   406500)            9    0.0000%  99.9881%
  [   406500,   407000)           20    0.0001%  99.9881%
  [   407000,   407500)           14    0.0000%  99.9882%
  [   407500,   408000)           18    0.0001%  99.9883%
  [   408000,   408500)           19    0.0001%  99.9883%
  [   408500,   409000)           21    0.0001%  99.9884%
  [   409000,   409500)           19    0.0001%  99.9885%
  [   409500,   410000)           15    0.0001%  99.9885%
  [   410000,   410500)           15    0.0001%  99.9886%
  [   410500,   411000)           25    0.0001%  99.9886%
  [   411000,   411500)           19    0.0001%  99.9887%
  [   411500,   412000)           19    0.0001%  99.9888%
  [   412000,   412500)           27    0.0001%  99.9889%
  [   412500,   413000)           12    0.0000%  99.9889%
  [   413000,   413500)           16    0.0001%  99.9889%
  [   413500,   414000)           12    0.0000%  99.9890%
  [   414000,   414500)           19    0.0001%  99.9891%
  [   414500,   415000)           23    0.0001%  99.9891%
  [   415000,   415500)           14    0.0000%  99.9892%
  [   415500,   416000)           13    0.0000%  99.9892%
  [   416000,   416500)           20    0.0001%  99.9893%
  [   416500,   417000)           16    0.0001%  99.9893%
  [   417000,   417500)           15    0.0001%  99.9894%
  [   417500,   418000)           21    0.0001%  99.9895%
  [   418000,   418500)           15    0.0001%  99.9895%
  [   418500,   419000)           15    0.0001%  99.9896%
  [   419000,   419500)           12    0.0000%  99.9896%
  [   419500,   420000)           16    0.0001%  99.9897%
  [   420000,   420500)           11    0.0000%  99.9897%
  [   420500,   421000)           16    0.0001%  99.9897%
  [   421000,   421500)           17    0.0001%  99.9898%
  [   421500,   422000)           10    0.0000%  99.9898%
  [   422000,   422500)           22    0.0001%  99.9899%
  [   422500,   423000)           21    0.0001%  99.9900%
  [   423000,   423500)           15    0.0001%  99.9900%
  [   423500,   424000)           14    0.0000%  99.9901%
  [   424000,   424500)           15    0.0001%  99.9901%
  [   424500,   425000)           14    0.0000%  99.9902%
  [   425000,   425500)           13    0.0000%  99.9902%
  [   425500,   426000)           13    0.0000%  99.9903%
  [   426000,   426500)           13    0.0000%  99.9903%
  [   426500,   427000)            7    0.0000%  99.9903%
  [   427000,   427500)           15    0.0001%  99.9904%
  [   427500,   428000)           15    0.0001%  99.9904%
  [   428000,   428500)           15    0.0001%  99.9905%
  [   428500,   429000)           18    0.0001%  99.9905%
  [   429000,   429500)           12    0.0000%  99.9906%
  [   429500,   430000)           13    0.0000%  99.9906%
  [   430000,   430500)           19    0.0001%  99.9907%
  [   430500,   431000)           17    0.0001%  99.9908%
  [   431000,   431500)           18    0.0001%  99.9908%
  [   431500,   432000)           14    0.0000%  99.9909%
  [   432000,   432500)           14    0.0000%  99.9909%
  [   432500,   433000)           12    0.0000%  99.9909%
  [   433000,   433500)           13    0.0000%  99.9910%
  [   433500,   434000)            8    0.0000%  99.9910%
  [   434000,   434500)           12    0.0000%  99.9911%
  [   434500,   435000)            8    0.0000%  99.9911%
  [   435000,   435500)           20    0.0001%  99.9912%
  [   435500,   436000)           11    0.0000%  99.9912%
  [   436000,   436500)           11    0.0000%  99.9912%
  [   436500,   437000)            9    0.0000%  99.9913%
  [   437000,   437500)           18    0.0001%  99.9913%
  [   437500,   438000)           14    0.0000%  99.9914%
  [   438000,   438500)           11    0.0000%  99.9914%
  [   438500,   439000)           20    0.0001%  99.9915%
  [   439000,   439500)           10    0.0000%  99.9915%
  [   439500,   440000)           14    0.0000%  99.9916%
  [   440000,   440500)           13    0.0000%  99.9916%
  [   440500,   441000)           11    0.0000%  99.9916%
  [   441000,   441500)           10    0.0000%  99.9917%
  [   441500,   442000)           16    0.0001%  99.9917%
  [   442000,   442500)           13    0.0000%  99.9918%
  [   442500,   443000)           19    0.0001%  99.9918%
  [   443000,   443500)            7    0.0000%  99.9918%
  [   443500,   444000)           17    0.0001%  99.9919%
  [   444000,   444500)           15    0.0001%  99.9920%
  [   444500,   445000)           11    0.0000%  99.9920%
  [   445000,   445500)           15    0.0001%  99.9920%
  [   445500,   446000)           12    0.0000%  99.9921%
  [   446000,   446500)           10    0.0000%  99.9921%
  [   446500,   447000)           11    0.0000%  99.9922%
  [   447000,   447500)           15    0.0001%  99.9922%
  [   447500,   448000)           10    0.0000%  99.9922%
  [   448000,   448500)           13    0.0000%  99.9923%
  [   448500,   449000)           16    0.0001%  99.9923%
  [   449000,   449500)           21    0.0001%  99.9924%
  [   449500,   450000)            8    0.0000%  99.9924%
  [   450000,   450500)           11    0.0000%  99.9925%
  [   450500,   451000)           15    0.0001%  99.9925%
  [   451000,   451500)            7    0.0000%  99.9925%
  [   451500,   452000)           12    0.0000%  99.9926%
  [   452000,   452500)           14    0.0000%  99.9926%
  [   452500,   453000)           11    0.0000%  99.9927%
  [   453000,   453500)           15    0.0001%  99.9927%
  [   453500,   454000)           18    0.0001%  99.9928%
  [   454000,   454500)           15    0.0001%  99.9928%
  [   454500,   455000)           10    0.0000%  99.9929%
  [   455000,   455500)           14    0.0000%  99.9929%
  [   455500,   456000)           11    0.0000%  99.9930%
  [   456000,   456500)           11    0.0000%  99.9930%
  [   456500,   457000)           12    0.0000%  99.9930%
  [   457000,   457500)           19    0.0001%  99.9931%
  [   457500,   458000)           11    0.0000%  99.9931%
  [   458000,   458500)           18    0.0001%  99.9932%
  [   458500,   459000)            9    0.0000%  99.9932%
  [   459000,   459500)           10    0.0000%  99.9933%
  [   459500,   460000)           10    0.0000%  99.9933%
  [   460000,   460500)            8    0.0000%  99.9933%
  [   460500,   461000)           10    0.0000%  99.9933%
  [   461000,   461500)           15    0.0001%  99.9934%
  [   461500,   462000)            9    0.0000%  99.9934%
  [   462000,   462500)            9    0.0000%  99.9935%
  [   462500,   463000)           16    0.0001%  99.9935%
  [   463000,   463500)           10    0.0000%  99.9935%
  [   463500,   464000)            8    0.0000%  99.9936%
  [   464000,   464500)           10    0.0000%  99.9936%
  [   464500,   465000)           10    0.0000%  99.9936%
  [   465000,   465500)           17    0.0001%  99.9937%
  [   465500,   466000)           11    0.0000%  99.9937%
  [   466000,   466500)           10    0.0000%  99.9938%
  [   466500,   467000)           14    0.0000%  99.9938%
  [   467000,   467500)            6    0.0000%  99.9938%
  [   467500,   468000)            5    0.0000%  99.9939%
  [   468000,   468500)            6    0.0000%  99.9939%
  [   468500,   469000)            9    0.0000%  99.9939%
  [   469000,   469500)           10    0.0000%  99.9939%
  [   469500,   470000)           11    0.0000%  99.9940%
  [   470000,   470500)           10    0.0000%  99.9940%
  [   470500,   471000)           14    0.0000%  99.9941%
  [   471000,   471500)            6    0.0000%  99.9941%
  [   471500,   472000)           12    0.0000%  99.9941%
  [   472000,   472500)           12    0.0000%  99.9942%
  [   472500,   473000)            8    0.0000%  99.9942%
  [   473000,   473500)           11    0.0000%  99.9942%
  [   473500,   474000)           12    0.0000%  99.9943%
  [   474000,   474500)            7    0.0000%  99.9943%
  [   474500,   475000)           12    0.0000%  99.9943%
  [   475000,   475500)            9    0.0000%  99.9944%
  [   475500,   476000)            8    0.0000%  99.9944%
  [   476000,   476500)           10    0.0000%  99.9944%
  [   476500,   477000)            6    0.0000%  99.9944%
  [   477000,   477500)           10    0.0000%  99.9945%
  [   477500,   478000)           10    0.0000%  99.9945%
  [   478000,   478500)           14    0.0000%  99.9945%
  [   478500,   479000)            7    0.0000%  99.9946%
  [   479000,   479500)           17    0.0001%  99.9946%
  [   479500,   480000)            8    0.0000%  99.9947%
  [   480000,   480500)           13    0.0000%  99.9947%
  [   480500,   481000)           10    0.0000%  99.9947%
  [   481000,   481500)            9    0.0000%  99.9948%
  [   481500,   482000)            9    0.0000%  99.9948%
  [   482000,   482500)           12    0.0000%  99.9948%
  [   482500,   483000)            8    0.0000%  99.9949%
  [   483000,   483500)            8    0.0000%  99.9949%
  [   483500,   484000)            7    0.0000%  99.9949%
  [   484000,   484500)            8    0.0000%  99.9949%
  [   484500,   485000)            9    0.0000%  99.9950%
  [   485000,   485500)            4    0.0000%  99.9950%
  [   485500,   486000)            7    0.0000%  99.9950%
  [   486000,   486500)            6    0.0000%  99.9950%
  [   486500,   487000)            4    0.0000%  99.9950%
  [   487000,   487500)            6    0.0000%  99.9951%
  [   487500,   488000)            6    0.0000%  99.9951%
  [   488000,   488500)            8    0.0000%  99.9951%
  [   488500,   489000)            7    0.0000%  99.9951%
  [   489000,   489500)            4    0.0000%  99.9951%
  [   489500,   490000)           11    0.0000%  99.9952%
  [   490000,   490500)            5    0.0000%  99.9952%
  [   490500,   491000)            6    0.0000%  99.9952%
  [   491000,   491500)            6    0.0000%  99.9952%
  [   491500,   492000)            6    0.0000%  99.9953%
  [   492000,   492500)            8    0.0000%  99.9953%
  [   492500,   493000)            6    0.0000%  99.9953%
  [   493000,   493500)           12    0.0000%  99.9953%
  [   493500,   494000)            7    0.0000%  99.9954%
  [   494000,   494500)            3    0.0000%  99.9954%
  [   494500,   495000)            9    0.0000%  99.9954%
  [   495000,   495500)            7    0.0000%  99.9954%
  [   495500,   496000)            6    0.0000%  99.9955%
  [   496000,   496500)            4    0.0000%  99.9955%
  [   496500,   497000)            5    0.0000%  99.9955%
  [   497000,   497500)           12    0.0000%  99.9955%
  [   497500,   498000)            5    0.0000%  99.9955%
  [   498000,   498500)            4    0.0000%  99.9956%
  [   498500,   499000)            8    0.0000%  99.9956%
  [   499000,   499500)           11    0.0000%  99.9956%
  [   499500,   500000)            6    0.0000%  99.9956%
  [   500000,   500500)            9    0.0000%  99.9957%
  [   500500,   501000)            6    0.0000%  99.9957%
  [   501000,   501500)            3    0.0000%  99.9957%
  [   501500,   502000)            4    0.0000%  99.9957%
  [   502000,   502500)            8    0.0000%  99.9957%
  [   502500,   503000)            5    0.0000%  99.9958%
  [   503000,   503500)            7    0.0000%  99.9958%
  [   503500,   504000)            2    0.0000%  99.9958%
  [   504000,   504500)            9    0.0000%  99.9958%
  [   504500,   505000)            7    0.0000%  99.9958%
  [   505000,   505500)            4    0.0000%  99.9959%
  [   505500,   506000)            9    0.0000%  99.9959%
  [   506000,   506500)            5    0.0000%  99.9959%
  [   506500,   507000)            5    0.0000%  99.9959%
  [   507000,   507500)            3    0.0000%  99.9959%
  [   507500,   508000)            2    0.0000%  99.9959%
  [   508000,   508500)            8    0.0000%  99.9960%
  [   508500,   509000)            6    0.0000%  99.9960%
  [   509000,   509500)            2    0.0000%  99.9960%
  [   509500,   510000)            7    0.0000%  99.9960%
  [   510000,   510500)            8    0.0000%  99.9960%
  [   510500,   511000)            3    0.0000%  99.9960%
  [   511000,   511500)            5    0.0000%  99.9961%
  [   511500,   512000)            2    0.0000%  99.9961%
  [   512000,   512500)            6    0.0000%  99.9961%
  [   512500,   513000)            3    0.0000%  99.9961%
  [   513000,   513500)            5    0.0000%  99.9961%
  [   513500,   514000)            2    0.0000%  99.9961%
  [   514000,   514500)            5    0.0000%  99.9961%
  [   514500,   515000)            5    0.0000%  99.9962%
  [   515000,   515500)            2    0.0000%  99.9962%
  [   515500,   516000)            1    0.0000%  99.9962%
  [   516000,   516500)            6    0.0000%  99.9962%
  [   516500,   517000)            7    0.0000%  99.9962%
  [   517000,   517500)            6    0.0000%  99.9962%
  [   517500,   518000)            5    0.0000%  99.9963%
  [   518000,   518500)            7    0.0000%  99.9963%
  [   518500,   519000)            4    0.0000%  99.9963%
  [   519000,   519500)            9    0.0000%  99.9963%
  [   519500,   520000)            1    0.0000%  99.9963%
  [   520000,   520500)            1    0.0000%  99.9963%
  [   520500,   521000)            6    0.0000%  99.9963%
  [   521000,   521500)            3    0.0000%  99.9964%
  [   521500,   522000)            8    0.0000%  99.9964%
  [   522000,   522500)            3    0.0000%  99.9964%
  [   522500,   523000)            6    0.0000%  99.9964%
  [   523000,   523500)            4    0.0000%  99.9964%
  [   523500,   524000)           11    0.0000%  99.9965%
  [   524000,   524500)            5    0.0000%  99.9965%
  [   524500,   525000)            6    0.0000%  99.9965%
  [   525000,   525500)            7    0.0000%  99.9965%
  [   525500,   526000)            3    0.0000%  99.9965%
  [   526000,   526500)            5    0.0000%  99.9966%
  [   526500,   527000)            7    0.0000%  99.9966%
  [   527000,   527500)            5    0.0000%  99.9966%
  [   527500,   528000)            3    0.0000%  99.9966%
  [   528000,   528500)            6    0.0000%  99.9966%
  [   528500,   529000)            2    0.0000%  99.9966%
  [   529000,   529500)            5    0.0000%  99.9966%
  [   529500,   530000)            5    0.0000%  99.9967%
  [   530000,   530500)            1    0.0000%  99.9967%
  [   530500,   531000)            4    0.0000%  99.9967%
  [   531000,   531500)            7    0.0000%  99.9967%
  [   531500,   532000)            6    0.0000%  99.9967%
  [   532000,   532500)            4    0.0000%  99.9967%
  [   532500,   533000)            1    0.0000%  99.9967%
  [   533000,   533500)            7    0.0000%  99.9968%
  [   533500,   534000)           11    0.0000%  99.9968%
  [   534000,   534500)            3    0.0000%  99.9968%
  [   534500,   535000)            3    0.0000%  99.9968%
  [   535000,   535500)            4    0.0000%  99.9968%
  [   535500,   536000)            6    0.0000%  99.9969%
  [   536000,   536500)            4    0.0000%  99.9969%
  [   536500,   537000)            3    0.0000%  99.9969%
  [   537000,   537500)            4    0.0000%  99.9969%
  [   537500,   538000)            2    0.0000%  99.9969%
  [   538000,   538500)            1    0.0000%  99.9969%
  [   538500,   539000)            4    0.0000%  99.9969%
  [   539000,   539500)            4    0.0000%  99.9969%
  [   539500,   540000)            5    0.0000%  99.9969%
  [   540000,   540500)            4    0.0000%  99.9970%
  [   540500,   541000)            4    0.0000%  99.9970%
  [   541000,   541500)            2    0.0000%  99.9970%
  [   541500,   542000)            3    0.0000%  99.9970%
  [   542000,   542500)            3    0.0000%  99.9970%
  [   542500,   543000)            4    0.0000%  99.9970%
  [   543000,   543500)            6    0.0000%  99.9970%
  [   543500,   544000)            1    0.0000%  99.9970%
  [   544000,   544500)            1    0.0000%  99.9970%
  [   544500,   545000)            3    0.0000%  99.9970%
  [   545000,   545500)            2    0.0000%  99.9971%
  [   545500,   546000)            8    0.0000%  99.9971%
  [   546000,   546500)            1    0.0000%  99.9971%
  [   546500,   547000)            3    0.0000%  99.9971%
  [   547000,   547500)            1    0.0000%  99.9971%
  [   547500,   548000)            2    0.0000%  99.9971%
  [   548000,   548500)            4    0.0000%  99.9971%
  [   548500,   549000)            4    0.0000%  99.9971%
  [   549000,   549500)            4    0.0000%  99.9971%
  [   549500,   550000)            5    0.0000%  99.9972%
  [   550000,   550500)            3    0.0000%  99.9972%
  [   550500,   551000)            1    0.0000%  99.9972%
  [   551000,   551500)            2    0.0000%  99.9972%
  [   551500,   552000)            2    0.0000%  99.9972%
  [   552000,   552500)            3    0.0000%  99.9972%
  [   552500,   553000)            3    0.0000%  99.9972%
  [   553000,   553500)            3    0.0000%  99.9972%
  [   553500,   554000)            2    0.0000%  99.9972%
  [   554000,   554500)            3    0.0000%  99.9972%
  [   554500,   555000)            3    0.0000%  99.9972%
  [   555000,   555500)            6    0.0000%  99.9973%
  [   555500,   556000)            5    0.0000%  99.9973%
  [   556000,   556500)            5    0.0000%  99.9973%
  [   556500,   557000)            9    0.0000%  99.9973%
  [   557000,   557500)            6    0.0000%  99.9974%
  [   557500,   558000)            4    0.0000%  99.9974%
  [   558000,   558500)            2    0.0000%  99.9974%
  [   558500,   559000)            6    0.0000%  99.9974%
  [   559000,   559500)            3    0.0000%  99.9974%
  [   559500,   560000)            9    0.0000%  99.9974%
  [   560000,   560500)            2    0.0000%  99.9974%
  [   560500,   561000)            3    0.0000%  99.9974%
  [   561000,   561500)            2    0.0000%  99.9975%
  [   561500,   562000)            5    0.0000%  99.9975%
  [   562000,   562500)            5    0.0000%  99.9975%
  [   562500,   563000)            2    0.0000%  99.9975%
  [   563000,   563500)            6    0.0000%  99.9975%
  [   563500,   564000)            4    0.0000%  99.9975%
  [   564000,   564500)            3    0.0000%  99.9975%
  [   564500,   565000)            1    0.0000%  99.9975%
  [   565000,   565500)            2    0.0000%  99.9976%
  [   565500,   566000)            7    0.0000%  99.9976%
  [   566000,   566500)            1    0.0000%  99.9976%
  [   566500,   567000)            3    0.0000%  99.9976%
  [   567000,   567500)            3    0.0000%  99.9976%
  [   567500,   568000)            2    0.0000%  99.9976%
  [   568000,   568500)            1    0.0000%  99.9976%
  [   568500,   569000)            2    0.0000%  99.9976%
  [   569000,   569500)            7    0.0000%  99.9976%
  [   569500,   570000)            2    0.0000%  99.9976%
  [   570000,   570500)            2    0.0000%  99.9977%
  [   571000,   571500)            2    0.0000%  99.9977%
  [   571500,   572000)            3    0.0000%  99.9977%
  [   572000,   572500)            2    0.0000%  99.9977%
  [   572500,   573000)            3    0.0000%  99.9977%
  [   573000,   573500)            2    0.0000%  99.9977%
  [   573500,   574000)            2    0.0000%  99.9977%
  [   574500,   575000)            6    0.0000%  99.9977%
  [   575000,   575500)            2    0.0000%  99.9977%
  [   575500,   576000)            4    0.0000%  99.9977%
  [   576000,   576500)            2    0.0000%  99.9977%
  [   576500,   577000)            6    0.0000%  99.9978%
  [   577000,   577500)            5    0.0000%  99.9978%
  [   578500,   579000)            3    0.0000%  99.9978%
  [   579500,   580000)            5    0.0000%  99.9978%
  [   580000,   580500)            2    0.0000%  99.9978%
  [   580500,   581000)            5    0.0000%  99.9978%
  [   581000,   581500)            2    0.0000%  99.9978%
  [   582000,   582500)            3    0.0000%  99.9978%
  [   582500,   583000)            4    0.0000%  99.9979%
  [   583000,   583500)            2    0.0000%  99.9979%
  [   583500,   584000)            1    0.0000%  99.9979%
  [   584000,   584500)            4    0.0000%  99.9979%
  [   584500,   585000)            1    0.0000%  99.9979%
  [   586000,   586500)            5    0.0000%  99.9979%
  [   586500,   587000)            2    0.0000%  99.9979%
  [   587000,   587500)            4    0.0000%  99.9979%
  [   587500,   588000)            1    0.0000%  99.9979%
  [   588000,   588500)            1    0.0000%  99.9979%
  [   588500,   589000)            3    0.0000%  99.9979%
  [   589000,   589500)            1    0.0000%  99.9979%
  [   589500,   590000)            3    0.0000%  99.9980%
  [   590000,   590500)            3    0.0000%  99.9980%
  [   591000,   591500)            2    0.0000%  99.9980%
  [   591500,   592000)            4    0.0000%  99.9980%
  [   592000,   592500)            7    0.0000%  99.9980%
  [   592500,   593000)            4    0.0000%  99.9980%
  [   593000,   593500)            4    0.0000%  99.9980%
  [   593500,   594000)            2    0.0000%  99.9980%
  [   594000,   594500)            4    0.0000%  99.9981%
  [   594500,   595000)            3    0.0000%  99.9981%
  [   595000,   595500)            4    0.0000%  99.9981%
  [   595500,   596000)            2    0.0000%  99.9981%
  [   596000,   596500)            5    0.0000%  99.9981%
  [   596500,   597000)            4    0.0000%  99.9981%
  [   597000,   597500)            3    0.0000%  99.9981%
  [   597500,   598000)            5    0.0000%  99.9981%
  [   598000,   598500)           12    0.0000%  99.9982%
  [   598500,   599000)            4    0.0000%  99.9982%
  [   599000,   599500)            6    0.0000%  99.9982%
  [   599500,   600000)            4    0.0000%  99.9982%
  [   600000,   600500)            4    0.0000%  99.9982%
  [   600500,   601000)            1    0.0000%  99.9983%
  [   601000,   601500)            2    0.0000%  99.9983%
  [   601500,   602000)            5    0.0000%  99.9983%
  [   602000,   602500)            1    0.0000%  99.9983%
  [   602500,   603000)            5    0.0000%  99.9983%
  [   603000,   603500)            4    0.0000%  99.9983%
  [   603500,   604000)            4    0.0000%  99.9983%
  [   604000,   604500)            3    0.0000%  99.9983%
  [   604500,   605000)            2    0.0000%  99.9983%
  [   605000,   605500)            6    0.0000%  99.9984%
  [   605500,   606000)            4    0.0000%  99.9984%
  [   606000,   606500)            8    0.0000%  99.9984%
  [   606500,   607000)            7    0.0000%  99.9984%
  [   607000,   607500)            9    0.0000%  99.9985%
  [   607500,   608000)            4    0.0000%  99.9985%
  [   608000,   608500)            2    0.0000%  99.9985%
  [   608500,   609000)            8    0.0000%  99.9985%
  [   609000,   609500)            2    0.0000%  99.9985%
  [   609500,   610000)            2    0.0000%  99.9985%
  [   610000,   610500)            3    0.0000%  99.9985%
  [   610500,   611000)            2    0.0000%  99.9985%
  [   611000,   611500)            3    0.0000%  99.9985%
  [   611500,   612000)            4    0.0000%  99.9986%
  [   612000,   612500)            7    0.0000%  99.9986%
  [   612500,   613000)            2    0.0000%  99.9986%
  [   613000,   613500)            4    0.0000%  99.9986%
  [   613500,   614000)            6    0.0000%  99.9986%
  [   614000,   614500)            3    0.0000%  99.9986%
  [   614500,   615000)            6    0.0000%  99.9986%
  [   615000,   615500)            2    0.0000%  99.9987%
  [   615500,   616000)            6    0.0000%  99.9987%
  [   616000,   616500)            1    0.0000%  99.9987%
  [   616500,   617000)            4    0.0000%  99.9987%
  [   617000,   617500)            2    0.0000%  99.9987%
  [   618000,   618500)            4    0.0000%  99.9987%
  [   618500,   619000)            1    0.0000%  99.9987%
  [   619000,   619500)            3    0.0000%  99.9987%
  [   619500,   620000)            3    0.0000%  99.9987%
  [   620000,   620500)            1    0.0000%  99.9987%
  [   620500,   621000)            5    0.0000%  99.9988%
  [   621000,   621500)            2    0.0000%  99.9988%
  [   621500,   622000)            1    0.0000%  99.9988%
  [   622000,   622500)            3    0.0000%  99.9988%
  [   622500,   623000)            2    0.0000%  99.9988%
  [   623000,   623500)            3    0.0000%  99.9988%
  [   623500,   624000)            5    0.0000%  99.9988%
  [   624000,   624500)            3    0.0000%  99.9988%
  [   624500,   625000)            1    0.0000%  99.9988%
  [   625500,   626000)            1    0.0000%  99.9988%
  [   626000,   626500)            6    0.0000%  99.9988%
  [   626500,   627000)            2    0.0000%  99.9989%
  [   627000,   627500)            1    0.0000%  99.9989%
  [   627500,   628000)            3    0.0000%  99.9989%
  [   628000,   628500)            3    0.0000%  99.9989%
  [   628500,   629000)            2    0.0000%  99.9989%
  [   629000,   629500)            3    0.0000%  99.9989%
  [   629500,   630000)            2    0.0000%  99.9989%
  [   630500,   631000)            4    0.0000%  99.9989%
  [   631000,   631500)            1    0.0000%  99.9989%
  [   631500,   632000)            1    0.0000%  99.9989%
  [   632000,   632500)            3    0.0000%  99.9989%
  [   632500,   633000)            2    0.0000%  99.9989%
  [   633000,   633500)            1    0.0000%  99.9989%
  [   633500,   634000)            2    0.0000%  99.9989%
  [   634000,   634500)            2    0.0000%  99.9990%
  [   634500,   635000)            1    0.0000%  99.9990%
  [   635000,   635500)            1    0.0000%  99.9990%
  [   636000,   636500)            4    0.0000%  99.9990%
  [   637500,   638000)            1    0.0000%  99.9990%
  [   638000,   638500)            3    0.0000%  99.9990%
  [   639000,   639500)            1    0.0000%  99.9990%
  [   639500,   640000)            1    0.0000%  99.9990%
  [   640000,   640500)            1    0.0000%  99.9990%
  [   640500,   641000)            1    0.0000%  99.9990%
  [   641000,   641500)            2    0.0000%  99.9990%
  [   641500,   642000)            2    0.0000%  99.9990%
  [   642500,   643000)            2    0.0000%  99.9990%
  [   643000,   643500)            1    0.0000%  99.9990%
  [   643500,   644000)            1    0.0000%  99.9990%
  [   644000,   644500)            2    0.0000%  99.9990%
  [   644500,   645000)            1    0.0000%  99.9990%
  [   645000,   645500)            1    0.0000%  99.9990%
  [   645500,   646000)            3    0.0000%  99.9991%
  [   646000,   646500)            2    0.0000%  99.9991%
  [   646500,   647000)            1    0.0000%  99.9991%
  [   647500,   648000)            2    0.0000%  99.9991%
  [   648000,   648500)            2    0.0000%  99.9991%
  [   648500,   649000)            1    0.0000%  99.9991%
  [   649000,   649500)            1    0.0000%  99.9991%
  [   649500,   650000)            2    0.0000%  99.9991%
  [   650000,   650500)            1    0.0000%  99.9991%
  [   650500,   651000)            2    0.0000%  99.9991%
  [   652000,   652500)            2    0.0000%  99.9991%
  [   653000,   653500)            1    0.0000%  99.9991%
  [   653500,   654000)            1    0.0000%  99.9991%
  [   654000,   654500)            2    0.0000%  99.9991%
  [   654500,   655000)            1    0.0000%  99.9991%
  [   655000,   655500)            1    0.0000%  99.9991%
  [   655500,   656000)            2    0.0000%  99.9991%
  [   656000,   656500)            2    0.0000%  99.9991%
  [   658000,   658500)            1    0.0000%  99.9991%
  [   658500,   659000)            4    0.0000%  99.9992%
  [   659000,   659500)            1    0.0000%  99.9992%
  [   659500,   660000)            1    0.0000%  99.9992%
  [   660500,   661000)            2    0.0000%  99.9992%
  [   661000,   661500)            1    0.0000%  99.9992%
  [   661500,   662000)            2    0.0000%  99.9992%
  [   662500,   663000)            1    0.0000%  99.9992%
  [   663500,   664000)            2    0.0000%  99.9992%
  [   664000,   664500)            2    0.0000%  99.9992%
  [   664500,   665000)            4    0.0000%  99.9992%
  [   665000,   665500)            1    0.0000%  99.9992%
  [   666500,   667000)            2    0.0000%  99.9992%
  [   667000,   667500)            1    0.0000%  99.9992%
  [   667500,   668000)            4    0.0000%  99.9992%
  [   668000,   668500)            2    0.0000%  99.9992%
  [   668500,   669000)            1    0.0000%  99.9992%
  [   669000,   669500)            1    0.0000%  99.9992%
  [   669500,   670000)            1    0.0000%  99.9993%
  [   670000,   670500)            1    0.0000%  99.9993%
  [   670500,   671000)            2    0.0000%  99.9993%
  [   671000,   671500)            1    0.0000%  99.9993%
  [   671500,   672000)            1    0.0000%  99.9993%
  [   672000,   672500)            1    0.0000%  99.9993%
  [   672500,   673000)            1    0.0000%  99.9993%
  [   673000,   673500)            1    0.0000%  99.9993%
  [   674000,   674500)            1    0.0000%  99.9993%
  [   674500,   675000)            1    0.0000%  99.9993%
  [   675000,   675500)            1    0.0000%  99.9993%
  [   675500,   676000)            1    0.0000%  99.9993%
  [   676500,   677000)            2    0.0000%  99.9993%
  [   677000,   677500)            1    0.0000%  99.9993%
  [   679000,   679500)            1    0.0000%  99.9993%
  [   682000,   682500)            1    0.0000%  99.9993%
  [   682500,   683000)            1    0.0000%  99.9993%
  [   683000,   683500)            2    0.0000%  99.9993%
  [   684000,   684500)            3    0.0000%  99.9993%
  [   684500,   685000)            1    0.0000%  99.9993%
  [   685000,   685500)            3    0.0000%  99.9993%
  [   686000,   686500)            1    0.0000%  99.9993%
  [   687500,   688000)            1    0.0000%  99.9994%
  [   688000,   688500)            1    0.0000%  99.9994%
  [   688500,   689000)            1    0.0000%  99.9994%
  [   689000,   689500)            2    0.0000%  99.9994%
  [   690000,   690500)            1    0.0000%  99.9994%
  [   691500,   692000)            1    0.0000%  99.9994%
  [   692000,   692500)            3    0.0000%  99.9994%
  [   693000,   693500)            1    0.0000%  99.9994%
  [   693500,   694000)            4    0.0000%  99.9994%
  [   694500,   695000)            2    0.0000%  99.9994%
  [   695000,   695500)            1    0.0000%  99.9994%
  [   695500,   696000)            2    0.0000%  99.9994%
  [   696000,   696500)            1    0.0000%  99.9994%
  [   697000,   697500)            1    0.0000%  99.9994%
  [   699000,   699500)            1    0.0000%  99.9994%
  [   699500,   700000)            2    0.0000%  99.9994%
  [   700000,   700500)            1    0.0000%  99.9994%
  [   701000,   701500)            2    0.0000%  99.9994%
  [   701500,   702000)            1    0.0000%  99.9994%
  [   702000,   702500)            1    0.0000%  99.9994%
  [   702500,   703000)            2    0.0000%  99.9995%
  [   703000,   703500)            1    0.0000%  99.9995%
  [   703500,   704000)            2    0.0000%  99.9995%
  [   704000,   704500)            1    0.0000%  99.9995%
  [   704500,   705000)            1    0.0000%  99.9995%
  [   705500,   706000)            3    0.0000%  99.9995%
  [   706500,   707000)            2    0.0000%  99.9995%
  [   707000,   707500)            2    0.0000%  99.9995%
  [   709000,   709500)            1    0.0000%  99.9995%
  [   712500,   713000)            1    0.0000%  99.9995%
  [   713000,   713500)            2    0.0000%  99.9995%
  [   714500,   715000)            2    0.0000%  99.9995%
  [   716500,   717000)            1    0.0000%  99.9995%
  [   717500,   718000)            3    0.0000%  99.9995%
  [   720500,   721000)            1    0.0000%  99.9995%
  [   721000,   721500)            1    0.0000%  99.9995%
  [   722000,   722500)            1    0.0000%  99.9995%
  [   723000,   723500)            1    0.0000%  99.9995%
  [   723500,   724000)            1    0.0000%  99.9995%
  [   724000,   724500)            1    0.0000%  99.9995%
  [   725000,   725500)            2    0.0000%  99.9996%
  [   726000,   726500)            1    0.0000%  99.9996%
  [   726500,   727000)            2    0.0000%  99.9996%
  [   727500,   728000)            1    0.0000%  99.9996%
  [   729000,   729500)            1    0.0000%  99.9996%
  [   732500,   733000)            1    0.0000%  99.9996%
  [   733500,   734000)            2    0.0000%  99.9996%
  [   734000,   734500)            1    0.0000%  99.9996%
  [   734500,   735000)            1    0.0000%  99.9996%
  [   736500,   737000)            1    0.0000%  99.9996%
  [   737500,   738000)            1    0.0000%  99.9996%
  [   738500,   739000)            1    0.0000%  99.9996%
  [   740000,   740500)            1    0.0000%  99.9996%
  [   741000,   741500)            2    0.0000%  99.9996%
  [   742000,   742500)            2    0.0000%  99.9996%
  [   743500,   744000)            1    0.0000%  99.9996%
  [   746000,   746500)            1    0.0000%  99.9996%
  [   746500,   747000)            2    0.0000%  99.9996%
  [   750500,   751000)            1    0.0000%  99.9996%
  [   752000,   752500)            3    0.0000%  99.9996%
  [   752500,   753000)            1    0.0000%  99.9996%
  [   753500,   754000)            2    0.0000%  99.9997%
  [   755500,   756000)            1    0.0000%  99.9997%
  [   758000,   758500)            2    0.0000%  99.9997%
  [   759000,   759500)            1    0.0000%  99.9997%
  [   760000,   760500)            1    0.0000%  99.9997%
  [   762000,   762500)            1    0.0000%  99.9997%
  [   764500,   765000)            1    0.0000%  99.9997%
  [   766000,   766500)            1    0.0000%  99.9997%
  [   767500,   768000)            1    0.0000%  99.9997%
  [   768500,   769000)            1    0.0000%  99.9997%
  [   769000,   769500)            1    0.0000%  99.9997%
  [   769500,   770000)            1    0.0000%  99.9997%
  [   770500,   771000)            1    0.0000%  99.9997%
  [   772500,   773000)            1    0.0000%  99.9997%
  [   773500,   774000)            1    0.0000%  99.9997%
  [   774000,   774500)            1    0.0000%  99.9997%
  [   775500,   776000)            1    0.0000%  99.9997%
  [   776500,   777000)            2    0.0000%  99.9997%
  [   778500,   779000)            1    0.0000%  99.9997%
  [   779500,   780000)            1    0.0000%  99.9997%
  [   782000,   782500)            1    0.0000%  99.9997%
  [   782500,   783000)            3    0.0000%  99.9997%
  [   786000,   786500)            1    0.0000%  99.9997%
  [   788500,   789000)            1    0.0000%  99.9997%
  [   793000,   793500)            1    0.0000%  99.9997%
  [   793500,   794000)            1    0.0000%  99.9998%
  [   794000,   794500)            1    0.0000%  99.9998%
  [   798500,   799000)            1    0.0000%  99.9998%
  [   803000,   803500)            1    0.0000%  99.9998%
  [   806000,   806500)            1    0.0000%  99.9998%
  [   813500,   814000)            1    0.0000%  99.9998%
  [   816000,   816500)            1    0.0000%  99.9998%
  [   817000,   817500)            1    0.0000%  99.9998%
  [   817500,   818000)            1    0.0000%  99.9998%
  [   818000,   818500)            1    0.0000%  99.9998%
  [   823000,   823500)            1    0.0000%  99.9998%
  [   823500,   824000)            1    0.0000%  99.9998%
  [   826500,   827000)            1    0.0000%  99.9998%
  [   828500,   829000)            1    0.0000%  99.9998%
  [   831500,   832000)            1    0.0000%  99.9998%
  [   834000,   834500)            1    0.0000%  99.9998%
  [   839000,   839500)            1    0.0000%  99.9998%
  [   843000,   843500)            1    0.0000%  99.9998%
  [   849000,   849500)            1    0.0000%  99.9998%
  [   859000,   859500)            1    0.0000%  99.9998%
  [   872500,   873000)            1    0.0000%  99.9998%
  [   876000,   876500)            1    0.0000%  99.9998%
  [   876500,   877000)            1    0.0000%  99.9998%
  [   889000,   889500)            1    0.0000%  99.9998%
  [   889500,   890000)            1    0.0000%  99.9998%
  [   890500,   891000)            1    0.0000%  99.9998%
  [   891500,   892000)            2    0.0000%  99.9998%
  [   892000,   892500)            1    0.0000%  99.9998%
  [   893000,   893500)            1    0.0000%  99.9998%
  [   894000,   894500)            3    0.0000%  99.9999%
  [   894500,   895000)            1    0.0000%  99.9999%
  [   895000,   895500)            1    0.0000%  99.9999%
  [   895500,   896000)            4    0.0000%  99.9999%
  [   896500,   897000)            3    0.0000%  99.9999%
  [   897000,   897500)            1    0.0000%  99.9999%
  [   897500,   898000)            2    0.0000%  99.9999%
  [   899500,   900000)            2    0.0000%  99.9999%
  [   901000,   901500)            2    0.0000%  99.9999%
  [   901500,   902000)            1    0.0000%  99.9999%
  [   902500,   903000)            1    0.0000%  99.9999%
  [   903000,   903500)            1    0.0000%  99.9999%
  [   904500,   905000)            1    0.0000%  99.9999%
  [   905000,   905500)            1    0.0000%  99.9999%
  [   905500,   906000)            1    0.0000%  99.9999%
  [   907000,   907500)            1    0.0000%  99.9999%
  [   907500,   908000)            1    0.0000%  99.9999%
  [   917000,   917500)            1    0.0000%  99.9999%
  [   924500,   925000)            1    0.0000%  99.9999%
  [   927000,   927500)            1    0.0000%  99.9999%
  [   938000,   938500)            1    0.0000% 100.0000%
  [   947500,   948000)            1    0.0000% 100.0000%
  [   955500,   956000)            1    0.0000% 100.0000%
  [   960500,   961000)            1    0.0000% 100.0000%
  [   977000,   977500)            2    0.0000% 100.0000%
  [   999500, +inf)                   9    0.0000% 100.0000%

----- REMOTE OPERATIONS [node 0] -----
  ops total                = 29716317
  ops local  (cache hit)   = 1484372 (5.00%)
  ops remote (>=1 net op)  = 28231945 (95.00%)
  remote ops total         = 56463890
    rdma read              = 28231945
    rdma write             = 0
    rdma cas               = 0
    rpc pushdown           = 28231945
  remote ops / op          = 1.9001
  remote ops / remote op   = 2.0000

----- OFFLOADED TASKS [node 0] -----
  lookup pushdowns         = 0
  scan    pushdowns (RPC)  = 28231945
    kv pairs returned      = 2779895164
    leaves scanned remotely= 238985113
    kv / scan pushdown     = 98.47
    leaves / scan pushdown = 8.47
  per-thread breakdown (tid: lookups | scans | kv | leaves):
    t0             0 |     788605 |   77640710 |    6674943
    t1             0 |     778575 |   76673744 |    6592300
    t2             0 |     789233 |   77711105 |    6680914
    t3             0 |     778093 |   76610412 |    6585772
    t4             0 |     788151 |   77598296 |    6671749
    t5             0 |     778857 |   76683858 |    6592273
    t6             0 |     788249 |   77616637 |    6671981
    t7             0 |     778882 |   76701104 |    6593507
    t8             0 |     789145 |   77703272 |    6680329
    t9             0 |     779235 |   76726110 |    6596368
    t10            0 |     789601 |   77749080 |    6683460
    t11            0 |     779407 |   76746393 |    6598184
    t12            0 |     788197 |   77606230 |    6672405
    t13            0 |     779186 |   76712224 |    6595227
    t14            0 |     791556 |   77950409 |    6701634
    t15            0 |     778157 |   76628784 |    6587374
    t16            0 |     790432 |   77831728 |    6691231
    t17            0 |     778064 |   76623192 |    6587067
    t18            0 |     790385 |   77828189 |    6690564
    t19            0 |     780401 |   76849626 |    6606634
    t20            0 |     790261 |   77811680 |    6689370
    t21            0 |     782070 |   77007692 |    6620278
    t22            0 |     788060 |   77604897 |    6671995
    t23            0 |     779699 |   76777886 |    6600639
    t24            0 |     788907 |   77685364 |    6678678
    t25            0 |     778587 |   76669655 |    6591430
    t26            0 |     789877 |   77773588 |    6686001
    t27            0 |     778840 |   76687200 |    6592654
    t28            0 |     791963 |   77988306 |    6704422
    t29            0 |     778655 |   76664862 |    6590914
    t30            0 |     789453 |   77741122 |    6683156
    t31            0 |     780441 |   76836328 |    6606006
    t32            0 |     788649 |   77643274 |    6674731
    t33            0 |     778216 |   76628159 |    6587188
    t34            0 |     786942 |   77490222 |    6661317
    t35            0 |     778914 |   76693826 |    6592418

----- PATH-AWARE CACHE MISS RATE [node 0] -----
  node accesses (hit+miss) = 3171111574
  node cache hits          = 3142879629 (99.11%)
  MISS RATE                = 0.8903%  (28231945 / 3171111574)
  inner-node miss          = 24445522 (86.59% of misses, 0.7709% rate)
  leaf-node  miss          = 3786423 (13.41% of misses, 0.1194% rate)
  total miss               = 28231945
  cache writebacks         = 0
=========================================================================

Round 0 (max_throughput): 1.52276 Mops/s
Round 0 (straggler_throughput): 1.52273 Mops/s
Before barrier finish
Avg. rdma read time(ms) = 0
Avg. rdma write time(ms) = -nan
Avg. rdma read / op = 0.950049
Avg. rdma write / op = 0
Avg. rdma cas / op = 0
Avg. rdma rpc / op = 0.950049
Avg. all rdma / op = 1.9001
Avg. rdma read size/ op = 1528.12
Avg. rdma write size / op = 0
Avg. rdma RW size / op = 1528.12
------------------------------------------
Node 0 average throughput = 1.4852
Node 0 total throughput = 1.52276
All CN throughput (Max) = 1.52276
All CN throughput (Straggler) = 1.52273
Final throughput = 1.52273
[CORRECTNESS node 0] ops ok 29716317 / 29716317 = 100.0000%; scans 29716317, rows 2971631271 (100.00 per scan)
------------------------------------------
