nodes 2, threads 36, mix R/I/U/S=100/0/0/0, uniform, bulk 50M warmup 10M op 30M, offload 0%, scan_range 100
[4mshared memory size: 64GB, 0x7feeda800000[0m
[4mrdma cache size: 4GB[0m
[4mMachine NR: 2[0m
[4mCompute server 1 start up [10.30.1.6]
[0m
I connect server 0
[CONFIG node 1] bulk load: bottom-up build, 8 keys per leaf, 6 children per inner node (CHIME_BULK_BUILD / CHIME_BUILD_LEAF_KEYS / CHIME_BUILD_INNER_FANOUT)
[CONFIG node 1] clients on this node: yes (CHIME_MN_CLIENTS)
[CONFIG node 1] leaf cache by key=1 owner=1 admit_push=0.10 granule=16 (CHIME_LEAF_BY_KEY / CHIME_LEAF_OWNER / CHIME_LEAF_ADMIT_PUSH / CHIME_LEAF_KEY_GRANULE)
[CONFIG node 1] scan path: from_cache=1 offload_always=0 (CHIME_SCAN_FROM_CACHE / CHIME_SCAN_OFFLOAD_ALWAYS)
[CONFIG node 1] push ops: both (CHIME_PUSH_OPS; applies only with offloading on)
[CACHE node 1] total=8 MB index=4 MB leaf=4 MB
[CONFIG node 1] dir threads = 1 (CHIME_DIR_THREADS, max 16) -- MUST match the other node
[CORES node 1] linear pinning: app threads -> CPUs 0..35, main -> 79, dir threads -> 79 (REV_DIR_CPUS)
[CONFIG] hotspot buffer + speculative read: off (CHIME_HOTSPOT; stock CHIME: on above 50 MB)
 ----- [LeafCache]: budget=4 MB -> 1064 sets x 8 ways = 8512 leaves (352 B/leaf, 4.0 MB) -----
 ----- [LeafCache]: by_key=1 (index 0.4 MB, granule 16 keys) owner=1 (no network check on a hit) admit_push=0.10 -----
workload generated: keyspace=50001000 bulk=50000000 warmup=9999972 op=29999988
[4mKey space set: keySpaceSize=50000000[0m
I am 39
I am 37
I am 38
I am 36
I am 63
I am 41
I am 42
I am 43
I am 40
I am 48
I am 46
I am 45
I am 51
I am 47
I am 49
I am 56
I am 50
I am 57
I am 53
I am 64
I am 55
I am 59
I am 65
I am 62
I am 61
I am 60
I am 66
I am 58
I am 70
I am 68
I am 71
I am 69
I am 44
I am 67
I am 54
I am 52
[build] leaves: 10% (625001/6250000)
[build] leaves: 20% (1250002/6250000)
[build] leaves: 30% (1875003/6250000)
[build] leaves: 40% (2500004/6250000)
[build] leaves: 50% (3125005/6250000)
[build] leaves: 60% (3750006/6250000)
[build] leaves: 70% (4375007/6250000)
[build] leaves: 80% (5000008/6250000)
[build] leaves: 90% (5625009/6250000)
[build] inner level 1: 1041667 nodes
[build] inner level 2: 173611 nodes
[build] inner level 3: 28935 nodes
[build] inner level 4: 4823 nodes
[build] inner level 5: 804 nodes
[build] inner level 6: 134 nodes
[build] inner level 7: 23 nodes
[build] inner level 8: 4 nodes
[build] inner level 9: 1 nodes
[build] done in 18.9s: height=10 leaves=6250000 inner_nodes=1250002 (8 keys per leaf, 6 children per inner node)
[TREE] height=10 leaves=6250000 inner_nodes=1250002 keys_per_leaf=8.00 inner_MB=399.4 leaf_MB=2104.0 total_MB=2503.4 (internal span 16, leaf span 16, node bytes inner=335 leaf=353)
node 1 warmup done in 71s
[INDEX] --- post-bulk-load cache occupancy (cache = 4 MB) ---
 ----- [TreeCache]:  cache size=4 MB free_size=-0.000 MB skiplist_node_cnt=1249919 ----- 
consumed cache size = 4.000 MB
 ----- [IdxCache]:  cache size=0 MB free_size=0.000 MB ---- 
consumed hotspot buffer size = 0.000000 MB

 ----- [LeafCache]: capacity=8512 leaves resident=8512 (100.0% full, 2.9 MB) -----
[LEAFCACHE] hit=13622 miss=9986339 stale=0 fill=9986339 hit_pct=0.136 admit_pct=100.000 resident=8512 capacity=8512 budget_mb=4
[LEAFKEY] by_key=1 owner=1 admit_push=0.10 key_hits=8409 push_admits=0
1, throughput 0.1886 Mops
1, throughput 0.1883 Mops
1, throughput 0.1883 Mops
1, throughput 0.1879 Mops
1, throughput 0.1881 Mops
1, throughput 0.1858 Mops
1, throughput 0.1871 Mops
1, throughput 0.1883 Mops
1, throughput 0.1888 Mops
1, throughput 0.1878 Mops
1, throughput 0.1883 Mops
1, throughput 0.1886 Mops
1, throughput 0.1887 Mops
1, throughput 0.1880 Mops
1, throughput 0.1881 Mops
1, throughput 0.1886 Mops
1, throughput 0.1885 Mops
1, throughput 0.1888 Mops
1, throughput 0.1882 Mops
1, throughput 0.1883 Mops
1, throughput 0.1881 Mops
1, throughput 0.1885 Mops
1, throughput 0.1886 Mops
1, throughput 0.1882 Mops
1, throughput 0.1885 Mops
1, throughput 0.1889 Mops
1, throughput 0.1852 Mops
1, throughput 0.1883 Mops
1, throughput 0.1889 Mops
1, throughput 0.1882 Mops
1, throughput 0.1888 Mops
1, throughput 0.1880 Mops
1, throughput 0.1888 Mops
1, throughput 0.1890 Mops
1, throughput 0.1885 Mops
1, throughput 0.1887 Mops
1, throughput 0.1881 Mops
1, throughput 0.1884 Mops
1, throughput 0.1883 Mops
1, throughput 0.1887 Mops
1, throughput 0.1879 Mops
1, throughput 0.1882 Mops
1, throughput 0.1879 Mops
1, throughput 0.1882 Mops
1, throughput 0.1880 Mops
1, throughput 0.1882 Mops
1, throughput 0.1875 Mops
1, throughput 0.1862 Mops
1, throughput 0.1881 Mops
1, throughput 0.1879 Mops
1, throughput 0.1888 Mops
1, throughput 0.1883 Mops
1, throughput 0.1882 Mops
1, throughput 0.1881 Mops
1, throughput 0.1876 Mops
1, throughput 0.1882 Mops
1, throughput 0.1878 Mops
1, throughput 0.1885 Mops
1, throughput 0.1879 Mops
1, throughput 0.1879 Mops
1, throughput 0.1885 Mops
1, throughput 0.1883 Mops
1, throughput 0.1879 Mops
1, throughput 0.1880 Mops
1, throughput 0.1876 Mops
1, throughput 0.1878 Mops
1, throughput 0.1876 Mops
1, throughput 0.1854 Mops
1, throughput 0.1882 Mops
1, throughput 0.1880 Mops
1, throughput 0.1879 Mops
1, throughput 0.1877 Mops
1, throughput 0.1879 Mops
1, throughput 0.1880 Mops
1, throughput 0.1884 Mops
1, throughput 0.1881 Mops
1, throughput 0.1877 Mops
1, throughput 0.1877 Mops
1, throughput 0.1886 Mops
1, throughput 0.1878 Mops
1, throughput 0.1884 Mops
1, throughput 0.1887 Mops
1, throughput 0.1885 Mops
1, throughput 0.1880 Mops
1, throughput 0.1884 Mops
1, throughput 0.1885 Mops
1, throughput 0.1876 Mops
1, throughput 0.1883 Mops
1, throughput 0.1847 Mops
1, throughput 0.1882 Mops
1, throughput 0.1883 Mops
1, throughput 0.1878 Mops
1, throughput 0.1881 Mops
1, throughput 0.1880 Mops
1, throughput 0.1879 Mops
1, throughput 0.1882 Mops
1, throughput 0.1881 Mops
1, throughput 0.1882 Mops
1, throughput 0.1879 Mops
1, throughput 0.1883 Mops
1, throughput 0.1883 Mops
1, throughput 0.1876 Mops
1, throughput 0.1880 Mops
1, throughput 0.1884 Mops
1, throughput 0.1885 Mops
1, throughput 0.1880 Mops
1, throughput 0.1879 Mops
1, throughput 0.1881 Mops
1, throughput 0.1859 Mops
1, throughput 0.1873 Mops
1, throughput 0.1884 Mops
1, throughput 0.1879 Mops
1, throughput 0.1878 Mops
1, throughput 0.1884 Mops
1, throughput 0.1879 Mops
1, throughput 0.1880 Mops
1, throughput 0.1880 Mops
1, throughput 0.1879 Mops
1, throughput 0.1882 Mops
1, throughput 0.1887 Mops
1, throughput 0.1885 Mops
1, throughput 0.1880 Mops
1, throughput 0.1886 Mops
1, throughput 0.1879 Mops
1, throughput 0.1882 Mops
1, throughput 0.1881 Mops
1, throughput 0.1882 Mops
1, throughput 0.1883 Mops
1, throughput 0.1886 Mops
1, throughput 0.1850 Mops
1, throughput 0.1887 Mops
1, throughput 0.1886 Mops
1, throughput 0.1883 Mops
1, throughput 0.1880 Mops
1, throughput 0.1882 Mops
1, throughput 0.1886 Mops
1, throughput 0.1889 Mops
1, throughput 0.1884 Mops
1, throughput 0.1880 Mops
1, throughput 0.1887 Mops
1, throughput 0.1884 Mops
1, throughput 0.1881 Mops
1, throughput 0.1883 Mops
1, throughput 0.1885 Mops
1, throughput 0.1882 Mops
1, throughput 0.1881 Mops
1, throughput 0.1884 Mops
1, throughput 0.1884 Mops
1, throughput 0.1884 Mops
1, throughput 0.1873 Mops
1, throughput 0.1867 Mops
1, throughput 0.1883 Mops
1, throughput 0.1882 Mops
1, throughput 0.1885 Mops
1, throughput 0.1883 Mops
1, throughput 0.1888 Mops
1, throughput 0.1882 Mops
1, throughput 0.1878 Mops
1, throughput 0.1884 Mops
1, throughput 0.1890 Mops
1, throughput 0.1885 Mops
1, throughput 0.1881 Mops
1, throughput 0.1877 Mops
1, throughput 0.1882 Mops
1, throughput 0.1883 Mops
1, throughput 0.1879 Mops
1, throughput 0.1889 Mops
1, throughput 0.1882 Mops
1, throughput 0.1882 Mops
1, throughput 0.1888 Mops
1, throughput 0.1851 Mops
1, throughput 0.1887 Mops
1, throughput 0.1884 Mops
1, throughput 0.1885 Mops
1, throughput 0.1879 Mops
1, throughput 0.1883 Mops
1, throughput 0.1885 Mops
1, throughput 0.1882 Mops
1, throughput 0.1884 Mops
1, throughput 0.1881 Mops
1, throughput 0.1879 Mops
1, throughput 0.1886 Mops
1, throughput 0.1881 Mops
1, throughput 0.1883 Mops
1, throughput 0.1889 Mops
1, throughput 0.1884 Mops
1, throughput 0.1885 Mops
1, throughput 0.1882 Mops
1, throughput 0.1885 Mops
1, throughput 0.1884 Mops
1, throughput 0.1877 Mops
1, throughput 0.1859 Mops
1, throughput 0.1886 Mops
1, throughput 0.1883 Mops
1, throughput 0.1888 Mops
1, throughput 0.1885 Mops
1, throughput 0.1885 Mops
1, throughput 0.1889 Mops
1, throughput 0.1888 Mops
1, throughput 0.1886 Mops
1, throughput 0.1882 Mops
1, throughput 0.1884 Mops
1, throughput 0.1887 Mops
1, throughput 0.1881 Mops
1, throughput 0.1890 Mops
1, throughput 0.1887 Mops
1, throughput 0.1882 Mops
1, throughput 0.1892 Mops
1, throughput 0.1889 Mops
1, throughput 0.1889 Mops
1, throughput 0.1887 Mops
1, throughput 0.1859 Mops
1, throughput 0.1878 Mops
1, throughput 0.1887 Mops
1, throughput 0.1891 Mops
1, throughput 0.1886 Mops
1, throughput 0.1892 Mops
1, throughput 0.1888 Mops
1, throughput 0.1890 Mops
1, throughput 0.1888 Mops
1, throughput 0.1892 Mops
1, throughput 0.1887 Mops
1, throughput 0.1884 Mops
1, throughput 0.1889 Mops
1, throughput 0.1886 Mops
1, throughput 0.1887 Mops
1, throughput 0.1886 Mops
1, throughput 0.1885 Mops
1, throughput 0.1884 Mops
1, throughput 0.1886 Mops
1, throughput 0.1892 Mops
1, throughput 0.1886 Mops
1, throughput 0.1856 Mops
1, throughput 0.1886 Mops
1, throughput 0.1886 Mops
1, throughput 0.1887 Mops
1, throughput 0.1888 Mops
1, throughput 0.1892 Mops
1, throughput 0.1890 Mops
1, throughput 0.1887 Mops
1, throughput 0.1895 Mops
1, throughput 0.1885 Mops
1, throughput 0.1890 Mops
1, throughput 0.1888 Mops
1, throughput 0.1889 Mops
1, throughput 0.1889 Mops
1, throughput 0.1890 Mops
1, throughput 0.1887 Mops
1, throughput 0.1883 Mops
1, throughput 0.1887 Mops
1, throughput 0.1889 Mops
1, throughput 0.1885 Mops
1, throughput 0.1872 Mops
1, throughput 0.1873 Mops
1, throughput 0.1891 Mops
1, throughput 0.1891 Mops
1, throughput 0.1886 Mops
1, throughput 0.1888 Mops
1, throughput 0.1888 Mops
1, throughput 0.1891 Mops
1, throughput 0.1884 Mops
1, throughput 0.1890 Mops
1, throughput 0.1887 Mops
1, throughput 0.1885 Mops
1, throughput 0.1886 Mops
1, throughput 0.1883 Mops
1, throughput 0.1886 Mops
1, throughput 0.1888 Mops
1, throughput 0.1886 Mops
1, throughput 0.1886 Mops
1, throughput 0.1887 Mops
1, throughput 0.1885 Mops
1, throughput 0.1887 Mops
1, throughput 0.1857 Mops
1, throughput 0.1887 Mops
1, throughput 0.1885 Mops
1, throughput 0.1884 Mops
1, throughput 0.1883 Mops
1, throughput 0.1886 Mops
1, throughput 0.1888 Mops
1, throughput 0.1884 Mops
1, throughput 0.1884 Mops
1, throughput 0.1891 Mops
1, throughput 0.1885 Mops
1, throughput 0.1885 Mops
1, throughput 0.1890 Mops
1, throughput 0.1885 Mops
1, throughput 0.1888 Mops
1, throughput 0.1884 Mops
1, throughput 0.1888 Mops
1, throughput 0.1887 Mops
1, throughput 0.1896 Mops
1, throughput 0.1886 Mops
1, throughput 0.1881 Mops
1, throughput 0.1864 Mops
1, throughput 0.1888 Mops
1, throughput 0.1887 Mops
1, throughput 0.1884 Mops
1, throughput 0.1889 Mops
1, throughput 0.1887 Mops
1, throughput 0.1887 Mops
1, throughput 0.1888 Mops
1, throughput 0.1890 Mops
1, throughput 0.1890 Mops
1, throughput 0.1882 Mops
1, throughput 0.1886 Mops
1, throughput 0.1887 Mops
1, throughput 0.1886 Mops
1, throughput 0.1892 Mops
1, throughput 0.1891 Mops
1, throughput 0.1886 Mops
1, throughput 0.1886 Mops
1, throughput 0.1888 Mops
1, throughput 0.1884 Mops
1, throughput 0.1861 Mops
1, throughput 0.1877 Mops
1, throughput 0.1778 Mops
1, throughput 0.1560 Mops
1, throughput 0.1030 Mops
1, throughput 0.0504 Mops
1, throughput 0.0043 Mops
[RESULT node 1] ops=29999988 elapsed=160.262s throughput=0.1872 Mops mode=op-bounded
[RDMA node 1] ops=29999988 posts=224426710 read_wr=284344562 read_bytes=67958422887 write_wr=0 write_bytes=0 atomic_wr=0 send_wr=0 send_bytes=0
[RDMA node 1] per_op: round_trips=7.4809 reads=9.4782 writes=0.0000 atomics=0.0000 sends=0.0000 verbs=9.4782 bytes=2265.3

==================== LATENCY BUCKETS (500 ns) [node 1] ====================
[LOOKUP]
  ALL                n=29999988   mean=  190.81us  p50= 185.50us  p90= 304.50us  p99= 426.00us  p99.9= 535.00us  max>=986.50us
  DIRECT (1-sided)   n=29999988   mean=  190.81us  p50= 185.50us  p90= 304.50us  p99= 426.00us  p99.9= 535.00us  max>=986.50us
  OFFLOAD (rpc)             (no samples)
[ALL OPS]
  ALL                n=29999988   mean=  190.81us  p50= 185.50us  p90= 304.50us  p99= 426.00us  p99.9= 535.00us  max>=986.50us
  DIRECT (1-sided)   n=29999988   mean=  190.81us  p50= 185.50us  p90= 304.50us  p99= 426.00us  p99.9= 535.00us  max>=986.50us
  OFFLOAD (rpc)             (no samples)

----- 500 ns bucket CDF (all ops) [node 1] -----
  bucket [lo,hi) ns             count        pct       cdf
  [        0,      500)            1    0.0000%   0.0000%
  [      500,     1000)         3260    0.0109%   0.0109%
  [     1000,     1500)        17771    0.0592%   0.0701%
  [     1500,     2000)         3146    0.0105%   0.0806%
  [     2000,     2500)          251    0.0008%   0.0814%
  [     2500,     3000)           29    0.0001%   0.0815%
  [     3000,     3500)           21    0.0001%   0.0816%
  [     3500,     4000)           19    0.0001%   0.0817%
  [     4000,     4500)           21    0.0001%   0.0817%
  [     4500,     5000)           25    0.0001%   0.0818%
  [     5000,     5500)           32    0.0001%   0.0819%
  [     5500,     6000)           18    0.0001%   0.0820%
  [     6000,     6500)           16    0.0001%   0.0820%
  [     6500,     7000)           15    0.0001%   0.0821%
  [     7000,     7500)           26    0.0001%   0.0822%
  [     7500,     8000)           39    0.0001%   0.0823%
  [     8000,     8500)          165    0.0006%   0.0829%
  [     8500,     9000)          496    0.0017%   0.0845%
  [     9000,     9500)         1424    0.0047%   0.0893%
  [     9500,    10000)         2837    0.0095%   0.0987%
  [    10000,    10500)         4816    0.0161%   0.1148%
  [    10500,    11000)         7266    0.0242%   0.1390%
  [    11000,    11500)         9368    0.0312%   0.1702%
  [    11500,    12000)        11230    0.0374%   0.2076%
  [    12000,    12500)        12662    0.0422%   0.2498%
  [    12500,    13000)        13436    0.0448%   0.2946%
  [    13000,    13500)        13721    0.0457%   0.3404%
  [    13500,    14000)        13627    0.0454%   0.3858%
  [    14000,    14500)        13148    0.0438%   0.4296%
  [    14500,    15000)        12684    0.0423%   0.4719%
  [    15000,    15500)        11812    0.0394%   0.5113%
  [    15500,    16000)        11068    0.0369%   0.5482%
  [    16000,    16500)         9982    0.0333%   0.5814%
  [    16500,    17000)         9001    0.0300%   0.6114%
  [    17000,    17500)         8094    0.0270%   0.6384%
  [    17500,    18000)         7473    0.0249%   0.6633%
  [    18000,    18500)         6824    0.0227%   0.6861%
  [    18500,    19000)         6302    0.0210%   0.7071%
  [    19000,    19500)         6014    0.0200%   0.7271%
  [    19500,    20000)         5926    0.0198%   0.7469%
  [    20000,    20500)         6018    0.0201%   0.7669%
  [    20500,    21000)         6218    0.0207%   0.7877%
  [    21000,    21500)         6643    0.0221%   0.8098%
  [    21500,    22000)         7111    0.0237%   0.8335%
  [    22000,    22500)         7512    0.0250%   0.8586%
  [    22500,    23000)         8016    0.0267%   0.8853%
  [    23000,    23500)         8559    0.0285%   0.9138%
  [    23500,    24000)         8745    0.0292%   0.9430%
  [    24000,    24500)         9204    0.0307%   0.9736%
  [    24500,    25000)         9376    0.0313%   1.0049%
  [    25000,    25500)         9286    0.0310%   1.0358%
  [    25500,    26000)         9208    0.0307%   1.0665%
  [    26000,    26500)         9079    0.0303%   1.0968%
  [    26500,    27000)         8839    0.0295%   1.1263%
  [    27000,    27500)         8575    0.0286%   1.1549%
  [    27500,    28000)         8187    0.0273%   1.1821%
  [    28000,    28500)         7879    0.0263%   1.2084%
  [    28500,    29000)         7615    0.0254%   1.2338%
  [    29000,    29500)         7391    0.0246%   1.2584%
  [    29500,    30000)         7158    0.0239%   1.2823%
  [    30000,    30500)         6967    0.0232%   1.3055%
  [    30500,    31000)         6869    0.0229%   1.3284%
  [    31000,    31500)         6606    0.0220%   1.3504%
  [    31500,    32000)         6594    0.0220%   1.3724%
  [    32000,    32500)         6487    0.0216%   1.3940%
  [    32500,    33000)         6463    0.0215%   1.4156%
  [    33000,    33500)         6305    0.0210%   1.4366%
  [    33500,    34000)         6250    0.0208%   1.4574%
  [    34000,    34500)         6457    0.0215%   1.4789%
  [    34500,    35000)         6474    0.0216%   1.5005%
  [    35000,    35500)         6226    0.0208%   1.5213%
  [    35500,    36000)         6246    0.0208%   1.5421%
  [    36000,    36500)         6060    0.0202%   1.5623%
  [    36500,    37000)         6156    0.0205%   1.5828%
  [    37000,    37500)         6052    0.0202%   1.6030%
  [    37500,    38000)         6020    0.0201%   1.6231%
  [    38000,    38500)         6074    0.0202%   1.6433%
  [    38500,    39000)         5947    0.0198%   1.6631%
  [    39000,    39500)         5893    0.0196%   1.6828%
  [    39500,    40000)         5929    0.0198%   1.7025%
  [    40000,    40500)         5860    0.0195%   1.7221%
  [    40500,    41000)         5895    0.0197%   1.7417%
  [    41000,    41500)         5883    0.0196%   1.7613%
  [    41500,    42000)         5886    0.0196%   1.7809%
  [    42000,    42500)         6104    0.0203%   1.8013%
  [    42500,    43000)         6221    0.0207%   1.8220%
  [    43000,    43500)         6384    0.0213%   1.8433%
  [    43500,    44000)         6430    0.0214%   1.8647%
  [    44000,    44500)         6901    0.0230%   1.8877%
  [    44500,    45000)         7371    0.0246%   1.9123%
  [    45000,    45500)         7671    0.0256%   1.9379%
  [    45500,    46000)         8093    0.0270%   1.9649%
  [    46000,    46500)         8557    0.0285%   1.9934%
  [    46500,    47000)         8915    0.0297%   2.0231%
  [    47000,    47500)         9319    0.0311%   2.0542%
  [    47500,    48000)         9969    0.0332%   2.0874%
  [    48000,    48500)        10546    0.0352%   2.1226%
  [    48500,    49000)        10999    0.0367%   2.1592%
  [    49000,    49500)        11546    0.0385%   2.1977%
  [    49500,    50000)        12208    0.0407%   2.2384%
  [    50000,    50500)        13098    0.0437%   2.2821%
  [    50500,    51000)        13609    0.0454%   2.3274%
  [    51000,    51500)        14221    0.0474%   2.3748%
  [    51500,    52000)        15027    0.0501%   2.4249%
  [    52000,    52500)        16144    0.0538%   2.4787%
  [    52500,    53000)        16859    0.0562%   2.5349%
  [    53000,    53500)        17574    0.0586%   2.5935%
  [    53500,    54000)        18562    0.0619%   2.6554%
  [    54000,    54500)        19508    0.0650%   2.7204%
  [    54500,    55000)        20415    0.0681%   2.7885%
  [    55000,    55500)        21200    0.0707%   2.8591%
  [    55500,    56000)        22220    0.0741%   2.9332%
  [    56000,    56500)        23010    0.0767%   3.0099%
  [    56500,    57000)        24396    0.0813%   3.0912%
  [    57000,    57500)        25492    0.0850%   3.1762%
  [    57500,    58000)        25729    0.0858%   3.2619%
  [    58000,    58500)        27270    0.0909%   3.3528%
  [    58500,    59000)        28238    0.0941%   3.4470%
  [    59000,    59500)        29266    0.0976%   3.5445%
  [    59500,    60000)        30602    0.1020%   3.6465%
  [    60000,    60500)        31749    0.1058%   3.7524%
  [    60500,    61000)        32542    0.1085%   3.8608%
  [    61000,    61500)        34226    0.1141%   3.9749%
  [    61500,    62000)        35304    0.1177%   4.0926%
  [    62000,    62500)        36472    0.1216%   4.2142%
  [    62500,    63000)        37878    0.1263%   4.3404%
  [    63000,    63500)        38796    0.1293%   4.4698%
  [    63500,    64000)        39862    0.1329%   4.6026%
  [    64000,    64500)        41040    0.1368%   4.7394%
  [    64500,    65000)        42020    0.1401%   4.8795%
  [    65000,    65500)        42942    0.1431%   5.0226%
  [    65500,    66000)        44097    0.1470%   5.1696%
  [    66000,    66500)        45365    0.1512%   5.3208%
  [    66500,    67000)        46469    0.1549%   5.4757%
  [    67000,    67500)        47736    0.1591%   5.6349%
  [    67500,    68000)        49034    0.1634%   5.7983%
  [    68000,    68500)        49905    0.1664%   5.9647%
  [    68500,    69000)        51580    0.1719%   6.1366%
  [    69000,    69500)        52535    0.1751%   6.3117%
  [    69500,    70000)        53077    0.1769%   6.4886%
  [    70000,    70500)        54453    0.1815%   6.6701%
  [    70500,    71000)        55806    0.1860%   6.8562%
  [    71000,    71500)        56484    0.1883%   7.0444%
  [    71500,    72000)        57532    0.1918%   7.2362%
  [    72000,    72500)        58135    0.1938%   7.4300%
  [    72500,    73000)        58936    0.1965%   7.6264%
  [    73000,    73500)        59854    0.1995%   7.8260%
  [    73500,    74000)        60455    0.2015%   8.0275%
  [    74000,    74500)        61142    0.2038%   8.2313%
  [    74500,    75000)        62179    0.2073%   8.4385%
  [    75000,    75500)        62716    0.2091%   8.6476%
  [    75500,    76000)        63911    0.2130%   8.8606%
  [    76000,    76500)        64517    0.2151%   9.0757%
  [    76500,    77000)        65354    0.2178%   9.2935%
  [    77000,    77500)        65749    0.2192%   9.5127%
  [    77500,    78000)        66651    0.2222%   9.7349%
  [    78000,    78500)        66863    0.2229%   9.9578%
  [    78500,    79000)        67496    0.2250%  10.1827%
  [    79000,    79500)        67663    0.2255%  10.4083%
  [    79500,    80000)        68013    0.2267%  10.6350%
  [    80000,    80500)        68460    0.2282%  10.8632%
  [    80500,    81000)        68722    0.2291%  11.0923%
  [    81000,    81500)        68746    0.2292%  11.3214%
  [    81500,    82000)        69040    0.2301%  11.5516%
  [    82000,    82500)        68856    0.2295%  11.7811%
  [    82500,    83000)        69764    0.2325%  12.0136%
  [    83000,    83500)        69809    0.2327%  12.2463%
  [    83500,    84000)        69480    0.2316%  12.4779%
  [    84000,    84500)        69839    0.2328%  12.7107%
  [    84500,    85000)        70242    0.2341%  12.9449%
  [    85000,    85500)        70279    0.2343%  13.1791%
  [    85500,    86000)        70558    0.2352%  13.4143%
  [    86000,    86500)        70296    0.2343%  13.6486%
  [    86500,    87000)        69897    0.2330%  13.8816%
  [    87000,    87500)        69447    0.2315%  14.1131%
  [    87500,    88000)        68864    0.2295%  14.3427%
  [    88000,    88500)        68551    0.2285%  14.5712%
  [    88500,    89000)        68323    0.2277%  14.7989%
  [    89000,    89500)        67524    0.2251%  15.0240%
  [    89500,    90000)        67193    0.2240%  15.2480%
  [    90000,    90500)        66453    0.2215%  15.4695%
  [    90500,    91000)        66305    0.2210%  15.6905%
  [    91000,    91500)        65902    0.2197%  15.9102%
  [    91500,    92000)        65125    0.2171%  16.1272%
  [    92000,    92500)        64662    0.2155%  16.3428%
  [    92500,    93000)        64518    0.2151%  16.5578%
  [    93000,    93500)        63295    0.2110%  16.7688%
  [    93500,    94000)        62271    0.2076%  16.9764%
  [    94000,    94500)        62209    0.2074%  17.1838%
  [    94500,    95000)        61173    0.2039%  17.3877%
  [    95000,    95500)        60601    0.2020%  17.5897%
  [    95500,    96000)        59843    0.1995%  17.7892%
  [    96000,    96500)        58770    0.1959%  17.9851%
  [    96500,    97000)        57843    0.1928%  18.1779%
  [    97000,    97500)        56599    0.1887%  18.3665%
  [    97500,    98000)        56007    0.1867%  18.5532%
  [    98000,    98500)        55288    0.1843%  18.7375%
  [    98500,    99000)        54201    0.1807%  18.9182%
  [    99000,    99500)        53837    0.1795%  19.0976%
  [    99500,   100000)        52864    0.1762%  19.2738%
  [   100000,   100500)        52030    0.1734%  19.4473%
  [   100500,   101000)        51348    0.1712%  19.6184%
  [   101000,   101500)        50656    0.1689%  19.7873%
  [   101500,   102000)        49562    0.1652%  19.9525%
  [   102000,   102500)        48612    0.1620%  20.1145%
  [   102500,   103000)        47967    0.1599%  20.2744%
  [   103000,   103500)        46984    0.1566%  20.4310%
  [   103500,   104000)        46169    0.1539%  20.5849%
  [   104000,   104500)        44937    0.1498%  20.7347%
  [   104500,   105000)        44287    0.1476%  20.8824%
  [   105000,   105500)        43625    0.1454%  21.0278%
  [   105500,   106000)        42456    0.1415%  21.1693%
  [   106000,   106500)        41900    0.1397%  21.3090%
  [   106500,   107000)        41542    0.1385%  21.4474%
  [   107000,   107500)        40633    0.1354%  21.5829%
  [   107500,   108000)        40314    0.1344%  21.7173%
  [   108000,   108500)        39024    0.1301%  21.8473%
  [   108500,   109000)        39115    0.1304%  21.9777%
  [   109000,   109500)        38055    0.1269%  22.1046%
  [   109500,   110000)        37118    0.1237%  22.2283%
  [   110000,   110500)        37193    0.1240%  22.3523%
  [   110500,   111000)        36224    0.1207%  22.4730%
  [   111000,   111500)        35554    0.1185%  22.5915%
  [   111500,   112000)        35188    0.1173%  22.7088%
  [   112000,   112500)        34848    0.1162%  22.8250%
  [   112500,   113000)        33880    0.1129%  22.9379%
  [   113000,   113500)        34028    0.1134%  23.0513%
  [   113500,   114000)        32921    0.1097%  23.1611%
  [   114000,   114500)        32651    0.1088%  23.2699%
  [   114500,   115000)        32767    0.1092%  23.3791%
  [   115000,   115500)        32188    0.1073%  23.4864%
  [   115500,   116000)        31955    0.1065%  23.5930%
  [   116000,   116500)        32012    0.1067%  23.6997%
  [   116500,   117000)        31662    0.1055%  23.8052%
  [   117000,   117500)        31551    0.1052%  23.9104%
  [   117500,   118000)        31381    0.1046%  24.0150%
  [   118000,   118500)        30901    0.1030%  24.1180%
  [   118500,   119000)        31514    0.1050%  24.2230%
  [   119000,   119500)        30903    0.1030%  24.3260%
  [   119500,   120000)        30738    0.1025%  24.4285%
  [   120000,   120500)        30865    0.1029%  24.5314%
  [   120500,   121000)        30652    0.1022%  24.6335%
  [   121000,   121500)        30371    0.1012%  24.7348%
  [   121500,   122000)        30621    0.1021%  24.8369%
  [   122000,   122500)        31232    0.1041%  24.9410%
  [   122500,   123000)        31055    0.1035%  25.0445%
  [   123000,   123500)        31482    0.1049%  25.1494%
  [   123500,   124000)        31528    0.1051%  25.2545%
  [   124000,   124500)        31694    0.1056%  25.3602%
  [   124500,   125000)        32085    0.1070%  25.4671%
  [   125000,   125500)        32205    0.1074%  25.5745%
  [   125500,   126000)        32563    0.1085%  25.6830%
  [   126000,   126500)        32333    0.1078%  25.7908%
  [   126500,   127000)        32873    0.1096%  25.9004%
  [   127000,   127500)        33383    0.1113%  26.0116%
  [   127500,   128000)        33546    0.1118%  26.1235%
  [   128000,   128500)        33630    0.1121%  26.2356%
  [   128500,   129000)        34119    0.1137%  26.3493%
  [   129000,   129500)        34767    0.1159%  26.4652%
  [   129500,   130000)        35075    0.1169%  26.5821%
  [   130000,   130500)        35860    0.1195%  26.7016%
  [   130500,   131000)        36019    0.1201%  26.8217%
  [   131000,   131500)        36930    0.1231%  26.9448%
  [   131500,   132000)        37708    0.1257%  27.0705%
  [   132000,   132500)        38120    0.1271%  27.1975%
  [   132500,   133000)        38571    0.1286%  27.3261%
  [   133000,   133500)        38926    0.1298%  27.4559%
  [   133500,   134000)        39556    0.1319%  27.5877%
  [   134000,   134500)        40170    0.1339%  27.7216%
  [   134500,   135000)        40637    0.1355%  27.8571%
  [   135000,   135500)        41104    0.1370%  27.9941%
  [   135500,   136000)        41973    0.1399%  28.1340%
  [   136000,   136500)        42349    0.1412%  28.2752%
  [   136500,   137000)        43013    0.1434%  28.4185%
  [   137000,   137500)        43496    0.1450%  28.5635%
  [   137500,   138000)        43894    0.1463%  28.7098%
  [   138000,   138500)        45077    0.1503%  28.8601%
  [   138500,   139000)        45956    0.1532%  29.0133%
  [   139000,   139500)        46598    0.1553%  29.1686%
  [   139500,   140000)        47281    0.1576%  29.3262%
  [   140000,   140500)        48046    0.1602%  29.4864%
  [   140500,   141000)        48782    0.1626%  29.6490%
  [   141000,   141500)        49231    0.1641%  29.8131%
  [   141500,   142000)        50020    0.1667%  29.9798%
  [   142000,   142500)        50606    0.1687%  30.1485%
  [   142500,   143000)        51104    0.1703%  30.3188%
  [   143000,   143500)        51721    0.1724%  30.4913%
  [   143500,   144000)        52184    0.1739%  30.6652%
  [   144000,   144500)        53228    0.1774%  30.8426%
  [   144500,   145000)        53516    0.1784%  31.0210%
  [   145000,   145500)        54372    0.1812%  31.2023%
  [   145500,   146000)        55232    0.1841%  31.3864%
  [   146000,   146500)        55562    0.1852%  31.5716%
  [   146500,   147000)        56400    0.1880%  31.7596%
  [   147000,   147500)        57282    0.1909%  31.9505%
  [   147500,   148000)        57871    0.1929%  32.1434%
  [   148000,   148500)        59202    0.1973%  32.3407%
  [   148500,   149000)        59432    0.1981%  32.5389%
  [   149000,   149500)        59934    0.1998%  32.7386%
  [   149500,   150000)        60784    0.2026%  32.9412%
  [   150000,   150500)        60817    0.2027%  33.1440%
  [   150500,   151000)        62230    0.2074%  33.3514%
  [   151000,   151500)        62064    0.2069%  33.5583%
  [   151500,   152000)        62710    0.2090%  33.7673%
  [   152000,   152500)        63353    0.2112%  33.9785%
  [   152500,   153000)        63976    0.2133%  34.1918%
  [   153000,   153500)        64298    0.2143%  34.4061%
  [   153500,   154000)        65335    0.2178%  34.6239%
  [   154000,   154500)        65891    0.2196%  34.8435%
  [   154500,   155000)        66844    0.2228%  35.0663%
  [   155000,   155500)        66860    0.2229%  35.2892%
  [   155500,   156000)        67179    0.2239%  35.5131%
  [   156000,   156500)        68294    0.2276%  35.7408%
  [   156500,   157000)        68869    0.2296%  35.9703%
  [   157000,   157500)        68940    0.2298%  36.2001%
  [   157500,   158000)        69827    0.2328%  36.4329%
  [   158000,   158500)        70319    0.2344%  36.6673%
  [   158500,   159000)        70258    0.2342%  36.9015%
  [   159000,   159500)        70346    0.2345%  37.1360%
  [   159500,   160000)        70725    0.2358%  37.3717%
  [   160000,   160500)        71858    0.2395%  37.6112%
  [   160500,   161000)        71722    0.2391%  37.8503%
  [   161000,   161500)        72234    0.2408%  38.0911%
  [   161500,   162000)        72626    0.2421%  38.3332%
  [   162000,   162500)        73088    0.2436%  38.5768%
  [   162500,   163000)        73576    0.2453%  38.8220%
  [   163000,   163500)        74576    0.2486%  39.0706%
  [   163500,   164000)        75051    0.2502%  39.3208%
  [   164000,   164500)        75007    0.2500%  39.5708%
  [   164500,   165000)        75156    0.2505%  39.8213%
  [   165000,   165500)        74842    0.2495%  40.0708%
  [   165500,   166000)        75302    0.2510%  40.3218%
  [   166000,   166500)        75347    0.2512%  40.5730%
  [   166500,   167000)        75119    0.2504%  40.8234%
  [   167000,   167500)        75482    0.2516%  41.0750%
  [   167500,   168000)        76059    0.2535%  41.3285%
  [   168000,   168500)        75885    0.2530%  41.5815%
  [   168500,   169000)        76038    0.2535%  41.8349%
  [   169000,   169500)        76617    0.2554%  42.0903%
  [   169500,   170000)        75855    0.2529%  42.3432%
  [   170000,   170500)        76554    0.2552%  42.5984%
  [   170500,   171000)        76990    0.2566%  42.8550%
  [   171000,   171500)        76862    0.2562%  43.1112%
  [   171500,   172000)        76293    0.2543%  43.3655%
  [   172000,   172500)        77199    0.2573%  43.6228%
  [   172500,   173000)        76780    0.2559%  43.8788%
  [   173000,   173500)        76740    0.2558%  44.1346%
  [   173500,   174000)        77003    0.2567%  44.3912%
  [   174000,   174500)        76699    0.2557%  44.6469%
  [   174500,   175000)        76564    0.2552%  44.9021%
  [   175000,   175500)        76017    0.2534%  45.1555%
  [   175500,   176000)        76087    0.2536%  45.4091%
  [   176000,   176500)        76194    0.2540%  45.6631%
  [   176500,   177000)        75854    0.2528%  45.9160%
  [   177000,   177500)        75734    0.2524%  46.1684%
  [   177500,   178000)        76140    0.2538%  46.4222%
  [   178000,   178500)        75341    0.2511%  46.6733%
  [   178500,   179000)        75662    0.2522%  46.9255%
  [   179000,   179500)        75570    0.2519%  47.1774%
  [   179500,   180000)        75601    0.2520%  47.4295%
  [   180000,   180500)        75037    0.2501%  47.6796%
  [   180500,   181000)        74868    0.2496%  47.9291%
  [   181000,   181500)        74212    0.2474%  48.1765%
  [   181500,   182000)        73882    0.2463%  48.4228%
  [   182000,   182500)        74078    0.2469%  48.6697%
  [   182500,   183000)        73061    0.2435%  48.9132%
  [   183000,   183500)        72945    0.2432%  49.1564%
  [   183500,   184000)        72219    0.2407%  49.3971%
  [   184000,   184500)        72012    0.2400%  49.6372%
  [   184500,   185000)        71639    0.2388%  49.8760%
  [   185000,   185500)        71757    0.2392%  50.1152%
  [   185500,   186000)        71015    0.2367%  50.3519%
  [   186000,   186500)        70662    0.2355%  50.5874%
  [   186500,   187000)        70815    0.2361%  50.8235%
  [   187000,   187500)        70391    0.2346%  51.0581%
  [   187500,   188000)        69926    0.2331%  51.2912%
  [   188000,   188500)        69190    0.2306%  51.5218%
  [   188500,   189000)        69234    0.2308%  51.7526%
  [   189000,   189500)        68443    0.2281%  51.9807%
  [   189500,   190000)        67927    0.2264%  52.2072%
  [   190000,   190500)        67612    0.2254%  52.4325%
  [   190500,   191000)        67140    0.2238%  52.6563%
  [   191000,   191500)        66728    0.2224%  52.8788%
  [   191500,   192000)        65817    0.2194%  53.0982%
  [   192000,   192500)        65963    0.2199%  53.3180%
  [   192500,   193000)        64719    0.2157%  53.5338%
  [   193000,   193500)        65083    0.2169%  53.7507%
  [   193500,   194000)        64931    0.2164%  53.9671%
  [   194000,   194500)        64312    0.2144%  54.1815%
  [   194500,   195000)        64071    0.2136%  54.3951%
  [   195000,   195500)        63588    0.2120%  54.6070%
  [   195500,   196000)        63220    0.2107%  54.8178%
  [   196000,   196500)        62398    0.2080%  55.0258%
  [   196500,   197000)        61670    0.2056%  55.2313%
  [   197000,   197500)        61369    0.2046%  55.4359%
  [   197500,   198000)        60649    0.2022%  55.6381%
  [   198000,   198500)        60016    0.2001%  55.8381%
  [   198500,   199000)        59827    0.1994%  56.0375%
  [   199000,   199500)        59770    0.1992%  56.2368%
  [   199500,   200000)        59324    0.1977%  56.4345%
  [   200000,   200500)        58945    0.1965%  56.6310%
  [   200500,   201000)        58446    0.1948%  56.8258%
  [   201000,   201500)        58078    0.1936%  57.0194%
  [   201500,   202000)        57942    0.1931%  57.2126%
  [   202000,   202500)        57887    0.1930%  57.4055%
  [   202500,   203000)        57772    0.1926%  57.5981%
  [   203000,   203500)        57300    0.1910%  57.7891%
  [   203500,   204000)        56661    0.1889%  57.9780%
  [   204000,   204500)        56295    0.1877%  58.1656%
  [   204500,   205000)        55913    0.1864%  58.3520%
  [   205000,   205500)        56011    0.1867%  58.5387%
  [   205500,   206000)        54991    0.1833%  58.7220%
  [   206000,   206500)        54448    0.1815%  58.9035%
  [   206500,   207000)        54299    0.1810%  59.0845%
  [   207000,   207500)        54003    0.1800%  59.2645%
  [   207500,   208000)        54105    0.1804%  59.4448%
  [   208000,   208500)        53588    0.1786%  59.6235%
  [   208500,   209000)        53842    0.1795%  59.8029%
  [   209000,   209500)        53684    0.1789%  59.9819%
  [   209500,   210000)        53765    0.1792%  60.1611%
  [   210000,   210500)        53464    0.1782%  60.3393%
  [   210500,   211000)        53327    0.1778%  60.5171%
  [   211000,   211500)        53409    0.1780%  60.6951%
  [   211500,   212000)        53229    0.1774%  60.8725%
  [   212000,   212500)        53275    0.1776%  61.0501%
  [   212500,   213000)        52361    0.1745%  61.2247%
  [   213000,   213500)        52736    0.1758%  61.4004%
  [   213500,   214000)        52566    0.1752%  61.5757%
  [   214000,   214500)        51914    0.1730%  61.7487%
  [   214500,   215000)        52583    0.1753%  61.9240%
  [   215000,   215500)        52062    0.1735%  62.0975%
  [   215500,   216000)        51931    0.1731%  62.2706%
  [   216000,   216500)        51908    0.1730%  62.4437%
  [   216500,   217000)        52528    0.1751%  62.6188%
  [   217000,   217500)        52537    0.1751%  62.7939%
  [   217500,   218000)        53022    0.1767%  62.9706%
  [   218000,   218500)        52898    0.1763%  63.1469%
  [   218500,   219000)        52756    0.1759%  63.3228%
  [   219000,   219500)        52818    0.1761%  63.4989%
  [   219500,   220000)        52902    0.1763%  63.6752%
  [   220000,   220500)        53108    0.1770%  63.8522%
  [   220500,   221000)        52526    0.1751%  64.0273%
  [   221000,   221500)        52860    0.1762%  64.2035%
  [   221500,   222000)        52736    0.1758%  64.3793%
  [   222000,   222500)        53094    0.1770%  64.5563%
  [   222500,   223000)        53024    0.1767%  64.7330%
  [   223000,   223500)        53738    0.1791%  64.9121%
  [   223500,   224000)        54352    0.1812%  65.0933%
  [   224000,   224500)        54115    0.1804%  65.2737%
  [   224500,   225000)        54000    0.1800%  65.4537%
  [   225000,   225500)        54760    0.1825%  65.6362%
  [   225500,   226000)        54866    0.1829%  65.8191%
  [   226000,   226500)        55196    0.1840%  66.0031%
  [   226500,   227000)        55255    0.1842%  66.1873%
  [   227000,   227500)        55270    0.1842%  66.3715%
  [   227500,   228000)        55260    0.1842%  66.5557%
  [   228000,   228500)        55532    0.1851%  66.7408%
  [   228500,   229000)        56020    0.1867%  66.9276%
  [   229000,   229500)        55962    0.1865%  67.1141%
  [   229500,   230000)        56131    0.1871%  67.3012%
  [   230000,   230500)        55936    0.1865%  67.4877%
  [   230500,   231000)        56912    0.1897%  67.6774%
  [   231000,   231500)        57055    0.1902%  67.8676%
  [   231500,   232000)        57191    0.1906%  68.0582%
  [   232000,   232500)        57281    0.1909%  68.2491%
  [   232500,   233000)        57461    0.1915%  68.4407%
  [   233000,   233500)        58327    0.1944%  68.6351%
  [   233500,   234000)        58502    0.1950%  68.8301%
  [   234000,   234500)        58941    0.1965%  69.0266%
  [   234500,   235000)        59002    0.1967%  69.2232%
  [   235000,   235500)        58946    0.1965%  69.4197%
  [   235500,   236000)        59424    0.1981%  69.6178%
  [   236000,   236500)        59655    0.1989%  69.8167%
  [   236500,   237000)        59547    0.1985%  70.0151%
  [   237000,   237500)        59676    0.1989%  70.2141%
  [   237500,   238000)        59778    0.1993%  70.4133%
  [   238000,   238500)        59699    0.1990%  70.6123%
  [   238500,   239000)        60113    0.2004%  70.8127%
  [   239000,   239500)        60411    0.2014%  71.0141%
  [   239500,   240000)        60452    0.2015%  71.2156%
  [   240000,   240500)        60177    0.2006%  71.4162%
  [   240500,   241000)        60634    0.2021%  71.6183%
  [   241000,   241500)        61118    0.2037%  71.8220%
  [   241500,   242000)        61363    0.2045%  72.0266%
  [   242000,   242500)        61291    0.2043%  72.2309%
  [   242500,   243000)        61399    0.2047%  72.4355%
  [   243000,   243500)        61610    0.2054%  72.6409%
  [   243500,   244000)        61438    0.2048%  72.8457%
  [   244000,   244500)        61508    0.2050%  73.0507%
  [   244500,   245000)        61220    0.2041%  73.2548%
  [   245000,   245500)        60949    0.2032%  73.4579%
  [   245500,   246000)        61134    0.2038%  73.6617%
  [   246000,   246500)        61577    0.2053%  73.8670%
  [   246500,   247000)        61014    0.2034%  74.0704%
  [   247000,   247500)        61259    0.2042%  74.2745%
  [   247500,   248000)        60830    0.2028%  74.4773%
  [   248000,   248500)        62131    0.2071%  74.6844%
  [   248500,   249000)        61237    0.2041%  74.8885%
  [   249000,   249500)        61379    0.2046%  75.0931%
  [   249500,   250000)        61682    0.2056%  75.2987%
  [   250000,   250500)        61265    0.2042%  75.5030%
  [   250500,   251000)        61205    0.2040%  75.7070%
  [   251000,   251500)        60926    0.2031%  75.9101%
  [   251500,   252000)        61053    0.2035%  76.1136%
  [   252000,   252500)        60510    0.2017%  76.3153%
  [   252500,   253000)        59567    0.1986%  76.5138%
  [   253000,   253500)        59850    0.1995%  76.7133%
  [   253500,   254000)        59153    0.1972%  76.9105%
  [   254000,   254500)        59098    0.1970%  77.1075%
  [   254500,   255000)        58963    0.1965%  77.3040%
  [   255000,   255500)        58457    0.1949%  77.4989%
  [   255500,   256000)        58787    0.1960%  77.6949%
  [   256000,   256500)        58886    0.1963%  77.8911%
  [   256500,   257000)        58717    0.1957%  78.0869%
  [   257000,   257500)        58138    0.1938%  78.2807%
  [   257500,   258000)        58109    0.1937%  78.4744%
  [   258000,   258500)        57232    0.1908%  78.6651%
  [   258500,   259000)        57241    0.1908%  78.8559%
  [   259000,   259500)        56650    0.1888%  79.0448%
  [   259500,   260000)        56147    0.1872%  79.2319%
  [   260000,   260500)        55535    0.1851%  79.4170%
  [   260500,   261000)        55099    0.1837%  79.6007%
  [   261000,   261500)        54459    0.1815%  79.7822%
  [   261500,   262000)        54026    0.1801%  79.9623%
  [   262000,   262500)        54073    0.1802%  80.1426%
  [   262500,   263000)        53444    0.1781%  80.3207%
  [   263000,   263500)        53324    0.1777%  80.4985%
  [   263500,   264000)        52788    0.1760%  80.6744%
  [   264000,   264500)        52362    0.1745%  80.8490%
  [   264500,   265000)        52046    0.1735%  81.0224%
  [   265000,   265500)        51421    0.1714%  81.1939%
  [   265500,   266000)        51452    0.1715%  81.3654%
  [   266000,   266500)        51046    0.1702%  81.5355%
  [   266500,   267000)        49936    0.1665%  81.7020%
  [   267000,   267500)        49440    0.1648%  81.8668%
  [   267500,   268000)        48258    0.1609%  82.0276%
  [   268000,   268500)        48275    0.1609%  82.1885%
  [   268500,   269000)        47824    0.1594%  82.3480%
  [   269000,   269500)        47562    0.1585%  82.5065%
  [   269500,   270000)        46681    0.1556%  82.6621%
  [   270000,   270500)        46176    0.1539%  82.8160%
  [   270500,   271000)        45969    0.1532%  82.9692%
  [   271000,   271500)        45428    0.1514%  83.1207%
  [   271500,   272000)        44775    0.1493%  83.2699%
  [   272000,   272500)        44641    0.1488%  83.4187%
  [   272500,   273000)        44257    0.1475%  83.5663%
  [   273000,   273500)        43239    0.1441%  83.7104%
  [   273500,   274000)        43278    0.1443%  83.8546%
  [   274000,   274500)        42456    0.1415%  83.9962%
  [   274500,   275000)        41971    0.1399%  84.1361%
  [   275000,   275500)        41085    0.1370%  84.2730%
  [   275500,   276000)        40805    0.1360%  84.4090%
  [   276000,   276500)        40358    0.1345%  84.5436%
  [   276500,   277000)        39916    0.1331%  84.6766%
  [   277000,   277500)        39232    0.1308%  84.8074%
  [   277500,   278000)        38890    0.1296%  84.9370%
  [   278000,   278500)        38181    0.1273%  85.0643%
  [   278500,   279000)        37667    0.1256%  85.1898%
  [   279000,   279500)        37487    0.1250%  85.3148%
  [   279500,   280000)        37116    0.1237%  85.4385%
  [   280000,   280500)        36732    0.1224%  85.5610%
  [   280500,   281000)        36164    0.1205%  85.6815%
  [   281000,   281500)        35883    0.1196%  85.8011%
  [   281500,   282000)        35701    0.1190%  85.9201%
  [   282000,   282500)        34677    0.1156%  86.0357%
  [   282500,   283000)        34086    0.1136%  86.1493%
  [   283000,   283500)        33935    0.1131%  86.2625%
  [   283500,   284000)        33702    0.1123%  86.3748%
  [   284000,   284500)        32835    0.1095%  86.4842%
  [   284500,   285000)        32367    0.1079%  86.5921%
  [   285000,   285500)        31870    0.1062%  86.6984%
  [   285500,   286000)        31691    0.1056%  86.8040%
  [   286000,   286500)        31538    0.1051%  86.9091%
  [   286500,   287000)        31024    0.1034%  87.0125%
  [   287000,   287500)        30813    0.1027%  87.1153%
  [   287500,   288000)        30463    0.1015%  87.2168%
  [   288000,   288500)        30244    0.1008%  87.3176%
  [   288500,   289000)        30226    0.1008%  87.4184%
  [   289000,   289500)        29452    0.0982%  87.5165%
  [   289500,   290000)        29048    0.0968%  87.6134%
  [   290000,   290500)        28764    0.0959%  87.7092%
  [   290500,   291000)        28548    0.0952%  87.8044%
  [   291000,   291500)        28112    0.0937%  87.8981%
  [   291500,   292000)        27957    0.0932%  87.9913%
  [   292000,   292500)        27713    0.0924%  88.0837%
  [   292500,   293000)        27200    0.0907%  88.1743%
  [   293000,   293500)        27005    0.0900%  88.2644%
  [   293500,   294000)        27048    0.0902%  88.3545%
  [   294000,   294500)        26197    0.0873%  88.4418%
  [   294500,   295000)        26101    0.0870%  88.5288%
  [   295000,   295500)        26085    0.0870%  88.6158%
  [   295500,   296000)        25915    0.0864%  88.7022%
  [   296000,   296500)        25616    0.0854%  88.7876%
  [   296500,   297000)        25645    0.0855%  88.8730%
  [   297000,   297500)        25364    0.0845%  88.9576%
  [   297500,   298000)        25020    0.0834%  89.0410%
  [   298000,   298500)        24961    0.0832%  89.1242%
  [   298500,   299000)        24666    0.0822%  89.2064%
  [   299000,   299500)        24441    0.0815%  89.2879%
  [   299500,   300000)        24178    0.0806%  89.3685%
  [   300000,   300500)        24235    0.0808%  89.4493%
  [   300500,   301000)        23899    0.0797%  89.5289%
  [   301000,   301500)        23901    0.0797%  89.6086%
  [   301500,   302000)        23532    0.0784%  89.6870%
  [   302000,   302500)        23294    0.0776%  89.7647%
  [   302500,   303000)        23384    0.0779%  89.8426%
  [   303000,   303500)        23231    0.0774%  89.9201%
  [   303500,   304000)        23293    0.0776%  89.9977%
  [   304000,   304500)        23060    0.0769%  90.0746%
  [   304500,   305000)        22741    0.0758%  90.1504%
  [   305000,   305500)        22766    0.0759%  90.2263%
  [   305500,   306000)        22628    0.0754%  90.3017%
  [   306000,   306500)        22615    0.0754%  90.3771%
  [   306500,   307000)        22279    0.0743%  90.4513%
  [   307000,   307500)        22499    0.0750%  90.5263%
  [   307500,   308000)        21963    0.0732%  90.5995%
  [   308000,   308500)        21963    0.0732%  90.6728%
  [   308500,   309000)        21768    0.0726%  90.7453%
  [   309000,   309500)        21855    0.0729%  90.8182%
  [   309500,   310000)        21323    0.0711%  90.8892%
  [   310000,   310500)        21502    0.0717%  90.9609%
  [   310500,   311000)        21536    0.0718%  91.0327%
  [   311000,   311500)        21393    0.0713%  91.1040%
  [   311500,   312000)        21409    0.0714%  91.1754%
  [   312000,   312500)        21180    0.0706%  91.2460%
  [   312500,   313000)        21294    0.0710%  91.3170%
  [   313000,   313500)        21228    0.0708%  91.3877%
  [   313500,   314000)        21088    0.0703%  91.4580%
  [   314000,   314500)        21125    0.0704%  91.5284%
  [   314500,   315000)        20759    0.0692%  91.5976%
  [   315000,   315500)        20626    0.0688%  91.6664%
  [   315500,   316000)        20850    0.0695%  91.7359%
  [   316000,   316500)        20435    0.0681%  91.8040%
  [   316500,   317000)        20530    0.0684%  91.8724%
  [   317000,   317500)        20287    0.0676%  91.9401%
  [   317500,   318000)        20196    0.0673%  92.0074%
  [   318000,   318500)        20552    0.0685%  92.0759%
  [   318500,   319000)        20255    0.0675%  92.1434%
  [   319000,   319500)        20179    0.0673%  92.2107%
  [   319500,   320000)        20389    0.0680%  92.2786%
  [   320000,   320500)        20076    0.0669%  92.3455%
  [   320500,   321000)        19851    0.0662%  92.4117%
  [   321000,   321500)        19893    0.0663%  92.4780%
  [   321500,   322000)        19712    0.0657%  92.5437%
  [   322000,   322500)        19569    0.0652%  92.6090%
  [   322500,   323000)        19470    0.0649%  92.6739%
  [   323000,   323500)        19650    0.0655%  92.7394%
  [   323500,   324000)        19447    0.0648%  92.8042%
  [   324000,   324500)        19143    0.0638%  92.8680%
  [   324500,   325000)        19125    0.0638%  92.9317%
  [   325000,   325500)        19100    0.0637%  92.9954%
  [   325500,   326000)        19140    0.0638%  93.0592%
  [   326000,   326500)        18933    0.0631%  93.1223%
  [   326500,   327000)        18766    0.0626%  93.1849%
  [   327000,   327500)        18993    0.0633%  93.2482%
  [   327500,   328000)        18577    0.0619%  93.3101%
  [   328000,   328500)        18665    0.0622%  93.3723%
  [   328500,   329000)        18605    0.0620%  93.4343%
  [   329000,   329500)        18639    0.0621%  93.4965%
  [   329500,   330000)        18437    0.0615%  93.5579%
  [   330000,   330500)        18349    0.0612%  93.6191%
  [   330500,   331000)        17739    0.0591%  93.6782%
  [   331000,   331500)        17737    0.0591%  93.7373%
  [   331500,   332000)        17862    0.0595%  93.7969%
  [   332000,   332500)        17632    0.0588%  93.8557%
  [   332500,   333000)        17447    0.0582%  93.9138%
  [   333000,   333500)        17506    0.0584%  93.9722%
  [   333500,   334000)        17693    0.0590%  94.0311%
  [   334000,   334500)        17462    0.0582%  94.0894%
  [   334500,   335000)        17244    0.0575%  94.1468%
  [   335000,   335500)        17335    0.0578%  94.2046%
  [   335500,   336000)        17178    0.0573%  94.2619%
  [   336000,   336500)        16850    0.0562%  94.3180%
  [   336500,   337000)        16695    0.0557%  94.3737%
  [   337000,   337500)        16522    0.0551%  94.4288%
  [   337500,   338000)        16596    0.0553%  94.4841%
  [   338000,   338500)        16572    0.0552%  94.5393%
  [   338500,   339000)        16170    0.0539%  94.5932%
  [   339000,   339500)        16184    0.0539%  94.6472%
  [   339500,   340000)        15801    0.0527%  94.6998%
  [   340000,   340500)        15737    0.0525%  94.7523%
  [   340500,   341000)        15774    0.0526%  94.8049%
  [   341000,   341500)        15592    0.0520%  94.8569%
  [   341500,   342000)        15663    0.0522%  94.9091%
  [   342000,   342500)        15441    0.0515%  94.9605%
  [   342500,   343000)        15135    0.0505%  95.0110%
  [   343000,   343500)        15207    0.0507%  95.0617%
  [   343500,   344000)        14947    0.0498%  95.1115%
  [   344000,   344500)        14739    0.0491%  95.1606%
  [   344500,   345000)        14437    0.0481%  95.2087%
  [   345000,   345500)        14381    0.0479%  95.2567%
  [   345500,   346000)        14435    0.0481%  95.3048%
  [   346000,   346500)        14179    0.0473%  95.3521%
  [   346500,   347000)        14039    0.0468%  95.3989%
  [   347000,   347500)        13692    0.0456%  95.4445%
  [   347500,   348000)        13816    0.0461%  95.4906%
  [   348000,   348500)        13624    0.0454%  95.5360%
  [   348500,   349000)        13231    0.0441%  95.5801%
  [   349000,   349500)        13414    0.0447%  95.6248%
  [   349500,   350000)        13235    0.0441%  95.6689%
  [   350000,   350500)        13161    0.0439%  95.7128%
  [   350500,   351000)        12972    0.0432%  95.7560%
  [   351000,   351500)        12906    0.0430%  95.7990%
  [   351500,   352000)        12806    0.0427%  95.8417%
  [   352000,   352500)        12459    0.0415%  95.8832%
  [   352500,   353000)        12439    0.0415%  95.9247%
  [   353000,   353500)        12161    0.0405%  95.9652%
  [   353500,   354000)        12008    0.0400%  96.0053%
  [   354000,   354500)        11794    0.0393%  96.0446%
  [   354500,   355000)        11913    0.0397%  96.0843%
  [   355000,   355500)        11634    0.0388%  96.1231%
  [   355500,   356000)        11572    0.0386%  96.1617%
  [   356000,   356500)        11353    0.0378%  96.1995%
  [   356500,   357000)        11175    0.0373%  96.2367%
  [   357000,   357500)        10838    0.0361%  96.2729%
  [   357500,   358000)        11295    0.0377%  96.3105%
  [   358000,   358500)        10897    0.0363%  96.3468%
  [   358500,   359000)        10888    0.0363%  96.3831%
  [   359000,   359500)        10667    0.0356%  96.4187%
  [   359500,   360000)        10565    0.0352%  96.4539%
  [   360000,   360500)        10658    0.0355%  96.4894%
  [   360500,   361000)        10304    0.0343%  96.5238%
  [   361000,   361500)        10438    0.0348%  96.5586%
  [   361500,   362000)        10080    0.0336%  96.5922%
  [   362000,   362500)        10053    0.0335%  96.6257%
  [   362500,   363000)         9732    0.0324%  96.6581%
  [   363000,   363500)         9609    0.0320%  96.6902%
  [   363500,   364000)         9568    0.0319%  96.7221%
  [   364000,   364500)         9547    0.0318%  96.7539%
  [   364500,   365000)         9208    0.0307%  96.7846%
  [   365000,   365500)         9312    0.0310%  96.8156%
  [   365500,   366000)         9052    0.0302%  96.8458%
  [   366000,   366500)         8959    0.0299%  96.8756%
  [   366500,   367000)         9106    0.0304%  96.9060%
  [   367000,   367500)         8824    0.0294%  96.9354%
  [   367500,   368000)         8655    0.0289%  96.9643%
  [   368000,   368500)         8829    0.0294%  96.9937%
  [   368500,   369000)         8524    0.0284%  97.0221%
  [   369000,   369500)         8479    0.0283%  97.0504%
  [   369500,   370000)         8422    0.0281%  97.0784%
  [   370000,   370500)         8175    0.0273%  97.1057%
  [   370500,   371000)         8002    0.0267%  97.1324%
  [   371000,   371500)         7957    0.0265%  97.1589%
  [   371500,   372000)         7877    0.0263%  97.1851%
  [   372000,   372500)         7787    0.0260%  97.2111%
  [   372500,   373000)         7762    0.0259%  97.2370%
  [   373000,   373500)         7739    0.0258%  97.2628%
  [   373500,   374000)         7549    0.0252%  97.2879%
  [   374000,   374500)         7627    0.0254%  97.3134%
  [   374500,   375000)         7440    0.0248%  97.3382%
  [   375000,   375500)         7375    0.0246%  97.3627%
  [   375500,   376000)         7331    0.0244%  97.3872%
  [   376000,   376500)         7363    0.0245%  97.4117%
  [   376500,   377000)         7243    0.0241%  97.4359%
  [   377000,   377500)         6966    0.0232%  97.4591%
  [   377500,   378000)         6966    0.0232%  97.4823%
  [   378000,   378500)         6777    0.0226%  97.5049%
  [   378500,   379000)         6790    0.0226%  97.5275%
  [   379000,   379500)         6676    0.0223%  97.5498%
  [   379500,   380000)         6619    0.0221%  97.5718%
  [   380000,   380500)         6696    0.0223%  97.5942%
  [   380500,   381000)         6606    0.0220%  97.6162%
  [   381000,   381500)         6539    0.0218%  97.6380%
  [   381500,   382000)         6473    0.0216%  97.6596%
  [   382000,   382500)         6494    0.0216%  97.6812%
  [   382500,   383000)         6464    0.0215%  97.7028%
  [   383000,   383500)         6140    0.0205%  97.7232%
  [   383500,   384000)         6041    0.0201%  97.7434%
  [   384000,   384500)         6133    0.0204%  97.7638%
  [   384500,   385000)         6051    0.0202%  97.7840%
  [   385000,   385500)         6030    0.0201%  97.8041%
  [   385500,   386000)         5969    0.0199%  97.8240%
  [   386000,   386500)         5893    0.0196%  97.8436%
  [   386500,   387000)         5940    0.0198%  97.8634%
  [   387000,   387500)         5811    0.0194%  97.8828%
  [   387500,   388000)         5692    0.0190%  97.9018%
  [   388000,   388500)         5676    0.0189%  97.9207%
  [   388500,   389000)         5749    0.0192%  97.9398%
  [   389000,   389500)         5685    0.0190%  97.9588%
  [   389500,   390000)         5588    0.0186%  97.9774%
  [   390000,   390500)         5633    0.0188%  97.9962%
  [   390500,   391000)         5465    0.0182%  98.0144%
  [   391000,   391500)         5539    0.0185%  98.0329%
  [   391500,   392000)         5419    0.0181%  98.0509%
  [   392000,   392500)         5355    0.0179%  98.0688%
  [   392500,   393000)         5381    0.0179%  98.0867%
  [   393000,   393500)         5287    0.0176%  98.1043%
  [   393500,   394000)         5299    0.0177%  98.1220%
  [   394000,   394500)         5255    0.0175%  98.1395%
  [   394500,   395000)         5192    0.0173%  98.1568%
  [   395000,   395500)         5202    0.0173%  98.1742%
  [   395500,   396000)         5109    0.0170%  98.1912%
  [   396000,   396500)         5027    0.0168%  98.2080%
  [   396500,   397000)         4919    0.0164%  98.2244%
  [   397000,   397500)         4963    0.0165%  98.2409%
  [   397500,   398000)         4945    0.0165%  98.2574%
  [   398000,   398500)         5085    0.0170%  98.2743%
  [   398500,   399000)         4851    0.0162%  98.2905%
  [   399000,   399500)         4790    0.0160%  98.3065%
  [   399500,   400000)         4810    0.0160%  98.3225%
  [   400000,   400500)         4792    0.0160%  98.3385%
  [   400500,   401000)         4633    0.0154%  98.3539%
  [   401000,   401500)         4683    0.0156%  98.3695%
  [   401500,   402000)         4586    0.0153%  98.3848%
  [   402000,   402500)         4626    0.0154%  98.4002%
  [   402500,   403000)         4626    0.0154%  98.4157%
  [   403000,   403500)         4543    0.0151%  98.4308%
  [   403500,   404000)         4655    0.0155%  98.4463%
  [   404000,   404500)         4519    0.0151%  98.4614%
  [   404500,   405000)         4534    0.0151%  98.4765%
  [   405000,   405500)         4439    0.0148%  98.4913%
  [   405500,   406000)         4431    0.0148%  98.5061%
  [   406000,   406500)         4328    0.0144%  98.5205%
  [   406500,   407000)         4251    0.0142%  98.5347%
  [   407000,   407500)         4285    0.0143%  98.5489%
  [   407500,   408000)         4313    0.0144%  98.5633%
  [   408000,   408500)         4291    0.0143%  98.5776%
  [   408500,   409000)         4166    0.0139%  98.5915%
  [   409000,   409500)         4152    0.0138%  98.6053%
  [   409500,   410000)         4182    0.0139%  98.6193%
  [   410000,   410500)         3977    0.0133%  98.6325%
  [   410500,   411000)         4100    0.0137%  98.6462%
  [   411000,   411500)         4064    0.0135%  98.6598%
  [   411500,   412000)         4050    0.0135%  98.6733%
  [   412000,   412500)         3988    0.0133%  98.6865%
  [   412500,   413000)         4066    0.0136%  98.7001%
  [   413000,   413500)         4002    0.0133%  98.7134%
  [   413500,   414000)         3933    0.0131%  98.7265%
  [   414000,   414500)         3846    0.0128%  98.7394%
  [   414500,   415000)         3920    0.0131%  98.7524%
  [   415000,   415500)         3885    0.0130%  98.7654%
  [   415500,   416000)         3916    0.0131%  98.7784%
  [   416000,   416500)         3806    0.0127%  98.7911%
  [   416500,   417000)         3718    0.0124%  98.8035%
  [   417000,   417500)         3606    0.0120%  98.8155%
  [   417500,   418000)         3562    0.0119%  98.8274%
  [   418000,   418500)         3665    0.0122%  98.8396%
  [   418500,   419000)         3515    0.0117%  98.8513%
  [   419000,   419500)         3475    0.0116%  98.8629%
  [   419500,   420000)         3432    0.0114%  98.8744%
  [   420000,   420500)         3598    0.0120%  98.8864%
  [   420500,   421000)         3335    0.0111%  98.8975%
  [   421000,   421500)         3344    0.0111%  98.9086%
  [   421500,   422000)         3356    0.0112%  98.9198%
  [   422000,   422500)         3343    0.0111%  98.9310%
  [   422500,   423000)         3399    0.0113%  98.9423%
  [   423000,   423500)         3273    0.0109%  98.9532%
  [   423500,   424000)         3272    0.0109%  98.9641%
  [   424000,   424500)         3215    0.0107%  98.9748%
  [   424500,   425000)         3187    0.0106%  98.9854%
  [   425000,   425500)         3195    0.0107%  98.9961%
  [   425500,   426000)         3201    0.0107%  99.0068%
  [   426000,   426500)         3057    0.0102%  99.0170%
  [   426500,   427000)         2969    0.0099%  99.0268%
  [   427000,   427500)         3008    0.0100%  99.0369%
  [   427500,   428000)         2960    0.0099%  99.0467%
  [   428000,   428500)         2965    0.0099%  99.0566%
  [   428500,   429000)         3056    0.0102%  99.0668%
  [   429000,   429500)         2972    0.0099%  99.0767%
  [   429500,   430000)         2906    0.0097%  99.0864%
  [   430000,   430500)         2903    0.0097%  99.0961%
  [   430500,   431000)         2899    0.0097%  99.1057%
  [   431000,   431500)         2779    0.0093%  99.1150%
  [   431500,   432000)         2765    0.0092%  99.1242%
  [   432000,   432500)         2824    0.0094%  99.1336%
  [   432500,   433000)         2770    0.0092%  99.1429%
  [   433000,   433500)         2759    0.0092%  99.1521%
  [   433500,   434000)         2595    0.0087%  99.1607%
  [   434000,   434500)         2684    0.0089%  99.1697%
  [   434500,   435000)         2604    0.0087%  99.1783%
  [   435000,   435500)         2580    0.0086%  99.1869%
  [   435500,   436000)         2624    0.0087%  99.1957%
  [   436000,   436500)         2539    0.0085%  99.2042%
  [   436500,   437000)         2540    0.0085%  99.2126%
  [   437000,   437500)         2479    0.0083%  99.2209%
  [   437500,   438000)         2345    0.0078%  99.2287%
  [   438000,   438500)         2507    0.0084%  99.2371%
  [   438500,   439000)         2423    0.0081%  99.2451%
  [   439000,   439500)         2356    0.0079%  99.2530%
  [   439500,   440000)         2370    0.0079%  99.2609%
  [   440000,   440500)         2326    0.0078%  99.2686%
  [   440500,   441000)         2250    0.0075%  99.2761%
  [   441000,   441500)         2235    0.0075%  99.2836%
  [   441500,   442000)         2269    0.0076%  99.2912%
  [   442000,   442500)         2146    0.0072%  99.2983%
  [   442500,   443000)         2134    0.0071%  99.3054%
  [   443000,   443500)         2077    0.0069%  99.3123%
  [   443500,   444000)         2186    0.0073%  99.3196%
  [   444000,   444500)         2123    0.0071%  99.3267%
  [   444500,   445000)         2117    0.0071%  99.3338%
  [   445000,   445500)         2171    0.0072%  99.3410%
  [   445500,   446000)         1961    0.0065%  99.3475%
  [   446000,   446500)         2106    0.0070%  99.3546%
  [   446500,   447000)         2004    0.0067%  99.3612%
  [   447000,   447500)         2009    0.0067%  99.3679%
  [   447500,   448000)         2072    0.0069%  99.3748%
  [   448000,   448500)         1947    0.0065%  99.3813%
  [   448500,   449000)         1925    0.0064%  99.3877%
  [   449000,   449500)         1843    0.0061%  99.3939%
  [   449500,   450000)         1846    0.0062%  99.4000%
  [   450000,   450500)         1883    0.0063%  99.4063%
  [   450500,   451000)         1816    0.0061%  99.4124%
  [   451000,   451500)         1736    0.0058%  99.4182%
  [   451500,   452000)         1788    0.0060%  99.4241%
  [   452000,   452500)         1727    0.0058%  99.4299%
  [   452500,   453000)         1768    0.0059%  99.4358%
  [   453000,   453500)         1723    0.0057%  99.4415%
  [   453500,   454000)         1718    0.0057%  99.4472%
  [   454000,   454500)         1693    0.0056%  99.4529%
  [   454500,   455000)         1716    0.0057%  99.4586%
  [   455000,   455500)         1717    0.0057%  99.4643%
  [   455500,   456000)         1703    0.0057%  99.4700%
  [   456000,   456500)         1694    0.0056%  99.4757%
  [   456500,   457000)         1665    0.0056%  99.4812%
  [   457000,   457500)         1589    0.0053%  99.4865%
  [   457500,   458000)         1537    0.0051%  99.4916%
  [   458000,   458500)         1589    0.0053%  99.4969%
  [   458500,   459000)         1557    0.0052%  99.5021%
  [   459000,   459500)         1482    0.0049%  99.5070%
  [   459500,   460000)         1416    0.0047%  99.5118%
  [   460000,   460500)         1490    0.0050%  99.5167%
  [   460500,   461000)         1450    0.0048%  99.5216%
  [   461000,   461500)         1466    0.0049%  99.5265%
  [   461500,   462000)         1536    0.0051%  99.5316%
  [   462000,   462500)         1510    0.0050%  99.5366%
  [   462500,   463000)         1412    0.0047%  99.5413%
  [   463000,   463500)         1408    0.0047%  99.5460%
  [   463500,   464000)         1303    0.0043%  99.5504%
  [   464000,   464500)         1377    0.0046%  99.5549%
  [   464500,   465000)         1330    0.0044%  99.5594%
  [   465000,   465500)         1329    0.0044%  99.5638%
  [   465500,   466000)         1296    0.0043%  99.5681%
  [   466000,   466500)         1354    0.0045%  99.5726%
  [   466500,   467000)         1325    0.0044%  99.5771%
  [   467000,   467500)         1314    0.0044%  99.5814%
  [   467500,   468000)         1301    0.0043%  99.5858%
  [   468000,   468500)         1258    0.0042%  99.5900%
  [   468500,   469000)         1240    0.0041%  99.5941%
  [   469000,   469500)         1264    0.0042%  99.5983%
  [   469500,   470000)         1210    0.0040%  99.6023%
  [   470000,   470500)         1235    0.0041%  99.6065%
  [   470500,   471000)         1174    0.0039%  99.6104%
  [   471000,   471500)         1191    0.0040%  99.6143%
  [   471500,   472000)         1153    0.0038%  99.6182%
  [   472000,   472500)         1185    0.0040%  99.6221%
  [   472500,   473000)         1138    0.0038%  99.6259%
  [   473000,   473500)         1104    0.0037%  99.6296%
  [   473500,   474000)         1094    0.0036%  99.6333%
  [   474000,   474500)         1086    0.0036%  99.6369%
  [   474500,   475000)         1111    0.0037%  99.6406%
  [   475000,   475500)         1127    0.0038%  99.6443%
  [   475500,   476000)         1089    0.0036%  99.6480%
  [   476000,   476500)         1060    0.0035%  99.6515%
  [   476500,   477000)         1028    0.0034%  99.6549%
  [   477000,   477500)         1006    0.0034%  99.6583%
  [   477500,   478000)         1025    0.0034%  99.6617%
  [   478000,   478500)         1017    0.0034%  99.6651%
  [   478500,   479000)          982    0.0033%  99.6684%
  [   479000,   479500)         1058    0.0035%  99.6719%
  [   479500,   480000)          979    0.0033%  99.6752%
  [   480000,   480500)          958    0.0032%  99.6783%
  [   480500,   481000)          959    0.0032%  99.6815%
  [   481000,   481500)          967    0.0032%  99.6848%
  [   481500,   482000)          917    0.0031%  99.6878%
  [   482000,   482500)          963    0.0032%  99.6910%
  [   482500,   483000)          986    0.0033%  99.6943%
  [   483000,   483500)          903    0.0030%  99.6973%
  [   483500,   484000)         1021    0.0034%  99.7007%
  [   484000,   484500)          928    0.0031%  99.7038%
  [   484500,   485000)          961    0.0032%  99.7070%
  [   485000,   485500)          936    0.0031%  99.7101%
  [   485500,   486000)          909    0.0030%  99.7132%
  [   486000,   486500)          896    0.0030%  99.7162%
  [   486500,   487000)          917    0.0031%  99.7192%
  [   487000,   487500)          872    0.0029%  99.7221%
  [   487500,   488000)          791    0.0026%  99.7248%
  [   488000,   488500)          838    0.0028%  99.7276%
  [   488500,   489000)          871    0.0029%  99.7305%
  [   489000,   489500)          835    0.0028%  99.7332%
  [   489500,   490000)          825    0.0028%  99.7360%
  [   490000,   490500)          845    0.0028%  99.7388%
  [   490500,   491000)          798    0.0027%  99.7415%
  [   491000,   491500)          825    0.0028%  99.7442%
  [   491500,   492000)          815    0.0027%  99.7469%
  [   492000,   492500)          841    0.0028%  99.7497%
  [   492500,   493000)          780    0.0026%  99.7523%
  [   493000,   493500)          812    0.0027%  99.7550%
  [   493500,   494000)          755    0.0025%  99.7576%
  [   494000,   494500)          751    0.0025%  99.7601%
  [   494500,   495000)          770    0.0026%  99.7626%
  [   495000,   495500)          822    0.0027%  99.7654%
  [   495500,   496000)          732    0.0024%  99.7678%
  [   496000,   496500)          719    0.0024%  99.7702%
  [   496500,   497000)          753    0.0025%  99.7727%
  [   497000,   497500)          713    0.0024%  99.7751%
  [   497500,   498000)          695    0.0023%  99.7774%
  [   498000,   498500)          657    0.0022%  99.7796%
  [   498500,   499000)          690    0.0023%  99.7819%
  [   499000,   499500)          757    0.0025%  99.7844%
  [   499500,   500000)          690    0.0023%  99.7867%
  [   500000,   500500)          626    0.0021%  99.7888%
  [   500500,   501000)          640    0.0021%  99.7909%
  [   501000,   501500)          669    0.0022%  99.7932%
  [   501500,   502000)          634    0.0021%  99.7953%
  [   502000,   502500)          639    0.0021%  99.7974%
  [   502500,   503000)          650    0.0022%  99.7996%
  [   503000,   503500)          660    0.0022%  99.8018%
  [   503500,   504000)          647    0.0022%  99.8039%
  [   504000,   504500)          630    0.0021%  99.8060%
  [   504500,   505000)          660    0.0022%  99.8082%
  [   505000,   505500)          624    0.0021%  99.8103%
  [   505500,   506000)          583    0.0019%  99.8123%
  [   506000,   506500)          590    0.0020%  99.8142%
  [   506500,   507000)          636    0.0021%  99.8164%
  [   507000,   507500)          612    0.0020%  99.8184%
  [   507500,   508000)          615    0.0021%  99.8204%
  [   508000,   508500)          634    0.0021%  99.8226%
  [   508500,   509000)          601    0.0020%  99.8246%
  [   509000,   509500)          575    0.0019%  99.8265%
  [   509500,   510000)          568    0.0019%  99.8284%
  [   510000,   510500)          566    0.0019%  99.8303%
  [   510500,   511000)          532    0.0018%  99.8320%
  [   511000,   511500)          550    0.0018%  99.8339%
  [   511500,   512000)          540    0.0018%  99.8357%
  [   512000,   512500)          511    0.0017%  99.8374%
  [   512500,   513000)          554    0.0018%  99.8392%
  [   513000,   513500)          537    0.0018%  99.8410%
  [   513500,   514000)          546    0.0018%  99.8428%
  [   514000,   514500)          516    0.0017%  99.8445%
  [   514500,   515000)          535    0.0018%  99.8463%
  [   515000,   515500)          519    0.0017%  99.8481%
  [   515500,   516000)          480    0.0016%  99.8497%
  [   516000,   516500)          503    0.0017%  99.8513%
  [   516500,   517000)          484    0.0016%  99.8529%
  [   517000,   517500)          516    0.0017%  99.8547%
  [   517500,   518000)          465    0.0016%  99.8562%
  [   518000,   518500)          488    0.0016%  99.8578%
  [   518500,   519000)          444    0.0015%  99.8593%
  [   519000,   519500)          454    0.0015%  99.8608%
  [   519500,   520000)          427    0.0014%  99.8623%
  [   520000,   520500)          466    0.0016%  99.8638%
  [   520500,   521000)          462    0.0015%  99.8654%
  [   521000,   521500)          415    0.0014%  99.8667%
  [   521500,   522000)          401    0.0013%  99.8681%
  [   522000,   522500)          437    0.0015%  99.8695%
  [   522500,   523000)          402    0.0013%  99.8709%
  [   523000,   523500)          423    0.0014%  99.8723%
  [   523500,   524000)          429    0.0014%  99.8737%
  [   524000,   524500)          418    0.0014%  99.8751%
  [   524500,   525000)          408    0.0014%  99.8765%
  [   525000,   525500)          403    0.0013%  99.8778%
  [   525500,   526000)          413    0.0014%  99.8792%
  [   526000,   526500)          411    0.0014%  99.8806%
  [   526500,   527000)          394    0.0013%  99.8819%
  [   527000,   527500)          401    0.0013%  99.8832%
  [   527500,   528000)          354    0.0012%  99.8844%
  [   528000,   528500)          381    0.0013%  99.8857%
  [   528500,   529000)          371    0.0012%  99.8869%
  [   529000,   529500)          349    0.0012%  99.8881%
  [   529500,   530000)          319    0.0011%  99.8891%
  [   530000,   530500)          351    0.0012%  99.8903%
  [   530500,   531000)          359    0.0012%  99.8915%
  [   531000,   531500)          332    0.0011%  99.8926%
  [   531500,   532000)          352    0.0012%  99.8938%
  [   532000,   532500)          379    0.0013%  99.8950%
  [   532500,   533000)          337    0.0011%  99.8962%
  [   533000,   533500)          333    0.0011%  99.8973%
  [   533500,   534000)          329    0.0011%  99.8984%
  [   534000,   534500)          349    0.0012%  99.8995%
  [   534500,   535000)          325    0.0011%  99.9006%
  [   535000,   535500)          315    0.0011%  99.9017%
  [   535500,   536000)          315    0.0011%  99.9027%
  [   536000,   536500)          355    0.0012%  99.9039%
  [   536500,   537000)          303    0.0010%  99.9049%
  [   537000,   537500)          319    0.0011%  99.9060%
  [   537500,   538000)          299    0.0010%  99.9070%
  [   538000,   538500)          289    0.0010%  99.9079%
  [   538500,   539000)          300    0.0010%  99.9089%
  [   539000,   539500)          298    0.0010%  99.9099%
  [   539500,   540000)          278    0.0009%  99.9108%
  [   540000,   540500)          283    0.0009%  99.9118%
  [   540500,   541000)          292    0.0010%  99.9128%
  [   541000,   541500)          293    0.0010%  99.9137%
  [   541500,   542000)          286    0.0010%  99.9147%
  [   542000,   542500)          258    0.0009%  99.9155%
  [   542500,   543000)          274    0.0009%  99.9165%
  [   543000,   543500)          260    0.0009%  99.9173%
  [   543500,   544000)          258    0.0009%  99.9182%
  [   544000,   544500)          253    0.0008%  99.9190%
  [   544500,   545000)          251    0.0008%  99.9199%
  [   545000,   545500)          252    0.0008%  99.9207%
  [   545500,   546000)          236    0.0008%  99.9215%
  [   546000,   546500)          237    0.0008%  99.9223%
  [   546500,   547000)          263    0.0009%  99.9232%
  [   547000,   547500)          242    0.0008%  99.9240%
  [   547500,   548000)          234    0.0008%  99.9247%
  [   548000,   548500)          239    0.0008%  99.9255%
  [   548500,   549000)          254    0.0008%  99.9264%
  [   549000,   549500)          238    0.0008%  99.9272%
  [   549500,   550000)          213    0.0007%  99.9279%
  [   550000,   550500)          195    0.0007%  99.9285%
  [   550500,   551000)          210    0.0007%  99.9292%
  [   551000,   551500)          214    0.0007%  99.9300%
  [   551500,   552000)          222    0.0007%  99.9307%
  [   552000,   552500)          225    0.0008%  99.9314%
  [   552500,   553000)          239    0.0008%  99.9322%
  [   553000,   553500)          194    0.0006%  99.9329%
  [   553500,   554000)          185    0.0006%  99.9335%
  [   554000,   554500)          194    0.0006%  99.9342%
  [   554500,   555000)          219    0.0007%  99.9349%
  [   555000,   555500)          208    0.0007%  99.9356%
  [   555500,   556000)          201    0.0007%  99.9362%
  [   556000,   556500)          196    0.0007%  99.9369%
  [   556500,   557000)          218    0.0007%  99.9376%
  [   557000,   557500)          209    0.0007%  99.9383%
  [   557500,   558000)          159    0.0005%  99.9389%
  [   558000,   558500)          208    0.0007%  99.9395%
  [   558500,   559000)          202    0.0007%  99.9402%
  [   559000,   559500)          173    0.0006%  99.9408%
  [   559500,   560000)          200    0.0007%  99.9415%
  [   560000,   560500)          204    0.0007%  99.9421%
  [   560500,   561000)          194    0.0006%  99.9428%
  [   561000,   561500)          183    0.0006%  99.9434%
  [   561500,   562000)          175    0.0006%  99.9440%
  [   562000,   562500)          165    0.0006%  99.9445%
  [   562500,   563000)          195    0.0007%  99.9452%
  [   563000,   563500)          165    0.0006%  99.9457%
  [   563500,   564000)          194    0.0006%  99.9464%
  [   564000,   564500)          177    0.0006%  99.9470%
  [   564500,   565000)          164    0.0005%  99.9475%
  [   565000,   565500)          151    0.0005%  99.9480%
  [   565500,   566000)          152    0.0005%  99.9485%
  [   566000,   566500)          140    0.0005%  99.9490%
  [   566500,   567000)          157    0.0005%  99.9495%
  [   567000,   567500)          148    0.0005%  99.9500%
  [   567500,   568000)          142    0.0005%  99.9505%
  [   568000,   568500)          166    0.0006%  99.9510%
  [   568500,   569000)          178    0.0006%  99.9516%
  [   569000,   569500)          131    0.0004%  99.9521%
  [   569500,   570000)          158    0.0005%  99.9526%
  [   570000,   570500)          153    0.0005%  99.9531%
  [   570500,   571000)          152    0.0005%  99.9536%
  [   571000,   571500)          151    0.0005%  99.9541%
  [   571500,   572000)          149    0.0005%  99.9546%
  [   572000,   572500)          128    0.0004%  99.9550%
  [   572500,   573000)          138    0.0005%  99.9555%
  [   573000,   573500)          151    0.0005%  99.9560%
  [   573500,   574000)          137    0.0005%  99.9565%
  [   574000,   574500)          135    0.0005%  99.9569%
  [   574500,   575000)          140    0.0005%  99.9574%
  [   575000,   575500)          151    0.0005%  99.9579%
  [   575500,   576000)          138    0.0005%  99.9583%
  [   576000,   576500)          131    0.0004%  99.9588%
  [   576500,   577000)          154    0.0005%  99.9593%
  [   577000,   577500)          141    0.0005%  99.9598%
  [   577500,   578000)          143    0.0005%  99.9602%
  [   578000,   578500)          106    0.0004%  99.9606%
  [   578500,   579000)          125    0.0004%  99.9610%
  [   579000,   579500)          129    0.0004%  99.9614%
  [   579500,   580000)          133    0.0004%  99.9619%
  [   580000,   580500)          117    0.0004%  99.9623%
  [   580500,   581000)          116    0.0004%  99.9627%
  [   581000,   581500)          122    0.0004%  99.9631%
  [   581500,   582000)          115    0.0004%  99.9634%
  [   582000,   582500)          110    0.0004%  99.9638%
  [   582500,   583000)          135    0.0005%  99.9643%
  [   583000,   583500)          114    0.0004%  99.9646%
  [   583500,   584000)          128    0.0004%  99.9651%
  [   584000,   584500)          124    0.0004%  99.9655%
  [   584500,   585000)          119    0.0004%  99.9659%
  [   585000,   585500)          113    0.0004%  99.9663%
  [   585500,   586000)          103    0.0003%  99.9666%
  [   586000,   586500)           90    0.0003%  99.9669%
  [   586500,   587000)          101    0.0003%  99.9672%
  [   587000,   587500)          104    0.0003%  99.9676%
  [   587500,   588000)          113    0.0004%  99.9680%
  [   588000,   588500)          108    0.0004%  99.9683%
  [   588500,   589000)          108    0.0004%  99.9687%
  [   589000,   589500)          108    0.0004%  99.9690%
  [   589500,   590000)           99    0.0003%  99.9694%
  [   590000,   590500)           89    0.0003%  99.9697%
  [   590500,   591000)           94    0.0003%  99.9700%
  [   591000,   591500)           87    0.0003%  99.9703%
  [   591500,   592000)          125    0.0004%  99.9707%
  [   592000,   592500)          113    0.0004%  99.9711%
  [   592500,   593000)           96    0.0003%  99.9714%
  [   593000,   593500)           82    0.0003%  99.9717%
  [   593500,   594000)           85    0.0003%  99.9719%
  [   594000,   594500)           75    0.0003%  99.9722%
  [   594500,   595000)           84    0.0003%  99.9725%
  [   595000,   595500)           69    0.0002%  99.9727%
  [   595500,   596000)          104    0.0003%  99.9730%
  [   596000,   596500)           77    0.0003%  99.9733%
  [   596500,   597000)          115    0.0004%  99.9737%
  [   597000,   597500)           98    0.0003%  99.9740%
  [   597500,   598000)           76    0.0003%  99.9743%
  [   598000,   598500)          101    0.0003%  99.9746%
  [   598500,   599000)           77    0.0003%  99.9749%
  [   599000,   599500)           83    0.0003%  99.9751%
  [   599500,   600000)           85    0.0003%  99.9754%
  [   600000,   600500)           78    0.0003%  99.9757%
  [   600500,   601000)           69    0.0002%  99.9759%
  [   601000,   601500)           88    0.0003%  99.9762%
  [   601500,   602000)           76    0.0003%  99.9765%
  [   602000,   602500)           78    0.0003%  99.9767%
  [   602500,   603000)           83    0.0003%  99.9770%
  [   603000,   603500)           83    0.0003%  99.9773%
  [   603500,   604000)           59    0.0002%  99.9775%
  [   604000,   604500)           90    0.0003%  99.9778%
  [   604500,   605000)           81    0.0003%  99.9780%
  [   605000,   605500)           80    0.0003%  99.9783%
  [   605500,   606000)           81    0.0003%  99.9786%
  [   606000,   606500)           71    0.0002%  99.9788%
  [   606500,   607000)           69    0.0002%  99.9790%
  [   607000,   607500)           66    0.0002%  99.9793%
  [   607500,   608000)           68    0.0002%  99.9795%
  [   608000,   608500)           66    0.0002%  99.9797%
  [   608500,   609000)           51    0.0002%  99.9799%
  [   609000,   609500)           74    0.0002%  99.9801%
  [   609500,   610000)           61    0.0002%  99.9803%
  [   610000,   610500)           63    0.0002%  99.9805%
  [   610500,   611000)           58    0.0002%  99.9807%
  [   611000,   611500)           71    0.0002%  99.9810%
  [   611500,   612000)           75    0.0003%  99.9812%
  [   612000,   612500)           65    0.0002%  99.9814%
  [   612500,   613000)           52    0.0002%  99.9816%
  [   613000,   613500)           63    0.0002%  99.9818%
  [   613500,   614000)           58    0.0002%  99.9820%
  [   614000,   614500)           51    0.0002%  99.9822%
  [   614500,   615000)           78    0.0003%  99.9824%
  [   615000,   615500)           47    0.0002%  99.9826%
  [   615500,   616000)           58    0.0002%  99.9828%
  [   616000,   616500)           47    0.0002%  99.9829%
  [   616500,   617000)           55    0.0002%  99.9831%
  [   617000,   617500)           55    0.0002%  99.9833%
  [   617500,   618000)           68    0.0002%  99.9835%
  [   618000,   618500)           53    0.0002%  99.9837%
  [   618500,   619000)           54    0.0002%  99.9839%
  [   619000,   619500)           56    0.0002%  99.9841%
  [   619500,   620000)           56    0.0002%  99.9843%
  [   620000,   620500)           50    0.0002%  99.9844%
  [   620500,   621000)           58    0.0002%  99.9846%
  [   621000,   621500)           50    0.0002%  99.9848%
  [   621500,   622000)           37    0.0001%  99.9849%
  [   622000,   622500)           40    0.0001%  99.9851%
  [   622500,   623000)           37    0.0001%  99.9852%
  [   623000,   623500)           56    0.0002%  99.9854%
  [   623500,   624000)           52    0.0002%  99.9855%
  [   624000,   624500)           54    0.0002%  99.9857%
  [   624500,   625000)           50    0.0002%  99.9859%
  [   625000,   625500)           64    0.0002%  99.9861%
  [   625500,   626000)           47    0.0002%  99.9863%
  [   626000,   626500)           42    0.0001%  99.9864%
  [   626500,   627000)           45    0.0002%  99.9865%
  [   627000,   627500)           39    0.0001%  99.9867%
  [   627500,   628000)           54    0.0002%  99.9869%
  [   628000,   628500)           46    0.0002%  99.9870%
  [   628500,   629000)           40    0.0001%  99.9871%
  [   629000,   629500)           43    0.0001%  99.9873%
  [   629500,   630000)           32    0.0001%  99.9874%
  [   630000,   630500)           31    0.0001%  99.9875%
  [   630500,   631000)           55    0.0002%  99.9877%
  [   631000,   631500)           36    0.0001%  99.9878%
  [   631500,   632000)           43    0.0001%  99.9879%
  [   632000,   632500)           55    0.0002%  99.9881%
  [   632500,   633000)           40    0.0001%  99.9883%
  [   633000,   633500)           37    0.0001%  99.9884%
  [   633500,   634000)           38    0.0001%  99.9885%
  [   634000,   634500)           44    0.0001%  99.9887%
  [   634500,   635000)           25    0.0001%  99.9887%
  [   635000,   635500)           35    0.0001%  99.9889%
  [   635500,   636000)           30    0.0001%  99.9890%
  [   636000,   636500)           42    0.0001%  99.9891%
  [   636500,   637000)           40    0.0001%  99.9892%
  [   637000,   637500)           35    0.0001%  99.9893%
  [   637500,   638000)           38    0.0001%  99.9895%
  [   638000,   638500)           30    0.0001%  99.9896%
  [   638500,   639000)           35    0.0001%  99.9897%
  [   639000,   639500)           31    0.0001%  99.9898%
  [   639500,   640000)           37    0.0001%  99.9899%
  [   640000,   640500)           25    0.0001%  99.9900%
  [   640500,   641000)           35    0.0001%  99.9901%
  [   641000,   641500)           36    0.0001%  99.9902%
  [   641500,   642000)           32    0.0001%  99.9903%
  [   642000,   642500)           34    0.0001%  99.9905%
  [   642500,   643000)           25    0.0001%  99.9905%
  [   643000,   643500)           27    0.0001%  99.9906%
  [   643500,   644000)           31    0.0001%  99.9907%
  [   644000,   644500)           30    0.0001%  99.9908%
  [   644500,   645000)           30    0.0001%  99.9909%
  [   645000,   645500)           29    0.0001%  99.9910%
  [   645500,   646000)           24    0.0001%  99.9911%
  [   646000,   646500)           35    0.0001%  99.9912%
  [   646500,   647000)           31    0.0001%  99.9913%
  [   647000,   647500)           28    0.0001%  99.9914%
  [   647500,   648000)           29    0.0001%  99.9915%
  [   648000,   648500)           30    0.0001%  99.9916%
  [   648500,   649000)           28    0.0001%  99.9917%
  [   649000,   649500)           27    0.0001%  99.9918%
  [   649500,   650000)           25    0.0001%  99.9919%
  [   650000,   650500)           24    0.0001%  99.9920%
  [   650500,   651000)           19    0.0001%  99.9920%
  [   651000,   651500)           16    0.0001%  99.9921%
  [   651500,   652000)           24    0.0001%  99.9922%
  [   652000,   652500)           19    0.0001%  99.9922%
  [   652500,   653000)           22    0.0001%  99.9923%
  [   653000,   653500)           21    0.0001%  99.9924%
  [   653500,   654000)           24    0.0001%  99.9924%
  [   654000,   654500)           26    0.0001%  99.9925%
  [   654500,   655000)           26    0.0001%  99.9926%
  [   655000,   655500)           23    0.0001%  99.9927%
  [   655500,   656000)           34    0.0001%  99.9928%
  [   656000,   656500)           27    0.0001%  99.9929%
  [   656500,   657000)           21    0.0001%  99.9930%
  [   657000,   657500)           19    0.0001%  99.9930%
  [   657500,   658000)           26    0.0001%  99.9931%
  [   658000,   658500)           30    0.0001%  99.9932%
  [   658500,   659000)           30    0.0001%  99.9933%
  [   659000,   659500)           28    0.0001%  99.9934%
  [   659500,   660000)           26    0.0001%  99.9935%
  [   660000,   660500)           16    0.0001%  99.9936%
  [   660500,   661000)           22    0.0001%  99.9936%
  [   661000,   661500)           17    0.0001%  99.9937%
  [   661500,   662000)           19    0.0001%  99.9937%
  [   662000,   662500)           22    0.0001%  99.9938%
  [   662500,   663000)           18    0.0001%  99.9939%
  [   663000,   663500)           23    0.0001%  99.9940%
  [   663500,   664000)           26    0.0001%  99.9940%
  [   664000,   664500)           21    0.0001%  99.9941%
  [   664500,   665000)           13    0.0000%  99.9942%
  [   665000,   665500)           19    0.0001%  99.9942%
  [   665500,   666000)           25    0.0001%  99.9943%
  [   666000,   666500)           16    0.0001%  99.9944%
  [   666500,   667000)           11    0.0000%  99.9944%
  [   667000,   667500)           13    0.0000%  99.9944%
  [   667500,   668000)           22    0.0001%  99.9945%
  [   668000,   668500)           17    0.0001%  99.9946%
  [   668500,   669000)           19    0.0001%  99.9946%
  [   669000,   669500)           17    0.0001%  99.9947%
  [   669500,   670000)           21    0.0001%  99.9948%
  [   670000,   670500)           20    0.0001%  99.9948%
  [   670500,   671000)           20    0.0001%  99.9949%
  [   671000,   671500)           19    0.0001%  99.9950%
  [   671500,   672000)           13    0.0000%  99.9950%
  [   672000,   672500)           19    0.0001%  99.9951%
  [   672500,   673000)           18    0.0001%  99.9951%
  [   673000,   673500)           17    0.0001%  99.9952%
  [   673500,   674000)           11    0.0000%  99.9952%
  [   674000,   674500)           14    0.0000%  99.9953%
  [   674500,   675000)           13    0.0000%  99.9953%
  [   675000,   675500)           18    0.0001%  99.9954%
  [   675500,   676000)           12    0.0000%  99.9954%
  [   676000,   676500)           23    0.0001%  99.9955%
  [   676500,   677000)           10    0.0000%  99.9955%
  [   677000,   677500)           18    0.0001%  99.9956%
  [   677500,   678000)           13    0.0000%  99.9956%
  [   678000,   678500)           17    0.0001%  99.9957%
  [   678500,   679000)           15    0.0001%  99.9957%
  [   679000,   679500)           12    0.0000%  99.9958%
  [   679500,   680000)           11    0.0000%  99.9958%
  [   680000,   680500)           18    0.0001%  99.9959%
  [   680500,   681000)           11    0.0000%  99.9959%
  [   681000,   681500)           12    0.0000%  99.9959%
  [   681500,   682000)           15    0.0001%  99.9960%
  [   682000,   682500)           12    0.0000%  99.9960%
  [   682500,   683000)           20    0.0001%  99.9961%
  [   683000,   683500)           18    0.0001%  99.9962%
  [   683500,   684000)            9    0.0000%  99.9962%
  [   684000,   684500)           14    0.0000%  99.9962%
  [   684500,   685000)           12    0.0000%  99.9963%
  [   685000,   685500)            5    0.0000%  99.9963%
  [   685500,   686000)           13    0.0000%  99.9963%
  [   686000,   686500)           15    0.0001%  99.9964%
  [   686500,   687000)           17    0.0001%  99.9964%
  [   687000,   687500)           15    0.0001%  99.9965%
  [   687500,   688000)           10    0.0000%  99.9965%
  [   688000,   688500)           20    0.0001%  99.9966%
  [   688500,   689000)           12    0.0000%  99.9966%
  [   689000,   689500)           16    0.0001%  99.9967%
  [   689500,   690000)           12    0.0000%  99.9967%
  [   690000,   690500)           12    0.0000%  99.9968%
  [   690500,   691000)           13    0.0000%  99.9968%
  [   691000,   691500)            9    0.0000%  99.9968%
  [   691500,   692000)           13    0.0000%  99.9969%
  [   692000,   692500)           14    0.0000%  99.9969%
  [   692500,   693000)           12    0.0000%  99.9970%
  [   693000,   693500)           14    0.0000%  99.9970%
  [   693500,   694000)           10    0.0000%  99.9970%
  [   694000,   694500)           11    0.0000%  99.9971%
  [   694500,   695000)            9    0.0000%  99.9971%
  [   695000,   695500)           10    0.0000%  99.9971%
  [   695500,   696000)            9    0.0000%  99.9972%
  [   696000,   696500)           14    0.0000%  99.9972%
  [   696500,   697000)           10    0.0000%  99.9973%
  [   697000,   697500)            7    0.0000%  99.9973%
  [   697500,   698000)            6    0.0000%  99.9973%
  [   698000,   698500)            8    0.0000%  99.9973%
  [   698500,   699000)            7    0.0000%  99.9973%
  [   699000,   699500)           13    0.0000%  99.9974%
  [   699500,   700000)           10    0.0000%  99.9974%
  [   700000,   700500)           11    0.0000%  99.9975%
  [   700500,   701000)            6    0.0000%  99.9975%
  [   701000,   701500)            8    0.0000%  99.9975%
  [   701500,   702000)           11    0.0000%  99.9975%
  [   702000,   702500)            6    0.0000%  99.9976%
  [   702500,   703000)            6    0.0000%  99.9976%
  [   703000,   703500)            8    0.0000%  99.9976%
  [   703500,   704000)            3    0.0000%  99.9976%
  [   704000,   704500)            5    0.0000%  99.9976%
  [   704500,   705000)            9    0.0000%  99.9977%
  [   705000,   705500)            2    0.0000%  99.9977%
  [   705500,   706000)            7    0.0000%  99.9977%
  [   706000,   706500)            6    0.0000%  99.9977%
  [   706500,   707000)           12    0.0000%  99.9978%
  [   707000,   707500)           10    0.0000%  99.9978%
  [   707500,   708000)            9    0.0000%  99.9978%
  [   708000,   708500)            7    0.0000%  99.9978%
  [   708500,   709000)            6    0.0000%  99.9979%
  [   709000,   709500)            6    0.0000%  99.9979%
  [   709500,   710000)            8    0.0000%  99.9979%
  [   710000,   710500)            4    0.0000%  99.9979%
  [   710500,   711000)            3    0.0000%  99.9979%
  [   711000,   711500)            5    0.0000%  99.9979%
  [   711500,   712000)            4    0.0000%  99.9980%
  [   712000,   712500)           11    0.0000%  99.9980%
  [   712500,   713000)            7    0.0000%  99.9980%
  [   713000,   713500)            9    0.0000%  99.9981%
  [   713500,   714000)            7    0.0000%  99.9981%
  [   714000,   714500)            3    0.0000%  99.9981%
  [   714500,   715000)            4    0.0000%  99.9981%
  [   715000,   715500)            5    0.0000%  99.9981%
  [   715500,   716000)            2    0.0000%  99.9981%
  [   716000,   716500)            7    0.0000%  99.9981%
  [   716500,   717000)           10    0.0000%  99.9982%
  [   717000,   717500)            7    0.0000%  99.9982%
  [   717500,   718000)            8    0.0000%  99.9982%
  [   718000,   718500)            8    0.0000%  99.9983%
  [   718500,   719000)            9    0.0000%  99.9983%
  [   719000,   719500)            7    0.0000%  99.9983%
  [   719500,   720000)            3    0.0000%  99.9983%
  [   720000,   720500)            6    0.0000%  99.9983%
  [   720500,   721000)            4    0.0000%  99.9984%
  [   721000,   721500)            4    0.0000%  99.9984%
  [   722000,   722500)            4    0.0000%  99.9984%
  [   722500,   723000)            4    0.0000%  99.9984%
  [   723000,   723500)            7    0.0000%  99.9984%
  [   723500,   724000)            5    0.0000%  99.9984%
  [   724000,   724500)            8    0.0000%  99.9985%
  [   724500,   725000)            1    0.0000%  99.9985%
  [   725000,   725500)            9    0.0000%  99.9985%
  [   725500,   726000)            2    0.0000%  99.9985%
  [   726000,   726500)            6    0.0000%  99.9985%
  [   726500,   727000)            6    0.0000%  99.9985%
  [   727000,   727500)            5    0.0000%  99.9986%
  [   727500,   728000)            8    0.0000%  99.9986%
  [   728000,   728500)            8    0.0000%  99.9986%
  [   728500,   729000)            4    0.0000%  99.9986%
  [   729000,   729500)            7    0.0000%  99.9986%
  [   729500,   730000)            5    0.0000%  99.9987%
  [   730000,   730500)            7    0.0000%  99.9987%
  [   730500,   731000)            4    0.0000%  99.9987%
  [   731000,   731500)            2    0.0000%  99.9987%
  [   731500,   732000)            3    0.0000%  99.9987%
  [   732000,   732500)            3    0.0000%  99.9987%
  [   732500,   733000)            5    0.0000%  99.9987%
  [   733000,   733500)            7    0.0000%  99.9988%
  [   733500,   734000)            1    0.0000%  99.9988%
  [   734000,   734500)            6    0.0000%  99.9988%
  [   734500,   735000)            4    0.0000%  99.9988%
  [   735000,   735500)            2    0.0000%  99.9988%
  [   735500,   736000)            5    0.0000%  99.9988%
  [   736000,   736500)            4    0.0000%  99.9988%
  [   736500,   737000)            4    0.0000%  99.9989%
  [   737000,   737500)            6    0.0000%  99.9989%
  [   737500,   738000)            4    0.0000%  99.9989%
  [   738500,   739000)            3    0.0000%  99.9989%
  [   739000,   739500)            1    0.0000%  99.9989%
  [   739500,   740000)            6    0.0000%  99.9989%
  [   740000,   740500)            8    0.0000%  99.9989%
  [   740500,   741000)            2    0.0000%  99.9990%
  [   741000,   741500)            5    0.0000%  99.9990%
  [   741500,   742000)            5    0.0000%  99.9990%
  [   742000,   742500)            2    0.0000%  99.9990%
  [   742500,   743000)            4    0.0000%  99.9990%
  [   743000,   743500)            7    0.0000%  99.9990%
  [   743500,   744000)            2    0.0000%  99.9990%
  [   744000,   744500)            4    0.0000%  99.9990%
  [   744500,   745000)            3    0.0000%  99.9991%
  [   745000,   745500)            2    0.0000%  99.9991%
  [   746000,   746500)            2    0.0000%  99.9991%
  [   746500,   747000)            5    0.0000%  99.9991%
  [   747000,   747500)            4    0.0000%  99.9991%
  [   747500,   748000)            1    0.0000%  99.9991%
  [   748000,   748500)            2    0.0000%  99.9991%
  [   748500,   749000)            4    0.0000%  99.9991%
  [   749000,   749500)            4    0.0000%  99.9991%
  [   749500,   750000)            1    0.0000%  99.9991%
  [   751000,   751500)            1    0.0000%  99.9991%
  [   751500,   752000)            1    0.0000%  99.9991%
  [   752000,   752500)            2    0.0000%  99.9992%
  [   752500,   753000)            6    0.0000%  99.9992%
  [   753000,   753500)            3    0.0000%  99.9992%
  [   753500,   754000)            2    0.0000%  99.9992%
  [   754000,   754500)            3    0.0000%  99.9992%
  [   754500,   755000)            2    0.0000%  99.9992%
  [   755000,   755500)            6    0.0000%  99.9992%
  [   755500,   756000)            6    0.0000%  99.9992%
  [   756000,   756500)            4    0.0000%  99.9993%
  [   756500,   757000)            1    0.0000%  99.9993%
  [   757000,   757500)            4    0.0000%  99.9993%
  [   758000,   758500)            2    0.0000%  99.9993%
  [   759500,   760000)            3    0.0000%  99.9993%
  [   760000,   760500)            2    0.0000%  99.9993%
  [   760500,   761000)            1    0.0000%  99.9993%
  [   761000,   761500)            3    0.0000%  99.9993%
  [   761500,   762000)            3    0.0000%  99.9993%
  [   762000,   762500)            1    0.0000%  99.9993%
  [   762500,   763000)            3    0.0000%  99.9993%
  [   763000,   763500)            3    0.0000%  99.9993%
  [   764000,   764500)            3    0.0000%  99.9994%
  [   764500,   765000)            5    0.0000%  99.9994%
  [   765000,   765500)            1    0.0000%  99.9994%
  [   765500,   766000)            2    0.0000%  99.9994%
  [   766000,   766500)            1    0.0000%  99.9994%
  [   766500,   767000)            3    0.0000%  99.9994%
  [   767000,   767500)            3    0.0000%  99.9994%
  [   767500,   768000)            3    0.0000%  99.9994%
  [   768000,   768500)            3    0.0000%  99.9994%
  [   768500,   769000)            1    0.0000%  99.9994%
  [   769000,   769500)            2    0.0000%  99.9994%
  [   769500,   770000)            4    0.0000%  99.9995%
  [   770000,   770500)            2    0.0000%  99.9995%
  [   770500,   771000)            4    0.0000%  99.9995%
  [   771000,   771500)            1    0.0000%  99.9995%
  [   771500,   772000)            2    0.0000%  99.9995%
  [   772000,   772500)            3    0.0000%  99.9995%
  [   772500,   773000)            1    0.0000%  99.9995%
  [   773000,   773500)            1    0.0000%  99.9995%
  [   774000,   774500)            1    0.0000%  99.9995%
  [   774500,   775000)            4    0.0000%  99.9995%
  [   775000,   775500)            6    0.0000%  99.9995%
  [   775500,   776000)            2    0.0000%  99.9995%
  [   776500,   777000)            1    0.0000%  99.9995%
  [   777500,   778000)            3    0.0000%  99.9996%
  [   778000,   778500)            3    0.0000%  99.9996%
  [   778500,   779000)            2    0.0000%  99.9996%
  [   779000,   779500)            3    0.0000%  99.9996%
  [   779500,   780000)            2    0.0000%  99.9996%
  [   780000,   780500)            1    0.0000%  99.9996%
  [   780500,   781000)            2    0.0000%  99.9996%
  [   781000,   781500)            1    0.0000%  99.9996%
  [   781500,   782000)            1    0.0000%  99.9996%
  [   782000,   782500)            1    0.0000%  99.9996%
  [   782500,   783000)            1    0.0000%  99.9996%
  [   783000,   783500)            1    0.0000%  99.9996%
  [   783500,   784000)            2    0.0000%  99.9996%
  [   784000,   784500)            1    0.0000%  99.9996%
  [   784500,   785000)            1    0.0000%  99.9996%
  [   785000,   785500)            2    0.0000%  99.9996%
  [   785500,   786000)            1    0.0000%  99.9996%
  [   786000,   786500)            1    0.0000%  99.9996%
  [   786500,   787000)            1    0.0000%  99.9996%
  [   787000,   787500)            2    0.0000%  99.9997%
  [   787500,   788000)            1    0.0000%  99.9997%
  [   788000,   788500)            1    0.0000%  99.9997%
  [   788500,   789000)            1    0.0000%  99.9997%
  [   789000,   789500)            3    0.0000%  99.9997%
  [   789500,   790000)            1    0.0000%  99.9997%
  [   790500,   791000)            2    0.0000%  99.9997%
  [   791000,   791500)            3    0.0000%  99.9997%
  [   792000,   792500)            1    0.0000%  99.9997%
  [   792500,   793000)            2    0.0000%  99.9997%
  [   793000,   793500)            1    0.0000%  99.9997%
  [   793500,   794000)            1    0.0000%  99.9997%
  [   795500,   796000)            2    0.0000%  99.9997%
  [   796000,   796500)            2    0.0000%  99.9997%
  [   796500,   797000)            1    0.0000%  99.9997%
  [   797000,   797500)            3    0.0000%  99.9997%
  [   797500,   798000)            1    0.0000%  99.9997%
  [   798000,   798500)            3    0.0000%  99.9997%
  [   798500,   799000)            1    0.0000%  99.9998%
  [   799000,   799500)            3    0.0000%  99.9998%
  [   799500,   800000)            1    0.0000%  99.9998%
  [   801500,   802000)            1    0.0000%  99.9998%
  [   802500,   803000)            2    0.0000%  99.9998%
  [   803000,   803500)            1    0.0000%  99.9998%
  [   803500,   804000)            1    0.0000%  99.9998%
  [   804000,   804500)            1    0.0000%  99.9998%
  [   805000,   805500)            1    0.0000%  99.9998%
  [   805500,   806000)            2    0.0000%  99.9998%
  [   806500,   807000)            1    0.0000%  99.9998%
  [   807000,   807500)            1    0.0000%  99.9998%
  [   807500,   808000)            1    0.0000%  99.9998%
  [   808500,   809000)            1    0.0000%  99.9998%
  [   809500,   810000)            1    0.0000%  99.9998%
  [   810500,   811000)            2    0.0000%  99.9998%
  [   811500,   812000)            1    0.0000%  99.9998%
  [   814500,   815000)            1    0.0000%  99.9998%
  [   816000,   816500)            1    0.0000%  99.9998%
  [   817500,   818000)            1    0.0000%  99.9998%
  [   818000,   818500)            1    0.0000%  99.9998%
  [   818500,   819000)            1    0.0000%  99.9998%
  [   819000,   819500)            1    0.0000%  99.9998%
  [   820500,   821000)            1    0.0000%  99.9998%
  [   821000,   821500)            1    0.0000%  99.9998%
  [   822000,   822500)            1    0.0000%  99.9999%
  [   823500,   824000)            1    0.0000%  99.9999%
  [   825500,   826000)            2    0.0000%  99.9999%
  [   826000,   826500)            2    0.0000%  99.9999%
  [   827000,   827500)            1    0.0000%  99.9999%
  [   827500,   828000)            2    0.0000%  99.9999%
  [   829500,   830000)            1    0.0000%  99.9999%
  [   830500,   831000)            1    0.0000%  99.9999%
  [   833000,   833500)            1    0.0000%  99.9999%
  [   836500,   837000)            1    0.0000%  99.9999%
  [   840500,   841000)            1    0.0000%  99.9999%
  [   842000,   842500)            1    0.0000%  99.9999%
  [   842500,   843000)            1    0.0000%  99.9999%
  [   843500,   844000)            1    0.0000%  99.9999%
  [   844000,   844500)            1    0.0000%  99.9999%
  [   845000,   845500)            1    0.0000%  99.9999%
  [   849500,   850000)            1    0.0000%  99.9999%
  [   851500,   852000)            1    0.0000%  99.9999%
  [   853500,   854000)            1    0.0000%  99.9999%
  [   854000,   854500)            1    0.0000%  99.9999%
  [   855000,   855500)            1    0.0000%  99.9999%
  [   856000,   856500)            1    0.0000%  99.9999%
  [   861000,   861500)            1    0.0000%  99.9999%
  [   864000,   864500)            1    0.0000%  99.9999%
  [   866500,   867000)            1    0.0000%  99.9999%
  [   869000,   869500)            1    0.0000%  99.9999%
  [   870500,   871000)            2    0.0000% 100.0000%
  [   880000,   880500)            1    0.0000% 100.0000%
  [   881500,   882000)            1    0.0000% 100.0000%
  [   884000,   884500)            1    0.0000% 100.0000%
  [   892500,   893000)            1    0.0000% 100.0000%
  [   896000,   896500)            1    0.0000% 100.0000%
  [   902000,   902500)            1    0.0000% 100.0000%
  [   902500,   903000)            1    0.0000% 100.0000%
  [   910000,   910500)            1    0.0000% 100.0000%
  [   913500,   914000)            1    0.0000% 100.0000%
  [   932000,   932500)            1    0.0000% 100.0000%
  [   947000,   947500)            1    0.0000% 100.0000%
  [   968500,   969000)            1    0.0000% 100.0000%
  [   977000,   977500)            1    0.0000% 100.0000%
  [   986000,   986500)            1    0.0000% 100.0000%

----- OFFLOADED TASKS [node 1] -----
  ops total                = 29999988
  ops direct (1-sided)     = 29999988 (100.00%)
  ops offload (rpc)        = 0 (0.00%)
  lookup pushdowns         = 0
  scan   pushdowns (RPC)   = 0
    kv pairs returned      = 0
    leaves scanned remotely= 0
    kv / scan pushdown     = 0.00
    leaves / scan pushdown = 0.00
=========================================================================

[CORRECTNESS node 1] lookup found 29999375 / 29999988 = 99.9980%
[READPATH node 1] lookups=29999988  index-cache hit=35.1%  per lookup: leaf=0.999 speculative=0.000 (right 0.0%) hop-reads=0.000 (two-segment 0.000) retries=0.000 invalid=0.000 sibling=0.000  => est. leaf round trips/lookup=0.000
 ----- [LeafCache]: capacity=8512 leaves resident=8512 (100.0% full, 2.9 MB) -----
[LEAFCACHE] hit=41038 miss=29958926 stale=0 fill=29958926 hit_pct=0.137 admit_pct=100.000 resident=8512 capacity=8512 budget_mb=4
[LEAFKEY] by_key=1 owner=1 admit_push=0.10 key_hits=24631 push_admits=0

----- PER-LEVEL CACHE HITS [node 1] (lookups; level 0 = leaf) -----
[LEVEL] level=0 hits=41038 misses=29958926 hit_rate=0.0014
[LEVEL] level=1 hits=196041 misses=29779292 hit_rate=0.0065
[LEVEL] level=2 hits=1430212 misses=28545121 hit_rate=0.0477
[LEVEL] level=3 hits=6078496 misses=23896837 hit_rate=0.2028
[LEVEL] level=4 hits=13308517 misses=16666816 hit_rate=0.4440
[LEVEL] level=5 hits=14009040 misses=15966293 hit_rate=0.4674
[LEVEL] level=6 hits=14051832 misses=15923501 hit_rate=0.4688
[LEVEL] level=7 hits=14052840 misses=15922493 hit_rate=0.4688
[LEVEL] level=8 hits=14052856 misses=15922477 hit_rate=0.4688
[LEVEL] level=9 hits=14052856 misses=15922477 hit_rate=0.4688
[KIND node 1] lookups=29999964 inner_visits=269777997 inner_hits=91232690 inner_hit_pct=33.82 leaf_visits=29999964 leaf_hits=41038 leaf_hit_pct=0.14
[END]
