nodes 2, threads 36, mix R/I/U/S=0/0/0/100, zipf-0.99, bulk 50M warmup 10M op 30M, offload 0%, scan_range 100
[4mshared memory size: 64GB, 0x7feeda800000[0m
[4mrdma cache size: 4GB[0m
[4mMachine NR: 2[0m
[4mCompute server 1 start up [10.30.1.6]
[0m
I connect server 0
[CONFIG node 1] bulk load: bottom-up build, 8 keys per leaf, 6 children per inner node (CHIME_BULK_BUILD / CHIME_BUILD_LEAF_KEYS / CHIME_BUILD_INNER_FANOUT)
[CONFIG node 1] clients on this node: yes (CHIME_MN_CLIENTS)
[CONFIG node 1] scan path: from_cache=1 offload_always=0 (CHIME_SCAN_FROM_CACHE / CHIME_SCAN_OFFLOAD_ALWAYS)
[CONFIG node 1] push ops: both (CHIME_PUSH_OPS; applies only with offloading on)
[CACHE node 1] total=16 MB index=16 MB leaf=0 MB
[CONFIG node 1] dir threads = 1 (CHIME_DIR_THREADS, max 16) -- MUST match the other node
[CORES node 1] linear pinning: app threads -> CPUs 0..35, main -> 79, dir threads -> 79 (REV_DIR_CPUS)
[CONFIG] hotspot buffer + speculative read: off (CHIME_HOTSPOT; stock CHIME: on above 50 MB)
workload generated: keyspace=50001000 bulk=50000000 warmup=9999972 op=29999988
[4mKey space set: keySpaceSize=50000000[0m
I am 36
I am 61
I am 40
I am 38
I am 50
I am 53
I am 47
I am 43
I am 42
I am 51
I am 54
I am 49
I am 41
I am 44
I am 46
I am 37
I am 45
I am 39
I am 55
I am 48
I am 59
I am 63
I am 65
I am 62
I am 52
I am 56
I am 64
I am 57
I am 58
I am 67
I am 68
I am 69
I am 70
I am 60
I am 66
I am 71
[build] leaves: 10% (625001/6250000)
[build] leaves: 20% (1250002/6250000)
[build] leaves: 30% (1875003/6250000)
[build] leaves: 40% (2500004/6250000)
[build] leaves: 50% (3125005/6250000)
[build] leaves: 60% (3750006/6250000)
[build] leaves: 70% (4375007/6250000)
[build] leaves: 80% (5000008/6250000)
[build] leaves: 90% (5625009/6250000)
[build] inner level 1: 1041667 nodes
[build] inner level 2: 173611 nodes
[build] inner level 3: 28935 nodes
[build] inner level 4: 4823 nodes
[build] inner level 5: 804 nodes
[build] inner level 6: 134 nodes
[build] inner level 7: 23 nodes
[build] inner level 8: 4 nodes
[build] inner level 9: 1 nodes
[build] done in 18.9s: height=10 leaves=6250000 inner_nodes=1250002 (8 keys per leaf, 6 children per inner node)
[TREE] height=10 leaves=6250000 inner_nodes=1250002 keys_per_leaf=8.00 inner_MB=399.4 leaf_MB=2104.0 total_MB=2503.4 (internal span 16, leaf span 16, node bytes inner=335 leaf=353)
node 1 warmup done in 147s
[INDEX] --- post-bulk-load cache occupancy (cache = 16 MB) ---
 ----- [TreeCache]:  cache size=16 MB free_size=0.000 MB skiplist_node_cnt=1249788 ----- 
consumed cache size = 16.000 MB
 ----- [IdxCache]:  cache size=0 MB free_size=0.000 MB ---- 
consumed hotspot buffer size = 0.000000 MB

[LEAFCACHE] off
1, throughput 0.0786 Mops
1, throughput 0.0785 Mops
1, throughput 0.0787 Mops
1, throughput 0.0788 Mops
1, throughput 0.0786 Mops
1, throughput 0.0789 Mops
1, throughput 0.0793 Mops
1, throughput 0.0788 Mops
1, throughput 0.0786 Mops
1, throughput 0.0792 Mops
1, throughput 0.0790 Mops
1, throughput 0.0789 Mops
1, throughput 0.0784 Mops
1, throughput 0.0781 Mops
1, throughput 0.0776 Mops
1, throughput 0.0776 Mops
1, throughput 0.0783 Mops
1, throughput 0.0790 Mops
1, throughput 0.0785 Mops
1, throughput 0.0784 Mops
1, throughput 0.0789 Mops
1, throughput 0.0786 Mops
1, throughput 0.0788 Mops
1, throughput 0.0786 Mops
1, throughput 0.0791 Mops
1, throughput 0.0797 Mops
1, throughput 0.0788 Mops
1, throughput 0.0787 Mops
1, throughput 0.0792 Mops
1, throughput 0.0786 Mops
1, throughput 0.0788 Mops
1, throughput 0.0787 Mops
1, throughput 0.0784 Mops
1, throughput 0.0785 Mops
1, throughput 0.0771 Mops
1, throughput 0.0781 Mops
1, throughput 0.0783 Mops
1, throughput 0.0781 Mops
1, throughput 0.0788 Mops
1, throughput 0.0788 Mops
1, throughput 0.0783 Mops
1, throughput 0.0782 Mops
1, throughput 0.0788 Mops
1, throughput 0.0783 Mops
1, throughput 0.0785 Mops
1, throughput 0.0788 Mops
1, throughput 0.0793 Mops
1, throughput 0.0791 Mops
1, throughput 0.0789 Mops
1, throughput 0.0789 Mops
1, throughput 0.0785 Mops
1, throughput 0.0787 Mops
1, throughput 0.0782 Mops
1, throughput 0.0784 Mops
1, throughput 0.0788 Mops
1, throughput 0.0779 Mops
1, throughput 0.0786 Mops
1, throughput 0.0787 Mops
1, throughput 0.0781 Mops
1, throughput 0.0784 Mops
1, throughput 0.0785 Mops
1, throughput 0.0789 Mops
1, throughput 0.0790 Mops
1, throughput 0.0787 Mops
1, throughput 0.0784 Mops
1, throughput 0.0786 Mops
1, throughput 0.0793 Mops
1, throughput 0.0790 Mops
1, throughput 0.0791 Mops
1, throughput 0.0788 Mops
1, throughput 0.0791 Mops
1, throughput 0.0788 Mops
1, throughput 0.0785 Mops
1, throughput 0.0788 Mops
1, throughput 0.0791 Mops
1, throughput 0.0778 Mops
1, throughput 0.0794 Mops
1, throughput 0.0789 Mops
1, throughput 0.0788 Mops
1, throughput 0.0794 Mops
1, throughput 0.0783 Mops
1, throughput 0.0790 Mops
1, throughput 0.0795 Mops
1, throughput 0.0788 Mops
1, throughput 0.0790 Mops
1, throughput 0.0785 Mops
1, throughput 0.0790 Mops
1, throughput 0.0791 Mops
1, throughput 0.0786 Mops
1, throughput 0.0795 Mops
1, throughput 0.0787 Mops
1, throughput 0.0792 Mops
1, throughput 0.0785 Mops
1, throughput 0.0782 Mops
1, throughput 0.0791 Mops
1, throughput 0.0793 Mops
1, throughput 0.0773 Mops
1, throughput 0.0790 Mops
1, throughput 0.0784 Mops
1, throughput 0.0790 Mops
1, throughput 0.0784 Mops
1, throughput 0.0792 Mops
1, throughput 0.0786 Mops
1, throughput 0.0792 Mops
1, throughput 0.0784 Mops
1, throughput 0.0793 Mops
1, throughput 0.0780 Mops
1, throughput 0.0789 Mops
1, throughput 0.0788 Mops
1, throughput 0.0789 Mops
1, throughput 0.0787 Mops
1, throughput 0.0787 Mops
1, throughput 0.0787 Mops
1, throughput 0.0792 Mops
1, throughput 0.0788 Mops
1, throughput 0.0789 Mops
1, throughput 0.0782 Mops
1, throughput 0.0784 Mops
1, throughput 0.0785 Mops
1, throughput 0.0786 Mops
1, throughput 0.0787 Mops
1, throughput 0.0786 Mops
1, throughput 0.0791 Mops
1, throughput 0.0791 Mops
1, throughput 0.0788 Mops
1, throughput 0.0787 Mops
1, throughput 0.0785 Mops
1, throughput 0.0788 Mops
1, throughput 0.0783 Mops
1, throughput 0.0781 Mops
1, throughput 0.0787 Mops
1, throughput 0.0787 Mops
1, throughput 0.0784 Mops
1, throughput 0.0784 Mops
1, throughput 0.0783 Mops
1, throughput 0.0786 Mops
1, throughput 0.0782 Mops
1, throughput 0.0775 Mops
1, throughput 0.0791 Mops
1, throughput 0.0784 Mops
1, throughput 0.0786 Mops
1, throughput 0.0783 Mops
1, throughput 0.0786 Mops
1, throughput 0.0786 Mops
1, throughput 0.0786 Mops
1, throughput 0.0788 Mops
1, throughput 0.0785 Mops
1, throughput 0.0779 Mops
1, throughput 0.0789 Mops
1, throughput 0.0790 Mops
1, throughput 0.0793 Mops
1, throughput 0.0796 Mops
1, throughput 0.0785 Mops
1, throughput 0.0788 Mops
1, throughput 0.0784 Mops
1, throughput 0.0794 Mops
1, throughput 0.0792 Mops
1, throughput 0.0793 Mops
1, throughput 0.0785 Mops
1, throughput 0.0788 Mops
1, throughput 0.0790 Mops
1, throughput 0.0784 Mops
1, throughput 0.0785 Mops
1, throughput 0.0785 Mops
1, throughput 0.0782 Mops
1, throughput 0.0789 Mops
1, throughput 0.0791 Mops
1, throughput 0.0784 Mops
1, throughput 0.0785 Mops
1, throughput 0.0782 Mops
1, throughput 0.0790 Mops
1, throughput 0.0788 Mops
1, throughput 0.0786 Mops
1, throughput 0.0785 Mops
1, throughput 0.0789 Mops
1, throughput 0.0789 Mops
1, throughput 0.0793 Mops
1, throughput 0.0783 Mops
1, throughput 0.0776 Mops
1, throughput 0.0789 Mops
1, throughput 0.0786 Mops
1, throughput 0.0789 Mops
1, throughput 0.0796 Mops
1, throughput 0.0786 Mops
1, throughput 0.0787 Mops
1, throughput 0.0784 Mops
1, throughput 0.0788 Mops
1, throughput 0.0792 Mops
1, throughput 0.0788 Mops
1, throughput 0.0784 Mops
1, throughput 0.0783 Mops
1, throughput 0.0788 Mops
1, throughput 0.0792 Mops
1, throughput 0.0788 Mops
1, throughput 0.0788 Mops
1, throughput 0.0793 Mops
1, throughput 0.0785 Mops
1, throughput 0.0788 Mops
1, throughput 0.0790 Mops
1, throughput 0.0774 Mops
1, throughput 0.0788 Mops
1, throughput 0.0792 Mops
1, throughput 0.0793 Mops
1, throughput 0.0788 Mops
1, throughput 0.0783 Mops
1, throughput 0.0788 Mops
1, throughput 0.0786 Mops
1, throughput 0.0788 Mops
1, throughput 0.0786 Mops
1, throughput 0.0783 Mops
1, throughput 0.0787 Mops
1, throughput 0.0793 Mops
1, throughput 0.0777 Mops
1, throughput 0.0784 Mops
1, throughput 0.0782 Mops
1, throughput 0.0785 Mops
1, throughput 0.0792 Mops
1, throughput 0.0786 Mops
1, throughput 0.0787 Mops
1, throughput 0.0778 Mops
1, throughput 0.0789 Mops
1, throughput 0.0793 Mops
1, throughput 0.0788 Mops
1, throughput 0.0788 Mops
1, throughput 0.0793 Mops
1, throughput 0.0787 Mops
1, throughput 0.0790 Mops
1, throughput 0.0794 Mops
1, throughput 0.0781 Mops
1, throughput 0.0792 Mops
1, throughput 0.0791 Mops
1, throughput 0.0789 Mops
1, throughput 0.0788 Mops
1, throughput 0.0785 Mops
1, throughput 0.0797 Mops
1, throughput 0.0786 Mops
1, throughput 0.0794 Mops
1, throughput 0.0785 Mops
1, throughput 0.0786 Mops
1, throughput 0.0784 Mops
1, throughput 0.0769 Mops
1, throughput 0.0789 Mops
1, throughput 0.0788 Mops
1, throughput 0.0790 Mops
1, throughput 0.0786 Mops
1, throughput 0.0790 Mops
1, throughput 0.0787 Mops
1, throughput 0.0796 Mops
1, throughput 0.0785 Mops
1, throughput 0.0788 Mops
1, throughput 0.0784 Mops
1, throughput 0.0790 Mops
1, throughput 0.0785 Mops
1, throughput 0.0786 Mops
1, throughput 0.0789 Mops
1, throughput 0.0788 Mops
1, throughput 0.0788 Mops
1, throughput 0.0792 Mops
1, throughput 0.0779 Mops
1, throughput 0.0783 Mops
1, throughput 0.0781 Mops
1, throughput 0.0780 Mops
1, throughput 0.0794 Mops
1, throughput 0.0785 Mops
1, throughput 0.0795 Mops
1, throughput 0.0785 Mops
1, throughput 0.0795 Mops
1, throughput 0.0788 Mops
1, throughput 0.0788 Mops
1, throughput 0.0789 Mops
1, throughput 0.0791 Mops
1, throughput 0.0784 Mops
1, throughput 0.0784 Mops
1, throughput 0.0791 Mops
1, throughput 0.0792 Mops
1, throughput 0.0787 Mops
1, throughput 0.0793 Mops
1, throughput 0.0782 Mops
1, throughput 0.0788 Mops
1, throughput 0.0786 Mops
1, throughput 0.0783 Mops
1, throughput 0.0775 Mops
1, throughput 0.0788 Mops
1, throughput 0.0789 Mops
1, throughput 0.0790 Mops
1, throughput 0.0787 Mops
1, throughput 0.0797 Mops
1, throughput 0.0789 Mops
1, throughput 0.0791 Mops
1, throughput 0.0790 Mops
1, throughput 0.0789 Mops
1, throughput 0.0784 Mops
1, throughput 0.0793 Mops
1, throughput 0.0787 Mops
1, throughput 0.0788 Mops
1, throughput 0.0789 Mops
1, throughput 0.0790 Mops
1, throughput 0.0793 Mops
1, throughput 0.0785 Mops
1, throughput 0.0786 Mops
1, throughput 0.0789 Mops
1, throughput 0.0786 Mops
1, throughput 0.0776 Mops
1, throughput 0.0782 Mops
1, throughput 0.0784 Mops
1, throughput 0.0786 Mops
1, throughput 0.0781 Mops
1, throughput 0.0786 Mops
1, throughput 0.0787 Mops
1, throughput 0.0788 Mops
1, throughput 0.0790 Mops
1, throughput 0.0787 Mops
1, throughput 0.0787 Mops
1, throughput 0.0794 Mops
1, throughput 0.0788 Mops
1, throughput 0.0795 Mops
1, throughput 0.0788 Mops
1, throughput 0.0790 Mops
1, throughput 0.0792 Mops
1, throughput 0.0787 Mops
1, throughput 0.0784 Mops
1, throughput 0.0780 Mops
1, throughput 0.0777 Mops
1, throughput 0.0793 Mops
1, throughput 0.0793 Mops
1, throughput 0.0786 Mops
1, throughput 0.0787 Mops
1, throughput 0.0788 Mops
1, throughput 0.0783 Mops
1, throughput 0.0789 Mops
1, throughput 0.0790 Mops
1, throughput 0.0786 Mops
1, throughput 0.0781 Mops
1, throughput 0.0785 Mops
1, throughput 0.0789 Mops
1, throughput 0.0786 Mops
1, throughput 0.0783 Mops
1, throughput 0.0791 Mops
1, throughput 0.0787 Mops
1, throughput 0.0789 Mops
1, throughput 0.0780 Mops
1, throughput 0.0783 Mops
1, throughput 0.0791 Mops
1, throughput 0.0772 Mops
1, throughput 0.0790 Mops
1, throughput 0.0787 Mops
1, throughput 0.0784 Mops
1, throughput 0.0788 Mops
1, throughput 0.0785 Mops
1, throughput 0.0794 Mops
1, throughput 0.0787 Mops
1, throughput 0.0788 Mops
1, throughput 0.0799 Mops
1, throughput 0.0787 Mops
1, throughput 0.0786 Mops
1, throughput 0.0788 Mops
1, throughput 0.0783 Mops
1, throughput 0.0787 Mops
1, throughput 0.0791 Mops
1, throughput 0.0787 Mops
1, throughput 0.0787 Mops
1, throughput 0.0793 Mops
1, throughput 0.0785 Mops
1, throughput 0.0783 Mops
1, throughput 0.0781 Mops
1, throughput 0.0791 Mops
1, throughput 0.0783 Mops
1, throughput 0.0790 Mops
1, throughput 0.0787 Mops
1, throughput 0.0792 Mops
1, throughput 0.0785 Mops
1, throughput 0.0786 Mops
1, throughput 0.0781 Mops
1, throughput 0.0788 Mops
1, throughput 0.0784 Mops
1, throughput 0.0792 Mops
1, throughput 0.0791 Mops
1, throughput 0.0789 Mops
1, throughput 0.0784 Mops
1, throughput 0.0785 Mops
1, throughput 0.0783 Mops
1, throughput 0.0791 Mops
1, throughput 0.0783 Mops
1, throughput 0.0789 Mops
1, throughput 0.0775 Mops
1, throughput 0.0788 Mops
1, throughput 0.0795 Mops
1, throughput 0.0789 Mops
1, throughput 0.0786 Mops
1, throughput 0.0787 Mops
1, throughput 0.0791 Mops
1, throughput 0.0790 Mops
1, throughput 0.0790 Mops
1, throughput 0.0785 Mops
1, throughput 0.0784 Mops
1, throughput 0.0786 Mops
1, throughput 0.0787 Mops
1, throughput 0.0791 Mops
1, throughput 0.0784 Mops
1, throughput 0.0789 Mops
1, throughput 0.0786 Mops
1, throughput 0.0785 Mops
1, throughput 0.0787 Mops
1, throughput 0.0782 Mops
1, throughput 0.0783 Mops
1, throughput 0.0782 Mops
1, throughput 0.0790 Mops
1, throughput 0.0782 Mops
1, throughput 0.0784 Mops
1, throughput 0.0791 Mops
1, throughput 0.0785 Mops
1, throughput 0.0789 Mops
1, throughput 0.0786 Mops
1, throughput 0.0788 Mops
1, throughput 0.0787 Mops
1, throughput 0.0790 Mops
1, throughput 0.0789 Mops
1, throughput 0.0793 Mops
1, throughput 0.0786 Mops
1, throughput 0.0791 Mops
1, throughput 0.0795 Mops
1, throughput 0.0788 Mops
1, throughput 0.0788 Mops
1, throughput 0.0793 Mops
1, throughput 0.0785 Mops
1, throughput 0.0775 Mops
1, throughput 0.0794 Mops
1, throughput 0.0786 Mops
1, throughput 0.0791 Mops
1, throughput 0.0791 Mops
1, throughput 0.0786 Mops
1, throughput 0.0793 Mops
1, throughput 0.0790 Mops
1, throughput 0.0789 Mops
1, throughput 0.0792 Mops
1, throughput 0.0782 Mops
1, throughput 0.0786 Mops
1, throughput 0.0790 Mops
1, throughput 0.0792 Mops
1, throughput 0.0780 Mops
1, throughput 0.0789 Mops
1, throughput 0.0795 Mops
1, throughput 0.0788 Mops
1, throughput 0.0794 Mops
1, throughput 0.0795 Mops
1, throughput 0.0789 Mops
1, throughput 0.0774 Mops
1, throughput 0.0784 Mops
1, throughput 0.0787 Mops
1, throughput 0.0786 Mops
1, throughput 0.0790 Mops
1, throughput 0.0790 Mops
1, throughput 0.0790 Mops
1, throughput 0.0790 Mops
1, throughput 0.0786 Mops
1, throughput 0.0782 Mops
1, throughput 0.0784 Mops
1, throughput 0.0784 Mops
1, throughput 0.0789 Mops
1, throughput 0.0785 Mops
1, throughput 0.0790 Mops
1, throughput 0.0784 Mops
1, throughput 0.0789 Mops
1, throughput 0.0780 Mops
1, throughput 0.0783 Mops
1, throughput 0.0792 Mops
1, throughput 0.0774 Mops
1, throughput 0.0781 Mops
1, throughput 0.0788 Mops
1, throughput 0.0793 Mops
1, throughput 0.0791 Mops
1, throughput 0.0790 Mops
1, throughput 0.0785 Mops
1, throughput 0.0788 Mops
1, throughput 0.0786 Mops
1, throughput 0.0784 Mops
1, throughput 0.0783 Mops
1, throughput 0.0792 Mops
1, throughput 0.0785 Mops
1, throughput 0.0792 Mops
1, throughput 0.0792 Mops
1, throughput 0.0785 Mops
1, throughput 0.0786 Mops
1, throughput 0.0790 Mops
1, throughput 0.0790 Mops
1, throughput 0.0792 Mops
1, throughput 0.0786 Mops
1, throughput 0.0772 Mops
1, throughput 0.0789 Mops
1, throughput 0.0793 Mops
1, throughput 0.0786 Mops
1, throughput 0.0790 Mops
1, throughput 0.0787 Mops
1, throughput 0.0785 Mops
1, throughput 0.0796 Mops
1, throughput 0.0795 Mops
1, throughput 0.0792 Mops
1, throughput 0.0792 Mops
1, throughput 0.0788 Mops
1, throughput 0.0788 Mops
1, throughput 0.0788 Mops
1, throughput 0.0785 Mops
1, throughput 0.0786 Mops
1, throughput 0.0789 Mops
1, throughput 0.0786 Mops
1, throughput 0.0792 Mops
1, throughput 0.0790 Mops
1, throughput 0.0780 Mops
1, throughput 0.0785 Mops
1, throughput 0.0788 Mops
1, throughput 0.0784 Mops
1, throughput 0.0787 Mops
1, throughput 0.0787 Mops
1, throughput 0.0792 Mops
1, throughput 0.0790 Mops
1, throughput 0.0788 Mops
1, throughput 0.0791 Mops
1, throughput 0.0788 Mops
1, throughput 0.0792 Mops
1, throughput 0.0789 Mops
1, throughput 0.0790 Mops
1, throughput 0.0786 Mops
1, throughput 0.0786 Mops
1, throughput 0.0788 Mops
1, throughput 0.0787 Mops
1, throughput 0.0791 Mops
1, throughput 0.0796 Mops
1, throughput 0.0789 Mops
1, throughput 0.0783 Mops
1, throughput 0.0788 Mops
1, throughput 0.0791 Mops
1, throughput 0.0793 Mops
1, throughput 0.0790 Mops
1, throughput 0.0793 Mops
1, throughput 0.0785 Mops
1, throughput 0.0790 Mops
1, throughput 0.0787 Mops
1, throughput 0.0783 Mops
1, throughput 0.0785 Mops
1, throughput 0.0790 Mops
1, throughput 0.0790 Mops
1, throughput 0.0795 Mops
1, throughput 0.0788 Mops
1, throughput 0.0789 Mops
1, throughput 0.0792 Mops
1, throughput 0.0780 Mops
1, throughput 0.0790 Mops
1, throughput 0.0786 Mops
1, throughput 0.0780 Mops
1, throughput 0.0777 Mops
1, throughput 0.0786 Mops
1, throughput 0.0791 Mops
1, throughput 0.0789 Mops
1, throughput 0.0782 Mops
1, throughput 0.0782 Mops
1, throughput 0.0792 Mops
1, throughput 0.0790 Mops
1, throughput 0.0791 Mops
1, throughput 0.0797 Mops
1, throughput 0.0789 Mops
1, throughput 0.0795 Mops
1, throughput 0.0789 Mops
1, throughput 0.0783 Mops
1, throughput 0.0783 Mops
1, throughput 0.0786 Mops
1, throughput 0.0785 Mops
1, throughput 0.0786 Mops
1, throughput 0.0786 Mops
1, throughput 0.0785 Mops
1, throughput 0.0776 Mops
1, throughput 0.0782 Mops
1, throughput 0.0785 Mops
1, throughput 0.0782 Mops
1, throughput 0.0796 Mops
1, throughput 0.0786 Mops
1, throughput 0.0786 Mops
1, throughput 0.0791 Mops
1, throughput 0.0792 Mops
1, throughput 0.0790 Mops
1, throughput 0.0788 Mops
1, throughput 0.0789 Mops
1, throughput 0.0792 Mops
1, throughput 0.0793 Mops
1, throughput 0.0796 Mops
1, throughput 0.0784 Mops
1, throughput 0.0788 Mops
1, throughput 0.0786 Mops
1, throughput 0.0787 Mops
1, throughput 0.0789 Mops
1, throughput 0.0792 Mops
1, throughput 0.0771 Mops
1, throughput 0.0788 Mops
1, throughput 0.0791 Mops
1, throughput 0.0783 Mops
1, throughput 0.0786 Mops
1, throughput 0.0788 Mops
1, throughput 0.0790 Mops
1, throughput 0.0783 Mops
1, throughput 0.0790 Mops
1, throughput 0.0791 Mops
1, throughput 0.0798 Mops
1, throughput 0.0791 Mops
1, throughput 0.0792 Mops
1, throughput 0.0791 Mops
1, throughput 0.0787 Mops
1, throughput 0.0787 Mops
1, throughput 0.0783 Mops
1, throughput 0.0782 Mops
1, throughput 0.0788 Mops
1, throughput 0.0785 Mops
1, throughput 0.0779 Mops
1, throughput 0.0789 Mops
1, throughput 0.0794 Mops
1, throughput 0.0789 Mops
1, throughput 0.0793 Mops
1, throughput 0.0786 Mops
1, throughput 0.0791 Mops
1, throughput 0.0791 Mops
1, throughput 0.0791 Mops
1, throughput 0.0792 Mops
1, throughput 0.0788 Mops
1, throughput 0.0790 Mops
1, throughput 0.0787 Mops
1, throughput 0.0785 Mops
1, throughput 0.0789 Mops
1, throughput 0.0788 Mops
1, throughput 0.0794 Mops
1, throughput 0.0791 Mops
1, throughput 0.0787 Mops
1, throughput 0.0790 Mops
1, throughput 0.0785 Mops
1, throughput 0.0772 Mops
1, throughput 0.0788 Mops
1, throughput 0.0789 Mops
1, throughput 0.0786 Mops
1, throughput 0.0791 Mops
1, throughput 0.0794 Mops
1, throughput 0.0787 Mops
1, throughput 0.0783 Mops
1, throughput 0.0796 Mops
1, throughput 0.0790 Mops
1, throughput 0.0791 Mops
1, throughput 0.0788 Mops
1, throughput 0.0787 Mops
1, throughput 0.0785 Mops
1, throughput 0.0791 Mops
1, throughput 0.0784 Mops
1, throughput 0.0792 Mops
1, throughput 0.0790 Mops
1, throughput 0.0785 Mops
1, throughput 0.0789 Mops
1, throughput 0.0781 Mops
1, throughput 0.0786 Mops
1, throughput 0.0784 Mops
1, throughput 0.0790 Mops
1, throughput 0.0790 Mops
1, throughput 0.0785 Mops
1, throughput 0.0786 Mops
1, throughput 0.0786 Mops
1, throughput 0.0787 Mops
1, throughput 0.0787 Mops
1, throughput 0.0788 Mops
1, throughput 0.0789 Mops
1, throughput 0.0785 Mops
1, throughput 0.0785 Mops
1, throughput 0.0787 Mops
1, throughput 0.0792 Mops
1, throughput 0.0786 Mops
1, throughput 0.0783 Mops
1, throughput 0.0788 Mops
1, throughput 0.0784 Mops
1, throughput 0.0785 Mops
1, throughput 0.0775 Mops
1, throughput 0.0788 Mops
1, throughput 0.0788 Mops
1, throughput 0.0783 Mops
1, throughput 0.0787 Mops
1, throughput 0.0786 Mops
1, throughput 0.0789 Mops
1, throughput 0.0792 Mops
1, throughput 0.0787 Mops
1, throughput 0.0789 Mops
1, throughput 0.0786 Mops
1, throughput 0.0783 Mops
1, throughput 0.0789 Mops
1, throughput 0.0789 Mops
1, throughput 0.0786 Mops
1, throughput 0.0785 Mops
1, throughput 0.0791 Mops
1, throughput 0.0786 Mops
1, throughput 0.0792 Mops
1, throughput 0.0785 Mops
1, throughput 0.0784 Mops
1, throughput 0.0781 Mops
1, throughput 0.0792 Mops
1, throughput 0.0788 Mops
1, throughput 0.0791 Mops
1, throughput 0.0791 Mops
1, throughput 0.0785 Mops
1, throughput 0.0785 Mops
1, throughput 0.0790 Mops
1, throughput 0.0789 Mops
1, throughput 0.0784 Mops
1, throughput 0.0787 Mops
1, throughput 0.0786 Mops
1, throughput 0.0792 Mops
1, throughput 0.0788 Mops
1, throughput 0.0786 Mops
1, throughput 0.0789 Mops
1, throughput 0.0791 Mops
1, throughput 0.0791 Mops
1, throughput 0.0786 Mops
1, throughput 0.0787 Mops
1, throughput 0.0783 Mops
1, throughput 0.0789 Mops
1, throughput 0.0794 Mops
1, throughput 0.0785 Mops
1, throughput 0.0785 Mops
1, throughput 0.0783 Mops
1, throughput 0.0784 Mops
1, throughput 0.0787 Mops
1, throughput 0.0785 Mops
1, throughput 0.0788 Mops
1, throughput 0.0789 Mops
1, throughput 0.0787 Mops
1, throughput 0.0787 Mops
1, throughput 0.0790 Mops
1, throughput 0.0788 Mops
1, throughput 0.0786 Mops
1, throughput 0.0785 Mops
1, throughput 0.0781 Mops
1, throughput 0.0789 Mops
1, throughput 0.0790 Mops
1, throughput 0.0786 Mops
1, throughput 0.0772 Mops
1, throughput 0.0788 Mops
1, throughput 0.0791 Mops
1, throughput 0.0790 Mops
1, throughput 0.0790 Mops
1, throughput 0.0788 Mops
1, throughput 0.0787 Mops
1, throughput 0.0786 Mops
1, throughput 0.0783 Mops
1, throughput 0.0789 Mops
1, throughput 0.0789 Mops
1, throughput 0.0780 Mops
1, throughput 0.0737 Mops
1, throughput 0.0720 Mops
1, throughput 0.0660 Mops
1, throughput 0.0562 Mops
1, throughput 0.0491 Mops
1, throughput 0.0461 Mops
1, throughput 0.0456 Mops
1, throughput 0.0460 Mops
1, throughput 0.0450 Mops
1, throughput 0.0455 Mops
1, throughput 0.0456 Mops
1, throughput 0.0461 Mops
1, throughput 0.0456 Mops
1, throughput 0.0461 Mops
1, throughput 0.0454 Mops
1, throughput 0.0455 Mops
1, throughput 0.0456 Mops
1, throughput 0.0460 Mops
1, throughput 0.0457 Mops
1, throughput 0.0452 Mops
1, throughput 0.0454 Mops
1, throughput 0.0459 Mops
1, throughput 0.0454 Mops
1, throughput 0.0420 Mops
1, throughput 0.0339 Mops
1, throughput 0.0247 Mops
1, throughput 0.0124 Mops
1, throughput 0.0036 Mops
1, throughput 0.0027 Mops
1, throughput 0.0007 Mops
[RESULT node 1] ops=29999988 elapsed=387.708s throughput=0.0774 Mops mode=op-bounded
[RDMA node 1] ops=29999988 posts=2036841881 read_wr=2757605435 read_bytes=395846096069 write_wr=0 write_bytes=0 atomic_wr=0 send_wr=0 send_bytes=0
[RDMA node 1] per_op: round_trips=67.8948 reads=91.9202 writes=0.0000 atomics=0.0000 sends=0.0000 verbs=91.9202 bytes=13194.9

==================== LATENCY BUCKETS (500 ns) [node 1] ====================
[RANGE]
  ALL                n=29999988   mean=  455.39us  p50= 637.50us  p90= 869.00us  p99=1000.00us  p99.9=1000.00us  max>=1000.00us
  DIRECT (1-sided)   n=29999988   mean=  455.39us  p50= 637.50us  p90= 869.00us  p99=1000.00us  p99.9=1000.00us  max>=1000.00us
  OFFLOAD (rpc)             (no samples)
[ALL OPS]
  ALL                n=29999988   mean=  455.39us  p50= 637.50us  p90= 869.00us  p99=1000.00us  p99.9=1000.00us  max>=1000.00us
  DIRECT (1-sided)   n=29999988   mean=  455.39us  p50= 637.50us  p90= 869.00us  p99=1000.00us  p99.9=1000.00us  max>=1000.00us
  OFFLOAD (rpc)             (no samples)

----- 500 ns bucket CDF (all ops) [node 1] -----
  bucket [lo,hi) ns             count        pct       cdf
  [    43500,    44000)            2    0.0000%   0.0000%
  [    44000,    44500)            8    0.0000%   0.0000%
  [    44500,    45000)           56    0.0002%   0.0002%
  [    45000,    45500)          206    0.0007%   0.0009%
  [    45500,    46000)          541    0.0018%   0.0027%
  [    46000,    46500)         1100    0.0037%   0.0064%
  [    46500,    47000)         2139    0.0071%   0.0135%
  [    47000,    47500)         3810    0.0127%   0.0262%
  [    47500,    48000)         5738    0.0191%   0.0453%
  [    48000,    48500)         8254    0.0275%   0.0728%
  [    48500,    49000)        10969    0.0366%   0.1094%
  [    49000,    49500)        14670    0.0489%   0.1583%
  [    49500,    50000)        18614    0.0620%   0.2204%
  [    50000,    50500)        25938    0.0865%   0.3068%
  [    50500,    51000)        39552    0.1318%   0.4387%
  [    51000,    51500)        64752    0.2158%   0.6545%
  [    51500,    52000)       101839    0.3395%   0.9940%
  [    52000,    52500)       144807    0.4827%   1.4767%
  [    52500,    53000)       185246    0.6175%   2.0941%
  [    53000,    53500)       217122    0.7237%   2.8179%
  [    53500,    54000)       240887    0.8030%   3.6208%
  [    54000,    54500)       262976    0.8766%   4.4974%
  [    54500,    55000)       287782    0.9593%   5.4567%
  [    55000,    55500)       324448    1.0815%   6.5382%
  [    55500,    56000)       376698    1.2557%   7.7938%
  [    56000,    56500)       433920    1.4464%   9.2403%
  [    56500,    57000)       488851    1.6295%  10.8698%
  [    57000,    57500)       529051    1.7635%  12.6333%
  [    57500,    58000)       553554    1.8452%  14.4784%
  [    58000,    58500)       564063    1.8802%  16.3586%
  [    58500,    59000)       558751    1.8625%  18.2212%
  [    59000,    59500)       538291    1.7943%  20.0155%
  [    59500,    60000)       522601    1.7420%  21.7575%
  [    60000,    60500)       515538    1.7185%  23.4759%
  [    60500,    61000)       510976    1.7033%  25.1792%
  [    61000,    61500)       506642    1.6888%  26.8680%
  [    61500,    62000)       501519    1.6717%  28.5397%
  [    62000,    62500)       487057    1.6235%  30.1632%
  [    62500,    63000)       448060    1.4935%  31.6568%
  [    63000,    63500)       407716    1.3591%  33.0158%
  [    63500,    64000)       368315    1.2277%  34.2435%
  [    64000,    64500)       330391    1.1013%  35.3448%
  [    64500,    65000)       293684    0.9789%  36.3238%
  [    65000,    65500)       260307    0.8677%  37.1915%
  [    65500,    66000)       233298    0.7777%  37.9691%
  [    66000,    66500)       206504    0.6883%  38.6575%
  [    66500,    67000)       180804    0.6027%  39.2602%
  [    67000,    67500)       159609    0.5320%  39.7922%
  [    67500,    68000)       139912    0.4664%  40.2586%
  [    68000,    68500)       122414    0.4080%  40.6666%
  [    68500,    69000)       106004    0.3533%  41.0200%
  [    69000,    69500)        91911    0.3064%  41.3263%
  [    69500,    70000)        78657    0.2622%  41.5885%
  [    70000,    70500)        67794    0.2260%  41.8145%
  [    70500,    71000)        57684    0.1923%  42.0068%
  [    71000,    71500)        48627    0.1621%  42.1689%
  [    71500,    72000)        42049    0.1402%  42.3090%
  [    72000,    72500)        35981    0.1199%  42.4290%
  [    72500,    73000)        31194    0.1040%  42.5330%
  [    73000,    73500)        26906    0.0897%  42.6226%
  [    73500,    74000)        23687    0.0790%  42.7016%
  [    74000,    74500)        20754    0.0692%  42.7708%
  [    74500,    75000)        18036    0.0601%  42.8309%
  [    75000,    75500)        15525    0.0518%  42.8827%
  [    75500,    76000)        13950    0.0465%  42.9292%
  [    76000,    76500)        12360    0.0412%  42.9704%
  [    76500,    77000)        11139    0.0371%  43.0075%
  [    77000,    77500)        10155    0.0339%  43.0413%
  [    77500,    78000)         9092    0.0303%  43.0716%
  [    78000,    78500)         8208    0.0274%  43.0990%
  [    78500,    79000)         7324    0.0244%  43.1234%
  [    79000,    79500)         6871    0.0229%  43.1463%
  [    79500,    80000)         6274    0.0209%  43.1672%
  [    80000,    80500)         5922    0.0197%  43.1870%
  [    80500,    81000)         5316    0.0177%  43.2047%
  [    81000,    81500)         4895    0.0163%  43.2210%
  [    81500,    82000)         4607    0.0154%  43.2364%
  [    82000,    82500)         4286    0.0143%  43.2507%
  [    82500,    83000)         4029    0.0134%  43.2641%
  [    83000,    83500)         3510    0.0117%  43.2758%
  [    83500,    84000)         3305    0.0110%  43.2868%
  [    84000,    84500)         3158    0.0105%  43.2973%
  [    84500,    85000)         2963    0.0099%  43.3072%
  [    85000,    85500)         2759    0.0092%  43.3164%
  [    85500,    86000)         2564    0.0085%  43.3249%
  [    86000,    86500)         2457    0.0082%  43.3331%
  [    86500,    87000)         2196    0.0073%  43.3405%
  [    87000,    87500)         2072    0.0069%  43.3474%
  [    87500,    88000)         2070    0.0069%  43.3543%
  [    88000,    88500)         1868    0.0062%  43.3605%
  [    88500,    89000)         1813    0.0060%  43.3665%
  [    89000,    89500)         1681    0.0056%  43.3721%
  [    89500,    90000)         1624    0.0054%  43.3775%
  [    90000,    90500)         1530    0.0051%  43.3826%
  [    90500,    91000)         1506    0.0050%  43.3877%
  [    91000,    91500)         1426    0.0048%  43.3924%
  [    91500,    92000)         1255    0.0042%  43.3966%
  [    92000,    92500)         1269    0.0042%  43.4008%
  [    92500,    93000)         1135    0.0038%  43.4046%
  [    93000,    93500)         1068    0.0036%  43.4082%
  [    93500,    94000)         1099    0.0037%  43.4118%
  [    94000,    94500)         1019    0.0034%  43.4152%
  [    94500,    95000)          933    0.0031%  43.4183%
  [    95000,    95500)          949    0.0032%  43.4215%
  [    95500,    96000)          849    0.0028%  43.4243%
  [    96000,    96500)          814    0.0027%  43.4271%
  [    96500,    97000)          858    0.0029%  43.4299%
  [    97000,    97500)          782    0.0026%  43.4325%
  [    97500,    98000)          760    0.0025%  43.4351%
  [    98000,    98500)          795    0.0027%  43.4377%
  [    98500,    99000)          671    0.0022%  43.4399%
  [    99000,    99500)          685    0.0023%  43.4422%
  [    99500,   100000)          661    0.0022%  43.4444%
  [   100000,   100500)          660    0.0022%  43.4466%
  [   100500,   101000)          635    0.0021%  43.4487%
  [   101000,   101500)          574    0.0019%  43.4507%
  [   101500,   102000)          580    0.0019%  43.4526%
  [   102000,   102500)          570    0.0019%  43.4545%
  [   102500,   103000)          558    0.0019%  43.4564%
  [   103000,   103500)          558    0.0019%  43.4582%
  [   103500,   104000)          553    0.0018%  43.4601%
  [   104000,   104500)          503    0.0017%  43.4617%
  [   104500,   105000)          495    0.0017%  43.4634%
  [   105000,   105500)          463    0.0015%  43.4649%
  [   105500,   106000)          485    0.0016%  43.4665%
  [   106000,   106500)          487    0.0016%  43.4682%
  [   106500,   107000)          493    0.0016%  43.4698%
  [   107000,   107500)          434    0.0014%  43.4713%
  [   107500,   108000)          470    0.0016%  43.4728%
  [   108000,   108500)          449    0.0015%  43.4743%
  [   108500,   109000)          431    0.0014%  43.4758%
  [   109000,   109500)          437    0.0015%  43.4772%
  [   109500,   110000)          474    0.0016%  43.4788%
  [   110000,   110500)          457    0.0015%  43.4803%
  [   110500,   111000)          445    0.0015%  43.4818%
  [   111000,   111500)          474    0.0016%  43.4834%
  [   111500,   112000)          474    0.0016%  43.4850%
  [   112000,   112500)          486    0.0016%  43.4866%
  [   112500,   113000)          435    0.0015%  43.4880%
  [   113000,   113500)          493    0.0016%  43.4897%
  [   113500,   114000)          440    0.0015%  43.4911%
  [   114000,   114500)          475    0.0016%  43.4927%
  [   114500,   115000)          469    0.0016%  43.4943%
  [   115000,   115500)          494    0.0016%  43.4959%
  [   115500,   116000)          491    0.0016%  43.4976%
  [   116000,   116500)          474    0.0016%  43.4991%
  [   116500,   117000)          441    0.0015%  43.5006%
  [   117000,   117500)          446    0.0015%  43.5021%
  [   117500,   118000)          472    0.0016%  43.5037%
  [   118000,   118500)          500    0.0017%  43.5053%
  [   118500,   119000)          515    0.0017%  43.5071%
  [   119000,   119500)          459    0.0015%  43.5086%
  [   119500,   120000)          484    0.0016%  43.5102%
  [   120000,   120500)          478    0.0016%  43.5118%
  [   120500,   121000)          465    0.0016%  43.5133%
  [   121000,   121500)          473    0.0016%  43.5149%
  [   121500,   122000)          463    0.0015%  43.5165%
  [   122000,   122500)          462    0.0015%  43.5180%
  [   122500,   123000)          482    0.0016%  43.5196%
  [   123000,   123500)          462    0.0015%  43.5212%
  [   123500,   124000)          439    0.0015%  43.5226%
  [   124000,   124500)          450    0.0015%  43.5241%
  [   124500,   125000)          491    0.0016%  43.5258%
  [   125000,   125500)          496    0.0017%  43.5274%
  [   125500,   126000)          505    0.0017%  43.5291%
  [   126000,   126500)          465    0.0016%  43.5306%
  [   126500,   127000)          509    0.0017%  43.5323%
  [   127000,   127500)          484    0.0016%  43.5340%
  [   127500,   128000)          506    0.0017%  43.5356%
  [   128000,   128500)          487    0.0016%  43.5373%
  [   128500,   129000)          483    0.0016%  43.5389%
  [   129000,   129500)          485    0.0016%  43.5405%
  [   129500,   130000)          482    0.0016%  43.5421%
  [   130000,   130500)          481    0.0016%  43.5437%
  [   130500,   131000)          544    0.0018%  43.5455%
  [   131000,   131500)          510    0.0017%  43.5472%
  [   131500,   132000)          513    0.0017%  43.5489%
  [   132000,   132500)          498    0.0017%  43.5506%
  [   132500,   133000)          520    0.0017%  43.5523%
  [   133000,   133500)          525    0.0018%  43.5541%
  [   133500,   134000)          495    0.0017%  43.5557%
  [   134000,   134500)          529    0.0018%  43.5575%
  [   134500,   135000)          450    0.0015%  43.5590%
  [   135000,   135500)          488    0.0016%  43.5606%
  [   135500,   136000)          497    0.0017%  43.5623%
  [   136000,   136500)          468    0.0016%  43.5638%
  [   136500,   137000)          504    0.0017%  43.5655%
  [   137000,   137500)          489    0.0016%  43.5671%
  [   137500,   138000)          517    0.0017%  43.5689%
  [   138000,   138500)          508    0.0017%  43.5705%
  [   138500,   139000)          520    0.0017%  43.5723%
  [   139000,   139500)          514    0.0017%  43.5740%
  [   139500,   140000)          502    0.0017%  43.5757%
  [   140000,   140500)          499    0.0017%  43.5773%
  [   140500,   141000)          525    0.0018%  43.5791%
  [   141000,   141500)          515    0.0017%  43.5808%
  [   141500,   142000)          563    0.0019%  43.5827%
  [   142000,   142500)          515    0.0017%  43.5844%
  [   142500,   143000)          470    0.0016%  43.5860%
  [   143000,   143500)          538    0.0018%  43.5878%
  [   143500,   144000)          558    0.0019%  43.5896%
  [   144000,   144500)          543    0.0018%  43.5914%
  [   144500,   145000)          506    0.0017%  43.5931%
  [   145000,   145500)          501    0.0017%  43.5948%
  [   145500,   146000)          489    0.0016%  43.5964%
  [   146000,   146500)          510    0.0017%  43.5981%
  [   146500,   147000)          527    0.0018%  43.5999%
  [   147000,   147500)          541    0.0018%  43.6017%
  [   147500,   148000)          508    0.0017%  43.6034%
  [   148000,   148500)          529    0.0018%  43.6051%
  [   148500,   149000)          521    0.0017%  43.6069%
  [   149000,   149500)          523    0.0017%  43.6086%
  [   149500,   150000)          495    0.0017%  43.6103%
  [   150000,   150500)          562    0.0019%  43.6121%
  [   150500,   151000)          562    0.0019%  43.6140%
  [   151000,   151500)          493    0.0016%  43.6156%
  [   151500,   152000)          511    0.0017%  43.6173%
  [   152000,   152500)          544    0.0018%  43.6192%
  [   152500,   153000)          535    0.0018%  43.6209%
  [   153000,   153500)          519    0.0017%  43.6227%
  [   153500,   154000)          544    0.0018%  43.6245%
  [   154000,   154500)          534    0.0018%  43.6263%
  [   154500,   155000)          516    0.0017%  43.6280%
  [   155000,   155500)          557    0.0019%  43.6298%
  [   155500,   156000)          553    0.0018%  43.6317%
  [   156000,   156500)          538    0.0018%  43.6335%
  [   156500,   157000)          548    0.0018%  43.6353%
  [   157000,   157500)          591    0.0020%  43.6373%
  [   157500,   158000)          557    0.0019%  43.6391%
  [   158000,   158500)          593    0.0020%  43.6411%
  [   158500,   159000)          555    0.0019%  43.6430%
  [   159000,   159500)          541    0.0018%  43.6448%
  [   159500,   160000)          525    0.0018%  43.6465%
  [   160000,   160500)          587    0.0020%  43.6485%
  [   160500,   161000)          592    0.0020%  43.6504%
  [   161000,   161500)          568    0.0019%  43.6523%
  [   161500,   162000)          636    0.0021%  43.6545%
  [   162000,   162500)          552    0.0018%  43.6563%
  [   162500,   163000)          545    0.0018%  43.6581%
  [   163000,   163500)          585    0.0020%  43.6601%
  [   163500,   164000)          597    0.0020%  43.6621%
  [   164000,   164500)          574    0.0019%  43.6640%
  [   164500,   165000)          575    0.0019%  43.6659%
  [   165000,   165500)          616    0.0021%  43.6679%
  [   165500,   166000)          600    0.0020%  43.6699%
  [   166000,   166500)          564    0.0019%  43.6718%
  [   166500,   167000)          609    0.0020%  43.6738%
  [   167000,   167500)          616    0.0021%  43.6759%
  [   167500,   168000)          622    0.0021%  43.6780%
  [   168000,   168500)          629    0.0021%  43.6801%
  [   168500,   169000)          621    0.0021%  43.6821%
  [   169000,   169500)          587    0.0020%  43.6841%
  [   169500,   170000)          646    0.0022%  43.6863%
  [   170000,   170500)          599    0.0020%  43.6882%
  [   170500,   171000)          630    0.0021%  43.6903%
  [   171000,   171500)          632    0.0021%  43.6925%
  [   171500,   172000)          633    0.0021%  43.6946%
  [   172000,   172500)          625    0.0021%  43.6966%
  [   172500,   173000)          642    0.0021%  43.6988%
  [   173000,   173500)          618    0.0021%  43.7008%
  [   173500,   174000)          632    0.0021%  43.7030%
  [   174000,   174500)          651    0.0022%  43.7051%
  [   174500,   175000)          615    0.0021%  43.7072%
  [   175000,   175500)          641    0.0021%  43.7093%
  [   175500,   176000)          610    0.0020%  43.7113%
  [   176000,   176500)          611    0.0020%  43.7134%
  [   176500,   177000)          637    0.0021%  43.7155%
  [   177000,   177500)          677    0.0023%  43.7178%
  [   177500,   178000)          636    0.0021%  43.7199%
  [   178000,   178500)          688    0.0023%  43.7222%
  [   178500,   179000)          641    0.0021%  43.7243%
  [   179000,   179500)          663    0.0022%  43.7265%
  [   179500,   180000)          636    0.0021%  43.7286%
  [   180000,   180500)          689    0.0023%  43.7309%
  [   180500,   181000)          725    0.0024%  43.7334%
  [   181000,   181500)          657    0.0022%  43.7355%
  [   181500,   182000)          693    0.0023%  43.7379%
  [   182000,   182500)          666    0.0022%  43.7401%
  [   182500,   183000)          683    0.0023%  43.7424%
  [   183000,   183500)          692    0.0023%  43.7447%
  [   183500,   184000)          704    0.0023%  43.7470%
  [   184000,   184500)          703    0.0023%  43.7493%
  [   184500,   185000)          671    0.0022%  43.7516%
  [   185000,   185500)          700    0.0023%  43.7539%
  [   185500,   186000)          682    0.0023%  43.7562%
  [   186000,   186500)          673    0.0022%  43.7584%
  [   186500,   187000)          701    0.0023%  43.7608%
  [   187000,   187500)          640    0.0021%  43.7629%
  [   187500,   188000)          703    0.0023%  43.7652%
  [   188000,   188500)          699    0.0023%  43.7676%
  [   188500,   189000)          701    0.0023%  43.7699%
  [   189000,   189500)          667    0.0022%  43.7721%
  [   189500,   190000)          741    0.0025%  43.7746%
  [   190000,   190500)          760    0.0025%  43.7771%
  [   190500,   191000)          730    0.0024%  43.7796%
  [   191000,   191500)          734    0.0024%  43.7820%
  [   191500,   192000)          693    0.0023%  43.7843%
  [   192000,   192500)          710    0.0024%  43.7867%
  [   192500,   193000)          725    0.0024%  43.7891%
  [   193000,   193500)          739    0.0025%  43.7916%
  [   193500,   194000)          720    0.0024%  43.7940%
  [   194000,   194500)          733    0.0024%  43.7964%
  [   194500,   195000)          758    0.0025%  43.7989%
  [   195000,   195500)          757    0.0025%  43.8015%
  [   195500,   196000)          709    0.0024%  43.8038%
  [   196000,   196500)          786    0.0026%  43.8065%
  [   196500,   197000)          811    0.0027%  43.8092%
  [   197000,   197500)          776    0.0026%  43.8117%
  [   197500,   198000)          719    0.0024%  43.8141%
  [   198000,   198500)          777    0.0026%  43.8167%
  [   198500,   199000)          771    0.0026%  43.8193%
  [   199000,   199500)          703    0.0023%  43.8216%
  [   199500,   200000)          743    0.0025%  43.8241%
  [   200000,   200500)          741    0.0025%  43.8266%
  [   200500,   201000)          752    0.0025%  43.8291%
  [   201000,   201500)          794    0.0026%  43.8317%
  [   201500,   202000)          805    0.0027%  43.8344%
  [   202000,   202500)          763    0.0025%  43.8370%
  [   202500,   203000)          755    0.0025%  43.8395%
  [   203000,   203500)          759    0.0025%  43.8420%
  [   203500,   204000)          804    0.0027%  43.8447%
  [   204000,   204500)          764    0.0025%  43.8472%
  [   204500,   205000)          831    0.0028%  43.8500%
  [   205000,   205500)          781    0.0026%  43.8526%
  [   205500,   206000)          773    0.0026%  43.8552%
  [   206000,   206500)          798    0.0027%  43.8579%
  [   206500,   207000)          787    0.0026%  43.8605%
  [   207000,   207500)          782    0.0026%  43.8631%
  [   207500,   208000)          829    0.0028%  43.8658%
  [   208000,   208500)          801    0.0027%  43.8685%
  [   208500,   209000)          797    0.0027%  43.8712%
  [   209000,   209500)          778    0.0026%  43.8738%
  [   209500,   210000)          866    0.0029%  43.8767%
  [   210000,   210500)          852    0.0028%  43.8795%
  [   210500,   211000)          802    0.0027%  43.8822%
  [   211000,   211500)          820    0.0027%  43.8849%
  [   211500,   212000)          820    0.0027%  43.8876%
  [   212000,   212500)          855    0.0029%  43.8905%
  [   212500,   213000)          848    0.0028%  43.8933%
  [   213000,   213500)          850    0.0028%  43.8961%
  [   213500,   214000)          836    0.0028%  43.8989%
  [   214000,   214500)          801    0.0027%  43.9016%
  [   214500,   215000)          798    0.0027%  43.9043%
  [   215000,   215500)          780    0.0026%  43.9069%
  [   215500,   216000)          886    0.0030%  43.9098%
  [   216000,   216500)          872    0.0029%  43.9127%
  [   216500,   217000)          811    0.0027%  43.9154%
  [   217000,   217500)          839    0.0028%  43.9182%
  [   217500,   218000)          850    0.0028%  43.9211%
  [   218000,   218500)          881    0.0029%  43.9240%
  [   218500,   219000)          849    0.0028%  43.9268%
  [   219000,   219500)          831    0.0028%  43.9296%
  [   219500,   220000)          843    0.0028%  43.9324%
  [   220000,   220500)          923    0.0031%  43.9355%
  [   220500,   221000)          876    0.0029%  43.9384%
  [   221000,   221500)          886    0.0030%  43.9414%
  [   221500,   222000)          852    0.0028%  43.9442%
  [   222000,   222500)          814    0.0027%  43.9469%
  [   222500,   223000)          819    0.0027%  43.9496%
  [   223000,   223500)          833    0.0028%  43.9524%
  [   223500,   224000)          891    0.0030%  43.9554%
  [   224000,   224500)          886    0.0030%  43.9583%
  [   224500,   225000)          849    0.0028%  43.9612%
  [   225000,   225500)          801    0.0027%  43.9638%
  [   225500,   226000)          871    0.0029%  43.9667%
  [   226000,   226500)          906    0.0030%  43.9698%
  [   226500,   227000)          902    0.0030%  43.9728%
  [   227000,   227500)          888    0.0030%  43.9757%
  [   227500,   228000)          894    0.0030%  43.9787%
  [   228000,   228500)          883    0.0029%  43.9816%
  [   228500,   229000)          869    0.0029%  43.9845%
  [   229000,   229500)          889    0.0030%  43.9875%
  [   229500,   230000)          864    0.0029%  43.9904%
  [   230000,   230500)          906    0.0030%  43.9934%
  [   230500,   231000)          865    0.0029%  43.9963%
  [   231000,   231500)          894    0.0030%  43.9993%
  [   231500,   232000)          876    0.0029%  44.0022%
  [   232000,   232500)          872    0.0029%  44.0051%
  [   232500,   233000)          896    0.0030%  44.0081%
  [   233000,   233500)          902    0.0030%  44.0111%
  [   233500,   234000)          875    0.0029%  44.0140%
  [   234000,   234500)          870    0.0029%  44.0169%
  [   234500,   235000)          782    0.0026%  44.0195%
  [   235000,   235500)          881    0.0029%  44.0225%
  [   235500,   236000)          924    0.0031%  44.0255%
  [   236000,   236500)          908    0.0030%  44.0286%
  [   236500,   237000)          897    0.0030%  44.0315%
  [   237000,   237500)          931    0.0031%  44.0347%
  [   237500,   238000)          908    0.0030%  44.0377%
  [   238000,   238500)          821    0.0027%  44.0404%
  [   238500,   239000)          915    0.0031%  44.0435%
  [   239000,   239500)          869    0.0029%  44.0464%
  [   239500,   240000)          887    0.0030%  44.0493%
  [   240000,   240500)          827    0.0028%  44.0521%
  [   240500,   241000)          872    0.0029%  44.0550%
  [   241000,   241500)          847    0.0028%  44.0578%
  [   241500,   242000)          919    0.0031%  44.0609%
  [   242000,   242500)          854    0.0028%  44.0637%
  [   242500,   243000)          929    0.0031%  44.0668%
  [   243000,   243500)          911    0.0030%  44.0698%
  [   243500,   244000)          813    0.0027%  44.0726%
  [   244000,   244500)          860    0.0029%  44.0754%
  [   244500,   245000)          929    0.0031%  44.0785%
  [   245000,   245500)          901    0.0030%  44.0815%
  [   245500,   246000)          895    0.0030%  44.0845%
  [   246000,   246500)          874    0.0029%  44.0874%
  [   246500,   247000)          904    0.0030%  44.0904%
  [   247000,   247500)          929    0.0031%  44.0935%
  [   247500,   248000)          906    0.0030%  44.0966%
  [   248000,   248500)          869    0.0029%  44.0994%
  [   248500,   249000)          961    0.0032%  44.1027%
  [   249000,   249500)          902    0.0030%  44.1057%
  [   249500,   250000)          917    0.0031%  44.1087%
  [   250000,   250500)          862    0.0029%  44.1116%
  [   250500,   251000)          889    0.0030%  44.1146%
  [   251000,   251500)          880    0.0029%  44.1175%
  [   251500,   252000)          855    0.0029%  44.1203%
  [   252000,   252500)          942    0.0031%  44.1235%
  [   252500,   253000)          909    0.0030%  44.1265%
  [   253000,   253500)          925    0.0031%  44.1296%
  [   253500,   254000)          907    0.0030%  44.1326%
  [   254000,   254500)          867    0.0029%  44.1355%
  [   254500,   255000)          896    0.0030%  44.1385%
  [   255000,   255500)          879    0.0029%  44.1414%
  [   255500,   256000)          878    0.0029%  44.1443%
  [   256000,   256500)          899    0.0030%  44.1473%
  [   256500,   257000)          873    0.0029%  44.1503%
  [   257000,   257500)          913    0.0030%  44.1533%
  [   257500,   258000)          919    0.0031%  44.1564%
  [   258000,   258500)          900    0.0030%  44.1594%
  [   258500,   259000)          931    0.0031%  44.1625%
  [   259000,   259500)          886    0.0030%  44.1654%
  [   259500,   260000)          891    0.0030%  44.1684%
  [   260000,   260500)          877    0.0029%  44.1713%
  [   260500,   261000)          888    0.0030%  44.1743%
  [   261000,   261500)          862    0.0029%  44.1771%
  [   261500,   262000)          843    0.0028%  44.1800%
  [   262000,   262500)          902    0.0030%  44.1830%
  [   262500,   263000)          838    0.0028%  44.1858%
  [   263000,   263500)          910    0.0030%  44.1888%
  [   263500,   264000)          885    0.0030%  44.1917%
  [   264000,   264500)          921    0.0031%  44.1948%
  [   264500,   265000)          841    0.0028%  44.1976%
  [   265000,   265500)          929    0.0031%  44.2007%
  [   265500,   266000)          965    0.0032%  44.2039%
  [   266000,   266500)          886    0.0030%  44.2069%
  [   266500,   267000)          885    0.0030%  44.2098%
  [   267000,   267500)          885    0.0030%  44.2128%
  [   267500,   268000)          833    0.0028%  44.2156%
  [   268000,   268500)          887    0.0030%  44.2185%
  [   268500,   269000)          830    0.0028%  44.2213%
  [   269000,   269500)          906    0.0030%  44.2243%
  [   269500,   270000)          878    0.0029%  44.2272%
  [   270000,   270500)          905    0.0030%  44.2302%
  [   270500,   271000)          933    0.0031%  44.2333%
  [   271000,   271500)          922    0.0031%  44.2364%
  [   271500,   272000)          865    0.0029%  44.2393%
  [   272000,   272500)          873    0.0029%  44.2422%
  [   272500,   273000)          882    0.0029%  44.2452%
  [   273000,   273500)          877    0.0029%  44.2481%
  [   273500,   274000)          892    0.0030%  44.2511%
  [   274000,   274500)          849    0.0028%  44.2539%
  [   274500,   275000)          868    0.0029%  44.2568%
  [   275000,   275500)          844    0.0028%  44.2596%
  [   275500,   276000)          901    0.0030%  44.2626%
  [   276000,   276500)          901    0.0030%  44.2656%
  [   276500,   277000)          859    0.0029%  44.2685%
  [   277000,   277500)          840    0.0028%  44.2713%
  [   277500,   278000)          904    0.0030%  44.2743%
  [   278000,   278500)          858    0.0029%  44.2771%
  [   278500,   279000)          869    0.0029%  44.2800%
  [   279000,   279500)          890    0.0030%  44.2830%
  [   279500,   280000)          858    0.0029%  44.2859%
  [   280000,   280500)          861    0.0029%  44.2887%
  [   280500,   281000)          896    0.0030%  44.2917%
  [   281000,   281500)          887    0.0030%  44.2947%
  [   281500,   282000)          886    0.0030%  44.2976%
  [   282000,   282500)          898    0.0030%  44.3006%
  [   282500,   283000)          875    0.0029%  44.3035%
  [   283000,   283500)          847    0.0028%  44.3064%
  [   283500,   284000)          881    0.0029%  44.3093%
  [   284000,   284500)          856    0.0029%  44.3121%
  [   284500,   285000)          874    0.0029%  44.3151%
  [   285000,   285500)          877    0.0029%  44.3180%
  [   285500,   286000)          887    0.0030%  44.3209%
  [   286000,   286500)          867    0.0029%  44.3238%
  [   286500,   287000)          872    0.0029%  44.3267%
  [   287000,   287500)          896    0.0030%  44.3297%
  [   287500,   288000)          902    0.0030%  44.3327%
  [   288000,   288500)          906    0.0030%  44.3357%
  [   288500,   289000)          881    0.0029%  44.3387%
  [   289000,   289500)          889    0.0030%  44.3416%
  [   289500,   290000)          917    0.0031%  44.3447%
  [   290000,   290500)          839    0.0028%  44.3475%
  [   290500,   291000)          815    0.0027%  44.3502%
  [   291000,   291500)          866    0.0029%  44.3531%
  [   291500,   292000)          870    0.0029%  44.3560%
  [   292000,   292500)          832    0.0028%  44.3588%
  [   292500,   293000)          898    0.0030%  44.3618%
  [   293000,   293500)          845    0.0028%  44.3646%
  [   293500,   294000)          855    0.0029%  44.3674%
  [   294000,   294500)          858    0.0029%  44.3703%
  [   294500,   295000)          848    0.0028%  44.3731%
  [   295000,   295500)          840    0.0028%  44.3759%
  [   295500,   296000)          926    0.0031%  44.3790%
  [   296000,   296500)          848    0.0028%  44.3818%
  [   296500,   297000)          860    0.0029%  44.3847%
  [   297000,   297500)          896    0.0030%  44.3877%
  [   297500,   298000)          864    0.0029%  44.3906%
  [   298000,   298500)          835    0.0028%  44.3934%
  [   298500,   299000)          870    0.0029%  44.3963%
  [   299000,   299500)          832    0.0028%  44.3990%
  [   299500,   300000)          826    0.0028%  44.4018%
  [   300000,   300500)          811    0.0027%  44.4045%
  [   300500,   301000)          806    0.0027%  44.4072%
  [   301000,   301500)          817    0.0027%  44.4099%
  [   301500,   302000)          824    0.0027%  44.4126%
  [   302000,   302500)          836    0.0028%  44.4154%
  [   302500,   303000)          852    0.0028%  44.4183%
  [   303000,   303500)          820    0.0027%  44.4210%
  [   303500,   304000)          779    0.0026%  44.4236%
  [   304000,   304500)          792    0.0026%  44.4262%
  [   304500,   305000)          844    0.0028%  44.4291%
  [   305000,   305500)          849    0.0028%  44.4319%
  [   305500,   306000)          784    0.0026%  44.4345%
  [   306000,   306500)          816    0.0027%  44.4372%
  [   306500,   307000)          820    0.0027%  44.4399%
  [   307000,   307500)          813    0.0027%  44.4427%
  [   307500,   308000)          858    0.0029%  44.4455%
  [   308000,   308500)          815    0.0027%  44.4482%
  [   308500,   309000)          844    0.0028%  44.4510%
  [   309000,   309500)          790    0.0026%  44.4537%
  [   309500,   310000)          779    0.0026%  44.4563%
  [   310000,   310500)          847    0.0028%  44.4591%
  [   310500,   311000)          847    0.0028%  44.4619%
  [   311000,   311500)          847    0.0028%  44.4647%
  [   311500,   312000)          786    0.0026%  44.4674%
  [   312000,   312500)          792    0.0026%  44.4700%
  [   312500,   313000)          753    0.0025%  44.4725%
  [   313000,   313500)          844    0.0028%  44.4753%
  [   313500,   314000)          780    0.0026%  44.4779%
  [   314000,   314500)          782    0.0026%  44.4805%
  [   314500,   315000)          815    0.0027%  44.4833%
  [   315000,   315500)          811    0.0027%  44.4860%
  [   315500,   316000)          756    0.0025%  44.4885%
  [   316000,   316500)          796    0.0027%  44.4911%
  [   316500,   317000)          796    0.0027%  44.4938%
  [   317000,   317500)          830    0.0028%  44.4966%
  [   317500,   318000)          773    0.0026%  44.4991%
  [   318000,   318500)          762    0.0025%  44.5017%
  [   318500,   319000)          801    0.0027%  44.5043%
  [   319000,   319500)          830    0.0028%  44.5071%
  [   319500,   320000)          771    0.0026%  44.5097%
  [   320000,   320500)          741    0.0025%  44.5121%
  [   320500,   321000)          805    0.0027%  44.5148%
  [   321000,   321500)          774    0.0026%  44.5174%
  [   321500,   322000)          791    0.0026%  44.5200%
  [   322000,   322500)          836    0.0028%  44.5228%
  [   322500,   323000)          772    0.0026%  44.5254%
  [   323000,   323500)          758    0.0025%  44.5279%
  [   323500,   324000)          775    0.0026%  44.5305%
  [   324000,   324500)          763    0.0025%  44.5331%
  [   324500,   325000)          763    0.0025%  44.5356%
  [   325000,   325500)          732    0.0024%  44.5380%
  [   325500,   326000)          815    0.0027%  44.5408%
  [   326000,   326500)          761    0.0025%  44.5433%
  [   326500,   327000)          739    0.0025%  44.5458%
  [   327000,   327500)          777    0.0026%  44.5483%
  [   327500,   328000)          752    0.0025%  44.5509%
  [   328000,   328500)          748    0.0025%  44.5533%
  [   328500,   329000)          744    0.0025%  44.5558%
  [   329000,   329500)          733    0.0024%  44.5583%
  [   329500,   330000)          712    0.0024%  44.5606%
  [   330000,   330500)          737    0.0025%  44.5631%
  [   330500,   331000)          763    0.0025%  44.5656%
  [   331000,   331500)          713    0.0024%  44.5680%
  [   331500,   332000)          758    0.0025%  44.5705%
  [   332000,   332500)          732    0.0024%  44.5730%
  [   332500,   333000)          787    0.0026%  44.5756%
  [   333000,   333500)          751    0.0025%  44.5781%
  [   333500,   334000)          758    0.0025%  44.5806%
  [   334000,   334500)          741    0.0025%  44.5831%
  [   334500,   335000)          757    0.0025%  44.5856%
  [   335000,   335500)          763    0.0025%  44.5882%
  [   335500,   336000)          742    0.0025%  44.5907%
  [   336000,   336500)          749    0.0025%  44.5931%
  [   336500,   337000)          751    0.0025%  44.5957%
  [   337000,   337500)          750    0.0025%  44.5982%
  [   337500,   338000)          765    0.0026%  44.6007%
  [   338000,   338500)          773    0.0026%  44.6033%
  [   338500,   339000)          804    0.0027%  44.6060%
  [   339000,   339500)          748    0.0025%  44.6085%
  [   339500,   340000)          745    0.0025%  44.6109%
  [   340000,   340500)          735    0.0025%  44.6134%
  [   340500,   341000)          714    0.0024%  44.6158%
  [   341000,   341500)          732    0.0024%  44.6182%
  [   341500,   342000)          716    0.0024%  44.6206%
  [   342000,   342500)          732    0.0024%  44.6230%
  [   342500,   343000)          693    0.0023%  44.6253%
  [   343000,   343500)          722    0.0024%  44.6277%
  [   343500,   344000)          703    0.0023%  44.6301%
  [   344000,   344500)          703    0.0023%  44.6324%
  [   344500,   345000)          720    0.0024%  44.6348%
  [   345000,   345500)          740    0.0025%  44.6373%
  [   345500,   346000)          706    0.0024%  44.6397%
  [   346000,   346500)          738    0.0025%  44.6421%
  [   346500,   347000)          717    0.0024%  44.6445%
  [   347000,   347500)          731    0.0024%  44.6469%
  [   347500,   348000)          742    0.0025%  44.6494%
  [   348000,   348500)          750    0.0025%  44.6519%
  [   348500,   349000)          747    0.0025%  44.6544%
  [   349000,   349500)          736    0.0025%  44.6569%
  [   349500,   350000)          747    0.0025%  44.6593%
  [   350000,   350500)          733    0.0024%  44.6618%
  [   350500,   351000)          726    0.0024%  44.6642%
  [   351000,   351500)          684    0.0023%  44.6665%
  [   351500,   352000)          700    0.0023%  44.6688%
  [   352000,   352500)          709    0.0024%  44.6712%
  [   352500,   353000)          692    0.0023%  44.6735%
  [   353000,   353500)          734    0.0024%  44.6759%
  [   353500,   354000)          722    0.0024%  44.6783%
  [   354000,   354500)          683    0.0023%  44.6806%
  [   354500,   355000)          688    0.0023%  44.6829%
  [   355000,   355500)          695    0.0023%  44.6852%
  [   355500,   356000)          756    0.0025%  44.6878%
  [   356000,   356500)          702    0.0023%  44.6901%
  [   356500,   357000)          709    0.0024%  44.6925%
  [   357000,   357500)          713    0.0024%  44.6948%
  [   357500,   358000)          691    0.0023%  44.6971%
  [   358000,   358500)          719    0.0024%  44.6995%
  [   358500,   359000)          704    0.0023%  44.7019%
  [   359000,   359500)          677    0.0023%  44.7041%
  [   359500,   360000)          653    0.0022%  44.7063%
  [   360000,   360500)          668    0.0022%  44.7085%
  [   360500,   361000)          696    0.0023%  44.7109%
  [   361000,   361500)          697    0.0023%  44.7132%
  [   361500,   362000)          690    0.0023%  44.7155%
  [   362000,   362500)          696    0.0023%  44.7178%
  [   362500,   363000)          679    0.0023%  44.7201%
  [   363000,   363500)          666    0.0022%  44.7223%
  [   363500,   364000)          724    0.0024%  44.7247%
  [   364000,   364500)          715    0.0024%  44.7271%
  [   364500,   365000)          750    0.0025%  44.7296%
  [   365000,   365500)          644    0.0021%  44.7317%
  [   365500,   366000)          727    0.0024%  44.7342%
  [   366000,   366500)          693    0.0023%  44.7365%
  [   366500,   367000)          675    0.0023%  44.7387%
  [   367000,   367500)          733    0.0024%  44.7412%
  [   367500,   368000)          738    0.0025%  44.7436%
  [   368000,   368500)          694    0.0023%  44.7459%
  [   368500,   369000)          705    0.0024%  44.7483%
  [   369000,   369500)          701    0.0023%  44.7506%
  [   369500,   370000)          697    0.0023%  44.7529%
  [   370000,   370500)          671    0.0022%  44.7552%
  [   370500,   371000)          755    0.0025%  44.7577%
  [   371000,   371500)          665    0.0022%  44.7599%
  [   371500,   372000)          648    0.0022%  44.7621%
  [   372000,   372500)          681    0.0023%  44.7643%
  [   372500,   373000)          722    0.0024%  44.7667%
  [   373000,   373500)          743    0.0025%  44.7692%
  [   373500,   374000)          654    0.0022%  44.7714%
  [   374000,   374500)          699    0.0023%  44.7737%
  [   374500,   375000)          687    0.0023%  44.7760%
  [   375000,   375500)          668    0.0022%  44.7783%
  [   375500,   376000)          680    0.0023%  44.7805%
  [   376000,   376500)          701    0.0023%  44.7829%
  [   376500,   377000)          737    0.0025%  44.7853%
  [   377000,   377500)          678    0.0023%  44.7876%
  [   377500,   378000)          705    0.0024%  44.7899%
  [   378000,   378500)          684    0.0023%  44.7922%
  [   378500,   379000)          682    0.0023%  44.7945%
  [   379000,   379500)          701    0.0023%  44.7968%
  [   379500,   380000)          655    0.0022%  44.7990%
  [   380000,   380500)          741    0.0025%  44.8015%
  [   380500,   381000)          692    0.0023%  44.8038%
  [   381000,   381500)          703    0.0023%  44.8061%
  [   381500,   382000)          670    0.0022%  44.8083%
  [   382000,   382500)          682    0.0023%  44.8106%
  [   382500,   383000)          688    0.0023%  44.8129%
  [   383000,   383500)          671    0.0022%  44.8152%
  [   383500,   384000)          706    0.0024%  44.8175%
  [   384000,   384500)          676    0.0023%  44.8198%
  [   384500,   385000)          675    0.0023%  44.8220%
  [   385000,   385500)          701    0.0023%  44.8243%
  [   385500,   386000)          667    0.0022%  44.8266%
  [   386000,   386500)          718    0.0024%  44.8290%
  [   386500,   387000)          671    0.0022%  44.8312%
  [   387000,   387500)          707    0.0024%  44.8336%
  [   387500,   388000)          685    0.0023%  44.8358%
  [   388000,   388500)          703    0.0023%  44.8382%
  [   388500,   389000)          675    0.0023%  44.8404%
  [   389000,   389500)          690    0.0023%  44.8427%
  [   389500,   390000)          696    0.0023%  44.8451%
  [   390000,   390500)          619    0.0021%  44.8471%
  [   390500,   391000)          674    0.0022%  44.8494%
  [   391000,   391500)          712    0.0024%  44.8517%
  [   391500,   392000)          677    0.0023%  44.8540%
  [   392000,   392500)          688    0.0023%  44.8563%
  [   392500,   393000)          695    0.0023%  44.8586%
  [   393000,   393500)          667    0.0022%  44.8608%
  [   393500,   394000)          683    0.0023%  44.8631%
  [   394000,   394500)          688    0.0023%  44.8654%
  [   394500,   395000)          656    0.0022%  44.8676%
  [   395000,   395500)          705    0.0024%  44.8699%
  [   395500,   396000)          677    0.0023%  44.8722%
  [   396000,   396500)          721    0.0024%  44.8746%
  [   396500,   397000)          707    0.0024%  44.8769%
  [   397000,   397500)          706    0.0024%  44.8793%
  [   397500,   398000)          747    0.0025%  44.8818%
  [   398000,   398500)          754    0.0025%  44.8843%
  [   398500,   399000)          702    0.0023%  44.8866%
  [   399000,   399500)          674    0.0022%  44.8889%
  [   399500,   400000)          698    0.0023%  44.8912%
  [   400000,   400500)          713    0.0024%  44.8936%
  [   400500,   401000)          672    0.0022%  44.8958%
  [   401000,   401500)          704    0.0023%  44.8982%
  [   401500,   402000)          658    0.0022%  44.9004%
  [   402000,   402500)          750    0.0025%  44.9029%
  [   402500,   403000)          706    0.0024%  44.9052%
  [   403000,   403500)          731    0.0024%  44.9077%
  [   403500,   404000)          701    0.0023%  44.9100%
  [   404000,   404500)          746    0.0025%  44.9125%
  [   404500,   405000)          676    0.0023%  44.9147%
  [   405000,   405500)          739    0.0025%  44.9172%
  [   405500,   406000)          712    0.0024%  44.9196%
  [   406000,   406500)          729    0.0024%  44.9220%
  [   406500,   407000)          678    0.0023%  44.9243%
  [   407000,   407500)          723    0.0024%  44.9267%
  [   407500,   408000)          691    0.0023%  44.9290%
  [   408000,   408500)          735    0.0025%  44.9314%
  [   408500,   409000)          716    0.0024%  44.9338%
  [   409000,   409500)          708    0.0024%  44.9362%
  [   409500,   410000)          723    0.0024%  44.9386%
  [   410000,   410500)          695    0.0023%  44.9409%
  [   410500,   411000)          736    0.0025%  44.9434%
  [   411000,   411500)          722    0.0024%  44.9458%
  [   411500,   412000)          758    0.0025%  44.9483%
  [   412000,   412500)          695    0.0023%  44.9506%
  [   412500,   413000)          668    0.0022%  44.9528%
  [   413000,   413500)          732    0.0024%  44.9553%
  [   413500,   414000)          710    0.0024%  44.9576%
  [   414000,   414500)          729    0.0024%  44.9601%
  [   414500,   415000)          697    0.0023%  44.9624%
  [   415000,   415500)          711    0.0024%  44.9648%
  [   415500,   416000)          652    0.0022%  44.9669%
  [   416000,   416500)          752    0.0025%  44.9694%
  [   416500,   417000)          720    0.0024%  44.9718%
  [   417000,   417500)          736    0.0025%  44.9743%
  [   417500,   418000)          755    0.0025%  44.9768%
  [   418000,   418500)          743    0.0025%  44.9793%
  [   418500,   419000)          694    0.0023%  44.9816%
  [   419000,   419500)          751    0.0025%  44.9841%
  [   419500,   420000)          718    0.0024%  44.9865%
  [   420000,   420500)          692    0.0023%  44.9888%
  [   420500,   421000)          709    0.0024%  44.9912%
  [   421000,   421500)          704    0.0023%  44.9935%
  [   421500,   422000)          760    0.0025%  44.9961%
  [   422000,   422500)          701    0.0023%  44.9984%
  [   422500,   423000)          714    0.0024%  45.0008%
  [   423000,   423500)          682    0.0023%  45.0030%
  [   423500,   424000)          721    0.0024%  45.0054%
  [   424000,   424500)          776    0.0026%  45.0080%
  [   424500,   425000)          744    0.0025%  45.0105%
  [   425000,   425500)          728    0.0024%  45.0129%
  [   425500,   426000)          710    0.0024%  45.0153%
  [   426000,   426500)          688    0.0023%  45.0176%
  [   426500,   427000)          730    0.0024%  45.0200%
  [   427000,   427500)          734    0.0024%  45.0225%
  [   427500,   428000)          740    0.0025%  45.0249%
  [   428000,   428500)          695    0.0023%  45.0273%
  [   428500,   429000)          775    0.0026%  45.0298%
  [   429000,   429500)          672    0.0022%  45.0321%
  [   429500,   430000)          738    0.0025%  45.0345%
  [   430000,   430500)          724    0.0024%  45.0370%
  [   430500,   431000)          757    0.0025%  45.0395%
  [   431000,   431500)          729    0.0024%  45.0419%
  [   431500,   432000)          727    0.0024%  45.0443%
  [   432000,   432500)          736    0.0025%  45.0468%
  [   432500,   433000)          762    0.0025%  45.0493%
  [   433000,   433500)          766    0.0026%  45.0519%
  [   433500,   434000)          747    0.0025%  45.0544%
  [   434000,   434500)          668    0.0022%  45.0566%
  [   434500,   435000)          737    0.0025%  45.0591%
  [   435000,   435500)          757    0.0025%  45.0616%
  [   435500,   436000)          754    0.0025%  45.0641%
  [   436000,   436500)          730    0.0024%  45.0665%
  [   436500,   437000)          748    0.0025%  45.0690%
  [   437000,   437500)          773    0.0026%  45.0716%
  [   437500,   438000)          761    0.0025%  45.0741%
  [   438000,   438500)          758    0.0025%  45.0767%
  [   438500,   439000)          790    0.0026%  45.0793%
  [   439000,   439500)          826    0.0028%  45.0820%
  [   439500,   440000)          766    0.0026%  45.0846%
  [   440000,   440500)          720    0.0024%  45.0870%
  [   440500,   441000)          799    0.0027%  45.0897%
  [   441000,   441500)          730    0.0024%  45.0921%
  [   441500,   442000)          726    0.0024%  45.0945%
  [   442000,   442500)          780    0.0026%  45.0971%
  [   442500,   443000)          792    0.0026%  45.0998%
  [   443000,   443500)          765    0.0026%  45.1023%
  [   443500,   444000)          815    0.0027%  45.1050%
  [   444000,   444500)          773    0.0026%  45.1076%
  [   444500,   445000)          749    0.0025%  45.1101%
  [   445000,   445500)          833    0.0028%  45.1129%
  [   445500,   446000)          716    0.0024%  45.1153%
  [   446000,   446500)          802    0.0027%  45.1179%
  [   446500,   447000)          763    0.0025%  45.1205%
  [   447000,   447500)          769    0.0026%  45.1230%
  [   447500,   448000)          781    0.0026%  45.1256%
  [   448000,   448500)          782    0.0026%  45.1282%
  [   448500,   449000)          790    0.0026%  45.1309%
  [   449000,   449500)          776    0.0026%  45.1335%
  [   449500,   450000)          775    0.0026%  45.1361%
  [   450000,   450500)          806    0.0027%  45.1387%
  [   450500,   451000)          820    0.0027%  45.1415%
  [   451000,   451500)          791    0.0026%  45.1441%
  [   451500,   452000)          774    0.0026%  45.1467%
  [   452000,   452500)          826    0.0028%  45.1494%
  [   452500,   453000)          780    0.0026%  45.1520%
  [   453000,   453500)          803    0.0027%  45.1547%
  [   453500,   454000)          791    0.0026%  45.1574%
  [   454000,   454500)          832    0.0028%  45.1601%
  [   454500,   455000)          820    0.0027%  45.1629%
  [   455000,   455500)          784    0.0026%  45.1655%
  [   455500,   456000)          823    0.0027%  45.1682%
  [   456000,   456500)          732    0.0024%  45.1707%
  [   456500,   457000)          797    0.0027%  45.1733%
  [   457000,   457500)          801    0.0027%  45.1760%
  [   457500,   458000)          864    0.0029%  45.1789%
  [   458000,   458500)          818    0.0027%  45.1816%
  [   458500,   459000)          834    0.0028%  45.1844%
  [   459000,   459500)          794    0.0026%  45.1870%
  [   459500,   460000)          810    0.0027%  45.1897%
  [   460000,   460500)          834    0.0028%  45.1925%
  [   460500,   461000)          872    0.0029%  45.1954%
  [   461000,   461500)          811    0.0027%  45.1981%
  [   461500,   462000)          796    0.0027%  45.2008%
  [   462000,   462500)          780    0.0026%  45.2034%
  [   462500,   463000)          866    0.0029%  45.2062%
  [   463000,   463500)          827    0.0028%  45.2090%
  [   463500,   464000)          858    0.0029%  45.2119%
  [   464000,   464500)          839    0.0028%  45.2147%
  [   464500,   465000)          796    0.0027%  45.2173%
  [   465000,   465500)          790    0.0026%  45.2199%
  [   465500,   466000)          803    0.0027%  45.2226%
  [   466000,   466500)          828    0.0028%  45.2254%
  [   466500,   467000)          842    0.0028%  45.2282%
  [   467000,   467500)          880    0.0029%  45.2311%
  [   467500,   468000)          828    0.0028%  45.2339%
  [   468000,   468500)          898    0.0030%  45.2369%
  [   468500,   469000)          826    0.0028%  45.2396%
  [   469000,   469500)          841    0.0028%  45.2424%
  [   469500,   470000)          833    0.0028%  45.2452%
  [   470000,   470500)          912    0.0030%  45.2483%
  [   470500,   471000)          849    0.0028%  45.2511%
  [   471000,   471500)          875    0.0029%  45.2540%
  [   471500,   472000)          940    0.0031%  45.2571%
  [   472000,   472500)          854    0.0028%  45.2600%
  [   472500,   473000)          840    0.0028%  45.2628%
  [   473000,   473500)          875    0.0029%  45.2657%
  [   473500,   474000)          856    0.0029%  45.2685%
  [   474000,   474500)          866    0.0029%  45.2714%
  [   474500,   475000)          901    0.0030%  45.2744%
  [   475000,   475500)          960    0.0032%  45.2776%
  [   475500,   476000)          873    0.0029%  45.2805%
  [   476000,   476500)          867    0.0029%  45.2834%
  [   476500,   477000)          847    0.0028%  45.2863%
  [   477000,   477500)          879    0.0029%  45.2892%
  [   477500,   478000)          940    0.0031%  45.2923%
  [   478000,   478500)          900    0.0030%  45.2953%
  [   478500,   479000)          935    0.0031%  45.2984%
  [   479000,   479500)          875    0.0029%  45.3014%
  [   479500,   480000)          896    0.0030%  45.3043%
  [   480000,   480500)          869    0.0029%  45.3072%
  [   480500,   481000)          875    0.0029%  45.3102%
  [   481000,   481500)          896    0.0030%  45.3131%
  [   481500,   482000)          926    0.0031%  45.3162%
  [   482000,   482500)          888    0.0030%  45.3192%
  [   482500,   483000)          926    0.0031%  45.3223%
  [   483000,   483500)          930    0.0031%  45.3254%
  [   483500,   484000)          929    0.0031%  45.3285%
  [   484000,   484500)          970    0.0032%  45.3317%
  [   484500,   485000)          948    0.0032%  45.3349%
  [   485000,   485500)          967    0.0032%  45.3381%
  [   485500,   486000)          921    0.0031%  45.3412%
  [   486000,   486500)          936    0.0031%  45.3443%
  [   486500,   487000)          906    0.0030%  45.3473%
  [   487000,   487500)          931    0.0031%  45.3504%
  [   487500,   488000)          909    0.0030%  45.3534%
  [   488000,   488500)          925    0.0031%  45.3565%
  [   488500,   489000)          998    0.0033%  45.3598%
  [   489000,   489500)         1020    0.0034%  45.3632%
  [   489500,   490000)          966    0.0032%  45.3665%
  [   490000,   490500)          990    0.0033%  45.3698%
  [   490500,   491000)          977    0.0033%  45.3730%
  [   491000,   491500)          920    0.0031%  45.3761%
  [   491500,   492000)         1029    0.0034%  45.3795%
  [   492000,   492500)         1014    0.0034%  45.3829%
  [   492500,   493000)         1041    0.0035%  45.3864%
  [   493000,   493500)          965    0.0032%  45.3896%
  [   493500,   494000)         1067    0.0036%  45.3931%
  [   494000,   494500)          942    0.0031%  45.3963%
  [   494500,   495000)         1024    0.0034%  45.3997%
  [   495000,   495500)         1050    0.0035%  45.4032%
  [   495500,   496000)          987    0.0033%  45.4065%
  [   496000,   496500)         1053    0.0035%  45.4100%
  [   496500,   497000)         1094    0.0036%  45.4136%
  [   497000,   497500)         1045    0.0035%  45.4171%
  [   497500,   498000)         1061    0.0035%  45.4207%
  [   498000,   498500)         1086    0.0036%  45.4243%
  [   498500,   499000)         1088    0.0036%  45.4279%
  [   499000,   499500)         1096    0.0037%  45.4316%
  [   499500,   500000)         1111    0.0037%  45.4353%
  [   500000,   500500)         1110    0.0037%  45.4390%
  [   500500,   501000)         1089    0.0036%  45.4426%
  [   501000,   501500)         1076    0.0036%  45.4462%
  [   501500,   502000)         1069    0.0036%  45.4497%
  [   502000,   502500)         1108    0.0037%  45.4534%
  [   502500,   503000)         1115    0.0037%  45.4572%
  [   503000,   503500)         1092    0.0036%  45.4608%
  [   503500,   504000)         1166    0.0039%  45.4647%
  [   504000,   504500)         1187    0.0040%  45.4686%
  [   504500,   505000)         1097    0.0037%  45.4723%
  [   505000,   505500)         1120    0.0037%  45.4760%
  [   505500,   506000)         1117    0.0037%  45.4798%
  [   506000,   506500)         1221    0.0041%  45.4838%
  [   506500,   507000)         1218    0.0041%  45.4879%
  [   507000,   507500)         1203    0.0040%  45.4919%
  [   507500,   508000)         1178    0.0039%  45.4958%
  [   508000,   508500)         1186    0.0040%  45.4998%
  [   508500,   509000)         1208    0.0040%  45.5038%
  [   509000,   509500)         1207    0.0040%  45.5078%
  [   509500,   510000)         1197    0.0040%  45.5118%
  [   510000,   510500)         1265    0.0042%  45.5160%
  [   510500,   511000)         1253    0.0042%  45.5202%
  [   511000,   511500)         1301    0.0043%  45.5245%
  [   511500,   512000)         1258    0.0042%  45.5287%
  [   512000,   512500)         1280    0.0043%  45.5330%
  [   512500,   513000)         1251    0.0042%  45.5372%
  [   513000,   513500)         1316    0.0044%  45.5416%
  [   513500,   514000)         1212    0.0040%  45.5456%
  [   514000,   514500)         1321    0.0044%  45.5500%
  [   514500,   515000)         1289    0.0043%  45.5543%
  [   515000,   515500)         1314    0.0044%  45.5587%
  [   515500,   516000)         1356    0.0045%  45.5632%
  [   516000,   516500)         1360    0.0045%  45.5677%
  [   516500,   517000)         1359    0.0045%  45.5723%
  [   517000,   517500)         1359    0.0045%  45.5768%
  [   517500,   518000)         1343    0.0045%  45.5813%
  [   518000,   518500)         1370    0.0046%  45.5858%
  [   518500,   519000)         1418    0.0047%  45.5906%
  [   519000,   519500)         1290    0.0043%  45.5949%
  [   519500,   520000)         1361    0.0045%  45.5994%
  [   520000,   520500)         1453    0.0048%  45.6042%
  [   520500,   521000)         1467    0.0049%  45.6091%
  [   521000,   521500)         1451    0.0048%  45.6140%
  [   521500,   522000)         1401    0.0047%  45.6186%
  [   522000,   522500)         1511    0.0050%  45.6237%
  [   522500,   523000)         1469    0.0049%  45.6286%
  [   523000,   523500)         1480    0.0049%  45.6335%
  [   523500,   524000)         1515    0.0051%  45.6386%
  [   524000,   524500)         1515    0.0051%  45.6436%
  [   524500,   525000)         1544    0.0051%  45.6488%
  [   525000,   525500)         1542    0.0051%  45.6539%
  [   525500,   526000)         1534    0.0051%  45.6590%
  [   526000,   526500)         1568    0.0052%  45.6642%
  [   526500,   527000)         1617    0.0054%  45.6696%
  [   527000,   527500)         1683    0.0056%  45.6752%
  [   527500,   528000)         1537    0.0051%  45.6804%
  [   528000,   528500)         1661    0.0055%  45.6859%
  [   528500,   529000)         1692    0.0056%  45.6915%
  [   529000,   529500)         1707    0.0057%  45.6972%
  [   529500,   530000)         1699    0.0057%  45.7029%
  [   530000,   530500)         1718    0.0057%  45.7086%
  [   530500,   531000)         1710    0.0057%  45.7143%
  [   531000,   531500)         1685    0.0056%  45.7199%
  [   531500,   532000)         1727    0.0058%  45.7257%
  [   532000,   532500)         1703    0.0057%  45.7314%
  [   532500,   533000)         1727    0.0058%  45.7371%
  [   533000,   533500)         1740    0.0058%  45.7429%
  [   533500,   534000)         1801    0.0060%  45.7489%
  [   534000,   534500)         1780    0.0059%  45.7549%
  [   534500,   535000)         1888    0.0063%  45.7611%
  [   535000,   535500)         1855    0.0062%  45.7673%
  [   535500,   536000)         1979    0.0066%  45.7739%
  [   536000,   536500)         1942    0.0065%  45.7804%
  [   536500,   537000)         1952    0.0065%  45.7869%
  [   537000,   537500)         1975    0.0066%  45.7935%
  [   537500,   538000)         1879    0.0063%  45.7998%
  [   538000,   538500)         1998    0.0067%  45.8064%
  [   538500,   539000)         1963    0.0065%  45.8130%
  [   539000,   539500)         2048    0.0068%  45.8198%
  [   539500,   540000)         2026    0.0068%  45.8265%
  [   540000,   540500)         2088    0.0070%  45.8335%
  [   540500,   541000)         2074    0.0069%  45.8404%
  [   541000,   541500)         2077    0.0069%  45.8473%
  [   541500,   542000)         2073    0.0069%  45.8542%
  [   542000,   542500)         2112    0.0070%  45.8613%
  [   542500,   543000)         2117    0.0071%  45.8683%
  [   543000,   543500)         2126    0.0071%  45.8754%
  [   543500,   544000)         2156    0.0072%  45.8826%
  [   544000,   544500)         2214    0.0074%  45.8900%
  [   544500,   545000)         2207    0.0074%  45.8974%
  [   545000,   545500)         2338    0.0078%  45.9051%
  [   545500,   546000)         2290    0.0076%  45.9128%
  [   546000,   546500)         2321    0.0077%  45.9205%
  [   546500,   547000)         2350    0.0078%  45.9283%
  [   547000,   547500)         2424    0.0081%  45.9364%
  [   547500,   548000)         2374    0.0079%  45.9443%
  [   548000,   548500)         2384    0.0079%  45.9523%
  [   548500,   549000)         2391    0.0080%  45.9603%
  [   549000,   549500)         2526    0.0084%  45.9687%
  [   549500,   550000)         2422    0.0081%  45.9768%
  [   550000,   550500)         2473    0.0082%  45.9850%
  [   550500,   551000)         2577    0.0086%  45.9936%
  [   551000,   551500)         2455    0.0082%  46.0018%
  [   551500,   552000)         2513    0.0084%  46.0101%
  [   552000,   552500)         2551    0.0085%  46.0186%
  [   552500,   553000)         2663    0.0089%  46.0275%
  [   553000,   553500)         2729    0.0091%  46.0366%
  [   553500,   554000)         2656    0.0089%  46.0455%
  [   554000,   554500)         2766    0.0092%  46.0547%
  [   554500,   555000)         2683    0.0089%  46.0636%
  [   555000,   555500)         2812    0.0094%  46.0730%
  [   555500,   556000)         2796    0.0093%  46.0823%
  [   556000,   556500)         2867    0.0096%  46.0919%
  [   556500,   557000)         2860    0.0095%  46.1014%
  [   557000,   557500)         2911    0.0097%  46.1111%
  [   557500,   558000)         2965    0.0099%  46.1210%
  [   558000,   558500)         3053    0.0102%  46.1312%
  [   558500,   559000)         3039    0.0101%  46.1413%
  [   559000,   559500)         3038    0.0101%  46.1514%
  [   559500,   560000)         3045    0.0102%  46.1616%
  [   560000,   560500)         3113    0.0104%  46.1720%
  [   560500,   561000)         3136    0.0105%  46.1824%
  [   561000,   561500)         3114    0.0104%  46.1928%
  [   561500,   562000)         3263    0.0109%  46.2037%
  [   562000,   562500)         3308    0.0110%  46.2147%
  [   562500,   563000)         3247    0.0108%  46.2255%
  [   563000,   563500)         3373    0.0112%  46.2368%
  [   563500,   564000)         3258    0.0109%  46.2476%
  [   564000,   564500)         3354    0.0112%  46.2588%
  [   564500,   565000)         3363    0.0112%  46.2700%
  [   565000,   565500)         3410    0.0114%  46.2814%
  [   565500,   566000)         3548    0.0118%  46.2932%
  [   566000,   566500)         3529    0.0118%  46.3050%
  [   566500,   567000)         3585    0.0120%  46.3169%
  [   567000,   567500)         3624    0.0121%  46.3290%
  [   567500,   568000)         3770    0.0126%  46.3416%
  [   568000,   568500)         3569    0.0119%  46.3535%
  [   568500,   569000)         3710    0.0124%  46.3658%
  [   569000,   569500)         3826    0.0128%  46.3786%
  [   569500,   570000)         3845    0.0128%  46.3914%
  [   570000,   570500)         3864    0.0129%  46.4043%
  [   570500,   571000)         4014    0.0134%  46.4177%
  [   571000,   571500)         3914    0.0130%  46.4307%
  [   571500,   572000)         3999    0.0133%  46.4440%
  [   572000,   572500)         4138    0.0138%  46.4578%
  [   572500,   573000)         4035    0.0135%  46.4713%
  [   573000,   573500)         4092    0.0136%  46.4849%
  [   573500,   574000)         4099    0.0137%  46.4986%
  [   574000,   574500)         4252    0.0142%  46.5128%
  [   574500,   575000)         4169    0.0139%  46.5267%
  [   575000,   575500)         4248    0.0142%  46.5408%
  [   575500,   576000)         4354    0.0145%  46.5553%
  [   576000,   576500)         4440    0.0148%  46.5701%
  [   576500,   577000)         4344    0.0145%  46.5846%
  [   577000,   577500)         4496    0.0150%  46.5996%
  [   577500,   578000)         4551    0.0152%  46.6148%
  [   578000,   578500)         4737    0.0158%  46.6306%
  [   578500,   579000)         4707    0.0157%  46.6463%
  [   579000,   579500)         4736    0.0158%  46.6620%
  [   579500,   580000)         4704    0.0157%  46.6777%
  [   580000,   580500)         4628    0.0154%  46.6931%
  [   580500,   581000)         4809    0.0160%  46.7092%
  [   581000,   581500)         4842    0.0161%  46.7253%
  [   581500,   582000)         4876    0.0163%  46.7416%
  [   582000,   582500)         5018    0.0167%  46.7583%
  [   582500,   583000)         5023    0.0167%  46.7750%
  [   583000,   583500)         5161    0.0172%  46.7922%
  [   583500,   584000)         5114    0.0170%  46.8093%
  [   584000,   584500)         5268    0.0176%  46.8268%
  [   584500,   585000)         5311    0.0177%  46.8446%
  [   585000,   585500)         5419    0.0181%  46.8626%
  [   585500,   586000)         5320    0.0177%  46.8803%
  [   586000,   586500)         5547    0.0185%  46.8988%
  [   586500,   587000)         5554    0.0185%  46.9174%
  [   587000,   587500)         5492    0.0183%  46.9357%
  [   587500,   588000)         5396    0.0180%  46.9536%
  [   588000,   588500)         5502    0.0183%  46.9720%
  [   588500,   589000)         5630    0.0188%  46.9908%
  [   589000,   589500)         5765    0.0192%  47.0100%
  [   589500,   590000)         5873    0.0196%  47.0295%
  [   590000,   590500)         5643    0.0188%  47.0484%
  [   590500,   591000)         6126    0.0204%  47.0688%
  [   591000,   591500)         6115    0.0204%  47.0892%
  [   591500,   592000)         6142    0.0205%  47.1096%
  [   592000,   592500)         6194    0.0206%  47.1303%
  [   592500,   593000)         6280    0.0209%  47.1512%
  [   593000,   593500)         6303    0.0210%  47.1722%
  [   593500,   594000)         6459    0.0215%  47.1938%
  [   594000,   594500)         6424    0.0214%  47.2152%
  [   594500,   595000)         6499    0.0217%  47.2368%
  [   595000,   595500)         6554    0.0218%  47.2587%
  [   595500,   596000)         6581    0.0219%  47.2806%
  [   596000,   596500)         6721    0.0224%  47.3030%
  [   596500,   597000)         6795    0.0227%  47.3257%
  [   597000,   597500)         6957    0.0232%  47.3489%
  [   597500,   598000)         6853    0.0228%  47.3717%
  [   598000,   598500)         6891    0.0230%  47.3947%
  [   598500,   599000)         7019    0.0234%  47.4181%
  [   599000,   599500)         7057    0.0235%  47.4416%
  [   599500,   600000)         7130    0.0238%  47.4654%
  [   600000,   600500)         7187    0.0240%  47.4893%
  [   600500,   601000)         7107    0.0237%  47.5130%
  [   601000,   601500)         7248    0.0242%  47.5372%
  [   601500,   602000)         7394    0.0246%  47.5618%
  [   602000,   602500)         7494    0.0250%  47.5868%
  [   602500,   603000)         7467    0.0249%  47.6117%
  [   603000,   603500)         7695    0.0257%  47.6373%
  [   603500,   604000)         7791    0.0260%  47.6633%
  [   604000,   604500)         7753    0.0258%  47.6891%
  [   604500,   605000)         7821    0.0261%  47.7152%
  [   605000,   605500)         7932    0.0264%  47.7417%
  [   605500,   606000)         8156    0.0272%  47.7688%
  [   606000,   606500)         8261    0.0275%  47.7964%
  [   606500,   607000)         8135    0.0271%  47.8235%
  [   607000,   607500)         8161    0.0272%  47.8507%
  [   607500,   608000)         8454    0.0282%  47.8789%
  [   608000,   608500)         8598    0.0287%  47.9075%
  [   608500,   609000)         8567    0.0286%  47.9361%
  [   609000,   609500)         8584    0.0286%  47.9647%
  [   609500,   610000)         8671    0.0289%  47.9936%
  [   610000,   610500)         8770    0.0292%  48.0228%
  [   610500,   611000)         8889    0.0296%  48.0525%
  [   611000,   611500)         8759    0.0292%  48.0817%
  [   611500,   612000)         8990    0.0300%  48.1116%
  [   612000,   612500)         8962    0.0299%  48.1415%
  [   612500,   613000)         9159    0.0305%  48.1720%
  [   613000,   613500)         9372    0.0312%  48.2033%
  [   613500,   614000)         9227    0.0308%  48.2340%
  [   614000,   614500)         9369    0.0312%  48.2653%
  [   614500,   615000)         9431    0.0314%  48.2967%
  [   615000,   615500)         9459    0.0315%  48.3282%
  [   615500,   616000)         9585    0.0320%  48.3602%
  [   616000,   616500)         9589    0.0320%  48.3921%
  [   616500,   617000)         9953    0.0332%  48.4253%
  [   617000,   617500)         9953    0.0332%  48.4585%
  [   617500,   618000)         9879    0.0329%  48.4914%
  [   618000,   618500)         9838    0.0328%  48.5242%
  [   618500,   619000)        10167    0.0339%  48.5581%
  [   619000,   619500)        10171    0.0339%  48.5920%
  [   619500,   620000)        10407    0.0347%  48.6267%
  [   620000,   620500)        10344    0.0345%  48.6612%
  [   620500,   621000)        10522    0.0351%  48.6963%
  [   621000,   621500)        10645    0.0355%  48.7317%
  [   621500,   622000)        10597    0.0353%  48.7671%
  [   622000,   622500)        10718    0.0357%  48.8028%
  [   622500,   623000)        10882    0.0363%  48.8391%
  [   623000,   623500)        11016    0.0367%  48.8758%
  [   623500,   624000)        11130    0.0371%  48.9129%
  [   624000,   624500)        10917    0.0364%  48.9493%
  [   624500,   625000)        11295    0.0377%  48.9869%
  [   625000,   625500)        11326    0.0378%  49.0247%
  [   625500,   626000)        11593    0.0386%  49.0633%
  [   626000,   626500)        11405    0.0380%  49.1013%
  [   626500,   627000)        11715    0.0391%  49.1404%
  [   627000,   627500)        11577    0.0386%  49.1790%
  [   627500,   628000)        11830    0.0394%  49.2184%
  [   628000,   628500)        11888    0.0396%  49.2580%
  [   628500,   629000)        11977    0.0399%  49.2980%
  [   629000,   629500)        11960    0.0399%  49.3378%
  [   629500,   630000)        12276    0.0409%  49.3787%
  [   630000,   630500)        12236    0.0408%  49.4195%
  [   630500,   631000)        12123    0.0404%  49.4599%
  [   631000,   631500)        12453    0.0415%  49.5015%
  [   631500,   632000)        12426    0.0414%  49.5429%
  [   632000,   632500)        12695    0.0423%  49.5852%
  [   632500,   633000)        12771    0.0426%  49.6278%
  [   633000,   633500)        12794    0.0426%  49.6704%
  [   633500,   634000)        12982    0.0433%  49.7137%
  [   634000,   634500)        12999    0.0433%  49.7570%
  [   634500,   635000)        13314    0.0444%  49.8014%
  [   635000,   635500)        13403    0.0447%  49.8461%
  [   635500,   636000)        13265    0.0442%  49.8903%
  [   636000,   636500)        13310    0.0444%  49.9347%
  [   636500,   637000)        13360    0.0445%  49.9792%
  [   637000,   637500)        13527    0.0451%  50.0243%
  [   637500,   638000)        13806    0.0460%  50.0703%
  [   638000,   638500)        13781    0.0459%  50.1162%
  [   638500,   639000)        13876    0.0463%  50.1625%
  [   639000,   639500)        14053    0.0468%  50.2093%
  [   639500,   640000)        14121    0.0471%  50.2564%
  [   640000,   640500)        14267    0.0476%  50.3040%
  [   640500,   641000)        14329    0.0478%  50.3517%
  [   641000,   641500)        14482    0.0483%  50.4000%
  [   641500,   642000)        14504    0.0483%  50.4483%
  [   642000,   642500)        14723    0.0491%  50.4974%
  [   642500,   643000)        14634    0.0488%  50.5462%
  [   643000,   643500)        14828    0.0494%  50.5956%
  [   643500,   644000)        14716    0.0491%  50.6447%
  [   644000,   644500)        14990    0.0500%  50.6946%
  [   644500,   645000)        15120    0.0504%  50.7450%
  [   645000,   645500)        15243    0.0508%  50.7959%
  [   645500,   646000)        15360    0.0512%  50.8471%
  [   646000,   646500)        15532    0.0518%  50.8988%
  [   646500,   647000)        15499    0.0517%  50.9505%
  [   647000,   647500)        15530    0.0518%  51.0023%
  [   647500,   648000)        15689    0.0523%  51.0546%
  [   648000,   648500)        15815    0.0527%  51.1073%
  [   648500,   649000)        16093    0.0536%  51.1609%
  [   649000,   649500)        16103    0.0537%  51.2146%
  [   649500,   650000)        16011    0.0534%  51.2680%
  [   650000,   650500)        16155    0.0539%  51.3218%
  [   650500,   651000)        16511    0.0550%  51.3768%
  [   651000,   651500)        16553    0.0552%  51.4320%
  [   651500,   652000)        16378    0.0546%  51.4866%
  [   652000,   652500)        16782    0.0559%  51.5426%
  [   652500,   653000)        16722    0.0557%  51.5983%
  [   653000,   653500)        16832    0.0561%  51.6544%
  [   653500,   654000)        16998    0.0567%  51.7111%
  [   654000,   654500)        16992    0.0566%  51.7677%
  [   654500,   655000)        17359    0.0579%  51.8256%
  [   655000,   655500)        17388    0.0580%  51.8835%
  [   655500,   656000)        17309    0.0577%  51.9412%
  [   656000,   656500)        17339    0.0578%  51.9990%
  [   656500,   657000)        17701    0.0590%  52.0580%
  [   657000,   657500)        17542    0.0585%  52.1165%
  [   657500,   658000)        17898    0.0597%  52.1762%
  [   658000,   658500)        18113    0.0604%  52.2365%
  [   658500,   659000)        18070    0.0602%  52.2968%
  [   659000,   659500)        18062    0.0602%  52.3570%
  [   659500,   660000)        18209    0.0607%  52.4177%
  [   660000,   660500)        18301    0.0610%  52.4787%
  [   660500,   661000)        18359    0.0612%  52.5399%
  [   661000,   661500)        18607    0.0620%  52.6019%
  [   661500,   662000)        18737    0.0625%  52.6644%
  [   662000,   662500)        18608    0.0620%  52.7264%
  [   662500,   663000)        18658    0.0622%  52.7886%
  [   663000,   663500)        18950    0.0632%  52.8517%
  [   663500,   664000)        19298    0.0643%  52.9161%
  [   664000,   664500)        18901    0.0630%  52.9791%
  [   664500,   665000)        19234    0.0641%  53.0432%
  [   665000,   665500)        19460    0.0649%  53.1080%
  [   665500,   666000)        19387    0.0646%  53.1727%
  [   666000,   666500)        19568    0.0652%  53.2379%
  [   666500,   667000)        19781    0.0659%  53.3038%
  [   667000,   667500)        19723    0.0657%  53.3696%
  [   667500,   668000)        19914    0.0664%  53.4360%
  [   668000,   668500)        19969    0.0666%  53.5025%
  [   668500,   669000)        20133    0.0671%  53.5696%
  [   669000,   669500)        19996    0.0667%  53.6363%
  [   669500,   670000)        20469    0.0682%  53.7045%
  [   670000,   670500)        20468    0.0682%  53.7727%
  [   670500,   671000)        20275    0.0676%  53.8403%
  [   671000,   671500)        20616    0.0687%  53.9090%
  [   671500,   672000)        20830    0.0694%  53.9785%
  [   672000,   672500)        20802    0.0693%  54.0478%
  [   672500,   673000)        20908    0.0697%  54.1175%
  [   673000,   673500)        21018    0.0701%  54.1876%
  [   673500,   674000)        21224    0.0707%  54.2583%
  [   674000,   674500)        21376    0.0713%  54.3296%
  [   674500,   675000)        21204    0.0707%  54.4003%
  [   675000,   675500)        21328    0.0711%  54.4713%
  [   675500,   676000)        21582    0.0719%  54.5433%
  [   676000,   676500)        21645    0.0722%  54.6154%
  [   676500,   677000)        21875    0.0729%  54.6884%
  [   677000,   677500)        21780    0.0726%  54.7610%
  [   677500,   678000)        22118    0.0737%  54.8347%
  [   678000,   678500)        22110    0.0737%  54.9084%
  [   678500,   679000)        22265    0.0742%  54.9826%
  [   679000,   679500)        22244    0.0741%  55.0567%
  [   679500,   680000)        22425    0.0748%  55.1315%
  [   680000,   680500)        22400    0.0747%  55.2062%
  [   680500,   681000)        22541    0.0751%  55.2813%
  [   681000,   681500)        22380    0.0746%  55.3559%
  [   681500,   682000)        22546    0.0752%  55.4310%
  [   682000,   682500)        22856    0.0762%  55.5072%
  [   682500,   683000)        23293    0.0776%  55.5849%
  [   683000,   683500)        23259    0.0775%  55.6624%
  [   683500,   684000)        22994    0.0766%  55.7391%
  [   684000,   684500)        23239    0.0775%  55.8165%
  [   684500,   685000)        23286    0.0776%  55.8941%
  [   685000,   685500)        23637    0.0788%  55.9729%
  [   685500,   686000)        23542    0.0785%  56.0514%
  [   686000,   686500)        23477    0.0783%  56.1297%
  [   686500,   687000)        23812    0.0794%  56.2090%
  [   687000,   687500)        24006    0.0800%  56.2891%
  [   687500,   688000)        23669    0.0789%  56.3679%
  [   688000,   688500)        24115    0.0804%  56.4483%
  [   688500,   689000)        24118    0.0804%  56.5287%
  [   689000,   689500)        23982    0.0799%  56.6087%
  [   689500,   690000)        24162    0.0805%  56.6892%
  [   690000,   690500)        24255    0.0809%  56.7701%
  [   690500,   691000)        24512    0.0817%  56.8518%
  [   691000,   691500)        24754    0.0825%  56.9343%
  [   691500,   692000)        24673    0.0822%  57.0165%
  [   692000,   692500)        24938    0.0831%  57.0996%
  [   692500,   693000)        24652    0.0822%  57.1818%
  [   693000,   693500)        24745    0.0825%  57.2643%
  [   693500,   694000)        25151    0.0838%  57.3481%
  [   694000,   694500)        25102    0.0837%  57.4318%
  [   694500,   695000)        25158    0.0839%  57.5157%
  [   695000,   695500)        25182    0.0839%  57.5996%
  [   695500,   696000)        25522    0.0851%  57.6847%
  [   696000,   696500)        25621    0.0854%  57.7701%
  [   696500,   697000)        25530    0.0851%  57.8552%
  [   697000,   697500)        25477    0.0849%  57.9401%
  [   697500,   698000)        25616    0.0854%  58.0255%
  [   698000,   698500)        25610    0.0854%  58.1109%
  [   698500,   699000)        25846    0.0862%  58.1970%
  [   699000,   699500)        26286    0.0876%  58.2846%
  [   699500,   700000)        26079    0.0869%  58.3716%
  [   700000,   700500)        26320    0.0877%  58.4593%
  [   700500,   701000)        26106    0.0870%  58.5463%
  [   701000,   701500)        26456    0.0882%  58.6345%
  [   701500,   702000)        26519    0.0884%  58.7229%
  [   702000,   702500)        26591    0.0886%  58.8115%
  [   702500,   703000)        26977    0.0899%  58.9015%
  [   703000,   703500)        26528    0.0884%  58.9899%
  [   703500,   704000)        26875    0.0896%  59.0795%
  [   704000,   704500)        26866    0.0896%  59.1690%
  [   704500,   705000)        27068    0.0902%  59.2593%
  [   705000,   705500)        27034    0.0901%  59.3494%
  [   705500,   706000)        27007    0.0900%  59.4394%
  [   706000,   706500)        27053    0.0902%  59.5296%
  [   706500,   707000)        27359    0.0912%  59.6208%
  [   707000,   707500)        27456    0.0915%  59.7123%
  [   707500,   708000)        27506    0.0917%  59.8040%
  [   708000,   708500)        27779    0.0926%  59.8966%
  [   708500,   709000)        27398    0.0913%  59.9879%
  [   709000,   709500)        27674    0.0922%  60.0801%
  [   709500,   710000)        27434    0.0914%  60.1716%
  [   710000,   710500)        28033    0.0934%  60.2650%
  [   710500,   711000)        27807    0.0927%  60.3577%
  [   711000,   711500)        27853    0.0928%  60.4506%
  [   711500,   712000)        27953    0.0932%  60.5437%
  [   712000,   712500)        28036    0.0935%  60.6372%
  [   712500,   713000)        28110    0.0937%  60.7309%
  [   713000,   713500)        28374    0.0946%  60.8255%
  [   713500,   714000)        28241    0.0941%  60.9196%
  [   714000,   714500)        28418    0.0947%  61.0143%
  [   714500,   715000)        28453    0.0948%  61.1092%
  [   715000,   715500)        28594    0.0953%  61.2045%
  [   715500,   716000)        28739    0.0958%  61.3003%
  [   716000,   716500)        28820    0.0961%  61.3964%
  [   716500,   717000)        28593    0.0953%  61.4917%
  [   717000,   717500)        28834    0.0961%  61.5878%
  [   717500,   718000)        28886    0.0963%  61.6841%
  [   718000,   718500)        29305    0.0977%  61.7818%
  [   718500,   719000)        29049    0.0968%  61.8786%
  [   719000,   719500)        29198    0.0973%  61.9759%
  [   719500,   720000)        29221    0.0974%  62.0733%
  [   720000,   720500)        29598    0.0987%  62.1720%
  [   720500,   721000)        29071    0.0969%  62.2689%
  [   721000,   721500)        29306    0.0977%  62.3666%
  [   721500,   722000)        29643    0.0988%  62.4654%
  [   722000,   722500)        29566    0.0986%  62.5639%
  [   722500,   723000)        29705    0.0990%  62.6629%
  [   723000,   723500)        29548    0.0985%  62.7614%
  [   723500,   724000)        29741    0.0991%  62.8606%
  [   724000,   724500)        29425    0.0981%  62.9587%
  [   724500,   725000)        29913    0.0997%  63.0584%
  [   725000,   725500)        29463    0.0982%  63.1566%
  [   725500,   726000)        29660    0.0989%  63.2554%
  [   726000,   726500)        29819    0.0994%  63.3548%
  [   726500,   727000)        30051    0.1002%  63.4550%
  [   727000,   727500)        29878    0.0996%  63.5546%
  [   727500,   728000)        30024    0.1001%  63.6547%
  [   728000,   728500)        29935    0.0998%  63.7545%
  [   728500,   729000)        30266    0.1009%  63.8554%
  [   729000,   729500)        30597    0.1020%  63.9573%
  [   729500,   730000)        30303    0.1010%  64.0584%
  [   730000,   730500)        30275    0.1009%  64.1593%
  [   730500,   731000)        30482    0.1016%  64.2609%
  [   731000,   731500)        30661    0.1022%  64.3631%
  [   731500,   732000)        30701    0.1023%  64.4654%
  [   732000,   732500)        30662    0.1022%  64.5676%
  [   732500,   733000)        30410    0.1014%  64.6690%
  [   733000,   733500)        30420    0.1014%  64.7704%
  [   733500,   734000)        30469    0.1016%  64.8720%
  [   734000,   734500)        30426    0.1014%  64.9734%
  [   734500,   735000)        30823    0.1027%  65.0761%
  [   735000,   735500)        30588    0.1020%  65.1781%
  [   735500,   736000)        30984    0.1033%  65.2814%
  [   736000,   736500)        31090    0.1036%  65.3850%
  [   736500,   737000)        30790    0.1026%  65.4876%
  [   737000,   737500)        31059    0.1035%  65.5912%
  [   737500,   738000)        31211    0.1040%  65.6952%
  [   738000,   738500)        30966    0.1032%  65.7984%
  [   738500,   739000)        31336    0.1045%  65.9029%
  [   739000,   739500)        30799    0.1027%  66.0055%
  [   739500,   740000)        31249    0.1042%  66.1097%
  [   740000,   740500)        30939    0.1031%  66.2128%
  [   740500,   741000)        31195    0.1040%  66.3168%
  [   741000,   741500)        31577    0.1053%  66.4221%
  [   741500,   742000)        31487    0.1050%  66.5270%
  [   742000,   742500)        31419    0.1047%  66.6317%
  [   742500,   743000)        31521    0.1051%  66.7368%
  [   743000,   743500)        31238    0.1041%  66.8409%
  [   743500,   744000)        31662    0.1055%  66.9465%
  [   744000,   744500)        31457    0.1049%  67.0513%
  [   744500,   745000)        31389    0.1046%  67.1560%
  [   745000,   745500)        31338    0.1045%  67.2604%
  [   745500,   746000)        31485    0.1050%  67.3654%
  [   746000,   746500)        31765    0.1059%  67.4713%
  [   746500,   747000)        31454    0.1048%  67.5761%
  [   747000,   747500)        31657    0.1055%  67.6816%
  [   747500,   748000)        31947    0.1065%  67.7881%
  [   748000,   748500)        31716    0.1057%  67.8938%
  [   748500,   749000)        31850    0.1062%  68.0000%
  [   749000,   749500)        31913    0.1064%  68.1064%
  [   749500,   750000)        31692    0.1056%  68.2120%
  [   750000,   750500)        31759    0.1059%  68.3179%
  [   750500,   751000)        31903    0.1063%  68.4242%
  [   751000,   751500)        31658    0.1055%  68.5298%
  [   751500,   752000)        31669    0.1056%  68.6353%
  [   752000,   752500)        32108    0.1070%  68.7424%
  [   752500,   753000)        31924    0.1064%  68.8488%
  [   753000,   753500)        31419    0.1047%  68.9535%
  [   753500,   754000)        31968    0.1066%  69.0601%
  [   754000,   754500)        31970    0.1066%  69.1666%
  [   754500,   755000)        31840    0.1061%  69.2728%
  [   755000,   755500)        31810    0.1060%  69.3788%
  [   755500,   756000)        32326    0.1078%  69.4865%
  [   756000,   756500)        32313    0.1077%  69.5943%
  [   756500,   757000)        31624    0.1054%  69.6997%
  [   757000,   757500)        32030    0.1068%  69.8064%
  [   757500,   758000)        31795    0.1060%  69.9124%
  [   758000,   758500)        31715    0.1057%  70.0181%
  [   758500,   759000)        31879    0.1063%  70.1244%
  [   759000,   759500)        31666    0.1056%  70.2300%
  [   759500,   760000)        32202    0.1073%  70.3373%
  [   760000,   760500)        32048    0.1068%  70.4441%
  [   760500,   761000)        31640    0.1055%  70.5496%
  [   761000,   761500)        32109    0.1070%  70.6566%
  [   761500,   762000)        31820    0.1061%  70.7627%
  [   762000,   762500)        31917    0.1064%  70.8691%
  [   762500,   763000)        31897    0.1063%  70.9754%
  [   763000,   763500)        31723    0.1057%  71.0811%
  [   763500,   764000)        31864    0.1062%  71.1874%
  [   764000,   764500)        31721    0.1057%  71.2931%
  [   764500,   765000)        32075    0.1069%  71.4000%
  [   765000,   765500)        31780    0.1059%  71.5059%
  [   765500,   766000)        31938    0.1065%  71.6124%
  [   766000,   766500)        32128    0.1071%  71.7195%
  [   766500,   767000)        32016    0.1067%  71.8262%
  [   767000,   767500)        31600    0.1053%  71.9315%
  [   767500,   768000)        31936    0.1065%  72.0380%
  [   768000,   768500)        31841    0.1061%  72.1441%
  [   768500,   769000)        31853    0.1062%  72.2503%
  [   769000,   769500)        31877    0.1063%  72.3566%
  [   769500,   770000)        31758    0.1059%  72.4624%
  [   770000,   770500)        31997    0.1067%  72.5691%
  [   770500,   771000)        31930    0.1064%  72.6755%
  [   771000,   771500)        31479    0.1049%  72.7804%
  [   771500,   772000)        31804    0.1060%  72.8865%
  [   772000,   772500)        31627    0.1054%  72.9919%
  [   772500,   773000)        31602    0.1053%  73.0972%
  [   773000,   773500)        31633    0.1054%  73.2027%
  [   773500,   774000)        31762    0.1059%  73.3085%
  [   774000,   774500)        31897    0.1063%  73.4149%
  [   774500,   775000)        31418    0.1047%  73.5196%
  [   775000,   775500)        31849    0.1062%  73.6258%
  [   775500,   776000)        31283    0.1043%  73.7300%
  [   776000,   776500)        31618    0.1054%  73.8354%
  [   776500,   777000)        31365    0.1046%  73.9400%
  [   777000,   777500)        31164    0.1039%  74.0439%
  [   777500,   778000)        31337    0.1045%  74.1483%
  [   778000,   778500)        31668    0.1056%  74.2539%
  [   778500,   779000)        31369    0.1046%  74.3584%
  [   779000,   779500)        31646    0.1055%  74.4639%
  [   779500,   780000)        31405    0.1047%  74.5686%
  [   780000,   780500)        31533    0.1051%  74.6737%
  [   780500,   781000)        31500    0.1050%  74.7787%
  [   781000,   781500)        30951    0.1032%  74.8819%
  [   781500,   782000)        31564    0.1052%  74.9871%
  [   782000,   782500)        31191    0.1040%  75.0911%
  [   782500,   783000)        31345    0.1045%  75.1956%
  [   783000,   783500)        31444    0.1048%  75.3004%
  [   783500,   784000)        31237    0.1041%  75.4045%
  [   784000,   784500)        31159    0.1039%  75.5084%
  [   784500,   785000)        31184    0.1039%  75.6123%
  [   785000,   785500)        31210    0.1040%  75.7163%
  [   785500,   786000)        31192    0.1040%  75.8203%
  [   786000,   786500)        30994    0.1033%  75.9236%
  [   786500,   787000)        30877    0.1029%  76.0265%
  [   787000,   787500)        31033    0.1034%  76.1300%
  [   787500,   788000)        30990    0.1033%  76.2333%
  [   788000,   788500)        30876    0.1029%  76.3362%
  [   788500,   789000)        30862    0.1029%  76.4391%
  [   789000,   789500)        30782    0.1026%  76.5417%
  [   789500,   790000)        30639    0.1021%  76.6438%
  [   790000,   790500)        30684    0.1023%  76.7461%
  [   790500,   791000)        30296    0.1010%  76.8471%
  [   791000,   791500)        30846    0.1028%  76.9499%
  [   791500,   792000)        30469    0.1016%  77.0515%
  [   792000,   792500)        30505    0.1017%  77.1532%
  [   792500,   793000)        30332    0.1011%  77.2543%
  [   793000,   793500)        30384    0.1013%  77.3555%
  [   793500,   794000)        30508    0.1017%  77.4572%
  [   794000,   794500)        30380    0.1013%  77.5585%
  [   794500,   795000)        30405    0.1014%  77.6598%
  [   795000,   795500)        30480    0.1016%  77.7614%
  [   795500,   796000)        30143    0.1005%  77.8619%
  [   796000,   796500)        30211    0.1007%  77.9626%
  [   796500,   797000)        30007    0.1000%  78.0627%
  [   797000,   797500)        30085    0.1003%  78.1629%
  [   797500,   798000)        29836    0.0995%  78.2624%
  [   798000,   798500)        30093    0.1003%  78.3627%
  [   798500,   799000)        30243    0.1008%  78.4635%
  [   799000,   799500)        29801    0.0993%  78.5628%
  [   799500,   800000)        29520    0.0984%  78.6612%
  [   800000,   800500)        29385    0.0980%  78.7592%
  [   800500,   801000)        29287    0.0976%  78.8568%
  [   801000,   801500)        29415    0.0981%  78.9549%
  [   801500,   802000)        29267    0.0976%  79.0524%
  [   802000,   802500)        29196    0.0973%  79.1497%
  [   802500,   803000)        29482    0.0983%  79.2480%
  [   803000,   803500)        29638    0.0988%  79.3468%
  [   803500,   804000)        29258    0.0975%  79.4443%
  [   804000,   804500)        29156    0.0972%  79.5415%
  [   804500,   805000)        29157    0.0972%  79.6387%
  [   805000,   805500)        29338    0.0978%  79.7365%
  [   805500,   806000)        29274    0.0976%  79.8341%
  [   806000,   806500)        29161    0.0972%  79.9313%
  [   806500,   807000)        29043    0.0968%  80.0281%
  [   807000,   807500)        29031    0.0968%  80.1249%
  [   807500,   808000)        28993    0.0966%  80.2215%
  [   808000,   808500)        28926    0.0964%  80.3179%
  [   808500,   809000)        28630    0.0954%  80.4134%
  [   809000,   809500)        28413    0.0947%  80.5081%
  [   809500,   810000)        28575    0.0953%  80.6033%
  [   810000,   810500)        28387    0.0946%  80.6980%
  [   810500,   811000)        28702    0.0957%  80.7936%
  [   811000,   811500)        28238    0.0941%  80.8878%
  [   811500,   812000)        28390    0.0946%  80.9824%
  [   812000,   812500)        28122    0.0937%  81.0761%
  [   812500,   813000)        28569    0.0952%  81.1714%
  [   813000,   813500)        28264    0.0942%  81.2656%
  [   813500,   814000)        28092    0.0936%  81.3592%
  [   814000,   814500)        27684    0.0923%  81.4515%
  [   814500,   815000)        28022    0.0934%  81.5449%
  [   815000,   815500)        28102    0.0937%  81.6386%
  [   815500,   816000)        27456    0.0915%  81.7301%
  [   816000,   816500)        27789    0.0926%  81.8227%
  [   816500,   817000)        27862    0.0929%  81.9156%
  [   817000,   817500)        27557    0.0919%  82.0074%
  [   817500,   818000)        27363    0.0912%  82.0987%
  [   818000,   818500)        27573    0.0919%  82.1906%
  [   818500,   819000)        27443    0.0915%  82.2820%
  [   819000,   819500)        27282    0.0909%  82.3730%
  [   819500,   820000)        27232    0.0908%  82.4638%
  [   820000,   820500)        27248    0.0908%  82.5546%
  [   820500,   821000)        26804    0.0893%  82.6439%
  [   821000,   821500)        27006    0.0900%  82.7340%
  [   821500,   822000)        27111    0.0904%  82.8243%
  [   822000,   822500)        26966    0.0899%  82.9142%
  [   822500,   823000)        26701    0.0890%  83.0032%
  [   823000,   823500)        26509    0.0884%  83.0916%
  [   823500,   824000)        26599    0.0887%  83.1802%
  [   824000,   824500)        26175    0.0873%  83.2675%
  [   824500,   825000)        26624    0.0887%  83.3562%
  [   825000,   825500)        26257    0.0875%  83.4438%
  [   825500,   826000)        26363    0.0879%  83.5316%
  [   826000,   826500)        26203    0.0873%  83.6190%
  [   826500,   827000)        25986    0.0866%  83.7056%
  [   827000,   827500)        26201    0.0873%  83.7929%
  [   827500,   828000)        26032    0.0868%  83.8797%
  [   828000,   828500)        26015    0.0867%  83.9664%
  [   828500,   829000)        25961    0.0865%  84.0530%
  [   829000,   829500)        26091    0.0870%  84.1399%
  [   829500,   830000)        26005    0.0867%  84.2266%
  [   830000,   830500)        25664    0.0855%  84.3122%
  [   830500,   831000)        25463    0.0849%  84.3970%
  [   831000,   831500)        25475    0.0849%  84.4820%
  [   831500,   832000)        25498    0.0850%  84.5670%
  [   832000,   832500)        25348    0.0845%  84.6514%
  [   832500,   833000)        25011    0.0834%  84.7348%
  [   833000,   833500)        25401    0.0847%  84.8195%
  [   833500,   834000)        24843    0.0828%  84.9023%
  [   834000,   834500)        25070    0.0836%  84.9859%
  [   834500,   835000)        24949    0.0832%  85.0690%
  [   835000,   835500)        25004    0.0833%  85.1524%
  [   835500,   836000)        24979    0.0833%  85.2356%
  [   836000,   836500)        24740    0.0825%  85.3181%
  [   836500,   837000)        24502    0.0817%  85.3998%
  [   837000,   837500)        24533    0.0818%  85.4816%
  [   837500,   838000)        24592    0.0820%  85.5635%
  [   838000,   838500)        24326    0.0811%  85.6446%
  [   838500,   839000)        24329    0.0811%  85.7257%
  [   839000,   839500)        24240    0.0808%  85.8065%
  [   839500,   840000)        23821    0.0794%  85.8859%
  [   840000,   840500)        23956    0.0799%  85.9658%
  [   840500,   841000)        24043    0.0801%  86.0459%
  [   841000,   841500)        23454    0.0782%  86.1241%
  [   841500,   842000)        23736    0.0791%  86.2032%
  [   842000,   842500)        23557    0.0785%  86.2817%
  [   842500,   843000)        23641    0.0788%  86.3605%
  [   843000,   843500)        23398    0.0780%  86.4385%
  [   843500,   844000)        23680    0.0789%  86.5175%
  [   844000,   844500)        23228    0.0774%  86.5949%
  [   844500,   845000)        23584    0.0786%  86.6735%
  [   845000,   845500)        23331    0.0778%  86.7513%
  [   845500,   846000)        22896    0.0763%  86.8276%
  [   846000,   846500)        23080    0.0769%  86.9045%
  [   846500,   847000)        22734    0.0758%  86.9803%
  [   847000,   847500)        22884    0.0763%  87.0566%
  [   847500,   848000)        22911    0.0764%  87.1330%
  [   848000,   848500)        22844    0.0761%  87.2091%
  [   848500,   849000)        22414    0.0747%  87.2838%
  [   849000,   849500)        22451    0.0748%  87.3587%
  [   849500,   850000)        22485    0.0750%  87.4336%
  [   850000,   850500)        22300    0.0743%  87.5079%
  [   850500,   851000)        22443    0.0748%  87.5827%
  [   851000,   851500)        22240    0.0741%  87.6569%
  [   851500,   852000)        22009    0.0734%  87.7302%
  [   852000,   852500)        22171    0.0739%  87.8041%
  [   852500,   853000)        22194    0.0740%  87.8781%
  [   853000,   853500)        21637    0.0721%  87.9502%
  [   853500,   854000)        21677    0.0723%  88.0225%
  [   854000,   854500)        21617    0.0721%  88.0946%
  [   854500,   855000)        21896    0.0730%  88.1675%
  [   855000,   855500)        21383    0.0713%  88.2388%
  [   855500,   856000)        21287    0.0710%  88.3098%
  [   856000,   856500)        21179    0.0706%  88.3804%
  [   856500,   857000)        21159    0.0705%  88.4509%
  [   857000,   857500)        20944    0.0698%  88.5207%
  [   857500,   858000)        21012    0.0700%  88.5908%
  [   858000,   858500)        20721    0.0691%  88.6598%
  [   858500,   859000)        20976    0.0699%  88.7298%
  [   859000,   859500)        20448    0.0682%  88.7979%
  [   859500,   860000)        20737    0.0691%  88.8670%
  [   860000,   860500)        20308    0.0677%  88.9347%
  [   860500,   861000)        20368    0.0679%  89.0026%
  [   861000,   861500)        20447    0.0682%  89.0708%
  [   861500,   862000)        20286    0.0676%  89.1384%
  [   862000,   862500)        20352    0.0678%  89.2062%
  [   862500,   863000)        20296    0.0677%  89.2739%
  [   863000,   863500)        20185    0.0673%  89.3412%
  [   863500,   864000)        19817    0.0661%  89.4072%
  [   864000,   864500)        19936    0.0665%  89.4737%
  [   864500,   865000)        19910    0.0664%  89.5401%
  [   865000,   865500)        19582    0.0653%  89.6053%
  [   865500,   866000)        19589    0.0653%  89.6706%
  [   866000,   866500)        19494    0.0650%  89.7356%
  [   866500,   867000)        19439    0.0648%  89.8004%
  [   867000,   867500)        19218    0.0641%  89.8645%
  [   867500,   868000)        19438    0.0648%  89.9293%
  [   868000,   868500)        18948    0.0632%  89.9924%
  [   868500,   869000)        18988    0.0633%  90.0557%
  [   869000,   869500)        19186    0.0640%  90.1197%
  [   869500,   870000)        18882    0.0629%  90.1826%
  [   870000,   870500)        18867    0.0629%  90.2455%
  [   870500,   871000)        18479    0.0616%  90.3071%
  [   871000,   871500)        18646    0.0622%  90.3692%
  [   871500,   872000)        18573    0.0619%  90.4311%
  [   872000,   872500)        18551    0.0618%  90.4930%
  [   872500,   873000)        18458    0.0615%  90.5545%
  [   873000,   873500)        18359    0.0612%  90.6157%
  [   873500,   874000)        18356    0.0612%  90.6769%
  [   874000,   874500)        18247    0.0608%  90.7377%
  [   874500,   875000)        18271    0.0609%  90.7986%
  [   875000,   875500)        18013    0.0600%  90.8587%
  [   875500,   876000)        18165    0.0606%  90.9192%
  [   876000,   876500)        17825    0.0594%  90.9786%
  [   876500,   877000)        18128    0.0604%  91.0391%
  [   877000,   877500)        17689    0.0590%  91.0980%
  [   877500,   878000)        17411    0.0580%  91.1561%
  [   878000,   878500)        17510    0.0584%  91.2144%
  [   878500,   879000)        17146    0.0572%  91.2716%
  [   879000,   879500)        17476    0.0583%  91.3298%
  [   879500,   880000)        17185    0.0573%  91.3871%
  [   880000,   880500)        17150    0.0572%  91.4443%
  [   880500,   881000)        17251    0.0575%  91.5018%
  [   881000,   881500)        16828    0.0561%  91.5579%
  [   881500,   882000)        17042    0.0568%  91.6147%
  [   882000,   882500)        16871    0.0562%  91.6709%
  [   882500,   883000)        16787    0.0560%  91.7269%
  [   883000,   883500)        16986    0.0566%  91.7835%
  [   883500,   884000)        16577    0.0553%  91.8388%
  [   884000,   884500)        16516    0.0551%  91.8938%
  [   884500,   885000)        16499    0.0550%  91.9488%
  [   885000,   885500)        16401    0.0547%  92.0035%
  [   885500,   886000)        16453    0.0548%  92.0583%
  [   886000,   886500)        16287    0.0543%  92.1126%
  [   886500,   887000)        16261    0.0542%  92.1668%
  [   887000,   887500)        15825    0.0528%  92.2196%
  [   887500,   888000)        15900    0.0530%  92.2726%
  [   888000,   888500)        15812    0.0527%  92.3253%
  [   888500,   889000)        15815    0.0527%  92.3780%
  [   889000,   889500)        15625    0.0521%  92.4301%
  [   889500,   890000)        15616    0.0521%  92.4821%
  [   890000,   890500)        15877    0.0529%  92.5350%
  [   890500,   891000)        15722    0.0524%  92.5875%
  [   891000,   891500)        15419    0.0514%  92.6389%
  [   891500,   892000)        15334    0.0511%  92.6900%
  [   892000,   892500)        15507    0.0517%  92.7417%
  [   892500,   893000)        15089    0.0503%  92.7920%
  [   893000,   893500)        15042    0.0501%  92.8421%
  [   893500,   894000)        15045    0.0502%  92.8922%
  [   894000,   894500)        15155    0.0505%  92.9428%
  [   894500,   895000)        14813    0.0494%  92.9921%
  [   895000,   895500)        14905    0.0497%  93.0418%
  [   895500,   896000)        14641    0.0488%  93.0906%
  [   896000,   896500)        14533    0.0484%  93.1391%
  [   896500,   897000)        14500    0.0483%  93.1874%
  [   897000,   897500)        14568    0.0486%  93.2360%
  [   897500,   898000)        14348    0.0478%  93.2838%
  [   898000,   898500)        14140    0.0471%  93.3309%
  [   898500,   899000)        14242    0.0475%  93.3784%
  [   899000,   899500)        14245    0.0475%  93.4259%
  [   899500,   900000)        13905    0.0464%  93.4722%
  [   900000,   900500)        14027    0.0468%  93.5190%
  [   900500,   901000)        13861    0.0462%  93.5652%
  [   901000,   901500)        13840    0.0461%  93.6113%
  [   901500,   902000)        13838    0.0461%  93.6574%
  [   902000,   902500)        13512    0.0450%  93.7025%
  [   902500,   903000)        13637    0.0455%  93.7479%
  [   903000,   903500)        13469    0.0449%  93.7928%
  [   903500,   904000)        13388    0.0446%  93.8375%
  [   904000,   904500)        13468    0.0449%  93.8824%
  [   904500,   905000)        13055    0.0435%  93.9259%
  [   905000,   905500)        13098    0.0437%  93.9695%
  [   905500,   906000)        12957    0.0432%  94.0127%
  [   906000,   906500)        12863    0.0429%  94.0556%
  [   906500,   907000)        13124    0.0437%  94.0993%
  [   907000,   907500)        12914    0.0430%  94.1424%
  [   907500,   908000)        12890    0.0430%  94.1854%
  [   908000,   908500)        12602    0.0420%  94.2274%
  [   908500,   909000)        12620    0.0421%  94.2694%
  [   909000,   909500)        12700    0.0423%  94.3118%
  [   909500,   910000)        12554    0.0418%  94.3536%
  [   910000,   910500)        12477    0.0416%  94.3952%
  [   910500,   911000)        12298    0.0410%  94.4362%
  [   911000,   911500)        12330    0.0411%  94.4773%
  [   911500,   912000)        12046    0.0402%  94.5175%
  [   912000,   912500)        12060    0.0402%  94.5577%
  [   912500,   913000)        11839    0.0395%  94.5971%
  [   913000,   913500)        11964    0.0399%  94.6370%
  [   913500,   914000)        12032    0.0401%  94.6771%
  [   914000,   914500)        11892    0.0396%  94.7167%
  [   914500,   915000)        11678    0.0389%  94.7557%
  [   915000,   915500)        11645    0.0388%  94.7945%
  [   915500,   916000)        11672    0.0389%  94.8334%
  [   916000,   916500)        11788    0.0393%  94.8727%
  [   916500,   917000)        11712    0.0390%  94.9117%
  [   917000,   917500)        11666    0.0389%  94.9506%
  [   917500,   918000)        11551    0.0385%  94.9891%
  [   918000,   918500)        11417    0.0381%  95.0272%
  [   918500,   919000)        11261    0.0375%  95.0647%
  [   919000,   919500)        11205    0.0374%  95.1021%
  [   919500,   920000)        11107    0.0370%  95.1391%
  [   920000,   920500)        11088    0.0370%  95.1760%
  [   920500,   921000)        10829    0.0361%  95.2121%
  [   921000,   921500)        10960    0.0365%  95.2487%
  [   921500,   922000)        11010    0.0367%  95.2854%
  [   922000,   922500)        10839    0.0361%  95.3215%
  [   922500,   923000)        10771    0.0359%  95.3574%
  [   923000,   923500)        10588    0.0353%  95.3927%
  [   923500,   924000)        10454    0.0348%  95.4275%
  [   924000,   924500)        10448    0.0348%  95.4624%
  [   924500,   925000)        10402    0.0347%  95.4970%
  [   925000,   925500)        10253    0.0342%  95.5312%
  [   925500,   926000)        10278    0.0343%  95.5655%
  [   926000,   926500)        10227    0.0341%  95.5996%
  [   926500,   927000)        10297    0.0343%  95.6339%
  [   927000,   927500)        10134    0.0338%  95.6677%
  [   927500,   928000)        10060    0.0335%  95.7012%
  [   928000,   928500)         9993    0.0333%  95.7345%
  [   928500,   929000)         9944    0.0331%  95.7677%
  [   929000,   929500)        10102    0.0337%  95.8013%
  [   929500,   930000)         9912    0.0330%  95.8344%
  [   930000,   930500)         9890    0.0330%  95.8673%
  [   930500,   931000)         9580    0.0319%  95.8993%
  [   931000,   931500)         9727    0.0324%  95.9317%
  [   931500,   932000)         9639    0.0321%  95.9638%
  [   932000,   932500)         9497    0.0317%  95.9955%
  [   932500,   933000)         9176    0.0306%  96.0261%
  [   933000,   933500)         9403    0.0313%  96.0574%
  [   933500,   934000)         9453    0.0315%  96.0889%
  [   934000,   934500)         9161    0.0305%  96.1195%
  [   934500,   935000)         9316    0.0311%  96.1505%
  [   935000,   935500)         9089    0.0303%  96.1808%
  [   935500,   936000)         9073    0.0302%  96.2111%
  [   936000,   936500)         9025    0.0301%  96.2411%
  [   936500,   937000)         9040    0.0301%  96.2713%
  [   937000,   937500)         8898    0.0297%  96.3009%
  [   937500,   938000)         8874    0.0296%  96.3305%
  [   938000,   938500)         8688    0.0290%  96.3595%
  [   938500,   939000)         8727    0.0291%  96.3886%
  [   939000,   939500)         8631    0.0288%  96.4173%
  [   939500,   940000)         8459    0.0282%  96.4455%
  [   940000,   940500)         8505    0.0284%  96.4739%
  [   940500,   941000)         8373    0.0279%  96.5018%
  [   941000,   941500)         8427    0.0281%  96.5299%
  [   941500,   942000)         8463    0.0282%  96.5581%
  [   942000,   942500)         8410    0.0280%  96.5861%
  [   942500,   943000)         8404    0.0280%  96.6141%
  [   943000,   943500)         8270    0.0276%  96.6417%
  [   943500,   944000)         8245    0.0275%  96.6692%
  [   944000,   944500)         8069    0.0269%  96.6961%
  [   944500,   945000)         7831    0.0261%  96.7222%
  [   945000,   945500)         7983    0.0266%  96.7488%
  [   945500,   946000)         7969    0.0266%  96.7754%
  [   946000,   946500)         7741    0.0258%  96.8012%
  [   946500,   947000)         7868    0.0262%  96.8274%
  [   947000,   947500)         7812    0.0260%  96.8534%
  [   947500,   948000)         7801    0.0260%  96.8794%
  [   948000,   948500)         7641    0.0255%  96.9049%
  [   948500,   949000)         7573    0.0252%  96.9301%
  [   949000,   949500)         7498    0.0250%  96.9551%
  [   949500,   950000)         7527    0.0251%  96.9802%
  [   950000,   950500)         7289    0.0243%  97.0045%
  [   950500,   951000)         7519    0.0251%  97.0296%
  [   951000,   951500)         7250    0.0242%  97.0538%
  [   951500,   952000)         7438    0.0248%  97.0786%
  [   952000,   952500)         7301    0.0243%  97.1029%
  [   952500,   953000)         7250    0.0242%  97.1271%
  [   953000,   953500)         7104    0.0237%  97.1507%
  [   953500,   954000)         7164    0.0239%  97.1746%
  [   954000,   954500)         6941    0.0231%  97.1978%
  [   954500,   955000)         6961    0.0232%  97.2210%
  [   955000,   955500)         6967    0.0232%  97.2442%
  [   955500,   956000)         6800    0.0227%  97.2668%
  [   956000,   956500)         6867    0.0229%  97.2897%
  [   956500,   957000)         6904    0.0230%  97.3127%
  [   957000,   957500)         6758    0.0225%  97.3353%
  [   957500,   958000)         6771    0.0226%  97.3578%
  [   958000,   958500)         6694    0.0223%  97.3802%
  [   958500,   959000)         6466    0.0216%  97.4017%
  [   959000,   959500)         6597    0.0220%  97.4237%
  [   959500,   960000)         6465    0.0216%  97.4453%
  [   960000,   960500)         6342    0.0211%  97.4664%
  [   960500,   961000)         6355    0.0212%  97.4876%
  [   961000,   961500)         6499    0.0217%  97.5092%
  [   961500,   962000)         6255    0.0209%  97.5301%
  [   962000,   962500)         6405    0.0214%  97.5514%
  [   962500,   963000)         6332    0.0211%  97.5725%
  [   963000,   963500)         6214    0.0207%  97.5933%
  [   963500,   964000)         6230    0.0208%  97.6140%
  [   964000,   964500)         6117    0.0204%  97.6344%
  [   964500,   965000)         6159    0.0205%  97.6549%
  [   965000,   965500)         5997    0.0200%  97.6749%
  [   965500,   966000)         6020    0.0201%  97.6950%
  [   966000,   966500)         5901    0.0197%  97.7147%
  [   966500,   967000)         5800    0.0193%  97.7340%
  [   967000,   967500)         5849    0.0195%  97.7535%
  [   967500,   968000)         5797    0.0193%  97.7728%
  [   968000,   968500)         5674    0.0189%  97.7917%
  [   968500,   969000)         5781    0.0193%  97.8110%
  [   969000,   969500)         5734    0.0191%  97.8301%
  [   969500,   970000)         5440    0.0181%  97.8483%
  [   970000,   970500)         5553    0.0185%  97.8668%
  [   970500,   971000)         5466    0.0182%  97.8850%
  [   971000,   971500)         5430    0.0181%  97.9031%
  [   971500,   972000)         5448    0.0182%  97.9212%
  [   972000,   972500)         5395    0.0180%  97.9392%
  [   972500,   973000)         5293    0.0176%  97.9569%
  [   973000,   973500)         5222    0.0174%  97.9743%
  [   973500,   974000)         5334    0.0178%  97.9921%
  [   974000,   974500)         5212    0.0174%  98.0094%
  [   974500,   975000)         5209    0.0174%  98.0268%
  [   975000,   975500)         5237    0.0175%  98.0443%
  [   975500,   976000)         5117    0.0171%  98.0613%
  [   976000,   976500)         5153    0.0172%  98.0785%
  [   976500,   977000)         5086    0.0170%  98.0954%
  [   977000,   977500)         5040    0.0168%  98.1122%
  [   977500,   978000)         5003    0.0167%  98.1289%
  [   978000,   978500)         4963    0.0165%  98.1455%
  [   978500,   979000)         4921    0.0164%  98.1619%
  [   979000,   979500)         4837    0.0161%  98.1780%
  [   979500,   980000)         4776    0.0159%  98.1939%
  [   980000,   980500)         4803    0.0160%  98.2099%
  [   980500,   981000)         4749    0.0158%  98.2257%
  [   981000,   981500)         4770    0.0159%  98.2416%
  [   981500,   982000)         4665    0.0156%  98.2572%
  [   982000,   982500)         4682    0.0156%  98.2728%
  [   982500,   983000)         4747    0.0158%  98.2886%
  [   983000,   983500)         4649    0.0155%  98.3041%
  [   983500,   984000)         4449    0.0148%  98.3190%
  [   984000,   984500)         4532    0.0151%  98.3341%
  [   984500,   985000)         4381    0.0146%  98.3487%
  [   985000,   985500)         4377    0.0146%  98.3633%
  [   985500,   986000)         4384    0.0146%  98.3779%
  [   986000,   986500)         4421    0.0147%  98.3926%
  [   986500,   987000)         4277    0.0143%  98.4069%
  [   987000,   987500)         4207    0.0140%  98.4209%
  [   987500,   988000)         4267    0.0142%  98.4351%
  [   988000,   988500)         4240    0.0141%  98.4492%
  [   988500,   989000)         4157    0.0139%  98.4631%
  [   989000,   989500)         4014    0.0134%  98.4765%
  [   989500,   990000)         4152    0.0138%  98.4903%
  [   990000,   990500)         3986    0.0133%  98.5036%
  [   990500,   991000)         4115    0.0137%  98.5173%
  [   991000,   991500)         4017    0.0134%  98.5307%
  [   991500,   992000)         4060    0.0135%  98.5442%
  [   992000,   992500)         3947    0.0132%  98.5574%
  [   992500,   993000)         3902    0.0130%  98.5704%
  [   993000,   993500)         3919    0.0131%  98.5835%
  [   993500,   994000)         3842    0.0128%  98.5963%
  [   994000,   994500)         3793    0.0126%  98.6089%
  [   994500,   995000)         3810    0.0127%  98.6216%
  [   995000,   995500)         3717    0.0124%  98.6340%
  [   995500,   996000)         3580    0.0119%  98.6459%
  [   996000,   996500)         3803    0.0127%  98.6586%
  [   996500,   997000)         3700    0.0123%  98.6710%
  [   997000,   997500)         3647    0.0122%  98.6831%
  [   997500,   998000)         3623    0.0121%  98.6952%
  [   998000,   998500)         3535    0.0118%  98.7070%
  [   998500,   999000)         3598    0.0120%  98.7190%
  [   999000,   999500)         3613    0.0120%  98.7310%
  [   999500, +inf)              380698    1.2690% 100.0000%

----- OFFLOADED TASKS [node 1] -----
  ops total                = 29999988
  ops direct (1-sided)     = 29999988 (100.00%)
  ops offload (rpc)        = 0 (0.00%)
  lookup pushdowns         = 0
  scan   pushdowns (RPC)   = 0
    kv pairs returned      = 0
    leaves scanned remotely= 0
    kv / scan pushdown     = 0.00
    leaves / scan pushdown = 0.00
=========================================================================

[CORRECTNESS node 1] scan rows returned = 2999981292
[READPATH node 1] lookups=1648364923  index-cache hit=49.4%  per lookup: leaf=1.000 speculative=0.000 (right 0.0%) hop-reads=1.000 (two-segment 0.437) retries=0.000 invalid=0.000 sibling=0.000  => est. leaf round trips/lookup=1.000
[LEAFCACHE] off

----- PER-LEVEL CACHE HITS [node 1] (lookups; level 0 = leaf) -----
[KIND node 1] lookups=0 inner_visits=0 inner_hits=0 inner_hit_pct=0.00 leaf_visits=0 leaf_hits=0 leaf_hit_pct=0.00
[SCANLEAF node 1] scans=29999988 inner_complete_miss=12965283 inner_partial=4002720 leaf_cache_hits=0 leaf_reads=180909425 cn_leaves_per_scan=6.03 leaf_hit_pct=0.00
[END]
