nodes 2, threads 36, mix R/I/U/S=0/0/0/100, zipf-0.99, bulk 50M warmup 10M op 30M, offload 0%, scan_range 100
[4mshared memory size: 64GB, 0x7feeda800000[0m
[4mrdma cache size: 4GB[0m
[4mMachine NR: 2[0m
[4mCompute server 1 start up [10.30.1.6]
[0m
I connect server 0
[CONFIG node 1] bulk load: bottom-up build, 8 keys per leaf, 6 children per inner node (CHIME_BULK_BUILD / CHIME_BUILD_LEAF_KEYS / CHIME_BUILD_INNER_FANOUT)
[CONFIG node 1] clients on this node: yes (CHIME_MN_CLIENTS)
[CONFIG node 1] leaf cache by key=0 owner=0 admit_push=0.00 granule=16 (CHIME_LEAF_BY_KEY / CHIME_LEAF_OWNER / CHIME_LEAF_ADMIT_PUSH / CHIME_LEAF_KEY_GRANULE)
[CONFIG node 1] scan path: from_cache=1 offload_always=0 (CHIME_SCAN_FROM_CACHE / CHIME_SCAN_OFFLOAD_ALWAYS)
[CONFIG node 1] push ops: both (CHIME_PUSH_OPS; applies only with offloading on)
[CACHE node 1] total=128 MB index=128 MB leaf=0 MB
[CONFIG node 1] dir threads = 1 (CHIME_DIR_THREADS, max 16) -- MUST match the other node
[CORES node 1] linear pinning: app threads -> CPUs 0..35, main -> 79, dir threads -> 79 (REV_DIR_CPUS)
[CONFIG] hotspot buffer + speculative read: on (CHIME_HOTSPOT; stock CHIME: on above 50 MB)
workload generated: keyspace=50001000 bulk=50000000 warmup=9999972 op=29999988
[4mKey space set: keySpaceSize=50000000[0m
I am 37
I am 38
I am 36
I am 63
I am 39
I am 42
I am 43
I am 40
I am 47
I am 45
I am 48
I am 44
I am 52
I am 51
I am 46
I am 49
I am 50
I am 56
I am 71
I am 59
I am 66
I am 57
I am 68
I am 67
I am 55
I am 69
I am 64
I am 54
I am 58
I am 62
I am 53
I am 70
I am 60
I am 61
I am 65
I am 41
[build] leaves: 10% (625001/6250000)
[build] leaves: 20% (1250002/6250000)
[build] leaves: 30% (1875003/6250000)
[build] leaves: 40% (2500004/6250000)
[build] leaves: 50% (3125005/6250000)
[build] leaves: 60% (3750006/6250000)
[build] leaves: 70% (4375007/6250000)
[build] leaves: 80% (5000008/6250000)
[build] leaves: 90% (5625009/6250000)
[build] inner level 1: 1041667 nodes
[build] inner level 2: 173611 nodes
[build] inner level 3: 28935 nodes
[build] inner level 4: 4823 nodes
[build] inner level 5: 804 nodes
[build] inner level 6: 134 nodes
[build] inner level 7: 23 nodes
[build] inner level 8: 4 nodes
[build] inner level 9: 1 nodes
[build] done in 19.3s: height=10 leaves=6250000 inner_nodes=1250002 (8 keys per leaf, 6 children per inner node)
[TREE] height=10 leaves=6250000 inner_nodes=1250002 keys_per_leaf=8.00 inner_MB=399.4 leaf_MB=2104.0 total_MB=2503.4 (internal span 16, leaf span 16, node bytes inner=335 leaf=353)
node 1 warmup done in 112s
[INDEX] --- post-bulk-load cache occupancy (cache = 128 MB) ---
 ----- [TreeCache]:  cache size=98 MB free_size=-0.000 MB skiplist_node_cnt=1249799 ----- 
consumed cache size = 98.000 MB
 ----- [IdxCache]:  cache size=30 MB free_size=0.000 MB ---- 
consumed hotspot buffer size = 30.000000 MB

[LEAFCACHE] off
1, throughput 0.1113 Mops
1, throughput 0.1128 Mops
1, throughput 0.1102 Mops
1, throughput 0.1106 Mops
1, throughput 0.1126 Mops
1, throughput 0.1115 Mops
1, throughput 0.1112 Mops
1, throughput 0.1119 Mops
1, throughput 0.1119 Mops
1, throughput 0.1112 Mops
1, throughput 0.1129 Mops
1, throughput 0.1091 Mops
1, throughput 0.1113 Mops
1, throughput 0.1114 Mops
1, throughput 0.1110 Mops
1, throughput 0.1114 Mops
1, throughput 0.1118 Mops
1, throughput 0.1105 Mops
1, throughput 0.1115 Mops
1, throughput 0.1107 Mops
1, throughput 0.1113 Mops
1, throughput 0.1118 Mops
1, throughput 0.1110 Mops
1, throughput 0.1117 Mops
1, throughput 0.1110 Mops
1, throughput 0.1118 Mops
1, throughput 0.1109 Mops
1, throughput 0.1109 Mops
1, throughput 0.1124 Mops
1, throughput 0.1124 Mops
1, throughput 0.1104 Mops
1, throughput 0.1108 Mops
1, throughput 0.1099 Mops
1, throughput 0.1109 Mops
1, throughput 0.1117 Mops
1, throughput 0.1113 Mops
1, throughput 0.1119 Mops
1, throughput 0.1104 Mops
1, throughput 0.1123 Mops
1, throughput 0.1114 Mops
1, throughput 0.1119 Mops
1, throughput 0.1119 Mops
1, throughput 0.1115 Mops
1, throughput 0.1109 Mops
1, throughput 0.1112 Mops
1, throughput 0.1119 Mops
1, throughput 0.1128 Mops
1, throughput 0.1116 Mops
1, throughput 0.1137 Mops
1, throughput 0.1118 Mops
1, throughput 0.1117 Mops
1, throughput 0.1118 Mops
1, throughput 0.1105 Mops
1, throughput 0.1121 Mops
1, throughput 0.1128 Mops
1, throughput 0.1119 Mops
1, throughput 0.1125 Mops
1, throughput 0.1125 Mops
1, throughput 0.1114 Mops
1, throughput 0.1120 Mops
1, throughput 0.1115 Mops
1, throughput 0.1129 Mops
1, throughput 0.1126 Mops
1, throughput 0.1118 Mops
1, throughput 0.1126 Mops
1, throughput 0.1116 Mops
1, throughput 0.1104 Mops
1, throughput 0.1132 Mops
1, throughput 0.1125 Mops
1, throughput 0.1119 Mops
1, throughput 0.1117 Mops
1, throughput 0.1129 Mops
1, throughput 0.1119 Mops
1, throughput 0.1102 Mops
1, throughput 0.1123 Mops
1, throughput 0.1124 Mops
1, throughput 0.1125 Mops
1, throughput 0.1144 Mops
1, throughput 0.1130 Mops
1, throughput 0.1131 Mops
1, throughput 0.1141 Mops
1, throughput 0.1131 Mops
1, throughput 0.1141 Mops
1, throughput 0.1138 Mops
1, throughput 0.1137 Mops
1, throughput 0.1129 Mops
1, throughput 0.1138 Mops
1, throughput 0.1143 Mops
1, throughput 0.1120 Mops
1, throughput 0.1130 Mops
1, throughput 0.1128 Mops
1, throughput 0.1118 Mops
1, throughput 0.1133 Mops
1, throughput 0.1111 Mops
1, throughput 0.1124 Mops
1, throughput 0.1135 Mops
1, throughput 0.1140 Mops
1, throughput 0.1145 Mops
1, throughput 0.1130 Mops
1, throughput 0.1143 Mops
1, throughput 0.1126 Mops
1, throughput 0.1142 Mops
1, throughput 0.1114 Mops
1, throughput 0.1146 Mops
1, throughput 0.1130 Mops
1, throughput 0.1137 Mops
1, throughput 0.1130 Mops
1, throughput 0.1122 Mops
1, throughput 0.1129 Mops
1, throughput 0.1125 Mops
1, throughput 0.1124 Mops
1, throughput 0.1130 Mops
1, throughput 0.1141 Mops
1, throughput 0.1131 Mops
1, throughput 0.1111 Mops
1, throughput 0.1123 Mops
1, throughput 0.1130 Mops
1, throughput 0.1129 Mops
1, throughput 0.1126 Mops
1, throughput 0.1121 Mops
1, throughput 0.1135 Mops
1, throughput 0.1136 Mops
1, throughput 0.1148 Mops
1, throughput 0.1139 Mops
1, throughput 0.1133 Mops
1, throughput 0.1130 Mops
1, throughput 0.1140 Mops
1, throughput 0.1137 Mops
1, throughput 0.1135 Mops
1, throughput 0.1129 Mops
1, throughput 0.1128 Mops
1, throughput 0.1145 Mops
1, throughput 0.1128 Mops
1, throughput 0.1124 Mops
1, throughput 0.1114 Mops
1, throughput 0.1128 Mops
1, throughput 0.1135 Mops
1, throughput 0.1121 Mops
1, throughput 0.1135 Mops
1, throughput 0.1127 Mops
1, throughput 0.1137 Mops
1, throughput 0.1112 Mops
1, throughput 0.1134 Mops
1, throughput 0.1149 Mops
1, throughput 0.1133 Mops
1, throughput 0.1136 Mops
1, throughput 0.1140 Mops
1, throughput 0.1126 Mops
1, throughput 0.1124 Mops
1, throughput 0.1120 Mops
1, throughput 0.1132 Mops
1, throughput 0.1139 Mops
1, throughput 0.1128 Mops
1, throughput 0.1134 Mops
1, throughput 0.1123 Mops
1, throughput 0.1126 Mops
1, throughput 0.1132 Mops
1, throughput 0.1140 Mops
1, throughput 0.1128 Mops
1, throughput 0.1131 Mops
1, throughput 0.1130 Mops
1, throughput 0.1142 Mops
1, throughput 0.1142 Mops
1, throughput 0.1139 Mops
1, throughput 0.1137 Mops
1, throughput 0.1138 Mops
1, throughput 0.1142 Mops
1, throughput 0.1144 Mops
1, throughput 0.1131 Mops
1, throughput 0.1125 Mops
1, throughput 0.1129 Mops
1, throughput 0.1123 Mops
1, throughput 0.1122 Mops
1, throughput 0.1132 Mops
1, throughput 0.1125 Mops
1, throughput 0.1123 Mops
1, throughput 0.1117 Mops
1, throughput 0.1119 Mops
1, throughput 0.1128 Mops
1, throughput 0.1120 Mops
1, throughput 0.1130 Mops
1, throughput 0.1132 Mops
1, throughput 0.1144 Mops
1, throughput 0.1128 Mops
1, throughput 0.1116 Mops
1, throughput 0.1114 Mops
1, throughput 0.1137 Mops
1, throughput 0.1123 Mops
1, throughput 0.1121 Mops
1, throughput 0.1131 Mops
1, throughput 0.1137 Mops
1, throughput 0.1129 Mops
1, throughput 0.1132 Mops
1, throughput 0.1140 Mops
1, throughput 0.1135 Mops
1, throughput 0.1131 Mops
1, throughput 0.1118 Mops
1, throughput 0.1124 Mops
1, throughput 0.1130 Mops
1, throughput 0.1123 Mops
1, throughput 0.1135 Mops
1, throughput 0.1127 Mops
1, throughput 0.1139 Mops
1, throughput 0.1130 Mops
1, throughput 0.1134 Mops
1, throughput 0.1142 Mops
1, throughput 0.1141 Mops
1, throughput 0.1123 Mops
1, throughput 0.1132 Mops
1, throughput 0.1126 Mops
1, throughput 0.1125 Mops
1, throughput 0.1138 Mops
1, throughput 0.1131 Mops
1, throughput 0.1139 Mops
1, throughput 0.1123 Mops
1, throughput 0.1118 Mops
1, throughput 0.1128 Mops
1, throughput 0.1116 Mops
1, throughput 0.1115 Mops
1, throughput 0.1142 Mops
1, throughput 0.1129 Mops
1, throughput 0.1129 Mops
1, throughput 0.1128 Mops
1, throughput 0.1144 Mops
1, throughput 0.1127 Mops
1, throughput 0.1141 Mops
1, throughput 0.1132 Mops
1, throughput 0.1131 Mops
1, throughput 0.1124 Mops
1, throughput 0.1136 Mops
1, throughput 0.1130 Mops
1, throughput 0.1129 Mops
1, throughput 0.1137 Mops
1, throughput 0.1150 Mops
1, throughput 0.1145 Mops
1, throughput 0.1135 Mops
1, throughput 0.1117 Mops
1, throughput 0.1109 Mops
1, throughput 0.1127 Mops
1, throughput 0.1124 Mops
1, throughput 0.1126 Mops
1, throughput 0.1139 Mops
1, throughput 0.1131 Mops
1, throughput 0.1138 Mops
1, throughput 0.1133 Mops
1, throughput 0.1129 Mops
1, throughput 0.1135 Mops
1, throughput 0.1135 Mops
1, throughput 0.1130 Mops
1, throughput 0.1136 Mops
1, throughput 0.1137 Mops
1, throughput 0.1131 Mops
1, throughput 0.1126 Mops
1, throughput 0.1146 Mops
1, throughput 0.1138 Mops
1, throughput 0.1122 Mops
1, throughput 0.1114 Mops
1, throughput 0.1127 Mops
1, throughput 0.1106 Mops
1, throughput 0.1124 Mops
1, throughput 0.1129 Mops
1, throughput 0.1134 Mops
1, throughput 0.1128 Mops
1, throughput 0.1124 Mops
1, throughput 0.1128 Mops
1, throughput 0.1138 Mops
1, throughput 0.1134 Mops
1, throughput 0.1145 Mops
1, throughput 0.1136 Mops
1, throughput 0.1121 Mops
1, throughput 0.1142 Mops
1, throughput 0.1138 Mops
1, throughput 0.1135 Mops
1, throughput 0.1123 Mops
1, throughput 0.1131 Mops
1, throughput 0.1137 Mops
1, throughput 0.1122 Mops
1, throughput 0.1134 Mops
1, throughput 0.1127 Mops
1, throughput 0.1116 Mops
1, throughput 0.1135 Mops
1, throughput 0.1144 Mops
1, throughput 0.1131 Mops
1, throughput 0.1145 Mops
1, throughput 0.1131 Mops
1, throughput 0.1136 Mops
1, throughput 0.1136 Mops
1, throughput 0.1121 Mops
1, throughput 0.1126 Mops
1, throughput 0.1120 Mops
1, throughput 0.1120 Mops
1, throughput 0.1139 Mops
1, throughput 0.1139 Mops
1, throughput 0.1120 Mops
1, throughput 0.1135 Mops
1, throughput 0.1140 Mops
1, throughput 0.1131 Mops
1, throughput 0.1139 Mops
1, throughput 0.1143 Mops
1, throughput 0.1120 Mops
1, throughput 0.1132 Mops
1, throughput 0.1129 Mops
1, throughput 0.1138 Mops
1, throughput 0.1127 Mops
1, throughput 0.1125 Mops
1, throughput 0.1133 Mops
1, throughput 0.1137 Mops
1, throughput 0.1127 Mops
1, throughput 0.1127 Mops
1, throughput 0.1135 Mops
1, throughput 0.1139 Mops
1, throughput 0.1139 Mops
1, throughput 0.1137 Mops
1, throughput 0.1133 Mops
1, throughput 0.1141 Mops
1, throughput 0.1122 Mops
1, throughput 0.1139 Mops
1, throughput 0.1115 Mops
1, throughput 0.1143 Mops
1, throughput 0.1151 Mops
1, throughput 0.1134 Mops
1, throughput 0.1138 Mops
1, throughput 0.1119 Mops
1, throughput 0.1123 Mops
1, throughput 0.1133 Mops
1, throughput 0.1119 Mops
1, throughput 0.1126 Mops
1, throughput 0.1123 Mops
1, throughput 0.1133 Mops
1, throughput 0.1141 Mops
1, throughput 0.1144 Mops
1, throughput 0.1134 Mops
1, throughput 0.1133 Mops
1, throughput 0.1124 Mops
1, throughput 0.1140 Mops
1, throughput 0.1134 Mops
1, throughput 0.1130 Mops
1, throughput 0.1146 Mops
1, throughput 0.1142 Mops
1, throughput 0.1134 Mops
1, throughput 0.1111 Mops
1, throughput 0.1123 Mops
1, throughput 0.1122 Mops
1, throughput 0.1128 Mops
1, throughput 0.1135 Mops
1, throughput 0.1129 Mops
1, throughput 0.1138 Mops
1, throughput 0.1120 Mops
1, throughput 0.1117 Mops
1, throughput 0.1125 Mops
1, throughput 0.1130 Mops
1, throughput 0.1133 Mops
1, throughput 0.1131 Mops
1, throughput 0.1141 Mops
1, throughput 0.1124 Mops
1, throughput 0.1138 Mops
1, throughput 0.1132 Mops
1, throughput 0.1135 Mops
1, throughput 0.1131 Mops
1, throughput 0.1138 Mops
1, throughput 0.1133 Mops
1, throughput 0.1108 Mops
1, throughput 0.1129 Mops
1, throughput 0.1135 Mops
1, throughput 0.1144 Mops
1, throughput 0.1132 Mops
1, throughput 0.1134 Mops
1, throughput 0.1117 Mops
1, throughput 0.1130 Mops
1, throughput 0.1129 Mops
1, throughput 0.1138 Mops
1, throughput 0.1132 Mops
1, throughput 0.1134 Mops
1, throughput 0.1133 Mops
1, throughput 0.1132 Mops
1, throughput 0.1122 Mops
1, throughput 0.1115 Mops
1, throughput 0.1133 Mops
1, throughput 0.1146 Mops
1, throughput 0.1126 Mops
1, throughput 0.1132 Mops
1, throughput 0.1110 Mops
1, throughput 0.1138 Mops
1, throughput 0.1141 Mops
1, throughput 0.1140 Mops
1, throughput 0.1136 Mops
1, throughput 0.1135 Mops
1, throughput 0.1135 Mops
1, throughput 0.1135 Mops
1, throughput 0.1139 Mops
1, throughput 0.1125 Mops
1, throughput 0.1128 Mops
1, throughput 0.1133 Mops
1, throughput 0.1135 Mops
1, throughput 0.1133 Mops
1, throughput 0.1137 Mops
1, throughput 0.1142 Mops
1, throughput 0.1136 Mops
1, throughput 0.1138 Mops
1, throughput 0.1120 Mops
1, throughput 0.1132 Mops
1, throughput 0.1117 Mops
1, throughput 0.1115 Mops
1, throughput 0.1133 Mops
1, throughput 0.1116 Mops
1, throughput 0.1126 Mops
1, throughput 0.1128 Mops
1, throughput 0.1135 Mops
1, throughput 0.1145 Mops
1, throughput 0.1134 Mops
1, throughput 0.1124 Mops
1, throughput 0.1138 Mops
1, throughput 0.1132 Mops
1, throughput 0.1140 Mops
1, throughput 0.1134 Mops
1, throughput 0.1140 Mops
1, throughput 0.1141 Mops
1, throughput 0.1139 Mops
1, throughput 0.1130 Mops
1, throughput 0.1126 Mops
1, throughput 0.1124 Mops
1, throughput 0.1124 Mops
1, throughput 0.1115 Mops
1, throughput 0.1119 Mops
1, throughput 0.1152 Mops
1, throughput 0.1133 Mops
1, throughput 0.1136 Mops
1, throughput 0.1133 Mops
1, throughput 0.1146 Mops
1, throughput 0.1134 Mops
1, throughput 0.1136 Mops
1, throughput 0.1125 Mops
1, throughput 0.1117 Mops
1, throughput 0.1134 Mops
1, throughput 0.1150 Mops
1, throughput 0.1123 Mops
1, throughput 0.1128 Mops
1, throughput 0.1142 Mops
1, throughput 0.1139 Mops
1, throughput 0.1139 Mops
1, throughput 0.1128 Mops
1, throughput 0.1132 Mops
1, throughput 0.1138 Mops
1, throughput 0.1113 Mops
1, throughput 0.1124 Mops
1, throughput 0.1124 Mops
1, throughput 0.1140 Mops
1, throughput 0.1129 Mops
1, throughput 0.1135 Mops
1, throughput 0.1132 Mops
1, throughput 0.1126 Mops
1, throughput 0.1125 Mops
1, throughput 0.1136 Mops
1, throughput 0.1136 Mops
1, throughput 0.1132 Mops
1, throughput 0.1129 Mops
1, throughput 0.1151 Mops
1, throughput 0.1125 Mops
1, throughput 0.1130 Mops
1, throughput 0.1130 Mops
1, throughput 0.1130 Mops
1, throughput 0.1136 Mops
1, throughput 0.1128 Mops
1, throughput 0.1142 Mops
1, throughput 0.1119 Mops
1, throughput 0.1135 Mops
1, throughput 0.1128 Mops
1, throughput 0.1126 Mops
1, throughput 0.1136 Mops
1, throughput 0.1142 Mops
1, throughput 0.1132 Mops
1, throughput 0.1114 Mops
1, throughput 0.1123 Mops
1, throughput 0.1134 Mops
1, throughput 0.1133 Mops
1, throughput 0.1133 Mops
1, throughput 0.1130 Mops
1, throughput 0.1129 Mops
1, throughput 0.1134 Mops
1, throughput 0.1131 Mops
1, throughput 0.1133 Mops
1, throughput 0.1138 Mops
1, throughput 0.1129 Mops
1, throughput 0.1133 Mops
1, throughput 0.1108 Mops
1, throughput 0.1127 Mops
1, throughput 0.1138 Mops
1, throughput 0.1122 Mops
1, throughput 0.1118 Mops
1, throughput 0.1135 Mops
1, throughput 0.1135 Mops
1, throughput 0.1139 Mops
1, throughput 0.1134 Mops
1, throughput 0.1128 Mops
1, throughput 0.1140 Mops
1, throughput 0.1141 Mops
1, throughput 0.1140 Mops
1, throughput 0.1127 Mops
1, throughput 0.1127 Mops
1, throughput 0.1154 Mops
1, throughput 0.1125 Mops
1, throughput 0.1136 Mops
1, throughput 0.1138 Mops
1, throughput 0.1127 Mops
1, throughput 0.1118 Mops
1, throughput 0.1110 Mops
1, throughput 0.1137 Mops
1, throughput 0.1124 Mops
1, throughput 0.1133 Mops
1, throughput 0.1134 Mops
1, throughput 0.1143 Mops
1, throughput 0.1130 Mops
1, throughput 0.1143 Mops
1, throughput 0.1135 Mops
1, throughput 0.1130 Mops
1, throughput 0.1139 Mops
1, throughput 0.1134 Mops
1, throughput 0.1149 Mops
1, throughput 0.1131 Mops
1, throughput 0.1114 Mops
1, throughput 0.1096 Mops
1, throughput 0.1052 Mops
1, throughput 0.1036 Mops
1, throughput 0.0914 Mops
1, throughput 0.0842 Mops
1, throughput 0.0722 Mops
1, throughput 0.0707 Mops
1, throughput 0.0716 Mops
1, throughput 0.0720 Mops
1, throughput 0.0728 Mops
1, throughput 0.0724 Mops
1, throughput 0.0718 Mops
1, throughput 0.0732 Mops
1, throughput 0.0718 Mops
1, throughput 0.0584 Mops
1, throughput 0.0424 Mops
1, throughput 0.0261 Mops
1, throughput 0.0070 Mops
1, throughput 0.0018 Mops
[RESULT node 1] ops=29999988 elapsed=269.258s throughput=0.1114 Mops mode=op-bounded
[RDMA node 1] ops=29999988 posts=1151259203 read_wr=1461915354 read_bytes=256699944747 write_wr=0 write_bytes=0 atomic_wr=0 send_wr=0 send_bytes=0
[RDMA node 1] per_op: round_trips=38.3753 reads=48.7305 writes=0.0000 atomics=0.0000 sends=0.0000 verbs=48.7305 bytes=8556.7

==================== LATENCY BUCKETS (500 ns) [node 1] ====================
[RANGE]
  ALL                n=29999988   mean=  297.09us  p50=  63.50us  p90=1000.00us  p99=1000.00us  p99.9=1000.00us  max>=1000.00us
  DIRECT (1-sided)   n=29999988   mean=  297.09us  p50=  63.50us  p90=1000.00us  p99=1000.00us  p99.9=1000.00us  max>=1000.00us
  OFFLOAD (rpc)             (no samples)
[ALL OPS]
  ALL                n=29999988   mean=  297.09us  p50=  63.50us  p90=1000.00us  p99=1000.00us  p99.9=1000.00us  max>=1000.00us
  DIRECT (1-sided)   n=29999988   mean=  297.09us  p50=  63.50us  p90=1000.00us  p99=1000.00us  p99.9=1000.00us  max>=1000.00us
  OFFLOAD (rpc)             (no samples)

----- 500 ns bucket CDF (all ops) [node 1] -----
  bucket [lo,hi) ns             count        pct       cdf
  [    11500,    12000)            1    0.0000%   0.0000%
  [    15500,    16000)            1    0.0000%   0.0000%
  [    22500,    23000)            1    0.0000%   0.0000%
  [    25500,    26000)            1    0.0000%   0.0000%
  [    27000,    27500)            1    0.0000%   0.0000%
  [    44500,    45000)            4    0.0000%   0.0000%
  [    45000,    45500)           33    0.0001%   0.0001%
  [    45500,    46000)          114    0.0004%   0.0005%
  [    46000,    46500)          334    0.0011%   0.0016%
  [    46500,    47000)          877    0.0029%   0.0046%
  [    47000,    47500)         1927    0.0064%   0.0110%
  [    47500,    48000)         3441    0.0115%   0.0225%
  [    48000,    48500)         6037    0.0201%   0.0426%
  [    48500,    49000)         9099    0.0303%   0.0729%
  [    49000,    49500)        13056    0.0435%   0.1164%
  [    49500,    50000)        18291    0.0610%   0.1774%
  [    50000,    50500)        23592    0.0786%   0.2560%
  [    50500,    51000)        33079    0.1103%   0.3663%
  [    51000,    51500)        49762    0.1659%   0.5322%
  [    51500,    52000)        76459    0.2549%   0.7870%
  [    52000,    52500)       107314    0.3577%   1.1447%
  [    52500,    53000)       139927    0.4664%   1.6112%
  [    53000,    53500)       175449    0.5848%   2.1960%
  [    53500,    54000)       213970    0.7132%   2.9092%
  [    54000,    54500)       261408    0.8714%   3.7806%
  [    54500,    55000)       318033    1.0601%   4.8407%
  [    55000,    55500)       383343    1.2778%   6.1185%
  [    55500,    56000)       457489    1.5250%   7.6435%
  [    56000,    56500)       535892    1.7863%   9.4298%
  [    56500,    57000)       615849    2.0528%  11.4826%
  [    57000,    57500)       691217    2.3041%  13.7867%
  [    57500,    58000)       763283    2.5443%  16.3310%
  [    58000,    58500)       845300    2.8177%  19.1486%
  [    58500,    59000)       916297    3.0543%  22.2029%
  [    59000,    59500)       957162    3.1905%  25.3935%
  [    59500,    60000)       988078    3.2936%  28.6871%
  [    60000,    60500)      1007175    3.3573%  32.0443%
  [    60500,    61000)      1006136    3.3538%  35.3981%
  [    61000,    61500)       990545    3.3018%  38.6999%
  [    61500,    62000)       969865    3.2329%  41.9328%
  [    62000,    62500)       945191    3.1506%  45.0835%
  [    62500,    63000)       874341    2.9145%  47.9979%
  [    63000,    63500)       798555    2.6619%  50.6598%
  [    63500,    64000)       730301    2.4343%  53.0941%
  [    64000,    64500)       661497    2.2050%  55.2991%
  [    64500,    65000)       593313    1.9777%  57.2768%
  [    65000,    65500)       523616    1.7454%  59.0222%
  [    65500,    66000)       463818    1.5461%  60.5683%
  [    66000,    66500)       401261    1.3375%  61.9058%
  [    66500,    67000)       334029    1.1134%  63.0192%
  [    67000,    67500)       279961    0.9332%  63.9524%
  [    67500,    68000)       235218    0.7841%  64.7365%
  [    68000,    68500)       197699    0.6590%  65.3955%
  [    68500,    69000)       167069    0.5569%  65.9524%
  [    69000,    69500)       142506    0.4750%  66.4274%
  [    69500,    70000)       121446    0.4048%  66.8322%
  [    70000,    70500)       104460    0.3482%  67.1804%
  [    70500,    71000)        89120    0.2971%  67.4775%
  [    71000,    71500)        78189    0.2606%  67.7381%
  [    71500,    72000)        67608    0.2254%  67.9635%
  [    72000,    72500)        59199    0.1973%  68.1608%
  [    72500,    73000)        51098    0.1703%  68.3312%
  [    73000,    73500)        43922    0.1464%  68.4776%
  [    73500,    74000)        37554    0.1252%  68.6027%
  [    74000,    74500)        31629    0.1054%  68.7082%
  [    74500,    75000)        26687    0.0890%  68.7971%
  [    75000,    75500)        22203    0.0740%  68.8711%
  [    75500,    76000)        18275    0.0609%  68.9321%
  [    76000,    76500)        14617    0.0487%  68.9808%
  [    76500,    77000)        11947    0.0398%  69.0206%
  [    77000,    77500)         9700    0.0323%  69.0529%
  [    77500,    78000)         7947    0.0265%  69.0794%
  [    78000,    78500)         6200    0.0207%  69.1001%
  [    78500,    79000)         5205    0.0174%  69.1174%
  [    79000,    79500)         4277    0.0143%  69.1317%
  [    79500,    80000)         3457    0.0115%  69.1432%
  [    80000,    80500)         2890    0.0096%  69.1529%
  [    80500,    81000)         2366    0.0079%  69.1607%
  [    81000,    81500)         2127    0.0071%  69.1678%
  [    81500,    82000)         1719    0.0057%  69.1736%
  [    82000,    82500)         1626    0.0054%  69.1790%
  [    82500,    83000)         1404    0.0047%  69.1837%
  [    83000,    83500)         1199    0.0040%  69.1877%
  [    83500,    84000)         1118    0.0037%  69.1914%
  [    84000,    84500)         1030    0.0034%  69.1948%
  [    84500,    85000)          974    0.0032%  69.1981%
  [    85000,    85500)          942    0.0031%  69.2012%
  [    85500,    86000)          814    0.0027%  69.2039%
  [    86000,    86500)          733    0.0024%  69.2064%
  [    86500,    87000)          692    0.0023%  69.2087%
  [    87000,    87500)          687    0.0023%  69.2110%
  [    87500,    88000)          632    0.0021%  69.2131%
  [    88000,    88500)          673    0.0022%  69.2153%
  [    88500,    89000)          595    0.0020%  69.2173%
  [    89000,    89500)          564    0.0019%  69.2192%
  [    89500,    90000)          598    0.0020%  69.2212%
  [    90000,    90500)          574    0.0019%  69.2231%
  [    90500,    91000)          569    0.0019%  69.2250%
  [    91000,    91500)          537    0.0018%  69.2268%
  [    91500,    92000)          538    0.0018%  69.2286%
  [    92000,    92500)          509    0.0017%  69.2303%
  [    92500,    93000)          525    0.0018%  69.2320%
  [    93000,    93500)          531    0.0018%  69.2338%
  [    93500,    94000)          513    0.0017%  69.2355%
  [    94000,    94500)          506    0.0017%  69.2372%
  [    94500,    95000)          511    0.0017%  69.2389%
  [    95000,    95500)          499    0.0017%  69.2405%
  [    95500,    96000)          493    0.0016%  69.2422%
  [    96000,    96500)          527    0.0018%  69.2439%
  [    96500,    97000)          485    0.0016%  69.2456%
  [    97000,    97500)          490    0.0016%  69.2472%
  [    97500,    98000)          497    0.0017%  69.2488%
  [    98000,    98500)          524    0.0017%  69.2506%
  [    98500,    99000)          534    0.0018%  69.2524%
  [    99000,    99500)          509    0.0017%  69.2541%
  [    99500,   100000)          530    0.0018%  69.2558%
  [   100000,   100500)          562    0.0019%  69.2577%
  [   100500,   101000)          542    0.0018%  69.2595%
  [   101000,   101500)          566    0.0019%  69.2614%
  [   101500,   102000)          554    0.0018%  69.2632%
  [   102000,   102500)          540    0.0018%  69.2650%
  [   102500,   103000)          545    0.0018%  69.2669%
  [   103000,   103500)          572    0.0019%  69.2688%
  [   103500,   104000)          533    0.0018%  69.2705%
  [   104000,   104500)          589    0.0020%  69.2725%
  [   104500,   105000)          549    0.0018%  69.2743%
  [   105000,   105500)          564    0.0019%  69.2762%
  [   105500,   106000)          563    0.0019%  69.2781%
  [   106000,   106500)          565    0.0019%  69.2800%
  [   106500,   107000)          573    0.0019%  69.2819%
  [   107000,   107500)          590    0.0020%  69.2839%
  [   107500,   108000)          575    0.0019%  69.2858%
  [   108000,   108500)          565    0.0019%  69.2877%
  [   108500,   109000)          598    0.0020%  69.2896%
  [   109000,   109500)          600    0.0020%  69.2916%
  [   109500,   110000)          637    0.0021%  69.2938%
  [   110000,   110500)          635    0.0021%  69.2959%
  [   110500,   111000)          620    0.0021%  69.2980%
  [   111000,   111500)          638    0.0021%  69.3001%
  [   111500,   112000)          633    0.0021%  69.3022%
  [   112000,   112500)          617    0.0021%  69.3042%
  [   112500,   113000)          610    0.0020%  69.3063%
  [   113000,   113500)          652    0.0022%  69.3085%
  [   113500,   114000)          711    0.0024%  69.3108%
  [   114000,   114500)          653    0.0022%  69.3130%
  [   114500,   115000)          620    0.0021%  69.3151%
  [   115000,   115500)          700    0.0023%  69.3174%
  [   115500,   116000)          632    0.0021%  69.3195%
  [   116000,   116500)          686    0.0023%  69.3218%
  [   116500,   117000)          666    0.0022%  69.3240%
  [   117000,   117500)          654    0.0022%  69.3262%
  [   117500,   118000)          668    0.0022%  69.3284%
  [   118000,   118500)          712    0.0024%  69.3308%
  [   118500,   119000)          644    0.0021%  69.3329%
  [   119000,   119500)          708    0.0024%  69.3353%
  [   119500,   120000)          687    0.0023%  69.3376%
  [   120000,   120500)          697    0.0023%  69.3399%
  [   120500,   121000)          708    0.0024%  69.3423%
  [   121000,   121500)          686    0.0023%  69.3446%
  [   121500,   122000)          718    0.0024%  69.3470%
  [   122000,   122500)          728    0.0024%  69.3494%
  [   122500,   123000)          705    0.0024%  69.3517%
  [   123000,   123500)          698    0.0023%  69.3541%
  [   123500,   124000)          725    0.0024%  69.3565%
  [   124000,   124500)          714    0.0024%  69.3589%
  [   124500,   125000)          694    0.0023%  69.3612%
  [   125000,   125500)          716    0.0024%  69.3636%
  [   125500,   126000)          746    0.0025%  69.3660%
  [   126000,   126500)          695    0.0023%  69.3684%
  [   126500,   127000)          719    0.0024%  69.3708%
  [   127000,   127500)          676    0.0023%  69.3730%
  [   127500,   128000)          676    0.0023%  69.3753%
  [   128000,   128500)          680    0.0023%  69.3775%
  [   128500,   129000)          722    0.0024%  69.3799%
  [   129000,   129500)          716    0.0024%  69.3823%
  [   129500,   130000)          700    0.0023%  69.3847%
  [   130000,   130500)          718    0.0024%  69.3870%
  [   130500,   131000)          706    0.0024%  69.3894%
  [   131000,   131500)          722    0.0024%  69.3918%
  [   131500,   132000)          688    0.0023%  69.3941%
  [   132000,   132500)          710    0.0024%  69.3965%
  [   132500,   133000)          760    0.0025%  69.3990%
  [   133000,   133500)          696    0.0023%  69.4013%
  [   133500,   134000)          713    0.0024%  69.4037%
  [   134000,   134500)          683    0.0023%  69.4060%
  [   134500,   135000)          725    0.0024%  69.4084%
  [   135000,   135500)          706    0.0024%  69.4107%
  [   135500,   136000)          714    0.0024%  69.4131%
  [   136000,   136500)          735    0.0025%  69.4156%
  [   136500,   137000)          683    0.0023%  69.4179%
  [   137000,   137500)          682    0.0023%  69.4201%
  [   137500,   138000)          693    0.0023%  69.4224%
  [   138000,   138500)          667    0.0022%  69.4247%
  [   138500,   139000)          739    0.0025%  69.4271%
  [   139000,   139500)          669    0.0022%  69.4294%
  [   139500,   140000)          680    0.0023%  69.4316%
  [   140000,   140500)          708    0.0024%  69.4340%
  [   140500,   141000)          695    0.0023%  69.4363%
  [   141000,   141500)          679    0.0023%  69.4386%
  [   141500,   142000)          729    0.0024%  69.4410%
  [   142000,   142500)          696    0.0023%  69.4433%
  [   142500,   143000)          722    0.0024%  69.4457%
  [   143000,   143500)          660    0.0022%  69.4479%
  [   143500,   144000)          742    0.0025%  69.4504%
  [   144000,   144500)          720    0.0024%  69.4528%
  [   144500,   145000)          726    0.0024%  69.4552%
  [   145000,   145500)          781    0.0026%  69.4578%
  [   145500,   146000)          745    0.0025%  69.4603%
  [   146000,   146500)          762    0.0025%  69.4628%
  [   146500,   147000)          783    0.0026%  69.4654%
  [   147000,   147500)          735    0.0025%  69.4679%
  [   147500,   148000)          775    0.0026%  69.4705%
  [   148000,   148500)          834    0.0028%  69.4733%
  [   148500,   149000)          760    0.0025%  69.4758%
  [   149000,   149500)          825    0.0028%  69.4785%
  [   149500,   150000)          839    0.0028%  69.4813%
  [   150000,   150500)          768    0.0026%  69.4839%
  [   150500,   151000)          778    0.0026%  69.4865%
  [   151000,   151500)          837    0.0028%  69.4893%
  [   151500,   152000)          845    0.0028%  69.4921%
  [   152000,   152500)          851    0.0028%  69.4949%
  [   152500,   153000)          813    0.0027%  69.4976%
  [   153000,   153500)          898    0.0030%  69.5006%
  [   153500,   154000)          871    0.0029%  69.5035%
  [   154000,   154500)          895    0.0030%  69.5065%
  [   154500,   155000)          913    0.0030%  69.5096%
  [   155000,   155500)          925    0.0031%  69.5127%
  [   155500,   156000)          946    0.0032%  69.5158%
  [   156000,   156500)          977    0.0033%  69.5191%
  [   156500,   157000)          955    0.0032%  69.5222%
  [   157000,   157500)          952    0.0032%  69.5254%
  [   157500,   158000)          971    0.0032%  69.5287%
  [   158000,   158500)          980    0.0033%  69.5319%
  [   158500,   159000)         1056    0.0035%  69.5354%
  [   159000,   159500)         1041    0.0035%  69.5389%
  [   159500,   160000)         1039    0.0035%  69.5424%
  [   160000,   160500)         1117    0.0037%  69.5461%
  [   160500,   161000)         1128    0.0038%  69.5499%
  [   161000,   161500)         1145    0.0038%  69.5537%
  [   161500,   162000)         1147    0.0038%  69.5575%
  [   162000,   162500)         1111    0.0037%  69.5612%
  [   162500,   163000)         1221    0.0041%  69.5653%
  [   163000,   163500)         1191    0.0040%  69.5692%
  [   163500,   164000)         1154    0.0038%  69.5731%
  [   164000,   164500)         1173    0.0039%  69.5770%
  [   164500,   165000)         1185    0.0040%  69.5809%
  [   165000,   165500)         1256    0.0042%  69.5851%
  [   165500,   166000)         1214    0.0040%  69.5892%
  [   166000,   166500)         1213    0.0040%  69.5932%
  [   166500,   167000)         1281    0.0043%  69.5975%
  [   167000,   167500)         1321    0.0044%  69.6019%
  [   167500,   168000)         1325    0.0044%  69.6063%
  [   168000,   168500)         1342    0.0045%  69.6108%
  [   168500,   169000)         1371    0.0046%  69.6154%
  [   169000,   169500)         1399    0.0047%  69.6200%
  [   169500,   170000)         1394    0.0046%  69.6247%
  [   170000,   170500)         1424    0.0047%  69.6294%
  [   170500,   171000)         1476    0.0049%  69.6343%
  [   171000,   171500)         1467    0.0049%  69.6392%
  [   171500,   172000)         1449    0.0048%  69.6441%
  [   172000,   172500)         1517    0.0051%  69.6491%
  [   172500,   173000)         1530    0.0051%  69.6542%
  [   173000,   173500)         1524    0.0051%  69.6593%
  [   173500,   174000)         1564    0.0052%  69.6645%
  [   174000,   174500)         1521    0.0051%  69.6696%
  [   174500,   175000)         1625    0.0054%  69.6750%
  [   175000,   175500)         1602    0.0053%  69.6803%
  [   175500,   176000)         1624    0.0054%  69.6857%
  [   176000,   176500)         1646    0.0055%  69.6912%
  [   176500,   177000)         1748    0.0058%  69.6971%
  [   177000,   177500)         1706    0.0057%  69.7027%
  [   177500,   178000)         1690    0.0056%  69.7084%
  [   178000,   178500)         1736    0.0058%  69.7142%
  [   178500,   179000)         1745    0.0058%  69.7200%
  [   179000,   179500)         1861    0.0062%  69.7262%
  [   179500,   180000)         1876    0.0063%  69.7324%
  [   180000,   180500)         1806    0.0060%  69.7385%
  [   180500,   181000)         1900    0.0063%  69.7448%
  [   181000,   181500)         1855    0.0062%  69.7510%
  [   181500,   182000)         1924    0.0064%  69.7574%
  [   182000,   182500)         1893    0.0063%  69.7637%
  [   182500,   183000)         1923    0.0064%  69.7701%
  [   183000,   183500)         2009    0.0067%  69.7768%
  [   183500,   184000)         2009    0.0067%  69.7835%
  [   184000,   184500)         2040    0.0068%  69.7903%
  [   184500,   185000)         2007    0.0067%  69.7970%
  [   185000,   185500)         2043    0.0068%  69.8038%
  [   185500,   186000)         2047    0.0068%  69.8106%
  [   186000,   186500)         2035    0.0068%  69.8174%
  [   186500,   187000)         2095    0.0070%  69.8244%
  [   187000,   187500)         2020    0.0067%  69.8311%
  [   187500,   188000)         2026    0.0068%  69.8379%
  [   188000,   188500)         2181    0.0073%  69.8451%
  [   188500,   189000)         2066    0.0069%  69.8520%
  [   189000,   189500)         2086    0.0070%  69.8590%
  [   189500,   190000)         2184    0.0073%  69.8663%
  [   190000,   190500)         2236    0.0075%  69.8737%
  [   190500,   191000)         2147    0.0072%  69.8809%
  [   191000,   191500)         2224    0.0074%  69.8883%
  [   191500,   192000)         2199    0.0073%  69.8956%
  [   192000,   192500)         2204    0.0073%  69.9030%
  [   192500,   193000)         2236    0.0075%  69.9104%
  [   193000,   193500)         2228    0.0074%  69.9178%
  [   193500,   194000)         2222    0.0074%  69.9253%
  [   194000,   194500)         2346    0.0078%  69.9331%
  [   194500,   195000)         2347    0.0078%  69.9409%
  [   195000,   195500)         2288    0.0076%  69.9485%
  [   195500,   196000)         2302    0.0077%  69.9562%
  [   196000,   196500)         2422    0.0081%  69.9643%
  [   196500,   197000)         2336    0.0078%  69.9721%
  [   197000,   197500)         2387    0.0080%  69.9800%
  [   197500,   198000)         2326    0.0078%  69.9878%
  [   198000,   198500)         2349    0.0078%  69.9956%
  [   198500,   199000)         2414    0.0080%  70.0036%
  [   199000,   199500)         2312    0.0077%  70.0114%
  [   199500,   200000)         2414    0.0080%  70.0194%
  [   200000,   200500)         2360    0.0079%  70.0273%
  [   200500,   201000)         2446    0.0082%  70.0354%
  [   201000,   201500)         2360    0.0079%  70.0433%
  [   201500,   202000)         2295    0.0077%  70.0509%
  [   202000,   202500)         2391    0.0080%  70.0589%
  [   202500,   203000)         2467    0.0082%  70.0671%
  [   203000,   203500)         2564    0.0085%  70.0757%
  [   203500,   204000)         2530    0.0084%  70.0841%
  [   204000,   204500)         2446    0.0082%  70.0923%
  [   204500,   205000)         2443    0.0081%  70.1004%
  [   205000,   205500)         2373    0.0079%  70.1083%
  [   205500,   206000)         2445    0.0082%  70.1165%
  [   206000,   206500)         2412    0.0080%  70.1245%
  [   206500,   207000)         2428    0.0081%  70.1326%
  [   207000,   207500)         2529    0.0084%  70.1410%
  [   207500,   208000)         2468    0.0082%  70.1493%
  [   208000,   208500)         2532    0.0084%  70.1577%
  [   208500,   209000)         2513    0.0084%  70.1661%
  [   209000,   209500)         2521    0.0084%  70.1745%
  [   209500,   210000)         2425    0.0081%  70.1826%
  [   210000,   210500)         2482    0.0083%  70.1908%
  [   210500,   211000)         2487    0.0083%  70.1991%
  [   211000,   211500)         2395    0.0080%  70.2071%
  [   211500,   212000)         2512    0.0084%  70.2155%
  [   212000,   212500)         2483    0.0083%  70.2238%
  [   212500,   213000)         2505    0.0084%  70.2321%
  [   213000,   213500)         2464    0.0082%  70.2403%
  [   213500,   214000)         2461    0.0082%  70.2485%
  [   214000,   214500)         2456    0.0082%  70.2567%
  [   214500,   215000)         2534    0.0084%  70.2652%
  [   215000,   215500)         2499    0.0083%  70.2735%
  [   215500,   216000)         2509    0.0084%  70.2818%
  [   216000,   216500)         2613    0.0087%  70.2906%
  [   216500,   217000)         2540    0.0085%  70.2990%
  [   217000,   217500)         2533    0.0084%  70.3075%
  [   217500,   218000)         2507    0.0084%  70.3158%
  [   218000,   218500)         2438    0.0081%  70.3240%
  [   218500,   219000)         2544    0.0085%  70.3324%
  [   219000,   219500)         2482    0.0083%  70.3407%
  [   219500,   220000)         2490    0.0083%  70.3490%
  [   220000,   220500)         2490    0.0083%  70.3573%
  [   220500,   221000)         2482    0.0083%  70.3656%
  [   221000,   221500)         2431    0.0081%  70.3737%
  [   221500,   222000)         2523    0.0084%  70.3821%
  [   222000,   222500)         2486    0.0083%  70.3904%
  [   222500,   223000)         2633    0.0088%  70.3992%
  [   223000,   223500)         2540    0.0085%  70.4076%
  [   223500,   224000)         2427    0.0081%  70.4157%
  [   224000,   224500)         2585    0.0086%  70.4243%
  [   224500,   225000)         2479    0.0083%  70.4326%
  [   225000,   225500)         2488    0.0083%  70.4409%
  [   225500,   226000)         2512    0.0084%  70.4493%
  [   226000,   226500)         2379    0.0079%  70.4572%
  [   226500,   227000)         2568    0.0086%  70.4657%
  [   227000,   227500)         2460    0.0082%  70.4739%
  [   227500,   228000)         2615    0.0087%  70.4827%
  [   228000,   228500)         2514    0.0084%  70.4910%
  [   228500,   229000)         2492    0.0083%  70.4994%
  [   229000,   229500)         2494    0.0083%  70.5077%
  [   229500,   230000)         2465    0.0082%  70.5159%
  [   230000,   230500)         2530    0.0084%  70.5243%
  [   230500,   231000)         2369    0.0079%  70.5322%
  [   231000,   231500)         2475    0.0083%  70.5405%
  [   231500,   232000)         2437    0.0081%  70.5486%
  [   232000,   232500)         2482    0.0083%  70.5569%
  [   232500,   233000)         2432    0.0081%  70.5650%
  [   233000,   233500)         2449    0.0082%  70.5731%
  [   233500,   234000)         2504    0.0083%  70.5815%
  [   234000,   234500)         2392    0.0080%  70.5894%
  [   234500,   235000)         2506    0.0084%  70.5978%
  [   235000,   235500)         2499    0.0083%  70.6061%
  [   235500,   236000)         2404    0.0080%  70.6141%
  [   236000,   236500)         2426    0.0081%  70.6222%
  [   236500,   237000)         2522    0.0084%  70.6306%
  [   237000,   237500)         2534    0.0084%  70.6391%
  [   237500,   238000)         2431    0.0081%  70.6472%
  [   238000,   238500)         2458    0.0082%  70.6554%
  [   238500,   239000)         2483    0.0083%  70.6637%
  [   239000,   239500)         2517    0.0084%  70.6720%
  [   239500,   240000)         2498    0.0083%  70.6804%
  [   240000,   240500)         2526    0.0084%  70.6888%
  [   240500,   241000)         2432    0.0081%  70.6969%
  [   241000,   241500)         2569    0.0086%  70.7055%
  [   241500,   242000)         2457    0.0082%  70.7137%
  [   242000,   242500)         2389    0.0080%  70.7216%
  [   242500,   243000)         2468    0.0082%  70.7298%
  [   243000,   243500)         2511    0.0084%  70.7382%
  [   243500,   244000)         2472    0.0082%  70.7465%
  [   244000,   244500)         2438    0.0081%  70.7546%
  [   244500,   245000)         2454    0.0082%  70.7628%
  [   245000,   245500)         2457    0.0082%  70.7710%
  [   245500,   246000)         2481    0.0083%  70.7792%
  [   246000,   246500)         2464    0.0082%  70.7874%
  [   246500,   247000)         2557    0.0085%  70.7960%
  [   247000,   247500)         2537    0.0085%  70.8044%
  [   247500,   248000)         2623    0.0087%  70.8132%
  [   248000,   248500)         2517    0.0084%  70.8215%
  [   248500,   249000)         2468    0.0082%  70.8298%
  [   249000,   249500)         2477    0.0083%  70.8380%
  [   249500,   250000)         2411    0.0080%  70.8461%
  [   250000,   250500)         2459    0.0082%  70.8543%
  [   250500,   251000)         2469    0.0082%  70.8625%
  [   251000,   251500)         2566    0.0086%  70.8710%
  [   251500,   252000)         2406    0.0080%  70.8791%
  [   252000,   252500)         2535    0.0085%  70.8875%
  [   252500,   253000)         2458    0.0082%  70.8957%
  [   253000,   253500)         2427    0.0081%  70.9038%
  [   253500,   254000)         2509    0.0084%  70.9122%
  [   254000,   254500)         2456    0.0082%  70.9204%
  [   254500,   255000)         2498    0.0083%  70.9287%
  [   255000,   255500)         2499    0.0083%  70.9370%
  [   255500,   256000)         2496    0.0083%  70.9453%
  [   256000,   256500)         2508    0.0084%  70.9537%
  [   256500,   257000)         2521    0.0084%  70.9621%
  [   257000,   257500)         2523    0.0084%  70.9705%
  [   257500,   258000)         2454    0.0082%  70.9787%
  [   258000,   258500)         2498    0.0083%  70.9870%
  [   258500,   259000)         2475    0.0083%  70.9953%
  [   259000,   259500)         2575    0.0086%  71.0038%
  [   259500,   260000)         2533    0.0084%  71.0123%
  [   260000,   260500)         2357    0.0079%  71.0201%
  [   260500,   261000)         2410    0.0080%  71.0282%
  [   261000,   261500)         2506    0.0084%  71.0365%
  [   261500,   262000)         2449    0.0082%  71.0447%
  [   262000,   262500)         2481    0.0083%  71.0530%
  [   262500,   263000)         2449    0.0082%  71.0611%
  [   263000,   263500)         2523    0.0084%  71.0695%
  [   263500,   264000)         2610    0.0087%  71.0782%
  [   264000,   264500)         2438    0.0081%  71.0864%
  [   264500,   265000)         2557    0.0085%  71.0949%
  [   265000,   265500)         2451    0.0082%  71.1031%
  [   265500,   266000)         2447    0.0082%  71.1112%
  [   266000,   266500)         2441    0.0081%  71.1193%
  [   266500,   267000)         2465    0.0082%  71.1276%
  [   267000,   267500)         2540    0.0085%  71.1360%
  [   267500,   268000)         2503    0.0083%  71.1444%
  [   268000,   268500)         2475    0.0083%  71.1526%
  [   268500,   269000)         2458    0.0082%  71.1608%
  [   269000,   269500)         2505    0.0084%  71.1692%
  [   269500,   270000)         2426    0.0081%  71.1773%
  [   270000,   270500)         2481    0.0083%  71.1855%
  [   270500,   271000)         2568    0.0086%  71.1941%
  [   271000,   271500)         2405    0.0080%  71.2021%
  [   271500,   272000)         2390    0.0080%  71.2101%
  [   272000,   272500)         2515    0.0084%  71.2185%
  [   272500,   273000)         2482    0.0083%  71.2267%
  [   273000,   273500)         2534    0.0084%  71.2352%
  [   273500,   274000)         2367    0.0079%  71.2431%
  [   274000,   274500)         2395    0.0080%  71.2510%
  [   274500,   275000)         2542    0.0085%  71.2595%
  [   275000,   275500)         2393    0.0080%  71.2675%
  [   275500,   276000)         2528    0.0084%  71.2759%
  [   276000,   276500)         2438    0.0081%  71.2840%
  [   276500,   277000)         2428    0.0081%  71.2921%
  [   277000,   277500)         2367    0.0079%  71.3000%
  [   277500,   278000)         2408    0.0080%  71.3081%
  [   278000,   278500)         2437    0.0081%  71.3162%
  [   278500,   279000)         2403    0.0080%  71.3242%
  [   279000,   279500)         2463    0.0082%  71.3324%
  [   279500,   280000)         2438    0.0081%  71.3405%
  [   280000,   280500)         2364    0.0079%  71.3484%
  [   280500,   281000)         2354    0.0078%  71.3563%
  [   281000,   281500)         2351    0.0078%  71.3641%
  [   281500,   282000)         2417    0.0081%  71.3721%
  [   282000,   282500)         2476    0.0083%  71.3804%
  [   282500,   283000)         2405    0.0080%  71.3884%
  [   283000,   283500)         2446    0.0082%  71.3966%
  [   283500,   284000)         2457    0.0082%  71.4048%
  [   284000,   284500)         2474    0.0082%  71.4130%
  [   284500,   285000)         2366    0.0079%  71.4209%
  [   285000,   285500)         2461    0.0082%  71.4291%
  [   285500,   286000)         2400    0.0080%  71.4371%
  [   286000,   286500)         2370    0.0079%  71.4450%
  [   286500,   287000)         2391    0.0080%  71.4530%
  [   287000,   287500)         2362    0.0079%  71.4608%
  [   287500,   288000)         2268    0.0076%  71.4684%
  [   288000,   288500)         2462    0.0082%  71.4766%
  [   288500,   289000)         2328    0.0078%  71.4844%
  [   289000,   289500)         2368    0.0079%  71.4923%
  [   289500,   290000)         2380    0.0079%  71.5002%
  [   290000,   290500)         2460    0.0082%  71.5084%
  [   290500,   291000)         2367    0.0079%  71.5163%
  [   291000,   291500)         2366    0.0079%  71.5242%
  [   291500,   292000)         2365    0.0079%  71.5321%
  [   292000,   292500)         2434    0.0081%  71.5402%
  [   292500,   293000)         2292    0.0076%  71.5478%
  [   293000,   293500)         2337    0.0078%  71.5556%
  [   293500,   294000)         2379    0.0079%  71.5635%
  [   294000,   294500)         2382    0.0079%  71.5715%
  [   294500,   295000)         2378    0.0079%  71.5794%
  [   295000,   295500)         2355    0.0079%  71.5872%
  [   295500,   296000)         2220    0.0074%  71.5946%
  [   296000,   296500)         2305    0.0077%  71.6023%
  [   296500,   297000)         2362    0.0079%  71.6102%
  [   297000,   297500)         2265    0.0076%  71.6178%
  [   297500,   298000)         2347    0.0078%  71.6256%
  [   298000,   298500)         2276    0.0076%  71.6332%
  [   298500,   299000)         2315    0.0077%  71.6409%
  [   299000,   299500)         2376    0.0079%  71.6488%
  [   299500,   300000)         2333    0.0078%  71.6566%
  [   300000,   300500)         2345    0.0078%  71.6644%
  [   300500,   301000)         2240    0.0075%  71.6719%
  [   301000,   301500)         2331    0.0078%  71.6796%
  [   301500,   302000)         2388    0.0080%  71.6876%
  [   302000,   302500)         2325    0.0078%  71.6953%
  [   302500,   303000)         2213    0.0074%  71.7027%
  [   303000,   303500)         2254    0.0075%  71.7102%
  [   303500,   304000)         2275    0.0076%  71.7178%
  [   304000,   304500)         2226    0.0074%  71.7252%
  [   304500,   305000)         2281    0.0076%  71.7328%
  [   305000,   305500)         2299    0.0077%  71.7405%
  [   305500,   306000)         2330    0.0078%  71.7483%
  [   306000,   306500)         2231    0.0074%  71.7557%
  [   306500,   307000)         2248    0.0075%  71.7632%
  [   307000,   307500)         2259    0.0075%  71.7707%
  [   307500,   308000)         2297    0.0077%  71.7784%
  [   308000,   308500)         2279    0.0076%  71.7860%
  [   308500,   309000)         2259    0.0075%  71.7935%
  [   309000,   309500)         2149    0.0072%  71.8007%
  [   309500,   310000)         2322    0.0077%  71.8084%
  [   310000,   310500)         2242    0.0075%  71.8159%
  [   310500,   311000)         2317    0.0077%  71.8236%
  [   311000,   311500)         2338    0.0078%  71.8314%
  [   311500,   312000)         2294    0.0076%  71.8390%
  [   312000,   312500)         2281    0.0076%  71.8467%
  [   312500,   313000)         2321    0.0077%  71.8544%
  [   313000,   313500)         2274    0.0076%  71.8620%
  [   313500,   314000)         2191    0.0073%  71.8693%
  [   314000,   314500)         2319    0.0077%  71.8770%
  [   314500,   315000)         2230    0.0074%  71.8844%
  [   315000,   315500)         2212    0.0074%  71.8918%
  [   315500,   316000)         2295    0.0077%  71.8995%
  [   316000,   316500)         2220    0.0074%  71.9069%
  [   316500,   317000)         2299    0.0077%  71.9145%
  [   317000,   317500)         2253    0.0075%  71.9220%
  [   317500,   318000)         2204    0.0073%  71.9294%
  [   318000,   318500)         2275    0.0076%  71.9370%
  [   318500,   319000)         2256    0.0075%  71.9445%
  [   319000,   319500)         2367    0.0079%  71.9524%
  [   319500,   320000)         2343    0.0078%  71.9602%
  [   320000,   320500)         2263    0.0075%  71.9677%
  [   320500,   321000)         2276    0.0076%  71.9753%
  [   321000,   321500)         2313    0.0077%  71.9830%
  [   321500,   322000)         2319    0.0077%  71.9908%
  [   322000,   322500)         2226    0.0074%  71.9982%
  [   322500,   323000)         2304    0.0077%  72.0059%
  [   323000,   323500)         2261    0.0075%  72.0134%
  [   323500,   324000)         2309    0.0077%  72.0211%
  [   324000,   324500)         2265    0.0076%  72.0286%
  [   324500,   325000)         2219    0.0074%  72.0360%
  [   325000,   325500)         2243    0.0075%  72.0435%
  [   325500,   326000)         2179    0.0073%  72.0508%
  [   326000,   326500)         2273    0.0076%  72.0583%
  [   326500,   327000)         2306    0.0077%  72.0660%
  [   327000,   327500)         2249    0.0075%  72.0735%
  [   327500,   328000)         2198    0.0073%  72.0809%
  [   328000,   328500)         2263    0.0075%  72.0884%
  [   328500,   329000)         2236    0.0075%  72.0959%
  [   329000,   329500)         2270    0.0076%  72.1034%
  [   329500,   330000)         2284    0.0076%  72.1110%
  [   330000,   330500)         2206    0.0074%  72.1184%
  [   330500,   331000)         2160    0.0072%  72.1256%
  [   331000,   331500)         2249    0.0075%  72.1331%
  [   331500,   332000)         2272    0.0076%  72.1407%
  [   332000,   332500)         2248    0.0075%  72.1482%
  [   332500,   333000)         2141    0.0071%  72.1553%
  [   333000,   333500)         2288    0.0076%  72.1629%
  [   333500,   334000)         2240    0.0075%  72.1704%
  [   334000,   334500)         2150    0.0072%  72.1775%
  [   334500,   335000)         2231    0.0074%  72.1850%
  [   335000,   335500)         2274    0.0076%  72.1926%
  [   335500,   336000)         2136    0.0071%  72.1997%
  [   336000,   336500)         2225    0.0074%  72.2071%
  [   336500,   337000)         2190    0.0073%  72.2144%
  [   337000,   337500)         2266    0.0076%  72.2220%
  [   337500,   338000)         2216    0.0074%  72.2293%
  [   338000,   338500)         2209    0.0074%  72.2367%
  [   338500,   339000)         2230    0.0074%  72.2441%
  [   339000,   339500)         2235    0.0075%  72.2516%
  [   339500,   340000)         2109    0.0070%  72.2586%
  [   340000,   340500)         2228    0.0074%  72.2660%
  [   340500,   341000)         2138    0.0071%  72.2732%
  [   341000,   341500)         2242    0.0075%  72.2806%
  [   341500,   342000)         2215    0.0074%  72.2880%
  [   342000,   342500)         2183    0.0073%  72.2953%
  [   342500,   343000)         2199    0.0073%  72.3026%
  [   343000,   343500)         2212    0.0074%  72.3100%
  [   343500,   344000)         2119    0.0071%  72.3171%
  [   344000,   344500)         2198    0.0073%  72.3244%
  [   344500,   345000)         2176    0.0073%  72.3317%
  [   345000,   345500)         2142    0.0071%  72.3388%
  [   345500,   346000)         2189    0.0073%  72.3461%
  [   346000,   346500)         2278    0.0076%  72.3537%
  [   346500,   347000)         2186    0.0073%  72.3610%
  [   347000,   347500)         2091    0.0070%  72.3679%
  [   347500,   348000)         2114    0.0070%  72.3750%
  [   348000,   348500)         2268    0.0076%  72.3825%
  [   348500,   349000)         2140    0.0071%  72.3897%
  [   349000,   349500)         2191    0.0073%  72.3970%
  [   349500,   350000)         2199    0.0073%  72.4043%
  [   350000,   350500)         2235    0.0075%  72.4118%
  [   350500,   351000)         2229    0.0074%  72.4192%
  [   351000,   351500)         2150    0.0072%  72.4264%
  [   351500,   352000)         2166    0.0072%  72.4336%
  [   352000,   352500)         2163    0.0072%  72.4408%
  [   352500,   353000)         2177    0.0073%  72.4480%
  [   353000,   353500)         2266    0.0076%  72.4556%
  [   353500,   354000)         2209    0.0074%  72.4630%
  [   354000,   354500)         2192    0.0073%  72.4703%
  [   354500,   355000)         2221    0.0074%  72.4777%
  [   355000,   355500)         2165    0.0072%  72.4849%
  [   355500,   356000)         2058    0.0069%  72.4917%
  [   356000,   356500)         2155    0.0072%  72.4989%
  [   356500,   357000)         2188    0.0073%  72.5062%
  [   357000,   357500)         2193    0.0073%  72.5135%
  [   357500,   358000)         2184    0.0073%  72.5208%
  [   358000,   358500)         2180    0.0073%  72.5281%
  [   358500,   359000)         2170    0.0072%  72.5353%
  [   359000,   359500)         2147    0.0072%  72.5425%
  [   359500,   360000)         2166    0.0072%  72.5497%
  [   360000,   360500)         2154    0.0072%  72.5569%
  [   360500,   361000)         2131    0.0071%  72.5640%
  [   361000,   361500)         2091    0.0070%  72.5709%
  [   361500,   362000)         2151    0.0072%  72.5781%
  [   362000,   362500)         2215    0.0074%  72.5855%
  [   362500,   363000)         2135    0.0071%  72.5926%
  [   363000,   363500)         2118    0.0071%  72.5997%
  [   363500,   364000)         2218    0.0074%  72.6071%
  [   364000,   364500)         2184    0.0073%  72.6143%
  [   364500,   365000)         2202    0.0073%  72.6217%
  [   365000,   365500)         2190    0.0073%  72.6290%
  [   365500,   366000)         2105    0.0070%  72.6360%
  [   366000,   366500)         2050    0.0068%  72.6428%
  [   366500,   367000)         2114    0.0070%  72.6499%
  [   367000,   367500)         2087    0.0070%  72.6568%
  [   367500,   368000)         2145    0.0072%  72.6640%
  [   368000,   368500)         2029    0.0068%  72.6708%
  [   368500,   369000)         2213    0.0074%  72.6781%
  [   369000,   369500)         1991    0.0066%  72.6848%
  [   369500,   370000)         2129    0.0071%  72.6919%
  [   370000,   370500)         2058    0.0069%  72.6987%
  [   370500,   371000)         2000    0.0067%  72.7054%
  [   371000,   371500)         2091    0.0070%  72.7124%
  [   371500,   372000)         2051    0.0068%  72.7192%
  [   372000,   372500)         2149    0.0072%  72.7264%
  [   372500,   373000)         2064    0.0069%  72.7332%
  [   373000,   373500)         2027    0.0068%  72.7400%
  [   373500,   374000)         2059    0.0069%  72.7469%
  [   374000,   374500)         2002    0.0067%  72.7535%
  [   374500,   375000)         2112    0.0070%  72.7606%
  [   375000,   375500)         2037    0.0068%  72.7674%
  [   375500,   376000)         2029    0.0068%  72.7741%
  [   376000,   376500)         2145    0.0072%  72.7813%
  [   376500,   377000)         2106    0.0070%  72.7883%
  [   377000,   377500)         2072    0.0069%  72.7952%
  [   377500,   378000)         2115    0.0071%  72.8023%
  [   378000,   378500)         2164    0.0072%  72.8095%
  [   378500,   379000)         2072    0.0069%  72.8164%
  [   379000,   379500)         2051    0.0068%  72.8232%
  [   379500,   380000)         2113    0.0070%  72.8303%
  [   380000,   380500)         2028    0.0068%  72.8370%
  [   380500,   381000)         2145    0.0072%  72.8442%
  [   381000,   381500)         2025    0.0068%  72.8509%
  [   381500,   382000)         2053    0.0068%  72.8578%
  [   382000,   382500)         2116    0.0071%  72.8648%
  [   382500,   383000)         2101    0.0070%  72.8718%
  [   383000,   383500)         2067    0.0069%  72.8787%
  [   383500,   384000)         2117    0.0071%  72.8858%
  [   384000,   384500)         2065    0.0069%  72.8926%
  [   384500,   385000)         1984    0.0066%  72.8993%
  [   385000,   385500)         1985    0.0066%  72.9059%
  [   385500,   386000)         2072    0.0069%  72.9128%
  [   386000,   386500)         2046    0.0068%  72.9196%
  [   386500,   387000)         2078    0.0069%  72.9265%
  [   387000,   387500)         2074    0.0069%  72.9334%
  [   387500,   388000)         2094    0.0070%  72.9404%
  [   388000,   388500)         2039    0.0068%  72.9472%
  [   388500,   389000)         2047    0.0068%  72.9540%
  [   389000,   389500)         2125    0.0071%  72.9611%
  [   389500,   390000)         2101    0.0070%  72.9681%
  [   390000,   390500)         1992    0.0066%  72.9748%
  [   390500,   391000)         2046    0.0068%  72.9816%
  [   391000,   391500)         1983    0.0066%  72.9882%
  [   391500,   392000)         2068    0.0069%  72.9951%
  [   392000,   392500)         2045    0.0068%  73.0019%
  [   392500,   393000)         2047    0.0068%  73.0087%
  [   393000,   393500)         2069    0.0069%  73.0156%
  [   393500,   394000)         2072    0.0069%  73.0225%
  [   394000,   394500)         1951    0.0065%  73.0290%
  [   394500,   395000)         2059    0.0069%  73.0359%
  [   395000,   395500)         2035    0.0068%  73.0427%
  [   395500,   396000)         2027    0.0068%  73.0494%
  [   396000,   396500)         2068    0.0069%  73.0563%
  [   396500,   397000)         2002    0.0067%  73.0630%
  [   397000,   397500)         2022    0.0067%  73.0697%
  [   397500,   398000)         2040    0.0068%  73.0765%
  [   398000,   398500)         1996    0.0067%  73.0832%
  [   398500,   399000)         2066    0.0069%  73.0901%
  [   399000,   399500)         2008    0.0067%  73.0968%
  [   399500,   400000)         2068    0.0069%  73.1037%
  [   400000,   400500)         1978    0.0066%  73.1103%
  [   400500,   401000)         1976    0.0066%  73.1169%
  [   401000,   401500)         1953    0.0065%  73.1234%
  [   401500,   402000)         1967    0.0066%  73.1299%
  [   402000,   402500)         1982    0.0066%  73.1365%
  [   402500,   403000)         2027    0.0068%  73.1433%
  [   403000,   403500)         1981    0.0066%  73.1499%
  [   403500,   404000)         1974    0.0066%  73.1565%
  [   404000,   404500)         2002    0.0067%  73.1631%
  [   404500,   405000)         1996    0.0067%  73.1698%
  [   405000,   405500)         2018    0.0067%  73.1765%
  [   405500,   406000)         2049    0.0068%  73.1834%
  [   406000,   406500)         1969    0.0066%  73.1899%
  [   406500,   407000)         1973    0.0066%  73.1965%
  [   407000,   407500)         1981    0.0066%  73.2031%
  [   407500,   408000)         1990    0.0066%  73.2097%
  [   408000,   408500)         1998    0.0067%  73.2164%
  [   408500,   409000)         2001    0.0067%  73.2231%
  [   409000,   409500)         1983    0.0066%  73.2297%
  [   409500,   410000)         2004    0.0067%  73.2363%
  [   410000,   410500)         1977    0.0066%  73.2429%
  [   410500,   411000)         1991    0.0066%  73.2496%
  [   411000,   411500)         1956    0.0065%  73.2561%
  [   411500,   412000)         2007    0.0067%  73.2628%
  [   412000,   412500)         2098    0.0070%  73.2698%
  [   412500,   413000)         1942    0.0065%  73.2763%
  [   413000,   413500)         1912    0.0064%  73.2826%
  [   413500,   414000)         1966    0.0066%  73.2892%
  [   414000,   414500)         1945    0.0065%  73.2957%
  [   414500,   415000)         1943    0.0065%  73.3021%
  [   415000,   415500)         1954    0.0065%  73.3087%
  [   415500,   416000)         2002    0.0067%  73.3153%
  [   416000,   416500)         1990    0.0066%  73.3220%
  [   416500,   417000)         1930    0.0064%  73.3284%
  [   417000,   417500)         1952    0.0065%  73.3349%
  [   417500,   418000)         1946    0.0065%  73.3414%
  [   418000,   418500)         1990    0.0066%  73.3480%
  [   418500,   419000)         1991    0.0066%  73.3547%
  [   419000,   419500)         1923    0.0064%  73.3611%
  [   419500,   420000)         1997    0.0067%  73.3677%
  [   420000,   420500)         1914    0.0064%  73.3741%
  [   420500,   421000)         1975    0.0066%  73.3807%
  [   421000,   421500)         1927    0.0064%  73.3871%
  [   421500,   422000)         1949    0.0065%  73.3936%
  [   422000,   422500)         1961    0.0065%  73.4001%
  [   422500,   423000)         1959    0.0065%  73.4067%
  [   423000,   423500)         1956    0.0065%  73.4132%
  [   423500,   424000)         1836    0.0061%  73.4193%
  [   424000,   424500)         1933    0.0064%  73.4258%
  [   424500,   425000)         1963    0.0065%  73.4323%
  [   425000,   425500)         1930    0.0064%  73.4387%
  [   425500,   426000)         1889    0.0063%  73.4450%
  [   426000,   426500)         1978    0.0066%  73.4516%
  [   426500,   427000)         1913    0.0064%  73.4580%
  [   427000,   427500)         1894    0.0063%  73.4643%
  [   427500,   428000)         1937    0.0065%  73.4708%
  [   428000,   428500)         1966    0.0066%  73.4773%
  [   428500,   429000)         1931    0.0064%  73.4838%
  [   429000,   429500)         1888    0.0063%  73.4901%
  [   429500,   430000)         1974    0.0066%  73.4966%
  [   430000,   430500)         1817    0.0061%  73.5027%
  [   430500,   431000)         1906    0.0064%  73.5090%
  [   431000,   431500)         1950    0.0065%  73.5155%
  [   431500,   432000)         2065    0.0069%  73.5224%
  [   432000,   432500)         1879    0.0063%  73.5287%
  [   432500,   433000)         1912    0.0064%  73.5351%
  [   433000,   433500)         1866    0.0062%  73.5413%
  [   433500,   434000)         1807    0.0060%  73.5473%
  [   434000,   434500)         1964    0.0065%  73.5539%
  [   434500,   435000)         1861    0.0062%  73.5601%
  [   435000,   435500)         1915    0.0064%  73.5664%
  [   435500,   436000)         1906    0.0064%  73.5728%
  [   436000,   436500)         1901    0.0063%  73.5791%
  [   436500,   437000)         1915    0.0064%  73.5855%
  [   437000,   437500)         1928    0.0064%  73.5919%
  [   437500,   438000)         1873    0.0062%  73.5982%
  [   438000,   438500)         1896    0.0063%  73.6045%
  [   438500,   439000)         1850    0.0062%  73.6107%
  [   439000,   439500)         1863    0.0062%  73.6169%
  [   439500,   440000)         1940    0.0065%  73.6233%
  [   440000,   440500)         1899    0.0063%  73.6297%
  [   440500,   441000)         1871    0.0062%  73.6359%
  [   441000,   441500)         1829    0.0061%  73.6420%
  [   441500,   442000)         1876    0.0063%  73.6483%
  [   442000,   442500)         1883    0.0063%  73.6545%
  [   442500,   443000)         1890    0.0063%  73.6608%
  [   443000,   443500)         1935    0.0065%  73.6673%
  [   443500,   444000)         1875    0.0063%  73.6735%
  [   444000,   444500)         1795    0.0060%  73.6795%
  [   444500,   445000)         1890    0.0063%  73.6858%
  [   445000,   445500)         1833    0.0061%  73.6919%
  [   445500,   446000)         1808    0.0060%  73.6980%
  [   446000,   446500)         1841    0.0061%  73.7041%
  [   446500,   447000)         1861    0.0062%  73.7103%
  [   447000,   447500)         1845    0.0062%  73.7164%
  [   447500,   448000)         1869    0.0062%  73.7227%
  [   448000,   448500)         1847    0.0062%  73.7288%
  [   448500,   449000)         1763    0.0059%  73.7347%
  [   449000,   449500)         1878    0.0063%  73.7410%
  [   449500,   450000)         1909    0.0064%  73.7473%
  [   450000,   450500)         1860    0.0062%  73.7535%
  [   450500,   451000)         1925    0.0064%  73.7600%
  [   451000,   451500)         1849    0.0062%  73.7661%
  [   451500,   452000)         1780    0.0059%  73.7720%
  [   452000,   452500)         1807    0.0060%  73.7781%
  [   452500,   453000)         1887    0.0063%  73.7844%
  [   453000,   453500)         1819    0.0061%  73.7904%
  [   453500,   454000)         1844    0.0061%  73.7966%
  [   454000,   454500)         1830    0.0061%  73.8027%
  [   454500,   455000)         1846    0.0062%  73.8088%
  [   455000,   455500)         1895    0.0063%  73.8151%
  [   455500,   456000)         1768    0.0059%  73.8210%
  [   456000,   456500)         1856    0.0062%  73.8272%
  [   456500,   457000)         1790    0.0060%  73.8332%
  [   457000,   457500)         1803    0.0060%  73.8392%
  [   457500,   458000)         1847    0.0062%  73.8454%
  [   458000,   458500)         1811    0.0060%  73.8514%
  [   458500,   459000)         1887    0.0063%  73.8577%
  [   459000,   459500)         1807    0.0060%  73.8637%
  [   459500,   460000)         1850    0.0062%  73.8699%
  [   460000,   460500)         1785    0.0060%  73.8758%
  [   460500,   461000)         1769    0.0059%  73.8817%
  [   461000,   461500)         1775    0.0059%  73.8876%
  [   461500,   462000)         1735    0.0058%  73.8934%
  [   462000,   462500)         1830    0.0061%  73.8995%
  [   462500,   463000)         1831    0.0061%  73.9056%
  [   463000,   463500)         1768    0.0059%  73.9115%
  [   463500,   464000)         1799    0.0060%  73.9175%
  [   464000,   464500)         1830    0.0061%  73.9236%
  [   464500,   465000)         1858    0.0062%  73.9298%
  [   465000,   465500)         1785    0.0060%  73.9358%
  [   465500,   466000)         1809    0.0060%  73.9418%
  [   466000,   466500)         1863    0.0062%  73.9480%
  [   466500,   467000)         1728    0.0058%  73.9538%
  [   467000,   467500)         1792    0.0060%  73.9597%
  [   467500,   468000)         1685    0.0056%  73.9653%
  [   468000,   468500)         1852    0.0062%  73.9715%
  [   468500,   469000)         1811    0.0060%  73.9776%
  [   469000,   469500)         1822    0.0061%  73.9836%
  [   469500,   470000)         1777    0.0059%  73.9896%
  [   470000,   470500)         1865    0.0062%  73.9958%
  [   470500,   471000)         1732    0.0058%  74.0015%
  [   471000,   471500)         1728    0.0058%  74.0073%
  [   471500,   472000)         1824    0.0061%  74.0134%
  [   472000,   472500)         1735    0.0058%  74.0192%
  [   472500,   473000)         1802    0.0060%  74.0252%
  [   473000,   473500)         1688    0.0056%  74.0308%
  [   473500,   474000)         1742    0.0058%  74.0366%
  [   474000,   474500)         1759    0.0059%  74.0425%
  [   474500,   475000)         1786    0.0060%  74.0484%
  [   475000,   475500)         1754    0.0058%  74.0543%
  [   475500,   476000)         1812    0.0060%  74.0603%
  [   476000,   476500)         1757    0.0059%  74.0662%
  [   476500,   477000)         1681    0.0056%  74.0718%
  [   477000,   477500)         1785    0.0060%  74.0777%
  [   477500,   478000)         1712    0.0057%  74.0834%
  [   478000,   478500)         1731    0.0058%  74.0892%
  [   478500,   479000)         1755    0.0059%  74.0950%
  [   479000,   479500)         1725    0.0058%  74.1008%
  [   479500,   480000)         1747    0.0058%  74.1066%
  [   480000,   480500)         1727    0.0058%  74.1124%
  [   480500,   481000)         1742    0.0058%  74.1182%
  [   481000,   481500)         1754    0.0058%  74.1240%
  [   481500,   482000)         1775    0.0059%  74.1299%
  [   482000,   482500)         1784    0.0059%  74.1359%
  [   482500,   483000)         1733    0.0058%  74.1417%
  [   483000,   483500)         1787    0.0060%  74.1476%
  [   483500,   484000)         1706    0.0057%  74.1533%
  [   484000,   484500)         1715    0.0057%  74.1590%
  [   484500,   485000)         1733    0.0058%  74.1648%
  [   485000,   485500)         1746    0.0058%  74.1706%
  [   485500,   486000)         1768    0.0059%  74.1765%
  [   486000,   486500)         1749    0.0058%  74.1823%
  [   486500,   487000)         1789    0.0060%  74.1883%
  [   487000,   487500)         1720    0.0057%  74.1940%
  [   487500,   488000)         1749    0.0058%  74.1999%
  [   488000,   488500)         1709    0.0057%  74.2056%
  [   488500,   489000)         1697    0.0057%  74.2112%
  [   489000,   489500)         1741    0.0058%  74.2170%
  [   489500,   490000)         1678    0.0056%  74.2226%
  [   490000,   490500)         1670    0.0056%  74.2282%
  [   490500,   491000)         1705    0.0057%  74.2339%
  [   491000,   491500)         1708    0.0057%  74.2396%
  [   491500,   492000)         1742    0.0058%  74.2454%
  [   492000,   492500)         1684    0.0056%  74.2510%
  [   492500,   493000)         1741    0.0058%  74.2568%
  [   493000,   493500)         1650    0.0055%  74.2623%
  [   493500,   494000)         1795    0.0060%  74.2683%
  [   494000,   494500)         1709    0.0057%  74.2740%
  [   494500,   495000)         1757    0.0059%  74.2798%
  [   495000,   495500)         1670    0.0056%  74.2854%
  [   495500,   496000)         1719    0.0057%  74.2911%
  [   496000,   496500)         1676    0.0056%  74.2967%
  [   496500,   497000)         1723    0.0057%  74.3025%
  [   497000,   497500)         1680    0.0056%  74.3081%
  [   497500,   498000)         1741    0.0058%  74.3139%
  [   498000,   498500)         1671    0.0056%  74.3194%
  [   498500,   499000)         1714    0.0057%  74.3251%
  [   499000,   499500)         1667    0.0056%  74.3307%
  [   499500,   500000)         1722    0.0057%  74.3364%
  [   500000,   500500)         1656    0.0055%  74.3420%
  [   500500,   501000)         1744    0.0058%  74.3478%
  [   501000,   501500)         1699    0.0057%  74.3534%
  [   501500,   502000)         1713    0.0057%  74.3591%
  [   502000,   502500)         1678    0.0056%  74.3647%
  [   502500,   503000)         1776    0.0059%  74.3707%
  [   503000,   503500)         1661    0.0055%  74.3762%
  [   503500,   504000)         1623    0.0054%  74.3816%
  [   504000,   504500)         1639    0.0055%  74.3871%
  [   504500,   505000)         1697    0.0057%  74.3927%
  [   505000,   505500)         1690    0.0056%  74.3984%
  [   505500,   506000)         1657    0.0055%  74.4039%
  [   506000,   506500)         1640    0.0055%  74.4093%
  [   506500,   507000)         1602    0.0053%  74.4147%
  [   507000,   507500)         1714    0.0057%  74.4204%
  [   507500,   508000)         1694    0.0056%  74.4260%
  [   508000,   508500)         1623    0.0054%  74.4315%
  [   508500,   509000)         1553    0.0052%  74.4366%
  [   509000,   509500)         1619    0.0054%  74.4420%
  [   509500,   510000)         1664    0.0055%  74.4476%
  [   510000,   510500)         1644    0.0055%  74.4531%
  [   510500,   511000)         1622    0.0054%  74.4585%
  [   511000,   511500)         1616    0.0054%  74.4639%
  [   511500,   512000)         1678    0.0056%  74.4694%
  [   512000,   512500)         1664    0.0055%  74.4750%
  [   512500,   513000)         1666    0.0056%  74.4805%
  [   513000,   513500)         1711    0.0057%  74.4862%
  [   513500,   514000)         1610    0.0054%  74.4916%
  [   514000,   514500)         1608    0.0054%  74.4970%
  [   514500,   515000)         1731    0.0058%  74.5027%
  [   515000,   515500)         1621    0.0054%  74.5081%
  [   515500,   516000)         1644    0.0055%  74.5136%
  [   516000,   516500)         1593    0.0053%  74.5189%
  [   516500,   517000)         1647    0.0055%  74.5244%
  [   517000,   517500)         1672    0.0056%  74.5300%
  [   517500,   518000)         1699    0.0057%  74.5357%
  [   518000,   518500)         1676    0.0056%  74.5413%
  [   518500,   519000)         1608    0.0054%  74.5466%
  [   519000,   519500)         1660    0.0055%  74.5521%
  [   519500,   520000)         1651    0.0055%  74.5576%
  [   520000,   520500)         1663    0.0055%  74.5632%
  [   520500,   521000)         1726    0.0058%  74.5689%
  [   521000,   521500)         1650    0.0055%  74.5744%
  [   521500,   522000)         1630    0.0054%  74.5799%
  [   522000,   522500)         1695    0.0057%  74.5855%
  [   522500,   523000)         1669    0.0056%  74.5911%
  [   523000,   523500)         1620    0.0054%  74.5965%
  [   523500,   524000)         1615    0.0054%  74.6019%
  [   524000,   524500)         1610    0.0054%  74.6072%
  [   524500,   525000)         1649    0.0055%  74.6127%
  [   525000,   525500)         1627    0.0054%  74.6182%
  [   525500,   526000)         1638    0.0055%  74.6236%
  [   526000,   526500)         1602    0.0053%  74.6290%
  [   526500,   527000)         1602    0.0053%  74.6343%
  [   527000,   527500)         1657    0.0055%  74.6398%
  [   527500,   528000)         1611    0.0054%  74.6452%
  [   528000,   528500)         1631    0.0054%  74.6506%
  [   528500,   529000)         1568    0.0052%  74.6559%
  [   529000,   529500)         1622    0.0054%  74.6613%
  [   529500,   530000)         1527    0.0051%  74.6664%
  [   530000,   530500)         1619    0.0054%  74.6718%
  [   530500,   531000)         1576    0.0053%  74.6770%
  [   531000,   531500)         1643    0.0055%  74.6825%
  [   531500,   532000)         1593    0.0053%  74.6878%
  [   532000,   532500)         1630    0.0054%  74.6932%
  [   532500,   533000)         1659    0.0055%  74.6988%
  [   533000,   533500)         1634    0.0054%  74.7042%
  [   533500,   534000)         1574    0.0052%  74.7094%
  [   534000,   534500)         1570    0.0052%  74.7147%
  [   534500,   535000)         1592    0.0053%  74.7200%
  [   535000,   535500)         1621    0.0054%  74.7254%
  [   535500,   536000)         1590    0.0053%  74.7307%
  [   536000,   536500)         1653    0.0055%  74.7362%
  [   536500,   537000)         1650    0.0055%  74.7417%
  [   537000,   537500)         1623    0.0054%  74.7471%
  [   537500,   538000)         1676    0.0056%  74.7527%
  [   538000,   538500)         1508    0.0050%  74.7577%
  [   538500,   539000)         1632    0.0054%  74.7632%
  [   539000,   539500)         1597    0.0053%  74.7685%
  [   539500,   540000)         1596    0.0053%  74.7738%
  [   540000,   540500)         1598    0.0053%  74.7791%
  [   540500,   541000)         1584    0.0053%  74.7844%
  [   541000,   541500)         1657    0.0055%  74.7899%
  [   541500,   542000)         1601    0.0053%  74.7953%
  [   542000,   542500)         1594    0.0053%  74.8006%
  [   542500,   543000)         1582    0.0053%  74.8059%
  [   543000,   543500)         1574    0.0052%  74.8111%
  [   543500,   544000)         1624    0.0054%  74.8165%
  [   544000,   544500)         1670    0.0056%  74.8221%
  [   544500,   545000)         1594    0.0053%  74.8274%
  [   545000,   545500)         1557    0.0052%  74.8326%
  [   545500,   546000)         1571    0.0052%  74.8378%
  [   546000,   546500)         1581    0.0053%  74.8431%
  [   546500,   547000)         1549    0.0052%  74.8483%
  [   547000,   547500)         1582    0.0053%  74.8535%
  [   547500,   548000)         1598    0.0053%  74.8589%
  [   548000,   548500)         1646    0.0055%  74.8643%
  [   548500,   549000)         1608    0.0054%  74.8697%
  [   549000,   549500)         1560    0.0052%  74.8749%
  [   549500,   550000)         1606    0.0054%  74.8803%
  [   550000,   550500)         1615    0.0054%  74.8856%
  [   550500,   551000)         1656    0.0055%  74.8912%
  [   551000,   551500)         1528    0.0051%  74.8963%
  [   551500,   552000)         1670    0.0056%  74.9018%
  [   552000,   552500)         1663    0.0055%  74.9074%
  [   552500,   553000)         1578    0.0053%  74.9126%
  [   553000,   553500)         1621    0.0054%  74.9180%
  [   553500,   554000)         1544    0.0051%  74.9232%
  [   554000,   554500)         1474    0.0049%  74.9281%
  [   554500,   555000)         1538    0.0051%  74.9332%
  [   555000,   555500)         1558    0.0052%  74.9384%
  [   555500,   556000)         1585    0.0053%  74.9437%
  [   556000,   556500)         1537    0.0051%  74.9488%
  [   556500,   557000)         1584    0.0053%  74.9541%
  [   557000,   557500)         1535    0.0051%  74.9592%
  [   557500,   558000)         1621    0.0054%  74.9646%
  [   558000,   558500)         1567    0.0052%  74.9698%
  [   558500,   559000)         1491    0.0050%  74.9748%
  [   559000,   559500)         1573    0.0052%  74.9801%
  [   559500,   560000)         1533    0.0051%  74.9852%
  [   560000,   560500)         1603    0.0053%  74.9905%
  [   560500,   561000)         1565    0.0052%  74.9957%
  [   561000,   561500)         1549    0.0052%  75.0009%
  [   561500,   562000)         1568    0.0052%  75.0061%
  [   562000,   562500)         1661    0.0055%  75.0117%
  [   562500,   563000)         1550    0.0052%  75.0168%
  [   563000,   563500)         1545    0.0052%  75.0220%
  [   563500,   564000)         1565    0.0052%  75.0272%
  [   564000,   564500)         1572    0.0052%  75.0324%
  [   564500,   565000)         1591    0.0053%  75.0377%
  [   565000,   565500)         1582    0.0053%  75.0430%
  [   565500,   566000)         1603    0.0053%  75.0483%
  [   566000,   566500)         1500    0.0050%  75.0533%
  [   566500,   567000)         1494    0.0050%  75.0583%
  [   567000,   567500)         1502    0.0050%  75.0633%
  [   567500,   568000)         1598    0.0053%  75.0687%
  [   568000,   568500)         1523    0.0051%  75.0737%
  [   568500,   569000)         1535    0.0051%  75.0789%
  [   569000,   569500)         1600    0.0053%  75.0842%
  [   569500,   570000)         1603    0.0053%  75.0895%
  [   570000,   570500)         1558    0.0052%  75.0947%
  [   570500,   571000)         1605    0.0054%  75.1001%
  [   571000,   571500)         1564    0.0052%  75.1053%
  [   571500,   572000)         1580    0.0053%  75.1106%
  [   572000,   572500)         1531    0.0051%  75.1157%
  [   572500,   573000)         1516    0.0051%  75.1207%
  [   573000,   573500)         1549    0.0052%  75.1259%
  [   573500,   574000)         1587    0.0053%  75.1312%
  [   574000,   574500)         1561    0.0052%  75.1364%
  [   574500,   575000)         1611    0.0054%  75.1417%
  [   575000,   575500)         1554    0.0052%  75.1469%
  [   575500,   576000)         1553    0.0052%  75.1521%
  [   576000,   576500)         1509    0.0050%  75.1571%
  [   576500,   577000)         1562    0.0052%  75.1623%
  [   577000,   577500)         1584    0.0053%  75.1676%
  [   577500,   578000)         1613    0.0054%  75.1730%
  [   578000,   578500)         1532    0.0051%  75.1781%
  [   578500,   579000)         1597    0.0053%  75.1834%
  [   579000,   579500)         1592    0.0053%  75.1887%
  [   579500,   580000)         1527    0.0051%  75.1938%
  [   580000,   580500)         1538    0.0051%  75.1989%
  [   580500,   581000)         1500    0.0050%  75.2039%
  [   581000,   581500)         1592    0.0053%  75.2092%
  [   581500,   582000)         1572    0.0052%  75.2145%
  [   582000,   582500)         1560    0.0052%  75.2197%
  [   582500,   583000)         1524    0.0051%  75.2248%
  [   583000,   583500)         1600    0.0053%  75.2301%
  [   583500,   584000)         1600    0.0053%  75.2354%
  [   584000,   584500)         1602    0.0053%  75.2408%
  [   584500,   585000)         1532    0.0051%  75.2459%
  [   585000,   585500)         1525    0.0051%  75.2510%
  [   585500,   586000)         1582    0.0053%  75.2562%
  [   586000,   586500)         1505    0.0050%  75.2613%
  [   586500,   587000)         1537    0.0051%  75.2664%
  [   587000,   587500)         1538    0.0051%  75.2715%
  [   587500,   588000)         1587    0.0053%  75.2768%
  [   588000,   588500)         1583    0.0053%  75.2821%
  [   588500,   589000)         1528    0.0051%  75.2872%
  [   589000,   589500)         1584    0.0053%  75.2924%
  [   589500,   590000)         1585    0.0053%  75.2977%
  [   590000,   590500)         1537    0.0051%  75.3029%
  [   590500,   591000)         1586    0.0053%  75.3081%
  [   591000,   591500)         1488    0.0050%  75.3131%
  [   591500,   592000)         1549    0.0052%  75.3183%
  [   592000,   592500)         1580    0.0053%  75.3235%
  [   592500,   593000)         1580    0.0053%  75.3288%
  [   593000,   593500)         1579    0.0053%  75.3341%
  [   593500,   594000)         1559    0.0052%  75.3393%
  [   594000,   594500)         1560    0.0052%  75.3445%
  [   594500,   595000)         1552    0.0052%  75.3496%
  [   595000,   595500)         1545    0.0052%  75.3548%
  [   595500,   596000)         1549    0.0052%  75.3599%
  [   596000,   596500)         1560    0.0052%  75.3651%
  [   596500,   597000)         1593    0.0053%  75.3705%
  [   597000,   597500)         1519    0.0051%  75.3755%
  [   597500,   598000)         1585    0.0053%  75.3808%
  [   598000,   598500)         1611    0.0054%  75.3862%
  [   598500,   599000)         1643    0.0055%  75.3916%
  [   599000,   599500)         1648    0.0055%  75.3971%
  [   599500,   600000)         1562    0.0052%  75.4023%
  [   600000,   600500)         1614    0.0054%  75.4077%
  [   600500,   601000)         1529    0.0051%  75.4128%
  [   601000,   601500)         1594    0.0053%  75.4181%
  [   601500,   602000)         1563    0.0052%  75.4233%
  [   602000,   602500)         1585    0.0053%  75.4286%
  [   602500,   603000)         1551    0.0052%  75.4338%
  [   603000,   603500)         1623    0.0054%  75.4392%
  [   603500,   604000)         1617    0.0054%  75.4446%
  [   604000,   604500)         1619    0.0054%  75.4500%
  [   604500,   605000)         1579    0.0053%  75.4553%
  [   605000,   605500)         1559    0.0052%  75.4605%
  [   605500,   606000)         1577    0.0053%  75.4657%
  [   606000,   606500)         1621    0.0054%  75.4711%
  [   606500,   607000)         1588    0.0053%  75.4764%
  [   607000,   607500)         1572    0.0052%  75.4816%
  [   607500,   608000)         1526    0.0051%  75.4867%
  [   608000,   608500)         1637    0.0055%  75.4922%
  [   608500,   609000)         1660    0.0055%  75.4977%
  [   609000,   609500)         1669    0.0056%  75.5033%
  [   609500,   610000)         1643    0.0055%  75.5088%
  [   610000,   610500)         1679    0.0056%  75.5144%
  [   610500,   611000)         1656    0.0055%  75.5199%
  [   611000,   611500)         1667    0.0056%  75.5254%
  [   611500,   612000)         1650    0.0055%  75.5309%
  [   612000,   612500)         1589    0.0053%  75.5362%
  [   612500,   613000)         1618    0.0054%  75.5416%
  [   613000,   613500)         1590    0.0053%  75.5469%
  [   613500,   614000)         1621    0.0054%  75.5523%
  [   614000,   614500)         1664    0.0055%  75.5579%
  [   614500,   615000)         1657    0.0055%  75.5634%
  [   615000,   615500)         1608    0.0054%  75.5688%
  [   615500,   616000)         1673    0.0056%  75.5743%
  [   616000,   616500)         1586    0.0053%  75.5796%
  [   616500,   617000)         1593    0.0053%  75.5849%
  [   617000,   617500)         1640    0.0055%  75.5904%
  [   617500,   618000)         1610    0.0054%  75.5958%
  [   618000,   618500)         1630    0.0054%  75.6012%
  [   618500,   619000)         1630    0.0054%  75.6066%
  [   619000,   619500)         1657    0.0055%  75.6122%
  [   619500,   620000)         1635    0.0055%  75.6176%
  [   620000,   620500)         1615    0.0054%  75.6230%
  [   620500,   621000)         1541    0.0051%  75.6281%
  [   621000,   621500)         1612    0.0054%  75.6335%
  [   621500,   622000)         1555    0.0052%  75.6387%
  [   622000,   622500)         1619    0.0054%  75.6441%
  [   622500,   623000)         1589    0.0053%  75.6494%
  [   623000,   623500)         1626    0.0054%  75.6548%
  [   623500,   624000)         1659    0.0055%  75.6603%
  [   624000,   624500)         1692    0.0056%  75.6660%
  [   624500,   625000)         1603    0.0053%  75.6713%
  [   625000,   625500)         1675    0.0056%  75.6769%
  [   625500,   626000)         1684    0.0056%  75.6825%
  [   626000,   626500)         1653    0.0055%  75.6880%
  [   626500,   627000)         1664    0.0055%  75.6936%
  [   627000,   627500)         1610    0.0054%  75.6989%
  [   627500,   628000)         1644    0.0055%  75.7044%
  [   628000,   628500)         1624    0.0054%  75.7098%
  [   628500,   629000)         1619    0.0054%  75.7152%
  [   629000,   629500)         1692    0.0056%  75.7209%
  [   629500,   630000)         1678    0.0056%  75.7265%
  [   630000,   630500)         1753    0.0058%  75.7323%
  [   630500,   631000)         1666    0.0056%  75.7379%
  [   631000,   631500)         1707    0.0057%  75.7435%
  [   631500,   632000)         1697    0.0057%  75.7492%
  [   632000,   632500)         1689    0.0056%  75.7548%
  [   632500,   633000)         1648    0.0055%  75.7603%
  [   633000,   633500)         1684    0.0056%  75.7659%
  [   633500,   634000)         1640    0.0055%  75.7714%
  [   634000,   634500)         1637    0.0055%  75.7769%
  [   634500,   635000)         1673    0.0056%  75.7824%
  [   635000,   635500)         1690    0.0056%  75.7881%
  [   635500,   636000)         1674    0.0056%  75.7936%
  [   636000,   636500)         1710    0.0057%  75.7993%
  [   636500,   637000)         1762    0.0059%  75.8052%
  [   637000,   637500)         1665    0.0056%  75.8108%
  [   637500,   638000)         1709    0.0057%  75.8165%
  [   638000,   638500)         1729    0.0058%  75.8222%
  [   638500,   639000)         1760    0.0059%  75.8281%
  [   639000,   639500)         1706    0.0057%  75.8338%
  [   639500,   640000)         1693    0.0056%  75.8394%
  [   640000,   640500)         1754    0.0058%  75.8453%
  [   640500,   641000)         1687    0.0056%  75.8509%
  [   641000,   641500)         1747    0.0058%  75.8567%
  [   641500,   642000)         1709    0.0057%  75.8624%
  [   642000,   642500)         1711    0.0057%  75.8681%
  [   642500,   643000)         1681    0.0056%  75.8737%
  [   643000,   643500)         1768    0.0059%  75.8796%
  [   643500,   644000)         1721    0.0057%  75.8854%
  [   644000,   644500)         1754    0.0058%  75.8912%
  [   644500,   645000)         1728    0.0058%  75.8970%
  [   645000,   645500)         1678    0.0056%  75.9026%
  [   645500,   646000)         1749    0.0058%  75.9084%
  [   646000,   646500)         1787    0.0060%  75.9143%
  [   646500,   647000)         1753    0.0058%  75.9202%
  [   647000,   647500)         1710    0.0057%  75.9259%
  [   647500,   648000)         1727    0.0058%  75.9316%
  [   648000,   648500)         1741    0.0058%  75.9374%
  [   648500,   649000)         1741    0.0058%  75.9432%
  [   649000,   649500)         1788    0.0060%  75.9492%
  [   649500,   650000)         1809    0.0060%  75.9552%
  [   650000,   650500)         1762    0.0059%  75.9611%
  [   650500,   651000)         1764    0.0059%  75.9670%
  [   651000,   651500)         1734    0.0058%  75.9728%
  [   651500,   652000)         1781    0.0059%  75.9787%
  [   652000,   652500)         1771    0.0059%  75.9846%
  [   652500,   653000)         1696    0.0057%  75.9903%
  [   653000,   653500)         1730    0.0058%  75.9960%
  [   653500,   654000)         1785    0.0060%  76.0020%
  [   654000,   654500)         1820    0.0061%  76.0080%
  [   654500,   655000)         1770    0.0059%  76.0139%
  [   655000,   655500)         1811    0.0060%  76.0200%
  [   655500,   656000)         1735    0.0058%  76.0258%
  [   656000,   656500)         1713    0.0057%  76.0315%
  [   656500,   657000)         1746    0.0058%  76.0373%
  [   657000,   657500)         1723    0.0057%  76.0430%
  [   657500,   658000)         1800    0.0060%  76.0490%
  [   658000,   658500)         1802    0.0060%  76.0550%
  [   658500,   659000)         1892    0.0063%  76.0614%
  [   659000,   659500)         1841    0.0061%  76.0675%
  [   659500,   660000)         1822    0.0061%  76.0736%
  [   660000,   660500)         1863    0.0062%  76.0798%
  [   660500,   661000)         1805    0.0060%  76.0858%
  [   661000,   661500)         1864    0.0062%  76.0920%
  [   661500,   662000)         1762    0.0059%  76.0979%
  [   662000,   662500)         1845    0.0062%  76.1040%
  [   662500,   663000)         1773    0.0059%  76.1099%
  [   663000,   663500)         1876    0.0063%  76.1162%
  [   663500,   664000)         1885    0.0063%  76.1225%
  [   664000,   664500)         1872    0.0062%  76.1287%
  [   664500,   665000)         1853    0.0062%  76.1349%
  [   665000,   665500)         1814    0.0060%  76.1409%
  [   665500,   666000)         1845    0.0062%  76.1471%
  [   666000,   666500)         1847    0.0062%  76.1532%
  [   666500,   667000)         1929    0.0064%  76.1597%
  [   667000,   667500)         1905    0.0064%  76.1660%
  [   667500,   668000)         1761    0.0059%  76.1719%
  [   668000,   668500)         1865    0.0062%  76.1781%
  [   668500,   669000)         1814    0.0060%  76.1842%
  [   669000,   669500)         1846    0.0062%  76.1903%
  [   669500,   670000)         1892    0.0063%  76.1966%
  [   670000,   670500)         1899    0.0063%  76.2029%
  [   670500,   671000)         1858    0.0062%  76.2091%
  [   671000,   671500)         1858    0.0062%  76.2153%
  [   671500,   672000)         1856    0.0062%  76.2215%
  [   672000,   672500)         1865    0.0062%  76.2277%
  [   672500,   673000)         1881    0.0063%  76.2340%
  [   673000,   673500)         1859    0.0062%  76.2402%
  [   673500,   674000)         1845    0.0062%  76.2464%
  [   674000,   674500)         1843    0.0061%  76.2525%
  [   674500,   675000)         1901    0.0063%  76.2588%
  [   675000,   675500)         1816    0.0061%  76.2649%
  [   675500,   676000)         1925    0.0064%  76.2713%
  [   676000,   676500)         1896    0.0063%  76.2776%
  [   676500,   677000)         1874    0.0062%  76.2839%
  [   677000,   677500)         1907    0.0064%  76.2902%
  [   677500,   678000)         1882    0.0063%  76.2965%
  [   678000,   678500)         1901    0.0063%  76.3028%
  [   678500,   679000)         1862    0.0062%  76.3090%
  [   679000,   679500)         1918    0.0064%  76.3154%
  [   679500,   680000)         1939    0.0065%  76.3219%
  [   680000,   680500)         1916    0.0064%  76.3283%
  [   680500,   681000)         1947    0.0065%  76.3348%
  [   681000,   681500)         1947    0.0065%  76.3413%
  [   681500,   682000)         1929    0.0064%  76.3477%
  [   682000,   682500)         1975    0.0066%  76.3543%
  [   682500,   683000)         1991    0.0066%  76.3609%
  [   683000,   683500)         1893    0.0063%  76.3672%
  [   683500,   684000)         1889    0.0063%  76.3735%
  [   684000,   684500)         1977    0.0066%  76.3801%
  [   684500,   685000)         2006    0.0067%  76.3868%
  [   685000,   685500)         2040    0.0068%  76.3936%
  [   685500,   686000)         1934    0.0064%  76.4000%
  [   686000,   686500)         1973    0.0066%  76.4066%
  [   686500,   687000)         1897    0.0063%  76.4129%
  [   687000,   687500)         1980    0.0066%  76.4195%
  [   687500,   688000)         1929    0.0064%  76.4260%
  [   688000,   688500)         1971    0.0066%  76.4325%
  [   688500,   689000)         2049    0.0068%  76.4394%
  [   689000,   689500)         1961    0.0065%  76.4459%
  [   689500,   690000)         1995    0.0067%  76.4526%
  [   690000,   690500)         1939    0.0065%  76.4590%
  [   690500,   691000)         2034    0.0068%  76.4658%
  [   691000,   691500)         1927    0.0064%  76.4722%
  [   691500,   692000)         1981    0.0066%  76.4788%
  [   692000,   692500)         1952    0.0065%  76.4853%
  [   692500,   693000)         2061    0.0069%  76.4922%
  [   693000,   693500)         2026    0.0068%  76.4990%
  [   693500,   694000)         2029    0.0068%  76.5057%
  [   694000,   694500)         2002    0.0067%  76.5124%
  [   694500,   695000)         1982    0.0066%  76.5190%
  [   695000,   695500)         2013    0.0067%  76.5257%
  [   695500,   696000)         2009    0.0067%  76.5324%
  [   696000,   696500)         1986    0.0066%  76.5390%
  [   696500,   697000)         1991    0.0066%  76.5457%
  [   697000,   697500)         1952    0.0065%  76.5522%
  [   697500,   698000)         1967    0.0066%  76.5587%
  [   698000,   698500)         2019    0.0067%  76.5655%
  [   698500,   699000)         1958    0.0065%  76.5720%
  [   699000,   699500)         2049    0.0068%  76.5788%
  [   699500,   700000)         2109    0.0070%  76.5859%
  [   700000,   700500)         2037    0.0068%  76.5926%
  [   700500,   701000)         2053    0.0068%  76.5995%
  [   701000,   701500)         2035    0.0068%  76.6063%
  [   701500,   702000)         2022    0.0067%  76.6130%
  [   702000,   702500)         2060    0.0069%  76.6199%
  [   702500,   703000)         2040    0.0068%  76.6267%
  [   703000,   703500)         2053    0.0068%  76.6335%
  [   703500,   704000)         2089    0.0070%  76.6405%
  [   704000,   704500)         2023    0.0067%  76.6472%
  [   704500,   705000)         2084    0.0069%  76.6542%
  [   705000,   705500)         2040    0.0068%  76.6610%
  [   705500,   706000)         2063    0.0069%  76.6678%
  [   706000,   706500)         2127    0.0071%  76.6749%
  [   706500,   707000)         2054    0.0068%  76.6818%
  [   707000,   707500)         2039    0.0068%  76.6886%
  [   707500,   708000)         2043    0.0068%  76.6954%
  [   708000,   708500)         2118    0.0071%  76.7025%
  [   708500,   709000)         2002    0.0067%  76.7091%
  [   709000,   709500)         1994    0.0066%  76.7158%
  [   709500,   710000)         2029    0.0068%  76.7225%
  [   710000,   710500)         2038    0.0068%  76.7293%
  [   710500,   711000)         2060    0.0069%  76.7362%
  [   711000,   711500)         2186    0.0073%  76.7435%
  [   711500,   712000)         2074    0.0069%  76.7504%
  [   712000,   712500)         2066    0.0069%  76.7573%
  [   712500,   713000)         2111    0.0070%  76.7643%
  [   713000,   713500)         2119    0.0071%  76.7714%
  [   713500,   714000)         2096    0.0070%  76.7784%
  [   714000,   714500)         2184    0.0073%  76.7856%
  [   714500,   715000)         2074    0.0069%  76.7926%
  [   715000,   715500)         2106    0.0070%  76.7996%
  [   715500,   716000)         2040    0.0068%  76.8064%
  [   716000,   716500)         2111    0.0070%  76.8134%
  [   716500,   717000)         2114    0.0070%  76.8205%
  [   717000,   717500)         2191    0.0073%  76.8278%
  [   717500,   718000)         2156    0.0072%  76.8350%
  [   718000,   718500)         2130    0.0071%  76.8421%
  [   718500,   719000)         2116    0.0071%  76.8491%
  [   719000,   719500)         2055    0.0069%  76.8560%
  [   719500,   720000)         2146    0.0072%  76.8631%
  [   720000,   720500)         2154    0.0072%  76.8703%
  [   720500,   721000)         2148    0.0072%  76.8775%
  [   721000,   721500)         2105    0.0070%  76.8845%
  [   721500,   722000)         2113    0.0070%  76.8915%
  [   722000,   722500)         2109    0.0070%  76.8985%
  [   722500,   723000)         2076    0.0069%  76.9055%
  [   723000,   723500)         2162    0.0072%  76.9127%
  [   723500,   724000)         2102    0.0070%  76.9197%
  [   724000,   724500)         2110    0.0070%  76.9267%
  [   724500,   725000)         2137    0.0071%  76.9338%
  [   725000,   725500)         2134    0.0071%  76.9409%
  [   725500,   726000)         2186    0.0073%  76.9482%
  [   726000,   726500)         2170    0.0072%  76.9555%
  [   726500,   727000)         2086    0.0070%  76.9624%
  [   727000,   727500)         2248    0.0075%  76.9699%
  [   727500,   728000)         2139    0.0071%  76.9770%
  [   728000,   728500)         2143    0.0071%  76.9842%
  [   728500,   729000)         2137    0.0071%  76.9913%
  [   729000,   729500)         2071    0.0069%  76.9982%
  [   729500,   730000)         2209    0.0074%  77.0056%
  [   730000,   730500)         2262    0.0075%  77.0131%
  [   730500,   731000)         2161    0.0072%  77.0203%
  [   731000,   731500)         2174    0.0072%  77.0276%
  [   731500,   732000)         2135    0.0071%  77.0347%
  [   732000,   732500)         2263    0.0075%  77.0422%
  [   732500,   733000)         2148    0.0072%  77.0494%
  [   733000,   733500)         2238    0.0075%  77.0568%
  [   733500,   734000)         2289    0.0076%  77.0645%
  [   734000,   734500)         2285    0.0076%  77.0721%
  [   734500,   735000)         2170    0.0072%  77.0793%
  [   735000,   735500)         2206    0.0074%  77.0867%
  [   735500,   736000)         2272    0.0076%  77.0943%
  [   736000,   736500)         2195    0.0073%  77.1016%
  [   736500,   737000)         2156    0.0072%  77.1088%
  [   737000,   737500)         2178    0.0073%  77.1160%
  [   737500,   738000)         2221    0.0074%  77.1234%
  [   738000,   738500)         2150    0.0072%  77.1306%
  [   738500,   739000)         2183    0.0073%  77.1379%
  [   739000,   739500)         2207    0.0074%  77.1452%
  [   739500,   740000)         2192    0.0073%  77.1525%
  [   740000,   740500)         2263    0.0075%  77.1601%
  [   740500,   741000)         2222    0.0074%  77.1675%
  [   741000,   741500)         2244    0.0075%  77.1750%
  [   741500,   742000)         2237    0.0075%  77.1824%
  [   742000,   742500)         2114    0.0070%  77.1895%
  [   742500,   743000)         2274    0.0076%  77.1970%
  [   743000,   743500)         2273    0.0076%  77.2046%
  [   743500,   744000)         2243    0.0075%  77.2121%
  [   744000,   744500)         2272    0.0076%  77.2197%
  [   744500,   745000)         2154    0.0072%  77.2268%
  [   745000,   745500)         2189    0.0073%  77.2341%
  [   745500,   746000)         2137    0.0071%  77.2413%
  [   746000,   746500)         2316    0.0077%  77.2490%
  [   746500,   747000)         2218    0.0074%  77.2564%
  [   747000,   747500)         2255    0.0075%  77.2639%
  [   747500,   748000)         2245    0.0075%  77.2714%
  [   748000,   748500)         2327    0.0078%  77.2791%
  [   748500,   749000)         2289    0.0076%  77.2868%
  [   749000,   749500)         2276    0.0076%  77.2944%
  [   749500,   750000)         2230    0.0074%  77.3018%
  [   750000,   750500)         2293    0.0076%  77.3094%
  [   750500,   751000)         2236    0.0075%  77.3169%
  [   751000,   751500)         2388    0.0080%  77.3248%
  [   751500,   752000)         2331    0.0078%  77.3326%
  [   752000,   752500)         2259    0.0075%  77.3401%
  [   752500,   753000)         2254    0.0075%  77.3477%
  [   753000,   753500)         2252    0.0075%  77.3552%
  [   753500,   754000)         2286    0.0076%  77.3628%
  [   754000,   754500)         2314    0.0077%  77.3705%
  [   754500,   755000)         2287    0.0076%  77.3781%
  [   755000,   755500)         2299    0.0077%  77.3858%
  [   755500,   756000)         2229    0.0074%  77.3932%
  [   756000,   756500)         2310    0.0077%  77.4009%
  [   756500,   757000)         2359    0.0079%  77.4088%
  [   757000,   757500)         2290    0.0076%  77.4164%
  [   757500,   758000)         2320    0.0077%  77.4241%
  [   758000,   758500)         2334    0.0078%  77.4319%
  [   758500,   759000)         2321    0.0077%  77.4397%
  [   759000,   759500)         2276    0.0076%  77.4472%
  [   759500,   760000)         2351    0.0078%  77.4551%
  [   760000,   760500)         2322    0.0077%  77.4628%
  [   760500,   761000)         2286    0.0076%  77.4704%
  [   761000,   761500)         2285    0.0076%  77.4781%
  [   761500,   762000)         2350    0.0078%  77.4859%
  [   762000,   762500)         2393    0.0080%  77.4939%
  [   762500,   763000)         2273    0.0076%  77.5014%
  [   763000,   763500)         2283    0.0076%  77.5091%
  [   763500,   764000)         2293    0.0076%  77.5167%
  [   764000,   764500)         2310    0.0077%  77.5244%
  [   764500,   765000)         2331    0.0078%  77.5322%
  [   765000,   765500)         2266    0.0076%  77.5397%
  [   765500,   766000)         2348    0.0078%  77.5475%
  [   766000,   766500)         2341    0.0078%  77.5554%
  [   766500,   767000)         2309    0.0077%  77.5630%
  [   767000,   767500)         2267    0.0076%  77.5706%
  [   767500,   768000)         2292    0.0076%  77.5782%
  [   768000,   768500)         2378    0.0079%  77.5862%
  [   768500,   769000)         2277    0.0076%  77.5938%
  [   769000,   769500)         2315    0.0077%  77.6015%
  [   769500,   770000)         2319    0.0077%  77.6092%
  [   770000,   770500)         2330    0.0078%  77.6170%
  [   770500,   771000)         2390    0.0080%  77.6249%
  [   771000,   771500)         2402    0.0080%  77.6329%
  [   771500,   772000)         2383    0.0079%  77.6409%
  [   772000,   772500)         2353    0.0078%  77.6487%
  [   772500,   773000)         2368    0.0079%  77.6566%
  [   773000,   773500)         2340    0.0078%  77.6644%
  [   773500,   774000)         2435    0.0081%  77.6725%
  [   774000,   774500)         2374    0.0079%  77.6805%
  [   774500,   775000)         2314    0.0077%  77.6882%
  [   775000,   775500)         2420    0.0081%  77.6962%
  [   775500,   776000)         2411    0.0080%  77.7043%
  [   776000,   776500)         2351    0.0078%  77.7121%
  [   776500,   777000)         2304    0.0077%  77.7198%
  [   777000,   777500)         2363    0.0079%  77.7277%
  [   777500,   778000)         2308    0.0077%  77.7354%
  [   778000,   778500)         2301    0.0077%  77.7430%
  [   778500,   779000)         2477    0.0083%  77.7513%
  [   779000,   779500)         2335    0.0078%  77.7591%
  [   779500,   780000)         2519    0.0084%  77.7675%
  [   780000,   780500)         2351    0.0078%  77.7753%
  [   780500,   781000)         2451    0.0082%  77.7835%
  [   781000,   781500)         2415    0.0081%  77.7915%
  [   781500,   782000)         2375    0.0079%  77.7994%
  [   782000,   782500)         2407    0.0080%  77.8075%
  [   782500,   783000)         2412    0.0080%  77.8155%
  [   783000,   783500)         2468    0.0082%  77.8237%
  [   783500,   784000)         2373    0.0079%  77.8316%
  [   784000,   784500)         2462    0.0082%  77.8398%
  [   784500,   785000)         2384    0.0079%  77.8478%
  [   785000,   785500)         2447    0.0082%  77.8560%
  [   785500,   786000)         2417    0.0081%  77.8640%
  [   786000,   786500)         2285    0.0076%  77.8716%
  [   786500,   787000)         2461    0.0082%  77.8798%
  [   787000,   787500)         2325    0.0078%  77.8876%
  [   787500,   788000)         2407    0.0080%  77.8956%
  [   788000,   788500)         2483    0.0083%  77.9039%
  [   788500,   789000)         2352    0.0078%  77.9117%
  [   789000,   789500)         2374    0.0079%  77.9196%
  [   789500,   790000)         2448    0.0082%  77.9278%
  [   790000,   790500)         2455    0.0082%  77.9360%
  [   790500,   791000)         2419    0.0081%  77.9440%
  [   791000,   791500)         2466    0.0082%  77.9523%
  [   791500,   792000)         2446    0.0082%  77.9604%
  [   792000,   792500)         2463    0.0082%  77.9686%
  [   792500,   793000)         2429    0.0081%  77.9767%
  [   793000,   793500)         2529    0.0084%  77.9851%
  [   793500,   794000)         2429    0.0081%  77.9932%
  [   794000,   794500)         2480    0.0083%  78.0015%
  [   794500,   795000)         2429    0.0081%  78.0096%
  [   795000,   795500)         2453    0.0082%  78.0178%
  [   795500,   796000)         2429    0.0081%  78.0259%
  [   796000,   796500)         2468    0.0082%  78.0341%
  [   796500,   797000)         2460    0.0082%  78.0423%
  [   797000,   797500)         2445    0.0082%  78.0505%
  [   797500,   798000)         2409    0.0080%  78.0585%
  [   798000,   798500)         2464    0.0082%  78.0667%
  [   798500,   799000)         2422    0.0081%  78.0748%
  [   799000,   799500)         2419    0.0081%  78.0828%
  [   799500,   800000)         2459    0.0082%  78.0910%
  [   800000,   800500)         2412    0.0080%  78.0991%
  [   800500,   801000)         2497    0.0083%  78.1074%
  [   801000,   801500)         2545    0.0085%  78.1159%
  [   801500,   802000)         2477    0.0083%  78.1241%
  [   802000,   802500)         2535    0.0085%  78.1326%
  [   802500,   803000)         2461    0.0082%  78.1408%
  [   803000,   803500)         2545    0.0085%  78.1493%
  [   803500,   804000)         2498    0.0083%  78.1576%
  [   804000,   804500)         2541    0.0085%  78.1661%
  [   804500,   805000)         2517    0.0084%  78.1745%
  [   805000,   805500)         2627    0.0088%  78.1832%
  [   805500,   806000)         2488    0.0083%  78.1915%
  [   806000,   806500)         2494    0.0083%  78.1998%
  [   806500,   807000)         2542    0.0085%  78.2083%
  [   807000,   807500)         2513    0.0084%  78.2167%
  [   807500,   808000)         2528    0.0084%  78.2251%
  [   808000,   808500)         2559    0.0085%  78.2336%
  [   808500,   809000)         2554    0.0085%  78.2421%
  [   809000,   809500)         2505    0.0084%  78.2505%
  [   809500,   810000)         2562    0.0085%  78.2590%
  [   810000,   810500)         2606    0.0087%  78.2677%
  [   810500,   811000)         2586    0.0086%  78.2763%
  [   811000,   811500)         2560    0.0085%  78.2849%
  [   811500,   812000)         2555    0.0085%  78.2934%
  [   812000,   812500)         2668    0.0089%  78.3023%
  [   812500,   813000)         2521    0.0084%  78.3107%
  [   813000,   813500)         2608    0.0087%  78.3194%
  [   813500,   814000)         2610    0.0087%  78.3281%
  [   814000,   814500)         2656    0.0089%  78.3369%
  [   814500,   815000)         2509    0.0084%  78.3453%
  [   815000,   815500)         2639    0.0088%  78.3541%
  [   815500,   816000)         2585    0.0086%  78.3627%
  [   816000,   816500)         2581    0.0086%  78.3713%
  [   816500,   817000)         2594    0.0086%  78.3800%
  [   817000,   817500)         2568    0.0086%  78.3885%
  [   817500,   818000)         2601    0.0087%  78.3972%
  [   818000,   818500)         2538    0.0085%  78.4057%
  [   818500,   819000)         2604    0.0087%  78.4143%
  [   819000,   819500)         2621    0.0087%  78.4231%
  [   819500,   820000)         2674    0.0089%  78.4320%
  [   820000,   820500)         2686    0.0090%  78.4409%
  [   820500,   821000)         2707    0.0090%  78.4500%
  [   821000,   821500)         2631    0.0088%  78.4587%
  [   821500,   822000)         2702    0.0090%  78.4677%
  [   822000,   822500)         2772    0.0092%  78.4770%
  [   822500,   823000)         2671    0.0089%  78.4859%
  [   823000,   823500)         2683    0.0089%  78.4948%
  [   823500,   824000)         2638    0.0088%  78.5036%
  [   824000,   824500)         2612    0.0087%  78.5123%
  [   824500,   825000)         2655    0.0089%  78.5212%
  [   825000,   825500)         2699    0.0090%  78.5302%
  [   825500,   826000)         2695    0.0090%  78.5392%
  [   826000,   826500)         2663    0.0089%  78.5480%
  [   826500,   827000)         2678    0.0089%  78.5570%
  [   827000,   827500)         2707    0.0090%  78.5660%
  [   827500,   828000)         2700    0.0090%  78.5750%
  [   828000,   828500)         2779    0.0093%  78.5842%
  [   828500,   829000)         2751    0.0092%  78.5934%
  [   829000,   829500)         2783    0.0093%  78.6027%
  [   829500,   830000)         2749    0.0092%  78.6119%
  [   830000,   830500)         2695    0.0090%  78.6208%
  [   830500,   831000)         2771    0.0092%  78.6301%
  [   831000,   831500)         2779    0.0093%  78.6393%
  [   831500,   832000)         2734    0.0091%  78.6484%
  [   832000,   832500)         2805    0.0094%  78.6578%
  [   832500,   833000)         2774    0.0092%  78.6670%
  [   833000,   833500)         2764    0.0092%  78.6763%
  [   833500,   834000)         2785    0.0093%  78.6855%
  [   834000,   834500)         2769    0.0092%  78.6948%
  [   834500,   835000)         2755    0.0092%  78.7040%
  [   835000,   835500)         2798    0.0093%  78.7133%
  [   835500,   836000)         2791    0.0093%  78.7226%
  [   836000,   836500)         2775    0.0093%  78.7318%
  [   836500,   837000)         2781    0.0093%  78.7411%
  [   837000,   837500)         2822    0.0094%  78.7505%
  [   837500,   838000)         2822    0.0094%  78.7599%
  [   838000,   838500)         2836    0.0095%  78.7694%
  [   838500,   839000)         2756    0.0092%  78.7786%
  [   839000,   839500)         2840    0.0095%  78.7880%
  [   839500,   840000)         2906    0.0097%  78.7977%
  [   840000,   840500)         2931    0.0098%  78.8075%
  [   840500,   841000)         2936    0.0098%  78.8173%
  [   841000,   841500)         2824    0.0094%  78.8267%
  [   841500,   842000)         2991    0.0100%  78.8367%
  [   842000,   842500)         2904    0.0097%  78.8463%
  [   842500,   843000)         2954    0.0098%  78.8562%
  [   843000,   843500)         2911    0.0097%  78.8659%
  [   843500,   844000)         2875    0.0096%  78.8755%
  [   844000,   844500)         3016    0.0101%  78.8855%
  [   844500,   845000)         2968    0.0099%  78.8954%
  [   845000,   845500)         2925    0.0098%  78.9052%
  [   845500,   846000)         2969    0.0099%  78.9151%
  [   846000,   846500)         2853    0.0095%  78.9246%
  [   846500,   847000)         3005    0.0100%  78.9346%
  [   847000,   847500)         3051    0.0102%  78.9448%
  [   847500,   848000)         2948    0.0098%  78.9546%
  [   848000,   848500)         2984    0.0099%  78.9645%
  [   848500,   849000)         3076    0.0103%  78.9748%
  [   849000,   849500)         3049    0.0102%  78.9849%
  [   849500,   850000)         3035    0.0101%  78.9951%
  [   850000,   850500)         3099    0.0103%  79.0054%
  [   850500,   851000)         3098    0.0103%  79.0157%
  [   851000,   851500)         3051    0.0102%  79.0259%
  [   851500,   852000)         3025    0.0101%  79.0360%
  [   852000,   852500)         3063    0.0102%  79.0462%
  [   852500,   853000)         3102    0.0103%  79.0565%
  [   853000,   853500)         3119    0.0104%  79.0669%
  [   853500,   854000)         3059    0.0102%  79.0771%
  [   854000,   854500)         3209    0.0107%  79.0878%
  [   854500,   855000)         3186    0.0106%  79.0984%
  [   855000,   855500)         3150    0.0105%  79.1089%
  [   855500,   856000)         3181    0.0106%  79.1195%
  [   856000,   856500)         3145    0.0105%  79.1300%
  [   856500,   857000)         3229    0.0108%  79.1408%
  [   857000,   857500)         3238    0.0108%  79.1516%
  [   857500,   858000)         3241    0.0108%  79.1624%
  [   858000,   858500)         3043    0.0101%  79.1725%
  [   858500,   859000)         3200    0.0107%  79.1832%
  [   859000,   859500)         3231    0.0108%  79.1940%
  [   859500,   860000)         3194    0.0106%  79.2046%
  [   860000,   860500)         3204    0.0107%  79.2153%
  [   860500,   861000)         3328    0.0111%  79.2264%
  [   861000,   861500)         3276    0.0109%  79.2373%
  [   861500,   862000)         3276    0.0109%  79.2482%
  [   862000,   862500)         3215    0.0107%  79.2589%
  [   862500,   863000)         3318    0.0111%  79.2700%
  [   863000,   863500)         3340    0.0111%  79.2811%
  [   863500,   864000)         3299    0.0110%  79.2921%
  [   864000,   864500)         3383    0.0113%  79.3034%
  [   864500,   865000)         3358    0.0112%  79.3146%
  [   865000,   865500)         3328    0.0111%  79.3257%
  [   865500,   866000)         3333    0.0111%  79.3368%
  [   866000,   866500)         3397    0.0113%  79.3481%
  [   866500,   867000)         3375    0.0113%  79.3594%
  [   867000,   867500)         3463    0.0115%  79.3709%
  [   867500,   868000)         3451    0.0115%  79.3824%
  [   868000,   868500)         3421    0.0114%  79.3938%
  [   868500,   869000)         3477    0.0116%  79.4054%
  [   869000,   869500)         3442    0.0115%  79.4169%
  [   869500,   870000)         3467    0.0116%  79.4284%
  [   870000,   870500)         3610    0.0120%  79.4405%
  [   870500,   871000)         3561    0.0119%  79.4523%
  [   871000,   871500)         3587    0.0120%  79.4643%
  [   871500,   872000)         3554    0.0118%  79.4761%
  [   872000,   872500)         3660    0.0122%  79.4883%
  [   872500,   873000)         3635    0.0121%  79.5005%
  [   873000,   873500)         3587    0.0120%  79.5124%
  [   873500,   874000)         3622    0.0121%  79.5245%
  [   874000,   874500)         3578    0.0119%  79.5364%
  [   874500,   875000)         3658    0.0122%  79.5486%
  [   875000,   875500)         3642    0.0121%  79.5608%
  [   875500,   876000)         3648    0.0122%  79.5729%
  [   876000,   876500)         3687    0.0123%  79.5852%
  [   876500,   877000)         3740    0.0125%  79.5977%
  [   877000,   877500)         3674    0.0122%  79.6099%
  [   877500,   878000)         3785    0.0126%  79.6225%
  [   878000,   878500)         3665    0.0122%  79.6348%
  [   878500,   879000)         3686    0.0123%  79.6470%
  [   879000,   879500)         3813    0.0127%  79.6597%
  [   879500,   880000)         3862    0.0129%  79.6726%
  [   880000,   880500)         3811    0.0127%  79.6853%
  [   880500,   881000)         3787    0.0126%  79.6979%
  [   881000,   881500)         3782    0.0126%  79.7106%
  [   881500,   882000)         3713    0.0124%  79.7229%
  [   882000,   882500)         3868    0.0129%  79.7358%
  [   882500,   883000)         3882    0.0129%  79.7488%
  [   883000,   883500)         4040    0.0135%  79.7622%
  [   883500,   884000)         3944    0.0131%  79.7754%
  [   884000,   884500)         4001    0.0133%  79.7887%
  [   884500,   885000)         3916    0.0131%  79.8018%
  [   885000,   885500)         4008    0.0134%  79.8151%
  [   885500,   886000)         4134    0.0138%  79.8289%
  [   886000,   886500)         4039    0.0135%  79.8424%
  [   886500,   887000)         3948    0.0132%  79.8555%
  [   887000,   887500)         4005    0.0134%  79.8689%
  [   887500,   888000)         3950    0.0132%  79.8820%
  [   888000,   888500)         4047    0.0135%  79.8955%
  [   888500,   889000)         4109    0.0137%  79.9092%
  [   889000,   889500)         4213    0.0140%  79.9233%
  [   889500,   890000)         4155    0.0139%  79.9371%
  [   890000,   890500)         4162    0.0139%  79.9510%
  [   890500,   891000)         4165    0.0139%  79.9649%
  [   891000,   891500)         4152    0.0138%  79.9787%
  [   891500,   892000)         4312    0.0144%  79.9931%
  [   892000,   892500)         4256    0.0142%  80.0073%
  [   892500,   893000)         4167    0.0139%  80.0212%
  [   893000,   893500)         4123    0.0137%  80.0349%
  [   893500,   894000)         4232    0.0141%  80.0490%
  [   894000,   894500)         4227    0.0141%  80.0631%
  [   894500,   895000)         4223    0.0141%  80.0772%
  [   895000,   895500)         4326    0.0144%  80.0916%
  [   895500,   896000)         4370    0.0146%  80.1062%
  [   896000,   896500)         4294    0.0143%  80.1205%
  [   896500,   897000)         4421    0.0147%  80.1352%
  [   897000,   897500)         4409    0.0147%  80.1499%
  [   897500,   898000)         4383    0.0146%  80.1645%
  [   898000,   898500)         4456    0.0149%  80.1794%
  [   898500,   899000)         4493    0.0150%  80.1944%
  [   899000,   899500)         4410    0.0147%  80.2091%
  [   899500,   900000)         4569    0.0152%  80.2243%
  [   900000,   900500)         4497    0.0150%  80.2393%
  [   900500,   901000)         4540    0.0151%  80.2544%
  [   901000,   901500)         4635    0.0155%  80.2699%
  [   901500,   902000)         4639    0.0155%  80.2853%
  [   902000,   902500)         4658    0.0155%  80.3009%
  [   902500,   903000)         4512    0.0150%  80.3159%
  [   903000,   903500)         4602    0.0153%  80.3312%
  [   903500,   904000)         4665    0.0156%  80.3468%
  [   904000,   904500)         4666    0.0156%  80.3623%
  [   904500,   905000)         4691    0.0156%  80.3780%
  [   905000,   905500)         4725    0.0158%  80.3937%
  [   905500,   906000)         4623    0.0154%  80.4091%
  [   906000,   906500)         4801    0.0160%  80.4251%
  [   906500,   907000)         4761    0.0159%  80.4410%
  [   907000,   907500)         4831    0.0161%  80.4571%
  [   907500,   908000)         4808    0.0160%  80.4731%
  [   908000,   908500)         4906    0.0164%  80.4895%
  [   908500,   909000)         4861    0.0162%  80.5057%
  [   909000,   909500)         4965    0.0166%  80.5222%
  [   909500,   910000)         4883    0.0163%  80.5385%
  [   910000,   910500)         4918    0.0164%  80.5549%
  [   910500,   911000)         5024    0.0167%  80.5717%
  [   911000,   911500)         4894    0.0163%  80.5880%
  [   911500,   912000)         5083    0.0169%  80.6049%
  [   912000,   912500)         5087    0.0170%  80.6219%
  [   912500,   913000)         5129    0.0171%  80.6390%
  [   913000,   913500)         5122    0.0171%  80.6560%
  [   913500,   914000)         5119    0.0171%  80.6731%
  [   914000,   914500)         5116    0.0171%  80.6902%
  [   914500,   915000)         5212    0.0174%  80.7075%
  [   915000,   915500)         5361    0.0179%  80.7254%
  [   915500,   916000)         5355    0.0179%  80.7433%
  [   916000,   916500)         5174    0.0172%  80.7605%
  [   916500,   917000)         5184    0.0173%  80.7778%
  [   917000,   917500)         5139    0.0171%  80.7949%
  [   917500,   918000)         5269    0.0176%  80.8125%
  [   918000,   918500)         5181    0.0173%  80.8297%
  [   918500,   919000)         5340    0.0178%  80.8475%
  [   919000,   919500)         5304    0.0177%  80.8652%
  [   919500,   920000)         5549    0.0185%  80.8837%
  [   920000,   920500)         5454    0.0182%  80.9019%
  [   920500,   921000)         5461    0.0182%  80.9201%
  [   921000,   921500)         5345    0.0178%  80.9379%
  [   921500,   922000)         5569    0.0186%  80.9565%
  [   922000,   922500)         5545    0.0185%  80.9750%
  [   922500,   923000)         5508    0.0184%  80.9933%
  [   923000,   923500)         5503    0.0183%  81.0117%
  [   923500,   924000)         5661    0.0189%  81.0305%
  [   924000,   924500)         5525    0.0184%  81.0490%
  [   924500,   925000)         5668    0.0189%  81.0679%
  [   925000,   925500)         5397    0.0180%  81.0858%
  [   925500,   926000)         5774    0.0192%  81.1051%
  [   926000,   926500)         5660    0.0189%  81.1240%
  [   926500,   927000)         5693    0.0190%  81.1429%
  [   927000,   927500)         5709    0.0190%  81.1620%
  [   927500,   928000)         5731    0.0191%  81.1811%
  [   928000,   928500)         5854    0.0195%  81.2006%
  [   928500,   929000)         5765    0.0192%  81.2198%
  [   929000,   929500)         5808    0.0194%  81.2392%
  [   929500,   930000)         5993    0.0200%  81.2591%
  [   930000,   930500)         5844    0.0195%  81.2786%
  [   930500,   931000)         5880    0.0196%  81.2982%
  [   931000,   931500)         5888    0.0196%  81.3178%
  [   931500,   932000)         5924    0.0197%  81.3376%
  [   932000,   932500)         6097    0.0203%  81.3579%
  [   932500,   933000)         6029    0.0201%  81.3780%
  [   933000,   933500)         6000    0.0200%  81.3980%
  [   933500,   934000)         6072    0.0202%  81.4182%
  [   934000,   934500)         5911    0.0197%  81.4380%
  [   934500,   935000)         5975    0.0199%  81.4579%
  [   935000,   935500)         6061    0.0202%  81.4781%
  [   935500,   936000)         6273    0.0209%  81.4990%
  [   936000,   936500)         6343    0.0211%  81.5201%
  [   936500,   937000)         6168    0.0206%  81.5407%
  [   937000,   937500)         6204    0.0207%  81.5614%
  [   937500,   938000)         6082    0.0203%  81.5816%
  [   938000,   938500)         6371    0.0212%  81.6029%
  [   938500,   939000)         6292    0.0210%  81.6238%
  [   939000,   939500)         6317    0.0211%  81.6449%
  [   939500,   940000)         6375    0.0213%  81.6662%
  [   940000,   940500)         6523    0.0217%  81.6879%
  [   940500,   941000)         6630    0.0221%  81.7100%
  [   941000,   941500)         6418    0.0214%  81.7314%
  [   941500,   942000)         6466    0.0216%  81.7529%
  [   942000,   942500)         6376    0.0213%  81.7742%
  [   942500,   943000)         6500    0.0217%  81.7959%
  [   943000,   943500)         6673    0.0222%  81.8181%
  [   943500,   944000)         6448    0.0215%  81.8396%
  [   944000,   944500)         6690    0.0223%  81.8619%
  [   944500,   945000)         6563    0.0219%  81.8838%
  [   945000,   945500)         6660    0.0222%  81.9060%
  [   945500,   946000)         6766    0.0226%  81.9285%
  [   946000,   946500)         6606    0.0220%  81.9506%
  [   946500,   947000)         6887    0.0230%  81.9735%
  [   947000,   947500)         6752    0.0225%  81.9960%
  [   947500,   948000)         6766    0.0226%  82.0186%
  [   948000,   948500)         6856    0.0229%  82.0414%
  [   948500,   949000)         6840    0.0228%  82.0642%
  [   949000,   949500)         6892    0.0230%  82.0872%
  [   949500,   950000)         6947    0.0232%  82.1104%
  [   950000,   950500)         6818    0.0227%  82.1331%
  [   950500,   951000)         6878    0.0229%  82.1560%
  [   951000,   951500)         6961    0.0232%  82.1792%
  [   951500,   952000)         6939    0.0231%  82.2023%
  [   952000,   952500)         7019    0.0234%  82.2257%
  [   952500,   953000)         6903    0.0230%  82.2487%
  [   953000,   953500)         6938    0.0231%  82.2719%
  [   953500,   954000)         6994    0.0233%  82.2952%
  [   954000,   954500)         7131    0.0238%  82.3190%
  [   954500,   955000)         7161    0.0239%  82.3428%
  [   955000,   955500)         7118    0.0237%  82.3666%
  [   955500,   956000)         7212    0.0240%  82.3906%
  [   956000,   956500)         7136    0.0238%  82.4144%
  [   956500,   957000)         7131    0.0238%  82.4381%
  [   957000,   957500)         7222    0.0241%  82.4622%
  [   957500,   958000)         7423    0.0247%  82.4870%
  [   958000,   958500)         7505    0.0250%  82.5120%
  [   958500,   959000)         7484    0.0249%  82.5369%
  [   959000,   959500)         7337    0.0245%  82.5614%
  [   959500,   960000)         7292    0.0243%  82.5857%
  [   960000,   960500)         7530    0.0251%  82.6108%
  [   960500,   961000)         7475    0.0249%  82.6357%
  [   961000,   961500)         7433    0.0248%  82.6605%
  [   961500,   962000)         7604    0.0253%  82.6858%
  [   962000,   962500)         7408    0.0247%  82.7105%
  [   962500,   963000)         7545    0.0252%  82.7357%
  [   963000,   963500)         7697    0.0257%  82.7613%
  [   963500,   964000)         7815    0.0261%  82.7874%
  [   964000,   964500)         7580    0.0253%  82.8126%
  [   964500,   965000)         7632    0.0254%  82.8381%
  [   965000,   965500)         7665    0.0256%  82.8636%
  [   965500,   966000)         7583    0.0253%  82.8889%
  [   966000,   966500)         7707    0.0257%  82.9146%
  [   966500,   967000)         7767    0.0259%  82.9405%
  [   967000,   967500)         7670    0.0256%  82.9661%
  [   967500,   968000)         7648    0.0255%  82.9916%
  [   968000,   968500)         7708    0.0257%  83.0172%
  [   968500,   969000)         7822    0.0261%  83.0433%
  [   969000,   969500)         7839    0.0261%  83.0695%
  [   969500,   970000)         7866    0.0262%  83.0957%
  [   970000,   970500)         7956    0.0265%  83.1222%
  [   970500,   971000)         7847    0.0262%  83.1483%
  [   971000,   971500)         7907    0.0264%  83.1747%
  [   971500,   972000)         7995    0.0267%  83.2014%
  [   972000,   972500)         8153    0.0272%  83.2285%
  [   972500,   973000)         8056    0.0269%  83.2554%
  [   973000,   973500)         7996    0.0267%  83.2820%
  [   973500,   974000)         7841    0.0261%  83.3082%
  [   974000,   974500)         8118    0.0271%  83.3352%
  [   974500,   975000)         8195    0.0273%  83.3626%
  [   975000,   975500)         8061    0.0269%  83.3894%
  [   975500,   976000)         8170    0.0272%  83.4167%
  [   976000,   976500)         8259    0.0275%  83.4442%
  [   976500,   977000)         8303    0.0277%  83.4719%
  [   977000,   977500)         8304    0.0277%  83.4995%
  [   977500,   978000)         8290    0.0276%  83.5272%
  [   978000,   978500)         8422    0.0281%  83.5553%
  [   978500,   979000)         8275    0.0276%  83.5828%
  [   979000,   979500)         8098    0.0270%  83.6098%
  [   979500,   980000)         8404    0.0280%  83.6378%
  [   980000,   980500)         8370    0.0279%  83.6657%
  [   980500,   981000)         8559    0.0285%  83.6943%
  [   981000,   981500)         8468    0.0282%  83.7225%
  [   981500,   982000)         8346    0.0278%  83.7503%
  [   982000,   982500)         8360    0.0279%  83.7782%
  [   982500,   983000)         8336    0.0278%  83.8060%
  [   983000,   983500)         8363    0.0279%  83.8338%
  [   983500,   984000)         8568    0.0286%  83.8624%
  [   984000,   984500)         8583    0.0286%  83.8910%
  [   984500,   985000)         8817    0.0294%  83.9204%
  [   985000,   985500)         8530    0.0284%  83.9488%
  [   985500,   986000)         8634    0.0288%  83.9776%
  [   986000,   986500)         8815    0.0294%  84.0070%
  [   986500,   987000)         8745    0.0292%  84.0362%
  [   987000,   987500)         8766    0.0292%  84.0654%
  [   987500,   988000)         8488    0.0283%  84.0937%
  [   988000,   988500)         8749    0.0292%  84.1228%
  [   988500,   989000)         8682    0.0289%  84.1518%
  [   989000,   989500)         8750    0.0292%  84.1809%
  [   989500,   990000)         8765    0.0292%  84.2102%
  [   990000,   990500)         8747    0.0292%  84.2393%
  [   990500,   991000)         8810    0.0294%  84.2687%
  [   991000,   991500)         8815    0.0294%  84.2981%
  [   991500,   992000)         8739    0.0291%  84.3272%
  [   992000,   992500)         8895    0.0297%  84.3568%
  [   992500,   993000)         8920    0.0297%  84.3866%
  [   993000,   993500)         9012    0.0300%  84.4166%
  [   993500,   994000)         8830    0.0294%  84.4460%
  [   994000,   994500)         8876    0.0296%  84.4756%
  [   994500,   995000)         9162    0.0305%  84.5062%
  [   995000,   995500)         8961    0.0299%  84.5360%
  [   995500,   996000)         8947    0.0298%  84.5659%
  [   996000,   996500)         8985    0.0300%  84.5958%
  [   996500,   997000)         8929    0.0298%  84.6256%
  [   997000,   997500)         9052    0.0302%  84.6558%
  [   997500,   998000)         8983    0.0299%  84.6857%
  [   998000,   998500)         9066    0.0302%  84.7159%
  [   998500,   999000)         9055    0.0302%  84.7461%
  [   999000,   999500)         9110    0.0304%  84.7765%
  [   999500, +inf)             4567058   15.2235% 100.0000%

----- OFFLOADED TASKS [node 1] -----
  ops total                = 29999988
  ops direct (1-sided)     = 29999988 (100.00%)
  ops offload (rpc)        = 0 (0.00%)
  lookup pushdowns         = 0
  scan   pushdowns (RPC)   = 0
    kv pairs returned      = 0
    leaves scanned remotely= 0
    kv / scan pushdown     = 0.00
    leaves / scan pushdown = 0.00
=========================================================================

[CORRECTNESS node 1] scan rows returned = 2999961856
[READPATH node 1] lookups=736276717  index-cache hit=49.2%  per lookup: leaf=1.000 speculative=0.036 (right 100.0%) hop-reads=0.964 (two-segment 0.422) retries=0.000 invalid=0.000 sibling=0.000  => est. leaf round trips/lookup=1.000
[LEAFCACHE] off

----- PER-LEVEL CACHE HITS [node 1] (lookups; level 0 = leaf) -----
[KIND node 1] lookups=0 inner_visits=0 inner_hits=0 inner_hit_pct=0.00 leaf_visits=0 leaf_hits=0 leaf_hit_pct=0.00
[SCANLEAF node 1] scans=29999988 inner_complete_miss=1916362 inner_partial=7318075 leaf_cache_hits=0 leaf_reads=302850816 cn_leaves_per_scan=10.10 leaf_hit_pct=0.00
[END]
