nodes 2, threads 36, mix R/I/U/S=50/0/0/50, zipf-0.99, bulk 50M warmup 10M op 30M, offload 0%, scan_range 100
[4mshared memory size: 64GB, 0x7feeda800000[0m
[4mrdma cache size: 4GB[0m
[4mMachine NR: 2[0m
[4mCompute server 1 start up [10.30.1.6]
[0m
I connect server 0
[CONFIG node 1] bulk load: bottom-up build, 8 keys per leaf, 6 children per inner node (CHIME_BULK_BUILD / CHIME_BUILD_LEAF_KEYS / CHIME_BUILD_INNER_FANOUT)
[CONFIG node 1] clients on this node: yes (CHIME_MN_CLIENTS)
[CONFIG node 1] scan path: from_cache=1 offload_always=0 (CHIME_SCAN_FROM_CACHE / CHIME_SCAN_OFFLOAD_ALWAYS)
[CONFIG node 1] push ops: both (CHIME_PUSH_OPS; applies only with offloading on)
[CACHE node 1] total=128 MB index=128 MB leaf=0 MB
[CONFIG node 1] dir threads = 1 (CHIME_DIR_THREADS, max 16) -- MUST match the other node
[CORES node 1] linear pinning: app threads -> CPUs 0..35, main -> 79, dir threads -> 79 (REV_DIR_CPUS)
[CONFIG] hotspot buffer + speculative read: off (CHIME_HOTSPOT; stock CHIME: on above 50 MB)
workload generated: keyspace=50001000 bulk=50000000 warmup=9999972 op=29999988
[4mKey space set: keySpaceSize=50000000[0m
I am 55
I am 67
I am 37
I am 39
I am 36
I am 64
I am 57
I am 47
I am 48
I am 44
I am 54
I am 62
I am 53
I am 46
I am 56
I am 42
I am 43
I am 50
I am 45
I am 41
I am 38
I am 61
I am 49
I am 52
I am 58
I am 59
I am 60
I am 65
I am 70
I am 68
I am 63
I am 71
I am 66
I am 40
I am 51
I am 69
[build] leaves: 10% (625001/6250000)
[build] leaves: 20% (1250002/6250000)
[build] leaves: 30% (1875003/6250000)
[build] leaves: 40% (2500004/6250000)
[build] leaves: 50% (3125005/6250000)
[build] leaves: 60% (3750006/6250000)
[build] leaves: 70% (4375007/6250000)
[build] leaves: 80% (5000008/6250000)
[build] leaves: 90% (5625009/6250000)
[build] inner level 1: 1041667 nodes
[build] inner level 2: 173611 nodes
[build] inner level 3: 28935 nodes
[build] inner level 4: 4823 nodes
[build] inner level 5: 804 nodes
[build] inner level 6: 134 nodes
[build] inner level 7: 23 nodes
[build] inner level 8: 4 nodes
[build] inner level 9: 1 nodes
[build] done in 18.9s: height=10 leaves=6250000 inner_nodes=1250002 (8 keys per leaf, 6 children per inner node)
[TREE] height=10 leaves=6250000 inner_nodes=1250002 keys_per_leaf=8.00 inner_MB=399.4 leaf_MB=2104.0 total_MB=2503.4 (internal span 16, leaf span 16, node bytes inner=335 leaf=353)
node 1 warmup done in 46s
[INDEX] --- post-bulk-load cache occupancy (cache = 128 MB) ---
 ----- [TreeCache]:  cache size=128 MB free_size=0.000 MB skiplist_node_cnt=1247535 ----- 
consumed cache size = 128.000 MB
 ----- [IdxCache]:  cache size=0 MB free_size=0.000 MB ---- 
consumed hotspot buffer size = 0.000000 MB

[LEAFCACHE] off
1, throughput 0.4073 Mops
1, throughput 0.4050 Mops
1, throughput 0.4064 Mops
1, throughput 0.4063 Mops
1, throughput 0.4077 Mops
1, throughput 0.4058 Mops
1, throughput 0.4076 Mops
1, throughput 0.4058 Mops
1, throughput 0.4053 Mops
1, throughput 0.4070 Mops
1, throughput 0.4064 Mops
1, throughput 0.4025 Mops
1, throughput 0.4035 Mops
1, throughput 0.4101 Mops
1, throughput 0.4072 Mops
1, throughput 0.4063 Mops
1, throughput 0.3966 Mops
1, throughput 0.4065 Mops
1, throughput 0.4062 Mops
1, throughput 0.4081 Mops
1, throughput 0.4057 Mops
1, throughput 0.4056 Mops
1, throughput 0.4042 Mops
1, throughput 0.4078 Mops
1, throughput 0.4073 Mops
1, throughput 0.4050 Mops
1, throughput 0.4058 Mops
1, throughput 0.4087 Mops
1, throughput 0.4095 Mops
1, throughput 0.4065 Mops
1, throughput 0.4064 Mops
1, throughput 0.4085 Mops
1, throughput 0.4063 Mops
1, throughput 0.4075 Mops
1, throughput 0.4088 Mops
1, throughput 0.4071 Mops
1, throughput 0.4074 Mops
1, throughput 0.3994 Mops
1, throughput 0.4086 Mops
1, throughput 0.4059 Mops
1, throughput 0.4083 Mops
1, throughput 0.4078 Mops
1, throughput 0.4043 Mops
1, throughput 0.4080 Mops
1, throughput 0.4085 Mops
1, throughput 0.4071 Mops
1, throughput 0.4075 Mops
1, throughput 0.4090 Mops
1, throughput 0.4103 Mops
1, throughput 0.4106 Mops
1, throughput 0.4070 Mops
1, throughput 0.4080 Mops
1, throughput 0.4054 Mops
1, throughput 0.4099 Mops
1, throughput 0.4074 Mops
1, throughput 0.4086 Mops
1, throughput 0.4079 Mops
1, throughput 0.4029 Mops
1, throughput 0.4080 Mops
1, throughput 0.4064 Mops
1, throughput 0.4044 Mops
1, throughput 0.4093 Mops
1, throughput 0.4092 Mops
1, throughput 0.4072 Mops
1, throughput 0.4031 Mops
1, throughput 0.4082 Mops
1, throughput 0.4074 Mops
1, throughput 0.4086 Mops
1, throughput 0.4075 Mops
1, throughput 0.4079 Mops
1, throughput 0.4104 Mops
1, throughput 0.4083 Mops
1, throughput 0.4077 Mops
1, throughput 0.4084 Mops
1, throughput 0.4092 Mops
1, throughput 0.4080 Mops
1, throughput 0.4114 Mops
1, throughput 0.4104 Mops
1, throughput 0.4025 Mops
1, throughput 0.4105 Mops
1, throughput 0.4103 Mops
1, throughput 0.4074 Mops
1, throughput 0.4090 Mops
1, throughput 0.4107 Mops
1, throughput 0.4123 Mops
1, throughput 0.4081 Mops
1, throughput 0.4115 Mops
1, throughput 0.4089 Mops
1, throughput 0.4102 Mops
1, throughput 0.4130 Mops
1, throughput 0.4110 Mops
1, throughput 0.4078 Mops
1, throughput 0.4084 Mops
1, throughput 0.4099 Mops
1, throughput 0.4104 Mops
1, throughput 0.4114 Mops
1, throughput 0.4116 Mops
1, throughput 0.4085 Mops
1, throughput 0.4076 Mops
1, throughput 0.4062 Mops
1, throughput 0.4089 Mops
1, throughput 0.4057 Mops
1, throughput 0.4121 Mops
1, throughput 0.4110 Mops
1, throughput 0.4058 Mops
1, throughput 0.4095 Mops
1, throughput 0.4092 Mops
1, throughput 0.4098 Mops
1, throughput 0.4095 Mops
1, throughput 0.4094 Mops
1, throughput 0.4086 Mops
1, throughput 0.4077 Mops
1, throughput 0.4111 Mops
1, throughput 0.4127 Mops
1, throughput 0.4118 Mops
1, throughput 0.4111 Mops
1, throughput 0.4100 Mops
1, throughput 0.4101 Mops
1, throughput 0.4110 Mops
1, throughput 0.4050 Mops
1, throughput 0.4078 Mops
1, throughput 0.4122 Mops
1, throughput 0.4122 Mops
1, throughput 0.4105 Mops
1, throughput 0.4095 Mops
1, throughput 0.4108 Mops
1, throughput 0.4096 Mops
1, throughput 0.4102 Mops
1, throughput 0.4078 Mops
1, throughput 0.4075 Mops
1, throughput 0.4112 Mops
1, throughput 0.4093 Mops
1, throughput 0.4112 Mops
1, throughput 0.4095 Mops
1, throughput 0.4115 Mops
1, throughput 0.4117 Mops
1, throughput 0.4099 Mops
1, throughput 0.4096 Mops
1, throughput 0.4080 Mops
1, throughput 0.4085 Mops
1, throughput 0.4023 Mops
1, throughput 0.4069 Mops
1, throughput 0.3688 Mops
1, throughput 0.2471 Mops
1, throughput 0.2318 Mops
1, throughput 0.2321 Mops
1, throughput 0.2299 Mops
1, throughput 0.2325 Mops
1, throughput 0.2298 Mops
1, throughput 0.1985 Mops
1, throughput 0.0647 Mops
[RESULT node 1] ops=29999988 elapsed=75.348s throughput=0.3982 Mops mode=op-bounded
[RDMA node 1] ops=29999988 posts=455026854 read_wr=559152252 read_bytes=112655186350 write_wr=0 write_bytes=0 atomic_wr=0 send_wr=0 send_bytes=0
[RDMA node 1] per_op: round_trips=15.1676 reads=18.6384 writes=0.0000 atomics=0.0000 sends=0.0000 verbs=18.6384 bytes=3755.2

==================== LATENCY BUCKETS (500 ns) [node 1] ====================
[LOOKUP]
  ALL                n=14997948   mean=   15.30us  p50=   8.00us  p90=  13.00us  p99= 125.00us  p99.9= 146.00us  max>=219.00us
  DIRECT (1-sided)   n=14997948   mean=   15.30us  p50=   8.00us  p90=  13.00us  p99= 125.00us  p99.9= 146.00us  max>=219.00us
  OFFLOAD (rpc)             (no samples)
[RANGE]
  ALL                n=15002040   mean=  160.36us  p50=  60.00us  p90= 606.50us  p99= 844.00us  p99.9= 977.00us  max>=1000.00us
  DIRECT (1-sided)   n=15002040   mean=  160.36us  p50=  60.00us  p90= 606.50us  p99= 844.00us  p99.9= 977.00us  max>=1000.00us
  OFFLOAD (rpc)             (no samples)
[ALL OPS]
  ALL                n=29999988   mean=   87.84us  p50=  54.00us  p90= 168.00us  p99= 792.50us  p99.9= 941.50us  max>=1000.00us
  DIRECT (1-sided)   n=29999988   mean=   87.84us  p50=  54.00us  p90= 168.00us  p99= 792.50us  p99.9= 941.50us  max>=1000.00us
  OFFLOAD (rpc)             (no samples)

----- 500 ns bucket CDF (all ops) [node 1] -----
  bucket [lo,hi) ns             count        pct       cdf
  [      500,     1000)           71    0.0002%   0.0002%
  [     1000,     1500)         2110    0.0070%   0.0073%
  [     1500,     2000)         2873    0.0096%   0.0168%
  [     2000,     2500)         4067    0.0136%   0.0304%
  [     2500,     3000)         4732    0.0158%   0.0462%
  [     3000,     3500)         7450    0.0248%   0.0710%
  [     3500,     4000)        61608    0.2054%   0.2764%
  [     4000,     4500)       232609    0.7754%   1.0517%
  [     4500,     5000)       485929    1.6198%   2.6715%
  [     5000,     5500)       814021    2.7134%   5.3849%
  [     5500,     6000)      1077539    3.5918%   8.9767%
  [     6000,     6500)      1295761    4.3192%  13.2959%
  [     6500,     7000)      1480581    4.9353%  18.2312%
  [     7000,     7500)      1547961    5.1599%  23.3910%
  [     7500,     8000)      1476270    4.9209%  28.3120%
  [     8000,     8500)      1289004    4.2967%  32.6086%
  [     8500,     9000)      1063120    3.5437%  36.1524%
  [     9000,     9500)       838545    2.7952%  38.9475%
  [     9500,    10000)       627905    2.0930%  41.0405%
  [    10000,    10500)       448665    1.4956%  42.5361%
  [    10500,    11000)       307835    1.0261%  43.5622%
  [    11000,    11500)       203791    0.6793%  44.2415%
  [    11500,    12000)       131101    0.4370%  44.6785%
  [    12000,    12500)        82267    0.2742%  44.9527%
  [    12500,    13000)        52348    0.1745%  45.1272%
  [    13000,    13500)        34353    0.1145%  45.2417%
  [    13500,    14000)        23758    0.0792%  45.3209%
  [    14000,    14500)        18024    0.0601%  45.3810%
  [    14500,    15000)        14733    0.0491%  45.4301%
  [    15000,    15500)        12746    0.0425%  45.4726%
  [    15500,    16000)        11282    0.0376%  45.5102%
  [    16000,    16500)        10214    0.0340%  45.5443%
  [    16500,    17000)         9219    0.0307%  45.5750%
  [    17000,    17500)         8285    0.0276%  45.6026%
  [    17500,    18000)         7359    0.0245%  45.6271%
  [    18000,    18500)         6400    0.0213%  45.6485%
  [    18500,    19000)         5535    0.0185%  45.6669%
  [    19000,    19500)         4877    0.0163%  45.6832%
  [    19500,    20000)         4204    0.0140%  45.6972%
  [    20000,    20500)         3644    0.0121%  45.7093%
  [    20500,    21000)         3294    0.0110%  45.7203%
  [    21000,    21500)         3005    0.0100%  45.7303%
  [    21500,    22000)         2697    0.0090%  45.7393%
  [    22000,    22500)         2563    0.0085%  45.7479%
  [    22500,    23000)         2568    0.0086%  45.7564%
  [    23000,    23500)         2395    0.0080%  45.7644%
  [    23500,    24000)         2512    0.0084%  45.7728%
  [    24000,    24500)         2465    0.0082%  45.7810%
  [    24500,    25000)         2660    0.0089%  45.7899%
  [    25000,    25500)         2611    0.0087%  45.7986%
  [    25500,    26000)         2664    0.0089%  45.8075%
  [    26000,    26500)         2613    0.0087%  45.8162%
  [    26500,    27000)         2723    0.0091%  45.8252%
  [    27000,    27500)         2691    0.0090%  45.8342%
  [    27500,    28000)         2792    0.0093%  45.8435%
  [    28000,    28500)         2769    0.0092%  45.8527%
  [    28500,    29000)         2800    0.0093%  45.8621%
  [    29000,    29500)         2873    0.0096%  45.8717%
  [    29500,    30000)         2966    0.0099%  45.8815%
  [    30000,    30500)         2973    0.0099%  45.8915%
  [    30500,    31000)         3198    0.0107%  45.9021%
  [    31000,    31500)         3293    0.0110%  45.9131%
  [    31500,    32000)         3323    0.0111%  45.9242%
  [    32000,    32500)         3507    0.0117%  45.9359%
  [    32500,    33000)         3537    0.0118%  45.9476%
  [    33000,    33500)         3569    0.0119%  45.9595%
  [    33500,    34000)         3632    0.0121%  45.9716%
  [    34000,    34500)         3551    0.0118%  45.9835%
  [    34500,    35000)         3557    0.0119%  45.9953%
  [    35000,    35500)         3519    0.0117%  46.0071%
  [    35500,    36000)         3621    0.0121%  46.0191%
  [    36000,    36500)         3493    0.0116%  46.0308%
  [    36500,    37000)         3518    0.0117%  46.0425%
  [    37000,    37500)         3335    0.0111%  46.0536%
  [    37500,    38000)         3146    0.0105%  46.0641%
  [    38000,    38500)         3186    0.0106%  46.0747%
  [    38500,    39000)         2994    0.0100%  46.0847%
  [    39000,    39500)         2961    0.0099%  46.0946%
  [    39500,    40000)         2761    0.0092%  46.1038%
  [    40000,    40500)         2772    0.0092%  46.1130%
  [    40500,    41000)         2591    0.0086%  46.1217%
  [    41000,    41500)         2576    0.0086%  46.1303%
  [    41500,    42000)         2392    0.0080%  46.1382%
  [    42000,    42500)         2269    0.0076%  46.1458%
  [    42500,    43000)         2278    0.0076%  46.1534%
  [    43000,    43500)         2091    0.0070%  46.1604%
  [    43500,    44000)         1957    0.0065%  46.1669%
  [    44000,    44500)         1926    0.0064%  46.1733%
  [    44500,    45000)         1834    0.0061%  46.1794%
  [    45000,    45500)         1655    0.0055%  46.1849%
  [    45500,    46000)         1628    0.0054%  46.1904%
  [    46000,    46500)         1729    0.0058%  46.1961%
  [    46500,    47000)         1920    0.0064%  46.2025%
  [    47000,    47500)         2518    0.0084%  46.2109%
  [    47500,    48000)         3203    0.0107%  46.2216%
  [    48000,    48500)         4403    0.0147%  46.2363%
  [    48500,    49000)         5639    0.0188%  46.2551%
  [    49000,    49500)         7728    0.0258%  46.2808%
  [    49500,    50000)        11875    0.0396%  46.3204%
  [    50000,    50500)        20562    0.0685%  46.3889%
  [    50500,    51000)        36161    0.1205%  46.5095%
  [    51000,    51500)        61919    0.2064%  46.7159%
  [    51500,    52000)        99775    0.3326%  47.0485%
  [    52000,    52500)       147635    0.4921%  47.5406%
  [    52500,    53000)       199238    0.6641%  48.2047%
  [    53000,    53500)       249428    0.8314%  49.0361%
  [    53500,    54000)       300294    1.0010%  50.0371%
  [    54000,    54500)       352103    1.1737%  51.2108%
  [    54500,    55000)       406057    1.3535%  52.5643%
  [    55000,    55500)       459836    1.5328%  54.0971%
  [    55500,    56000)       510710    1.7024%  55.7995%
  [    56000,    56500)       560935    1.8698%  57.6692%
  [    56500,    57000)       600558    2.0019%  59.6711%
  [    57000,    57500)       633337    2.1111%  61.7822%
  [    57500,    58000)       650606    2.1687%  63.9509%
  [    58000,    58500)       654490    2.1816%  66.1326%
  [    58500,    59000)       641268    2.1376%  68.2701%
  [    59000,    59500)       605117    2.0171%  70.2872%
  [    59500,    60000)       567359    1.8912%  72.1784%
  [    60000,    60500)       533132    1.7771%  73.9555%
  [    60500,    61000)       496023    1.6534%  75.6089%
  [    61000,    61500)       463498    1.5450%  77.1539%
  [    61500,    62000)       426669    1.4222%  78.5761%
  [    62000,    62500)       388276    1.2943%  79.8704%
  [    62500,    63000)       333168    1.1106%  80.9809%
  [    63000,    63500)       281808    0.9394%  81.9203%
  [    63500,    64000)       234724    0.7824%  82.7027%
  [    64000,    64500)       193019    0.6434%  83.3461%
  [    64500,    65000)       155803    0.5193%  83.8654%
  [    65000,    65500)       126220    0.4207%  84.2862%
  [    65500,    66000)       100700    0.3357%  84.6218%
  [    66000,    66500)        80373    0.2679%  84.8898%
  [    66500,    67000)        63117    0.2104%  85.1001%
  [    67000,    67500)        50081    0.1669%  85.2671%
  [    67500,    68000)        40338    0.1345%  85.4015%
  [    68000,    68500)        32958    0.1099%  85.5114%
  [    68500,    69000)        26888    0.0896%  85.6010%
  [    69000,    69500)        22057    0.0735%  85.6746%
  [    69500,    70000)        17941    0.0598%  85.7344%
  [    70000,    70500)        14312    0.0477%  85.7821%
  [    70500,    71000)        11593    0.0386%  85.8207%
  [    71000,    71500)         9505    0.0317%  85.8524%
  [    71500,    72000)         7598    0.0253%  85.8777%
  [    72000,    72500)         6464    0.0215%  85.8993%
  [    72500,    73000)         5187    0.0173%  85.9166%
  [    73000,    73500)         4603    0.0153%  85.9319%
  [    73500,    74000)         4020    0.0134%  85.9453%
  [    74000,    74500)         3503    0.0117%  85.9570%
  [    74500,    75000)         3313    0.0110%  85.9680%
  [    75000,    75500)         3110    0.0104%  85.9784%
  [    75500,    76000)         2955    0.0099%  85.9882%
  [    76000,    76500)         2941    0.0098%  85.9980%
  [    76500,    77000)         3071    0.0102%  86.0083%
  [    77000,    77500)         3132    0.0104%  86.0187%
  [    77500,    78000)         3156    0.0105%  86.0292%
  [    78000,    78500)         3379    0.0113%  86.0405%
  [    78500,    79000)         3628    0.0121%  86.0526%
  [    79000,    79500)         3806    0.0127%  86.0653%
  [    79500,    80000)         4045    0.0135%  86.0788%
  [    80000,    80500)         4342    0.0145%  86.0932%
  [    80500,    81000)         4483    0.0149%  86.1082%
  [    81000,    81500)         4758    0.0159%  86.1240%
  [    81500,    82000)         5240    0.0175%  86.1415%
  [    82000,    82500)         5310    0.0177%  86.1592%
  [    82500,    83000)         5942    0.0198%  86.1790%
  [    83000,    83500)         6053    0.0202%  86.1992%
  [    83500,    84000)         6369    0.0212%  86.2204%
  [    84000,    84500)         6958    0.0232%  86.2436%
  [    84500,    85000)         7203    0.0240%  86.2676%
  [    85000,    85500)         7586    0.0253%  86.2929%
  [    85500,    86000)         8051    0.0268%  86.3197%
  [    86000,    86500)         8248    0.0275%  86.3472%
  [    86500,    87000)         8625    0.0288%  86.3760%
  [    87000,    87500)         9071    0.0302%  86.4062%
  [    87500,    88000)         9255    0.0309%  86.4371%
  [    88000,    88500)         9631    0.0321%  86.4692%
  [    88500,    89000)         9918    0.0331%  86.5022%
  [    89000,    89500)        10104    0.0337%  86.5359%
  [    89500,    90000)        10467    0.0349%  86.5708%
  [    90000,    90500)        11060    0.0369%  86.6077%
  [    90500,    91000)        11004    0.0367%  86.6444%
  [    91000,    91500)        11319    0.0377%  86.6821%
  [    91500,    92000)        11510    0.0384%  86.7204%
  [    92000,    92500)        11780    0.0393%  86.7597%
  [    92500,    93000)        12101    0.0403%  86.8001%
  [    93000,    93500)        12299    0.0410%  86.8410%
  [    93500,    94000)        12428    0.0414%  86.8825%
  [    94000,    94500)        12622    0.0421%  86.9245%
  [    94500,    95000)        12905    0.0430%  86.9676%
  [    95000,    95500)        12857    0.0429%  87.0104%
  [    95500,    96000)        12950    0.0432%  87.0536%
  [    96000,    96500)        13124    0.0437%  87.0973%
  [    96500,    97000)        13227    0.0441%  87.1414%
  [    97000,    97500)        13206    0.0440%  87.1854%
  [    97500,    98000)        13568    0.0452%  87.2307%
  [    98000,    98500)        13510    0.0450%  87.2757%
  [    98500,    99000)        13639    0.0455%  87.3212%
  [    99000,    99500)        13514    0.0450%  87.3662%
  [    99500,   100000)        13537    0.0451%  87.4113%
  [   100000,   100500)        13539    0.0451%  87.4565%
  [   100500,   101000)        13804    0.0460%  87.5025%
  [   101000,   101500)        13781    0.0459%  87.5484%
  [   101500,   102000)        13813    0.0460%  87.5945%
  [   102000,   102500)        13848    0.0462%  87.6406%
  [   102500,   103000)        13685    0.0456%  87.6862%
  [   103000,   103500)        13614    0.0454%  87.7316%
  [   103500,   104000)        13776    0.0459%  87.7775%
  [   104000,   104500)        13541    0.0451%  87.8227%
  [   104500,   105000)        13424    0.0447%  87.8674%
  [   105000,   105500)        13449    0.0448%  87.9123%
  [   105500,   106000)        13478    0.0449%  87.9572%
  [   106000,   106500)        13225    0.0441%  88.0013%
  [   106500,   107000)        13269    0.0442%  88.0455%
  [   107000,   107500)        13369    0.0446%  88.0901%
  [   107500,   108000)        13074    0.0436%  88.1336%
  [   108000,   108500)        13015    0.0434%  88.1770%
  [   108500,   109000)        12937    0.0431%  88.2201%
  [   109000,   109500)        12654    0.0422%  88.2623%
  [   109500,   110000)        12504    0.0417%  88.3040%
  [   110000,   110500)        12568    0.0419%  88.3459%
  [   110500,   111000)        12383    0.0413%  88.3872%
  [   111000,   111500)        12373    0.0412%  88.4284%
  [   111500,   112000)        12394    0.0413%  88.4697%
  [   112000,   112500)        12073    0.0402%  88.5100%
  [   112500,   113000)        12023    0.0401%  88.5500%
  [   113000,   113500)        11588    0.0386%  88.5887%
  [   113500,   114000)        11798    0.0393%  88.6280%
  [   114000,   114500)        11559    0.0385%  88.6665%
  [   114500,   115000)        11328    0.0378%  88.7043%
  [   115000,   115500)        11257    0.0375%  88.7418%
  [   115500,   116000)        10842    0.0361%  88.7780%
  [   116000,   116500)        10871    0.0362%  88.8142%
  [   116500,   117000)        10511    0.0350%  88.8492%
  [   117000,   117500)        10241    0.0341%  88.8834%
  [   117500,   118000)        10130    0.0338%  88.9171%
  [   118000,   118500)        10103    0.0337%  88.9508%
  [   118500,   119000)         9836    0.0328%  88.9836%
  [   119000,   119500)         9588    0.0320%  89.0156%
  [   119500,   120000)         9220    0.0307%  89.0463%
  [   120000,   120500)         9058    0.0302%  89.0765%
  [   120500,   121000)         8941    0.0298%  89.1063%
  [   121000,   121500)         8552    0.0285%  89.1348%
  [   121500,   122000)         8239    0.0275%  89.1623%
  [   122000,   122500)         8298    0.0277%  89.1899%
  [   122500,   123000)         7890    0.0263%  89.2162%
  [   123000,   123500)         7730    0.0258%  89.2420%
  [   123500,   124000)         7501    0.0250%  89.2670%
  [   124000,   124500)         7332    0.0244%  89.2914%
  [   124500,   125000)         7051    0.0235%  89.3149%
  [   125000,   125500)         7016    0.0234%  89.3383%
  [   125500,   126000)         6725    0.0224%  89.3607%
  [   126000,   126500)         6487    0.0216%  89.3824%
  [   126500,   127000)         6146    0.0205%  89.4028%
  [   127000,   127500)         6080    0.0203%  89.4231%
  [   127500,   128000)         5865    0.0196%  89.4427%
  [   128000,   128500)         5661    0.0189%  89.4615%
  [   128500,   129000)         5374    0.0179%  89.4794%
  [   129000,   129500)         5245    0.0175%  89.4969%
  [   129500,   130000)         5086    0.0170%  89.5139%
  [   130000,   130500)         4845    0.0162%  89.5300%
  [   130500,   131000)         4786    0.0160%  89.5460%
  [   131000,   131500)         4481    0.0149%  89.5609%
  [   131500,   132000)         4405    0.0147%  89.5756%
  [   132000,   132500)         4125    0.0138%  89.5894%
  [   132500,   133000)         4085    0.0136%  89.6030%
  [   133000,   133500)         3926    0.0131%  89.6161%
  [   133500,   134000)         3744    0.0125%  89.6285%
  [   134000,   134500)         3665    0.0122%  89.6408%
  [   134500,   135000)         3465    0.0116%  89.6523%
  [   135000,   135500)         3333    0.0111%  89.6634%
  [   135500,   136000)         3172    0.0106%  89.6740%
  [   136000,   136500)         2993    0.0100%  89.6840%
  [   136500,   137000)         2927    0.0098%  89.6937%
  [   137000,   137500)         2778    0.0093%  89.7030%
  [   137500,   138000)         2717    0.0091%  89.7120%
  [   138000,   138500)         2533    0.0084%  89.7205%
  [   138500,   139000)         2474    0.0082%  89.7287%
  [   139000,   139500)         2456    0.0082%  89.7369%
  [   139500,   140000)         2294    0.0076%  89.7446%
  [   140000,   140500)         2138    0.0071%  89.7517%
  [   140500,   141000)         2157    0.0072%  89.7589%
  [   141000,   141500)         2114    0.0070%  89.7659%
  [   141500,   142000)         1907    0.0064%  89.7723%
  [   142000,   142500)         1923    0.0064%  89.7787%
  [   142500,   143000)         1809    0.0060%  89.7847%
  [   143000,   143500)         1708    0.0057%  89.7904%
  [   143500,   144000)         1786    0.0060%  89.7964%
  [   144000,   144500)         1728    0.0058%  89.8021%
  [   144500,   145000)         1609    0.0054%  89.8075%
  [   145000,   145500)         1573    0.0052%  89.8127%
  [   145500,   146000)         1484    0.0049%  89.8177%
  [   146000,   146500)         1489    0.0050%  89.8226%
  [   146500,   147000)         1392    0.0046%  89.8273%
  [   147000,   147500)         1478    0.0049%  89.8322%
  [   147500,   148000)         1415    0.0047%  89.8369%
  [   148000,   148500)         1304    0.0043%  89.8413%
  [   148500,   149000)         1321    0.0044%  89.8457%
  [   149000,   149500)         1314    0.0044%  89.8501%
  [   149500,   150000)         1231    0.0041%  89.8542%
  [   150000,   150500)         1245    0.0042%  89.8583%
  [   150500,   151000)         1248    0.0042%  89.8625%
  [   151000,   151500)         1198    0.0040%  89.8665%
  [   151500,   152000)         1209    0.0040%  89.8705%
  [   152000,   152500)         1183    0.0039%  89.8744%
  [   152500,   153000)         1177    0.0039%  89.8784%
  [   153000,   153500)         1171    0.0039%  89.8823%
  [   153500,   154000)         1196    0.0040%  89.8862%
  [   154000,   154500)         1203    0.0040%  89.8903%
  [   154500,   155000)         1134    0.0038%  89.8940%
  [   155000,   155500)         1178    0.0039%  89.8980%
  [   155500,   156000)         1147    0.0038%  89.9018%
  [   156000,   156500)         1167    0.0039%  89.9057%
  [   156500,   157000)         1177    0.0039%  89.9096%
  [   157000,   157500)         1175    0.0039%  89.9135%
  [   157500,   158000)         1170    0.0039%  89.9174%
  [   158000,   158500)         1151    0.0038%  89.9213%
  [   158500,   159000)         1131    0.0038%  89.9250%
  [   159000,   159500)         1162    0.0039%  89.9289%
  [   159500,   160000)         1197    0.0040%  89.9329%
  [   160000,   160500)         1234    0.0041%  89.9370%
  [   160500,   161000)         1250    0.0042%  89.9412%
  [   161000,   161500)         1258    0.0042%  89.9454%
  [   161500,   162000)         1189    0.0040%  89.9493%
  [   162000,   162500)         1223    0.0041%  89.9534%
  [   162500,   163000)         1251    0.0042%  89.9576%
  [   163000,   163500)         1187    0.0040%  89.9615%
  [   163500,   164000)         1310    0.0044%  89.9659%
  [   164000,   164500)         1227    0.0041%  89.9700%
  [   164500,   165000)         1293    0.0043%  89.9743%
  [   165000,   165500)         1279    0.0043%  89.9786%
  [   165500,   166000)         1295    0.0043%  89.9829%
  [   166000,   166500)         1310    0.0044%  89.9872%
  [   166500,   167000)         1348    0.0045%  89.9917%
  [   167000,   167500)         1373    0.0046%  89.9963%
  [   167500,   168000)         1292    0.0043%  90.0006%
  [   168000,   168500)         1345    0.0045%  90.0051%
  [   168500,   169000)         1356    0.0045%  90.0096%
  [   169000,   169500)         1401    0.0047%  90.0143%
  [   169500,   170000)         1368    0.0046%  90.0189%
  [   170000,   170500)         1369    0.0046%  90.0234%
  [   170500,   171000)         1366    0.0046%  90.0280%
  [   171000,   171500)         1382    0.0046%  90.0326%
  [   171500,   172000)         1416    0.0047%  90.0373%
  [   172000,   172500)         1435    0.0048%  90.0421%
  [   172500,   173000)         1455    0.0049%  90.0469%
  [   173000,   173500)         1436    0.0048%  90.0517%
  [   173500,   174000)         1510    0.0050%  90.0567%
  [   174000,   174500)         1435    0.0048%  90.0615%
  [   174500,   175000)         1453    0.0048%  90.0664%
  [   175000,   175500)         1506    0.0050%  90.0714%
  [   175500,   176000)         1492    0.0050%  90.0764%
  [   176000,   176500)         1517    0.0051%  90.0814%
  [   176500,   177000)         1548    0.0052%  90.0866%
  [   177000,   177500)         1521    0.0051%  90.0917%
  [   177500,   178000)         1568    0.0052%  90.0969%
  [   178000,   178500)         1580    0.0053%  90.1021%
  [   178500,   179000)         1527    0.0051%  90.1072%
  [   179000,   179500)         1523    0.0051%  90.1123%
  [   179500,   180000)         1610    0.0054%  90.1177%
  [   180000,   180500)         1612    0.0054%  90.1231%
  [   180500,   181000)         1593    0.0053%  90.1284%
  [   181000,   181500)         1686    0.0056%  90.1340%
  [   181500,   182000)         1693    0.0056%  90.1396%
  [   182000,   182500)         1606    0.0054%  90.1450%
  [   182500,   183000)         1617    0.0054%  90.1504%
  [   183000,   183500)         1689    0.0056%  90.1560%
  [   183500,   184000)         1707    0.0057%  90.1617%
  [   184000,   184500)         1647    0.0055%  90.1672%
  [   184500,   185000)         1633    0.0054%  90.1726%
  [   185000,   185500)         1697    0.0057%  90.1783%
  [   185500,   186000)         1631    0.0054%  90.1837%
  [   186000,   186500)         1659    0.0055%  90.1892%
  [   186500,   187000)         1594    0.0053%  90.1946%
  [   187000,   187500)         1647    0.0055%  90.2001%
  [   187500,   188000)         1683    0.0056%  90.2057%
  [   188000,   188500)         1712    0.0057%  90.2114%
  [   188500,   189000)         1788    0.0060%  90.2173%
  [   189000,   189500)         1683    0.0056%  90.2229%
  [   189500,   190000)         1645    0.0055%  90.2284%
  [   190000,   190500)         1721    0.0057%  90.2342%
  [   190500,   191000)         1680    0.0056%  90.2398%
  [   191000,   191500)         1688    0.0056%  90.2454%
  [   191500,   192000)         1780    0.0059%  90.2513%
  [   192000,   192500)         1667    0.0056%  90.2569%
  [   192500,   193000)         1669    0.0056%  90.2624%
  [   193000,   193500)         1687    0.0056%  90.2681%
  [   193500,   194000)         1727    0.0058%  90.2738%
  [   194000,   194500)         1713    0.0057%  90.2795%
  [   194500,   195000)         1737    0.0058%  90.2853%
  [   195000,   195500)         1703    0.0057%  90.2910%
  [   195500,   196000)         1764    0.0059%  90.2969%
  [   196000,   196500)         1724    0.0057%  90.3026%
  [   196500,   197000)         1700    0.0057%  90.3083%
  [   197000,   197500)         1736    0.0058%  90.3141%
  [   197500,   198000)         1800    0.0060%  90.3201%
  [   198000,   198500)         1806    0.0060%  90.3261%
  [   198500,   199000)         1688    0.0056%  90.3317%
  [   199000,   199500)         1696    0.0057%  90.3374%
  [   199500,   200000)         1705    0.0057%  90.3431%
  [   200000,   200500)         1787    0.0060%  90.3490%
  [   200500,   201000)         1772    0.0059%  90.3549%
  [   201000,   201500)         1769    0.0059%  90.3608%
  [   201500,   202000)         1810    0.0060%  90.3669%
  [   202000,   202500)         1789    0.0060%  90.3728%
  [   202500,   203000)         1717    0.0057%  90.3785%
  [   203000,   203500)         1742    0.0058%  90.3843%
  [   203500,   204000)         1790    0.0060%  90.3903%
  [   204000,   204500)         1791    0.0060%  90.3963%
  [   204500,   205000)         1800    0.0060%  90.4023%
  [   205000,   205500)         1773    0.0059%  90.4082%
  [   205500,   206000)         1791    0.0060%  90.4142%
  [   206000,   206500)         1816    0.0061%  90.4202%
  [   206500,   207000)         1747    0.0058%  90.4260%
  [   207000,   207500)         1771    0.0059%  90.4319%
  [   207500,   208000)         1787    0.0060%  90.4379%
  [   208000,   208500)         1748    0.0058%  90.4437%
  [   208500,   209000)         1812    0.0060%  90.4498%
  [   209000,   209500)         1716    0.0057%  90.4555%
  [   209500,   210000)         1682    0.0056%  90.4611%
  [   210000,   210500)         1818    0.0061%  90.4672%
  [   210500,   211000)         1771    0.0059%  90.4731%
  [   211000,   211500)         1813    0.0060%  90.4791%
  [   211500,   212000)         1759    0.0059%  90.4850%
  [   212000,   212500)         1751    0.0058%  90.4908%
  [   212500,   213000)         1823    0.0061%  90.4969%
  [   213000,   213500)         1791    0.0060%  90.5028%
  [   213500,   214000)         1795    0.0060%  90.5088%
  [   214000,   214500)         1757    0.0059%  90.5147%
  [   214500,   215000)         1795    0.0060%  90.5207%
  [   215000,   215500)         1767    0.0059%  90.5266%
  [   215500,   216000)         1777    0.0059%  90.5325%
  [   216000,   216500)         1760    0.0059%  90.5383%
  [   216500,   217000)         1724    0.0057%  90.5441%
  [   217000,   217500)         1808    0.0060%  90.5501%
  [   217500,   218000)         1802    0.0060%  90.5561%
  [   218000,   218500)         1778    0.0059%  90.5621%
  [   218500,   219000)         1760    0.0059%  90.5679%
  [   219000,   219500)         1717    0.0057%  90.5736%
  [   219500,   220000)         1841    0.0061%  90.5798%
  [   220000,   220500)         1733    0.0058%  90.5856%
  [   220500,   221000)         1782    0.0059%  90.5915%
  [   221000,   221500)         1668    0.0056%  90.5971%
  [   221500,   222000)         1758    0.0059%  90.6029%
  [   222000,   222500)         1757    0.0059%  90.6088%
  [   222500,   223000)         1699    0.0057%  90.6144%
  [   223000,   223500)         1756    0.0059%  90.6203%
  [   223500,   224000)         1827    0.0061%  90.6264%
  [   224000,   224500)         1813    0.0060%  90.6324%
  [   224500,   225000)         1779    0.0059%  90.6384%
  [   225000,   225500)         1751    0.0058%  90.6442%
  [   225500,   226000)         1772    0.0059%  90.6501%
  [   226000,   226500)         1696    0.0057%  90.6558%
  [   226500,   227000)         1712    0.0057%  90.6615%
  [   227000,   227500)         1714    0.0057%  90.6672%
  [   227500,   228000)         1761    0.0059%  90.6730%
  [   228000,   228500)         1722    0.0057%  90.6788%
  [   228500,   229000)         1769    0.0059%  90.6847%
  [   229000,   229500)         1779    0.0059%  90.6906%
  [   229500,   230000)         1727    0.0058%  90.6964%
  [   230000,   230500)         1699    0.0057%  90.7020%
  [   230500,   231000)         1740    0.0058%  90.7078%
  [   231000,   231500)         1744    0.0058%  90.7136%
  [   231500,   232000)         1786    0.0060%  90.7196%
  [   232000,   232500)         1678    0.0056%  90.7252%
  [   232500,   233000)         1739    0.0058%  90.7310%
  [   233000,   233500)         1739    0.0058%  90.7368%
  [   233500,   234000)         1783    0.0059%  90.7427%
  [   234000,   234500)         1736    0.0058%  90.7485%
  [   234500,   235000)         1743    0.0058%  90.7543%
  [   235000,   235500)         1695    0.0057%  90.7600%
  [   235500,   236000)         1691    0.0056%  90.7656%
  [   236000,   236500)         1727    0.0058%  90.7714%
  [   236500,   237000)         1794    0.0060%  90.7773%
  [   237000,   237500)         1694    0.0056%  90.7830%
  [   237500,   238000)         1749    0.0058%  90.7888%
  [   238000,   238500)         1729    0.0058%  90.7946%
  [   238500,   239000)         1721    0.0057%  90.8003%
  [   239000,   239500)         1747    0.0058%  90.8061%
  [   239500,   240000)         1659    0.0055%  90.8117%
  [   240000,   240500)         1720    0.0057%  90.8174%
  [   240500,   241000)         1690    0.0056%  90.8230%
  [   241000,   241500)         1704    0.0057%  90.8287%
  [   241500,   242000)         1606    0.0054%  90.8341%
  [   242000,   242500)         1660    0.0055%  90.8396%
  [   242500,   243000)         1680    0.0056%  90.8452%
  [   243000,   243500)         1718    0.0057%  90.8509%
  [   243500,   244000)         1742    0.0058%  90.8567%
  [   244000,   244500)         1750    0.0058%  90.8626%
  [   244500,   245000)         1677    0.0056%  90.8682%
  [   245000,   245500)         1639    0.0055%  90.8736%
  [   245500,   246000)         1660    0.0055%  90.8792%
  [   246000,   246500)         1637    0.0055%  90.8846%
  [   246500,   247000)         1726    0.0058%  90.8904%
  [   247000,   247500)         1702    0.0057%  90.8960%
  [   247500,   248000)         1764    0.0059%  90.9019%
  [   248000,   248500)         1683    0.0056%  90.9075%
  [   248500,   249000)         1674    0.0056%  90.9131%
  [   249000,   249500)         1712    0.0057%  90.9188%
  [   249500,   250000)         1727    0.0058%  90.9246%
  [   250000,   250500)         1662    0.0055%  90.9301%
  [   250500,   251000)         1700    0.0057%  90.9358%
  [   251000,   251500)         1632    0.0054%  90.9412%
  [   251500,   252000)         1685    0.0056%  90.9468%
  [   252000,   252500)         1648    0.0055%  90.9523%
  [   252500,   253000)         1679    0.0056%  90.9579%
  [   253000,   253500)         1665    0.0056%  90.9635%
  [   253500,   254000)         1712    0.0057%  90.9692%
  [   254000,   254500)         1657    0.0055%  90.9747%
  [   254500,   255000)         1749    0.0058%  90.9805%
  [   255000,   255500)         1714    0.0057%  90.9863%
  [   255500,   256000)         1688    0.0056%  90.9919%
  [   256000,   256500)         1635    0.0055%  90.9973%
  [   256500,   257000)         1674    0.0056%  91.0029%
  [   257000,   257500)         1604    0.0053%  91.0083%
  [   257500,   258000)         1692    0.0056%  91.0139%
  [   258000,   258500)         1560    0.0052%  91.0191%
  [   258500,   259000)         1662    0.0055%  91.0246%
  [   259000,   259500)         1659    0.0055%  91.0302%
  [   259500,   260000)         1676    0.0056%  91.0358%
  [   260000,   260500)         1618    0.0054%  91.0411%
  [   260500,   261000)         1616    0.0054%  91.0465%
  [   261000,   261500)         1648    0.0055%  91.0520%
  [   261500,   262000)         1643    0.0055%  91.0575%
  [   262000,   262500)         1687    0.0056%  91.0631%
  [   262500,   263000)         1613    0.0054%  91.0685%
  [   263000,   263500)         1653    0.0055%  91.0740%
  [   263500,   264000)         1635    0.0055%  91.0795%
  [   264000,   264500)         1627    0.0054%  91.0849%
  [   264500,   265000)         1671    0.0056%  91.0905%
  [   265000,   265500)         1623    0.0054%  91.0959%
  [   265500,   266000)         1676    0.0056%  91.1015%
  [   266000,   266500)         1633    0.0054%  91.1069%
  [   266500,   267000)         1609    0.0054%  91.1123%
  [   267000,   267500)         1586    0.0053%  91.1175%
  [   267500,   268000)         1593    0.0053%  91.1229%
  [   268000,   268500)         1609    0.0054%  91.1282%
  [   268500,   269000)         1617    0.0054%  91.1336%
  [   269000,   269500)         1610    0.0054%  91.1390%
  [   269500,   270000)         1654    0.0055%  91.1445%
  [   270000,   270500)         1616    0.0054%  91.1499%
  [   270500,   271000)         1637    0.0055%  91.1553%
  [   271000,   271500)         1655    0.0055%  91.1609%
  [   271500,   272000)         1581    0.0053%  91.1661%
  [   272000,   272500)         1582    0.0053%  91.1714%
  [   272500,   273000)         1576    0.0053%  91.1766%
  [   273000,   273500)         1643    0.0055%  91.1821%
  [   273500,   274000)         1635    0.0055%  91.1876%
  [   274000,   274500)         1560    0.0052%  91.1928%
  [   274500,   275000)         1611    0.0054%  91.1981%
  [   275000,   275500)         1601    0.0053%  91.2035%
  [   275500,   276000)         1601    0.0053%  91.2088%
  [   276000,   276500)         1559    0.0052%  91.2140%
  [   276500,   277000)         1549    0.0052%  91.2192%
  [   277000,   277500)         1535    0.0051%  91.2243%
  [   277500,   278000)         1587    0.0053%  91.2296%
  [   278000,   278500)         1539    0.0051%  91.2347%
  [   278500,   279000)         1605    0.0054%  91.2401%
  [   279000,   279500)         1560    0.0052%  91.2453%
  [   279500,   280000)         1675    0.0056%  91.2508%
  [   280000,   280500)         1612    0.0054%  91.2562%
  [   280500,   281000)         1609    0.0054%  91.2616%
  [   281000,   281500)         1619    0.0054%  91.2670%
  [   281500,   282000)         1561    0.0052%  91.2722%
  [   282000,   282500)         1592    0.0053%  91.2775%
  [   282500,   283000)         1619    0.0054%  91.2829%
  [   283000,   283500)         1581    0.0053%  91.2882%
  [   283500,   284000)         1608    0.0054%  91.2935%
  [   284000,   284500)         1620    0.0054%  91.2989%
  [   284500,   285000)         1611    0.0054%  91.3043%
  [   285000,   285500)         1576    0.0053%  91.3095%
  [   285500,   286000)         1466    0.0049%  91.3144%
  [   286000,   286500)         1529    0.0051%  91.3195%
  [   286500,   287000)         1557    0.0052%  91.3247%
  [   287000,   287500)         1501    0.0050%  91.3297%
  [   287500,   288000)         1560    0.0052%  91.3349%
  [   288000,   288500)         1600    0.0053%  91.3403%
  [   288500,   289000)         1570    0.0052%  91.3455%
  [   289000,   289500)         1601    0.0053%  91.3508%
  [   289500,   290000)         1583    0.0053%  91.3561%
  [   290000,   290500)         1584    0.0053%  91.3614%
  [   290500,   291000)         1582    0.0053%  91.3667%
  [   291000,   291500)         1607    0.0054%  91.3720%
  [   291500,   292000)         1546    0.0052%  91.3772%
  [   292000,   292500)         1521    0.0051%  91.3822%
  [   292500,   293000)         1511    0.0050%  91.3873%
  [   293000,   293500)         1512    0.0050%  91.3923%
  [   293500,   294000)         1567    0.0052%  91.3975%
  [   294000,   294500)         1535    0.0051%  91.4026%
  [   294500,   295000)         1567    0.0052%  91.4079%
  [   295000,   295500)         1575    0.0053%  91.4131%
  [   295500,   296000)         1527    0.0051%  91.4182%
  [   296000,   296500)         1474    0.0049%  91.4231%
  [   296500,   297000)         1581    0.0053%  91.4284%
  [   297000,   297500)         1476    0.0049%  91.4333%
  [   297500,   298000)         1556    0.0052%  91.4385%
  [   298000,   298500)         1503    0.0050%  91.4435%
  [   298500,   299000)         1543    0.0051%  91.4487%
  [   299000,   299500)         1550    0.0052%  91.4538%
  [   299500,   300000)         1574    0.0052%  91.4591%
  [   300000,   300500)         1540    0.0051%  91.4642%
  [   300500,   301000)         1552    0.0052%  91.4694%
  [   301000,   301500)         1554    0.0052%  91.4746%
  [   301500,   302000)         1494    0.0050%  91.4795%
  [   302000,   302500)         1540    0.0051%  91.4847%
  [   302500,   303000)         1516    0.0051%  91.4897%
  [   303000,   303500)         1549    0.0052%  91.4949%
  [   303500,   304000)         1479    0.0049%  91.4998%
  [   304000,   304500)         1488    0.0050%  91.5048%
  [   304500,   305000)         1469    0.0049%  91.5097%
  [   305000,   305500)         1505    0.0050%  91.5147%
  [   305500,   306000)         1545    0.0052%  91.5198%
  [   306000,   306500)         1525    0.0051%  91.5249%
  [   306500,   307000)         1477    0.0049%  91.5298%
  [   307000,   307500)         1521    0.0051%  91.5349%
  [   307500,   308000)         1489    0.0050%  91.5399%
  [   308000,   308500)         1538    0.0051%  91.5450%
  [   308500,   309000)         1541    0.0051%  91.5501%
  [   309000,   309500)         1470    0.0049%  91.5550%
  [   309500,   310000)         1490    0.0050%  91.5600%
  [   310000,   310500)         1523    0.0051%  91.5651%
  [   310500,   311000)         1517    0.0051%  91.5701%
  [   311000,   311500)         1481    0.0049%  91.5751%
  [   311500,   312000)         1428    0.0048%  91.5798%
  [   312000,   312500)         1459    0.0049%  91.5847%
  [   312500,   313000)         1488    0.0050%  91.5897%
  [   313000,   313500)         1453    0.0048%  91.5945%
  [   313500,   314000)         1465    0.0049%  91.5994%
  [   314000,   314500)         1510    0.0050%  91.6044%
  [   314500,   315000)         1524    0.0051%  91.6095%
  [   315000,   315500)         1499    0.0050%  91.6145%
  [   315500,   316000)         1518    0.0051%  91.6196%
  [   316000,   316500)         1477    0.0049%  91.6245%
  [   316500,   317000)         1455    0.0049%  91.6293%
  [   317000,   317500)         1500    0.0050%  91.6343%
  [   317500,   318000)         1479    0.0049%  91.6393%
  [   318000,   318500)         1470    0.0049%  91.6442%
  [   318500,   319000)         1471    0.0049%  91.6491%
  [   319000,   319500)         1473    0.0049%  91.6540%
  [   319500,   320000)         1486    0.0050%  91.6589%
  [   320000,   320500)         1448    0.0048%  91.6638%
  [   320500,   321000)         1561    0.0052%  91.6690%
  [   321000,   321500)         1504    0.0050%  91.6740%
  [   321500,   322000)         1491    0.0050%  91.6789%
  [   322000,   322500)         1431    0.0048%  91.6837%
  [   322500,   323000)         1455    0.0049%  91.6886%
  [   323000,   323500)         1400    0.0047%  91.6932%
  [   323500,   324000)         1488    0.0050%  91.6982%
  [   324000,   324500)         1439    0.0048%  91.7030%
  [   324500,   325000)         1507    0.0050%  91.7080%
  [   325000,   325500)         1439    0.0048%  91.7128%
  [   325500,   326000)         1418    0.0047%  91.7175%
  [   326000,   326500)         1435    0.0048%  91.7223%
  [   326500,   327000)         1421    0.0047%  91.7271%
  [   327000,   327500)         1404    0.0047%  91.7317%
  [   327500,   328000)         1423    0.0047%  91.7365%
  [   328000,   328500)         1373    0.0046%  91.7411%
  [   328500,   329000)         1461    0.0049%  91.7459%
  [   329000,   329500)         1446    0.0048%  91.7507%
  [   329500,   330000)         1489    0.0050%  91.7557%
  [   330000,   330500)         1481    0.0049%  91.7606%
  [   330500,   331000)         1351    0.0045%  91.7651%
  [   331000,   331500)         1444    0.0048%  91.7700%
  [   331500,   332000)         1406    0.0047%  91.7746%
  [   332000,   332500)         1410    0.0047%  91.7793%
  [   332500,   333000)         1451    0.0048%  91.7842%
  [   333000,   333500)         1481    0.0049%  91.7891%
  [   333500,   334000)         1398    0.0047%  91.7938%
  [   334000,   334500)         1403    0.0047%  91.7985%
  [   334500,   335000)         1435    0.0048%  91.8032%
  [   335000,   335500)         1468    0.0049%  91.8081%
  [   335500,   336000)         1390    0.0046%  91.8128%
  [   336000,   336500)         1381    0.0046%  91.8174%
  [   336500,   337000)         1395    0.0047%  91.8220%
  [   337000,   337500)         1430    0.0048%  91.8268%
  [   337500,   338000)         1450    0.0048%  91.8316%
  [   338000,   338500)         1390    0.0046%  91.8363%
  [   338500,   339000)         1381    0.0046%  91.8409%
  [   339000,   339500)         1456    0.0049%  91.8457%
  [   339500,   340000)         1440    0.0048%  91.8505%
  [   340000,   340500)         1413    0.0047%  91.8552%
  [   340500,   341000)         1423    0.0047%  91.8600%
  [   341000,   341500)         1371    0.0046%  91.8645%
  [   341500,   342000)         1426    0.0048%  91.8693%
  [   342000,   342500)         1337    0.0045%  91.8737%
  [   342500,   343000)         1423    0.0047%  91.8785%
  [   343000,   343500)         1365    0.0046%  91.8830%
  [   343500,   344000)         1422    0.0047%  91.8878%
  [   344000,   344500)         1424    0.0047%  91.8925%
  [   344500,   345000)         1399    0.0047%  91.8972%
  [   345000,   345500)         1426    0.0048%  91.9019%
  [   345500,   346000)         1424    0.0047%  91.9067%
  [   346000,   346500)         1347    0.0045%  91.9112%
  [   346500,   347000)         1349    0.0045%  91.9157%
  [   347000,   347500)         1403    0.0047%  91.9204%
  [   347500,   348000)         1450    0.0048%  91.9252%
  [   348000,   348500)         1361    0.0045%  91.9297%
  [   348500,   349000)         1467    0.0049%  91.9346%
  [   349000,   349500)         1433    0.0048%  91.9394%
  [   349500,   350000)         1395    0.0047%  91.9440%
  [   350000,   350500)         1361    0.0045%  91.9486%
  [   350500,   351000)         1376    0.0046%  91.9532%
  [   351000,   351500)         1434    0.0048%  91.9579%
  [   351500,   352000)         1391    0.0046%  91.9626%
  [   352000,   352500)         1376    0.0046%  91.9672%
  [   352500,   353000)         1373    0.0046%  91.9717%
  [   353000,   353500)         1405    0.0047%  91.9764%
  [   353500,   354000)         1379    0.0046%  91.9810%
  [   354000,   354500)         1435    0.0048%  91.9858%
  [   354500,   355000)         1381    0.0046%  91.9904%
  [   355000,   355500)         1415    0.0047%  91.9951%
  [   355500,   356000)         1379    0.0046%  91.9997%
  [   356000,   356500)         1375    0.0046%  92.0043%
  [   356500,   357000)         1368    0.0046%  92.0089%
  [   357000,   357500)         1357    0.0045%  92.0134%
  [   357500,   358000)         1379    0.0046%  92.0180%
  [   358000,   358500)         1391    0.0046%  92.0226%
  [   358500,   359000)         1384    0.0046%  92.0272%
  [   359000,   359500)         1319    0.0044%  92.0316%
  [   359500,   360000)         1398    0.0047%  92.0363%
  [   360000,   360500)         1364    0.0045%  92.0408%
  [   360500,   361000)         1339    0.0045%  92.0453%
  [   361000,   361500)         1440    0.0048%  92.0501%
  [   361500,   362000)         1394    0.0046%  92.0547%
  [   362000,   362500)         1368    0.0046%  92.0593%
  [   362500,   363000)         1376    0.0046%  92.0639%
  [   363000,   363500)         1446    0.0048%  92.0687%
  [   363500,   364000)         1347    0.0045%  92.0732%
  [   364000,   364500)         1345    0.0045%  92.0777%
  [   364500,   365000)         1356    0.0045%  92.0822%
  [   365000,   365500)         1352    0.0045%  92.0867%
  [   365500,   366000)         1309    0.0044%  92.0911%
  [   366000,   366500)         1358    0.0045%  92.0956%
  [   366500,   367000)         1449    0.0048%  92.1004%
  [   367000,   367500)         1378    0.0046%  92.1050%
  [   367500,   368000)         1410    0.0047%  92.1097%
  [   368000,   368500)         1360    0.0045%  92.1143%
  [   368500,   369000)         1387    0.0046%  92.1189%
  [   369000,   369500)         1386    0.0046%  92.1235%
  [   369500,   370000)         1425    0.0048%  92.1283%
  [   370000,   370500)         1340    0.0045%  92.1327%
  [   370500,   371000)         1365    0.0046%  92.1373%
  [   371000,   371500)         1372    0.0046%  92.1418%
  [   371500,   372000)         1363    0.0045%  92.1464%
  [   372000,   372500)         1290    0.0043%  92.1507%
  [   372500,   373000)         1332    0.0044%  92.1551%
  [   373000,   373500)         1322    0.0044%  92.1595%
  [   373500,   374000)         1317    0.0044%  92.1639%
  [   374000,   374500)         1299    0.0043%  92.1683%
  [   374500,   375000)         1370    0.0046%  92.1728%
  [   375000,   375500)         1213    0.0040%  92.1769%
  [   375500,   376000)         1316    0.0044%  92.1813%
  [   376000,   376500)         1399    0.0047%  92.1859%
  [   376500,   377000)         1356    0.0045%  92.1904%
  [   377000,   377500)         1378    0.0046%  92.1950%
  [   377500,   378000)         1343    0.0045%  92.1995%
  [   378000,   378500)         1300    0.0043%  92.2038%
  [   378500,   379000)         1370    0.0046%  92.2084%
  [   379000,   379500)         1317    0.0044%  92.2128%
  [   379500,   380000)         1340    0.0045%  92.2173%
  [   380000,   380500)         1324    0.0044%  92.2217%
  [   380500,   381000)         1405    0.0047%  92.2264%
  [   381000,   381500)         1331    0.0044%  92.2308%
  [   381500,   382000)         1348    0.0045%  92.2353%
  [   382000,   382500)         1321    0.0044%  92.2397%
  [   382500,   383000)         1315    0.0044%  92.2441%
  [   383000,   383500)         1296    0.0043%  92.2484%
  [   383500,   384000)         1312    0.0044%  92.2528%
  [   384000,   384500)         1297    0.0043%  92.2571%
  [   384500,   385000)         1340    0.0045%  92.2616%
  [   385000,   385500)         1300    0.0043%  92.2659%
  [   385500,   386000)         1331    0.0044%  92.2703%
  [   386000,   386500)         1309    0.0044%  92.2747%
  [   386500,   387000)         1291    0.0043%  92.2790%
  [   387000,   387500)         1359    0.0045%  92.2835%
  [   387500,   388000)         1381    0.0046%  92.2881%
  [   388000,   388500)         1320    0.0044%  92.2925%
  [   388500,   389000)         1329    0.0044%  92.2970%
  [   389000,   389500)         1391    0.0046%  92.3016%
  [   389500,   390000)         1316    0.0044%  92.3060%
  [   390000,   390500)         1308    0.0044%  92.3103%
  [   390500,   391000)         1329    0.0044%  92.3148%
  [   391000,   391500)         1301    0.0043%  92.3191%
  [   391500,   392000)         1343    0.0045%  92.3236%
  [   392000,   392500)         1335    0.0045%  92.3280%
  [   392500,   393000)         1371    0.0046%  92.3326%
  [   393000,   393500)         1295    0.0043%  92.3369%
  [   393500,   394000)         1339    0.0045%  92.3414%
  [   394000,   394500)         1269    0.0042%  92.3456%
  [   394500,   395000)         1341    0.0045%  92.3501%
  [   395000,   395500)         1297    0.0043%  92.3544%
  [   395500,   396000)         1346    0.0045%  92.3589%
  [   396000,   396500)         1284    0.0043%  92.3632%
  [   396500,   397000)         1283    0.0043%  92.3675%
  [   397000,   397500)         1330    0.0044%  92.3719%
  [   397500,   398000)         1345    0.0045%  92.3764%
  [   398000,   398500)         1307    0.0044%  92.3807%
  [   398500,   399000)         1292    0.0043%  92.3850%
  [   399000,   399500)         1241    0.0041%  92.3892%
  [   399500,   400000)         1381    0.0046%  92.3938%
  [   400000,   400500)         1303    0.0043%  92.3981%
  [   400500,   401000)         1321    0.0044%  92.4025%
  [   401000,   401500)         1331    0.0044%  92.4070%
  [   401500,   402000)         1331    0.0044%  92.4114%
  [   402000,   402500)         1254    0.0042%  92.4156%
  [   402500,   403000)         1270    0.0042%  92.4198%
  [   403000,   403500)         1277    0.0043%  92.4241%
  [   403500,   404000)         1295    0.0043%  92.4284%
  [   404000,   404500)         1335    0.0045%  92.4328%
  [   404500,   405000)         1320    0.0044%  92.4372%
  [   405000,   405500)         1377    0.0046%  92.4418%
  [   405500,   406000)         1310    0.0044%  92.4462%
  [   406000,   406500)         1391    0.0046%  92.4508%
  [   406500,   407000)         1290    0.0043%  92.4551%
  [   407000,   407500)         1385    0.0046%  92.4597%
  [   407500,   408000)         1314    0.0044%  92.4641%
  [   408000,   408500)         1249    0.0042%  92.4683%
  [   408500,   409000)         1318    0.0044%  92.4727%
  [   409000,   409500)         1277    0.0043%  92.4769%
  [   409500,   410000)         1283    0.0043%  92.4812%
  [   410000,   410500)         1303    0.0043%  92.4856%
  [   410500,   411000)         1298    0.0043%  92.4899%
  [   411000,   411500)         1279    0.0043%  92.4941%
  [   411500,   412000)         1356    0.0045%  92.4987%
  [   412000,   412500)         1320    0.0044%  92.5031%
  [   412500,   413000)         1344    0.0045%  92.5075%
  [   413000,   413500)         1345    0.0045%  92.5120%
  [   413500,   414000)         1279    0.0043%  92.5163%
  [   414000,   414500)         1343    0.0045%  92.5208%
  [   414500,   415000)         1317    0.0044%  92.5252%
  [   415000,   415500)         1305    0.0044%  92.5295%
  [   415500,   416000)         1242    0.0041%  92.5336%
  [   416000,   416500)         1351    0.0045%  92.5381%
  [   416500,   417000)         1289    0.0043%  92.5424%
  [   417000,   417500)         1330    0.0044%  92.5469%
  [   417500,   418000)         1252    0.0042%  92.5511%
  [   418000,   418500)         1323    0.0044%  92.5555%
  [   418500,   419000)         1276    0.0043%  92.5597%
  [   419000,   419500)         1317    0.0044%  92.5641%
  [   419500,   420000)         1372    0.0046%  92.5687%
  [   420000,   420500)         1351    0.0045%  92.5732%
  [   420500,   421000)         1324    0.0044%  92.5776%
  [   421000,   421500)         1298    0.0043%  92.5819%
  [   421500,   422000)         1293    0.0043%  92.5862%
  [   422000,   422500)         1303    0.0043%  92.5906%
  [   422500,   423000)         1285    0.0043%  92.5949%
  [   423000,   423500)         1351    0.0045%  92.5994%
  [   423500,   424000)         1332    0.0044%  92.6038%
  [   424000,   424500)         1295    0.0043%  92.6081%
  [   424500,   425000)         1313    0.0044%  92.6125%
  [   425000,   425500)         1282    0.0043%  92.6168%
  [   425500,   426000)         1268    0.0042%  92.6210%
  [   426000,   426500)         1293    0.0043%  92.6253%
  [   426500,   427000)         1373    0.0046%  92.6299%
  [   427000,   427500)         1251    0.0042%  92.6341%
  [   427500,   428000)         1329    0.0044%  92.6385%
  [   428000,   428500)         1333    0.0044%  92.6429%
  [   428500,   429000)         1333    0.0044%  92.6474%
  [   429000,   429500)         1282    0.0043%  92.6516%
  [   429500,   430000)         1308    0.0044%  92.6560%
  [   430000,   430500)         1362    0.0045%  92.6605%
  [   430500,   431000)         1308    0.0044%  92.6649%
  [   431000,   431500)         1307    0.0044%  92.6693%
  [   431500,   432000)         1328    0.0044%  92.6737%
  [   432000,   432500)         1344    0.0045%  92.6782%
  [   432500,   433000)         1361    0.0045%  92.6827%
  [   433000,   433500)         1355    0.0045%  92.6872%
  [   433500,   434000)         1313    0.0044%  92.6916%
  [   434000,   434500)         1285    0.0043%  92.6959%
  [   434500,   435000)         1283    0.0043%  92.7002%
  [   435000,   435500)         1299    0.0043%  92.7045%
  [   435500,   436000)         1306    0.0044%  92.7088%
  [   436000,   436500)         1318    0.0044%  92.7132%
  [   436500,   437000)         1303    0.0043%  92.7176%
  [   437000,   437500)         1364    0.0045%  92.7221%
  [   437500,   438000)         1295    0.0043%  92.7264%
  [   438000,   438500)         1348    0.0045%  92.7309%
  [   438500,   439000)         1368    0.0046%  92.7355%
  [   439000,   439500)         1356    0.0045%  92.7400%
  [   439500,   440000)         1388    0.0046%  92.7446%
  [   440000,   440500)         1362    0.0045%  92.7492%
  [   440500,   441000)         1350    0.0045%  92.7537%
  [   441000,   441500)         1327    0.0044%  92.7581%
  [   441500,   442000)         1351    0.0045%  92.7626%
  [   442000,   442500)         1315    0.0044%  92.7670%
  [   442500,   443000)         1395    0.0047%  92.7716%
  [   443000,   443500)         1321    0.0044%  92.7760%
  [   443500,   444000)         1345    0.0045%  92.7805%
  [   444000,   444500)         1355    0.0045%  92.7850%
  [   444500,   445000)         1346    0.0045%  92.7895%
  [   445000,   445500)         1346    0.0045%  92.7940%
  [   445500,   446000)         1330    0.0044%  92.7984%
  [   446000,   446500)         1354    0.0045%  92.8030%
  [   446500,   447000)         1352    0.0045%  92.8075%
  [   447000,   447500)         1392    0.0046%  92.8121%
  [   447500,   448000)         1406    0.0047%  92.8168%
  [   448000,   448500)         1381    0.0046%  92.8214%
  [   448500,   449000)         1330    0.0044%  92.8258%
  [   449000,   449500)         1333    0.0044%  92.8303%
  [   449500,   450000)         1430    0.0048%  92.8350%
  [   450000,   450500)         1334    0.0044%  92.8395%
  [   450500,   451000)         1457    0.0049%  92.8443%
  [   451000,   451500)         1387    0.0046%  92.8490%
  [   451500,   452000)         1321    0.0044%  92.8534%
  [   452000,   452500)         1337    0.0045%  92.8578%
  [   452500,   453000)         1374    0.0046%  92.8624%
  [   453000,   453500)         1353    0.0045%  92.8669%
  [   453500,   454000)         1341    0.0045%  92.8714%
  [   454000,   454500)         1438    0.0048%  92.8762%
  [   454500,   455000)         1321    0.0044%  92.8806%
  [   455000,   455500)         1440    0.0048%  92.8854%
  [   455500,   456000)         1362    0.0045%  92.8899%
  [   456000,   456500)         1350    0.0045%  92.8944%
  [   456500,   457000)         1384    0.0046%  92.8990%
  [   457000,   457500)         1428    0.0048%  92.9038%
  [   457500,   458000)         1405    0.0047%  92.9085%
  [   458000,   458500)         1406    0.0047%  92.9132%
  [   458500,   459000)         1395    0.0047%  92.9178%
  [   459000,   459500)         1367    0.0046%  92.9224%
  [   459500,   460000)         1465    0.0049%  92.9273%
  [   460000,   460500)         1391    0.0046%  92.9319%
  [   460500,   461000)         1414    0.0047%  92.9366%
  [   461000,   461500)         1332    0.0044%  92.9410%
  [   461500,   462000)         1368    0.0046%  92.9456%
  [   462000,   462500)         1375    0.0046%  92.9502%
  [   462500,   463000)         1437    0.0048%  92.9550%
  [   463000,   463500)         1374    0.0046%  92.9596%
  [   463500,   464000)         1432    0.0048%  92.9643%
  [   464000,   464500)         1415    0.0047%  92.9691%
  [   464500,   465000)         1373    0.0046%  92.9736%
  [   465000,   465500)         1405    0.0047%  92.9783%
  [   465500,   466000)         1491    0.0050%  92.9833%
  [   466000,   466500)         1362    0.0045%  92.9878%
  [   466500,   467000)         1394    0.0046%  92.9925%
  [   467000,   467500)         1418    0.0047%  92.9972%
  [   467500,   468000)         1488    0.0050%  93.0022%
  [   468000,   468500)         1456    0.0049%  93.0070%
  [   468500,   469000)         1479    0.0049%  93.0119%
  [   469000,   469500)         1445    0.0048%  93.0168%
  [   469500,   470000)         1447    0.0048%  93.0216%
  [   470000,   470500)         1365    0.0046%  93.0261%
  [   470500,   471000)         1468    0.0049%  93.0310%
  [   471000,   471500)         1436    0.0048%  93.0358%
  [   471500,   472000)         1432    0.0048%  93.0406%
  [   472000,   472500)         1478    0.0049%  93.0455%
  [   472500,   473000)         1407    0.0047%  93.0502%
  [   473000,   473500)         1474    0.0049%  93.0551%
  [   473500,   474000)         1534    0.0051%  93.0602%
  [   474000,   474500)         1513    0.0050%  93.0653%
  [   474500,   475000)         1458    0.0049%  93.0701%
  [   475000,   475500)         1470    0.0049%  93.0750%
  [   475500,   476000)         1469    0.0049%  93.0799%
  [   476000,   476500)         1517    0.0051%  93.0850%
  [   476500,   477000)         1415    0.0047%  93.0897%
  [   477000,   477500)         1535    0.0051%  93.0948%
  [   477500,   478000)         1534    0.0051%  93.0999%
  [   478000,   478500)         1488    0.0050%  93.1049%
  [   478500,   479000)         1465    0.0049%  93.1098%
  [   479000,   479500)         1523    0.0051%  93.1148%
  [   479500,   480000)         1463    0.0049%  93.1197%
  [   480000,   480500)         1500    0.0050%  93.1247%
  [   480500,   481000)         1430    0.0048%  93.1295%
  [   481000,   481500)         1511    0.0050%  93.1345%
  [   481500,   482000)         1574    0.0052%  93.1398%
  [   482000,   482500)         1535    0.0051%  93.1449%
  [   482500,   483000)         1523    0.0051%  93.1500%
  [   483000,   483500)         1505    0.0050%  93.1550%
  [   483500,   484000)         1568    0.0052%  93.1602%
  [   484000,   484500)         1585    0.0053%  93.1655%
  [   484500,   485000)         1566    0.0052%  93.1707%
  [   485000,   485500)         1545    0.0052%  93.1759%
  [   485500,   486000)         1524    0.0051%  93.1809%
  [   486000,   486500)         1444    0.0048%  93.1858%
  [   486500,   487000)         1513    0.0050%  93.1908%
  [   487000,   487500)         1468    0.0049%  93.1957%
  [   487500,   488000)         1585    0.0053%  93.2010%
  [   488000,   488500)         1648    0.0055%  93.2065%
  [   488500,   489000)         1574    0.0052%  93.2117%
  [   489000,   489500)         1648    0.0055%  93.2172%
  [   489500,   490000)         1526    0.0051%  93.2223%
  [   490000,   490500)         1587    0.0053%  93.2276%
  [   490500,   491000)         1557    0.0052%  93.2328%
  [   491000,   491500)         1626    0.0054%  93.2382%
  [   491500,   492000)         1518    0.0051%  93.2433%
  [   492000,   492500)         1527    0.0051%  93.2483%
  [   492500,   493000)         1656    0.0055%  93.2539%
  [   493000,   493500)         1609    0.0054%  93.2592%
  [   493500,   494000)         1580    0.0053%  93.2645%
  [   494000,   494500)         1597    0.0053%  93.2698%
  [   494500,   495000)         1646    0.0055%  93.2753%
  [   495000,   495500)         1607    0.0054%  93.2807%
  [   495500,   496000)         1566    0.0052%  93.2859%
  [   496000,   496500)         1629    0.0054%  93.2913%
  [   496500,   497000)         1701    0.0057%  93.2970%
  [   497000,   497500)         1635    0.0055%  93.3024%
  [   497500,   498000)         1652    0.0055%  93.3079%
  [   498000,   498500)         1668    0.0056%  93.3135%
  [   498500,   499000)         1626    0.0054%  93.3189%
  [   499000,   499500)         1558    0.0052%  93.3241%
  [   499500,   500000)         1595    0.0053%  93.3294%
  [   500000,   500500)         1643    0.0055%  93.3349%
  [   500500,   501000)         1705    0.0057%  93.3406%
  [   501000,   501500)         1616    0.0054%  93.3460%
  [   501500,   502000)         1679    0.0056%  93.3516%
  [   502000,   502500)         1689    0.0056%  93.3572%
  [   502500,   503000)         1593    0.0053%  93.3625%
  [   503000,   503500)         1698    0.0057%  93.3682%
  [   503500,   504000)         1654    0.0055%  93.3737%
  [   504000,   504500)         1647    0.0055%  93.3792%
  [   504500,   505000)         1754    0.0058%  93.3850%
  [   505000,   505500)         1667    0.0056%  93.3906%
  [   505500,   506000)         1646    0.0055%  93.3961%
  [   506000,   506500)         1767    0.0059%  93.4020%
  [   506500,   507000)         1675    0.0056%  93.4075%
  [   507000,   507500)         1678    0.0056%  93.4131%
  [   507500,   508000)         1711    0.0057%  93.4188%
  [   508000,   508500)         1688    0.0056%  93.4245%
  [   508500,   509000)         1725    0.0058%  93.4302%
  [   509000,   509500)         1755    0.0059%  93.4361%
  [   509500,   510000)         1732    0.0058%  93.4418%
  [   510000,   510500)         1766    0.0059%  93.4477%
  [   510500,   511000)         1742    0.0058%  93.4535%
  [   511000,   511500)         1716    0.0057%  93.4593%
  [   511500,   512000)         1756    0.0059%  93.4651%
  [   512000,   512500)         1770    0.0059%  93.4710%
  [   512500,   513000)         1718    0.0057%  93.4767%
  [   513000,   513500)         1772    0.0059%  93.4826%
  [   513500,   514000)         1788    0.0060%  93.4886%
  [   514000,   514500)         1738    0.0058%  93.4944%
  [   514500,   515000)         1790    0.0060%  93.5004%
  [   515000,   515500)         1735    0.0058%  93.5061%
  [   515500,   516000)         1769    0.0059%  93.5120%
  [   516000,   516500)         1789    0.0060%  93.5180%
  [   516500,   517000)         1812    0.0060%  93.5240%
  [   517000,   517500)         1781    0.0059%  93.5300%
  [   517500,   518000)         1849    0.0062%  93.5361%
  [   518000,   518500)         1863    0.0062%  93.5424%
  [   518500,   519000)         1782    0.0059%  93.5483%
  [   519000,   519500)         1807    0.0060%  93.5543%
  [   519500,   520000)         1863    0.0062%  93.5605%
  [   520000,   520500)         1852    0.0062%  93.5667%
  [   520500,   521000)         1906    0.0064%  93.5731%
  [   521000,   521500)         1826    0.0061%  93.5791%
  [   521500,   522000)         1797    0.0060%  93.5851%
  [   522000,   522500)         1996    0.0067%  93.5918%
  [   522500,   523000)         1921    0.0064%  93.5982%
  [   523000,   523500)         1796    0.0060%  93.6042%
  [   523500,   524000)         1876    0.0063%  93.6104%
  [   524000,   524500)         1880    0.0063%  93.6167%
  [   524500,   525000)         1848    0.0062%  93.6229%
  [   525000,   525500)         1943    0.0065%  93.6293%
  [   525500,   526000)         1960    0.0065%  93.6359%
  [   526000,   526500)         1979    0.0066%  93.6425%
  [   526500,   527000)         1918    0.0064%  93.6489%
  [   527000,   527500)         1967    0.0066%  93.6554%
  [   527500,   528000)         1869    0.0062%  93.6616%
  [   528000,   528500)         1886    0.0063%  93.6679%
  [   528500,   529000)         1996    0.0067%  93.6746%
  [   529000,   529500)         1966    0.0066%  93.6811%
  [   529500,   530000)         1979    0.0066%  93.6877%
  [   530000,   530500)         1954    0.0065%  93.6942%
  [   530500,   531000)         1949    0.0065%  93.7007%
  [   531000,   531500)         1955    0.0065%  93.7073%
  [   531500,   532000)         2007    0.0067%  93.7139%
  [   532000,   532500)         2002    0.0067%  93.7206%
  [   532500,   533000)         1946    0.0065%  93.7271%
  [   533000,   533500)         2051    0.0068%  93.7339%
  [   533500,   534000)         2017    0.0067%  93.7407%
  [   534000,   534500)         1973    0.0066%  93.7472%
  [   534500,   535000)         1960    0.0065%  93.7538%
  [   535000,   535500)         2075    0.0069%  93.7607%
  [   535500,   536000)         2024    0.0067%  93.7674%
  [   536000,   536500)         2019    0.0067%  93.7742%
  [   536500,   537000)         2087    0.0070%  93.7811%
  [   537000,   537500)         2057    0.0069%  93.7880%
  [   537500,   538000)         2048    0.0068%  93.7948%
  [   538000,   538500)         2037    0.0068%  93.8016%
  [   538500,   539000)         2094    0.0070%  93.8086%
  [   539000,   539500)         2114    0.0070%  93.8156%
  [   539500,   540000)         2165    0.0072%  93.8228%
  [   540000,   540500)         2089    0.0070%  93.8298%
  [   540500,   541000)         2199    0.0073%  93.8371%
  [   541000,   541500)         2111    0.0070%  93.8442%
  [   541500,   542000)         2169    0.0072%  93.8514%
  [   542000,   542500)         2199    0.0073%  93.8587%
  [   542500,   543000)         2224    0.0074%  93.8661%
  [   543000,   543500)         2166    0.0072%  93.8734%
  [   543500,   544000)         2129    0.0071%  93.8805%
  [   544000,   544500)         2168    0.0072%  93.8877%
  [   544500,   545000)         2170    0.0072%  93.8949%
  [   545000,   545500)         2125    0.0071%  93.9020%
  [   545500,   546000)         2126    0.0071%  93.9091%
  [   546000,   546500)         2169    0.0072%  93.9163%
  [   546500,   547000)         2252    0.0075%  93.9238%
  [   547000,   547500)         2292    0.0076%  93.9315%
  [   547500,   548000)         2243    0.0075%  93.9389%
  [   548000,   548500)         2281    0.0076%  93.9465%
  [   548500,   549000)         2169    0.0072%  93.9538%
  [   549000,   549500)         2274    0.0076%  93.9614%
  [   549500,   550000)         2242    0.0075%  93.9688%
  [   550000,   550500)         2150    0.0072%  93.9760%
  [   550500,   551000)         2319    0.0077%  93.9837%
  [   551000,   551500)         2223    0.0074%  93.9911%
  [   551500,   552000)         2178    0.0073%  93.9984%
  [   552000,   552500)         2201    0.0073%  94.0057%
  [   552500,   553000)         2333    0.0078%  94.0135%
  [   553000,   553500)         2253    0.0075%  94.0210%
  [   553500,   554000)         2316    0.0077%  94.0287%
  [   554000,   554500)         2322    0.0077%  94.0365%
  [   554500,   555000)         2365    0.0079%  94.0444%
  [   555000,   555500)         2317    0.0077%  94.0521%
  [   555500,   556000)         2283    0.0076%  94.0597%
  [   556000,   556500)         2423    0.0081%  94.0678%
  [   556500,   557000)         2388    0.0080%  94.0757%
  [   557000,   557500)         2370    0.0079%  94.0836%
  [   557500,   558000)         2369    0.0079%  94.0915%
  [   558000,   558500)         2344    0.0078%  94.0993%
  [   558500,   559000)         2364    0.0079%  94.1072%
  [   559000,   559500)         2426    0.0081%  94.1153%
  [   559500,   560000)         2451    0.0082%  94.1235%
  [   560000,   560500)         2470    0.0082%  94.1317%
  [   560500,   561000)         2485    0.0083%  94.1400%
  [   561000,   561500)         2409    0.0080%  94.1480%
  [   561500,   562000)         2444    0.0081%  94.1562%
  [   562000,   562500)         2404    0.0080%  94.1642%
  [   562500,   563000)         2406    0.0080%  94.1722%
  [   563000,   563500)         2422    0.0081%  94.1803%
  [   563500,   564000)         2403    0.0080%  94.1883%
  [   564000,   564500)         2561    0.0085%  94.1968%
  [   564500,   565000)         2469    0.0082%  94.2051%
  [   565000,   565500)         2514    0.0084%  94.2134%
  [   565500,   566000)         2470    0.0082%  94.2217%
  [   566000,   566500)         2421    0.0081%  94.2297%
  [   566500,   567000)         2584    0.0086%  94.2384%
  [   567000,   567500)         2416    0.0081%  94.2464%
  [   567500,   568000)         2566    0.0086%  94.2550%
  [   568000,   568500)         2501    0.0083%  94.2633%
  [   568500,   569000)         2468    0.0082%  94.2715%
  [   569000,   569500)         2485    0.0083%  94.2798%
  [   569500,   570000)         2553    0.0085%  94.2883%
  [   570000,   570500)         2552    0.0085%  94.2968%
  [   570500,   571000)         2595    0.0087%  94.3055%
  [   571000,   571500)         2535    0.0085%  94.3139%
  [   571500,   572000)         2551    0.0085%  94.3224%
  [   572000,   572500)         2648    0.0088%  94.3313%
  [   572500,   573000)         2668    0.0089%  94.3401%
  [   573000,   573500)         2561    0.0085%  94.3487%
  [   573500,   574000)         2626    0.0088%  94.3574%
  [   574000,   574500)         2725    0.0091%  94.3665%
  [   574500,   575000)         2740    0.0091%  94.3757%
  [   575000,   575500)         2712    0.0090%  94.3847%
  [   575500,   576000)         2650    0.0088%  94.3935%
  [   576000,   576500)         2580    0.0086%  94.4021%
  [   576500,   577000)         2694    0.0090%  94.4111%
  [   577000,   577500)         2692    0.0090%  94.4201%
  [   577500,   578000)         2701    0.0090%  94.4291%
  [   578000,   578500)         2805    0.0094%  94.4384%
  [   578500,   579000)         2751    0.0092%  94.4476%
  [   579000,   579500)         2779    0.0093%  94.4569%
  [   579500,   580000)         2776    0.0093%  94.4661%
  [   580000,   580500)         2789    0.0093%  94.4754%
  [   580500,   581000)         2842    0.0095%  94.4849%
  [   581000,   581500)         2787    0.0093%  94.4942%
  [   581500,   582000)         2814    0.0094%  94.5036%
  [   582000,   582500)         2807    0.0094%  94.5129%
  [   582500,   583000)         2841    0.0095%  94.5224%
  [   583000,   583500)         2810    0.0094%  94.5318%
  [   583500,   584000)         2793    0.0093%  94.5411%
  [   584000,   584500)         2836    0.0095%  94.5505%
  [   584500,   585000)         2866    0.0096%  94.5601%
  [   585000,   585500)         2915    0.0097%  94.5698%
  [   585500,   586000)         2873    0.0096%  94.5794%
  [   586000,   586500)         2804    0.0093%  94.5887%
  [   586500,   587000)         2956    0.0099%  94.5986%
  [   587000,   587500)         2911    0.0097%  94.6083%
  [   587500,   588000)         2854    0.0095%  94.6178%
  [   588000,   588500)         2889    0.0096%  94.6274%
  [   588500,   589000)         3008    0.0100%  94.6374%
  [   589000,   589500)         2960    0.0099%  94.6473%
  [   589500,   590000)         2993    0.0100%  94.6573%
  [   590000,   590500)         3106    0.0104%  94.6676%
  [   590500,   591000)         2953    0.0098%  94.6775%
  [   591000,   591500)         2904    0.0097%  94.6872%
  [   591500,   592000)         3018    0.0101%  94.6972%
  [   592000,   592500)         2979    0.0099%  94.7071%
  [   592500,   593000)         3078    0.0103%  94.7174%
  [   593000,   593500)         3031    0.0101%  94.7275%
  [   593500,   594000)         3090    0.0103%  94.7378%
  [   594000,   594500)         3024    0.0101%  94.7479%
  [   594500,   595000)         3066    0.0102%  94.7581%
  [   595000,   595500)         2939    0.0098%  94.7679%
  [   595500,   596000)         3037    0.0101%  94.7780%
  [   596000,   596500)         3094    0.0103%  94.7883%
  [   596500,   597000)         3159    0.0105%  94.7989%
  [   597000,   597500)         3105    0.0104%  94.8092%
  [   597500,   598000)         2996    0.0100%  94.8192%
  [   598000,   598500)         3200    0.0107%  94.8299%
  [   598500,   599000)         3111    0.0104%  94.8402%
  [   599000,   599500)         3031    0.0101%  94.8504%
  [   599500,   600000)         3180    0.0106%  94.8610%
  [   600000,   600500)         3095    0.0103%  94.8713%
  [   600500,   601000)         3110    0.0104%  94.8816%
  [   601000,   601500)         3115    0.0104%  94.8920%
  [   601500,   602000)         3138    0.0105%  94.9025%
  [   602000,   602500)         3297    0.0110%  94.9135%
  [   602500,   603000)         3183    0.0106%  94.9241%
  [   603000,   603500)         3257    0.0109%  94.9349%
  [   603500,   604000)         3118    0.0104%  94.9453%
  [   604000,   604500)         3292    0.0110%  94.9563%
  [   604500,   605000)         3226    0.0108%  94.9671%
  [   605000,   605500)         3253    0.0108%  94.9779%
  [   605500,   606000)         3261    0.0109%  94.9888%
  [   606000,   606500)         3258    0.0109%  94.9996%
  [   606500,   607000)         3332    0.0111%  95.0107%
  [   607000,   607500)         3295    0.0110%  95.0217%
  [   607500,   608000)         3384    0.0113%  95.0330%
  [   608000,   608500)         3238    0.0108%  95.0438%
  [   608500,   609000)         3411    0.0114%  95.0552%
  [   609000,   609500)         3309    0.0110%  95.0662%
  [   609500,   610000)         3321    0.0111%  95.0773%
  [   610000,   610500)         3339    0.0111%  95.0884%
  [   610500,   611000)         3322    0.0111%  95.0995%
  [   611000,   611500)         3354    0.0112%  95.1106%
  [   611500,   612000)         3352    0.0112%  95.1218%
  [   612000,   612500)         3318    0.0111%  95.1329%
  [   612500,   613000)         3390    0.0113%  95.1442%
  [   613000,   613500)         3396    0.0113%  95.1555%
  [   613500,   614000)         3358    0.0112%  95.1667%
  [   614000,   614500)         3476    0.0116%  95.1783%
  [   614500,   615000)         3553    0.0118%  95.1901%
  [   615000,   615500)         3428    0.0114%  95.2015%
  [   615500,   616000)         3508    0.0117%  95.2132%
  [   616000,   616500)         3580    0.0119%  95.2252%
  [   616500,   617000)         3592    0.0120%  95.2371%
  [   617000,   617500)         3552    0.0118%  95.2490%
  [   617500,   618000)         3449    0.0115%  95.2605%
  [   618000,   618500)         3526    0.0118%  95.2722%
  [   618500,   619000)         3601    0.0120%  95.2842%
  [   619000,   619500)         3458    0.0115%  95.2958%
  [   619500,   620000)         3497    0.0117%  95.3074%
  [   620000,   620500)         3639    0.0121%  95.3196%
  [   620500,   621000)         3520    0.0117%  95.3313%
  [   621000,   621500)         3618    0.0121%  95.3433%
  [   621500,   622000)         3549    0.0118%  95.3552%
  [   622000,   622500)         3695    0.0123%  95.3675%
  [   622500,   623000)         3582    0.0119%  95.3794%
  [   623000,   623500)         3591    0.0120%  95.3914%
  [   623500,   624000)         3513    0.0117%  95.4031%
  [   624000,   624500)         3647    0.0122%  95.4153%
  [   624500,   625000)         3596    0.0120%  95.4273%
  [   625000,   625500)         3675    0.0123%  95.4395%
  [   625500,   626000)         3551    0.0118%  95.4513%
  [   626000,   626500)         3541    0.0118%  95.4631%
  [   626500,   627000)         3605    0.0120%  95.4752%
  [   627000,   627500)         3600    0.0120%  95.4872%
  [   627500,   628000)         3588    0.0120%  95.4991%
  [   628000,   628500)         3567    0.0119%  95.5110%
  [   628500,   629000)         3719    0.0124%  95.5234%
  [   629000,   629500)         3623    0.0121%  95.5355%
  [   629500,   630000)         3753    0.0125%  95.5480%
  [   630000,   630500)         3656    0.0122%  95.5602%
  [   630500,   631000)         3636    0.0121%  95.5723%
  [   631000,   631500)         3751    0.0125%  95.5848%
  [   631500,   632000)         3647    0.0122%  95.5970%
  [   632000,   632500)         3724    0.0124%  95.6094%
  [   632500,   633000)         3784    0.0126%  95.6220%
  [   633000,   633500)         3675    0.0123%  95.6342%
  [   633500,   634000)         3701    0.0123%  95.6466%
  [   634000,   634500)         3695    0.0123%  95.6589%
  [   634500,   635000)         3669    0.0122%  95.6711%
  [   635000,   635500)         3665    0.0122%  95.6833%
  [   635500,   636000)         3755    0.0125%  95.6959%
  [   636000,   636500)         3767    0.0126%  95.7084%
  [   636500,   637000)         3729    0.0124%  95.7208%
  [   637000,   637500)         3619    0.0121%  95.7329%
  [   637500,   638000)         3765    0.0126%  95.7455%
  [   638000,   638500)         3772    0.0126%  95.7580%
  [   638500,   639000)         3787    0.0126%  95.7707%
  [   639000,   639500)         3840    0.0128%  95.7835%
  [   639500,   640000)         3821    0.0127%  95.7962%
  [   640000,   640500)         3804    0.0127%  95.8089%
  [   640500,   641000)         3698    0.0123%  95.8212%
  [   641000,   641500)         3769    0.0126%  95.8338%
  [   641500,   642000)         3720    0.0124%  95.8462%
  [   642000,   642500)         3831    0.0128%  95.8589%
  [   642500,   643000)         3834    0.0128%  95.8717%
  [   643000,   643500)         3722    0.0124%  95.8841%
  [   643500,   644000)         3789    0.0126%  95.8967%
  [   644000,   644500)         3874    0.0129%  95.9097%
  [   644500,   645000)         3791    0.0126%  95.9223%
  [   645000,   645500)         3752    0.0125%  95.9348%
  [   645500,   646000)         3867    0.0129%  95.9477%
  [   646000,   646500)         3905    0.0130%  95.9607%
  [   646500,   647000)         3751    0.0125%  95.9732%
  [   647000,   647500)         3851    0.0128%  95.9861%
  [   647500,   648000)         3849    0.0128%  95.9989%
  [   648000,   648500)         3828    0.0128%  96.0116%
  [   648500,   649000)         3889    0.0130%  96.0246%
  [   649000,   649500)         3776    0.0126%  96.0372%
  [   649500,   650000)         3739    0.0125%  96.0497%
  [   650000,   650500)         3899    0.0130%  96.0627%
  [   650500,   651000)         3783    0.0126%  96.0753%
  [   651000,   651500)         3790    0.0126%  96.0879%
  [   651500,   652000)         3978    0.0133%  96.1012%
  [   652000,   652500)         3901    0.0130%  96.1142%
  [   652500,   653000)         3813    0.0127%  96.1269%
  [   653000,   653500)         3809    0.0127%  96.1396%
  [   653500,   654000)         3846    0.0128%  96.1524%
  [   654000,   654500)         3928    0.0131%  96.1655%
  [   654500,   655000)         3785    0.0126%  96.1781%
  [   655000,   655500)         3773    0.0126%  96.1907%
  [   655500,   656000)         3939    0.0131%  96.2038%
  [   656000,   656500)         3823    0.0127%  96.2165%
  [   656500,   657000)         3950    0.0132%  96.2297%
  [   657000,   657500)         3942    0.0131%  96.2429%
  [   657500,   658000)         3921    0.0131%  96.2559%
  [   658000,   658500)         3913    0.0130%  96.2690%
  [   658500,   659000)         3938    0.0131%  96.2821%
  [   659000,   659500)         3875    0.0129%  96.2950%
  [   659500,   660000)         3888    0.0130%  96.3080%
  [   660000,   660500)         3938    0.0131%  96.3211%
  [   660500,   661000)         3882    0.0129%  96.3340%
  [   661000,   661500)         4050    0.0135%  96.3475%
  [   661500,   662000)         3920    0.0131%  96.3606%
  [   662000,   662500)         3923    0.0131%  96.3737%
  [   662500,   663000)         3828    0.0128%  96.3864%
  [   663000,   663500)         3831    0.0128%  96.3992%
  [   663500,   664000)         3890    0.0130%  96.4122%
  [   664000,   664500)         3825    0.0128%  96.4249%
  [   664500,   665000)         3846    0.0128%  96.4377%
  [   665000,   665500)         3813    0.0127%  96.4505%
  [   665500,   666000)         3849    0.0128%  96.4633%
  [   666000,   666500)         3850    0.0128%  96.4761%
  [   666500,   667000)         3772    0.0126%  96.4887%
  [   667000,   667500)         3828    0.0128%  96.5015%
  [   667500,   668000)         3851    0.0128%  96.5143%
  [   668000,   668500)         3855    0.0129%  96.5271%
  [   668500,   669000)         3814    0.0127%  96.5399%
  [   669000,   669500)         3802    0.0127%  96.5525%
  [   669500,   670000)         3711    0.0124%  96.5649%
  [   670000,   670500)         3877    0.0129%  96.5778%
  [   670500,   671000)         3798    0.0127%  96.5905%
  [   671000,   671500)         3829    0.0128%  96.6032%
  [   671500,   672000)         3891    0.0130%  96.6162%
  [   672000,   672500)         3896    0.0130%  96.6292%
  [   672500,   673000)         3795    0.0127%  96.6418%
  [   673000,   673500)         3754    0.0125%  96.6544%
  [   673500,   674000)         3956    0.0132%  96.6675%
  [   674000,   674500)         3729    0.0124%  96.6800%
  [   674500,   675000)         3831    0.0128%  96.6927%
  [   675000,   675500)         3849    0.0128%  96.7056%
  [   675500,   676000)         3772    0.0126%  96.7182%
  [   676000,   676500)         3711    0.0124%  96.7305%
  [   676500,   677000)         3753    0.0125%  96.7430%
  [   677000,   677500)         3663    0.0122%  96.7552%
  [   677500,   678000)         3757    0.0125%  96.7678%
  [   678000,   678500)         3824    0.0127%  96.7805%
  [   678500,   679000)         3870    0.0129%  96.7934%
  [   679000,   679500)         3832    0.0128%  96.8062%
  [   679500,   680000)         3781    0.0126%  96.8188%
  [   680000,   680500)         3809    0.0127%  96.8315%
  [   680500,   681000)         3742    0.0125%  96.8440%
  [   681000,   681500)         3773    0.0126%  96.8565%
  [   681500,   682000)         3696    0.0123%  96.8689%
  [   682000,   682500)         3873    0.0129%  96.8818%
  [   682500,   683000)         3804    0.0127%  96.8944%
  [   683000,   683500)         3761    0.0125%  96.9070%
  [   683500,   684000)         3834    0.0128%  96.9198%
  [   684000,   684500)         3814    0.0127%  96.9325%
  [   684500,   685000)         3715    0.0124%  96.9449%
  [   685000,   685500)         3829    0.0128%  96.9576%
  [   685500,   686000)         3683    0.0123%  96.9699%
  [   686000,   686500)         3748    0.0125%  96.9824%
  [   686500,   687000)         3749    0.0125%  96.9949%
  [   687000,   687500)         3630    0.0121%  97.0070%
  [   687500,   688000)         3707    0.0124%  97.0193%
  [   688000,   688500)         3728    0.0124%  97.0318%
  [   688500,   689000)         3679    0.0123%  97.0440%
  [   689000,   689500)         3726    0.0124%  97.0565%
  [   689500,   690000)         3702    0.0123%  97.0688%
  [   690000,   690500)         3642    0.0121%  97.0809%
  [   690500,   691000)         3773    0.0126%  97.0935%
  [   691000,   691500)         3800    0.0127%  97.1062%
  [   691500,   692000)         3534    0.0118%  97.1180%
  [   692000,   692500)         3641    0.0121%  97.1301%
  [   692500,   693000)         3638    0.0121%  97.1422%
  [   693000,   693500)         3735    0.0125%  97.1547%
  [   693500,   694000)         3554    0.0118%  97.1665%
  [   694000,   694500)         3651    0.0122%  97.1787%
  [   694500,   695000)         3596    0.0120%  97.1907%
  [   695000,   695500)         3662    0.0122%  97.2029%
  [   695500,   696000)         3567    0.0119%  97.2148%
  [   696000,   696500)         3614    0.0120%  97.2268%
  [   696500,   697000)         3631    0.0121%  97.2389%
  [   697000,   697500)         3654    0.0122%  97.2511%
  [   697500,   698000)         3631    0.0121%  97.2632%
  [   698000,   698500)         3590    0.0120%  97.2752%
  [   698500,   699000)         3584    0.0119%  97.2871%
  [   699000,   699500)         3641    0.0121%  97.2993%
  [   699500,   700000)         3576    0.0119%  97.3112%
  [   700000,   700500)         3562    0.0119%  97.3230%
  [   700500,   701000)         3549    0.0118%  97.3349%
  [   701000,   701500)         3603    0.0120%  97.3469%
  [   701500,   702000)         3575    0.0119%  97.3588%
  [   702000,   702500)         3538    0.0118%  97.3706%
  [   702500,   703000)         3561    0.0119%  97.3825%
  [   703000,   703500)         3534    0.0118%  97.3942%
  [   703500,   704000)         3520    0.0117%  97.4060%
  [   704000,   704500)         3454    0.0115%  97.4175%
  [   704500,   705000)         3515    0.0117%  97.4292%
  [   705000,   705500)         3530    0.0118%  97.4410%
  [   705500,   706000)         3513    0.0117%  97.4527%
  [   706000,   706500)         3551    0.0118%  97.4645%
  [   706500,   707000)         3514    0.0117%  97.4762%
  [   707000,   707500)         3436    0.0115%  97.4877%
  [   707500,   708000)         3435    0.0115%  97.4991%
  [   708000,   708500)         3454    0.0115%  97.5107%
  [   708500,   709000)         3506    0.0117%  97.5223%
  [   709000,   709500)         3461    0.0115%  97.5339%
  [   709500,   710000)         3376    0.0113%  97.5451%
  [   710000,   710500)         3366    0.0112%  97.5564%
  [   710500,   711000)         3411    0.0114%  97.5677%
  [   711000,   711500)         3347    0.0112%  97.5789%
  [   711500,   712000)         3442    0.0115%  97.5904%
  [   712000,   712500)         3325    0.0111%  97.6014%
  [   712500,   713000)         3388    0.0113%  97.6127%
  [   713000,   713500)         3284    0.0109%  97.6237%
  [   713500,   714000)         3362    0.0112%  97.6349%
  [   714000,   714500)         3316    0.0111%  97.6459%
  [   714500,   715000)         3346    0.0112%  97.6571%
  [   715000,   715500)         3317    0.0111%  97.6681%
  [   715500,   716000)         3438    0.0115%  97.6796%
  [   716000,   716500)         3329    0.0111%  97.6907%
  [   716500,   717000)         3269    0.0109%  97.7016%
  [   717000,   717500)         3325    0.0111%  97.7127%
  [   717500,   718000)         3135    0.0105%  97.7231%
  [   718000,   718500)         3241    0.0108%  97.7339%
  [   718500,   719000)         3374    0.0112%  97.7452%
  [   719000,   719500)         3261    0.0109%  97.7561%
  [   719500,   720000)         3302    0.0110%  97.7671%
  [   720000,   720500)         3241    0.0108%  97.7779%
  [   720500,   721000)         3192    0.0106%  97.7885%
  [   721000,   721500)         3175    0.0106%  97.7991%
  [   721500,   722000)         3239    0.0108%  97.8099%
  [   722000,   722500)         3248    0.0108%  97.8207%
  [   722500,   723000)         3236    0.0108%  97.8315%
  [   723000,   723500)         3237    0.0108%  97.8423%
  [   723500,   724000)         3148    0.0105%  97.8528%
  [   724000,   724500)         3189    0.0106%  97.8634%
  [   724500,   725000)         3115    0.0104%  97.8738%
  [   725000,   725500)         3316    0.0111%  97.8848%
  [   725500,   726000)         3224    0.0107%  97.8956%
  [   726000,   726500)         3163    0.0105%  97.9061%
  [   726500,   727000)         3165    0.0106%  97.9167%
  [   727000,   727500)         3152    0.0105%  97.9272%
  [   727500,   728000)         3130    0.0104%  97.9376%
  [   728000,   728500)         3095    0.0103%  97.9479%
  [   728500,   729000)         3073    0.0102%  97.9582%
  [   729000,   729500)         3007    0.0100%  97.9682%
  [   729500,   730000)         2986    0.0100%  97.9782%
  [   730000,   730500)         2980    0.0099%  97.9881%
  [   730500,   731000)         3214    0.0107%  97.9988%
  [   731000,   731500)         3032    0.0101%  98.0089%
  [   731500,   732000)         3013    0.0100%  98.0190%
  [   732000,   732500)         3023    0.0101%  98.0290%
  [   732500,   733000)         3154    0.0105%  98.0395%
  [   733000,   733500)         3003    0.0100%  98.0496%
  [   733500,   734000)         2967    0.0099%  98.0594%
  [   734000,   734500)         3047    0.0102%  98.0696%
  [   734500,   735000)         3112    0.0104%  98.0800%
  [   735000,   735500)         3036    0.0101%  98.0901%
  [   735500,   736000)         2857    0.0095%  98.0996%
  [   736000,   736500)         2852    0.0095%  98.1091%
  [   736500,   737000)         2971    0.0099%  98.1190%
  [   737000,   737500)         2945    0.0098%  98.1288%
  [   737500,   738000)         2959    0.0099%  98.1387%
  [   738000,   738500)         2878    0.0096%  98.1483%
  [   738500,   739000)         2999    0.0100%  98.1583%
  [   739000,   739500)         2954    0.0098%  98.1681%
  [   739500,   740000)         2867    0.0096%  98.1777%
  [   740000,   740500)         2833    0.0094%  98.1871%
  [   740500,   741000)         2875    0.0096%  98.1967%
  [   741000,   741500)         2883    0.0096%  98.2063%
  [   741500,   742000)         2810    0.0094%  98.2157%
  [   742000,   742500)         2790    0.0093%  98.2250%
  [   742500,   743000)         2872    0.0096%  98.2346%
  [   743000,   743500)         2679    0.0089%  98.2435%
  [   743500,   744000)         2819    0.0094%  98.2529%
  [   744000,   744500)         2830    0.0094%  98.2623%
  [   744500,   745000)         2744    0.0091%  98.2715%
  [   745000,   745500)         2731    0.0091%  98.2806%
  [   745500,   746000)         2778    0.0093%  98.2899%
  [   746000,   746500)         2858    0.0095%  98.2994%
  [   746500,   747000)         2749    0.0092%  98.3085%
  [   747000,   747500)         2804    0.0093%  98.3179%
  [   747500,   748000)         2733    0.0091%  98.3270%
  [   748000,   748500)         2796    0.0093%  98.3363%
  [   748500,   749000)         2694    0.0090%  98.3453%
  [   749000,   749500)         2687    0.0090%  98.3543%
  [   749500,   750000)         2683    0.0089%  98.3632%
  [   750000,   750500)         2704    0.0090%  98.3722%
  [   750500,   751000)         2604    0.0087%  98.3809%
  [   751000,   751500)         2654    0.0088%  98.3897%
  [   751500,   752000)         2600    0.0087%  98.3984%
  [   752000,   752500)         2644    0.0088%  98.4072%
  [   752500,   753000)         2588    0.0086%  98.4158%
  [   753000,   753500)         2578    0.0086%  98.4244%
  [   753500,   754000)         2708    0.0090%  98.4335%
  [   754000,   754500)         2443    0.0081%  98.4416%
  [   754500,   755000)         2613    0.0087%  98.4503%
  [   755000,   755500)         2706    0.0090%  98.4593%
  [   755500,   756000)         2567    0.0086%  98.4679%
  [   756000,   756500)         2600    0.0087%  98.4766%
  [   756500,   757000)         2566    0.0086%  98.4851%
  [   757000,   757500)         2525    0.0084%  98.4935%
  [   757500,   758000)         2526    0.0084%  98.5020%
  [   758000,   758500)         2507    0.0084%  98.5103%
  [   758500,   759000)         2447    0.0082%  98.5185%
  [   759000,   759500)         2493    0.0083%  98.5268%
  [   759500,   760000)         2469    0.0082%  98.5350%
  [   760000,   760500)         2454    0.0082%  98.5432%
  [   760500,   761000)         2486    0.0083%  98.5515%
  [   761000,   761500)         2487    0.0083%  98.5598%
  [   761500,   762000)         2419    0.0081%  98.5678%
  [   762000,   762500)         2442    0.0081%  98.5760%
  [   762500,   763000)         2375    0.0079%  98.5839%
  [   763000,   763500)         2466    0.0082%  98.5921%
  [   763500,   764000)         2389    0.0080%  98.6001%
  [   764000,   764500)         2377    0.0079%  98.6080%
  [   764500,   765000)         2417    0.0081%  98.6160%
  [   765000,   765500)         2310    0.0077%  98.6237%
  [   765500,   766000)         2347    0.0078%  98.6316%
  [   766000,   766500)         2339    0.0078%  98.6394%
  [   766500,   767000)         2332    0.0078%  98.6471%
  [   767000,   767500)         2261    0.0075%  98.6547%
  [   767500,   768000)         2335    0.0078%  98.6625%
  [   768000,   768500)         2344    0.0078%  98.6703%
  [   768500,   769000)         2343    0.0078%  98.6781%
  [   769000,   769500)         2295    0.0077%  98.6857%
  [   769500,   770000)         2321    0.0077%  98.6935%
  [   770000,   770500)         2238    0.0075%  98.7009%
  [   770500,   771000)         2197    0.0073%  98.7083%
  [   771000,   771500)         2204    0.0073%  98.7156%
  [   771500,   772000)         2301    0.0077%  98.7233%
  [   772000,   772500)         2261    0.0075%  98.7308%
  [   772500,   773000)         2153    0.0072%  98.7380%
  [   773000,   773500)         2268    0.0076%  98.7455%
  [   773500,   774000)         2178    0.0073%  98.7528%
  [   774000,   774500)         2182    0.0073%  98.7601%
  [   774500,   775000)         2109    0.0070%  98.7671%
  [   775000,   775500)         2150    0.0072%  98.7743%
  [   775500,   776000)         2150    0.0072%  98.7814%
  [   776000,   776500)         2156    0.0072%  98.7886%
  [   776500,   777000)         2149    0.0072%  98.7958%
  [   777000,   777500)         2141    0.0071%  98.8029%
  [   777500,   778000)         2074    0.0069%  98.8098%
  [   778000,   778500)         2143    0.0071%  98.8170%
  [   778500,   779000)         2186    0.0073%  98.8243%
  [   779000,   779500)         2108    0.0070%  98.8313%
  [   779500,   780000)         2102    0.0070%  98.8383%
  [   780000,   780500)         2125    0.0071%  98.8454%
  [   780500,   781000)         2044    0.0068%  98.8522%
  [   781000,   781500)         2079    0.0069%  98.8591%
  [   781500,   782000)         2071    0.0069%  98.8660%
  [   782000,   782500)         2067    0.0069%  98.8729%
  [   782500,   783000)         1979    0.0066%  98.8795%
  [   783000,   783500)         2059    0.0069%  98.8864%
  [   783500,   784000)         2060    0.0069%  98.8932%
  [   784000,   784500)         2045    0.0068%  98.9001%
  [   784500,   785000)         2001    0.0067%  98.9067%
  [   785000,   785500)         2021    0.0067%  98.9135%
  [   785500,   786000)         2034    0.0068%  98.9203%
  [   786000,   786500)         1991    0.0066%  98.9269%
  [   786500,   787000)         1998    0.0067%  98.9335%
  [   787000,   787500)         1991    0.0066%  98.9402%
  [   787500,   788000)         1919    0.0064%  98.9466%
  [   788000,   788500)         1883    0.0063%  98.9529%
  [   788500,   789000)         1945    0.0065%  98.9593%
  [   789000,   789500)         1936    0.0065%  98.9658%
  [   789500,   790000)         1943    0.0065%  98.9723%
  [   790000,   790500)         1861    0.0062%  98.9785%
  [   790500,   791000)         1941    0.0065%  98.9849%
  [   791000,   791500)         1885    0.0063%  98.9912%
  [   791500,   792000)         1900    0.0063%  98.9976%
  [   792000,   792500)         1875    0.0063%  99.0038%
  [   792500,   793000)         1824    0.0061%  99.0099%
  [   793000,   793500)         1886    0.0063%  99.0162%
  [   793500,   794000)         1814    0.0060%  99.0222%
  [   794000,   794500)         1752    0.0058%  99.0281%
  [   794500,   795000)         1865    0.0062%  99.0343%
  [   795000,   795500)         1811    0.0060%  99.0403%
  [   795500,   796000)         1763    0.0059%  99.0462%
  [   796000,   796500)         1858    0.0062%  99.0524%
  [   796500,   797000)         1717    0.0057%  99.0581%
  [   797000,   797500)         1795    0.0060%  99.0641%
  [   797500,   798000)         1892    0.0063%  99.0704%
  [   798000,   798500)         1714    0.0057%  99.0761%
  [   798500,   799000)         1788    0.0060%  99.0821%
  [   799000,   799500)         1680    0.0056%  99.0877%
  [   799500,   800000)         1703    0.0057%  99.0934%
  [   800000,   800500)         1696    0.0057%  99.0990%
  [   800500,   801000)         1693    0.0056%  99.1046%
  [   801000,   801500)         1700    0.0057%  99.1103%
  [   801500,   802000)         1658    0.0055%  99.1158%
  [   802000,   802500)         1687    0.0056%  99.1215%
  [   802500,   803000)         1662    0.0055%  99.1270%
  [   803000,   803500)         1720    0.0057%  99.1327%
  [   803500,   804000)         1675    0.0056%  99.1383%
  [   804000,   804500)         1618    0.0054%  99.1437%
  [   804500,   805000)         1664    0.0055%  99.1493%
  [   805000,   805500)         1726    0.0058%  99.1550%
  [   805500,   806000)         1651    0.0055%  99.1605%
  [   806000,   806500)         1560    0.0052%  99.1657%
  [   806500,   807000)         1594    0.0053%  99.1710%
  [   807000,   807500)         1552    0.0052%  99.1762%
  [   807500,   808000)         1608    0.0054%  99.1816%
  [   808000,   808500)         1608    0.0054%  99.1869%
  [   808500,   809000)         1579    0.0053%  99.1922%
  [   809000,   809500)         1583    0.0053%  99.1975%
  [   809500,   810000)         1537    0.0051%  99.2026%
  [   810000,   810500)         1516    0.0051%  99.2076%
  [   810500,   811000)         1551    0.0052%  99.2128%
  [   811000,   811500)         1506    0.0050%  99.2178%
  [   811500,   812000)         1589    0.0053%  99.2231%
  [   812000,   812500)         1638    0.0055%  99.2286%
  [   812500,   813000)         1506    0.0050%  99.2336%
  [   813000,   813500)         1438    0.0048%  99.2384%
  [   813500,   814000)         1568    0.0052%  99.2436%
  [   814000,   814500)         1532    0.0051%  99.2487%
  [   814500,   815000)         1479    0.0049%  99.2537%
  [   815000,   815500)         1511    0.0050%  99.2587%
  [   815500,   816000)         1549    0.0052%  99.2639%
  [   816000,   816500)         1417    0.0047%  99.2686%
  [   816500,   817000)         1507    0.0050%  99.2736%
  [   817000,   817500)         1385    0.0046%  99.2782%
  [   817500,   818000)         1441    0.0048%  99.2830%
  [   818000,   818500)         1448    0.0048%  99.2879%
  [   818500,   819000)         1390    0.0046%  99.2925%
  [   819000,   819500)         1427    0.0048%  99.2972%
  [   819500,   820000)         1382    0.0046%  99.3019%
  [   820000,   820500)         1484    0.0049%  99.3068%
  [   820500,   821000)         1447    0.0048%  99.3116%
  [   821000,   821500)         1390    0.0046%  99.3163%
  [   821500,   822000)         1343    0.0045%  99.3207%
  [   822000,   822500)         1421    0.0047%  99.3255%
  [   822500,   823000)         1397    0.0047%  99.3301%
  [   823000,   823500)         1379    0.0046%  99.3347%
  [   823500,   824000)         1427    0.0048%  99.3395%
  [   824000,   824500)         1320    0.0044%  99.3439%
  [   824500,   825000)         1355    0.0045%  99.3484%
  [   825000,   825500)         1356    0.0045%  99.3529%
  [   825500,   826000)         1372    0.0046%  99.3575%
  [   826000,   826500)         1297    0.0043%  99.3618%
  [   826500,   827000)         1263    0.0042%  99.3660%
  [   827000,   827500)         1348    0.0045%  99.3705%
  [   827500,   828000)         1237    0.0041%  99.3746%
  [   828000,   828500)         1338    0.0045%  99.3791%
  [   828500,   829000)         1361    0.0045%  99.3836%
  [   829000,   829500)         1267    0.0042%  99.3879%
  [   829500,   830000)         1266    0.0042%  99.3921%
  [   830000,   830500)         1313    0.0044%  99.3965%
  [   830500,   831000)         1298    0.0043%  99.4008%
  [   831000,   831500)         1221    0.0041%  99.4049%
  [   831500,   832000)         1280    0.0043%  99.4091%
  [   832000,   832500)         1195    0.0040%  99.4131%
  [   832500,   833000)         1264    0.0042%  99.4173%
  [   833000,   833500)         1220    0.0041%  99.4214%
  [   833500,   834000)         1226    0.0041%  99.4255%
  [   834000,   834500)         1203    0.0040%  99.4295%
  [   834500,   835000)         1239    0.0041%  99.4336%
  [   835000,   835500)         1142    0.0038%  99.4374%
  [   835500,   836000)         1204    0.0040%  99.4414%
  [   836000,   836500)         1240    0.0041%  99.4456%
  [   836500,   837000)         1194    0.0040%  99.4495%
  [   837000,   837500)         1201    0.0040%  99.4535%
  [   837500,   838000)         1107    0.0037%  99.4572%
  [   838000,   838500)         1113    0.0037%  99.4609%
  [   838500,   839000)         1136    0.0038%  99.4647%
  [   839000,   839500)         1113    0.0037%  99.4684%
  [   839500,   840000)         1131    0.0038%  99.4722%
  [   840000,   840500)         1126    0.0038%  99.4760%
  [   840500,   841000)         1111    0.0037%  99.4797%
  [   841000,   841500)         1140    0.0038%  99.4835%
  [   841500,   842000)         1046    0.0035%  99.4870%
  [   842000,   842500)         1120    0.0037%  99.4907%
  [   842500,   843000)         1050    0.0035%  99.4942%
  [   843000,   843500)         1102    0.0037%  99.4979%
  [   843500,   844000)         1066    0.0036%  99.5014%
  [   844000,   844500)         1070    0.0036%  99.5050%
  [   844500,   845000)         1033    0.0034%  99.5084%
  [   845000,   845500)         1056    0.0035%  99.5119%
  [   845500,   846000)         1066    0.0036%  99.5155%
  [   846000,   846500)         1072    0.0036%  99.5191%
  [   846500,   847000)         1082    0.0036%  99.5227%
  [   847000,   847500)         1083    0.0036%  99.5263%
  [   847500,   848000)         1063    0.0035%  99.5298%
  [   848000,   848500)         1065    0.0036%  99.5334%
  [   848500,   849000)         1019    0.0034%  99.5368%
  [   849000,   849500)         1034    0.0034%  99.5402%
  [   849500,   850000)          994    0.0033%  99.5435%
  [   850000,   850500)          998    0.0033%  99.5469%
  [   850500,   851000)          994    0.0033%  99.5502%
  [   851000,   851500)         1006    0.0034%  99.5535%
  [   851500,   852000)          879    0.0029%  99.5565%
  [   852000,   852500)          989    0.0033%  99.5598%
  [   852500,   853000)          922    0.0031%  99.5628%
  [   853000,   853500)          951    0.0032%  99.5660%
  [   853500,   854000)          979    0.0033%  99.5693%
  [   854000,   854500)          941    0.0031%  99.5724%
  [   854500,   855000)          920    0.0031%  99.5755%
  [   855000,   855500)          880    0.0029%  99.5784%
  [   855500,   856000)          939    0.0031%  99.5815%
  [   856000,   856500)          967    0.0032%  99.5848%
  [   856500,   857000)          929    0.0031%  99.5879%
  [   857000,   857500)          911    0.0030%  99.5909%
  [   857500,   858000)          899    0.0030%  99.5939%
  [   858000,   858500)          898    0.0030%  99.5969%
  [   858500,   859000)          895    0.0030%  99.5999%
  [   859000,   859500)          898    0.0030%  99.6029%
  [   859500,   860000)          902    0.0030%  99.6059%
  [   860000,   860500)          860    0.0029%  99.6087%
  [   860500,   861000)          852    0.0028%  99.6116%
  [   861000,   861500)          865    0.0029%  99.6145%
  [   861500,   862000)          901    0.0030%  99.6175%
  [   862000,   862500)          879    0.0029%  99.6204%
  [   862500,   863000)          826    0.0028%  99.6231%
  [   863000,   863500)          856    0.0029%  99.6260%
  [   863500,   864000)          843    0.0028%  99.6288%
  [   864000,   864500)          806    0.0027%  99.6315%
  [   864500,   865000)          843    0.0028%  99.6343%
  [   865000,   865500)          848    0.0028%  99.6371%
  [   865500,   866000)          829    0.0028%  99.6399%
  [   866000,   866500)          806    0.0027%  99.6426%
  [   866500,   867000)          809    0.0027%  99.6453%
  [   867000,   867500)          805    0.0027%  99.6480%
  [   867500,   868000)          856    0.0029%  99.6508%
  [   868000,   868500)          803    0.0027%  99.6535%
  [   868500,   869000)          760    0.0025%  99.6560%
  [   869000,   869500)          779    0.0026%  99.6586%
  [   869500,   870000)          756    0.0025%  99.6611%
  [   870000,   870500)          811    0.0027%  99.6638%
  [   870500,   871000)          741    0.0025%  99.6663%
  [   871000,   871500)          792    0.0026%  99.6690%
  [   871500,   872000)          786    0.0026%  99.6716%
  [   872000,   872500)          765    0.0026%  99.6741%
  [   872500,   873000)          774    0.0026%  99.6767%
  [   873000,   873500)          787    0.0026%  99.6793%
  [   873500,   874000)          754    0.0025%  99.6818%
  [   874000,   874500)          757    0.0025%  99.6844%
  [   874500,   875000)          772    0.0026%  99.6869%
  [   875000,   875500)          742    0.0025%  99.6894%
  [   875500,   876000)          732    0.0024%  99.6918%
  [   876000,   876500)          705    0.0024%  99.6942%
  [   876500,   877000)          749    0.0025%  99.6967%
  [   877000,   877500)          732    0.0024%  99.6991%
  [   877500,   878000)          759    0.0025%  99.7017%
  [   878000,   878500)          701    0.0023%  99.7040%
  [   878500,   879000)          730    0.0024%  99.7064%
  [   879000,   879500)          725    0.0024%  99.7089%
  [   879500,   880000)          725    0.0024%  99.7113%
  [   880000,   880500)          659    0.0022%  99.7135%
  [   880500,   881000)          684    0.0023%  99.7157%
  [   881000,   881500)          685    0.0023%  99.7180%
  [   881500,   882000)          717    0.0024%  99.7204%
  [   882000,   882500)          674    0.0022%  99.7227%
  [   882500,   883000)          652    0.0022%  99.7248%
  [   883000,   883500)          714    0.0024%  99.7272%
  [   883500,   884000)          663    0.0022%  99.7294%
  [   884000,   884500)          616    0.0021%  99.7315%
  [   884500,   885000)          644    0.0021%  99.7336%
  [   885000,   885500)          630    0.0021%  99.7357%
  [   885500,   886000)          689    0.0023%  99.7380%
  [   886000,   886500)          688    0.0023%  99.7403%
  [   886500,   887000)          628    0.0021%  99.7424%
  [   887000,   887500)          636    0.0021%  99.7445%
  [   887500,   888000)          650    0.0022%  99.7467%
  [   888000,   888500)          601    0.0020%  99.7487%
  [   888500,   889000)          632    0.0021%  99.7508%
  [   889000,   889500)          606    0.0020%  99.7528%
  [   889500,   890000)          614    0.0020%  99.7549%
  [   890000,   890500)          576    0.0019%  99.7568%
  [   890500,   891000)          616    0.0021%  99.7588%
  [   891000,   891500)          592    0.0020%  99.7608%
  [   891500,   892000)          576    0.0019%  99.7627%
  [   892000,   892500)          582    0.0019%  99.7647%
  [   892500,   893000)          639    0.0021%  99.7668%
  [   893000,   893500)          646    0.0022%  99.7690%
  [   893500,   894000)          586    0.0020%  99.7709%
  [   894000,   894500)          526    0.0018%  99.7727%
  [   894500,   895000)          521    0.0017%  99.7744%
  [   895000,   895500)          556    0.0019%  99.7763%
  [   895500,   896000)          556    0.0019%  99.7781%
  [   896000,   896500)          550    0.0018%  99.7799%
  [   896500,   897000)          545    0.0018%  99.7818%
  [   897000,   897500)          522    0.0017%  99.7835%
  [   897500,   898000)          496    0.0017%  99.7852%
  [   898000,   898500)          519    0.0017%  99.7869%
  [   898500,   899000)          512    0.0017%  99.7886%
  [   899000,   899500)          536    0.0018%  99.7904%
  [   899500,   900000)          493    0.0016%  99.7920%
  [   900000,   900500)          584    0.0019%  99.7940%
  [   900500,   901000)          530    0.0018%  99.7957%
  [   901000,   901500)          504    0.0017%  99.7974%
  [   901500,   902000)          501    0.0017%  99.7991%
  [   902000,   902500)          496    0.0017%  99.8007%
  [   902500,   903000)          495    0.0017%  99.8024%
  [   903000,   903500)          478    0.0016%  99.8040%
  [   903500,   904000)          493    0.0016%  99.8056%
  [   904000,   904500)          480    0.0016%  99.8072%
  [   904500,   905000)          508    0.0017%  99.8089%
  [   905000,   905500)          473    0.0016%  99.8105%
  [   905500,   906000)          462    0.0015%  99.8120%
  [   906000,   906500)          463    0.0015%  99.8136%
  [   906500,   907000)          468    0.0016%  99.8151%
  [   907000,   907500)          477    0.0016%  99.8167%
  [   907500,   908000)          460    0.0015%  99.8183%
  [   908000,   908500)          462    0.0015%  99.8198%
  [   908500,   909000)          478    0.0016%  99.8214%
  [   909000,   909500)          455    0.0015%  99.8229%
  [   909500,   910000)          457    0.0015%  99.8244%
  [   910000,   910500)          446    0.0015%  99.8259%
  [   910500,   911000)          452    0.0015%  99.8274%
  [   911000,   911500)          424    0.0014%  99.8288%
  [   911500,   912000)          425    0.0014%  99.8303%
  [   912000,   912500)          426    0.0014%  99.8317%
  [   912500,   913000)          417    0.0014%  99.8331%
  [   913000,   913500)          409    0.0014%  99.8344%
  [   913500,   914000)          406    0.0014%  99.8358%
  [   914000,   914500)          442    0.0015%  99.8373%
  [   914500,   915000)          410    0.0014%  99.8386%
  [   915000,   915500)          409    0.0014%  99.8400%
  [   915500,   916000)          387    0.0013%  99.8413%
  [   916000,   916500)          445    0.0015%  99.8428%
  [   916500,   917000)          418    0.0014%  99.8442%
  [   917000,   917500)          408    0.0014%  99.8455%
  [   917500,   918000)          394    0.0013%  99.8468%
  [   918000,   918500)          418    0.0014%  99.8482%
  [   918500,   919000)          385    0.0013%  99.8495%
  [   919000,   919500)          373    0.0012%  99.8508%
  [   919500,   920000)          377    0.0013%  99.8520%
  [   920000,   920500)          387    0.0013%  99.8533%
  [   920500,   921000)          351    0.0012%  99.8545%
  [   921000,   921500)          387    0.0013%  99.8558%
  [   921500,   922000)          404    0.0013%  99.8571%
  [   922000,   922500)          398    0.0013%  99.8584%
  [   922500,   923000)          378    0.0013%  99.8597%
  [   923000,   923500)          367    0.0012%  99.8609%
  [   923500,   924000)          351    0.0012%  99.8621%
  [   924000,   924500)          398    0.0013%  99.8634%
  [   924500,   925000)          331    0.0011%  99.8645%
  [   925000,   925500)          349    0.0012%  99.8657%
  [   925500,   926000)          359    0.0012%  99.8669%
  [   926000,   926500)          388    0.0013%  99.8682%
  [   926500,   927000)          358    0.0012%  99.8694%
  [   927000,   927500)          357    0.0012%  99.8706%
  [   927500,   928000)          353    0.0012%  99.8717%
  [   928000,   928500)          340    0.0011%  99.8729%
  [   928500,   929000)          337    0.0011%  99.8740%
  [   929000,   929500)          353    0.0012%  99.8752%
  [   929500,   930000)          332    0.0011%  99.8763%
  [   930000,   930500)          334    0.0011%  99.8774%
  [   930500,   931000)          311    0.0010%  99.8784%
  [   931000,   931500)          322    0.0011%  99.8795%
  [   931500,   932000)          315    0.0011%  99.8805%
  [   932000,   932500)          330    0.0011%  99.8816%
  [   932500,   933000)          327    0.0011%  99.8827%
  [   933000,   933500)          340    0.0011%  99.8839%
  [   933500,   934000)          308    0.0010%  99.8849%
  [   934000,   934500)          311    0.0010%  99.8859%
  [   934500,   935000)          328    0.0011%  99.8870%
  [   935000,   935500)          340    0.0011%  99.8882%
  [   935500,   936000)          309    0.0010%  99.8892%
  [   936000,   936500)          319    0.0011%  99.8902%
  [   936500,   937000)          335    0.0011%  99.8914%
  [   937000,   937500)          291    0.0010%  99.8923%
  [   937500,   938000)          293    0.0010%  99.8933%
  [   938000,   938500)          281    0.0009%  99.8942%
  [   938500,   939000)          302    0.0010%  99.8953%
  [   939000,   939500)          301    0.0010%  99.8963%
  [   939500,   940000)          285    0.0010%  99.8972%
  [   940000,   940500)          274    0.0009%  99.8981%
  [   940500,   941000)          295    0.0010%  99.8991%
  [   941000,   941500)          275    0.0009%  99.9000%
  [   941500,   942000)          273    0.0009%  99.9009%
  [   942000,   942500)          272    0.0009%  99.9018%
  [   942500,   943000)          265    0.0009%  99.9027%
  [   943000,   943500)          266    0.0009%  99.9036%
  [   943500,   944000)          276    0.0009%  99.9045%
  [   944000,   944500)          286    0.0010%  99.9055%
  [   944500,   945000)          275    0.0009%  99.9064%
  [   945000,   945500)          272    0.0009%  99.9073%
  [   945500,   946000)          276    0.0009%  99.9082%
  [   946000,   946500)          252    0.0008%  99.9091%
  [   946500,   947000)          252    0.0008%  99.9099%
  [   947000,   947500)          251    0.0008%  99.9107%
  [   947500,   948000)          268    0.0009%  99.9116%
  [   948000,   948500)          260    0.0009%  99.9125%
  [   948500,   949000)          238    0.0008%  99.9133%
  [   949000,   949500)          255    0.0009%  99.9141%
  [   949500,   950000)          238    0.0008%  99.9149%
  [   950000,   950500)          256    0.0009%  99.9158%
  [   950500,   951000)          246    0.0008%  99.9166%
  [   951000,   951500)          216    0.0007%  99.9173%
  [   951500,   952000)          250    0.0008%  99.9182%
  [   952000,   952500)          237    0.0008%  99.9190%
  [   952500,   953000)          232    0.0008%  99.9197%
  [   953000,   953500)          234    0.0008%  99.9205%
  [   953500,   954000)          227    0.0008%  99.9213%
  [   954000,   954500)          218    0.0007%  99.9220%
  [   954500,   955000)          209    0.0007%  99.9227%
  [   955000,   955500)          240    0.0008%  99.9235%
  [   955500,   956000)          221    0.0007%  99.9242%
  [   956000,   956500)          221    0.0007%  99.9250%
  [   956500,   957000)          233    0.0008%  99.9257%
  [   957000,   957500)          181    0.0006%  99.9263%
  [   957500,   958000)          222    0.0007%  99.9271%
  [   958000,   958500)          204    0.0007%  99.9278%
  [   958500,   959000)          228    0.0008%  99.9285%
  [   959000,   959500)          194    0.0006%  99.9292%
  [   959500,   960000)          221    0.0007%  99.9299%
  [   960000,   960500)          215    0.0007%  99.9306%
  [   960500,   961000)          184    0.0006%  99.9312%
  [   961000,   961500)          201    0.0007%  99.9319%
  [   961500,   962000)          184    0.0006%  99.9325%
  [   962000,   962500)          188    0.0006%  99.9331%
  [   962500,   963000)          192    0.0006%  99.9338%
  [   963000,   963500)          213    0.0007%  99.9345%
  [   963500,   964000)          212    0.0007%  99.9352%
  [   964000,   964500)          193    0.0006%  99.9358%
  [   964500,   965000)          199    0.0007%  99.9365%
  [   965000,   965500)          197    0.0007%  99.9372%
  [   965500,   966000)          175    0.0006%  99.9377%
  [   966000,   966500)          168    0.0006%  99.9383%
  [   966500,   967000)          172    0.0006%  99.9389%
  [   967000,   967500)          190    0.0006%  99.9395%
  [   967500,   968000)          199    0.0007%  99.9402%
  [   968000,   968500)          156    0.0005%  99.9407%
  [   968500,   969000)          158    0.0005%  99.9412%
  [   969000,   969500)          167    0.0006%  99.9418%
  [   969500,   970000)          179    0.0006%  99.9424%
  [   970000,   970500)          188    0.0006%  99.9430%
  [   970500,   971000)          170    0.0006%  99.9436%
  [   971000,   971500)          138    0.0005%  99.9440%
  [   971500,   972000)          186    0.0006%  99.9447%
  [   972000,   972500)          168    0.0006%  99.9452%
  [   972500,   973000)          132    0.0004%  99.9457%
  [   973000,   973500)          159    0.0005%  99.9462%
  [   973500,   974000)          180    0.0006%  99.9468%
  [   974000,   974500)          171    0.0006%  99.9474%
  [   974500,   975000)          161    0.0005%  99.9479%
  [   975000,   975500)          154    0.0005%  99.9484%
  [   975500,   976000)          183    0.0006%  99.9490%
  [   976000,   976500)          160    0.0005%  99.9495%
  [   976500,   977000)          145    0.0005%  99.9500%
  [   977000,   977500)          140    0.0005%  99.9505%
  [   977500,   978000)          148    0.0005%  99.9510%
  [   978000,   978500)          168    0.0006%  99.9515%
  [   978500,   979000)          134    0.0004%  99.9520%
  [   979000,   979500)          130    0.0004%  99.9524%
  [   979500,   980000)          151    0.0005%  99.9529%
  [   980000,   980500)          138    0.0005%  99.9534%
  [   980500,   981000)          143    0.0005%  99.9539%
  [   981000,   981500)          144    0.0005%  99.9543%
  [   981500,   982000)          150    0.0005%  99.9548%
  [   982000,   982500)          127    0.0004%  99.9553%
  [   982500,   983000)          137    0.0005%  99.9557%
  [   983000,   983500)          139    0.0005%  99.9562%
  [   983500,   984000)          130    0.0004%  99.9566%
  [   984000,   984500)          137    0.0005%  99.9571%
  [   984500,   985000)          143    0.0005%  99.9576%
  [   985000,   985500)          129    0.0004%  99.9580%
  [   985500,   986000)          128    0.0004%  99.9584%
  [   986000,   986500)          117    0.0004%  99.9588%
  [   986500,   987000)          124    0.0004%  99.9592%
  [   987000,   987500)          119    0.0004%  99.9596%
  [   987500,   988000)          125    0.0004%  99.9600%
  [   988000,   988500)          142    0.0005%  99.9605%
  [   988500,   989000)          112    0.0004%  99.9609%
  [   989000,   989500)          129    0.0004%  99.9613%
  [   989500,   990000)           96    0.0003%  99.9616%
  [   990000,   990500)          116    0.0004%  99.9620%
  [   990500,   991000)          129    0.0004%  99.9624%
  [   991000,   991500)          106    0.0004%  99.9628%
  [   991500,   992000)          102    0.0003%  99.9631%
  [   992000,   992500)          109    0.0004%  99.9635%
  [   992500,   993000)          124    0.0004%  99.9639%
  [   993000,   993500)          101    0.0003%  99.9643%
  [   993500,   994000)          116    0.0004%  99.9646%
  [   994000,   994500)          119    0.0004%  99.9650%
  [   994500,   995000)          128    0.0004%  99.9655%
  [   995000,   995500)           97    0.0003%  99.9658%
  [   995500,   996000)          123    0.0004%  99.9662%
  [   996000,   996500)           98    0.0003%  99.9665%
  [   996500,   997000)           94    0.0003%  99.9668%
  [   997000,   997500)          114    0.0004%  99.9672%
  [   997500,   998000)          114    0.0004%  99.9676%
  [   998000,   998500)          108    0.0004%  99.9680%
  [   998500,   999000)          111    0.0004%  99.9683%
  [   999000,   999500)           86    0.0003%  99.9686%
  [   999500, +inf)                9416    0.0314% 100.0000%

----- OFFLOADED TASKS [node 1] -----
  ops total                = 29999988
  ops direct (1-sided)     = 29999988 (100.00%)
  ops offload (rpc)        = 0 (0.00%)
  lookup pushdowns         = 0
  scan   pushdowns (RPC)   = 0
    kv pairs returned      = 0
    leaves scanned remotely= 0
    kv / scan pushdown     = 0.00
    leaves / scan pushdown = 0.00
=========================================================================

[CORRECTNESS node 1] lookup found 14997693 / 14997948 = 99.9983%
[CORRECTNESS node 1] scan rows returned = 1500182763
[READPATH node 1] lookups=239155476  index-cache hit=50.6%  per lookup: leaf=1.000 speculative=0.000 (right 0.0%) hop-reads=1.000 (two-segment 0.435) retries=0.000 invalid=0.000 sibling=0.000  => est. leaf round trips/lookup=1.000
[LEAFCACHE] off

----- PER-LEVEL CACHE HITS [node 1] (lookups; level 0 = leaf) -----
[LEVEL] level=0 hits=0 misses=14944485 hit_rate=0.0000
[LEVEL] level=1 hits=13547084 misses=1397401 hit_rate=0.9065
[LEVEL] level=2 hits=13807531 misses=1136954 hit_rate=0.9239
[LEVEL] level=3 hits=13826940 misses=1117545 hit_rate=0.9252
[LEVEL] level=4 hits=13827607 misses=1116878 hit_rate=0.9253
[LEVEL] level=5 hits=13827611 misses=1116874 hit_rate=0.9253
[LEVEL] level=6 hits=13827611 misses=1116874 hit_rate=0.9253
[LEVEL] level=7 hits=13827611 misses=1116874 hit_rate=0.9253
[LEVEL] level=8 hits=13827611 misses=1116874 hit_rate=0.9253
[LEVEL] level=9 hits=13827611 misses=1116874 hit_rate=0.9253
[KIND node 1] lookups=14944485 inner_visits=134500365 inner_hits=124147217 inner_hit_pct=92.30 leaf_visits=14944485 leaf_hits=0 leaf_hit_pct=0.00
[SCANLEAF node 1] scans=15002040 inner_complete_miss=206326 inner_partial=2886709 leaf_cache_hits=0 leaf_reads=170733829 cn_leaves_per_scan=11.38 leaf_hit_pct=0.00
[END]
