nodes 2, threads 36, mix R/I/U/S=0/0/0/100, zipf-0.99, bulk 50M warmup 10M op 30M, offload 0%, scan_range 100
[4mshared memory size: 64GB, 0x7feeda800000[0m
[4mrdma cache size: 4GB[0m
[4mMachine NR: 2[0m
[4mCompute server 1 start up [10.30.1.6]
[0m
I connect server 0
[CONFIG node 1] bulk load: bottom-up build, 8 keys per leaf, 6 children per inner node (CHIME_BULK_BUILD / CHIME_BUILD_LEAF_KEYS / CHIME_BUILD_INNER_FANOUT)
[CONFIG node 1] clients on this node: yes (CHIME_MN_CLIENTS)
[CONFIG node 1] scan path: from_cache=1 offload_always=0 (CHIME_SCAN_FROM_CACHE / CHIME_SCAN_OFFLOAD_ALWAYS)
[CONFIG node 1] push ops: both (CHIME_PUSH_OPS; applies only with offloading on)
[CACHE node 1] total=32 MB index=32 MB leaf=0 MB
[CONFIG node 1] dir threads = 1 (CHIME_DIR_THREADS, max 16) -- MUST match the other node
[CORES node 1] linear pinning: app threads -> CPUs 0..35, main -> 79, dir threads -> 79 (REV_DIR_CPUS)
[CONFIG] hotspot buffer + speculative read: off (CHIME_HOTSPOT; stock CHIME: on above 50 MB)
workload generated: keyspace=50001000 bulk=50000000 warmup=9999972 op=29999988
[4mKey space set: keySpaceSize=50000000[0m
I am 37
I am 36
I am 38
I am 70
I am 41
I am 39
I am 42
I am 40
I am 71
I am 45
I am 63
I am 47
I am 56
I am 48
I am 49
I am 62
I am 44
I am 64
I am 46
I am 52
I am 53
I am 67
I am 55
I am 65
I am 68
I am 59
I am 57
I am 54
I am 50
I am 60
I am 66
I am 58
I am 51
I am 43
I am 69
I am 61
[build] leaves: 10% (625001/6250000)
[build] leaves: 20% (1250002/6250000)
[build] leaves: 30% (1875003/6250000)
[build] leaves: 40% (2500004/6250000)
[build] leaves: 50% (3125005/6250000)
[build] leaves: 60% (3750006/6250000)
[build] leaves: 70% (4375007/6250000)
[build] leaves: 80% (5000008/6250000)
[build] leaves: 90% (5625009/6250000)
[build] inner level 1: 1041667 nodes
[build] inner level 2: 173611 nodes
[build] inner level 3: 28935 nodes
[build] inner level 4: 4823 nodes
[build] inner level 5: 804 nodes
[build] inner level 6: 134 nodes
[build] inner level 7: 23 nodes
[build] inner level 8: 4 nodes
[build] inner level 9: 1 nodes
[build] done in 18.9s: height=10 leaves=6250000 inner_nodes=1250002 (8 keys per leaf, 6 children per inner node)
[TREE] height=10 leaves=6250000 inner_nodes=1250002 keys_per_leaf=8.00 inner_MB=399.4 leaf_MB=2104.0 total_MB=2503.4 (internal span 16, leaf span 16, node bytes inner=335 leaf=353)
node 1 warmup done in 128s
[INDEX] --- post-bulk-load cache occupancy (cache = 32 MB) ---
 ----- [TreeCache]:  cache size=32 MB free_size=-0.000 MB skiplist_node_cnt=1249781 ----- 
consumed cache size = 32.000 MB
 ----- [IdxCache]:  cache size=0 MB free_size=0.000 MB ---- 
consumed hotspot buffer size = 0.000000 MB

[LEAFCACHE] off
1, throughput 0.0929 Mops
1, throughput 0.0926 Mops
1, throughput 0.0929 Mops
1, throughput 0.0928 Mops
1, throughput 0.0931 Mops
1, throughput 0.0930 Mops
1, throughput 0.0928 Mops
1, throughput 0.0928 Mops
1, throughput 0.0922 Mops
1, throughput 0.0927 Mops
1, throughput 0.0923 Mops
1, throughput 0.0919 Mops
1, throughput 0.0927 Mops
1, throughput 0.0926 Mops
1, throughput 0.0931 Mops
1, throughput 0.0937 Mops
1, throughput 0.0922 Mops
1, throughput 0.0936 Mops
1, throughput 0.0931 Mops
1, throughput 0.0931 Mops
1, throughput 0.0936 Mops
1, throughput 0.0928 Mops
1, throughput 0.0929 Mops
1, throughput 0.0931 Mops
1, throughput 0.0927 Mops
1, throughput 0.0930 Mops
1, throughput 0.0937 Mops
1, throughput 0.0928 Mops
1, throughput 0.0930 Mops
1, throughput 0.0928 Mops
1, throughput 0.0934 Mops
1, throughput 0.0917 Mops
1, throughput 0.0929 Mops
1, throughput 0.0934 Mops
1, throughput 0.0930 Mops
1, throughput 0.0929 Mops
1, throughput 0.0938 Mops
1, throughput 0.0926 Mops
1, throughput 0.0930 Mops
1, throughput 0.0935 Mops
1, throughput 0.0930 Mops
1, throughput 0.0934 Mops
1, throughput 0.0935 Mops
1, throughput 0.0926 Mops
1, throughput 0.0927 Mops
1, throughput 0.0931 Mops
1, throughput 0.0924 Mops
1, throughput 0.0929 Mops
1, throughput 0.0932 Mops
1, throughput 0.0929 Mops
1, throughput 0.0937 Mops
1, throughput 0.0922 Mops
1, throughput 0.0922 Mops
1, throughput 0.0929 Mops
1, throughput 0.0937 Mops
1, throughput 0.0928 Mops
1, throughput 0.0931 Mops
1, throughput 0.0935 Mops
1, throughput 0.0930 Mops
1, throughput 0.0935 Mops
1, throughput 0.0933 Mops
1, throughput 0.0928 Mops
1, throughput 0.0931 Mops
1, throughput 0.0939 Mops
1, throughput 0.0943 Mops
1, throughput 0.0934 Mops
1, throughput 0.0924 Mops
1, throughput 0.0924 Mops
1, throughput 0.0926 Mops
1, throughput 0.0931 Mops
1, throughput 0.0931 Mops
1, throughput 0.0933 Mops
1, throughput 0.0920 Mops
1, throughput 0.0932 Mops
1, throughput 0.0935 Mops
1, throughput 0.0931 Mops
1, throughput 0.0927 Mops
1, throughput 0.0930 Mops
1, throughput 0.0927 Mops
1, throughput 0.0936 Mops
1, throughput 0.0920 Mops
1, throughput 0.0929 Mops
1, throughput 0.0926 Mops
1, throughput 0.0928 Mops
1, throughput 0.0922 Mops
1, throughput 0.0937 Mops
1, throughput 0.0930 Mops
1, throughput 0.0930 Mops
1, throughput 0.0936 Mops
1, throughput 0.0933 Mops
1, throughput 0.0933 Mops
1, throughput 0.0933 Mops
1, throughput 0.0931 Mops
1, throughput 0.0918 Mops
1, throughput 0.0929 Mops
1, throughput 0.0937 Mops
1, throughput 0.0936 Mops
1, throughput 0.0933 Mops
1, throughput 0.0939 Mops
1, throughput 0.0932 Mops
1, throughput 0.0927 Mops
1, throughput 0.0932 Mops
1, throughput 0.0932 Mops
1, throughput 0.0928 Mops
1, throughput 0.0930 Mops
1, throughput 0.0930 Mops
1, throughput 0.0930 Mops
1, throughput 0.0928 Mops
1, throughput 0.0924 Mops
1, throughput 0.0928 Mops
1, throughput 0.0932 Mops
1, throughput 0.0930 Mops
1, throughput 0.0926 Mops
1, throughput 0.0923 Mops
1, throughput 0.0935 Mops
1, throughput 0.0932 Mops
1, throughput 0.0935 Mops
1, throughput 0.0933 Mops
1, throughput 0.0926 Mops
1, throughput 0.0929 Mops
1, throughput 0.0926 Mops
1, throughput 0.0925 Mops
1, throughput 0.0930 Mops
1, throughput 0.0928 Mops
1, throughput 0.0931 Mops
1, throughput 0.0921 Mops
1, throughput 0.0927 Mops
1, throughput 0.0929 Mops
1, throughput 0.0929 Mops
1, throughput 0.0932 Mops
1, throughput 0.0921 Mops
1, throughput 0.0933 Mops
1, throughput 0.0930 Mops
1, throughput 0.0931 Mops
1, throughput 0.0909 Mops
1, throughput 0.0935 Mops
1, throughput 0.0934 Mops
1, throughput 0.0936 Mops
1, throughput 0.0928 Mops
1, throughput 0.0920 Mops
1, throughput 0.0939 Mops
1, throughput 0.0938 Mops
1, throughput 0.0934 Mops
1, throughput 0.0937 Mops
1, throughput 0.0928 Mops
1, throughput 0.0934 Mops
1, throughput 0.0932 Mops
1, throughput 0.0929 Mops
1, throughput 0.0927 Mops
1, throughput 0.0937 Mops
1, throughput 0.0926 Mops
1, throughput 0.0926 Mops
1, throughput 0.0931 Mops
1, throughput 0.0929 Mops
1, throughput 0.0922 Mops
1, throughput 0.0921 Mops
1, throughput 0.0937 Mops
1, throughput 0.0927 Mops
1, throughput 0.0923 Mops
1, throughput 0.0926 Mops
1, throughput 0.0931 Mops
1, throughput 0.0928 Mops
1, throughput 0.0932 Mops
1, throughput 0.0938 Mops
1, throughput 0.0924 Mops
1, throughput 0.0928 Mops
1, throughput 0.0924 Mops
1, throughput 0.0930 Mops
1, throughput 0.0930 Mops
1, throughput 0.0934 Mops
1, throughput 0.0931 Mops
1, throughput 0.0932 Mops
1, throughput 0.0934 Mops
1, throughput 0.0932 Mops
1, throughput 0.0936 Mops
1, throughput 0.0915 Mops
1, throughput 0.0926 Mops
1, throughput 0.0931 Mops
1, throughput 0.0929 Mops
1, throughput 0.0941 Mops
1, throughput 0.0929 Mops
1, throughput 0.0929 Mops
1, throughput 0.0927 Mops
1, throughput 0.0928 Mops
1, throughput 0.0936 Mops
1, throughput 0.0938 Mops
1, throughput 0.0933 Mops
1, throughput 0.0924 Mops
1, throughput 0.0929 Mops
1, throughput 0.0929 Mops
1, throughput 0.0928 Mops
1, throughput 0.0927 Mops
1, throughput 0.0934 Mops
1, throughput 0.0931 Mops
1, throughput 0.0935 Mops
1, throughput 0.0921 Mops
1, throughput 0.0921 Mops
1, throughput 0.0930 Mops
1, throughput 0.0933 Mops
1, throughput 0.0935 Mops
1, throughput 0.0929 Mops
1, throughput 0.0927 Mops
1, throughput 0.0935 Mops
1, throughput 0.0938 Mops
1, throughput 0.0933 Mops
1, throughput 0.0926 Mops
1, throughput 0.0931 Mops
1, throughput 0.0928 Mops
1, throughput 0.0942 Mops
1, throughput 0.0933 Mops
1, throughput 0.0925 Mops
1, throughput 0.0931 Mops
1, throughput 0.0932 Mops
1, throughput 0.0937 Mops
1, throughput 0.0936 Mops
1, throughput 0.0932 Mops
1, throughput 0.0910 Mops
1, throughput 0.0935 Mops
1, throughput 0.0939 Mops
1, throughput 0.0935 Mops
1, throughput 0.0930 Mops
1, throughput 0.0932 Mops
1, throughput 0.0933 Mops
1, throughput 0.0928 Mops
1, throughput 0.0943 Mops
1, throughput 0.0926 Mops
1, throughput 0.0933 Mops
1, throughput 0.0932 Mops
1, throughput 0.0926 Mops
1, throughput 0.0926 Mops
1, throughput 0.0933 Mops
1, throughput 0.0938 Mops
1, throughput 0.0936 Mops
1, throughput 0.0931 Mops
1, throughput 0.0930 Mops
1, throughput 0.0933 Mops
1, throughput 0.0923 Mops
1, throughput 0.0919 Mops
1, throughput 0.0933 Mops
1, throughput 0.0936 Mops
1, throughput 0.0929 Mops
1, throughput 0.0925 Mops
1, throughput 0.0935 Mops
1, throughput 0.0932 Mops
1, throughput 0.0932 Mops
1, throughput 0.0934 Mops
1, throughput 0.0929 Mops
1, throughput 0.0934 Mops
1, throughput 0.0932 Mops
1, throughput 0.0929 Mops
1, throughput 0.0934 Mops
1, throughput 0.0928 Mops
1, throughput 0.0933 Mops
1, throughput 0.0921 Mops
1, throughput 0.0932 Mops
1, throughput 0.0937 Mops
1, throughput 0.0932 Mops
1, throughput 0.0924 Mops
1, throughput 0.0928 Mops
1, throughput 0.0934 Mops
1, throughput 0.0926 Mops
1, throughput 0.0930 Mops
1, throughput 0.0923 Mops
1, throughput 0.0933 Mops
1, throughput 0.0929 Mops
1, throughput 0.0935 Mops
1, throughput 0.0930 Mops
1, throughput 0.0935 Mops
1, throughput 0.0939 Mops
1, throughput 0.0926 Mops
1, throughput 0.0932 Mops
1, throughput 0.0932 Mops
1, throughput 0.0932 Mops
1, throughput 0.0924 Mops
1, throughput 0.0915 Mops
1, throughput 0.0930 Mops
1, throughput 0.0926 Mops
1, throughput 0.0932 Mops
1, throughput 0.0917 Mops
1, throughput 0.0924 Mops
1, throughput 0.0929 Mops
1, throughput 0.0931 Mops
1, throughput 0.0928 Mops
1, throughput 0.0928 Mops
1, throughput 0.0932 Mops
1, throughput 0.0931 Mops
1, throughput 0.0919 Mops
1, throughput 0.0921 Mops
1, throughput 0.0933 Mops
1, throughput 0.0932 Mops
1, throughput 0.0923 Mops
1, throughput 0.0937 Mops
1, throughput 0.0933 Mops
1, throughput 0.0933 Mops
1, throughput 0.0935 Mops
1, throughput 0.0929 Mops
1, throughput 0.0934 Mops
1, throughput 0.0928 Mops
1, throughput 0.0931 Mops
1, throughput 0.0933 Mops
1, throughput 0.0929 Mops
1, throughput 0.0932 Mops
1, throughput 0.0927 Mops
1, throughput 0.0928 Mops
1, throughput 0.0932 Mops
1, throughput 0.0927 Mops
1, throughput 0.0927 Mops
1, throughput 0.0928 Mops
1, throughput 0.0931 Mops
1, throughput 0.0931 Mops
1, throughput 0.0928 Mops
1, throughput 0.0939 Mops
1, throughput 0.0934 Mops
1, throughput 0.0929 Mops
1, throughput 0.0932 Mops
1, throughput 0.0925 Mops
1, throughput 0.0935 Mops
1, throughput 0.0930 Mops
1, throughput 0.0927 Mops
1, throughput 0.0915 Mops
1, throughput 0.0935 Mops
1, throughput 0.0930 Mops
1, throughput 0.0933 Mops
1, throughput 0.0931 Mops
1, throughput 0.0928 Mops
1, throughput 0.0931 Mops
1, throughput 0.0936 Mops
1, throughput 0.0930 Mops
1, throughput 0.0933 Mops
1, throughput 0.0938 Mops
1, throughput 0.0929 Mops
1, throughput 0.0933 Mops
1, throughput 0.0933 Mops
1, throughput 0.0930 Mops
1, throughput 0.0933 Mops
1, throughput 0.0928 Mops
1, throughput 0.0931 Mops
1, throughput 0.0930 Mops
1, throughput 0.0928 Mops
1, throughput 0.0922 Mops
1, throughput 0.0922 Mops
1, throughput 0.0929 Mops
1, throughput 0.0929 Mops
1, throughput 0.0930 Mops
1, throughput 0.0929 Mops
1, throughput 0.0930 Mops
1, throughput 0.0938 Mops
1, throughput 0.0927 Mops
1, throughput 0.0931 Mops
1, throughput 0.0928 Mops
1, throughput 0.0932 Mops
1, throughput 0.0932 Mops
1, throughput 0.0926 Mops
1, throughput 0.0932 Mops
1, throughput 0.0930 Mops
1, throughput 0.0931 Mops
1, throughput 0.0925 Mops
1, throughput 0.0927 Mops
1, throughput 0.0928 Mops
1, throughput 0.0924 Mops
1, throughput 0.0924 Mops
1, throughput 0.0928 Mops
1, throughput 0.0935 Mops
1, throughput 0.0932 Mops
1, throughput 0.0930 Mops
1, throughput 0.0933 Mops
1, throughput 0.0928 Mops
1, throughput 0.0930 Mops
1, throughput 0.0929 Mops
1, throughput 0.0930 Mops
1, throughput 0.0937 Mops
1, throughput 0.0931 Mops
1, throughput 0.0925 Mops
1, throughput 0.0926 Mops
1, throughput 0.0924 Mops
1, throughput 0.0929 Mops
1, throughput 0.0931 Mops
1, throughput 0.0929 Mops
1, throughput 0.0929 Mops
1, throughput 0.0930 Mops
1, throughput 0.0937 Mops
1, throughput 0.0921 Mops
1, throughput 0.0941 Mops
1, throughput 0.0929 Mops
1, throughput 0.0928 Mops
1, throughput 0.0925 Mops
1, throughput 0.0931 Mops
1, throughput 0.0929 Mops
1, throughput 0.0929 Mops
1, throughput 0.0931 Mops
1, throughput 0.0925 Mops
1, throughput 0.0928 Mops
1, throughput 0.0939 Mops
1, throughput 0.0936 Mops
1, throughput 0.0926 Mops
1, throughput 0.0932 Mops
1, throughput 0.0934 Mops
1, throughput 0.0920 Mops
1, throughput 0.0931 Mops
1, throughput 0.0926 Mops
1, throughput 0.0927 Mops
1, throughput 0.0920 Mops
1, throughput 0.0919 Mops
1, throughput 0.0926 Mops
1, throughput 0.0929 Mops
1, throughput 0.0933 Mops
1, throughput 0.0936 Mops
1, throughput 0.0928 Mops
1, throughput 0.0927 Mops
1, throughput 0.0935 Mops
1, throughput 0.0932 Mops
1, throughput 0.0934 Mops
1, throughput 0.0927 Mops
1, throughput 0.0928 Mops
1, throughput 0.0928 Mops
1, throughput 0.0928 Mops
1, throughput 0.0935 Mops
1, throughput 0.0927 Mops
1, throughput 0.0926 Mops
1, throughput 0.0925 Mops
1, throughput 0.0925 Mops
1, throughput 0.0930 Mops
1, throughput 0.0921 Mops
1, throughput 0.0923 Mops
1, throughput 0.0934 Mops
1, throughput 0.0932 Mops
1, throughput 0.0926 Mops
1, throughput 0.0932 Mops
1, throughput 0.0932 Mops
1, throughput 0.0932 Mops
1, throughput 0.0928 Mops
1, throughput 0.0932 Mops
1, throughput 0.0926 Mops
1, throughput 0.0931 Mops
1, throughput 0.0934 Mops
1, throughput 0.0927 Mops
1, throughput 0.0935 Mops
1, throughput 0.0935 Mops
1, throughput 0.0925 Mops
1, throughput 0.0934 Mops
1, throughput 0.0928 Mops
1, throughput 0.0930 Mops
1, throughput 0.0928 Mops
1, throughput 0.0919 Mops
1, throughput 0.0929 Mops
1, throughput 0.0933 Mops
1, throughput 0.0936 Mops
1, throughput 0.0929 Mops
1, throughput 0.0930 Mops
1, throughput 0.0927 Mops
1, throughput 0.0932 Mops
1, throughput 0.0928 Mops
1, throughput 0.0934 Mops
1, throughput 0.0926 Mops
1, throughput 0.0929 Mops
1, throughput 0.0936 Mops
1, throughput 0.0930 Mops
1, throughput 0.0929 Mops
1, throughput 0.0927 Mops
1, throughput 0.0922 Mops
1, throughput 0.0928 Mops
1, throughput 0.0931 Mops
1, throughput 0.0929 Mops
1, throughput 0.0918 Mops
1, throughput 0.0929 Mops
1, throughput 0.0928 Mops
1, throughput 0.0929 Mops
1, throughput 0.0927 Mops
1, throughput 0.0928 Mops
1, throughput 0.0929 Mops
1, throughput 0.0929 Mops
1, throughput 0.0932 Mops
1, throughput 0.0930 Mops
1, throughput 0.0932 Mops
1, throughput 0.0931 Mops
1, throughput 0.0929 Mops
1, throughput 0.0934 Mops
1, throughput 0.0928 Mops
1, throughput 0.0932 Mops
1, throughput 0.0928 Mops
1, throughput 0.0928 Mops
1, throughput 0.0931 Mops
1, throughput 0.0933 Mops
1, throughput 0.0936 Mops
1, throughput 0.0918 Mops
1, throughput 0.0936 Mops
1, throughput 0.0930 Mops
1, throughput 0.0935 Mops
1, throughput 0.0934 Mops
1, throughput 0.0930 Mops
1, throughput 0.0930 Mops
1, throughput 0.0939 Mops
1, throughput 0.0933 Mops
1, throughput 0.0928 Mops
1, throughput 0.0936 Mops
1, throughput 0.0933 Mops
1, throughput 0.0935 Mops
1, throughput 0.0930 Mops
1, throughput 0.0934 Mops
1, throughput 0.0931 Mops
1, throughput 0.0928 Mops
1, throughput 0.0926 Mops
1, throughput 0.0926 Mops
1, throughput 0.0932 Mops
1, throughput 0.0924 Mops
1, throughput 0.0927 Mops
1, throughput 0.0932 Mops
1, throughput 0.0931 Mops
1, throughput 0.0928 Mops
1, throughput 0.0931 Mops
1, throughput 0.0930 Mops
1, throughput 0.0926 Mops
1, throughput 0.0927 Mops
1, throughput 0.0929 Mops
1, throughput 0.0931 Mops
1, throughput 0.0937 Mops
1, throughput 0.0933 Mops
1, throughput 0.0936 Mops
1, throughput 0.0931 Mops
1, throughput 0.0932 Mops
1, throughput 0.0934 Mops
1, throughput 0.0934 Mops
1, throughput 0.0937 Mops
1, throughput 0.0936 Mops
1, throughput 0.0925 Mops
1, throughput 0.0925 Mops
1, throughput 0.0938 Mops
1, throughput 0.0930 Mops
1, throughput 0.0937 Mops
1, throughput 0.0922 Mops
1, throughput 0.0940 Mops
1, throughput 0.0924 Mops
1, throughput 0.0935 Mops
1, throughput 0.0940 Mops
1, throughput 0.0933 Mops
1, throughput 0.0929 Mops
1, throughput 0.0925 Mops
1, throughput 0.0936 Mops
1, throughput 0.0924 Mops
1, throughput 0.0933 Mops
1, throughput 0.0930 Mops
1, throughput 0.0933 Mops
1, throughput 0.0928 Mops
1, throughput 0.0933 Mops
1, throughput 0.0930 Mops
1, throughput 0.0922 Mops
1, throughput 0.0921 Mops
1, throughput 0.0934 Mops
1, throughput 0.0933 Mops
1, throughput 0.0927 Mops
1, throughput 0.0928 Mops
1, throughput 0.0937 Mops
1, throughput 0.0926 Mops
1, throughput 0.0934 Mops
1, throughput 0.0928 Mops
1, throughput 0.0921 Mops
1, throughput 0.0924 Mops
1, throughput 0.0929 Mops
1, throughput 0.0934 Mops
1, throughput 0.0929 Mops
1, throughput 0.0926 Mops
1, throughput 0.0941 Mops
1, throughput 0.0938 Mops
1, throughput 0.0926 Mops
1, throughput 0.0923 Mops
1, throughput 0.0933 Mops
1, throughput 0.0920 Mops
1, throughput 0.0930 Mops
1, throughput 0.0924 Mops
1, throughput 0.0926 Mops
1, throughput 0.0936 Mops
1, throughput 0.0931 Mops
1, throughput 0.0928 Mops
1, throughput 0.0933 Mops
1, throughput 0.0929 Mops
1, throughput 0.0927 Mops
1, throughput 0.0923 Mops
1, throughput 0.0932 Mops
1, throughput 0.0932 Mops
1, throughput 0.0920 Mops
1, throughput 0.0928 Mops
1, throughput 0.0929 Mops
1, throughput 0.0931 Mops
1, throughput 0.0932 Mops
1, throughput 0.0929 Mops
1, throughput 0.0935 Mops
1, throughput 0.0925 Mops
1, throughput 0.0919 Mops
1, throughput 0.0932 Mops
1, throughput 0.0931 Mops
1, throughput 0.0929 Mops
1, throughput 0.0933 Mops
1, throughput 0.0934 Mops
1, throughput 0.0933 Mops
1, throughput 0.0933 Mops
1, throughput 0.0931 Mops
1, throughput 0.0931 Mops
1, throughput 0.0931 Mops
1, throughput 0.0927 Mops
1, throughput 0.0929 Mops
1, throughput 0.0942 Mops
1, throughput 0.0930 Mops
1, throughput 0.0926 Mops
1, throughput 0.0937 Mops
1, throughput 0.0937 Mops
1, throughput 0.0927 Mops
1, throughput 0.0929 Mops
1, throughput 0.0915 Mops
1, throughput 0.0938 Mops
1, throughput 0.0934 Mops
1, throughput 0.0930 Mops
1, throughput 0.0927 Mops
1, throughput 0.0940 Mops
1, throughput 0.0930 Mops
1, throughput 0.0932 Mops
1, throughput 0.0937 Mops
1, throughput 0.0932 Mops
1, throughput 0.0925 Mops
1, throughput 0.0934 Mops
1, throughput 0.0931 Mops
1, throughput 0.0937 Mops
1, throughput 0.0932 Mops
1, throughput 0.0930 Mops
1, throughput 0.0932 Mops
1, throughput 0.0934 Mops
1, throughput 0.0928 Mops
1, throughput 0.0929 Mops
1, throughput 0.0908 Mops
1, throughput 0.0843 Mops
1, throughput 0.0771 Mops
1, throughput 0.0686 Mops
1, throughput 0.0545 Mops
1, throughput 0.0541 Mops
1, throughput 0.0544 Mops
1, throughput 0.0540 Mops
1, throughput 0.0544 Mops
1, throughput 0.0540 Mops
1, throughput 0.0543 Mops
1, throughput 0.0539 Mops
1, throughput 0.0541 Mops
1, throughput 0.0542 Mops
1, throughput 0.0539 Mops
1, throughput 0.0546 Mops
1, throughput 0.0541 Mops
1, throughput 0.0538 Mops
1, throughput 0.0543 Mops
1, throughput 0.0546 Mops
1, throughput 0.0540 Mops
1, throughput 0.0536 Mops
1, throughput 0.0542 Mops
1, throughput 0.0542 Mops
1, throughput 0.0539 Mops
1, throughput 0.0543 Mops
1, throughput 0.0497 Mops
1, throughput 0.0466 Mops
1, throughput 0.0401 Mops
1, throughput 0.0251 Mops
1, throughput 0.0061 Mops
1, throughput 0.0012 Mops
[RESULT node 1] ops=29999988 elapsed=329.228s throughput=0.0911 Mops mode=op-bounded
[RDMA node 1] ops=29999988 posts=1800333796 read_wr=2411472824 read_bytes=360572502152 write_wr=0 write_bytes=0 atomic_wr=0 send_wr=0 send_bytes=0
[RDMA node 1] per_op: round_trips=60.0112 reads=80.3825 writes=0.0000 atomics=0.0000 sends=0.0000 verbs=80.3825 bytes=12019.1

==================== LATENCY BUCKETS (500 ns) [node 1] ====================
[RANGE]
  ALL                n=29999988   mean=  385.37us  p50=  73.00us  p90= 829.50us  p99= 979.50us  p99.9=1000.00us  max>=1000.00us
  DIRECT (1-sided)   n=29999988   mean=  385.37us  p50=  73.00us  p90= 829.50us  p99= 979.50us  p99.9=1000.00us  max>=1000.00us
  OFFLOAD (rpc)             (no samples)
[ALL OPS]
  ALL                n=29999988   mean=  385.37us  p50=  73.00us  p90= 829.50us  p99= 979.50us  p99.9=1000.00us  max>=1000.00us
  DIRECT (1-sided)   n=29999988   mean=  385.37us  p50=  73.00us  p90= 829.50us  p99= 979.50us  p99.9=1000.00us  max>=1000.00us
  OFFLOAD (rpc)             (no samples)

----- 500 ns bucket CDF (all ops) [node 1] -----
  bucket [lo,hi) ns             count        pct       cdf
  [    19500,    20000)            1    0.0000%   0.0000%
  [    44500,    45000)           11    0.0000%   0.0000%
  [    45000,    45500)           50    0.0002%   0.0002%
  [    45500,    46000)          222    0.0007%   0.0009%
  [    46000,    46500)          503    0.0017%   0.0026%
  [    46500,    47000)         1225    0.0041%   0.0067%
  [    47000,    47500)         2598    0.0087%   0.0154%
  [    47500,    48000)         4457    0.0149%   0.0302%
  [    48000,    48500)         6620    0.0221%   0.0523%
  [    48500,    49000)         9162    0.0305%   0.0828%
  [    49000,    49500)        12642    0.0421%   0.1250%
  [    49500,    50000)        17567    0.0586%   0.1835%
  [    50000,    50500)        25300    0.0843%   0.2679%
  [    50500,    51000)        38610    0.1287%   0.3966%
  [    51000,    51500)        64194    0.2140%   0.6105%
  [    51500,    52000)       108501    0.3617%   0.9722%
  [    52000,    52500)       165407    0.5514%   1.5236%
  [    52500,    53000)       224628    0.7488%   2.2723%
  [    53000,    53500)       273507    0.9117%   3.1840%
  [    53500,    54000)       310992    1.0366%   4.2207%
  [    54000,    54500)       343766    1.1459%   5.3665%
  [    54500,    55000)       380391    1.2680%   6.6345%
  [    55000,    55500)       431398    1.4380%   8.0725%
  [    55500,    56000)       492466    1.6416%   9.7141%
  [    56000,    56500)       562546    1.8752%  11.5892%
  [    56500,    57000)       624267    2.0809%  13.6701%
  [    57000,    57500)       672637    2.2421%  15.9122%
  [    57500,    58000)       704192    2.3473%  18.2595%
  [    58000,    58500)       718930    2.3964%  20.6560%
  [    58500,    59000)       712472    2.3749%  23.0309%
  [    59000,    59500)       681773    2.2726%  25.3035%
  [    59500,    60000)       656712    2.1890%  27.4925%
  [    60000,    60500)       641730    2.1391%  29.6316%
  [    60500,    61000)       632387    2.1080%  31.7396%
  [    61000,    61500)       614586    2.0486%  33.7882%
  [    61500,    62000)       595864    1.9862%  35.7744%
  [    62000,    62500)       568359    1.8945%  37.6689%
  [    62500,    63000)       511914    1.7064%  39.3753%
  [    63000,    63500)       453385    1.5113%  40.8866%
  [    63500,    64000)       399461    1.3315%  42.2181%
  [    64000,    64500)       352738    1.1758%  43.3939%
  [    64500,    65000)       308440    1.0281%  44.4221%
  [    65000,    65500)       268899    0.8963%  45.3184%
  [    65500,    66000)       234985    0.7833%  46.1017%
  [    66000,    66500)       203414    0.6780%  46.7797%
  [    66500,    67000)       171679    0.5723%  47.3520%
  [    67000,    67500)       147268    0.4909%  47.8429%
  [    67500,    68000)       124756    0.4159%  48.2587%
  [    68000,    68500)       105375    0.3513%  48.6100%
  [    68500,    69000)        89120    0.2971%  48.9070%
  [    69000,    69500)        73744    0.2458%  49.1529%
  [    69500,    70000)        61659    0.2055%  49.3584%
  [    70000,    70500)        50755    0.1692%  49.5276%
  [    70500,    71000)        41596    0.1387%  49.6662%
  [    71000,    71500)        34280    0.1143%  49.7805%
  [    71500,    72000)        27919    0.0931%  49.8736%
  [    72000,    72500)        23031    0.0768%  49.9503%
  [    72500,    73000)        18536    0.0618%  50.0121%
  [    73000,    73500)        15481    0.0516%  50.0637%
  [    73500,    74000)        12682    0.0423%  50.1060%
  [    74000,    74500)        10809    0.0360%  50.1420%
  [    74500,    75000)         8547    0.0285%  50.1705%
  [    75000,    75500)         7237    0.0241%  50.1946%
  [    75500,    76000)         6205    0.0207%  50.2153%
  [    76000,    76500)         5183    0.0173%  50.2326%
  [    76500,    77000)         4537    0.0151%  50.2477%
  [    77000,    77500)         4032    0.0134%  50.2612%
  [    77500,    78000)         3425    0.0114%  50.2726%
  [    78000,    78500)         3030    0.0101%  50.2827%
  [    78500,    79000)         2596    0.0087%  50.2913%
  [    79000,    79500)         2394    0.0080%  50.2993%
  [    79500,    80000)         2141    0.0071%  50.3064%
  [    80000,    80500)         1978    0.0066%  50.3130%
  [    80500,    81000)         1794    0.0060%  50.3190%
  [    81000,    81500)         1564    0.0052%  50.3242%
  [    81500,    82000)         1458    0.0049%  50.3291%
  [    82000,    82500)         1324    0.0044%  50.3335%
  [    82500,    83000)         1208    0.0040%  50.3375%
  [    83000,    83500)         1131    0.0038%  50.3413%
  [    83500,    84000)         1107    0.0037%  50.3450%
  [    84000,    84500)          997    0.0033%  50.3483%
  [    84500,    85000)          949    0.0032%  50.3515%
  [    85000,    85500)          930    0.0031%  50.3546%
  [    85500,    86000)          913    0.0030%  50.3576%
  [    86000,    86500)          838    0.0028%  50.3604%
  [    86500,    87000)          820    0.0027%  50.3631%
  [    87000,    87500)          754    0.0025%  50.3657%
  [    87500,    88000)          772    0.0026%  50.3682%
  [    88000,    88500)          721    0.0024%  50.3706%
  [    88500,    89000)          714    0.0024%  50.3730%
  [    89000,    89500)          689    0.0023%  50.3753%
  [    89500,    90000)          696    0.0023%  50.3776%
  [    90000,    90500)          614    0.0020%  50.3797%
  [    90500,    91000)          685    0.0023%  50.3820%
  [    91000,    91500)          673    0.0022%  50.3842%
  [    91500,    92000)          664    0.0022%  50.3864%
  [    92000,    92500)          650    0.0022%  50.3886%
  [    92500,    93000)          685    0.0023%  50.3909%
  [    93000,    93500)          639    0.0021%  50.3930%
  [    93500,    94000)          648    0.0022%  50.3952%
  [    94000,    94500)          652    0.0022%  50.3973%
  [    94500,    95000)          583    0.0019%  50.3993%
  [    95000,    95500)          623    0.0021%  50.4014%
  [    95500,    96000)          636    0.0021%  50.4035%
  [    96000,    96500)          629    0.0021%  50.4056%
  [    96500,    97000)          592    0.0020%  50.4075%
  [    97000,    97500)          617    0.0021%  50.4096%
  [    97500,    98000)          640    0.0021%  50.4117%
  [    98000,    98500)          608    0.0020%  50.4138%
  [    98500,    99000)          577    0.0019%  50.4157%
  [    99000,    99500)          623    0.0021%  50.4178%
  [    99500,   100000)          661    0.0022%  50.4200%
  [   100000,   100500)          617    0.0021%  50.4220%
  [   100500,   101000)          642    0.0021%  50.4242%
  [   101000,   101500)          631    0.0021%  50.4263%
  [   101500,   102000)          597    0.0020%  50.4283%
  [   102000,   102500)          636    0.0021%  50.4304%
  [   102500,   103000)          649    0.0022%  50.4325%
  [   103000,   103500)          681    0.0023%  50.4348%
  [   103500,   104000)          635    0.0021%  50.4369%
  [   104000,   104500)          658    0.0022%  50.4391%
  [   104500,   105000)          648    0.0022%  50.4413%
  [   105000,   105500)          642    0.0021%  50.4434%
  [   105500,   106000)          658    0.0022%  50.4456%
  [   106000,   106500)          735    0.0025%  50.4481%
  [   106500,   107000)          643    0.0021%  50.4502%
  [   107000,   107500)          709    0.0024%  50.4526%
  [   107500,   108000)          637    0.0021%  50.4547%
  [   108000,   108500)          668    0.0022%  50.4569%
  [   108500,   109000)          710    0.0024%  50.4593%
  [   109000,   109500)          707    0.0024%  50.4616%
  [   109500,   110000)          693    0.0023%  50.4639%
  [   110000,   110500)          736    0.0025%  50.4664%
  [   110500,   111000)          713    0.0024%  50.4688%
  [   111000,   111500)          727    0.0024%  50.4712%
  [   111500,   112000)          721    0.0024%  50.4736%
  [   112000,   112500)          695    0.0023%  50.4759%
  [   112500,   113000)          778    0.0026%  50.4785%
  [   113000,   113500)          740    0.0025%  50.4810%
  [   113500,   114000)          773    0.0026%  50.4836%
  [   114000,   114500)          784    0.0026%  50.4862%
  [   114500,   115000)          805    0.0027%  50.4889%
  [   115000,   115500)          817    0.0027%  50.4916%
  [   115500,   116000)          782    0.0026%  50.4942%
  [   116000,   116500)          806    0.0027%  50.4969%
  [   116500,   117000)          750    0.0025%  50.4994%
  [   117000,   117500)          777    0.0026%  50.5020%
  [   117500,   118000)          753    0.0025%  50.5045%
  [   118000,   118500)          845    0.0028%  50.5073%
  [   118500,   119000)          788    0.0026%  50.5099%
  [   119000,   119500)          838    0.0028%  50.5127%
  [   119500,   120000)          845    0.0028%  50.5155%
  [   120000,   120500)          811    0.0027%  50.5182%
  [   120500,   121000)          795    0.0027%  50.5209%
  [   121000,   121500)          795    0.0027%  50.5235%
  [   121500,   122000)          844    0.0028%  50.5263%
  [   122000,   122500)          834    0.0028%  50.5291%
  [   122500,   123000)          880    0.0029%  50.5321%
  [   123000,   123500)          836    0.0028%  50.5348%
  [   123500,   124000)          809    0.0027%  50.5375%
  [   124000,   124500)          758    0.0025%  50.5401%
  [   124500,   125000)          822    0.0027%  50.5428%
  [   125000,   125500)          863    0.0029%  50.5457%
  [   125500,   126000)          849    0.0028%  50.5485%
  [   126000,   126500)          914    0.0030%  50.5516%
  [   126500,   127000)          862    0.0029%  50.5544%
  [   127000,   127500)          809    0.0027%  50.5571%
  [   127500,   128000)          843    0.0028%  50.5599%
  [   128000,   128500)          845    0.0028%  50.5628%
  [   128500,   129000)          822    0.0027%  50.5655%
  [   129000,   129500)          831    0.0028%  50.5683%
  [   129500,   130000)          859    0.0029%  50.5711%
  [   130000,   130500)          908    0.0030%  50.5742%
  [   130500,   131000)          857    0.0029%  50.5770%
  [   131000,   131500)          869    0.0029%  50.5799%
  [   131500,   132000)          871    0.0029%  50.5828%
  [   132000,   132500)          843    0.0028%  50.5856%
  [   132500,   133000)          872    0.0029%  50.5885%
  [   133000,   133500)          833    0.0028%  50.5913%
  [   133500,   134000)          932    0.0031%  50.5944%
  [   134000,   134500)          890    0.0030%  50.5974%
  [   134500,   135000)          865    0.0029%  50.6003%
  [   135000,   135500)          883    0.0029%  50.6032%
  [   135500,   136000)          848    0.0028%  50.6060%
  [   136000,   136500)          855    0.0029%  50.6089%
  [   136500,   137000)          836    0.0028%  50.6117%
  [   137000,   137500)          898    0.0030%  50.6147%
  [   137500,   138000)          910    0.0030%  50.6177%
  [   138000,   138500)          869    0.0029%  50.6206%
  [   138500,   139000)          896    0.0030%  50.6236%
  [   139000,   139500)          855    0.0029%  50.6264%
  [   139500,   140000)          869    0.0029%  50.6293%
  [   140000,   140500)          923    0.0031%  50.6324%
  [   140500,   141000)          870    0.0029%  50.6353%
  [   141000,   141500)          856    0.0029%  50.6382%
  [   141500,   142000)          832    0.0028%  50.6409%
  [   142000,   142500)          901    0.0030%  50.6439%
  [   142500,   143000)          890    0.0030%  50.6469%
  [   143000,   143500)          834    0.0028%  50.6497%
  [   143500,   144000)          888    0.0030%  50.6526%
  [   144000,   144500)          878    0.0029%  50.6556%
  [   144500,   145000)          869    0.0029%  50.6585%
  [   145000,   145500)          879    0.0029%  50.6614%
  [   145500,   146000)          860    0.0029%  50.6643%
  [   146000,   146500)          902    0.0030%  50.6673%
  [   146500,   147000)          874    0.0029%  50.6702%
  [   147000,   147500)          928    0.0031%  50.6733%
  [   147500,   148000)          878    0.0029%  50.6762%
  [   148000,   148500)          949    0.0032%  50.6794%
  [   148500,   149000)          920    0.0031%  50.6824%
  [   149000,   149500)          961    0.0032%  50.6856%
  [   149500,   150000)          936    0.0031%  50.6888%
  [   150000,   150500)          944    0.0031%  50.6919%
  [   150500,   151000)          927    0.0031%  50.6950%
  [   151000,   151500)          986    0.0033%  50.6983%
  [   151500,   152000)          967    0.0032%  50.7015%
  [   152000,   152500)          952    0.0032%  50.7047%
  [   152500,   153000)          962    0.0032%  50.7079%
  [   153000,   153500)          972    0.0032%  50.7111%
  [   153500,   154000)          974    0.0032%  50.7144%
  [   154000,   154500)          952    0.0032%  50.7175%
  [   154500,   155000)          995    0.0033%  50.7209%
  [   155000,   155500)          972    0.0032%  50.7241%
  [   155500,   156000)          948    0.0032%  50.7273%
  [   156000,   156500)          983    0.0033%  50.7305%
  [   156500,   157000)         1007    0.0034%  50.7339%
  [   157000,   157500)         1017    0.0034%  50.7373%
  [   157500,   158000)         1012    0.0034%  50.7407%
  [   158000,   158500)         1008    0.0034%  50.7440%
  [   158500,   159000)         1070    0.0036%  50.7476%
  [   159000,   159500)         1007    0.0034%  50.7509%
  [   159500,   160000)         1026    0.0034%  50.7544%
  [   160000,   160500)         1026    0.0034%  50.7578%
  [   160500,   161000)         1058    0.0035%  50.7613%
  [   161000,   161500)         1072    0.0036%  50.7649%
  [   161500,   162000)         1003    0.0033%  50.7682%
  [   162000,   162500)         1080    0.0036%  50.7718%
  [   162500,   163000)         1094    0.0036%  50.7755%
  [   163000,   163500)         1116    0.0037%  50.7792%
  [   163500,   164000)         1089    0.0036%  50.7828%
  [   164000,   164500)         1092    0.0036%  50.7865%
  [   164500,   165000)         1163    0.0039%  50.7903%
  [   165000,   165500)         1087    0.0036%  50.7940%
  [   165500,   166000)         1137    0.0038%  50.7977%
  [   166000,   166500)         1103    0.0037%  50.8014%
  [   166500,   167000)         1167    0.0039%  50.8053%
  [   167000,   167500)         1095    0.0037%  50.8090%
  [   167500,   168000)         1129    0.0038%  50.8127%
  [   168000,   168500)         1150    0.0038%  50.8166%
  [   168500,   169000)         1188    0.0040%  50.8205%
  [   169000,   169500)         1151    0.0038%  50.8244%
  [   169500,   170000)         1184    0.0039%  50.8283%
  [   170000,   170500)         1174    0.0039%  50.8322%
  [   170500,   171000)         1210    0.0040%  50.8362%
  [   171000,   171500)         1167    0.0039%  50.8401%
  [   171500,   172000)         1164    0.0039%  50.8440%
  [   172000,   172500)         1216    0.0041%  50.8481%
  [   172500,   173000)         1236    0.0041%  50.8522%
  [   173000,   173500)         1197    0.0040%  50.8562%
  [   173500,   174000)         1209    0.0040%  50.8602%
  [   174000,   174500)         1250    0.0042%  50.8644%
  [   174500,   175000)         1278    0.0043%  50.8686%
  [   175000,   175500)         1286    0.0043%  50.8729%
  [   175500,   176000)         1337    0.0045%  50.8774%
  [   176000,   176500)         1350    0.0045%  50.8819%
  [   176500,   177000)         1321    0.0044%  50.8863%
  [   177000,   177500)         1290    0.0043%  50.8906%
  [   177500,   178000)         1390    0.0046%  50.8952%
  [   178000,   178500)         1381    0.0046%  50.8998%
  [   178500,   179000)         1345    0.0045%  50.9043%
  [   179000,   179500)         1397    0.0047%  50.9090%
  [   179500,   180000)         1307    0.0044%  50.9133%
  [   180000,   180500)         1393    0.0046%  50.9180%
  [   180500,   181000)         1402    0.0047%  50.9226%
  [   181000,   181500)         1390    0.0046%  50.9273%
  [   181500,   182000)         1401    0.0047%  50.9319%
  [   182000,   182500)         1487    0.0050%  50.9369%
  [   182500,   183000)         1450    0.0048%  50.9417%
  [   183000,   183500)         1392    0.0046%  50.9464%
  [   183500,   184000)         1399    0.0047%  50.9510%
  [   184000,   184500)         1489    0.0050%  50.9560%
  [   184500,   185000)         1477    0.0049%  50.9609%
  [   185000,   185500)         1435    0.0048%  50.9657%
  [   185500,   186000)         1492    0.0050%  50.9707%
  [   186000,   186500)         1459    0.0049%  50.9755%
  [   186500,   187000)         1453    0.0048%  50.9804%
  [   187000,   187500)         1435    0.0048%  50.9852%
  [   187500,   188000)         1553    0.0052%  50.9903%
  [   188000,   188500)         1566    0.0052%  50.9956%
  [   188500,   189000)         1535    0.0051%  51.0007%
  [   189000,   189500)         1533    0.0051%  51.0058%
  [   189500,   190000)         1490    0.0050%  51.0108%
  [   190000,   190500)         1558    0.0052%  51.0159%
  [   190500,   191000)         1459    0.0049%  51.0208%
  [   191000,   191500)         1551    0.0052%  51.0260%
  [   191500,   192000)         1610    0.0054%  51.0313%
  [   192000,   192500)         1621    0.0054%  51.0368%
  [   192500,   193000)         1591    0.0053%  51.0421%
  [   193000,   193500)         1650    0.0055%  51.0476%
  [   193500,   194000)         1610    0.0054%  51.0529%
  [   194000,   194500)         1579    0.0053%  51.0582%
  [   194500,   195000)         1639    0.0055%  51.0636%
  [   195000,   195500)         1631    0.0054%  51.0691%
  [   195500,   196000)         1684    0.0056%  51.0747%
  [   196000,   196500)         1683    0.0056%  51.0803%
  [   196500,   197000)         1596    0.0053%  51.0856%
  [   197000,   197500)         1655    0.0055%  51.0911%
  [   197500,   198000)         1712    0.0057%  51.0969%
  [   198000,   198500)         1610    0.0054%  51.1022%
  [   198500,   199000)         1658    0.0055%  51.1077%
  [   199000,   199500)         1662    0.0055%  51.1133%
  [   199500,   200000)         1648    0.0055%  51.1188%
  [   200000,   200500)         1636    0.0055%  51.1242%
  [   200500,   201000)         1722    0.0057%  51.1300%
  [   201000,   201500)         1712    0.0057%  51.1357%
  [   201500,   202000)         1755    0.0059%  51.1415%
  [   202000,   202500)         1703    0.0057%  51.1472%
  [   202500,   203000)         1806    0.0060%  51.1532%
  [   203000,   203500)         1697    0.0057%  51.1589%
  [   203500,   204000)         1769    0.0059%  51.1648%
  [   204000,   204500)         1697    0.0057%  51.1704%
  [   204500,   205000)         1752    0.0058%  51.1763%
  [   205000,   205500)         1790    0.0060%  51.1822%
  [   205500,   206000)         1744    0.0058%  51.1881%
  [   206000,   206500)         1807    0.0060%  51.1941%
  [   206500,   207000)         1686    0.0056%  51.1997%
  [   207000,   207500)         1779    0.0059%  51.2056%
  [   207500,   208000)         1787    0.0060%  51.2116%
  [   208000,   208500)         1792    0.0060%  51.2176%
  [   208500,   209000)         1830    0.0061%  51.2237%
  [   209000,   209500)         1702    0.0057%  51.2293%
  [   209500,   210000)         1753    0.0058%  51.2352%
  [   210000,   210500)         1715    0.0057%  51.2409%
  [   210500,   211000)         1693    0.0056%  51.2465%
  [   211000,   211500)         1791    0.0060%  51.2525%
  [   211500,   212000)         1843    0.0061%  51.2586%
  [   212000,   212500)         1747    0.0058%  51.2645%
  [   212500,   213000)         1783    0.0059%  51.2704%
  [   213000,   213500)         1760    0.0059%  51.2763%
  [   213500,   214000)         1811    0.0060%  51.2823%
  [   214000,   214500)         1752    0.0058%  51.2882%
  [   214500,   215000)         1707    0.0057%  51.2938%
  [   215000,   215500)         1754    0.0058%  51.2997%
  [   215500,   216000)         1794    0.0060%  51.3057%
  [   216000,   216500)         1802    0.0060%  51.3117%
  [   216500,   217000)         1756    0.0059%  51.3175%
  [   217000,   217500)         1852    0.0062%  51.3237%
  [   217500,   218000)         1742    0.0058%  51.3295%
  [   218000,   218500)         1827    0.0061%  51.3356%
  [   218500,   219000)         1810    0.0060%  51.3416%
  [   219000,   219500)         1809    0.0060%  51.3477%
  [   219500,   220000)         1848    0.0062%  51.3538%
  [   220000,   220500)         1881    0.0063%  51.3601%
  [   220500,   221000)         1851    0.0062%  51.3663%
  [   221000,   221500)         1842    0.0061%  51.3724%
  [   221500,   222000)         1757    0.0059%  51.3783%
  [   222000,   222500)         1812    0.0060%  51.3843%
  [   222500,   223000)         1794    0.0060%  51.3903%
  [   223000,   223500)         1866    0.0062%  51.3965%
  [   223500,   224000)         1824    0.0061%  51.4026%
  [   224000,   224500)         1882    0.0063%  51.4089%
  [   224500,   225000)         1874    0.0062%  51.4151%
  [   225000,   225500)         1892    0.0063%  51.4214%
  [   225500,   226000)         1870    0.0062%  51.4276%
  [   226000,   226500)         1702    0.0057%  51.4333%
  [   226500,   227000)         1872    0.0062%  51.4396%
  [   227000,   227500)         1900    0.0063%  51.4459%
  [   227500,   228000)         1828    0.0061%  51.4520%
  [   228000,   228500)         1847    0.0062%  51.4581%
  [   228500,   229000)         1845    0.0062%  51.4643%
  [   229000,   229500)         1785    0.0060%  51.4702%
  [   229500,   230000)         1768    0.0059%  51.4761%
  [   230000,   230500)         1828    0.0061%  51.4822%
  [   230500,   231000)         1858    0.0062%  51.4884%
  [   231000,   231500)         1858    0.0062%  51.4946%
  [   231500,   232000)         1850    0.0062%  51.5008%
  [   232000,   232500)         1827    0.0061%  51.5069%
  [   232500,   233000)         1722    0.0057%  51.5126%
  [   233000,   233500)         1780    0.0059%  51.5185%
  [   233500,   234000)         1827    0.0061%  51.5246%
  [   234000,   234500)         1827    0.0061%  51.5307%
  [   234500,   235000)         1874    0.0062%  51.5370%
  [   235000,   235500)         1871    0.0062%  51.5432%
  [   235500,   236000)         1797    0.0060%  51.5492%
  [   236000,   236500)         1862    0.0062%  51.5554%
  [   236500,   237000)         1858    0.0062%  51.5616%
  [   237000,   237500)         1780    0.0059%  51.5675%
  [   237500,   238000)         1804    0.0060%  51.5735%
  [   238000,   238500)         1806    0.0060%  51.5796%
  [   238500,   239000)         1757    0.0059%  51.5854%
  [   239000,   239500)         1811    0.0060%  51.5915%
  [   239500,   240000)         1863    0.0062%  51.5977%
  [   240000,   240500)         1836    0.0061%  51.6038%
  [   240500,   241000)         1748    0.0058%  51.6096%
  [   241000,   241500)         1800    0.0060%  51.6156%
  [   241500,   242000)         1770    0.0059%  51.6215%
  [   242000,   242500)         1715    0.0057%  51.6272%
  [   242500,   243000)         1785    0.0060%  51.6332%
  [   243000,   243500)         1804    0.0060%  51.6392%
  [   243500,   244000)         1819    0.0061%  51.6453%
  [   244000,   244500)         1833    0.0061%  51.6514%
  [   244500,   245000)         1852    0.0062%  51.6575%
  [   245000,   245500)         1792    0.0060%  51.6635%
  [   245500,   246000)         1755    0.0059%  51.6694%
  [   246000,   246500)         1820    0.0061%  51.6754%
  [   246500,   247000)         1734    0.0058%  51.6812%
  [   247000,   247500)         1869    0.0062%  51.6874%
  [   247500,   248000)         1806    0.0060%  51.6935%
  [   248000,   248500)         1857    0.0062%  51.6997%
  [   248500,   249000)         1744    0.0058%  51.7055%
  [   249000,   249500)         1774    0.0059%  51.7114%
  [   249500,   250000)         1774    0.0059%  51.7173%
  [   250000,   250500)         1709    0.0057%  51.7230%
  [   250500,   251000)         1777    0.0059%  51.7289%
  [   251000,   251500)         1816    0.0061%  51.7350%
  [   251500,   252000)         1750    0.0058%  51.7408%
  [   252000,   252500)         1712    0.0057%  51.7465%
  [   252500,   253000)         1851    0.0062%  51.7527%
  [   253000,   253500)         1736    0.0058%  51.7585%
  [   253500,   254000)         1777    0.0059%  51.7644%
  [   254000,   254500)         1710    0.0057%  51.7701%
  [   254500,   255000)         1755    0.0059%  51.7759%
  [   255000,   255500)         1735    0.0058%  51.7817%
  [   255500,   256000)         1704    0.0057%  51.7874%
  [   256000,   256500)         1693    0.0056%  51.7930%
  [   256500,   257000)         1801    0.0060%  51.7990%
  [   257000,   257500)         1693    0.0056%  51.8047%
  [   257500,   258000)         1778    0.0059%  51.8106%
  [   258000,   258500)         1734    0.0058%  51.8164%
  [   258500,   259000)         1793    0.0060%  51.8224%
  [   259000,   259500)         1725    0.0058%  51.8281%
  [   259500,   260000)         1794    0.0060%  51.8341%
  [   260000,   260500)         1753    0.0058%  51.8399%
  [   260500,   261000)         1786    0.0060%  51.8459%
  [   261000,   261500)         1685    0.0056%  51.8515%
  [   261500,   262000)         1747    0.0058%  51.8573%
  [   262000,   262500)         1742    0.0058%  51.8631%
  [   262500,   263000)         1734    0.0058%  51.8689%
  [   263000,   263500)         1728    0.0058%  51.8747%
  [   263500,   264000)         1773    0.0059%  51.8806%
  [   264000,   264500)         1769    0.0059%  51.8865%
  [   264500,   265000)         1774    0.0059%  51.8924%
  [   265000,   265500)         1722    0.0057%  51.8981%
  [   265500,   266000)         1666    0.0056%  51.9037%
  [   266000,   266500)         1734    0.0058%  51.9095%
  [   266500,   267000)         1753    0.0058%  51.9153%
  [   267000,   267500)         1737    0.0058%  51.9211%
  [   267500,   268000)         1743    0.0058%  51.9269%
  [   268000,   268500)         1756    0.0059%  51.9328%
  [   268500,   269000)         1682    0.0056%  51.9384%
  [   269000,   269500)         1721    0.0057%  51.9441%
  [   269500,   270000)         1773    0.0059%  51.9500%
  [   270000,   270500)         1619    0.0054%  51.9554%
  [   270500,   271000)         1681    0.0056%  51.9610%
  [   271000,   271500)         1688    0.0056%  51.9667%
  [   271500,   272000)         1684    0.0056%  51.9723%
  [   272000,   272500)         1757    0.0059%  51.9781%
  [   272500,   273000)         1705    0.0057%  51.9838%
  [   273000,   273500)         1635    0.0055%  51.9893%
  [   273500,   274000)         1751    0.0058%  51.9951%
  [   274000,   274500)         1661    0.0055%  52.0006%
  [   274500,   275000)         1681    0.0056%  52.0062%
  [   275000,   275500)         1690    0.0056%  52.0119%
  [   275500,   276000)         1624    0.0054%  52.0173%
  [   276000,   276500)         1657    0.0055%  52.0228%
  [   276500,   277000)         1566    0.0052%  52.0280%
  [   277000,   277500)         1624    0.0054%  52.0334%
  [   277500,   278000)         1522    0.0051%  52.0385%
  [   278000,   278500)         1623    0.0054%  52.0439%
  [   278500,   279000)         1646    0.0055%  52.0494%
  [   279000,   279500)         1643    0.0055%  52.0549%
  [   279500,   280000)         1576    0.0053%  52.0601%
  [   280000,   280500)         1641    0.0055%  52.0656%
  [   280500,   281000)         1657    0.0055%  52.0711%
  [   281000,   281500)         1599    0.0053%  52.0765%
  [   281500,   282000)         1599    0.0053%  52.0818%
  [   282000,   282500)         1692    0.0056%  52.0874%
  [   282500,   283000)         1666    0.0056%  52.0930%
  [   283000,   283500)         1635    0.0055%  52.0984%
  [   283500,   284000)         1776    0.0059%  52.1044%
  [   284000,   284500)         1587    0.0053%  52.1096%
  [   284500,   285000)         1543    0.0051%  52.1148%
  [   285000,   285500)         1542    0.0051%  52.1199%
  [   285500,   286000)         1669    0.0056%  52.1255%
  [   286000,   286500)         1600    0.0053%  52.1308%
  [   286500,   287000)         1633    0.0054%  52.1363%
  [   287000,   287500)         1691    0.0056%  52.1419%
  [   287500,   288000)         1567    0.0052%  52.1471%
  [   288000,   288500)         1636    0.0055%  52.1526%
  [   288500,   289000)         1591    0.0053%  52.1579%
  [   289000,   289500)         1559    0.0052%  52.1631%
  [   289500,   290000)         1642    0.0055%  52.1686%
  [   290000,   290500)         1626    0.0054%  52.1740%
  [   290500,   291000)         1592    0.0053%  52.1793%
  [   291000,   291500)         1558    0.0052%  52.1845%
  [   291500,   292000)         1556    0.0052%  52.1897%
  [   292000,   292500)         1572    0.0052%  52.1949%
  [   292500,   293000)         1659    0.0055%  52.2004%
  [   293000,   293500)         1508    0.0050%  52.2055%
  [   293500,   294000)         1573    0.0052%  52.2107%
  [   294000,   294500)         1499    0.0050%  52.2157%
  [   294500,   295000)         1574    0.0052%  52.2209%
  [   295000,   295500)         1574    0.0052%  52.2262%
  [   295500,   296000)         1534    0.0051%  52.2313%
  [   296000,   296500)         1511    0.0050%  52.2363%
  [   296500,   297000)         1550    0.0052%  52.2415%
  [   297000,   297500)         1647    0.0055%  52.2470%
  [   297500,   298000)         1482    0.0049%  52.2519%
  [   298000,   298500)         1526    0.0051%  52.2570%
  [   298500,   299000)         1589    0.0053%  52.2623%
  [   299000,   299500)         1595    0.0053%  52.2676%
  [   299500,   300000)         1620    0.0054%  52.2730%
  [   300000,   300500)         1573    0.0052%  52.2783%
  [   300500,   301000)         1592    0.0053%  52.2836%
  [   301000,   301500)         1466    0.0049%  52.2885%
  [   301500,   302000)         1498    0.0050%  52.2935%
  [   302000,   302500)         1533    0.0051%  52.2986%
  [   302500,   303000)         1498    0.0050%  52.3036%
  [   303000,   303500)         1580    0.0053%  52.3088%
  [   303500,   304000)         1517    0.0051%  52.3139%
  [   304000,   304500)         1564    0.0052%  52.3191%
  [   304500,   305000)         1513    0.0050%  52.3242%
  [   305000,   305500)         1525    0.0051%  52.3292%
  [   305500,   306000)         1576    0.0053%  52.3345%
  [   306000,   306500)         1519    0.0051%  52.3396%
  [   306500,   307000)         1561    0.0052%  52.3448%
  [   307000,   307500)         1554    0.0052%  52.3499%
  [   307500,   308000)         1494    0.0050%  52.3549%
  [   308000,   308500)         1498    0.0050%  52.3599%
  [   308500,   309000)         1553    0.0052%  52.3651%
  [   309000,   309500)         1533    0.0051%  52.3702%
  [   309500,   310000)         1490    0.0050%  52.3752%
  [   310000,   310500)         1506    0.0050%  52.3802%
  [   310500,   311000)         1451    0.0048%  52.3850%
  [   311000,   311500)         1587    0.0053%  52.3903%
  [   311500,   312000)         1468    0.0049%  52.3952%
  [   312000,   312500)         1499    0.0050%  52.4002%
  [   312500,   313000)         1511    0.0050%  52.4052%
  [   313000,   313500)         1508    0.0050%  52.4103%
  [   313500,   314000)         1543    0.0051%  52.4154%
  [   314000,   314500)         1445    0.0048%  52.4202%
  [   314500,   315000)         1513    0.0050%  52.4253%
  [   315000,   315500)         1521    0.0051%  52.4303%
  [   315500,   316000)         1444    0.0048%  52.4351%
  [   316000,   316500)         1377    0.0046%  52.4397%
  [   316500,   317000)         1379    0.0046%  52.4443%
  [   317000,   317500)         1471    0.0049%  52.4492%
  [   317500,   318000)         1474    0.0049%  52.4542%
  [   318000,   318500)         1462    0.0049%  52.4590%
  [   318500,   319000)         1437    0.0048%  52.4638%
  [   319000,   319500)         1478    0.0049%  52.4687%
  [   319500,   320000)         1429    0.0048%  52.4735%
  [   320000,   320500)         1446    0.0048%  52.4783%
  [   320500,   321000)         1444    0.0048%  52.4831%
  [   321000,   321500)         1444    0.0048%  52.4880%
  [   321500,   322000)         1387    0.0046%  52.4926%
  [   322000,   322500)         1437    0.0048%  52.4974%
  [   322500,   323000)         1487    0.0050%  52.5023%
  [   323000,   323500)         1435    0.0048%  52.5071%
  [   323500,   324000)         1456    0.0049%  52.5120%
  [   324000,   324500)         1376    0.0046%  52.5165%
  [   324500,   325000)         1359    0.0045%  52.5211%
  [   325000,   325500)         1428    0.0048%  52.5258%
  [   325500,   326000)         1363    0.0045%  52.5304%
  [   326000,   326500)         1459    0.0049%  52.5352%
  [   326500,   327000)         1440    0.0048%  52.5400%
  [   327000,   327500)         1286    0.0043%  52.5443%
  [   327500,   328000)         1397    0.0047%  52.5490%
  [   328000,   328500)         1419    0.0047%  52.5537%
  [   328500,   329000)         1432    0.0048%  52.5585%
  [   329000,   329500)         1387    0.0046%  52.5631%
  [   329500,   330000)         1456    0.0049%  52.5680%
  [   330000,   330500)         1412    0.0047%  52.5727%
  [   330500,   331000)         1431    0.0048%  52.5774%
  [   331000,   331500)         1401    0.0047%  52.5821%
  [   331500,   332000)         1443    0.0048%  52.5869%
  [   332000,   332500)         1394    0.0046%  52.5916%
  [   332500,   333000)         1391    0.0046%  52.5962%
  [   333000,   333500)         1372    0.0046%  52.6008%
  [   333500,   334000)         1403    0.0047%  52.6055%
  [   334000,   334500)         1397    0.0047%  52.6101%
  [   334500,   335000)         1324    0.0044%  52.6145%
  [   335000,   335500)         1338    0.0045%  52.6190%
  [   335500,   336000)         1283    0.0043%  52.6233%
  [   336000,   336500)         1406    0.0047%  52.6279%
  [   336500,   337000)         1362    0.0045%  52.6325%
  [   337000,   337500)         1360    0.0045%  52.6370%
  [   337500,   338000)         1397    0.0047%  52.6417%
  [   338000,   338500)         1322    0.0044%  52.6461%
  [   338500,   339000)         1395    0.0047%  52.6507%
  [   339000,   339500)         1367    0.0046%  52.6553%
  [   339500,   340000)         1383    0.0046%  52.6599%
  [   340000,   340500)         1329    0.0044%  52.6643%
  [   340500,   341000)         1361    0.0045%  52.6689%
  [   341000,   341500)         1335    0.0045%  52.6733%
  [   341500,   342000)         1397    0.0047%  52.6780%
  [   342000,   342500)         1340    0.0045%  52.6824%
  [   342500,   343000)         1339    0.0045%  52.6869%
  [   343000,   343500)         1397    0.0047%  52.6916%
  [   343500,   344000)         1358    0.0045%  52.6961%
  [   344000,   344500)         1331    0.0044%  52.7005%
  [   344500,   345000)         1317    0.0044%  52.7049%
  [   345000,   345500)         1323    0.0044%  52.7093%
  [   345500,   346000)         1366    0.0046%  52.7139%
  [   346000,   346500)         1321    0.0044%  52.7183%
  [   346500,   347000)         1250    0.0042%  52.7224%
  [   347000,   347500)         1324    0.0044%  52.7269%
  [   347500,   348000)         1381    0.0046%  52.7315%
  [   348000,   348500)         1334    0.0044%  52.7359%
  [   348500,   349000)         1323    0.0044%  52.7403%
  [   349000,   349500)         1248    0.0042%  52.7445%
  [   349500,   350000)         1241    0.0041%  52.7486%
  [   350000,   350500)         1343    0.0045%  52.7531%
  [   350500,   351000)         1290    0.0043%  52.7574%
  [   351000,   351500)         1225    0.0041%  52.7615%
  [   351500,   352000)         1404    0.0047%  52.7662%
  [   352000,   352500)         1302    0.0043%  52.7705%
  [   352500,   353000)         1471    0.0049%  52.7754%
  [   353000,   353500)         1308    0.0044%  52.7798%
  [   353500,   354000)         1354    0.0045%  52.7843%
  [   354000,   354500)         1362    0.0045%  52.7888%
  [   354500,   355000)         1338    0.0045%  52.7933%
  [   355000,   355500)         1317    0.0044%  52.7977%
  [   355500,   356000)         1305    0.0044%  52.8020%
  [   356000,   356500)         1288    0.0043%  52.8063%
  [   356500,   357000)         1294    0.0043%  52.8106%
  [   357000,   357500)         1211    0.0040%  52.8147%
  [   357500,   358000)         1374    0.0046%  52.8192%
  [   358000,   358500)         1364    0.0045%  52.8238%
  [   358500,   359000)         1327    0.0044%  52.8282%
  [   359000,   359500)         1303    0.0043%  52.8326%
  [   359500,   360000)         1346    0.0045%  52.8370%
  [   360000,   360500)         1298    0.0043%  52.8414%
  [   360500,   361000)         1303    0.0043%  52.8457%
  [   361000,   361500)         1358    0.0045%  52.8502%
  [   361500,   362000)         1294    0.0043%  52.8545%
  [   362000,   362500)         1305    0.0044%  52.8589%
  [   362500,   363000)         1279    0.0043%  52.8632%
  [   363000,   363500)         1304    0.0043%  52.8675%
  [   363500,   364000)         1268    0.0042%  52.8717%
  [   364000,   364500)         1310    0.0044%  52.8761%
  [   364500,   365000)         1365    0.0046%  52.8807%
  [   365000,   365500)         1276    0.0043%  52.8849%
  [   365500,   366000)         1267    0.0042%  52.8891%
  [   366000,   366500)         1322    0.0044%  52.8935%
  [   366500,   367000)         1345    0.0045%  52.8980%
  [   367000,   367500)         1274    0.0042%  52.9023%
  [   367500,   368000)         1224    0.0041%  52.9063%
  [   368000,   368500)         1294    0.0043%  52.9107%
  [   368500,   369000)         1278    0.0043%  52.9149%
  [   369000,   369500)         1276    0.0043%  52.9192%
  [   369500,   370000)         1222    0.0041%  52.9232%
  [   370000,   370500)         1284    0.0043%  52.9275%
  [   370500,   371000)         1286    0.0043%  52.9318%
  [   371000,   371500)         1301    0.0043%  52.9361%
  [   371500,   372000)         1313    0.0044%  52.9405%
  [   372000,   372500)         1262    0.0042%  52.9447%
  [   372500,   373000)         1276    0.0043%  52.9490%
  [   373000,   373500)         1234    0.0041%  52.9531%
  [   373500,   374000)         1254    0.0042%  52.9573%
  [   374000,   374500)         1281    0.0043%  52.9615%
  [   374500,   375000)         1293    0.0043%  52.9659%
  [   375000,   375500)         1278    0.0043%  52.9701%
  [   375500,   376000)         1273    0.0042%  52.9744%
  [   376000,   376500)         1309    0.0044%  52.9787%
  [   376500,   377000)         1242    0.0041%  52.9829%
  [   377000,   377500)         1291    0.0043%  52.9872%
  [   377500,   378000)         1257    0.0042%  52.9914%
  [   378000,   378500)         1384    0.0046%  52.9960%
  [   378500,   379000)         1287    0.0043%  53.0003%
  [   379000,   379500)         1272    0.0042%  53.0045%
  [   379500,   380000)         1228    0.0041%  53.0086%
  [   380000,   380500)         1319    0.0044%  53.0130%
  [   380500,   381000)         1333    0.0044%  53.0174%
  [   381000,   381500)         1244    0.0041%  53.0216%
  [   381500,   382000)         1334    0.0044%  53.0260%
  [   382000,   382500)         1333    0.0044%  53.0305%
  [   382500,   383000)         1262    0.0042%  53.0347%
  [   383000,   383500)         1288    0.0043%  53.0390%
  [   383500,   384000)         1246    0.0042%  53.0431%
  [   384000,   384500)         1233    0.0041%  53.0472%
  [   384500,   385000)         1285    0.0043%  53.0515%
  [   385000,   385500)         1339    0.0045%  53.0560%
  [   385500,   386000)         1339    0.0045%  53.0604%
  [   386000,   386500)         1285    0.0043%  53.0647%
  [   386500,   387000)         1308    0.0044%  53.0691%
  [   387000,   387500)         1203    0.0040%  53.0731%
  [   387500,   388000)         1264    0.0042%  53.0773%
  [   388000,   388500)         1251    0.0042%  53.0815%
  [   388500,   389000)         1294    0.0043%  53.0858%
  [   389000,   389500)         1253    0.0042%  53.0900%
  [   389500,   390000)         1291    0.0043%  53.0943%
  [   390000,   390500)         1280    0.0043%  53.0985%
  [   390500,   391000)         1264    0.0042%  53.1028%
  [   391000,   391500)         1278    0.0043%  53.1070%
  [   391500,   392000)         1278    0.0043%  53.1113%
  [   392000,   392500)         1296    0.0043%  53.1156%
  [   392500,   393000)         1270    0.0042%  53.1198%
  [   393000,   393500)         1301    0.0043%  53.1242%
  [   393500,   394000)         1279    0.0043%  53.1284%
  [   394000,   394500)         1269    0.0042%  53.1327%
  [   394500,   395000)         1216    0.0041%  53.1367%
  [   395000,   395500)         1178    0.0039%  53.1406%
  [   395500,   396000)         1313    0.0044%  53.1450%
  [   396000,   396500)         1322    0.0044%  53.1494%
  [   396500,   397000)         1326    0.0044%  53.1538%
  [   397000,   397500)         1323    0.0044%  53.1583%
  [   397500,   398000)         1252    0.0042%  53.1624%
  [   398000,   398500)         1346    0.0045%  53.1669%
  [   398500,   399000)         1329    0.0044%  53.1713%
  [   399000,   399500)         1272    0.0042%  53.1756%
  [   399500,   400000)         1309    0.0044%  53.1799%
  [   400000,   400500)         1282    0.0043%  53.1842%
  [   400500,   401000)         1297    0.0043%  53.1885%
  [   401000,   401500)         1310    0.0044%  53.1929%
  [   401500,   402000)         1278    0.0043%  53.1972%
  [   402000,   402500)         1306    0.0044%  53.2015%
  [   402500,   403000)         1276    0.0043%  53.2058%
  [   403000,   403500)         1317    0.0044%  53.2102%
  [   403500,   404000)         1322    0.0044%  53.2146%
  [   404000,   404500)         1283    0.0043%  53.2188%
  [   404500,   405000)         1328    0.0044%  53.2233%
  [   405000,   405500)         1342    0.0045%  53.2277%
  [   405500,   406000)         1334    0.0044%  53.2322%
  [   406000,   406500)         1332    0.0044%  53.2366%
  [   406500,   407000)         1265    0.0042%  53.2409%
  [   407000,   407500)         1340    0.0045%  53.2453%
  [   407500,   408000)         1260    0.0042%  53.2495%
  [   408000,   408500)         1368    0.0046%  53.2541%
  [   408500,   409000)         1284    0.0043%  53.2584%
  [   409000,   409500)         1300    0.0043%  53.2627%
  [   409500,   410000)         1274    0.0042%  53.2669%
  [   410000,   410500)         1388    0.0046%  53.2716%
  [   410500,   411000)         1252    0.0042%  53.2757%
  [   411000,   411500)         1315    0.0044%  53.2801%
  [   411500,   412000)         1333    0.0044%  53.2846%
  [   412000,   412500)         1231    0.0041%  53.2887%
  [   412500,   413000)         1281    0.0043%  53.2929%
  [   413000,   413500)         1302    0.0043%  53.2973%
  [   413500,   414000)         1242    0.0041%  53.3014%
  [   414000,   414500)         1390    0.0046%  53.3061%
  [   414500,   415000)         1229    0.0041%  53.3101%
  [   415000,   415500)         1309    0.0044%  53.3145%
  [   415500,   416000)         1311    0.0044%  53.3189%
  [   416000,   416500)         1397    0.0047%  53.3235%
  [   416500,   417000)         1326    0.0044%  53.3280%
  [   417000,   417500)         1354    0.0045%  53.3325%
  [   417500,   418000)         1375    0.0046%  53.3371%
  [   418000,   418500)         1292    0.0043%  53.3414%
  [   418500,   419000)         1330    0.0044%  53.3458%
  [   419000,   419500)         1363    0.0045%  53.3503%
  [   419500,   420000)         1354    0.0045%  53.3549%
  [   420000,   420500)         1338    0.0045%  53.3593%
  [   420500,   421000)         1317    0.0044%  53.3637%
  [   421000,   421500)         1285    0.0043%  53.3680%
  [   421500,   422000)         1317    0.0044%  53.3724%
  [   422000,   422500)         1323    0.0044%  53.3768%
  [   422500,   423000)         1377    0.0046%  53.3814%
  [   423000,   423500)         1320    0.0044%  53.3858%
  [   423500,   424000)         1403    0.0047%  53.3905%
  [   424000,   424500)         1323    0.0044%  53.3949%
  [   424500,   425000)         1350    0.0045%  53.3994%
  [   425000,   425500)         1386    0.0046%  53.4040%
  [   425500,   426000)         1353    0.0045%  53.4085%
  [   426000,   426500)         1335    0.0045%  53.4129%
  [   426500,   427000)         1344    0.0045%  53.4174%
  [   427000,   427500)         1303    0.0043%  53.4218%
  [   427500,   428000)         1381    0.0046%  53.4264%
  [   428000,   428500)         1360    0.0045%  53.4309%
  [   428500,   429000)         1343    0.0045%  53.4354%
  [   429000,   429500)         1304    0.0043%  53.4397%
  [   429500,   430000)         1287    0.0043%  53.4440%
  [   430000,   430500)         1399    0.0047%  53.4487%
  [   430500,   431000)         1363    0.0045%  53.4532%
  [   431000,   431500)         1287    0.0043%  53.4575%
  [   431500,   432000)         1295    0.0043%  53.4618%
  [   432000,   432500)         1334    0.0044%  53.4663%
  [   432500,   433000)         1332    0.0044%  53.4707%
  [   433000,   433500)         1338    0.0045%  53.4752%
  [   433500,   434000)         1445    0.0048%  53.4800%
  [   434000,   434500)         1324    0.0044%  53.4844%
  [   434500,   435000)         1337    0.0045%  53.4889%
  [   435000,   435500)         1433    0.0048%  53.4936%
  [   435500,   436000)         1337    0.0045%  53.4981%
  [   436000,   436500)         1331    0.0044%  53.5025%
  [   436500,   437000)         1386    0.0046%  53.5072%
  [   437000,   437500)         1355    0.0045%  53.5117%
  [   437500,   438000)         1377    0.0046%  53.5163%
  [   438000,   438500)         1370    0.0046%  53.5208%
  [   438500,   439000)         1380    0.0046%  53.5254%
  [   439000,   439500)         1405    0.0047%  53.5301%
  [   439500,   440000)         1353    0.0045%  53.5346%
  [   440000,   440500)         1417    0.0047%  53.5393%
  [   440500,   441000)         1314    0.0044%  53.5437%
  [   441000,   441500)         1395    0.0047%  53.5484%
  [   441500,   442000)         1404    0.0047%  53.5531%
  [   442000,   442500)         1421    0.0047%  53.5578%
  [   442500,   443000)         1502    0.0050%  53.5628%
  [   443000,   443500)         1439    0.0048%  53.5676%
  [   443500,   444000)         1406    0.0047%  53.5723%
  [   444000,   444500)         1323    0.0044%  53.5767%
  [   444500,   445000)         1426    0.0048%  53.5814%
  [   445000,   445500)         1401    0.0047%  53.5861%
  [   445500,   446000)         1382    0.0046%  53.5907%
  [   446000,   446500)         1438    0.0048%  53.5955%
  [   446500,   447000)         1371    0.0046%  53.6001%
  [   447000,   447500)         1448    0.0048%  53.6049%
  [   447500,   448000)         1367    0.0046%  53.6095%
  [   448000,   448500)         1380    0.0046%  53.6141%
  [   448500,   449000)         1429    0.0048%  53.6188%
  [   449000,   449500)         1437    0.0048%  53.6236%
  [   449500,   450000)         1501    0.0050%  53.6286%
  [   450000,   450500)         1468    0.0049%  53.6335%
  [   450500,   451000)         1450    0.0048%  53.6383%
  [   451000,   451500)         1419    0.0047%  53.6431%
  [   451500,   452000)         1450    0.0048%  53.6479%
  [   452000,   452500)         1437    0.0048%  53.6527%
  [   452500,   453000)         1432    0.0048%  53.6575%
  [   453000,   453500)         1439    0.0048%  53.6623%
  [   453500,   454000)         1431    0.0048%  53.6670%
  [   454000,   454500)         1396    0.0047%  53.6717%
  [   454500,   455000)         1398    0.0047%  53.6764%
  [   455000,   455500)         1417    0.0047%  53.6811%
  [   455500,   456000)         1489    0.0050%  53.6860%
  [   456000,   456500)         1498    0.0050%  53.6910%
  [   456500,   457000)         1466    0.0049%  53.6959%
  [   457000,   457500)         1518    0.0051%  53.7010%
  [   457500,   458000)         1487    0.0050%  53.7059%
  [   458000,   458500)         1540    0.0051%  53.7111%
  [   458500,   459000)         1502    0.0050%  53.7161%
  [   459000,   459500)         1461    0.0049%  53.7209%
  [   459500,   460000)         1449    0.0048%  53.7258%
  [   460000,   460500)         1447    0.0048%  53.7306%
  [   460500,   461000)         1507    0.0050%  53.7356%
  [   461000,   461500)         1482    0.0049%  53.7406%
  [   461500,   462000)         1496    0.0050%  53.7456%
  [   462000,   462500)         1531    0.0051%  53.7507%
  [   462500,   463000)         1554    0.0052%  53.7558%
  [   463000,   463500)         1556    0.0052%  53.7610%
  [   463500,   464000)         1520    0.0051%  53.7661%
  [   464000,   464500)         1584    0.0053%  53.7714%
  [   464500,   465000)         1547    0.0052%  53.7765%
  [   465000,   465500)         1533    0.0051%  53.7816%
  [   465500,   466000)         1574    0.0052%  53.7869%
  [   466000,   466500)         1546    0.0052%  53.7920%
  [   466500,   467000)         1535    0.0051%  53.7972%
  [   467000,   467500)         1620    0.0054%  53.8026%
  [   467500,   468000)         1569    0.0052%  53.8078%
  [   468000,   468500)         1619    0.0054%  53.8132%
  [   468500,   469000)         1550    0.0052%  53.8183%
  [   469000,   469500)         1588    0.0053%  53.8236%
  [   469500,   470000)         1485    0.0050%  53.8286%
  [   470000,   470500)         1587    0.0053%  53.8339%
  [   470500,   471000)         1517    0.0051%  53.8389%
  [   471000,   471500)         1567    0.0052%  53.8442%
  [   471500,   472000)         1618    0.0054%  53.8496%
  [   472000,   472500)         1600    0.0053%  53.8549%
  [   472500,   473000)         1580    0.0053%  53.8602%
  [   473000,   473500)         1529    0.0051%  53.8652%
  [   473500,   474000)         1625    0.0054%  53.8707%
  [   474000,   474500)         1611    0.0054%  53.8760%
  [   474500,   475000)         1711    0.0057%  53.8817%
  [   475000,   475500)         1613    0.0054%  53.8871%
  [   475500,   476000)         1646    0.0055%  53.8926%
  [   476000,   476500)         1587    0.0053%  53.8979%
  [   476500,   477000)         1602    0.0053%  53.9032%
  [   477000,   477500)         1709    0.0057%  53.9089%
  [   477500,   478000)         1668    0.0056%  53.9145%
  [   478000,   478500)         1579    0.0053%  53.9198%
  [   478500,   479000)         1634    0.0054%  53.9252%
  [   479000,   479500)         1658    0.0055%  53.9307%
  [   479500,   480000)         1652    0.0055%  53.9362%
  [   480000,   480500)         1661    0.0055%  53.9418%
  [   480500,   481000)         1615    0.0054%  53.9472%
  [   481000,   481500)         1745    0.0058%  53.9530%
  [   481500,   482000)         1635    0.0055%  53.9584%
  [   482000,   482500)         1686    0.0056%  53.9640%
  [   482500,   483000)         1762    0.0059%  53.9699%
  [   483000,   483500)         1785    0.0060%  53.9759%
  [   483500,   484000)         1680    0.0056%  53.9815%
  [   484000,   484500)         1659    0.0055%  53.9870%
  [   484500,   485000)         1788    0.0060%  53.9930%
  [   485000,   485500)         1755    0.0059%  53.9988%
  [   485500,   486000)         1766    0.0059%  54.0047%
  [   486000,   486500)         1766    0.0059%  54.0106%
  [   486500,   487000)         1718    0.0057%  54.0163%
  [   487000,   487500)         1711    0.0057%  54.0220%
  [   487500,   488000)         1736    0.0058%  54.0278%
  [   488000,   488500)         1767    0.0059%  54.0337%
  [   488500,   489000)         1642    0.0055%  54.0392%
  [   489000,   489500)         1726    0.0058%  54.0449%
  [   489500,   490000)         1896    0.0063%  54.0512%
  [   490000,   490500)         1765    0.0059%  54.0571%
  [   490500,   491000)         1767    0.0059%  54.0630%
  [   491000,   491500)         1803    0.0060%  54.0690%
  [   491500,   492000)         1792    0.0060%  54.0750%
  [   492000,   492500)         1880    0.0063%  54.0813%
  [   492500,   493000)         1950    0.0065%  54.0878%
  [   493000,   493500)         1827    0.0061%  54.0938%
  [   493500,   494000)         1818    0.0061%  54.0999%
  [   494000,   494500)         1852    0.0062%  54.1061%
  [   494500,   495000)         1939    0.0065%  54.1125%
  [   495000,   495500)         1915    0.0064%  54.1189%
  [   495500,   496000)         1932    0.0064%  54.1254%
  [   496000,   496500)         1914    0.0064%  54.1317%
  [   496500,   497000)         1885    0.0063%  54.1380%
  [   497000,   497500)         1887    0.0063%  54.1443%
  [   497500,   498000)         1940    0.0065%  54.1508%
  [   498000,   498500)         1989    0.0066%  54.1574%
  [   498500,   499000)         1953    0.0065%  54.1639%
  [   499000,   499500)         2062    0.0069%  54.1708%
  [   499500,   500000)         1951    0.0065%  54.1773%
  [   500000,   500500)         2056    0.0069%  54.1842%
  [   500500,   501000)         1994    0.0066%  54.1908%
  [   501000,   501500)         1950    0.0065%  54.1973%
  [   501500,   502000)         2010    0.0067%  54.2040%
  [   502000,   502500)         2015    0.0067%  54.2107%
  [   502500,   503000)         2064    0.0069%  54.2176%
  [   503000,   503500)         2054    0.0068%  54.2244%
  [   503500,   504000)         1989    0.0066%  54.2311%
  [   504000,   504500)         2086    0.0070%  54.2380%
  [   504500,   505000)         2106    0.0070%  54.2450%
  [   505000,   505500)         2152    0.0072%  54.2522%
  [   505500,   506000)         2095    0.0070%  54.2592%
  [   506000,   506500)         2086    0.0070%  54.2662%
  [   506500,   507000)         2076    0.0069%  54.2731%
  [   507000,   507500)         2094    0.0070%  54.2801%
  [   507500,   508000)         2203    0.0073%  54.2874%
  [   508000,   508500)         2213    0.0074%  54.2948%
  [   508500,   509000)         2230    0.0074%  54.3022%
  [   509000,   509500)         2172    0.0072%  54.3094%
  [   509500,   510000)         2161    0.0072%  54.3167%
  [   510000,   510500)         2153    0.0072%  54.3238%
  [   510500,   511000)         2240    0.0075%  54.3313%
  [   511000,   511500)         2274    0.0076%  54.3389%
  [   511500,   512000)         2178    0.0073%  54.3461%
  [   512000,   512500)         2230    0.0074%  54.3536%
  [   512500,   513000)         2348    0.0078%  54.3614%
  [   513000,   513500)         2367    0.0079%  54.3693%
  [   513500,   514000)         2317    0.0077%  54.3770%
  [   514000,   514500)         2250    0.0075%  54.3845%
  [   514500,   515000)         2304    0.0077%  54.3922%
  [   515000,   515500)         2293    0.0076%  54.3998%
  [   515500,   516000)         2409    0.0080%  54.4079%
  [   516000,   516500)         2403    0.0080%  54.4159%
  [   516500,   517000)         2373    0.0079%  54.4238%
  [   517000,   517500)         2421    0.0081%  54.4319%
  [   517500,   518000)         2443    0.0081%  54.4400%
  [   518000,   518500)         2440    0.0081%  54.4481%
  [   518500,   519000)         2468    0.0082%  54.4564%
  [   519000,   519500)         2491    0.0083%  54.4647%
  [   519500,   520000)         2454    0.0082%  54.4728%
  [   520000,   520500)         2421    0.0081%  54.4809%
  [   520500,   521000)         2552    0.0085%  54.4894%
  [   521000,   521500)         2640    0.0088%  54.4982%
  [   521500,   522000)         2644    0.0088%  54.5070%
  [   522000,   522500)         2556    0.0085%  54.5155%
  [   522500,   523000)         2608    0.0087%  54.5242%
  [   523000,   523500)         2647    0.0088%  54.5331%
  [   523500,   524000)         2572    0.0086%  54.5416%
  [   524000,   524500)         2658    0.0089%  54.5505%
  [   524500,   525000)         2651    0.0088%  54.5593%
  [   525000,   525500)         2638    0.0088%  54.5681%
  [   525500,   526000)         2730    0.0091%  54.5772%
  [   526000,   526500)         2729    0.0091%  54.5863%
  [   526500,   527000)         2706    0.0090%  54.5953%
  [   527000,   527500)         2705    0.0090%  54.6044%
  [   527500,   528000)         2815    0.0094%  54.6137%
  [   528000,   528500)         2877    0.0096%  54.6233%
  [   528500,   529000)         2873    0.0096%  54.6329%
  [   529000,   529500)         2853    0.0095%  54.6424%
  [   529500,   530000)         2810    0.0094%  54.6518%
  [   530000,   530500)         2907    0.0097%  54.6615%
  [   530500,   531000)         2941    0.0098%  54.6713%
  [   531000,   531500)         2998    0.0100%  54.6813%
  [   531500,   532000)         2899    0.0097%  54.6909%
  [   532000,   532500)         2999    0.0100%  54.7009%
  [   532500,   533000)         3019    0.0101%  54.7110%
  [   533000,   533500)         2913    0.0097%  54.7207%
  [   533500,   534000)         3009    0.0100%  54.7307%
  [   534000,   534500)         3085    0.0103%  54.7410%
  [   534500,   535000)         3139    0.0105%  54.7515%
  [   535000,   535500)         3195    0.0107%  54.7621%
  [   535500,   536000)         3140    0.0105%  54.7726%
  [   536000,   536500)         3123    0.0104%  54.7830%
  [   536500,   537000)         3230    0.0108%  54.7938%
  [   537000,   537500)         3328    0.0111%  54.8049%
  [   537500,   538000)         3235    0.0108%  54.8157%
  [   538000,   538500)         3258    0.0109%  54.8265%
  [   538500,   539000)         3288    0.0110%  54.8375%
  [   539000,   539500)         3406    0.0114%  54.8488%
  [   539500,   540000)         3335    0.0111%  54.8599%
  [   540000,   540500)         3264    0.0109%  54.8708%
  [   540500,   541000)         3399    0.0113%  54.8822%
  [   541000,   541500)         3547    0.0118%  54.8940%
  [   541500,   542000)         3477    0.0116%  54.9056%
  [   542000,   542500)         3551    0.0118%  54.9174%
  [   542500,   543000)         3520    0.0117%  54.9291%
  [   543000,   543500)         3563    0.0119%  54.9410%
  [   543500,   544000)         3639    0.0121%  54.9531%
  [   544000,   544500)         3558    0.0119%  54.9650%
  [   544500,   545000)         3686    0.0123%  54.9773%
  [   545000,   545500)         3699    0.0123%  54.9896%
  [   545500,   546000)         3669    0.0122%  55.0019%
  [   546000,   546500)         3812    0.0127%  55.0146%
  [   546500,   547000)         3800    0.0127%  55.0272%
  [   547000,   547500)         3807    0.0127%  55.0399%
  [   547500,   548000)         3806    0.0127%  55.0526%
  [   548000,   548500)         3972    0.0132%  55.0658%
  [   548500,   549000)         3940    0.0131%  55.0790%
  [   549000,   549500)         3809    0.0127%  55.0917%
  [   549500,   550000)         4050    0.0135%  55.1052%
  [   550000,   550500)         3968    0.0132%  55.1184%
  [   550500,   551000)         4095    0.0137%  55.1320%
  [   551000,   551500)         4260    0.0142%  55.1462%
  [   551500,   552000)         4298    0.0143%  55.1606%
  [   552000,   552500)         4152    0.0138%  55.1744%
  [   552500,   553000)         4210    0.0140%  55.1884%
  [   553000,   553500)         4307    0.0144%  55.2028%
  [   553500,   554000)         4210    0.0140%  55.2168%
  [   554000,   554500)         4436    0.0148%  55.2316%
  [   554500,   555000)         4293    0.0143%  55.2459%
  [   555000,   555500)         4341    0.0145%  55.2604%
  [   555500,   556000)         4442    0.0148%  55.2752%
  [   556000,   556500)         4542    0.0151%  55.2904%
  [   556500,   557000)         4680    0.0156%  55.3060%
  [   557000,   557500)         4534    0.0151%  55.3211%
  [   557500,   558000)         4652    0.0155%  55.3366%
  [   558000,   558500)         4678    0.0156%  55.3522%
  [   558500,   559000)         4691    0.0156%  55.3678%
  [   559000,   559500)         4795    0.0160%  55.3838%
  [   559500,   560000)         4836    0.0161%  55.3999%
  [   560000,   560500)         4873    0.0162%  55.4161%
  [   560500,   561000)         4836    0.0161%  55.4323%
  [   561000,   561500)         4867    0.0162%  55.4485%
  [   561500,   562000)         5049    0.0168%  55.4653%
  [   562000,   562500)         4951    0.0165%  55.4818%
  [   562500,   563000)         5008    0.0167%  55.4985%
  [   563000,   563500)         5140    0.0171%  55.5157%
  [   563500,   564000)         5084    0.0169%  55.5326%
  [   564000,   564500)         5188    0.0173%  55.5499%
  [   564500,   565000)         5284    0.0176%  55.5675%
  [   565000,   565500)         5540    0.0185%  55.5860%
  [   565500,   566000)         5210    0.0174%  55.6033%
  [   566000,   566500)         5487    0.0183%  55.6216%
  [   566500,   567000)         5541    0.0185%  55.6401%
  [   567000,   567500)         5460    0.0182%  55.6583%
  [   567500,   568000)         5593    0.0186%  55.6769%
  [   568000,   568500)         5579    0.0186%  55.6955%
  [   568500,   569000)         5689    0.0190%  55.7145%
  [   569000,   569500)         5729    0.0191%  55.7336%
  [   569500,   570000)         5707    0.0190%  55.7526%
  [   570000,   570500)         5799    0.0193%  55.7720%
  [   570500,   571000)         5915    0.0197%  55.7917%
  [   571000,   571500)         5823    0.0194%  55.8111%
  [   571500,   572000)         6028    0.0201%  55.8312%
  [   572000,   572500)         6029    0.0201%  55.8513%
  [   572500,   573000)         6036    0.0201%  55.8714%
  [   573000,   573500)         6137    0.0205%  55.8918%
  [   573500,   574000)         6195    0.0207%  55.9125%
  [   574000,   574500)         6279    0.0209%  55.9334%
  [   574500,   575000)         6380    0.0213%  55.9547%
  [   575000,   575500)         6314    0.0210%  55.9757%
  [   575500,   576000)         6315    0.0211%  55.9968%
  [   576000,   576500)         6510    0.0217%  56.0185%
  [   576500,   577000)         6539    0.0218%  56.0403%
  [   577000,   577500)         6478    0.0216%  56.0619%
  [   577500,   578000)         6568    0.0219%  56.0838%
  [   578000,   578500)         6740    0.0225%  56.1062%
  [   578500,   579000)         6618    0.0221%  56.1283%
  [   579000,   579500)         6923    0.0231%  56.1514%
  [   579500,   580000)         6794    0.0226%  56.1740%
  [   580000,   580500)         6784    0.0226%  56.1966%
  [   580500,   581000)         6995    0.0233%  56.2200%
  [   581000,   581500)         7117    0.0237%  56.2437%
  [   581500,   582000)         7173    0.0239%  56.2676%
  [   582000,   582500)         7115    0.0237%  56.2913%
  [   582500,   583000)         7248    0.0242%  56.3155%
  [   583000,   583500)         7198    0.0240%  56.3395%
  [   583500,   584000)         7452    0.0248%  56.3643%
  [   584000,   584500)         7351    0.0245%  56.3888%
  [   584500,   585000)         7525    0.0251%  56.4139%
  [   585000,   585500)         7470    0.0249%  56.4388%
  [   585500,   586000)         7527    0.0251%  56.4639%
  [   586000,   586500)         7700    0.0257%  56.4895%
  [   586500,   587000)         7769    0.0259%  56.5154%
  [   587000,   587500)         7818    0.0261%  56.5415%
  [   587500,   588000)         7898    0.0263%  56.5678%
  [   588000,   588500)         7956    0.0265%  56.5943%
  [   588500,   589000)         7887    0.0263%  56.6206%
  [   589000,   589500)         8110    0.0270%  56.6477%
  [   589500,   590000)         8104    0.0270%  56.6747%
  [   590000,   590500)         8159    0.0272%  56.7019%
  [   590500,   591000)         8280    0.0276%  56.7295%
  [   591000,   591500)         8580    0.0286%  56.7581%
  [   591500,   592000)         8519    0.0284%  56.7865%
  [   592000,   592500)         8584    0.0286%  56.8151%
  [   592500,   593000)         8501    0.0283%  56.8434%
  [   593000,   593500)         8639    0.0288%  56.8722%
  [   593500,   594000)         8689    0.0290%  56.9012%
  [   594000,   594500)         8702    0.0290%  56.9302%
  [   594500,   595000)         8691    0.0290%  56.9592%
  [   595000,   595500)         8864    0.0295%  56.9887%
  [   595500,   596000)         9178    0.0306%  57.0193%
  [   596000,   596500)         9121    0.0304%  57.0497%
  [   596500,   597000)         8930    0.0298%  57.0795%
  [   597000,   597500)         9126    0.0304%  57.1099%
  [   597500,   598000)         9391    0.0313%  57.1412%
  [   598000,   598500)         9128    0.0304%  57.1716%
  [   598500,   599000)         9444    0.0315%  57.2031%
  [   599000,   599500)         9501    0.0317%  57.2348%
  [   599500,   600000)         9361    0.0312%  57.2660%
  [   600000,   600500)         9766    0.0326%  57.2985%
  [   600500,   601000)         9723    0.0324%  57.3309%
  [   601000,   601500)         9927    0.0331%  57.3640%
  [   601500,   602000)         9952    0.0332%  57.3972%
  [   602000,   602500)         9770    0.0326%  57.4298%
  [   602500,   603000)         9990    0.0333%  57.4631%
  [   603000,   603500)        10117    0.0337%  57.4968%
  [   603500,   604000)        10329    0.0344%  57.5312%
  [   604000,   604500)        10069    0.0336%  57.5648%
  [   604500,   605000)        10444    0.0348%  57.5996%
  [   605000,   605500)        10288    0.0343%  57.6339%
  [   605500,   606000)        10488    0.0350%  57.6688%
  [   606000,   606500)        10561    0.0352%  57.7041%
  [   606500,   607000)        10772    0.0359%  57.7400%
  [   607000,   607500)        10713    0.0357%  57.7757%
  [   607500,   608000)        10831    0.0361%  57.8118%
  [   608000,   608500)        10856    0.0362%  57.8480%
  [   608500,   609000)        11183    0.0373%  57.8852%
  [   609000,   609500)        11144    0.0371%  57.9224%
  [   609500,   610000)        11074    0.0369%  57.9593%
  [   610000,   610500)        11224    0.0374%  57.9967%
  [   610500,   611000)        11124    0.0371%  58.0338%
  [   611000,   611500)        11132    0.0371%  58.0709%
  [   611500,   612000)        11238    0.0375%  58.1084%
  [   612000,   612500)        11591    0.0386%  58.1470%
  [   612500,   613000)        11545    0.0385%  58.1855%
  [   613000,   613500)        11979    0.0399%  58.2254%
  [   613500,   614000)        11823    0.0394%  58.2648%
  [   614000,   614500)        12084    0.0403%  58.3051%
  [   614500,   615000)        12051    0.0402%  58.3453%
  [   615000,   615500)        12114    0.0404%  58.3856%
  [   615500,   616000)        12107    0.0404%  58.4260%
  [   616000,   616500)        12330    0.0411%  58.4671%
  [   616500,   617000)        12453    0.0415%  58.5086%
  [   617000,   617500)        12372    0.0412%  58.5499%
  [   617500,   618000)        12462    0.0415%  58.5914%
  [   618000,   618500)        12487    0.0416%  58.6330%
  [   618500,   619000)        12614    0.0420%  58.6751%
  [   619000,   619500)        12713    0.0424%  58.7174%
  [   619500,   620000)        12997    0.0433%  58.7608%
  [   620000,   620500)        12881    0.0429%  58.8037%
  [   620500,   621000)        12939    0.0431%  58.8468%
  [   621000,   621500)        13155    0.0439%  58.8907%
  [   621500,   622000)        13137    0.0438%  58.9345%
  [   622000,   622500)        13520    0.0451%  58.9795%
  [   622500,   623000)        13346    0.0445%  59.0240%
  [   623000,   623500)        13444    0.0448%  59.0688%
  [   623500,   624000)        13443    0.0448%  59.1136%
  [   624000,   624500)        13758    0.0459%  59.1595%
  [   624500,   625000)        13866    0.0462%  59.2057%
  [   625000,   625500)        13797    0.0460%  59.2517%
  [   625500,   626000)        13966    0.0466%  59.2983%
  [   626000,   626500)        14259    0.0475%  59.3458%
  [   626500,   627000)        14056    0.0469%  59.3927%
  [   627000,   627500)        14212    0.0474%  59.4400%
  [   627500,   628000)        14127    0.0471%  59.4871%
  [   628000,   628500)        14449    0.0482%  59.5353%
  [   628500,   629000)        14403    0.0480%  59.5833%
  [   629000,   629500)        14431    0.0481%  59.6314%
  [   629500,   630000)        14566    0.0486%  59.6799%
  [   630000,   630500)        14642    0.0488%  59.7288%
  [   630500,   631000)        14675    0.0489%  59.7777%
  [   631000,   631500)        14908    0.0497%  59.8274%
  [   631500,   632000)        14955    0.0499%  59.8772%
  [   632000,   632500)        15187    0.0506%  59.9278%
  [   632500,   633000)        15088    0.0503%  59.9781%
  [   633000,   633500)        15224    0.0507%  60.0289%
  [   633500,   634000)        15539    0.0518%  60.0807%
  [   634000,   634500)        15543    0.0518%  60.1325%
  [   634500,   635000)        15469    0.0516%  60.1840%
  [   635000,   635500)        15656    0.0522%  60.2362%
  [   635500,   636000)        15823    0.0527%  60.2890%
  [   636000,   636500)        15810    0.0527%  60.3417%
  [   636500,   637000)        15795    0.0527%  60.3943%
  [   637000,   637500)        15895    0.0530%  60.4473%
  [   637500,   638000)        16195    0.0540%  60.5013%
  [   638000,   638500)        16108    0.0537%  60.5550%
  [   638500,   639000)        16178    0.0539%  60.6089%
  [   639000,   639500)        16324    0.0544%  60.6633%
  [   639500,   640000)        16447    0.0548%  60.7182%
  [   640000,   640500)        16634    0.0554%  60.7736%
  [   640500,   641000)        16520    0.0551%  60.8287%
  [   641000,   641500)        16707    0.0557%  60.8844%
  [   641500,   642000)        16790    0.0560%  60.9403%
  [   642000,   642500)        17137    0.0571%  60.9974%
  [   642500,   643000)        17243    0.0575%  61.0549%
  [   643000,   643500)        17101    0.0570%  61.1119%
  [   643500,   644000)        16697    0.0557%  61.1676%
  [   644000,   644500)        17288    0.0576%  61.2252%
  [   644500,   645000)        17692    0.0590%  61.2842%
  [   645000,   645500)        17560    0.0585%  61.3427%
  [   645500,   646000)        17704    0.0590%  61.4017%
  [   646000,   646500)        17736    0.0591%  61.4608%
  [   646500,   647000)        17487    0.0583%  61.5191%
  [   647000,   647500)        17676    0.0589%  61.5781%
  [   647500,   648000)        17989    0.0600%  61.6380%
  [   648000,   648500)        18046    0.0602%  61.6982%
  [   648500,   649000)        18295    0.0610%  61.7592%
  [   649000,   649500)        18294    0.0610%  61.8201%
  [   649500,   650000)        17964    0.0599%  61.8800%
  [   650000,   650500)        18265    0.0609%  61.9409%
  [   650500,   651000)        18290    0.0610%  62.0019%
  [   651000,   651500)        18507    0.0617%  62.0636%
  [   651500,   652000)        18689    0.0623%  62.1259%
  [   652000,   652500)        18348    0.0612%  62.1870%
  [   652500,   653000)        18840    0.0628%  62.2498%
  [   653000,   653500)        18989    0.0633%  62.3131%
  [   653500,   654000)        18972    0.0632%  62.3764%
  [   654000,   654500)        19099    0.0637%  62.4400%
  [   654500,   655000)        18973    0.0632%  62.5033%
  [   655000,   655500)        19151    0.0638%  62.5671%
  [   655500,   656000)        19407    0.0647%  62.6318%
  [   656000,   656500)        19489    0.0650%  62.6967%
  [   656500,   657000)        19445    0.0648%  62.7616%
  [   657000,   657500)        19719    0.0657%  62.8273%
  [   657500,   658000)        19592    0.0653%  62.8926%
  [   658000,   658500)        19609    0.0654%  62.9580%
  [   658500,   659000)        19787    0.0660%  63.0239%
  [   659000,   659500)        20028    0.0668%  63.0907%
  [   659500,   660000)        19957    0.0665%  63.1572%
  [   660000,   660500)        20079    0.0669%  63.2241%
  [   660500,   661000)        19962    0.0665%  63.2907%
  [   661000,   661500)        20308    0.0677%  63.3584%
  [   661500,   662000)        20401    0.0680%  63.4264%
  [   662000,   662500)        20435    0.0681%  63.4945%
  [   662500,   663000)        20621    0.0687%  63.5632%
  [   663000,   663500)        20657    0.0689%  63.6321%
  [   663500,   664000)        20709    0.0690%  63.7011%
  [   664000,   664500)        20769    0.0692%  63.7703%
  [   664500,   665000)        20939    0.0698%  63.8401%
  [   665000,   665500)        20881    0.0696%  63.9097%
  [   665500,   666000)        20854    0.0695%  63.9793%
  [   666000,   666500)        21175    0.0706%  64.0498%
  [   666500,   667000)        20976    0.0699%  64.1198%
  [   667000,   667500)        21218    0.0707%  64.1905%
  [   667500,   668000)        21536    0.0718%  64.2623%
  [   668000,   668500)        21299    0.0710%  64.3333%
  [   668500,   669000)        21086    0.0703%  64.4036%
  [   669000,   669500)        21743    0.0725%  64.4760%
  [   669500,   670000)        21517    0.0717%  64.5478%
  [   670000,   670500)        21764    0.0725%  64.6203%
  [   670500,   671000)        21650    0.0722%  64.6925%
  [   671000,   671500)        21948    0.0732%  64.7656%
  [   671500,   672000)        21887    0.0730%  64.8386%
  [   672000,   672500)        22172    0.0739%  64.9125%
  [   672500,   673000)        21837    0.0728%  64.9853%
  [   673000,   673500)        22203    0.0740%  65.0593%
  [   673500,   674000)        22078    0.0736%  65.1329%
  [   674000,   674500)        22195    0.0740%  65.2069%
  [   674500,   675000)        22445    0.0748%  65.2817%
  [   675000,   675500)        22662    0.0755%  65.3572%
  [   675500,   676000)        22610    0.0754%  65.4326%
  [   676000,   676500)        22477    0.0749%  65.5075%
  [   676500,   677000)        22831    0.0761%  65.5836%
  [   677000,   677500)        22682    0.0756%  65.6592%
  [   677500,   678000)        22699    0.0757%  65.7349%
  [   678000,   678500)        22731    0.0758%  65.8107%
  [   678500,   679000)        22716    0.0757%  65.8864%
  [   679000,   679500)        22786    0.0760%  65.9623%
  [   679500,   680000)        22796    0.0760%  66.0383%
  [   680000,   680500)        23162    0.0772%  66.1155%
  [   680500,   681000)        22967    0.0766%  66.1921%
  [   681000,   681500)        23451    0.0782%  66.2703%
  [   681500,   682000)        23379    0.0779%  66.3482%
  [   682000,   682500)        23324    0.0777%  66.4259%
  [   682500,   683000)        23731    0.0791%  66.5050%
  [   683000,   683500)        23477    0.0783%  66.5833%
  [   683500,   684000)        23446    0.0782%  66.6614%
  [   684000,   684500)        23585    0.0786%  66.7401%
  [   684500,   685000)        23575    0.0786%  66.8186%
  [   685000,   685500)        23437    0.0781%  66.8968%
  [   685500,   686000)        23956    0.0799%  66.9766%
  [   686000,   686500)        24013    0.0800%  67.0567%
  [   686500,   687000)        24087    0.0803%  67.1370%
  [   687000,   687500)        24178    0.0806%  67.2175%
  [   687500,   688000)        24273    0.0809%  67.2985%
  [   688000,   688500)        24231    0.0808%  67.3792%
  [   688500,   689000)        24302    0.0810%  67.4602%
  [   689000,   689500)        24267    0.0809%  67.5411%
  [   689500,   690000)        24397    0.0813%  67.6224%
  [   690000,   690500)        24299    0.0810%  67.7034%
  [   690500,   691000)        24184    0.0806%  67.7841%
  [   691000,   691500)        24043    0.0801%  67.8642%
  [   691500,   692000)        24432    0.0814%  67.9456%
  [   692000,   692500)        24514    0.0817%  68.0274%
  [   692500,   693000)        24700    0.0823%  68.1097%
  [   693000,   693500)        24365    0.0812%  68.1909%
  [   693500,   694000)        24613    0.0820%  68.2729%
  [   694000,   694500)        24749    0.0825%  68.3554%
  [   694500,   695000)        24692    0.0823%  68.4378%
  [   695000,   695500)        24836    0.0828%  68.5205%
  [   695500,   696000)        24839    0.0828%  68.6033%
  [   696000,   696500)        24679    0.0823%  68.6856%
  [   696500,   697000)        25085    0.0836%  68.7692%
  [   697000,   697500)        25052    0.0835%  68.8527%
  [   697500,   698000)        25045    0.0835%  68.9362%
  [   698000,   698500)        25246    0.0842%  69.0204%
  [   698500,   699000)        25017    0.0834%  69.1037%
  [   699000,   699500)        25182    0.0839%  69.1877%
  [   699500,   700000)        25503    0.0850%  69.2727%
  [   700000,   700500)        25093    0.0836%  69.3563%
  [   700500,   701000)        25438    0.0848%  69.4411%
  [   701000,   701500)        25309    0.0844%  69.5255%
  [   701500,   702000)        25563    0.0852%  69.6107%
  [   702000,   702500)        25463    0.0849%  69.6956%
  [   702500,   703000)        25689    0.0856%  69.7812%
  [   703000,   703500)        25708    0.0857%  69.8669%
  [   703500,   704000)        25828    0.0861%  69.9530%
  [   704000,   704500)        25699    0.0857%  70.0387%
  [   704500,   705000)        25539    0.0851%  70.1238%
  [   705000,   705500)        25668    0.0856%  70.2094%
  [   705500,   706000)        25815    0.0861%  70.2954%
  [   706000,   706500)        25661    0.0855%  70.3809%
  [   706500,   707000)        25486    0.0850%  70.4659%
  [   707000,   707500)        25371    0.0846%  70.5505%
  [   707500,   708000)        25744    0.0858%  70.6363%
  [   708000,   708500)        26112    0.0870%  70.7233%
  [   708500,   709000)        25646    0.0855%  70.8088%
  [   709000,   709500)        25838    0.0861%  70.8949%
  [   709500,   710000)        26092    0.0870%  70.9819%
  [   710000,   710500)        26077    0.0869%  71.0688%
  [   710500,   711000)        25960    0.0865%  71.1554%
  [   711000,   711500)        25901    0.0863%  71.2417%
  [   711500,   712000)        26121    0.0871%  71.3288%
  [   712000,   712500)        25995    0.0867%  71.4154%
  [   712500,   713000)        26038    0.0868%  71.5022%
  [   713000,   713500)        25990    0.0866%  71.5888%
  [   713500,   714000)        26157    0.0872%  71.6760%
  [   714000,   714500)        25985    0.0866%  71.7627%
  [   714500,   715000)        26104    0.0870%  71.8497%
  [   715000,   715500)        26312    0.0877%  71.9374%
  [   715500,   716000)        26344    0.0878%  72.0252%
  [   716000,   716500)        26053    0.0868%  72.1120%
  [   716500,   717000)        26094    0.0870%  72.1990%
  [   717000,   717500)        26521    0.0884%  72.2874%
  [   717500,   718000)        26156    0.0872%  72.3746%
  [   718000,   718500)        26408    0.0880%  72.4626%
  [   718500,   719000)        26459    0.0882%  72.5508%
  [   719000,   719500)        26399    0.0880%  72.6388%
  [   719500,   720000)        26223    0.0874%  72.7262%
  [   720000,   720500)        26407    0.0880%  72.8143%
  [   720500,   721000)        26524    0.0884%  72.9027%
  [   721000,   721500)        26586    0.0886%  72.9913%
  [   721500,   722000)        26471    0.0882%  73.0795%
  [   722000,   722500)        26370    0.0879%  73.1674%
  [   722500,   723000)        26487    0.0883%  73.2557%
  [   723000,   723500)        26547    0.0885%  73.3442%
  [   723500,   724000)        26603    0.0887%  73.4329%
  [   724000,   724500)        26624    0.0887%  73.5216%
  [   724500,   725000)        26454    0.0882%  73.6098%
  [   725000,   725500)        26619    0.0887%  73.6985%
  [   725500,   726000)        26494    0.0883%  73.7868%
  [   726000,   726500)        26873    0.0896%  73.8764%
  [   726500,   727000)        26736    0.0891%  73.9655%
  [   727000,   727500)        26451    0.0882%  74.0537%
  [   727500,   728000)        26729    0.0891%  74.1428%
  [   728000,   728500)        26754    0.0892%  74.2320%
  [   728500,   729000)        26710    0.0890%  74.3210%
  [   729000,   729500)        26687    0.0890%  74.4100%
  [   729500,   730000)        26326    0.0878%  74.4977%
  [   730000,   730500)        26546    0.0885%  74.5862%
  [   730500,   731000)        26638    0.0888%  74.6750%
  [   731000,   731500)        26593    0.0886%  74.7637%
  [   731500,   732000)        26520    0.0884%  74.8521%
  [   732000,   732500)        26515    0.0884%  74.9404%
  [   732500,   733000)        26813    0.0894%  75.0298%
  [   733000,   733500)        26517    0.0884%  75.1182%
  [   733500,   734000)        27018    0.0901%  75.2083%
  [   734000,   734500)        26895    0.0897%  75.2979%
  [   734500,   735000)        26703    0.0890%  75.3869%
  [   735000,   735500)        26280    0.0876%  75.4745%
  [   735500,   736000)        26498    0.0883%  75.5629%
  [   736000,   736500)        26543    0.0885%  75.6513%
  [   736500,   737000)        26575    0.0886%  75.7399%
  [   737000,   737500)        26509    0.0884%  75.8283%
  [   737500,   738000)        26646    0.0888%  75.9171%
  [   738000,   738500)        26437    0.0881%  76.0052%
  [   738500,   739000)        26707    0.0890%  76.0942%
  [   739000,   739500)        26331    0.0878%  76.1820%
  [   739500,   740000)        26755    0.0892%  76.2712%
  [   740000,   740500)        26227    0.0874%  76.3586%
  [   740500,   741000)        26424    0.0881%  76.4467%
  [   741000,   741500)        26522    0.0884%  76.5351%
  [   741500,   742000)        26623    0.0887%  76.6239%
  [   742000,   742500)        26319    0.0877%  76.7116%
  [   742500,   743000)        26539    0.0885%  76.8000%
  [   743000,   743500)        26527    0.0884%  76.8885%
  [   743500,   744000)        26389    0.0880%  76.9764%
  [   744000,   744500)        26627    0.0888%  77.0652%
  [   744500,   745000)        26307    0.0877%  77.1529%
  [   745000,   745500)        26650    0.0888%  77.2417%
  [   745500,   746000)        26299    0.0877%  77.3294%
  [   746000,   746500)        26145    0.0872%  77.4165%
  [   746500,   747000)        26449    0.0882%  77.5047%
  [   747000,   747500)        26354    0.0878%  77.5925%
  [   747500,   748000)        26210    0.0874%  77.6799%
  [   748000,   748500)        26592    0.0886%  77.7685%
  [   748500,   749000)        26059    0.0869%  77.8554%
  [   749000,   749500)        26381    0.0879%  77.9433%
  [   749500,   750000)        26154    0.0872%  78.0305%
  [   750000,   750500)        26241    0.0875%  78.1180%
  [   750500,   751000)        26382    0.0879%  78.2059%
  [   751000,   751500)        26148    0.0872%  78.2931%
  [   751500,   752000)        26170    0.0872%  78.3803%
  [   752000,   752500)        26310    0.0877%  78.4680%
  [   752500,   753000)        26154    0.0872%  78.5552%
  [   753000,   753500)        26071    0.0869%  78.6421%
  [   753500,   754000)        26047    0.0868%  78.7289%
  [   754000,   754500)        26113    0.0870%  78.8160%
  [   754500,   755000)        26074    0.0869%  78.9029%
  [   755000,   755500)        26015    0.0867%  78.9896%
  [   755500,   756000)        25904    0.0863%  79.0760%
  [   756000,   756500)        25774    0.0859%  79.1619%
  [   756500,   757000)        25606    0.0854%  79.2472%
  [   757000,   757500)        25957    0.0865%  79.3337%
  [   757500,   758000)        26131    0.0871%  79.4208%
  [   758000,   758500)        25589    0.0853%  79.5061%
  [   758500,   759000)        25462    0.0849%  79.5910%
  [   759000,   759500)        25978    0.0866%  79.6776%
  [   759500,   760000)        25592    0.0853%  79.7629%
  [   760000,   760500)        25505    0.0850%  79.8479%
  [   760500,   761000)        25680    0.0856%  79.9335%
  [   761000,   761500)        25417    0.0847%  80.0183%
  [   761500,   762000)        25433    0.0848%  80.1030%
  [   762000,   762500)        25439    0.0848%  80.1878%
  [   762500,   763000)        25419    0.0847%  80.2726%
  [   763000,   763500)        25430    0.0848%  80.3573%
  [   763500,   764000)        25579    0.0853%  80.4426%
  [   764000,   764500)        25405    0.0847%  80.5273%
  [   764500,   765000)        25419    0.0847%  80.6120%
  [   765000,   765500)        25229    0.0841%  80.6961%
  [   765500,   766000)        25294    0.0843%  80.7804%
  [   766000,   766500)        25401    0.0847%  80.8651%
  [   766500,   767000)        25303    0.0843%  80.9494%
  [   767000,   767500)        25286    0.0843%  81.0337%
  [   767500,   768000)        25426    0.0848%  81.1185%
  [   768000,   768500)        25224    0.0841%  81.2025%
  [   768500,   769000)        24603    0.0820%  81.2846%
  [   769000,   769500)        24972    0.0832%  81.3678%
  [   769500,   770000)        25120    0.0837%  81.4515%
  [   770000,   770500)        24880    0.0829%  81.5345%
  [   770500,   771000)        24794    0.0826%  81.6171%
  [   771000,   771500)        24738    0.0825%  81.6996%
  [   771500,   772000)        24989    0.0833%  81.7829%
  [   772000,   772500)        24804    0.0827%  81.8655%
  [   772500,   773000)        24547    0.0818%  81.9474%
  [   773000,   773500)        24834    0.0828%  82.0302%
  [   773500,   774000)        24721    0.0824%  82.1126%
  [   774000,   774500)        24722    0.0824%  82.1950%
  [   774500,   775000)        24371    0.0812%  82.2762%
  [   775000,   775500)        24457    0.0815%  82.3577%
  [   775500,   776000)        24388    0.0813%  82.4390%
  [   776000,   776500)        24388    0.0813%  82.5203%
  [   776500,   777000)        23946    0.0798%  82.6001%
  [   777000,   777500)        24140    0.0805%  82.6806%
  [   777500,   778000)        24055    0.0802%  82.7608%
  [   778000,   778500)        23792    0.0793%  82.8401%
  [   778500,   779000)        24104    0.0803%  82.9204%
  [   779000,   779500)        23836    0.0795%  82.9999%
  [   779500,   780000)        24171    0.0806%  83.0805%
  [   780000,   780500)        24064    0.0802%  83.1607%
  [   780500,   781000)        23814    0.0794%  83.2400%
  [   781000,   781500)        23928    0.0798%  83.3198%
  [   781500,   782000)        24003    0.0800%  83.3998%
  [   782000,   782500)        23874    0.0796%  83.4794%
  [   782500,   783000)        23883    0.0796%  83.5590%
  [   783000,   783500)        23524    0.0784%  83.6374%
  [   783500,   784000)        23513    0.0784%  83.7158%
  [   784000,   784500)        23228    0.0774%  83.7932%
  [   784500,   785000)        23440    0.0781%  83.8714%
  [   785000,   785500)        23135    0.0771%  83.9485%
  [   785500,   786000)        23643    0.0788%  84.0273%
  [   786000,   786500)        23534    0.0784%  84.1057%
  [   786500,   787000)        23022    0.0767%  84.1825%
  [   787000,   787500)        23091    0.0770%  84.2594%
  [   787500,   788000)        23017    0.0767%  84.3362%
  [   788000,   788500)        23360    0.0779%  84.4140%
  [   788500,   789000)        23219    0.0774%  84.4914%
  [   789000,   789500)        23044    0.0768%  84.5682%
  [   789500,   790000)        23031    0.0768%  84.6450%
  [   790000,   790500)        22937    0.0765%  84.7215%
  [   790500,   791000)        22767    0.0759%  84.7974%
  [   791000,   791500)        22820    0.0761%  84.8734%
  [   791500,   792000)        22680    0.0756%  84.9490%
  [   792000,   792500)        22816    0.0761%  85.0251%
  [   792500,   793000)        22708    0.0757%  85.1008%
  [   793000,   793500)        22731    0.0758%  85.1765%
  [   793500,   794000)        22714    0.0757%  85.2523%
  [   794000,   794500)        22156    0.0739%  85.3261%
  [   794500,   795000)        22305    0.0744%  85.4005%
  [   795000,   795500)        22442    0.0748%  85.4753%
  [   795500,   796000)        22370    0.0746%  85.5498%
  [   796000,   796500)        22018    0.0734%  85.6232%
  [   796500,   797000)        22452    0.0748%  85.6981%
  [   797000,   797500)        22050    0.0735%  85.7716%
  [   797500,   798000)        22120    0.0737%  85.8453%
  [   798000,   798500)        21874    0.0729%  85.9182%
  [   798500,   799000)        21886    0.0730%  85.9912%
  [   799000,   799500)        21834    0.0728%  86.0639%
  [   799500,   800000)        21740    0.0725%  86.1364%
  [   800000,   800500)        21541    0.0718%  86.2082%
  [   800500,   801000)        21652    0.0722%  86.2804%
  [   801000,   801500)        21480    0.0716%  86.3520%
  [   801500,   802000)        21412    0.0714%  86.4234%
  [   802000,   802500)        21464    0.0715%  86.4949%
  [   802500,   803000)        21387    0.0713%  86.5662%
  [   803000,   803500)        21271    0.0709%  86.6371%
  [   803500,   804000)        21437    0.0715%  86.7086%
  [   804000,   804500)        21033    0.0701%  86.7787%
  [   804500,   805000)        21102    0.0703%  86.8490%
  [   805000,   805500)        21169    0.0706%  86.9196%
  [   805500,   806000)        21119    0.0704%  86.9900%
  [   806000,   806500)        20921    0.0697%  87.0597%
  [   806500,   807000)        20943    0.0698%  87.1295%
  [   807000,   807500)        20941    0.0698%  87.1993%
  [   807500,   808000)        20558    0.0685%  87.2678%
  [   808000,   808500)        20758    0.0692%  87.3370%
  [   808500,   809000)        20601    0.0687%  87.4057%
  [   809000,   809500)        20504    0.0683%  87.4741%
  [   809500,   810000)        20434    0.0681%  87.5422%
  [   810000,   810500)        20434    0.0681%  87.6103%
  [   810500,   811000)        20541    0.0685%  87.6788%
  [   811000,   811500)        20049    0.0668%  87.7456%
  [   811500,   812000)        20482    0.0683%  87.8139%
  [   812000,   812500)        20209    0.0674%  87.8812%
  [   812500,   813000)        19886    0.0663%  87.9475%
  [   813000,   813500)        19740    0.0658%  88.0133%
  [   813500,   814000)        20055    0.0669%  88.0802%
  [   814000,   814500)        19707    0.0657%  88.1458%
  [   814500,   815000)        20031    0.0668%  88.2126%
  [   815000,   815500)        19587    0.0653%  88.2779%
  [   815500,   816000)        19559    0.0652%  88.3431%
  [   816000,   816500)        19639    0.0655%  88.4086%
  [   816500,   817000)        19693    0.0656%  88.4742%
  [   817000,   817500)        19621    0.0654%  88.5396%
  [   817500,   818000)        19065    0.0636%  88.6032%
  [   818000,   818500)        19276    0.0643%  88.6674%
  [   818500,   819000)        19122    0.0637%  88.7312%
  [   819000,   819500)        19273    0.0642%  88.7954%
  [   819500,   820000)        19205    0.0640%  88.8594%
  [   820000,   820500)        19110    0.0637%  88.9231%
  [   820500,   821000)        19161    0.0639%  88.9870%
  [   821000,   821500)        18952    0.0632%  89.0502%
  [   821500,   822000)        18887    0.0630%  89.1131%
  [   822000,   822500)        18912    0.0630%  89.1762%
  [   822500,   823000)        18591    0.0620%  89.2381%
  [   823000,   823500)        18679    0.0623%  89.3004%
  [   823500,   824000)        18621    0.0621%  89.3625%
  [   824000,   824500)        18461    0.0615%  89.4240%
  [   824500,   825000)        18279    0.0609%  89.4849%
  [   825000,   825500)        18406    0.0614%  89.5463%
  [   825500,   826000)        18182    0.0606%  89.6069%
  [   826000,   826500)        18318    0.0611%  89.6679%
  [   826500,   827000)        18027    0.0601%  89.7280%
  [   827000,   827500)        17898    0.0597%  89.7877%
  [   827500,   828000)        17924    0.0597%  89.8474%
  [   828000,   828500)        18043    0.0601%  89.9076%
  [   828500,   829000)        17906    0.0597%  89.9673%
  [   829000,   829500)        17753    0.0592%  90.0265%
  [   829500,   830000)        17806    0.0594%  90.0858%
  [   830000,   830500)        17600    0.0587%  90.1445%
  [   830500,   831000)        17553    0.0585%  90.2030%
  [   831000,   831500)        17316    0.0577%  90.2607%
  [   831500,   832000)        17462    0.0582%  90.3189%
  [   832000,   832500)        17563    0.0585%  90.3775%
  [   832500,   833000)        17553    0.0585%  90.4360%
  [   833000,   833500)        17149    0.0572%  90.4931%
  [   833500,   834000)        17333    0.0578%  90.5509%
  [   834000,   834500)        17307    0.0577%  90.6086%
  [   834500,   835000)        17027    0.0568%  90.6653%
  [   835000,   835500)        16760    0.0559%  90.7212%
  [   835500,   836000)        16892    0.0563%  90.7775%
  [   836000,   836500)        16952    0.0565%  90.8340%
  [   836500,   837000)        16741    0.0558%  90.8898%
  [   837000,   837500)        16599    0.0553%  90.9452%
  [   837500,   838000)        16740    0.0558%  91.0010%
  [   838000,   838500)        16713    0.0557%  91.0567%
  [   838500,   839000)        16356    0.0545%  91.1112%
  [   839000,   839500)        16485    0.0550%  91.1661%
  [   839500,   840000)        16296    0.0543%  91.2205%
  [   840000,   840500)        16230    0.0541%  91.2746%
  [   840500,   841000)        16057    0.0535%  91.3281%
  [   841000,   841500)        16208    0.0540%  91.3821%
  [   841500,   842000)        16037    0.0535%  91.4356%
  [   842000,   842500)        15989    0.0533%  91.4889%
  [   842500,   843000)        16080    0.0536%  91.5425%
  [   843000,   843500)        15753    0.0525%  91.5950%
  [   843500,   844000)        16029    0.0534%  91.6484%
  [   844000,   844500)        15805    0.0527%  91.7011%
  [   844500,   845000)        15846    0.0528%  91.7539%
  [   845000,   845500)        15423    0.0514%  91.8053%
  [   845500,   846000)        15446    0.0515%  91.8568%
  [   846000,   846500)        15323    0.0511%  91.9079%
  [   846500,   847000)        15344    0.0511%  91.9590%
  [   847000,   847500)        15129    0.0504%  92.0095%
  [   847500,   848000)        14979    0.0499%  92.0594%
  [   848000,   848500)        15065    0.0502%  92.1096%
  [   848500,   849000)        14904    0.0497%  92.1593%
  [   849000,   849500)        14961    0.0499%  92.2092%
  [   849500,   850000)        15027    0.0501%  92.2592%
  [   850000,   850500)        14921    0.0497%  92.3090%
  [   850500,   851000)        14992    0.0500%  92.3590%
  [   851000,   851500)        14858    0.0495%  92.4085%
  [   851500,   852000)        14747    0.0492%  92.4576%
  [   852000,   852500)        14354    0.0478%  92.5055%
  [   852500,   853000)        14310    0.0477%  92.5532%
  [   853000,   853500)        14399    0.0480%  92.6012%
  [   853500,   854000)        14324    0.0477%  92.6489%
  [   854000,   854500)        14282    0.0476%  92.6965%
  [   854500,   855000)        14158    0.0472%  92.7437%
  [   855000,   855500)        14031    0.0468%  92.7905%
  [   855500,   856000)        14277    0.0476%  92.8381%
  [   856000,   856500)        14311    0.0477%  92.8858%
  [   856500,   857000)        14039    0.0468%  92.9326%
  [   857000,   857500)        13903    0.0463%  92.9789%
  [   857500,   858000)        14001    0.0467%  93.0256%
  [   858000,   858500)        13740    0.0458%  93.0714%
  [   858500,   859000)        13878    0.0463%  93.1177%
  [   859000,   859500)        13681    0.0456%  93.1633%
  [   859500,   860000)        13766    0.0459%  93.2092%
  [   860000,   860500)        13485    0.0450%  93.2541%
  [   860500,   861000)        13452    0.0448%  93.2989%
  [   861000,   861500)        13467    0.0449%  93.3438%
  [   861500,   862000)        13155    0.0439%  93.3877%
  [   862000,   862500)        13294    0.0443%  93.4320%
  [   862500,   863000)        13237    0.0441%  93.4761%
  [   863000,   863500)        13302    0.0443%  93.5205%
  [   863500,   864000)        12900    0.0430%  93.5635%
  [   864000,   864500)        12949    0.0432%  93.6066%
  [   864500,   865000)        12794    0.0426%  93.6493%
  [   865000,   865500)        12758    0.0425%  93.6918%
  [   865500,   866000)        12702    0.0423%  93.7341%
  [   866000,   866500)        12761    0.0425%  93.7767%
  [   866500,   867000)        12733    0.0424%  93.8191%
  [   867000,   867500)        12702    0.0423%  93.8615%
  [   867500,   868000)        12767    0.0426%  93.9040%
  [   868000,   868500)        12445    0.0415%  93.9455%
  [   868500,   869000)        12459    0.0415%  93.9870%
  [   869000,   869500)        12279    0.0409%  94.0280%
  [   869500,   870000)        12336    0.0411%  94.0691%
  [   870000,   870500)        12160    0.0405%  94.1096%
  [   870500,   871000)        12157    0.0405%  94.1501%
  [   871000,   871500)        12172    0.0406%  94.1907%
  [   871500,   872000)        11974    0.0399%  94.2306%
  [   872000,   872500)        11947    0.0398%  94.2704%
  [   872500,   873000)        11779    0.0393%  94.3097%
  [   873000,   873500)        11934    0.0398%  94.3495%
  [   873500,   874000)        11847    0.0395%  94.3890%
  [   874000,   874500)        11718    0.0391%  94.4280%
  [   874500,   875000)        11552    0.0385%  94.4665%
  [   875000,   875500)        11498    0.0383%  94.5049%
  [   875500,   876000)        11516    0.0384%  94.5433%
  [   876000,   876500)        11542    0.0385%  94.5817%
  [   876500,   877000)        11290    0.0376%  94.6194%
  [   877000,   877500)        11068    0.0369%  94.6563%
  [   877500,   878000)        11424    0.0381%  94.6943%
  [   878000,   878500)        11332    0.0378%  94.7321%
  [   878500,   879000)        11235    0.0375%  94.7696%
  [   879000,   879500)        10931    0.0364%  94.8060%
  [   879500,   880000)        11261    0.0375%  94.8435%
  [   880000,   880500)        10895    0.0363%  94.8799%
  [   880500,   881000)        11065    0.0369%  94.9167%
  [   881000,   881500)        10743    0.0358%  94.9525%
  [   881500,   882000)        10626    0.0354%  94.9880%
  [   882000,   882500)        10730    0.0358%  95.0237%
  [   882500,   883000)        10764    0.0359%  95.0596%
  [   883000,   883500)        10941    0.0365%  95.0961%
  [   883500,   884000)        10645    0.0355%  95.1316%
  [   884000,   884500)        10520    0.0351%  95.1666%
  [   884500,   885000)        10397    0.0347%  95.2013%
  [   885000,   885500)        10451    0.0348%  95.2361%
  [   885500,   886000)        10400    0.0347%  95.2708%
  [   886000,   886500)        10235    0.0341%  95.3049%
  [   886500,   887000)        10350    0.0345%  95.3394%
  [   887000,   887500)        10254    0.0342%  95.3736%
  [   887500,   888000)         9968    0.0332%  95.4068%
  [   888000,   888500)         9881    0.0329%  95.4398%
  [   888500,   889000)        10056    0.0335%  95.4733%
  [   889000,   889500)         9785    0.0326%  95.5059%
  [   889500,   890000)        10001    0.0333%  95.5392%
  [   890000,   890500)         9865    0.0329%  95.5721%
  [   890500,   891000)         9653    0.0322%  95.6043%
  [   891000,   891500)         9783    0.0326%  95.6369%
  [   891500,   892000)         9780    0.0326%  95.6695%
  [   892000,   892500)         9700    0.0323%  95.7018%
  [   892500,   893000)         9488    0.0316%  95.7335%
  [   893000,   893500)         9310    0.0310%  95.7645%
  [   893500,   894000)         9376    0.0313%  95.7957%
  [   894000,   894500)         9494    0.0316%  95.8274%
  [   894500,   895000)         9335    0.0311%  95.8585%
  [   895000,   895500)         9226    0.0308%  95.8893%
  [   895500,   896000)         9308    0.0310%  95.9203%
  [   896000,   896500)         9050    0.0302%  95.9505%
  [   896500,   897000)         9007    0.0300%  95.9805%
  [   897000,   897500)         9089    0.0303%  96.0108%
  [   897500,   898000)         8968    0.0299%  96.0407%
  [   898000,   898500)         8731    0.0291%  96.0698%
  [   898500,   899000)         8769    0.0292%  96.0990%
  [   899000,   899500)         8923    0.0297%  96.1287%
  [   899500,   900000)         8665    0.0289%  96.1576%
  [   900000,   900500)         8911    0.0297%  96.1873%
  [   900500,   901000)         8658    0.0289%  96.2162%
  [   901000,   901500)         8523    0.0284%  96.2446%
  [   901500,   902000)         8534    0.0284%  96.2730%
  [   902000,   902500)         8422    0.0281%  96.3011%
  [   902500,   903000)         8522    0.0284%  96.3295%
  [   903000,   903500)         8350    0.0278%  96.3574%
  [   903500,   904000)         8294    0.0276%  96.3850%
  [   904000,   904500)         8220    0.0274%  96.4124%
  [   904500,   905000)         8187    0.0273%  96.4397%
  [   905000,   905500)         8281    0.0276%  96.4673%
  [   905500,   906000)         8163    0.0272%  96.4945%
  [   906000,   906500)         8276    0.0276%  96.5221%
  [   906500,   907000)         8141    0.0271%  96.5492%
  [   907000,   907500)         8091    0.0270%  96.5762%
  [   907500,   908000)         7981    0.0266%  96.6028%
  [   908000,   908500)         7864    0.0262%  96.6290%
  [   908500,   909000)         7825    0.0261%  96.6551%
  [   909000,   909500)         7932    0.0264%  96.6815%
  [   909500,   910000)         7669    0.0256%  96.7071%
  [   910000,   910500)         7756    0.0259%  96.7330%
  [   910500,   911000)         7560    0.0252%  96.7582%
  [   911000,   911500)         7530    0.0251%  96.7833%
  [   911500,   912000)         7527    0.0251%  96.8083%
  [   912000,   912500)         7510    0.0250%  96.8334%
  [   912500,   913000)         7395    0.0247%  96.8580%
  [   913000,   913500)         7349    0.0245%  96.8825%
  [   913500,   914000)         7291    0.0243%  96.9068%
  [   914000,   914500)         7301    0.0243%  96.9312%
  [   914500,   915000)         7318    0.0244%  96.9556%
  [   915000,   915500)         7163    0.0239%  96.9794%
  [   915500,   916000)         7092    0.0236%  97.0031%
  [   916000,   916500)         7072    0.0236%  97.0267%
  [   916500,   917000)         6909    0.0230%  97.0497%
  [   917000,   917500)         7119    0.0237%  97.0734%
  [   917500,   918000)         6844    0.0228%  97.0962%
  [   918000,   918500)         6995    0.0233%  97.1195%
  [   918500,   919000)         6841    0.0228%  97.1423%
  [   919000,   919500)         6722    0.0224%  97.1648%
  [   919500,   920000)         6697    0.0223%  97.1871%
  [   920000,   920500)         6904    0.0230%  97.2101%
  [   920500,   921000)         6752    0.0225%  97.2326%
  [   921000,   921500)         6613    0.0220%  97.2546%
  [   921500,   922000)         6665    0.0222%  97.2769%
  [   922000,   922500)         6512    0.0217%  97.2986%
  [   922500,   923000)         6593    0.0220%  97.3205%
  [   923000,   923500)         6419    0.0214%  97.3419%
  [   923500,   924000)         6419    0.0214%  97.3633%
  [   924000,   924500)         6553    0.0218%  97.3852%
  [   924500,   925000)         6384    0.0213%  97.4065%
  [   925000,   925500)         6238    0.0208%  97.4272%
  [   925500,   926000)         6219    0.0207%  97.4480%
  [   926000,   926500)         6132    0.0204%  97.4684%
  [   926500,   927000)         6260    0.0209%  97.4893%
  [   927000,   927500)         6008    0.0200%  97.5093%
  [   927500,   928000)         6242    0.0208%  97.5301%
  [   928000,   928500)         6104    0.0203%  97.5505%
  [   928500,   929000)         6023    0.0201%  97.5705%
  [   929000,   929500)         6104    0.0203%  97.5909%
  [   929500,   930000)         5943    0.0198%  97.6107%
  [   930000,   930500)         5890    0.0196%  97.6303%
  [   930500,   931000)         5882    0.0196%  97.6499%
  [   931000,   931500)         5811    0.0194%  97.6693%
  [   931500,   932000)         5721    0.0191%  97.6884%
  [   932000,   932500)         5699    0.0190%  97.7074%
  [   932500,   933000)         5649    0.0188%  97.7262%
  [   933000,   933500)         5545    0.0185%  97.7447%
  [   933500,   934000)         5684    0.0189%  97.7636%
  [   934000,   934500)         5601    0.0187%  97.7823%
  [   934500,   935000)         5488    0.0183%  97.8006%
  [   935000,   935500)         5358    0.0179%  97.8185%
  [   935500,   936000)         5532    0.0184%  97.8369%
  [   936000,   936500)         5370    0.0179%  97.8548%
  [   936500,   937000)         5427    0.0181%  97.8729%
  [   937000,   937500)         5235    0.0175%  97.8903%
  [   937500,   938000)         5282    0.0176%  97.9079%
  [   938000,   938500)         5309    0.0177%  97.9256%
  [   938500,   939000)         5265    0.0176%  97.9432%
  [   939000,   939500)         5175    0.0173%  97.9604%
  [   939500,   940000)         5249    0.0175%  97.9779%
  [   940000,   940500)         4993    0.0166%  97.9946%
  [   940500,   941000)         4985    0.0166%  98.0112%
  [   941000,   941500)         5110    0.0170%  98.0282%
  [   941500,   942000)         4951    0.0165%  98.0447%
  [   942000,   942500)         4900    0.0163%  98.0611%
  [   942500,   943000)         5063    0.0169%  98.0779%
  [   943000,   943500)         4793    0.0160%  98.0939%
  [   943500,   944000)         4889    0.0163%  98.1102%
  [   944000,   944500)         4944    0.0165%  98.1267%
  [   944500,   945000)         4917    0.0164%  98.1431%
  [   945000,   945500)         4713    0.0157%  98.1588%
  [   945500,   946000)         4701    0.0157%  98.1745%
  [   946000,   946500)         4751    0.0158%  98.1903%
  [   946500,   947000)         4768    0.0159%  98.2062%
  [   947000,   947500)         4584    0.0153%  98.2215%
  [   947500,   948000)         4495    0.0150%  98.2365%
  [   948000,   948500)         4657    0.0155%  98.2520%
  [   948500,   949000)         4605    0.0154%  98.2673%
  [   949000,   949500)         4400    0.0147%  98.2820%
  [   949500,   950000)         4423    0.0147%  98.2967%
  [   950000,   950500)         4382    0.0146%  98.3114%
  [   950500,   951000)         4354    0.0145%  98.3259%
  [   951000,   951500)         4376    0.0146%  98.3405%
  [   951500,   952000)         4231    0.0141%  98.3546%
  [   952000,   952500)         4357    0.0145%  98.3691%
  [   952500,   953000)         4267    0.0142%  98.3833%
  [   953000,   953500)         4274    0.0142%  98.3975%
  [   953500,   954000)         4179    0.0139%  98.4115%
  [   954000,   954500)         4143    0.0138%  98.4253%
  [   954500,   955000)         4183    0.0139%  98.4392%
  [   955000,   955500)         4163    0.0139%  98.4531%
  [   955500,   956000)         4078    0.0136%  98.4667%
  [   956000,   956500)         4040    0.0135%  98.4802%
  [   956500,   957000)         4101    0.0137%  98.4938%
  [   957000,   957500)         4027    0.0134%  98.5073%
  [   957500,   958000)         4035    0.0135%  98.5207%
  [   958000,   958500)         3917    0.0131%  98.5338%
  [   958500,   959000)         3864    0.0129%  98.5466%
  [   959000,   959500)         3884    0.0129%  98.5596%
  [   959500,   960000)         3838    0.0128%  98.5724%
  [   960000,   960500)         3910    0.0130%  98.5854%
  [   960500,   961000)         3766    0.0126%  98.5980%
  [   961000,   961500)         3792    0.0126%  98.6106%
  [   961500,   962000)         3725    0.0124%  98.6230%
  [   962000,   962500)         3702    0.0123%  98.6354%
  [   962500,   963000)         3647    0.0122%  98.6475%
  [   963000,   963500)         3552    0.0118%  98.6594%
  [   963500,   964000)         3556    0.0119%  98.6712%
  [   964000,   964500)         3506    0.0117%  98.6829%
  [   964500,   965000)         3563    0.0119%  98.6948%
  [   965000,   965500)         3486    0.0116%  98.7064%
  [   965500,   966000)         3493    0.0116%  98.7180%
  [   966000,   966500)         3458    0.0115%  98.7296%
  [   966500,   967000)         3429    0.0114%  98.7410%
  [   967000,   967500)         3502    0.0117%  98.7527%
  [   967500,   968000)         3397    0.0113%  98.7640%
  [   968000,   968500)         3439    0.0115%  98.7755%
  [   968500,   969000)         3409    0.0114%  98.7868%
  [   969000,   969500)         3251    0.0108%  98.7977%
  [   969500,   970000)         3385    0.0113%  98.8089%
  [   970000,   970500)         3273    0.0109%  98.8199%
  [   970500,   971000)         3245    0.0108%  98.8307%
  [   971000,   971500)         3242    0.0108%  98.8415%
  [   971500,   972000)         3264    0.0109%  98.8524%
  [   972000,   972500)         3227    0.0108%  98.8631%
  [   972500,   973000)         3175    0.0106%  98.8737%
  [   973000,   973500)         3024    0.0101%  98.8838%
  [   973500,   974000)         3102    0.0103%  98.8941%
  [   974000,   974500)         3131    0.0104%  98.9046%
  [   974500,   975000)         3062    0.0102%  98.9148%
  [   975000,   975500)         2963    0.0099%  98.9246%
  [   975500,   976000)         2912    0.0097%  98.9343%
  [   976000,   976500)         2905    0.0097%  98.9440%
  [   976500,   977000)         2989    0.0100%  98.9540%
  [   977000,   977500)         2888    0.0096%  98.9636%
  [   977500,   978000)         2894    0.0096%  98.9733%
  [   978000,   978500)         2941    0.0098%  98.9831%
  [   978500,   979000)         2868    0.0096%  98.9926%
  [   979000,   979500)         2767    0.0092%  99.0019%
  [   979500,   980000)         2741    0.0091%  99.0110%
  [   980000,   980500)         2795    0.0093%  99.0203%
  [   980500,   981000)         2746    0.0092%  99.0295%
  [   981000,   981500)         2659    0.0089%  99.0383%
  [   981500,   982000)         2824    0.0094%  99.0477%
  [   982000,   982500)         2661    0.0089%  99.0566%
  [   982500,   983000)         2694    0.0090%  99.0656%
  [   983000,   983500)         2629    0.0088%  99.0744%
  [   983500,   984000)         2643    0.0088%  99.0832%
  [   984000,   984500)         2683    0.0089%  99.0921%
  [   984500,   985000)         2570    0.0086%  99.1007%
  [   985000,   985500)         2547    0.0085%  99.1092%
  [   985500,   986000)         2549    0.0085%  99.1177%
  [   986000,   986500)         2499    0.0083%  99.1260%
  [   986500,   987000)         2446    0.0082%  99.1341%
  [   987000,   987500)         2480    0.0083%  99.1424%
  [   987500,   988000)         2479    0.0083%  99.1507%
  [   988000,   988500)         2408    0.0080%  99.1587%
  [   988500,   989000)         2496    0.0083%  99.1670%
  [   989000,   989500)         2435    0.0081%  99.1751%
  [   989500,   990000)         2360    0.0079%  99.1830%
  [   990000,   990500)         2311    0.0077%  99.1907%
  [   990500,   991000)         2290    0.0076%  99.1983%
  [   991000,   991500)         2275    0.0076%  99.2059%
  [   991500,   992000)         2240    0.0075%  99.2134%
  [   992000,   992500)         2245    0.0075%  99.2209%
  [   992500,   993000)         2202    0.0073%  99.2282%
  [   993000,   993500)         2140    0.0071%  99.2353%
  [   993500,   994000)         2283    0.0076%  99.2430%
  [   994000,   994500)         2138    0.0071%  99.2501%
  [   994500,   995000)         2122    0.0071%  99.2572%
  [   995000,   995500)         2235    0.0075%  99.2646%
  [   995500,   996000)         2137    0.0071%  99.2717%
  [   996000,   996500)         2106    0.0070%  99.2787%
  [   996500,   997000)         2017    0.0067%  99.2855%
  [   997000,   997500)         2085    0.0070%  99.2924%
  [   997500,   998000)         2010    0.0067%  99.2991%
  [   998000,   998500)         2046    0.0068%  99.3059%
  [   998500,   999000)         2072    0.0069%  99.3128%
  [   999000,   999500)         2033    0.0068%  99.3196%
  [   999500, +inf)              204112    0.6804% 100.0000%

----- OFFLOADED TASKS [node 1] -----
  ops total                = 29999988
  ops direct (1-sided)     = 29999988 (100.00%)
  ops offload (rpc)        = 0 (0.00%)
  lookup pushdowns         = 0
  scan   pushdowns (RPC)   = 0
    kv pairs returned      = 0
    leaves scanned remotely= 0
    kv / scan pushdown     = 0.00
    leaves / scan pushdown = 0.00
=========================================================================

[CORRECTNESS node 1] scan rows returned = 2999976165
[READPATH node 1] lookups=1397397122  index-cache hit=49.3%  per lookup: leaf=1.000 speculative=0.000 (right 0.0%) hop-reads=1.000 (two-segment 0.437) retries=0.000 invalid=0.000 sibling=0.000  => est. leaf round trips/lookup=1.000
[LEAFCACHE] off

----- PER-LEVEL CACHE HITS [node 1] (lookups; level 0 = leaf) -----
[KIND node 1] lookups=0 inner_visits=0 inner_hits=0 inner_hit_pct=0.00 leaf_visits=0 leaf_hits=0 leaf_hit_pct=0.00
[SCANLEAF node 1] scans=29999988 inner_complete_miss=9472778 inner_partial=5417195 leaf_cache_hits=0 leaf_reads=214462966 cn_leaves_per_scan=7.15 leaf_hit_pct=0.00
[END]
