nodes 2, threads 36, mix R/I/U/S=0/0/0/100, uniform, bulk 50M warmup 10M op 30M, offload 0%, scan_range 100
[4mshared memory size: 64GB, 0x7feeda800000[0m
[4mrdma cache size: 4GB[0m
[4mMachine NR: 2[0m
[4mCompute server 1 start up [10.30.1.6]
[0m
I connect server 0
[CONFIG node 1] bulk load: bottom-up build, 8 keys per leaf, 6 children per inner node (CHIME_BULK_BUILD / CHIME_BUILD_LEAF_KEYS / CHIME_BUILD_INNER_FANOUT)
[CONFIG node 1] clients on this node: yes (CHIME_MN_CLIENTS)
[CONFIG node 1] scan path: from_cache=1 offload_always=0 (CHIME_SCAN_FROM_CACHE / CHIME_SCAN_OFFLOAD_ALWAYS)
[CONFIG node 1] push ops: both (CHIME_PUSH_OPS; applies only with offloading on)
[CACHE node 1] total=32 MB index=32 MB leaf=0 MB
[CONFIG node 1] dir threads = 1 (CHIME_DIR_THREADS, max 16) -- MUST match the other node
[CORES node 1] linear pinning: app threads -> CPUs 0..35, main -> 79, dir threads -> 79 (REV_DIR_CPUS)
[CONFIG] hotspot buffer + speculative read: off (CHIME_HOTSPOT; stock CHIME: on above 50 MB)
workload generated: keyspace=50001000 bulk=50000000 warmup=9999972 op=29999988
[4mKey space set: keySpaceSize=50000000[0m
I am 36
I am 68
I am 48
I am 37
I am 41
I am 46
I am 38
I am 42
I am 44
I am 45
I am 47
I am 39
I am 50
I am 43
I am 51
I am 66
I am 55
I am 40
I am 70
I am 63
I am 62
I am 69
I am 52
I am 67
I am 54
I am 58
I am 59
I am 57
I am 60
I am 64
I am 65
I am 71
I am 49
I am 56
I am 61
I am 53
[build] leaves: 10% (625001/6250000)
[build] leaves: 20% (1250002/6250000)
[build] leaves: 30% (1875003/6250000)
[build] leaves: 40% (2500004/6250000)
[build] leaves: 50% (3125005/6250000)
[build] leaves: 60% (3750006/6250000)
[build] leaves: 70% (4375007/6250000)
[build] leaves: 80% (5000008/6250000)
[build] leaves: 90% (5625009/6250000)
[build] inner level 1: 1041667 nodes
[build] inner level 2: 173611 nodes
[build] inner level 3: 28935 nodes
[build] inner level 4: 4823 nodes
[build] inner level 5: 804 nodes
[build] inner level 6: 134 nodes
[build] inner level 7: 23 nodes
[build] inner level 8: 4 nodes
[build] inner level 9: 1 nodes
[build] done in 18.9s: height=10 leaves=6250000 inner_nodes=1250002 (8 keys per leaf, 6 children per inner node)
[TREE] height=10 leaves=6250000 inner_nodes=1250002 keys_per_leaf=8.00 inner_MB=399.4 leaf_MB=2104.0 total_MB=2503.4 (internal span 16, leaf span 16, node bytes inner=335 leaf=353)
node 1 warmup done in 219s
[INDEX] --- post-bulk-load cache occupancy (cache = 32 MB) ---
 ----- [TreeCache]:  cache size=32 MB free_size=0.000 MB skiplist_node_cnt=1250002 ----- 
consumed cache size = 32.000 MB
 ----- [IdxCache]:  cache size=0 MB free_size=0.000 MB ---- 
consumed hotspot buffer size = 0.000000 MB

[LEAFCACHE] off
1, throughput 0.0503 Mops
1, throughput 0.0505 Mops
1, throughput 0.0506 Mops
1, throughput 0.0505 Mops
1, throughput 0.0507 Mops
1, throughput 0.0506 Mops
1, throughput 0.0506 Mops
1, throughput 0.0504 Mops
1, throughput 0.0506 Mops
1, throughput 0.0507 Mops
1, throughput 0.0506 Mops
1, throughput 0.0506 Mops
1, throughput 0.0506 Mops
1, throughput 0.0506 Mops
1, throughput 0.0501 Mops
1, throughput 0.0507 Mops
1, throughput 0.0508 Mops
1, throughput 0.0503 Mops
1, throughput 0.0507 Mops
1, throughput 0.0505 Mops
1, throughput 0.0506 Mops
1, throughput 0.0506 Mops
1, throughput 0.0507 Mops
1, throughput 0.0508 Mops
1, throughput 0.0507 Mops
1, throughput 0.0505 Mops
1, throughput 0.0505 Mops
1, throughput 0.0505 Mops
1, throughput 0.0505 Mops
1, throughput 0.0507 Mops
1, throughput 0.0506 Mops
1, throughput 0.0505 Mops
1, throughput 0.0507 Mops
1, throughput 0.0506 Mops
1, throughput 0.0503 Mops
1, throughput 0.0499 Mops
1, throughput 0.0505 Mops
1, throughput 0.0503 Mops
1, throughput 0.0505 Mops
1, throughput 0.0506 Mops
1, throughput 0.0507 Mops
1, throughput 0.0506 Mops
1, throughput 0.0505 Mops
1, throughput 0.0506 Mops
1, throughput 0.0504 Mops
1, throughput 0.0506 Mops
1, throughput 0.0504 Mops
1, throughput 0.0505 Mops
1, throughput 0.0506 Mops
1, throughput 0.0508 Mops
1, throughput 0.0508 Mops
1, throughput 0.0506 Mops
1, throughput 0.0505 Mops
1, throughput 0.0509 Mops
1, throughput 0.0506 Mops
1, throughput 0.0499 Mops
1, throughput 0.0506 Mops
1, throughput 0.0505 Mops
1, throughput 0.0506 Mops
1, throughput 0.0506 Mops
1, throughput 0.0505 Mops
1, throughput 0.0507 Mops
1, throughput 0.0505 Mops
1, throughput 0.0506 Mops
1, throughput 0.0507 Mops
1, throughput 0.0506 Mops
1, throughput 0.0506 Mops
1, throughput 0.0507 Mops
1, throughput 0.0507 Mops
1, throughput 0.0507 Mops
1, throughput 0.0506 Mops
1, throughput 0.0506 Mops
1, throughput 0.0506 Mops
1, throughput 0.0506 Mops
1, throughput 0.0506 Mops
1, throughput 0.0507 Mops
1, throughput 0.0499 Mops
1, throughput 0.0508 Mops
1, throughput 0.0506 Mops
1, throughput 0.0507 Mops
1, throughput 0.0506 Mops
1, throughput 0.0506 Mops
1, throughput 0.0506 Mops
1, throughput 0.0506 Mops
1, throughput 0.0504 Mops
1, throughput 0.0506 Mops
1, throughput 0.0505 Mops
1, throughput 0.0507 Mops
1, throughput 0.0505 Mops
1, throughput 0.0505 Mops
1, throughput 0.0507 Mops
1, throughput 0.0507 Mops
1, throughput 0.0506 Mops
1, throughput 0.0507 Mops
1, throughput 0.0506 Mops
1, throughput 0.0507 Mops
1, throughput 0.0502 Mops
1, throughput 0.0503 Mops
1, throughput 0.0504 Mops
1, throughput 0.0505 Mops
1, throughput 0.0505 Mops
1, throughput 0.0507 Mops
1, throughput 0.0507 Mops
1, throughput 0.0506 Mops
1, throughput 0.0506 Mops
1, throughput 0.0504 Mops
1, throughput 0.0505 Mops
1, throughput 0.0506 Mops
1, throughput 0.0506 Mops
1, throughput 0.0504 Mops
1, throughput 0.0506 Mops
1, throughput 0.0508 Mops
1, throughput 0.0505 Mops
1, throughput 0.0505 Mops
1, throughput 0.0506 Mops
1, throughput 0.0509 Mops
1, throughput 0.0507 Mops
1, throughput 0.0499 Mops
1, throughput 0.0505 Mops
1, throughput 0.0506 Mops
1, throughput 0.0505 Mops
1, throughput 0.0508 Mops
1, throughput 0.0506 Mops
1, throughput 0.0508 Mops
1, throughput 0.0506 Mops
1, throughput 0.0506 Mops
1, throughput 0.0506 Mops
1, throughput 0.0506 Mops
1, throughput 0.0507 Mops
1, throughput 0.0507 Mops
1, throughput 0.0507 Mops
1, throughput 0.0504 Mops
1, throughput 0.0508 Mops
1, throughput 0.0506 Mops
1, throughput 0.0506 Mops
1, throughput 0.0507 Mops
1, throughput 0.0506 Mops
1, throughput 0.0502 Mops
1, throughput 0.0500 Mops
1, throughput 0.0506 Mops
1, throughput 0.0507 Mops
1, throughput 0.0506 Mops
1, throughput 0.0506 Mops
1, throughput 0.0506 Mops
1, throughput 0.0506 Mops
1, throughput 0.0505 Mops
1, throughput 0.0507 Mops
1, throughput 0.0508 Mops
1, throughput 0.0505 Mops
1, throughput 0.0508 Mops
1, throughput 0.0506 Mops
1, throughput 0.0504 Mops
1, throughput 0.0507 Mops
1, throughput 0.0508 Mops
1, throughput 0.0506 Mops
1, throughput 0.0507 Mops
1, throughput 0.0507 Mops
1, throughput 0.0504 Mops
1, throughput 0.0500 Mops
1, throughput 0.0506 Mops
1, throughput 0.0506 Mops
1, throughput 0.0506 Mops
1, throughput 0.0508 Mops
1, throughput 0.0507 Mops
1, throughput 0.0505 Mops
1, throughput 0.0507 Mops
1, throughput 0.0506 Mops
1, throughput 0.0506 Mops
1, throughput 0.0507 Mops
1, throughput 0.0507 Mops
1, throughput 0.0506 Mops
1, throughput 0.0505 Mops
1, throughput 0.0506 Mops
1, throughput 0.0507 Mops
1, throughput 0.0506 Mops
1, throughput 0.0508 Mops
1, throughput 0.0506 Mops
1, throughput 0.0504 Mops
1, throughput 0.0506 Mops
1, throughput 0.0500 Mops
1, throughput 0.0506 Mops
1, throughput 0.0505 Mops
1, throughput 0.0503 Mops
1, throughput 0.0508 Mops
1, throughput 0.0508 Mops
1, throughput 0.0507 Mops
1, throughput 0.0504 Mops
1, throughput 0.0507 Mops
1, throughput 0.0503 Mops
1, throughput 0.0504 Mops
1, throughput 0.0505 Mops
1, throughput 0.0506 Mops
1, throughput 0.0505 Mops
1, throughput 0.0506 Mops
1, throughput 0.0504 Mops
1, throughput 0.0507 Mops
1, throughput 0.0505 Mops
1, throughput 0.0507 Mops
1, throughput 0.0506 Mops
1, throughput 0.0499 Mops
1, throughput 0.0504 Mops
1, throughput 0.0506 Mops
1, throughput 0.0505 Mops
1, throughput 0.0508 Mops
1, throughput 0.0505 Mops
1, throughput 0.0506 Mops
1, throughput 0.0505 Mops
1, throughput 0.0506 Mops
1, throughput 0.0504 Mops
1, throughput 0.0506 Mops
1, throughput 0.0506 Mops
1, throughput 0.0506 Mops
1, throughput 0.0506 Mops
1, throughput 0.0506 Mops
1, throughput 0.0506 Mops
1, throughput 0.0506 Mops
1, throughput 0.0504 Mops
1, throughput 0.0506 Mops
1, throughput 0.0506 Mops
1, throughput 0.0504 Mops
1, throughput 0.0498 Mops
1, throughput 0.0505 Mops
1, throughput 0.0507 Mops
1, throughput 0.0505 Mops
1, throughput 0.0504 Mops
1, throughput 0.0504 Mops
1, throughput 0.0506 Mops
1, throughput 0.0505 Mops
1, throughput 0.0505 Mops
1, throughput 0.0506 Mops
1, throughput 0.0506 Mops
1, throughput 0.0507 Mops
1, throughput 0.0505 Mops
1, throughput 0.0506 Mops
1, throughput 0.0507 Mops
1, throughput 0.0507 Mops
1, throughput 0.0507 Mops
1, throughput 0.0505 Mops
1, throughput 0.0504 Mops
1, throughput 0.0505 Mops
1, throughput 0.0502 Mops
1, throughput 0.0500 Mops
1, throughput 0.0506 Mops
1, throughput 0.0506 Mops
1, throughput 0.0508 Mops
1, throughput 0.0509 Mops
1, throughput 0.0506 Mops
1, throughput 0.0505 Mops
1, throughput 0.0505 Mops
1, throughput 0.0506 Mops
1, throughput 0.0507 Mops
1, throughput 0.0507 Mops
1, throughput 0.0507 Mops
1, throughput 0.0507 Mops
1, throughput 0.0507 Mops
1, throughput 0.0508 Mops
1, throughput 0.0507 Mops
1, throughput 0.0507 Mops
1, throughput 0.0506 Mops
1, throughput 0.0508 Mops
1, throughput 0.0509 Mops
1, throughput 0.0499 Mops
1, throughput 0.0508 Mops
1, throughput 0.0509 Mops
1, throughput 0.0506 Mops
1, throughput 0.0506 Mops
1, throughput 0.0508 Mops
1, throughput 0.0504 Mops
1, throughput 0.0507 Mops
1, throughput 0.0508 Mops
1, throughput 0.0504 Mops
1, throughput 0.0505 Mops
1, throughput 0.0506 Mops
1, throughput 0.0506 Mops
1, throughput 0.0507 Mops
1, throughput 0.0506 Mops
1, throughput 0.0507 Mops
1, throughput 0.0505 Mops
1, throughput 0.0507 Mops
1, throughput 0.0506 Mops
1, throughput 0.0507 Mops
1, throughput 0.0503 Mops
1, throughput 0.0501 Mops
1, throughput 0.0505 Mops
1, throughput 0.0504 Mops
1, throughput 0.0507 Mops
1, throughput 0.0508 Mops
1, throughput 0.0507 Mops
1, throughput 0.0504 Mops
1, throughput 0.0507 Mops
1, throughput 0.0506 Mops
1, throughput 0.0505 Mops
1, throughput 0.0505 Mops
1, throughput 0.0506 Mops
1, throughput 0.0505 Mops
1, throughput 0.0506 Mops
1, throughput 0.0504 Mops
1, throughput 0.0503 Mops
1, throughput 0.0506 Mops
1, throughput 0.0506 Mops
1, throughput 0.0506 Mops
1, throughput 0.0506 Mops
1, throughput 0.0501 Mops
1, throughput 0.0505 Mops
1, throughput 0.0505 Mops
1, throughput 0.0507 Mops
1, throughput 0.0506 Mops
1, throughput 0.0507 Mops
1, throughput 0.0507 Mops
1, throughput 0.0506 Mops
1, throughput 0.0507 Mops
1, throughput 0.0506 Mops
1, throughput 0.0504 Mops
1, throughput 0.0507 Mops
1, throughput 0.0507 Mops
1, throughput 0.0508 Mops
1, throughput 0.0506 Mops
1, throughput 0.0504 Mops
1, throughput 0.0506 Mops
1, throughput 0.0506 Mops
1, throughput 0.0506 Mops
1, throughput 0.0506 Mops
1, throughput 0.0507 Mops
1, throughput 0.0497 Mops
1, throughput 0.0506 Mops
1, throughput 0.0505 Mops
1, throughput 0.0505 Mops
1, throughput 0.0505 Mops
1, throughput 0.0506 Mops
1, throughput 0.0507 Mops
1, throughput 0.0507 Mops
1, throughput 0.0505 Mops
1, throughput 0.0507 Mops
1, throughput 0.0505 Mops
1, throughput 0.0505 Mops
1, throughput 0.0505 Mops
1, throughput 0.0506 Mops
1, throughput 0.0506 Mops
1, throughput 0.0507 Mops
1, throughput 0.0505 Mops
1, throughput 0.0505 Mops
1, throughput 0.0506 Mops
1, throughput 0.0505 Mops
1, throughput 0.0497 Mops
1, throughput 0.0503 Mops
1, throughput 0.0506 Mops
1, throughput 0.0506 Mops
1, throughput 0.0507 Mops
1, throughput 0.0508 Mops
1, throughput 0.0505 Mops
1, throughput 0.0507 Mops
1, throughput 0.0506 Mops
1, throughput 0.0505 Mops
1, throughput 0.0506 Mops
1, throughput 0.0505 Mops
1, throughput 0.0507 Mops
1, throughput 0.0507 Mops
1, throughput 0.0505 Mops
1, throughput 0.0505 Mops
1, throughput 0.0504 Mops
1, throughput 0.0506 Mops
1, throughput 0.0506 Mops
1, throughput 0.0507 Mops
1, throughput 0.0505 Mops
1, throughput 0.0497 Mops
1, throughput 0.0508 Mops
1, throughput 0.0505 Mops
1, throughput 0.0508 Mops
1, throughput 0.0507 Mops
1, throughput 0.0507 Mops
1, throughput 0.0505 Mops
1, throughput 0.0507 Mops
1, throughput 0.0507 Mops
1, throughput 0.0506 Mops
1, throughput 0.0506 Mops
1, throughput 0.0507 Mops
1, throughput 0.0505 Mops
1, throughput 0.0507 Mops
1, throughput 0.0506 Mops
1, throughput 0.0506 Mops
1, throughput 0.0506 Mops
1, throughput 0.0506 Mops
1, throughput 0.0506 Mops
1, throughput 0.0506 Mops
1, throughput 0.0501 Mops
1, throughput 0.0503 Mops
1, throughput 0.0507 Mops
1, throughput 0.0508 Mops
1, throughput 0.0506 Mops
1, throughput 0.0506 Mops
1, throughput 0.0506 Mops
1, throughput 0.0506 Mops
1, throughput 0.0506 Mops
1, throughput 0.0508 Mops
1, throughput 0.0506 Mops
1, throughput 0.0507 Mops
1, throughput 0.0503 Mops
1, throughput 0.0506 Mops
1, throughput 0.0505 Mops
1, throughput 0.0505 Mops
1, throughput 0.0506 Mops
1, throughput 0.0505 Mops
1, throughput 0.0506 Mops
1, throughput 0.0504 Mops
1, throughput 0.0505 Mops
1, throughput 0.0500 Mops
1, throughput 0.0506 Mops
1, throughput 0.0507 Mops
1, throughput 0.0505 Mops
1, throughput 0.0505 Mops
1, throughput 0.0506 Mops
1, throughput 0.0506 Mops
1, throughput 0.0505 Mops
1, throughput 0.0506 Mops
1, throughput 0.0506 Mops
1, throughput 0.0508 Mops
1, throughput 0.0506 Mops
1, throughput 0.0506 Mops
1, throughput 0.0505 Mops
1, throughput 0.0506 Mops
1, throughput 0.0506 Mops
1, throughput 0.0504 Mops
1, throughput 0.0504 Mops
1, throughput 0.0507 Mops
1, throughput 0.0504 Mops
1, throughput 0.0505 Mops
1, throughput 0.0501 Mops
1, throughput 0.0506 Mops
1, throughput 0.0508 Mops
1, throughput 0.0507 Mops
1, throughput 0.0507 Mops
1, throughput 0.0507 Mops
1, throughput 0.0506 Mops
1, throughput 0.0505 Mops
1, throughput 0.0506 Mops
1, throughput 0.0506 Mops
1, throughput 0.0507 Mops
1, throughput 0.0508 Mops
1, throughput 0.0508 Mops
1, throughput 0.0506 Mops
1, throughput 0.0508 Mops
1, throughput 0.0506 Mops
1, throughput 0.0505 Mops
1, throughput 0.0507 Mops
1, throughput 0.0507 Mops
1, throughput 0.0505 Mops
1, throughput 0.0499 Mops
1, throughput 0.0504 Mops
1, throughput 0.0505 Mops
1, throughput 0.0507 Mops
1, throughput 0.0505 Mops
1, throughput 0.0505 Mops
1, throughput 0.0506 Mops
1, throughput 0.0508 Mops
1, throughput 0.0508 Mops
1, throughput 0.0504 Mops
1, throughput 0.0505 Mops
1, throughput 0.0507 Mops
1, throughput 0.0507 Mops
1, throughput 0.0508 Mops
1, throughput 0.0506 Mops
1, throughput 0.0506 Mops
1, throughput 0.0506 Mops
1, throughput 0.0506 Mops
1, throughput 0.0505 Mops
1, throughput 0.0504 Mops
1, throughput 0.0506 Mops
1, throughput 0.0498 Mops
1, throughput 0.0506 Mops
1, throughput 0.0505 Mops
1, throughput 0.0506 Mops
1, throughput 0.0505 Mops
1, throughput 0.0507 Mops
1, throughput 0.0505 Mops
1, throughput 0.0506 Mops
1, throughput 0.0505 Mops
1, throughput 0.0505 Mops
1, throughput 0.0507 Mops
1, throughput 0.0506 Mops
1, throughput 0.0505 Mops
1, throughput 0.0505 Mops
1, throughput 0.0506 Mops
1, throughput 0.0507 Mops
1, throughput 0.0506 Mops
1, throughput 0.0505 Mops
1, throughput 0.0505 Mops
1, throughput 0.0504 Mops
1, throughput 0.0500 Mops
1, throughput 0.0504 Mops
1, throughput 0.0506 Mops
1, throughput 0.0505 Mops
1, throughput 0.0505 Mops
1, throughput 0.0505 Mops
1, throughput 0.0505 Mops
1, throughput 0.0504 Mops
1, throughput 0.0507 Mops
1, throughput 0.0506 Mops
1, throughput 0.0507 Mops
1, throughput 0.0505 Mops
1, throughput 0.0505 Mops
1, throughput 0.0506 Mops
1, throughput 0.0507 Mops
1, throughput 0.0508 Mops
1, throughput 0.0506 Mops
1, throughput 0.0507 Mops
1, throughput 0.0505 Mops
1, throughput 0.0507 Mops
1, throughput 0.0505 Mops
1, throughput 0.0498 Mops
1, throughput 0.0508 Mops
1, throughput 0.0505 Mops
1, throughput 0.0507 Mops
1, throughput 0.0507 Mops
1, throughput 0.0506 Mops
1, throughput 0.0505 Mops
1, throughput 0.0505 Mops
1, throughput 0.0504 Mops
1, throughput 0.0505 Mops
1, throughput 0.0507 Mops
1, throughput 0.0504 Mops
1, throughput 0.0506 Mops
1, throughput 0.0506 Mops
1, throughput 0.0506 Mops
1, throughput 0.0505 Mops
1, throughput 0.0504 Mops
1, throughput 0.0506 Mops
1, throughput 0.0506 Mops
1, throughput 0.0505 Mops
1, throughput 0.0503 Mops
1, throughput 0.0501 Mops
1, throughput 0.0506 Mops
1, throughput 0.0506 Mops
1, throughput 0.0507 Mops
1, throughput 0.0504 Mops
1, throughput 0.0506 Mops
1, throughput 0.0506 Mops
1, throughput 0.0505 Mops
1, throughput 0.0505 Mops
1, throughput 0.0506 Mops
1, throughput 0.0504 Mops
1, throughput 0.0505 Mops
1, throughput 0.0505 Mops
1, throughput 0.0504 Mops
1, throughput 0.0507 Mops
1, throughput 0.0505 Mops
1, throughput 0.0507 Mops
1, throughput 0.0505 Mops
1, throughput 0.0505 Mops
1, throughput 0.0507 Mops
1, throughput 0.0500 Mops
1, throughput 0.0507 Mops
1, throughput 0.0507 Mops
1, throughput 0.0506 Mops
1, throughput 0.0507 Mops
1, throughput 0.0508 Mops
1, throughput 0.0505 Mops
1, throughput 0.0505 Mops
1, throughput 0.0506 Mops
1, throughput 0.0504 Mops
1, throughput 0.0506 Mops
1, throughput 0.0506 Mops
1, throughput 0.0506 Mops
1, throughput 0.0508 Mops
1, throughput 0.0504 Mops
1, throughput 0.0506 Mops
1, throughput 0.0506 Mops
1, throughput 0.0508 Mops
1, throughput 0.0505 Mops
1, throughput 0.0507 Mops
1, throughput 0.0507 Mops
1, throughput 0.0498 Mops
1, throughput 0.0506 Mops
1, throughput 0.0507 Mops
1, throughput 0.0506 Mops
1, throughput 0.0505 Mops
1, throughput 0.0508 Mops
1, throughput 0.0507 Mops
1, throughput 0.0506 Mops
1, throughput 0.0507 Mops
1, throughput 0.0506 Mops
1, throughput 0.0507 Mops
1, throughput 0.0507 Mops
1, throughput 0.0507 Mops
1, throughput 0.0507 Mops
1, throughput 0.0506 Mops
1, throughput 0.0506 Mops
1, throughput 0.0507 Mops
1, throughput 0.0506 Mops
1, throughput 0.0507 Mops
1, throughput 0.0506 Mops
1, throughput 0.0499 Mops
1, throughput 0.0505 Mops
1, throughput 0.0507 Mops
1, throughput 0.0507 Mops
1, throughput 0.0507 Mops
1, throughput 0.0508 Mops
1, throughput 0.0506 Mops
1, throughput 0.0506 Mops
1, throughput 0.0505 Mops
1, throughput 0.0505 Mops
1, throughput 0.0505 Mops
1, throughput 0.0507 Mops
1, throughput 0.0505 Mops
1, throughput 0.0505 Mops
1, throughput 0.0506 Mops
1, throughput 0.0507 Mops
1, throughput 0.0506 Mops
1, throughput 0.0506 Mops
1, throughput 0.0506 Mops
1, throughput 0.0506 Mops
1, throughput 0.0506 Mops
1, throughput 0.0497 Mops
1, throughput 0.0507 Mops
1, throughput 0.0506 Mops
1, throughput 0.0506 Mops
1, throughput 0.0505 Mops
1, throughput 0.0504 Mops
1, throughput 0.0504 Mops
1, throughput 0.0504 Mops
1, throughput 0.0507 Mops
1, throughput 0.0504 Mops
1, throughput 0.0504 Mops
1, throughput 0.0504 Mops
1, throughput 0.0506 Mops
1, throughput 0.0505 Mops
1, throughput 0.0505 Mops
1, throughput 0.0505 Mops
1, throughput 0.0505 Mops
1, throughput 0.0506 Mops
1, throughput 0.0507 Mops
1, throughput 0.0506 Mops
1, throughput 0.0502 Mops
1, throughput 0.0504 Mops
1, throughput 0.0505 Mops
1, throughput 0.0504 Mops
1, throughput 0.0506 Mops
1, throughput 0.0506 Mops
1, throughput 0.0504 Mops
1, throughput 0.0509 Mops
1, throughput 0.0507 Mops
1, throughput 0.0506 Mops
1, throughput 0.0507 Mops
1, throughput 0.0507 Mops
1, throughput 0.0507 Mops
1, throughput 0.0508 Mops
1, throughput 0.0504 Mops
1, throughput 0.0505 Mops
1, throughput 0.0506 Mops
1, throughput 0.0505 Mops
1, throughput 0.0507 Mops
1, throughput 0.0504 Mops
1, throughput 0.0505 Mops
1, throughput 0.0499 Mops
1, throughput 0.0506 Mops
1, throughput 0.0507 Mops
1, throughput 0.0504 Mops
1, throughput 0.0506 Mops
1, throughput 0.0504 Mops
1, throughput 0.0506 Mops
1, throughput 0.0505 Mops
1, throughput 0.0504 Mops
1, throughput 0.0505 Mops
1, throughput 0.0504 Mops
1, throughput 0.0508 Mops
1, throughput 0.0507 Mops
1, throughput 0.0505 Mops
1, throughput 0.0506 Mops
1, throughput 0.0504 Mops
1, throughput 0.0504 Mops
1, throughput 0.0505 Mops
1, throughput 0.0504 Mops
1, throughput 0.0504 Mops
1, throughput 0.0502 Mops
1, throughput 0.0501 Mops
1, throughput 0.0502 Mops
1, throughput 0.0505 Mops
1, throughput 0.0504 Mops
1, throughput 0.0504 Mops
1, throughput 0.0505 Mops
1, throughput 0.0505 Mops
1, throughput 0.0504 Mops
1, throughput 0.0504 Mops
1, throughput 0.0504 Mops
1, throughput 0.0505 Mops
1, throughput 0.0505 Mops
1, throughput 0.0504 Mops
1, throughput 0.0503 Mops
1, throughput 0.0505 Mops
1, throughput 0.0504 Mops
1, throughput 0.0505 Mops
1, throughput 0.0504 Mops
1, throughput 0.0504 Mops
1, throughput 0.0503 Mops
1, throughput 0.0497 Mops
1, throughput 0.0504 Mops
1, throughput 0.0507 Mops
1, throughput 0.0506 Mops
1, throughput 0.0504 Mops
1, throughput 0.0505 Mops
1, throughput 0.0502 Mops
1, throughput 0.0505 Mops
1, throughput 0.0503 Mops
1, throughput 0.0505 Mops
1, throughput 0.0505 Mops
1, throughput 0.0506 Mops
1, throughput 0.0506 Mops
1, throughput 0.0502 Mops
1, throughput 0.0505 Mops
1, throughput 0.0504 Mops
1, throughput 0.0504 Mops
1, throughput 0.0505 Mops
1, throughput 0.0504 Mops
1, throughput 0.0506 Mops
1, throughput 0.0504 Mops
1, throughput 0.0501 Mops
1, throughput 0.0505 Mops
1, throughput 0.0506 Mops
1, throughput 0.0505 Mops
1, throughput 0.0507 Mops
1, throughput 0.0505 Mops
1, throughput 0.0505 Mops
1, throughput 0.0507 Mops
1, throughput 0.0506 Mops
1, throughput 0.0506 Mops
1, throughput 0.0505 Mops
1, throughput 0.0507 Mops
1, throughput 0.0504 Mops
1, throughput 0.0505 Mops
1, throughput 0.0507 Mops
1, throughput 0.0505 Mops
1, throughput 0.0504 Mops
1, throughput 0.0506 Mops
1, throughput 0.0506 Mops
1, throughput 0.0503 Mops
1, throughput 0.0500 Mops
1, throughput 0.0503 Mops
1, throughput 0.0504 Mops
1, throughput 0.0506 Mops
1, throughput 0.0505 Mops
1, throughput 0.0504 Mops
1, throughput 0.0506 Mops
1, throughput 0.0505 Mops
1, throughput 0.0506 Mops
1, throughput 0.0505 Mops
1, throughput 0.0505 Mops
1, throughput 0.0505 Mops
1, throughput 0.0507 Mops
1, throughput 0.0504 Mops
1, throughput 0.0503 Mops
1, throughput 0.0503 Mops
1, throughput 0.0505 Mops
1, throughput 0.0508 Mops
1, throughput 0.0507 Mops
1, throughput 0.0506 Mops
1, throughput 0.0505 Mops
1, throughput 0.0496 Mops
1, throughput 0.0507 Mops
1, throughput 0.0504 Mops
1, throughput 0.0505 Mops
1, throughput 0.0506 Mops
1, throughput 0.0506 Mops
1, throughput 0.0505 Mops
1, throughput 0.0505 Mops
1, throughput 0.0507 Mops
1, throughput 0.0506 Mops
1, throughput 0.0508 Mops
1, throughput 0.0506 Mops
1, throughput 0.0506 Mops
1, throughput 0.0506 Mops
1, throughput 0.0505 Mops
1, throughput 0.0505 Mops
1, throughput 0.0505 Mops
1, throughput 0.0504 Mops
1, throughput 0.0506 Mops
1, throughput 0.0507 Mops
1, throughput 0.0502 Mops
1, throughput 0.0503 Mops
1, throughput 0.0507 Mops
1, throughput 0.0504 Mops
1, throughput 0.0506 Mops
1, throughput 0.0505 Mops
1, throughput 0.0506 Mops
1, throughput 0.0506 Mops
1, throughput 0.0505 Mops
1, throughput 0.0504 Mops
1, throughput 0.0506 Mops
1, throughput 0.0506 Mops
1, throughput 0.0506 Mops
1, throughput 0.0506 Mops
1, throughput 0.0506 Mops
1, throughput 0.0508 Mops
1, throughput 0.0508 Mops
1, throughput 0.0505 Mops
1, throughput 0.0506 Mops
1, throughput 0.0504 Mops
1, throughput 0.0505 Mops
1, throughput 0.0496 Mops
1, throughput 0.0505 Mops
1, throughput 0.0504 Mops
1, throughput 0.0506 Mops
1, throughput 0.0503 Mops
1, throughput 0.0505 Mops
1, throughput 0.0504 Mops
1, throughput 0.0507 Mops
1, throughput 0.0505 Mops
1, throughput 0.0504 Mops
1, throughput 0.0505 Mops
1, throughput 0.0505 Mops
1, throughput 0.0504 Mops
1, throughput 0.0505 Mops
1, throughput 0.0505 Mops
1, throughput 0.0506 Mops
1, throughput 0.0505 Mops
1, throughput 0.0506 Mops
1, throughput 0.0505 Mops
1, throughput 0.0506 Mops
1, throughput 0.0503 Mops
1, throughput 0.0499 Mops
1, throughput 0.0505 Mops
1, throughput 0.0506 Mops
1, throughput 0.0506 Mops
1, throughput 0.0508 Mops
1, throughput 0.0507 Mops
1, throughput 0.0506 Mops
1, throughput 0.0506 Mops
1, throughput 0.0504 Mops
1, throughput 0.0506 Mops
1, throughput 0.0506 Mops
1, throughput 0.0505 Mops
1, throughput 0.0505 Mops
1, throughput 0.0505 Mops
1, throughput 0.0506 Mops
1, throughput 0.0506 Mops
1, throughput 0.0506 Mops
1, throughput 0.0505 Mops
1, throughput 0.0504 Mops
1, throughput 0.0506 Mops
1, throughput 0.0498 Mops
1, throughput 0.0504 Mops
1, throughput 0.0506 Mops
1, throughput 0.0505 Mops
1, throughput 0.0504 Mops
1, throughput 0.0506 Mops
1, throughput 0.0506 Mops
1, throughput 0.0507 Mops
1, throughput 0.0506 Mops
1, throughput 0.0504 Mops
1, throughput 0.0506 Mops
1, throughput 0.0507 Mops
1, throughput 0.0504 Mops
1, throughput 0.0505 Mops
1, throughput 0.0505 Mops
1, throughput 0.0506 Mops
1, throughput 0.0507 Mops
1, throughput 0.0507 Mops
1, throughput 0.0507 Mops
1, throughput 0.0505 Mops
1, throughput 0.0506 Mops
1, throughput 0.0497 Mops
1, throughput 0.0503 Mops
1, throughput 0.0504 Mops
1, throughput 0.0505 Mops
1, throughput 0.0506 Mops
1, throughput 0.0506 Mops
1, throughput 0.0506 Mops
1, throughput 0.0506 Mops
1, throughput 0.0506 Mops
1, throughput 0.0507 Mops
1, throughput 0.0504 Mops
1, throughput 0.0504 Mops
1, throughput 0.0505 Mops
1, throughput 0.0506 Mops
1, throughput 0.0505 Mops
1, throughput 0.0507 Mops
1, throughput 0.0503 Mops
1, throughput 0.0507 Mops
1, throughput 0.0505 Mops
1, throughput 0.0506 Mops
1, throughput 0.0501 Mops
1, throughput 0.0503 Mops
1, throughput 0.0507 Mops
1, throughput 0.0506 Mops
1, throughput 0.0505 Mops
1, throughput 0.0505 Mops
1, throughput 0.0507 Mops
1, throughput 0.0504 Mops
1, throughput 0.0506 Mops
1, throughput 0.0506 Mops
1, throughput 0.0505 Mops
1, throughput 0.0506 Mops
1, throughput 0.0504 Mops
1, throughput 0.0505 Mops
1, throughput 0.0505 Mops
1, throughput 0.0505 Mops
1, throughput 0.0505 Mops
1, throughput 0.0505 Mops
1, throughput 0.0504 Mops
1, throughput 0.0505 Mops
1, throughput 0.0506 Mops
1, throughput 0.0498 Mops
1, throughput 0.0506 Mops
1, throughput 0.0504 Mops
1, throughput 0.0507 Mops
1, throughput 0.0505 Mops
1, throughput 0.0505 Mops
1, throughput 0.0505 Mops
1, throughput 0.0505 Mops
1, throughput 0.0502 Mops
1, throughput 0.0506 Mops
1, throughput 0.0505 Mops
1, throughput 0.0505 Mops
1, throughput 0.0506 Mops
1, throughput 0.0505 Mops
1, throughput 0.0506 Mops
1, throughput 0.0504 Mops
1, throughput 0.0506 Mops
1, throughput 0.0505 Mops
1, throughput 0.0505 Mops
1, throughput 0.0504 Mops
1, throughput 0.0499 Mops
1, throughput 0.0503 Mops
1, throughput 0.0506 Mops
1, throughput 0.0506 Mops
1, throughput 0.0505 Mops
1, throughput 0.0504 Mops
1, throughput 0.0505 Mops
1, throughput 0.0504 Mops
1, throughput 0.0505 Mops
1, throughput 0.0507 Mops
1, throughput 0.0506 Mops
1, throughput 0.0507 Mops
1, throughput 0.0505 Mops
1, throughput 0.0506 Mops
1, throughput 0.0505 Mops
1, throughput 0.0506 Mops
1, throughput 0.0506 Mops
1, throughput 0.0505 Mops
1, throughput 0.0505 Mops
1, throughput 0.0504 Mops
1, throughput 0.0505 Mops
1, throughput 0.0498 Mops
1, throughput 0.0504 Mops
1, throughput 0.0506 Mops
1, throughput 0.0507 Mops
1, throughput 0.0506 Mops
1, throughput 0.0506 Mops
1, throughput 0.0505 Mops
1, throughput 0.0506 Mops
1, throughput 0.0505 Mops
1, throughput 0.0507 Mops
1, throughput 0.0505 Mops
1, throughput 0.0505 Mops
1, throughput 0.0506 Mops
1, throughput 0.0504 Mops
1, throughput 0.0506 Mops
1, throughput 0.0507 Mops
1, throughput 0.0506 Mops
1, throughput 0.0506 Mops
1, throughput 0.0507 Mops
1, throughput 0.0505 Mops
1, throughput 0.0504 Mops
1, throughput 0.0499 Mops
1, throughput 0.0507 Mops
1, throughput 0.0506 Mops
1, throughput 0.0504 Mops
1, throughput 0.0506 Mops
1, throughput 0.0504 Mops
1, throughput 0.0505 Mops
1, throughput 0.0506 Mops
1, throughput 0.0505 Mops
1, throughput 0.0503 Mops
1, throughput 0.0504 Mops
1, throughput 0.0504 Mops
1, throughput 0.0507 Mops
1, throughput 0.0507 Mops
1, throughput 0.0504 Mops
1, throughput 0.0505 Mops
1, throughput 0.0504 Mops
1, throughput 0.0504 Mops
1, throughput 0.0504 Mops
1, throughput 0.0505 Mops
1, throughput 0.0498 Mops
1, throughput 0.0504 Mops
1, throughput 0.0506 Mops
1, throughput 0.0504 Mops
1, throughput 0.0505 Mops
1, throughput 0.0507 Mops
1, throughput 0.0506 Mops
1, throughput 0.0506 Mops
1, throughput 0.0506 Mops
1, throughput 0.0504 Mops
1, throughput 0.0508 Mops
1, throughput 0.0505 Mops
1, throughput 0.0507 Mops
1, throughput 0.0505 Mops
1, throughput 0.0507 Mops
1, throughput 0.0505 Mops
1, throughput 0.0507 Mops
1, throughput 0.0506 Mops
1, throughput 0.0504 Mops
1, throughput 0.0506 Mops
1, throughput 0.0506 Mops
1, throughput 0.0498 Mops
1, throughput 0.0506 Mops
1, throughput 0.0505 Mops
1, throughput 0.0506 Mops
1, throughput 0.0505 Mops
1, throughput 0.0506 Mops
1, throughput 0.0507 Mops
1, throughput 0.0506 Mops
1, throughput 0.0506 Mops
1, throughput 0.0506 Mops
1, throughput 0.0506 Mops
1, throughput 0.0505 Mops
1, throughput 0.0505 Mops
1, throughput 0.0505 Mops
1, throughput 0.0506 Mops
1, throughput 0.0506 Mops
1, throughput 0.0506 Mops
1, throughput 0.0503 Mops
1, throughput 0.0505 Mops
1, throughput 0.0504 Mops
1, throughput 0.0500 Mops
1, throughput 0.0502 Mops
1, throughput 0.0506 Mops
1, throughput 0.0507 Mops
1, throughput 0.0506 Mops
1, throughput 0.0505 Mops
1, throughput 0.0506 Mops
1, throughput 0.0505 Mops
1, throughput 0.0507 Mops
1, throughput 0.0504 Mops
1, throughput 0.0504 Mops
1, throughput 0.0505 Mops
1, throughput 0.0507 Mops
1, throughput 0.0506 Mops
1, throughput 0.0506 Mops
1, throughput 0.0504 Mops
1, throughput 0.0505 Mops
1, throughput 0.0504 Mops
1, throughput 0.0507 Mops
1, throughput 0.0505 Mops
1, throughput 0.0505 Mops
1, throughput 0.0498 Mops
1, throughput 0.0506 Mops
1, throughput 0.0505 Mops
1, throughput 0.0504 Mops
1, throughput 0.0506 Mops
1, throughput 0.0507 Mops
1, throughput 0.0506 Mops
1, throughput 0.0505 Mops
1, throughput 0.0506 Mops
1, throughput 0.0504 Mops
1, throughput 0.0505 Mops
1, throughput 0.0506 Mops
1, throughput 0.0505 Mops
1, throughput 0.0505 Mops
1, throughput 0.0508 Mops
1, throughput 0.0506 Mops
1, throughput 0.0507 Mops
1, throughput 0.0505 Mops
1, throughput 0.0508 Mops
1, throughput 0.0507 Mops
1, throughput 0.0503 Mops
1, throughput 0.0500 Mops
1, throughput 0.0507 Mops
1, throughput 0.0504 Mops
1, throughput 0.0506 Mops
1, throughput 0.0507 Mops
1, throughput 0.0506 Mops
1, throughput 0.0506 Mops
1, throughput 0.0506 Mops
1, throughput 0.0507 Mops
1, throughput 0.0506 Mops
1, throughput 0.0505 Mops
1, throughput 0.0507 Mops
1, throughput 0.0506 Mops
1, throughput 0.0507 Mops
1, throughput 0.0505 Mops
1, throughput 0.0506 Mops
1, throughput 0.0506 Mops
1, throughput 0.0505 Mops
1, throughput 0.0508 Mops
1, throughput 0.0504 Mops
1, throughput 0.0497 Mops
1, throughput 0.0506 Mops
1, throughput 0.0505 Mops
1, throughput 0.0506 Mops
1, throughput 0.0505 Mops
1, throughput 0.0505 Mops
1, throughput 0.0505 Mops
1, throughput 0.0506 Mops
1, throughput 0.0505 Mops
1, throughput 0.0507 Mops
1, throughput 0.0506 Mops
1, throughput 0.0506 Mops
1, throughput 0.0507 Mops
1, throughput 0.0506 Mops
1, throughput 0.0506 Mops
1, throughput 0.0506 Mops
1, throughput 0.0505 Mops
1, throughput 0.0506 Mops
1, throughput 0.0507 Mops
1, throughput 0.0507 Mops
1, throughput 0.0503 Mops
1, throughput 0.0498 Mops
1, throughput 0.0507 Mops
1, throughput 0.0505 Mops
1, throughput 0.0504 Mops
1, throughput 0.0505 Mops
1, throughput 0.0506 Mops
1, throughput 0.0506 Mops
1, throughput 0.0508 Mops
1, throughput 0.0507 Mops
1, throughput 0.0505 Mops
1, throughput 0.0506 Mops
1, throughput 0.0507 Mops
1, throughput 0.0507 Mops
1, throughput 0.0504 Mops
1, throughput 0.0506 Mops
1, throughput 0.0508 Mops
1, throughput 0.0506 Mops
1, throughput 0.0506 Mops
1, throughput 0.0506 Mops
1, throughput 0.0506 Mops
1, throughput 0.0498 Mops
1, throughput 0.0507 Mops
1, throughput 0.0505 Mops
1, throughput 0.0507 Mops
1, throughput 0.0506 Mops
1, throughput 0.0506 Mops
1, throughput 0.0506 Mops
1, throughput 0.0506 Mops
1, throughput 0.0505 Mops
1, throughput 0.0506 Mops
1, throughput 0.0506 Mops
1, throughput 0.0505 Mops
1, throughput 0.0505 Mops
1, throughput 0.0505 Mops
1, throughput 0.0505 Mops
1, throughput 0.0507 Mops
1, throughput 0.0504 Mops
1, throughput 0.0506 Mops
1, throughput 0.0505 Mops
1, throughput 0.0506 Mops
1, throughput 0.0504 Mops
1, throughput 0.0497 Mops
1, throughput 0.0505 Mops
1, throughput 0.0507 Mops
1, throughput 0.0506 Mops
1, throughput 0.0506 Mops
1, throughput 0.0504 Mops
1, throughput 0.0505 Mops
1, throughput 0.0505 Mops
1, throughput 0.0506 Mops
1, throughput 0.0498 Mops
1, throughput 0.0490 Mops
1, throughput 0.0471 Mops
1, throughput 0.0452 Mops
1, throughput 0.0413 Mops
1, throughput 0.0386 Mops
1, throughput 0.0357 Mops
1, throughput 0.0346 Mops
1, throughput 0.0342 Mops
1, throughput 0.0330 Mops
1, throughput 0.0315 Mops
1, throughput 0.0305 Mops
1, throughput 0.0302 Mops
1, throughput 0.0305 Mops
1, throughput 0.0305 Mops
1, throughput 0.0303 Mops
1, throughput 0.0304 Mops
1, throughput 0.0304 Mops
1, throughput 0.0303 Mops
1, throughput 0.0304 Mops
1, throughput 0.0304 Mops
1, throughput 0.0303 Mops
1, throughput 0.0304 Mops
1, throughput 0.0303 Mops
1, throughput 0.0305 Mops
1, throughput 0.0305 Mops
1, throughput 0.0305 Mops
1, throughput 0.0304 Mops
1, throughput 0.0305 Mops
1, throughput 0.0303 Mops
1, throughput 0.0304 Mops
1, throughput 0.0304 Mops
1, throughput 0.0302 Mops
1, throughput 0.0305 Mops
1, throughput 0.0306 Mops
1, throughput 0.0303 Mops
1, throughput 0.0303 Mops
1, throughput 0.0305 Mops
1, throughput 0.0304 Mops
1, throughput 0.0304 Mops
1, throughput 0.0304 Mops
1, throughput 0.0305 Mops
1, throughput 0.0304 Mops
1, throughput 0.0304 Mops
1, throughput 0.0303 Mops
1, throughput 0.0298 Mops
1, throughput 0.0284 Mops
1, throughput 0.0273 Mops
1, throughput 0.0222 Mops
1, throughput 0.0171 Mops
1, throughput 0.0118 Mops
1, throughput 0.0066 Mops
1, throughput 0.0036 Mops
1, throughput 0.0011 Mops
[RESULT node 1] ops=29999988 elapsed=604.363s throughput=0.0496 Mops mode=op-bounded
[RDMA node 1] ops=29999988 posts=3121344955 read_wr=4304018795 read_bytes=569119403364 write_wr=0 write_bytes=0 atomic_wr=0 send_wr=0 send_bytes=0
[RDMA node 1] per_op: round_trips=104.0449 reads=143.4674 writes=0.0000 atomics=0.0000 sends=0.0000 verbs=143.4674 bytes=18970.7

==================== LATENCY BUCKETS (500 ns) [node 1] ====================
[RANGE]
  ALL                n=29999988   mean=  708.40us  p50= 749.50us  p90= 906.00us  p99=1000.00us  p99.9=1000.00us  max>=1000.00us
  DIRECT (1-sided)   n=29999988   mean=  708.40us  p50= 749.50us  p90= 906.00us  p99=1000.00us  p99.9=1000.00us  max>=1000.00us
  OFFLOAD (rpc)             (no samples)
[ALL OPS]
  ALL                n=29999988   mean=  708.40us  p50= 749.50us  p90= 906.00us  p99=1000.00us  p99.9=1000.00us  max>=1000.00us
  DIRECT (1-sided)   n=29999988   mean=  708.40us  p50= 749.50us  p90= 906.00us  p99=1000.00us  p99.9=1000.00us  max>=1000.00us
  OFFLOAD (rpc)             (no samples)

----- 500 ns bucket CDF (all ops) [node 1] -----
  bucket [lo,hi) ns             count        pct       cdf
  [     7500,     8000)            1    0.0000%   0.0000%
  [    11000,    11500)            1    0.0000%   0.0000%
  [    15500,    16000)            2    0.0000%   0.0000%
  [    16000,    16500)            1    0.0000%   0.0000%
  [    16500,    17000)            1    0.0000%   0.0000%
  [    18500,    19000)            1    0.0000%   0.0000%
  [    19000,    19500)            1    0.0000%   0.0000%
  [    19500,    20000)            1    0.0000%   0.0000%
  [    20000,    20500)            2    0.0000%   0.0000%
  [    21000,    21500)            1    0.0000%   0.0000%
  [    22000,    22500)            1    0.0000%   0.0000%
  [    25000,    25500)            1    0.0000%   0.0000%
  [    44500,    45000)            1    0.0000%   0.0001%
  [    51000,    51500)            1    0.0000%   0.0001%
  [    51500,    52000)            4    0.0000%   0.0001%
  [    52000,    52500)           36    0.0001%   0.0002%
  [    52500,    53000)          151    0.0005%   0.0007%
  [    53000,    53500)          521    0.0017%   0.0024%
  [    53500,    54000)         1399    0.0047%   0.0071%
  [    54000,    54500)         3204    0.0107%   0.0178%
  [    54500,    55000)         6024    0.0201%   0.0379%
  [    55000,    55500)        10188    0.0340%   0.0718%
  [    55500,    56000)        14788    0.0493%   0.1211%
  [    56000,    56500)        19638    0.0655%   0.1866%
  [    56500,    57000)        24104    0.0803%   0.2669%
  [    57000,    57500)        28058    0.0935%   0.3604%
  [    57500,    58000)        32193    0.1073%   0.4677%
  [    58000,    58500)        36061    0.1202%   0.5880%
  [    58500,    59000)        40585    0.1353%   0.7232%
  [    59000,    59500)        45503    0.1517%   0.8749%
  [    59500,    60000)        50220    0.1674%   1.0423%
  [    60000,    60500)        54878    0.1829%   1.2252%
  [    60500,    61000)        58522    0.1951%   1.4203%
  [    61000,    61500)        60868    0.2029%   1.6232%
  [    61500,    62000)        61814    0.2060%   1.8293%
  [    62000,    62500)        61529    0.2051%   2.0343%
  [    62500,    63000)        61466    0.2049%   2.2392%
  [    63000,    63500)        61313    0.2044%   2.4436%
  [    63500,    64000)        60305    0.2010%   2.6446%
  [    64000,    64500)        59003    0.1967%   2.8413%
  [    64500,    65000)        56446    0.1882%   3.0295%
  [    65000,    65500)        54106    0.1804%   3.2098%
  [    65500,    66000)        50708    0.1690%   3.3788%
  [    66000,    66500)        46969    0.1566%   3.5354%
  [    66500,    67000)        42485    0.1416%   3.6770%
  [    67000,    67500)        38893    0.1296%   3.8067%
  [    67500,    68000)        35077    0.1169%   3.9236%
  [    68000,    68500)        30798    0.1027%   4.0262%
  [    68500,    69000)        27593    0.0920%   4.1182%
  [    69000,    69500)        24002    0.0800%   4.1982%
  [    69500,    70000)        20568    0.0686%   4.2668%
  [    70000,    70500)        18009    0.0600%   4.3268%
  [    70500,    71000)        15535    0.0518%   4.3786%
  [    71000,    71500)        13318    0.0444%   4.4230%
  [    71500,    72000)        11210    0.0374%   4.4604%
  [    72000,    72500)         9256    0.0309%   4.4912%
  [    72500,    73000)         7806    0.0260%   4.5172%
  [    73000,    73500)         6555    0.0219%   4.5391%
  [    73500,    74000)         5346    0.0178%   4.5569%
  [    74000,    74500)         4516    0.0151%   4.5720%
  [    74500,    75000)         3840    0.0128%   4.5848%
  [    75000,    75500)         3201    0.0107%   4.5954%
  [    75500,    76000)         2667    0.0089%   4.6043%
  [    76000,    76500)         2268    0.0076%   4.6119%
  [    76500,    77000)         2014    0.0067%   4.6186%
  [    77000,    77500)         1635    0.0055%   4.6240%
  [    77500,    78000)         1394    0.0046%   4.6287%
  [    78000,    78500)         1278    0.0043%   4.6329%
  [    78500,    79000)         1119    0.0037%   4.6367%
  [    79000,    79500)         1079    0.0036%   4.6403%
  [    79500,    80000)          899    0.0030%   4.6433%
  [    80000,    80500)          814    0.0027%   4.6460%
  [    80500,    81000)          764    0.0025%   4.6485%
  [    81000,    81500)          647    0.0022%   4.6507%
  [    81500,    82000)          623    0.0021%   4.6528%
  [    82000,    82500)          618    0.0021%   4.6548%
  [    82500,    83000)          565    0.0019%   4.6567%
  [    83000,    83500)          519    0.0017%   4.6584%
  [    83500,    84000)          528    0.0018%   4.6602%
  [    84000,    84500)          524    0.0017%   4.6619%
  [    84500,    85000)          489    0.0016%   4.6636%
  [    85000,    85500)          501    0.0017%   4.6652%
  [    85500,    86000)          466    0.0016%   4.6668%
  [    86000,    86500)          489    0.0016%   4.6684%
  [    86500,    87000)          505    0.0017%   4.6701%
  [    87000,    87500)          504    0.0017%   4.6718%
  [    87500,    88000)          505    0.0017%   4.6735%
  [    88000,    88500)          530    0.0018%   4.6752%
  [    88500,    89000)          517    0.0017%   4.6770%
  [    89000,    89500)          521    0.0017%   4.6787%
  [    89500,    90000)          539    0.0018%   4.6805%
  [    90000,    90500)          521    0.0017%   4.6822%
  [    90500,    91000)          555    0.0019%   4.6841%
  [    91000,    91500)          540    0.0018%   4.6859%
  [    91500,    92000)          549    0.0018%   4.6877%
  [    92000,    92500)          593    0.0020%   4.6897%
  [    92500,    93000)          523    0.0017%   4.6914%
  [    93000,    93500)          599    0.0020%   4.6934%
  [    93500,    94000)          573    0.0019%   4.6953%
  [    94000,    94500)          583    0.0019%   4.6973%
  [    94500,    95000)          557    0.0019%   4.6991%
  [    95000,    95500)          569    0.0019%   4.7010%
  [    95500,    96000)          578    0.0019%   4.7030%
  [    96000,    96500)          590    0.0020%   4.7049%
  [    96500,    97000)          637    0.0021%   4.7071%
  [    97000,    97500)          654    0.0022%   4.7092%
  [    97500,    98000)          623    0.0021%   4.7113%
  [    98000,    98500)          671    0.0022%   4.7135%
  [    98500,    99000)          683    0.0023%   4.7158%
  [    99000,    99500)          675    0.0023%   4.7181%
  [    99500,   100000)          706    0.0024%   4.7204%
  [   100000,   100500)          662    0.0022%   4.7226%
  [   100500,   101000)          675    0.0023%   4.7249%
  [   101000,   101500)          702    0.0023%   4.7272%
  [   101500,   102000)          664    0.0022%   4.7294%
  [   102000,   102500)          675    0.0023%   4.7317%
  [   102500,   103000)          675    0.0023%   4.7339%
  [   103000,   103500)          705    0.0024%   4.7363%
  [   103500,   104000)          718    0.0024%   4.7387%
  [   104000,   104500)          760    0.0025%   4.7412%
  [   104500,   105000)          731    0.0024%   4.7437%
  [   105000,   105500)          734    0.0024%   4.7461%
  [   105500,   106000)          780    0.0026%   4.7487%
  [   106000,   106500)          804    0.0027%   4.7514%
  [   106500,   107000)          779    0.0026%   4.7540%
  [   107000,   107500)          764    0.0025%   4.7565%
  [   107500,   108000)          850    0.0028%   4.7594%
  [   108000,   108500)          762    0.0025%   4.7619%
  [   108500,   109000)          835    0.0028%   4.7647%
  [   109000,   109500)          867    0.0029%   4.7676%
  [   109500,   110000)          791    0.0026%   4.7702%
  [   110000,   110500)          859    0.0029%   4.7731%
  [   110500,   111000)          919    0.0031%   4.7761%
  [   111000,   111500)          811    0.0027%   4.7788%
  [   111500,   112000)          892    0.0030%   4.7818%
  [   112000,   112500)          828    0.0028%   4.7846%
  [   112500,   113000)          886    0.0030%   4.7875%
  [   113000,   113500)          915    0.0031%   4.7906%
  [   113500,   114000)          872    0.0029%   4.7935%
  [   114000,   114500)          918    0.0031%   4.7965%
  [   114500,   115000)          972    0.0032%   4.7998%
  [   115000,   115500)          936    0.0031%   4.8029%
  [   115500,   116000)          938    0.0031%   4.8060%
  [   116000,   116500)          930    0.0031%   4.8091%
  [   116500,   117000)          968    0.0032%   4.8124%
  [   117000,   117500)          956    0.0032%   4.8155%
  [   117500,   118000)          986    0.0033%   4.8188%
  [   118000,   118500)          912    0.0030%   4.8219%
  [   118500,   119000)          996    0.0033%   4.8252%
  [   119000,   119500)          970    0.0032%   4.8284%
  [   119500,   120000)         1068    0.0036%   4.8320%
  [   120000,   120500)         1012    0.0034%   4.8354%
  [   120500,   121000)         1004    0.0033%   4.8387%
  [   121000,   121500)         1049    0.0035%   4.8422%
  [   121500,   122000)         1039    0.0035%   4.8457%
  [   122000,   122500)         1050    0.0035%   4.8492%
  [   122500,   123000)         1042    0.0035%   4.8526%
  [   123000,   123500)         1017    0.0034%   4.8560%
  [   123500,   124000)         1064    0.0035%   4.8596%
  [   124000,   124500)         1058    0.0035%   4.8631%
  [   124500,   125000)         1114    0.0037%   4.8668%
  [   125000,   125500)         1144    0.0038%   4.8706%
  [   125500,   126000)         1049    0.0035%   4.8741%
  [   126000,   126500)         1016    0.0034%   4.8775%
  [   126500,   127000)         1166    0.0039%   4.8814%
  [   127000,   127500)         1076    0.0036%   4.8850%
  [   127500,   128000)         1066    0.0036%   4.8885%
  [   128000,   128500)         1138    0.0038%   4.8923%
  [   128500,   129000)         1018    0.0034%   4.8957%
  [   129000,   129500)         1096    0.0037%   4.8994%
  [   129500,   130000)         1147    0.0038%   4.9032%
  [   130000,   130500)         1089    0.0036%   4.9068%
  [   130500,   131000)         1135    0.0038%   4.9106%
  [   131000,   131500)         1096    0.0037%   4.9143%
  [   131500,   132000)         1145    0.0038%   4.9181%
  [   132000,   132500)         1112    0.0037%   4.9218%
  [   132500,   133000)         1124    0.0037%   4.9255%
  [   133000,   133500)         1141    0.0038%   4.9293%
  [   133500,   134000)         1180    0.0039%   4.9333%
  [   134000,   134500)         1114    0.0037%   4.9370%
  [   134500,   135000)         1132    0.0038%   4.9408%
  [   135000,   135500)         1138    0.0038%   4.9445%
  [   135500,   136000)         1107    0.0037%   4.9482%
  [   136000,   136500)         1141    0.0038%   4.9520%
  [   136500,   137000)         1163    0.0039%   4.9559%
  [   137000,   137500)         1125    0.0038%   4.9597%
  [   137500,   138000)         1154    0.0038%   4.9635%
  [   138000,   138500)         1202    0.0040%   4.9675%
  [   138500,   139000)         1127    0.0038%   4.9713%
  [   139000,   139500)         1132    0.0038%   4.9751%
  [   139500,   140000)         1188    0.0040%   4.9790%
  [   140000,   140500)         1207    0.0040%   4.9830%
  [   140500,   141000)         1195    0.0040%   4.9870%
  [   141000,   141500)         1226    0.0041%   4.9911%
  [   141500,   142000)         1116    0.0037%   4.9948%
  [   142000,   142500)         1151    0.0038%   4.9987%
  [   142500,   143000)         1190    0.0040%   5.0026%
  [   143000,   143500)         1154    0.0038%   5.0065%
  [   143500,   144000)         1189    0.0040%   5.0104%
  [   144000,   144500)         1212    0.0040%   5.0145%
  [   144500,   145000)         1154    0.0038%   5.0183%
  [   145000,   145500)         1205    0.0040%   5.0223%
  [   145500,   146000)         1331    0.0044%   5.0268%
  [   146000,   146500)         1189    0.0040%   5.0307%
  [   146500,   147000)         1234    0.0041%   5.0349%
  [   147000,   147500)         1173    0.0039%   5.0388%
  [   147500,   148000)         1243    0.0041%   5.0429%
  [   148000,   148500)         1131    0.0038%   5.0467%
  [   148500,   149000)         1288    0.0043%   5.0510%
  [   149000,   149500)         1313    0.0044%   5.0553%
  [   149500,   150000)         1290    0.0043%   5.0596%
  [   150000,   150500)         1264    0.0042%   5.0639%
  [   150500,   151000)         1245    0.0042%   5.0680%
  [   151000,   151500)         1288    0.0043%   5.0723%
  [   151500,   152000)         1269    0.0042%   5.0765%
  [   152000,   152500)         1292    0.0043%   5.0808%
  [   152500,   153000)         1281    0.0043%   5.0851%
  [   153000,   153500)         1272    0.0042%   5.0894%
  [   153500,   154000)         1313    0.0044%   5.0937%
  [   154000,   154500)         1277    0.0043%   5.0980%
  [   154500,   155000)         1231    0.0041%   5.1021%
  [   155000,   155500)         1312    0.0044%   5.1065%
  [   155500,   156000)         1310    0.0044%   5.1108%
  [   156000,   156500)         1287    0.0043%   5.1151%
  [   156500,   157000)         1333    0.0044%   5.1196%
  [   157000,   157500)         1286    0.0043%   5.1238%
  [   157500,   158000)         1343    0.0045%   5.1283%
  [   158000,   158500)         1314    0.0044%   5.1327%
  [   158500,   159000)         1311    0.0044%   5.1371%
  [   159000,   159500)         1349    0.0045%   5.1416%
  [   159500,   160000)         1327    0.0044%   5.1460%
  [   160000,   160500)         1392    0.0046%   5.1506%
  [   160500,   161000)         1355    0.0045%   5.1552%
  [   161000,   161500)         1354    0.0045%   5.1597%
  [   161500,   162000)         1410    0.0047%   5.1644%
  [   162000,   162500)         1427    0.0048%   5.1691%
  [   162500,   163000)         1402    0.0047%   5.1738%
  [   163000,   163500)         1334    0.0044%   5.1782%
  [   163500,   164000)         1426    0.0048%   5.1830%
  [   164000,   164500)         1409    0.0047%   5.1877%
  [   164500,   165000)         1449    0.0048%   5.1925%
  [   165000,   165500)         1450    0.0048%   5.1974%
  [   165500,   166000)         1470    0.0049%   5.2023%
  [   166000,   166500)         1459    0.0049%   5.2071%
  [   166500,   167000)         1490    0.0050%   5.2121%
  [   167000,   167500)         1460    0.0049%   5.2170%
  [   167500,   168000)         1452    0.0048%   5.2218%
  [   168000,   168500)         1467    0.0049%   5.2267%
  [   168500,   169000)         1508    0.0050%   5.2317%
  [   169000,   169500)         1532    0.0051%   5.2368%
  [   169500,   170000)         1526    0.0051%   5.2419%
  [   170000,   170500)         1557    0.0052%   5.2471%
  [   170500,   171000)         1518    0.0051%   5.2522%
  [   171000,   171500)         1627    0.0054%   5.2576%
  [   171500,   172000)         1591    0.0053%   5.2629%
  [   172000,   172500)         1596    0.0053%   5.2682%
  [   172500,   173000)         1696    0.0057%   5.2739%
  [   173000,   173500)         1629    0.0054%   5.2793%
  [   173500,   174000)         1580    0.0053%   5.2845%
  [   174000,   174500)         1630    0.0054%   5.2900%
  [   174500,   175000)         1640    0.0055%   5.2954%
  [   175000,   175500)         1593    0.0053%   5.3008%
  [   175500,   176000)         1667    0.0056%   5.3063%
  [   176000,   176500)         1648    0.0055%   5.3118%
  [   176500,   177000)         1538    0.0051%   5.3169%
  [   177000,   177500)         1639    0.0055%   5.3224%
  [   177500,   178000)         1729    0.0058%   5.3282%
  [   178000,   178500)         1660    0.0055%   5.3337%
  [   178500,   179000)         1715    0.0057%   5.3394%
  [   179000,   179500)         1672    0.0056%   5.3450%
  [   179500,   180000)         1713    0.0057%   5.3507%
  [   180000,   180500)         1763    0.0059%   5.3566%
  [   180500,   181000)         1672    0.0056%   5.3621%
  [   181000,   181500)         1665    0.0056%   5.3677%
  [   181500,   182000)         1813    0.0060%   5.3737%
  [   182000,   182500)         1771    0.0059%   5.3796%
  [   182500,   183000)         1812    0.0060%   5.3857%
  [   183000,   183500)         1859    0.0062%   5.3919%
  [   183500,   184000)         1791    0.0060%   5.3978%
  [   184000,   184500)         1846    0.0062%   5.4040%
  [   184500,   185000)         1851    0.0062%   5.4102%
  [   185000,   185500)         1898    0.0063%   5.4165%
  [   185500,   186000)         1940    0.0065%   5.4230%
  [   186000,   186500)         1894    0.0063%   5.4293%
  [   186500,   187000)         1866    0.0062%   5.4355%
  [   187000,   187500)         1902    0.0063%   5.4418%
  [   187500,   188000)         1924    0.0064%   5.4483%
  [   188000,   188500)         1899    0.0063%   5.4546%
  [   188500,   189000)         1877    0.0063%   5.4608%
  [   189000,   189500)         2063    0.0069%   5.4677%
  [   189500,   190000)         1944    0.0065%   5.4742%
  [   190000,   190500)         1982    0.0066%   5.4808%
  [   190500,   191000)         1945    0.0065%   5.4873%
  [   191000,   191500)         1887    0.0063%   5.4936%
  [   191500,   192000)         2060    0.0069%   5.5004%
  [   192000,   192500)         2025    0.0068%   5.5072%
  [   192500,   193000)         2024    0.0067%   5.5139%
  [   193000,   193500)         1972    0.0066%   5.5205%
  [   193500,   194000)         2063    0.0069%   5.5274%
  [   194000,   194500)         1992    0.0066%   5.5340%
  [   194500,   195000)         2088    0.0070%   5.5410%
  [   195000,   195500)         2102    0.0070%   5.5480%
  [   195500,   196000)         2113    0.0070%   5.5550%
  [   196000,   196500)         2121    0.0071%   5.5621%
  [   196500,   197000)         2052    0.0068%   5.5689%
  [   197000,   197500)         2087    0.0070%   5.5759%
  [   197500,   198000)         2093    0.0070%   5.5829%
  [   198000,   198500)         2186    0.0073%   5.5902%
  [   198500,   199000)         2141    0.0071%   5.5973%
  [   199000,   199500)         2190    0.0073%   5.6046%
  [   199500,   200000)         2096    0.0070%   5.6116%
  [   200000,   200500)         2229    0.0074%   5.6190%
  [   200500,   201000)         2152    0.0072%   5.6262%
  [   201000,   201500)         2276    0.0076%   5.6338%
  [   201500,   202000)         2228    0.0074%   5.6412%
  [   202000,   202500)         2207    0.0074%   5.6486%
  [   202500,   203000)         2232    0.0074%   5.6560%
  [   203000,   203500)         2217    0.0074%   5.6634%
  [   203500,   204000)         2188    0.0073%   5.6707%
  [   204000,   204500)         2246    0.0075%   5.6782%
  [   204500,   205000)         2281    0.0076%   5.6858%
  [   205000,   205500)         2246    0.0075%   5.6933%
  [   205500,   206000)         2239    0.0075%   5.7007%
  [   206000,   206500)         2265    0.0076%   5.7083%
  [   206500,   207000)         2281    0.0076%   5.7159%
  [   207000,   207500)         2407    0.0080%   5.7239%
  [   207500,   208000)         2263    0.0075%   5.7314%
  [   208000,   208500)         2358    0.0079%   5.7393%
  [   208500,   209000)         2389    0.0080%   5.7473%
  [   209000,   209500)         2229    0.0074%   5.7547%
  [   209500,   210000)         2264    0.0075%   5.7622%
  [   210000,   210500)         2320    0.0077%   5.7700%
  [   210500,   211000)         2289    0.0076%   5.7776%
  [   211000,   211500)         2362    0.0079%   5.7855%
  [   211500,   212000)         2296    0.0077%   5.7931%
  [   212000,   212500)         2426    0.0081%   5.8012%
  [   212500,   213000)         2367    0.0079%   5.8091%
  [   213000,   213500)         2400    0.0080%   5.8171%
  [   213500,   214000)         2349    0.0078%   5.8249%
  [   214000,   214500)         2457    0.0082%   5.8331%
  [   214500,   215000)         2404    0.0080%   5.8411%
  [   215000,   215500)         2546    0.0085%   5.8496%
  [   215500,   216000)         2380    0.0079%   5.8576%
  [   216000,   216500)         2399    0.0080%   5.8656%
  [   216500,   217000)         2450    0.0082%   5.8737%
  [   217000,   217500)         2364    0.0079%   5.8816%
  [   217500,   218000)         2457    0.0082%   5.8898%
  [   218000,   218500)         2442    0.0081%   5.8979%
  [   218500,   219000)         2523    0.0084%   5.9064%
  [   219000,   219500)         2506    0.0084%   5.9147%
  [   219500,   220000)         2489    0.0083%   5.9230%
  [   220000,   220500)         2498    0.0083%   5.9313%
  [   220500,   221000)         2509    0.0084%   5.9397%
  [   221000,   221500)         2405    0.0080%   5.9477%
  [   221500,   222000)         2490    0.0083%   5.9560%
  [   222000,   222500)         2495    0.0083%   5.9643%
  [   222500,   223000)         2522    0.0084%   5.9727%
  [   223000,   223500)         2476    0.0083%   5.9810%
  [   223500,   224000)         2512    0.0084%   5.9894%
  [   224000,   224500)         2503    0.0083%   5.9977%
  [   224500,   225000)         2488    0.0083%   6.0060%
  [   225000,   225500)         2578    0.0086%   6.0146%
  [   225500,   226000)         2562    0.0085%   6.0231%
  [   226000,   226500)         2518    0.0084%   6.0315%
  [   226500,   227000)         2592    0.0086%   6.0402%
  [   227000,   227500)         2463    0.0082%   6.0484%
  [   227500,   228000)         2583    0.0086%   6.0570%
  [   228000,   228500)         2493    0.0083%   6.0653%
  [   228500,   229000)         2526    0.0084%   6.0737%
  [   229000,   229500)         2504    0.0083%   6.0821%
  [   229500,   230000)         2589    0.0086%   6.0907%
  [   230000,   230500)         2597    0.0087%   6.0993%
  [   230500,   231000)         2520    0.0084%   6.1077%
  [   231000,   231500)         2598    0.0087%   6.1164%
  [   231500,   232000)         2563    0.0085%   6.1249%
  [   232000,   232500)         2632    0.0088%   6.1337%
  [   232500,   233000)         2514    0.0084%   6.1421%
  [   233000,   233500)         2614    0.0087%   6.1508%
  [   233500,   234000)         2623    0.0087%   6.1596%
  [   234000,   234500)         2579    0.0086%   6.1682%
  [   234500,   235000)         2620    0.0087%   6.1769%
  [   235000,   235500)         2556    0.0085%   6.1854%
  [   235500,   236000)         2680    0.0089%   6.1943%
  [   236000,   236500)         2572    0.0086%   6.2029%
  [   236500,   237000)         2664    0.0089%   6.2118%
  [   237000,   237500)         2624    0.0087%   6.2205%
  [   237500,   238000)         2631    0.0088%   6.2293%
  [   238000,   238500)         2608    0.0087%   6.2380%
  [   238500,   239000)         2644    0.0088%   6.2468%
  [   239000,   239500)         2665    0.0089%   6.2557%
  [   239500,   240000)         2627    0.0088%   6.2645%
  [   240000,   240500)         2579    0.0086%   6.2731%
  [   240500,   241000)         2520    0.0084%   6.2815%
  [   241000,   241500)         2656    0.0089%   6.2903%
  [   241500,   242000)         2643    0.0088%   6.2991%
  [   242000,   242500)         2654    0.0088%   6.3080%
  [   242500,   243000)         2628    0.0088%   6.3167%
  [   243000,   243500)         2574    0.0086%   6.3253%
  [   243500,   244000)         2631    0.0088%   6.3341%
  [   244000,   244500)         2674    0.0089%   6.3430%
  [   244500,   245000)         2588    0.0086%   6.3516%
  [   245000,   245500)         2555    0.0085%   6.3601%
  [   245500,   246000)         2722    0.0091%   6.3692%
  [   246000,   246500)         2692    0.0090%   6.3782%
  [   246500,   247000)         2599    0.0087%   6.3868%
  [   247000,   247500)         2791    0.0093%   6.3961%
  [   247500,   248000)         2638    0.0088%   6.4049%
  [   248000,   248500)         2606    0.0087%   6.4136%
  [   248500,   249000)         2636    0.0088%   6.4224%
  [   249000,   249500)         2648    0.0088%   6.4312%
  [   249500,   250000)         2598    0.0087%   6.4399%
  [   250000,   250500)         2666    0.0089%   6.4488%
  [   250500,   251000)         2770    0.0092%   6.4580%
  [   251000,   251500)         2634    0.0088%   6.4668%
  [   251500,   252000)         2689    0.0090%   6.4758%
  [   252000,   252500)         2686    0.0090%   6.4847%
  [   252500,   253000)         2650    0.0088%   6.4935%
  [   253000,   253500)         2661    0.0089%   6.5024%
  [   253500,   254000)         2781    0.0093%   6.5117%
  [   254000,   254500)         2589    0.0086%   6.5203%
  [   254500,   255000)         2730    0.0091%   6.5294%
  [   255000,   255500)         2643    0.0088%   6.5382%
  [   255500,   256000)         2642    0.0088%   6.5470%
  [   256000,   256500)         2681    0.0089%   6.5560%
  [   256500,   257000)         2773    0.0092%   6.5652%
  [   257000,   257500)         2795    0.0093%   6.5745%
  [   257500,   258000)         2731    0.0091%   6.5836%
  [   258000,   258500)         2607    0.0087%   6.5923%
  [   258500,   259000)         2590    0.0086%   6.6010%
  [   259000,   259500)         2663    0.0089%   6.6098%
  [   259500,   260000)         2711    0.0090%   6.6189%
  [   260000,   260500)         2735    0.0091%   6.6280%
  [   260500,   261000)         2734    0.0091%   6.6371%
  [   261000,   261500)         2726    0.0091%   6.6462%
  [   261500,   262000)         2699    0.0090%   6.6552%
  [   262000,   262500)         2695    0.0090%   6.6642%
  [   262500,   263000)         2689    0.0090%   6.6731%
  [   263000,   263500)         2633    0.0088%   6.6819%
  [   263500,   264000)         2751    0.0092%   6.6911%
  [   264000,   264500)         2671    0.0089%   6.7000%
  [   264500,   265000)         2658    0.0089%   6.7088%
  [   265000,   265500)         2661    0.0089%   6.7177%
  [   265500,   266000)         2746    0.0092%   6.7269%
  [   266000,   266500)         2682    0.0089%   6.7358%
  [   266500,   267000)         2687    0.0090%   6.7448%
  [   267000,   267500)         2728    0.0091%   6.7539%
  [   267500,   268000)         2696    0.0090%   6.7628%
  [   268000,   268500)         2655    0.0089%   6.7717%
  [   268500,   269000)         2671    0.0089%   6.7806%
  [   269000,   269500)         2726    0.0091%   6.7897%
  [   269500,   270000)         2650    0.0088%   6.7985%
  [   270000,   270500)         2767    0.0092%   6.8077%
  [   270500,   271000)         2665    0.0089%   6.8166%
  [   271000,   271500)         2669    0.0089%   6.8255%
  [   271500,   272000)         2715    0.0091%   6.8346%
  [   272000,   272500)         2712    0.0090%   6.8436%
  [   272500,   273000)         2666    0.0089%   6.8525%
  [   273000,   273500)         2741    0.0091%   6.8616%
  [   273500,   274000)         2699    0.0090%   6.8706%
  [   274000,   274500)         2767    0.0092%   6.8799%
  [   274500,   275000)         2773    0.0092%   6.8891%
  [   275000,   275500)         2659    0.0089%   6.8980%
  [   275500,   276000)         2649    0.0088%   6.9068%
  [   276000,   276500)         2633    0.0088%   6.9156%
  [   276500,   277000)         2704    0.0090%   6.9246%
  [   277000,   277500)         2676    0.0089%   6.9335%
  [   277500,   278000)         2741    0.0091%   6.9426%
  [   278000,   278500)         2722    0.0091%   6.9517%
  [   278500,   279000)         2633    0.0088%   6.9605%
  [   279000,   279500)         2713    0.0090%   6.9695%
  [   279500,   280000)         2773    0.0092%   6.9788%
  [   280000,   280500)         2614    0.0087%   6.9875%
  [   280500,   281000)         2726    0.0091%   6.9966%
  [   281000,   281500)         2685    0.0090%   7.0055%
  [   281500,   282000)         2870    0.0096%   7.0151%
  [   282000,   282500)         2620    0.0087%   7.0238%
  [   282500,   283000)         2696    0.0090%   7.0328%
  [   283000,   283500)         2719    0.0091%   7.0419%
  [   283500,   284000)         2714    0.0090%   7.0509%
  [   284000,   284500)         2723    0.0091%   7.0600%
  [   284500,   285000)         2615    0.0087%   7.0687%
  [   285000,   285500)         2662    0.0089%   7.0776%
  [   285500,   286000)         2676    0.0089%   7.0865%
  [   286000,   286500)         2627    0.0088%   7.0953%
  [   286500,   287000)         2602    0.0087%   7.1039%
  [   287000,   287500)         2603    0.0087%   7.1126%
  [   287500,   288000)         2635    0.0088%   7.1214%
  [   288000,   288500)         2673    0.0089%   7.1303%
  [   288500,   289000)         2732    0.0091%   7.1394%
  [   289000,   289500)         2707    0.0090%   7.1484%
  [   289500,   290000)         2681    0.0089%   7.1574%
  [   290000,   290500)         2702    0.0090%   7.1664%
  [   290500,   291000)         2716    0.0091%   7.1754%
  [   291000,   291500)         2691    0.0090%   7.1844%
  [   291500,   292000)         2627    0.0088%   7.1932%
  [   292000,   292500)         2699    0.0090%   7.2022%
  [   292500,   293000)         2720    0.0091%   7.2112%
  [   293000,   293500)         2717    0.0091%   7.2203%
  [   293500,   294000)         2707    0.0090%   7.2293%
  [   294000,   294500)         2640    0.0088%   7.2381%
  [   294500,   295000)         2676    0.0089%   7.2470%
  [   295000,   295500)         2754    0.0092%   7.2562%
  [   295500,   296000)         2596    0.0087%   7.2649%
  [   296000,   296500)         2736    0.0091%   7.2740%
  [   296500,   297000)         2612    0.0087%   7.2827%
  [   297000,   297500)         2604    0.0087%   7.2914%
  [   297500,   298000)         2637    0.0088%   7.3002%
  [   298000,   298500)         2704    0.0090%   7.3092%
  [   298500,   299000)         2603    0.0087%   7.3178%
  [   299000,   299500)         2677    0.0089%   7.3268%
  [   299500,   300000)         2684    0.0089%   7.3357%
  [   300000,   300500)         2648    0.0088%   7.3445%
  [   300500,   301000)         2598    0.0087%   7.3532%
  [   301000,   301500)         2672    0.0089%   7.3621%
  [   301500,   302000)         2620    0.0087%   7.3708%
  [   302000,   302500)         2623    0.0087%   7.3796%
  [   302500,   303000)         2613    0.0087%   7.3883%
  [   303000,   303500)         2659    0.0089%   7.3972%
  [   303500,   304000)         2595    0.0087%   7.4058%
  [   304000,   304500)         2642    0.0088%   7.4146%
  [   304500,   305000)         2664    0.0089%   7.4235%
  [   305000,   305500)         2584    0.0086%   7.4321%
  [   305500,   306000)         2678    0.0089%   7.4410%
  [   306000,   306500)         2611    0.0087%   7.4497%
  [   306500,   307000)         2589    0.0086%   7.4584%
  [   307000,   307500)         2523    0.0084%   7.4668%
  [   307500,   308000)         2539    0.0085%   7.4752%
  [   308000,   308500)         2527    0.0084%   7.4837%
  [   308500,   309000)         2619    0.0087%   7.4924%
  [   309000,   309500)         2594    0.0086%   7.5010%
  [   309500,   310000)         2596    0.0087%   7.5097%
  [   310000,   310500)         2583    0.0086%   7.5183%
  [   310500,   311000)         2608    0.0087%   7.5270%
  [   311000,   311500)         2613    0.0087%   7.5357%
  [   311500,   312000)         2560    0.0085%   7.5442%
  [   312000,   312500)         2553    0.0085%   7.5527%
  [   312500,   313000)         2660    0.0089%   7.5616%
  [   313000,   313500)         2592    0.0086%   7.5703%
  [   313500,   314000)         2645    0.0088%   7.5791%
  [   314000,   314500)         2584    0.0086%   7.5877%
  [   314500,   315000)         2612    0.0087%   7.5964%
  [   315000,   315500)         2606    0.0087%   7.6051%
  [   315500,   316000)         2606    0.0087%   7.6138%
  [   316000,   316500)         2683    0.0089%   7.6227%
  [   316500,   317000)         2504    0.0083%   7.6311%
  [   317000,   317500)         2515    0.0084%   7.6394%
  [   317500,   318000)         2531    0.0084%   7.6479%
  [   318000,   318500)         2650    0.0088%   7.6567%
  [   318500,   319000)         2537    0.0085%   7.6652%
  [   319000,   319500)         2537    0.0085%   7.6736%
  [   319500,   320000)         2632    0.0088%   7.6824%
  [   320000,   320500)         2595    0.0087%   7.6910%
  [   320500,   321000)         2588    0.0086%   7.6997%
  [   321000,   321500)         2669    0.0089%   7.7086%
  [   321500,   322000)         2420    0.0081%   7.7166%
  [   322000,   322500)         2495    0.0083%   7.7250%
  [   322500,   323000)         2641    0.0088%   7.7338%
  [   323000,   323500)         2503    0.0083%   7.7421%
  [   323500,   324000)         2566    0.0086%   7.7507%
  [   324000,   324500)         2618    0.0087%   7.7594%
  [   324500,   325000)         2526    0.0084%   7.7678%
  [   325000,   325500)         2517    0.0084%   7.7762%
  [   325500,   326000)         2596    0.0087%   7.7848%
  [   326000,   326500)         2517    0.0084%   7.7932%
  [   326500,   327000)         2452    0.0082%   7.8014%
  [   327000,   327500)         2588    0.0086%   7.8100%
  [   327500,   328000)         2460    0.0082%   7.8182%
  [   328000,   328500)         2510    0.0084%   7.8266%
  [   328500,   329000)         2522    0.0084%   7.8350%
  [   329000,   329500)         2495    0.0083%   7.8433%
  [   329500,   330000)         2562    0.0085%   7.8519%
  [   330000,   330500)         2532    0.0084%   7.8603%
  [   330500,   331000)         2450    0.0082%   7.8685%
  [   331000,   331500)         2555    0.0085%   7.8770%
  [   331500,   332000)         2594    0.0086%   7.8856%
  [   332000,   332500)         2528    0.0084%   7.8941%
  [   332500,   333000)         2538    0.0085%   7.9025%
  [   333000,   333500)         2490    0.0083%   7.9108%
  [   333500,   334000)         2496    0.0083%   7.9191%
  [   334000,   334500)         2569    0.0086%   7.9277%
  [   334500,   335000)         2549    0.0085%   7.9362%
  [   335000,   335500)         2417    0.0081%   7.9443%
  [   335500,   336000)         2498    0.0083%   7.9526%
  [   336000,   336500)         2484    0.0083%   7.9609%
  [   336500,   337000)         2374    0.0079%   7.9688%
  [   337000,   337500)         2509    0.0084%   7.9771%
  [   337500,   338000)         2469    0.0082%   7.9854%
  [   338000,   338500)         2526    0.0084%   7.9938%
  [   338500,   339000)         2444    0.0081%   8.0019%
  [   339000,   339500)         2498    0.0083%   8.0103%
  [   339500,   340000)         2550    0.0085%   8.0188%
  [   340000,   340500)         2505    0.0084%   8.0271%
  [   340500,   341000)         2504    0.0083%   8.0355%
  [   341000,   341500)         2514    0.0084%   8.0438%
  [   341500,   342000)         2549    0.0085%   8.0523%
  [   342000,   342500)         2435    0.0081%   8.0605%
  [   342500,   343000)         2517    0.0084%   8.0688%
  [   343000,   343500)         2471    0.0082%   8.0771%
  [   343500,   344000)         2570    0.0086%   8.0856%
  [   344000,   344500)         2488    0.0083%   8.0939%
  [   344500,   345000)         2545    0.0085%   8.1024%
  [   345000,   345500)         2403    0.0080%   8.1104%
  [   345500,   346000)         2441    0.0081%   8.1186%
  [   346000,   346500)         2481    0.0083%   8.1268%
  [   346500,   347000)         2430    0.0081%   8.1349%
  [   347000,   347500)         2436    0.0081%   8.1431%
  [   347500,   348000)         2495    0.0083%   8.1514%
  [   348000,   348500)         2437    0.0081%   8.1595%
  [   348500,   349000)         2535    0.0085%   8.1679%
  [   349000,   349500)         2459    0.0082%   8.1761%
  [   349500,   350000)         2485    0.0083%   8.1844%
  [   350000,   350500)         2452    0.0082%   8.1926%
  [   350500,   351000)         2439    0.0081%   8.2007%
  [   351000,   351500)         2428    0.0081%   8.2088%
  [   351500,   352000)         2515    0.0084%   8.2172%
  [   352000,   352500)         2460    0.0082%   8.2254%
  [   352500,   353000)         2414    0.0080%   8.2335%
  [   353000,   353500)         2405    0.0080%   8.2415%
  [   353500,   354000)         2440    0.0081%   8.2496%
  [   354000,   354500)         2384    0.0079%   8.2576%
  [   354500,   355000)         2418    0.0081%   8.2656%
  [   355000,   355500)         2359    0.0079%   8.2735%
  [   355500,   356000)         2415    0.0081%   8.2815%
  [   356000,   356500)         2438    0.0081%   8.2897%
  [   356500,   357000)         2497    0.0083%   8.2980%
  [   357000,   357500)         2458    0.0082%   8.3062%
  [   357500,   358000)         2492    0.0083%   8.3145%
  [   358000,   358500)         2448    0.0082%   8.3226%
  [   358500,   359000)         2514    0.0084%   8.3310%
  [   359000,   359500)         2492    0.0083%   8.3393%
  [   359500,   360000)         2467    0.0082%   8.3475%
  [   360000,   360500)         2472    0.0082%   8.3558%
  [   360500,   361000)         2538    0.0085%   8.3642%
  [   361000,   361500)         2467    0.0082%   8.3725%
  [   361500,   362000)         2408    0.0080%   8.3805%
  [   362000,   362500)         2428    0.0081%   8.3886%
  [   362500,   363000)         2473    0.0082%   8.3968%
  [   363000,   363500)         2457    0.0082%   8.4050%
  [   363500,   364000)         2465    0.0082%   8.4132%
  [   364000,   364500)         2485    0.0083%   8.4215%
  [   364500,   365000)         2518    0.0084%   8.4299%
  [   365000,   365500)         2482    0.0083%   8.4382%
  [   365500,   366000)         2472    0.0082%   8.4464%
  [   366000,   366500)         2480    0.0083%   8.4547%
  [   366500,   367000)         2498    0.0083%   8.4630%
  [   367000,   367500)         2414    0.0080%   8.4711%
  [   367500,   368000)         2449    0.0082%   8.4792%
  [   368000,   368500)         2411    0.0080%   8.4873%
  [   368500,   369000)         2422    0.0081%   8.4953%
  [   369000,   369500)         2397    0.0080%   8.5033%
  [   369500,   370000)         2428    0.0081%   8.5114%
  [   370000,   370500)         2508    0.0084%   8.5198%
  [   370500,   371000)         2500    0.0083%   8.5281%
  [   371000,   371500)         2478    0.0083%   8.5364%
  [   371500,   372000)         2353    0.0078%   8.5442%
  [   372000,   372500)         2418    0.0081%   8.5523%
  [   372500,   373000)         2442    0.0081%   8.5604%
  [   373000,   373500)         2515    0.0084%   8.5688%
  [   373500,   374000)         2464    0.0082%   8.5770%
  [   374000,   374500)         2459    0.0082%   8.5852%
  [   374500,   375000)         2455    0.0082%   8.5934%
  [   375000,   375500)         2403    0.0080%   8.6014%
  [   375500,   376000)         2482    0.0083%   8.6097%
  [   376000,   376500)         2504    0.0083%   8.6180%
  [   376500,   377000)         2454    0.0082%   8.6262%
  [   377000,   377500)         2502    0.0083%   8.6346%
  [   377500,   378000)         2402    0.0080%   8.6426%
  [   378000,   378500)         2554    0.0085%   8.6511%
  [   378500,   379000)         2395    0.0080%   8.6591%
  [   379000,   379500)         2477    0.0083%   8.6673%
  [   379500,   380000)         2436    0.0081%   8.6754%
  [   380000,   380500)         2485    0.0083%   8.6837%
  [   380500,   381000)         2540    0.0085%   8.6922%
  [   381000,   381500)         2452    0.0082%   8.7004%
  [   381500,   382000)         2407    0.0080%   8.7084%
  [   382000,   382500)         2429    0.0081%   8.7165%
  [   382500,   383000)         2521    0.0084%   8.7249%
  [   383000,   383500)         2481    0.0083%   8.7331%
  [   383500,   384000)         2473    0.0082%   8.7414%
  [   384000,   384500)         2499    0.0083%   8.7497%
  [   384500,   385000)         2527    0.0084%   8.7581%
  [   385000,   385500)         2456    0.0082%   8.7663%
  [   385500,   386000)         2498    0.0083%   8.7747%
  [   386000,   386500)         2403    0.0080%   8.7827%
  [   386500,   387000)         2526    0.0084%   8.7911%
  [   387000,   387500)         2517    0.0084%   8.7995%
  [   387500,   388000)         2633    0.0088%   8.8083%
  [   388000,   388500)         2520    0.0084%   8.8167%
  [   388500,   389000)         2467    0.0082%   8.8249%
  [   389000,   389500)         2476    0.0083%   8.8331%
  [   389500,   390000)         2544    0.0085%   8.8416%
  [   390000,   390500)         2547    0.0085%   8.8501%
  [   390500,   391000)         2444    0.0081%   8.8582%
  [   391000,   391500)         2519    0.0084%   8.8666%
  [   391500,   392000)         2526    0.0084%   8.8751%
  [   392000,   392500)         2572    0.0086%   8.8836%
  [   392500,   393000)         2432    0.0081%   8.8917%
  [   393000,   393500)         2535    0.0085%   8.9002%
  [   393500,   394000)         2520    0.0084%   8.9086%
  [   394000,   394500)         2560    0.0085%   8.9171%
  [   394500,   395000)         2492    0.0083%   8.9254%
  [   395000,   395500)         2489    0.0083%   8.9337%
  [   395500,   396000)         2394    0.0080%   8.9417%
  [   396000,   396500)         2473    0.0082%   8.9500%
  [   396500,   397000)         2534    0.0084%   8.9584%
  [   397000,   397500)         2527    0.0084%   8.9668%
  [   397500,   398000)         2547    0.0085%   8.9753%
  [   398000,   398500)         2458    0.0082%   8.9835%
  [   398500,   399000)         2511    0.0084%   8.9919%
  [   399000,   399500)         2545    0.0085%   9.0004%
  [   399500,   400000)         2383    0.0079%   9.0083%
  [   400000,   400500)         2575    0.0086%   9.0169%
  [   400500,   401000)         2514    0.0084%   9.0253%
  [   401000,   401500)         2586    0.0086%   9.0339%
  [   401500,   402000)         2521    0.0084%   9.0423%
  [   402000,   402500)         2530    0.0084%   9.0507%
  [   402500,   403000)         2494    0.0083%   9.0590%
  [   403000,   403500)         2484    0.0083%   9.0673%
  [   403500,   404000)         2488    0.0083%   9.0756%
  [   404000,   404500)         2554    0.0085%   9.0841%
  [   404500,   405000)         2571    0.0086%   9.0927%
  [   405000,   405500)         2587    0.0086%   9.1013%
  [   405500,   406000)         2543    0.0085%   9.1098%
  [   406000,   406500)         2525    0.0084%   9.1182%
  [   406500,   407000)         2585    0.0086%   9.1268%
  [   407000,   407500)         2458    0.0082%   9.1350%
  [   407500,   408000)         2503    0.0083%   9.1434%
  [   408000,   408500)         2603    0.0087%   9.1520%
  [   408500,   409000)         2518    0.0084%   9.1604%
  [   409000,   409500)         2637    0.0088%   9.1692%
  [   409500,   410000)         2615    0.0087%   9.1779%
  [   410000,   410500)         2551    0.0085%   9.1864%
  [   410500,   411000)         2535    0.0085%   9.1949%
  [   411000,   411500)         2517    0.0084%   9.2033%
  [   411500,   412000)         2606    0.0087%   9.2120%
  [   412000,   412500)         2594    0.0086%   9.2206%
  [   412500,   413000)         2555    0.0085%   9.2291%
  [   413000,   413500)         2574    0.0086%   9.2377%
  [   413500,   414000)         2621    0.0087%   9.2465%
  [   414000,   414500)         2644    0.0088%   9.2553%
  [   414500,   415000)         2511    0.0084%   9.2636%
  [   415000,   415500)         2650    0.0088%   9.2725%
  [   415500,   416000)         2634    0.0088%   9.2812%
  [   416000,   416500)         2583    0.0086%   9.2899%
  [   416500,   417000)         2576    0.0086%   9.2984%
  [   417000,   417500)         2667    0.0089%   9.3073%
  [   417500,   418000)         2532    0.0084%   9.3158%
  [   418000,   418500)         2638    0.0088%   9.3246%
  [   418500,   419000)         2598    0.0087%   9.3332%
  [   419000,   419500)         2552    0.0085%   9.3417%
  [   419500,   420000)         2607    0.0087%   9.3504%
  [   420000,   420500)         2540    0.0085%   9.3589%
  [   420500,   421000)         2692    0.0090%   9.3679%
  [   421000,   421500)         2656    0.0089%   9.3767%
  [   421500,   422000)         2629    0.0088%   9.3855%
  [   422000,   422500)         2540    0.0085%   9.3939%
  [   422500,   423000)         2599    0.0087%   9.4026%
  [   423000,   423500)         2622    0.0087%   9.4114%
  [   423500,   424000)         2571    0.0086%   9.4199%
  [   424000,   424500)         2604    0.0087%   9.4286%
  [   424500,   425000)         2673    0.0089%   9.4375%
  [   425000,   425500)         2631    0.0088%   9.4463%
  [   425500,   426000)         2725    0.0091%   9.4554%
  [   426000,   426500)         2631    0.0088%   9.4641%
  [   426500,   427000)         2637    0.0088%   9.4729%
  [   427000,   427500)         2580    0.0086%   9.4815%
  [   427500,   428000)         2728    0.0091%   9.4906%
  [   428000,   428500)         2601    0.0087%   9.4993%
  [   428500,   429000)         2641    0.0088%   9.5081%
  [   429000,   429500)         2656    0.0089%   9.5169%
  [   429500,   430000)         2647    0.0088%   9.5258%
  [   430000,   430500)         2667    0.0089%   9.5347%
  [   430500,   431000)         2648    0.0088%   9.5435%
  [   431000,   431500)         2662    0.0089%   9.5524%
  [   431500,   432000)         2673    0.0089%   9.5613%
  [   432000,   432500)         2650    0.0088%   9.5701%
  [   432500,   433000)         2704    0.0090%   9.5791%
  [   433000,   433500)         2703    0.0090%   9.5881%
  [   433500,   434000)         2585    0.0086%   9.5967%
  [   434000,   434500)         2654    0.0088%   9.6056%
  [   434500,   435000)         2656    0.0089%   9.6144%
  [   435000,   435500)         2643    0.0088%   9.6233%
  [   435500,   436000)         2700    0.0090%   9.6323%
  [   436000,   436500)         2762    0.0092%   9.6415%
  [   436500,   437000)         2781    0.0093%   9.6507%
  [   437000,   437500)         2653    0.0088%   9.6596%
  [   437500,   438000)         2741    0.0091%   9.6687%
  [   438000,   438500)         2692    0.0090%   9.6777%
  [   438500,   439000)         2655    0.0089%   9.6865%
  [   439000,   439500)         2668    0.0089%   9.6954%
  [   439500,   440000)         2733    0.0091%   9.7045%
  [   440000,   440500)         2732    0.0091%   9.7136%
  [   440500,   441000)         2808    0.0094%   9.7230%
  [   441000,   441500)         2715    0.0091%   9.7321%
  [   441500,   442000)         2810    0.0094%   9.7414%
  [   442000,   442500)         2839    0.0095%   9.7509%
  [   442500,   443000)         2714    0.0090%   9.7599%
  [   443000,   443500)         2724    0.0091%   9.7690%
  [   443500,   444000)         2733    0.0091%   9.7781%
  [   444000,   444500)         2839    0.0095%   9.7876%
  [   444500,   445000)         2682    0.0089%   9.7965%
  [   445000,   445500)         2724    0.0091%   9.8056%
  [   445500,   446000)         2930    0.0098%   9.8154%
  [   446000,   446500)         2808    0.0094%   9.8247%
  [   446500,   447000)         2798    0.0093%   9.8341%
  [   447000,   447500)         2770    0.0092%   9.8433%
  [   447500,   448000)         2769    0.0092%   9.8525%
  [   448000,   448500)         2817    0.0094%   9.8619%
  [   448500,   449000)         2780    0.0093%   9.8712%
  [   449000,   449500)         2789    0.0093%   9.8805%
  [   449500,   450000)         2892    0.0096%   9.8901%
  [   450000,   450500)         2908    0.0097%   9.8998%
  [   450500,   451000)         2801    0.0093%   9.9091%
  [   451000,   451500)         2813    0.0094%   9.9185%
  [   451500,   452000)         2823    0.0094%   9.9279%
  [   452000,   452500)         2785    0.0093%   9.9372%
  [   452500,   453000)         2792    0.0093%   9.9465%
  [   453000,   453500)         2832    0.0094%   9.9560%
  [   453500,   454000)         2857    0.0095%   9.9655%
  [   454000,   454500)         2875    0.0096%   9.9751%
  [   454500,   455000)         2948    0.0098%   9.9849%
  [   455000,   455500)         2826    0.0094%   9.9943%
  [   455500,   456000)         2843    0.0095%  10.0038%
  [   456000,   456500)         2823    0.0094%  10.0132%
  [   456500,   457000)         2874    0.0096%  10.0228%
  [   457000,   457500)         2775    0.0093%  10.0320%
  [   457500,   458000)         2873    0.0096%  10.0416%
  [   458000,   458500)         2825    0.0094%  10.0510%
  [   458500,   459000)         2965    0.0099%  10.0609%
  [   459000,   459500)         2980    0.0099%  10.0708%
  [   459500,   460000)         2900    0.0097%  10.0805%
  [   460000,   460500)         3017    0.0101%  10.0906%
  [   460500,   461000)         2957    0.0099%  10.1004%
  [   461000,   461500)         2971    0.0099%  10.1103%
  [   461500,   462000)         2868    0.0096%  10.1199%
  [   462000,   462500)         3046    0.0102%  10.1300%
  [   462500,   463000)         3011    0.0100%  10.1401%
  [   463000,   463500)         2993    0.0100%  10.1500%
  [   463500,   464000)         2949    0.0098%  10.1599%
  [   464000,   464500)         2995    0.0100%  10.1699%
  [   464500,   465000)         2979    0.0099%  10.1798%
  [   465000,   465500)         2967    0.0099%  10.1897%
  [   465500,   466000)         3103    0.0103%  10.2000%
  [   466000,   466500)         3033    0.0101%  10.2101%
  [   466500,   467000)         2985    0.0100%  10.2201%
  [   467000,   467500)         3100    0.0103%  10.2304%
  [   467500,   468000)         3045    0.0102%  10.2406%
  [   468000,   468500)         2955    0.0099%  10.2504%
  [   468500,   469000)         3073    0.0102%  10.2607%
  [   469000,   469500)         3060    0.0102%  10.2709%
  [   469500,   470000)         3041    0.0101%  10.2810%
  [   470000,   470500)         3079    0.0103%  10.2913%
  [   470500,   471000)         3055    0.0102%  10.3014%
  [   471000,   471500)         3130    0.0104%  10.3119%
  [   471500,   472000)         3002    0.0100%  10.3219%
  [   472000,   472500)         2986    0.0100%  10.3318%
  [   472500,   473000)         3054    0.0102%  10.3420%
  [   473000,   473500)         3061    0.0102%  10.3522%
  [   473500,   474000)         3048    0.0102%  10.3624%
  [   474000,   474500)         3122    0.0104%  10.3728%
  [   474500,   475000)         3151    0.0105%  10.3833%
  [   475000,   475500)         3043    0.0101%  10.3934%
  [   475500,   476000)         3273    0.0109%  10.4043%
  [   476000,   476500)         3191    0.0106%  10.4150%
  [   476500,   477000)         3071    0.0102%  10.4252%
  [   477000,   477500)         3159    0.0105%  10.4357%
  [   477500,   478000)         3136    0.0105%  10.4462%
  [   478000,   478500)         3281    0.0109%  10.4571%
  [   478500,   479000)         3268    0.0109%  10.4680%
  [   479000,   479500)         3303    0.0110%  10.4790%
  [   479500,   480000)         3185    0.0106%  10.4897%
  [   480000,   480500)         3145    0.0105%  10.5001%
  [   480500,   481000)         3224    0.0107%  10.5109%
  [   481000,   481500)         3232    0.0108%  10.5217%
  [   481500,   482000)         3314    0.0110%  10.5327%
  [   482000,   482500)         3242    0.0108%  10.5435%
  [   482500,   483000)         3223    0.0107%  10.5543%
  [   483000,   483500)         3327    0.0111%  10.5653%
  [   483500,   484000)         3255    0.0109%  10.5762%
  [   484000,   484500)         3313    0.0110%  10.5872%
  [   484500,   485000)         3281    0.0109%  10.5982%
  [   485000,   485500)         3356    0.0112%  10.6094%
  [   485500,   486000)         3310    0.0110%  10.6204%
  [   486000,   486500)         3233    0.0108%  10.6312%
  [   486500,   487000)         3338    0.0111%  10.6423%
  [   487000,   487500)         3351    0.0112%  10.6535%
  [   487500,   488000)         3363    0.0112%  10.6647%
  [   488000,   488500)         3366    0.0112%  10.6759%
  [   488500,   489000)         3420    0.0114%  10.6873%
  [   489000,   489500)         3461    0.0115%  10.6988%
  [   489500,   490000)         3416    0.0114%  10.7102%
  [   490000,   490500)         3569    0.0119%  10.7221%
  [   490500,   491000)         3596    0.0120%  10.7341%
  [   491000,   491500)         3447    0.0115%  10.7456%
  [   491500,   492000)         3529    0.0118%  10.7574%
  [   492000,   492500)         3425    0.0114%  10.7688%
  [   492500,   493000)         3563    0.0119%  10.7807%
  [   493000,   493500)         3334    0.0111%  10.7918%
  [   493500,   494000)         3495    0.0117%  10.8034%
  [   494000,   494500)         3516    0.0117%  10.8151%
  [   494500,   495000)         3535    0.0118%  10.8269%
  [   495000,   495500)         3531    0.0118%  10.8387%
  [   495500,   496000)         3549    0.0118%  10.8505%
  [   496000,   496500)         3654    0.0122%  10.8627%
  [   496500,   497000)         3635    0.0121%  10.8748%
  [   497000,   497500)         3555    0.0119%  10.8867%
  [   497500,   498000)         3596    0.0120%  10.8987%
  [   498000,   498500)         3579    0.0119%  10.9106%
  [   498500,   499000)         3669    0.0122%  10.9228%
  [   499000,   499500)         3639    0.0121%  10.9349%
  [   499500,   500000)         3638    0.0121%  10.9471%
  [   500000,   500500)         3695    0.0123%  10.9594%
  [   500500,   501000)         3762    0.0125%  10.9719%
  [   501000,   501500)         3804    0.0127%  10.9846%
  [   501500,   502000)         3753    0.0125%  10.9971%
  [   502000,   502500)         3661    0.0122%  11.0093%
  [   502500,   503000)         3696    0.0123%  11.0216%
  [   503000,   503500)         3780    0.0126%  11.0342%
  [   503500,   504000)         3868    0.0129%  11.0471%
  [   504000,   504500)         3805    0.0127%  11.0598%
  [   504500,   505000)         3809    0.0127%  11.0725%
  [   505000,   505500)         3819    0.0127%  11.0852%
  [   505500,   506000)         3868    0.0129%  11.0981%
  [   506000,   506500)         3871    0.0129%  11.1110%
  [   506500,   507000)         3840    0.0128%  11.1238%
  [   507000,   507500)         3885    0.0130%  11.1368%
  [   507500,   508000)         3916    0.0131%  11.1498%
  [   508000,   508500)         4008    0.0134%  11.1632%
  [   508500,   509000)         4028    0.0134%  11.1766%
  [   509000,   509500)         4118    0.0137%  11.1904%
  [   509500,   510000)         3972    0.0132%  11.2036%
  [   510000,   510500)         4027    0.0134%  11.2170%
  [   510500,   511000)         4061    0.0135%  11.2306%
  [   511000,   511500)         4077    0.0136%  11.2441%
  [   511500,   512000)         4233    0.0141%  11.2583%
  [   512000,   512500)         4072    0.0136%  11.2718%
  [   512500,   513000)         4204    0.0140%  11.2858%
  [   513000,   513500)         4093    0.0136%  11.2995%
  [   513500,   514000)         4397    0.0147%  11.3141%
  [   514000,   514500)         4237    0.0141%  11.3283%
  [   514500,   515000)         4177    0.0139%  11.3422%
  [   515000,   515500)         4340    0.0145%  11.3567%
  [   515500,   516000)         4270    0.0142%  11.3709%
  [   516000,   516500)         4431    0.0148%  11.3857%
  [   516500,   517000)         4278    0.0143%  11.3999%
  [   517000,   517500)         4343    0.0145%  11.4144%
  [   517500,   518000)         4414    0.0147%  11.4291%
  [   518000,   518500)         4394    0.0146%  11.4438%
  [   518500,   519000)         4445    0.0148%  11.4586%
  [   519000,   519500)         4442    0.0148%  11.4734%
  [   519500,   520000)         4487    0.0150%  11.4883%
  [   520000,   520500)         4410    0.0147%  11.5030%
  [   520500,   521000)         4475    0.0149%  11.5180%
  [   521000,   521500)         4555    0.0152%  11.5331%
  [   521500,   522000)         4497    0.0150%  11.5481%
  [   522000,   522500)         4685    0.0156%  11.5637%
  [   522500,   523000)         4541    0.0151%  11.5789%
  [   523000,   523500)         4678    0.0156%  11.5945%
  [   523500,   524000)         4670    0.0156%  11.6100%
  [   524000,   524500)         4570    0.0152%  11.6253%
  [   524500,   525000)         4774    0.0159%  11.6412%
  [   525000,   525500)         4873    0.0162%  11.6574%
  [   525500,   526000)         4777    0.0159%  11.6734%
  [   526000,   526500)         4806    0.0160%  11.6894%
  [   526500,   527000)         4889    0.0163%  11.7057%
  [   527000,   527500)         4901    0.0163%  11.7220%
  [   527500,   528000)         4881    0.0163%  11.7383%
  [   528000,   528500)         4802    0.0160%  11.7543%
  [   528500,   529000)         4990    0.0166%  11.7709%
  [   529000,   529500)         5004    0.0167%  11.7876%
  [   529500,   530000)         5016    0.0167%  11.8043%
  [   530000,   530500)         5116    0.0171%  11.8214%
  [   530500,   531000)         5077    0.0169%  11.8383%
  [   531000,   531500)         5225    0.0174%  11.8557%
  [   531500,   532000)         5181    0.0173%  11.8730%
  [   532000,   532500)         5183    0.0173%  11.8903%
  [   532500,   533000)         5287    0.0176%  11.9079%
  [   533000,   533500)         5362    0.0179%  11.9258%
  [   533500,   534000)         5319    0.0177%  11.9435%
  [   534000,   534500)         5215    0.0174%  11.9609%
  [   534500,   535000)         5403    0.0180%  11.9789%
  [   535000,   535500)         5379    0.0179%  11.9968%
  [   535500,   536000)         5462    0.0182%  12.0150%
  [   536000,   536500)         5464    0.0182%  12.0332%
  [   536500,   537000)         5487    0.0183%  12.0515%
  [   537000,   537500)         5582    0.0186%  12.0701%
  [   537500,   538000)         5596    0.0187%  12.0888%
  [   538000,   538500)         5593    0.0186%  12.1074%
  [   538500,   539000)         5736    0.0191%  12.1265%
  [   539000,   539500)         5737    0.0191%  12.1457%
  [   539500,   540000)         5738    0.0191%  12.1648%
  [   540000,   540500)         5698    0.0190%  12.1838%
  [   540500,   541000)         5791    0.0193%  12.2031%
  [   541000,   541500)         5810    0.0194%  12.2225%
  [   541500,   542000)         5757    0.0192%  12.2416%
  [   542000,   542500)         5958    0.0199%  12.2615%
  [   542500,   543000)         6143    0.0205%  12.2820%
  [   543000,   543500)         5962    0.0199%  12.3019%
  [   543500,   544000)         6036    0.0201%  12.3220%
  [   544000,   544500)         6081    0.0203%  12.3422%
  [   544500,   545000)         6145    0.0205%  12.3627%
  [   545000,   545500)         6139    0.0205%  12.3832%
  [   545500,   546000)         6172    0.0206%  12.4038%
  [   546000,   546500)         6264    0.0209%  12.4246%
  [   546500,   547000)         6274    0.0209%  12.4456%
  [   547000,   547500)         6279    0.0209%  12.4665%
  [   547500,   548000)         6329    0.0211%  12.4876%
  [   548000,   548500)         6587    0.0220%  12.5095%
  [   548500,   549000)         6661    0.0222%  12.5317%
  [   549000,   549500)         6542    0.0218%  12.5536%
  [   549500,   550000)         6558    0.0219%  12.5754%
  [   550000,   550500)         6655    0.0222%  12.5976%
  [   550500,   551000)         6522    0.0217%  12.6193%
  [   551000,   551500)         6833    0.0228%  12.6421%
  [   551500,   552000)         6716    0.0224%  12.6645%
  [   552000,   552500)         6692    0.0223%  12.6868%
  [   552500,   553000)         6804    0.0227%  12.7095%
  [   553000,   553500)         6941    0.0231%  12.7326%
  [   553500,   554000)         6908    0.0230%  12.7556%
  [   554000,   554500)         6971    0.0232%  12.7789%
  [   554500,   555000)         7091    0.0236%  12.8025%
  [   555000,   555500)         7173    0.0239%  12.8264%
  [   555500,   556000)         7225    0.0241%  12.8505%
  [   556000,   556500)         7249    0.0242%  12.8747%
  [   556500,   557000)         7214    0.0240%  12.8987%
  [   557000,   557500)         7494    0.0250%  12.9237%
  [   557500,   558000)         7223    0.0241%  12.9478%
  [   558000,   558500)         7409    0.0247%  12.9725%
  [   558500,   559000)         7660    0.0255%  12.9980%
  [   559000,   559500)         7417    0.0247%  13.0227%
  [   559500,   560000)         7690    0.0256%  13.0484%
  [   560000,   560500)         7629    0.0254%  13.0738%
  [   560500,   561000)         7782    0.0259%  13.0997%
  [   561000,   561500)         7792    0.0260%  13.1257%
  [   561500,   562000)         7820    0.0261%  13.1518%
  [   562000,   562500)         7724    0.0257%  13.1775%
  [   562500,   563000)         8258    0.0275%  13.2051%
  [   563000,   563500)         8055    0.0269%  13.2319%
  [   563500,   564000)         8085    0.0270%  13.2589%
  [   564000,   564500)         8329    0.0278%  13.2866%
  [   564500,   565000)         8086    0.0270%  13.3136%
  [   565000,   565500)         8337    0.0278%  13.3414%
  [   565500,   566000)         8336    0.0278%  13.3691%
  [   566000,   566500)         8399    0.0280%  13.3971%
  [   566500,   567000)         8430    0.0281%  13.4252%
  [   567000,   567500)         8409    0.0280%  13.4533%
  [   567500,   568000)         8475    0.0283%  13.4815%
  [   568000,   568500)         8748    0.0292%  13.5107%
  [   568500,   569000)         8655    0.0289%  13.5395%
  [   569000,   569500)         8883    0.0296%  13.5691%
  [   569500,   570000)         8997    0.0300%  13.5991%
  [   570000,   570500)         8899    0.0297%  13.6288%
  [   570500,   571000)         9108    0.0304%  13.6592%
  [   571000,   571500)         9037    0.0301%  13.6893%
  [   571500,   572000)         9159    0.0305%  13.7198%
  [   572000,   572500)         9218    0.0307%  13.7505%
  [   572500,   573000)         9322    0.0311%  13.7816%
  [   573000,   573500)         9258    0.0309%  13.8125%
  [   573500,   574000)         9476    0.0316%  13.8441%
  [   574000,   574500)         9412    0.0314%  13.8754%
  [   574500,   575000)         9427    0.0314%  13.9069%
  [   575000,   575500)         9553    0.0318%  13.9387%
  [   575500,   576000)         9754    0.0325%  13.9712%
  [   576000,   576500)         9990    0.0333%  14.0045%
  [   576500,   577000)         9915    0.0331%  14.0376%
  [   577000,   577500)        10081    0.0336%  14.0712%
  [   577500,   578000)        10033    0.0334%  14.1046%
  [   578000,   578500)         9906    0.0330%  14.1376%
  [   578500,   579000)        10189    0.0340%  14.1716%
  [   579000,   579500)        10387    0.0346%  14.2062%
  [   579500,   580000)        10278    0.0343%  14.2405%
  [   580000,   580500)        10459    0.0349%  14.2753%
  [   580500,   581000)        10527    0.0351%  14.3104%
  [   581000,   581500)        10722    0.0357%  14.3462%
  [   581500,   582000)        10706    0.0357%  14.3819%
  [   582000,   582500)        10691    0.0356%  14.4175%
  [   582500,   583000)        10912    0.0364%  14.4539%
  [   583000,   583500)        10946    0.0365%  14.4903%
  [   583500,   584000)        11063    0.0369%  14.5272%
  [   584000,   584500)        11239    0.0375%  14.5647%
  [   584500,   585000)        11063    0.0369%  14.6016%
  [   585000,   585500)        11407    0.0380%  14.6396%
  [   585500,   586000)        11361    0.0379%  14.6775%
  [   586000,   586500)        11489    0.0383%  14.7158%
  [   586500,   587000)        11562    0.0385%  14.7543%
  [   587000,   587500)        11774    0.0392%  14.7935%
  [   587500,   588000)        11771    0.0392%  14.8328%
  [   588000,   588500)        11851    0.0395%  14.8723%
  [   588500,   589000)        11980    0.0399%  14.9122%
  [   589000,   589500)        11852    0.0395%  14.9517%
  [   589500,   590000)        11950    0.0398%  14.9916%
  [   590000,   590500)        12165    0.0406%  15.0321%
  [   590500,   591000)        12293    0.0410%  15.0731%
  [   591000,   591500)        12475    0.0416%  15.1147%
  [   591500,   592000)        12366    0.0412%  15.1559%
  [   592000,   592500)        12700    0.0423%  15.1982%
  [   592500,   593000)        12452    0.0415%  15.2397%
  [   593000,   593500)        12775    0.0426%  15.2823%
  [   593500,   594000)        12811    0.0427%  15.3250%
  [   594000,   594500)        12914    0.0430%  15.3681%
  [   594500,   595000)        13106    0.0437%  15.4117%
  [   595000,   595500)        13166    0.0439%  15.4556%
  [   595500,   596000)        13317    0.0444%  15.5000%
  [   596000,   596500)        13456    0.0449%  15.5449%
  [   596500,   597000)        13585    0.0453%  15.5902%
  [   597000,   597500)        13633    0.0454%  15.6356%
  [   597500,   598000)        13782    0.0459%  15.6815%
  [   598000,   598500)        13876    0.0463%  15.7278%
  [   598500,   599000)        13691    0.0456%  15.7734%
  [   599000,   599500)        14042    0.0468%  15.8202%
  [   599500,   600000)        13984    0.0466%  15.8669%
  [   600000,   600500)        13959    0.0465%  15.9134%
  [   600500,   601000)        14330    0.0478%  15.9611%
  [   601000,   601500)        14390    0.0480%  16.0091%
  [   601500,   602000)        14680    0.0489%  16.0580%
  [   602000,   602500)        14673    0.0489%  16.1070%
  [   602500,   603000)        14750    0.0492%  16.1561%
  [   603000,   603500)        14972    0.0499%  16.2060%
  [   603500,   604000)        15035    0.0501%  16.2561%
  [   604000,   604500)        15145    0.0505%  16.3066%
  [   604500,   605000)        15048    0.0502%  16.3568%
  [   605000,   605500)        15490    0.0516%  16.4084%
  [   605500,   606000)        15314    0.0510%  16.4595%
  [   606000,   606500)        15496    0.0517%  16.5111%
  [   606500,   607000)        15676    0.0523%  16.5634%
  [   607000,   607500)        15810    0.0527%  16.6161%
  [   607500,   608000)        15751    0.0525%  16.6686%
  [   608000,   608500)        16000    0.0533%  16.7219%
  [   608500,   609000)        16129    0.0538%  16.7757%
  [   609000,   609500)        16176    0.0539%  16.8296%
  [   609500,   610000)        16439    0.0548%  16.8844%
  [   610000,   610500)        16392    0.0546%  16.9390%
  [   610500,   611000)        16629    0.0554%  16.9945%
  [   611000,   611500)        16896    0.0563%  17.0508%
  [   611500,   612000)        17050    0.0568%  17.1076%
  [   612000,   612500)        16982    0.0566%  17.1642%
  [   612500,   613000)        17178    0.0573%  17.2215%
  [   613000,   613500)        17382    0.0579%  17.2794%
  [   613500,   614000)        17321    0.0577%  17.3372%
  [   614000,   614500)        17401    0.0580%  17.3952%
  [   614500,   615000)        17811    0.0594%  17.4545%
  [   615000,   615500)        17533    0.0584%  17.5130%
  [   615500,   616000)        17976    0.0599%  17.5729%
  [   616000,   616500)        17796    0.0593%  17.6322%
  [   616500,   617000)        18302    0.0610%  17.6932%
  [   617000,   617500)        18341    0.0611%  17.7544%
  [   617500,   618000)        18461    0.0615%  17.8159%
  [   618000,   618500)        18534    0.0618%  17.8777%
  [   618500,   619000)        18575    0.0619%  17.9396%
  [   619000,   619500)        19043    0.0635%  18.0031%
  [   619500,   620000)        19078    0.0636%  18.0667%
  [   620000,   620500)        19179    0.0639%  18.1306%
  [   620500,   621000)        19137    0.0638%  18.1944%
  [   621000,   621500)        19814    0.0660%  18.2604%
  [   621500,   622000)        19326    0.0644%  18.3249%
  [   622000,   622500)        19813    0.0660%  18.3909%
  [   622500,   623000)        19629    0.0654%  18.4563%
  [   623000,   623500)        20030    0.0668%  18.5231%
  [   623500,   624000)        19766    0.0659%  18.5890%
  [   624000,   624500)        20376    0.0679%  18.6569%
  [   624500,   625000)        20183    0.0673%  18.7242%
  [   625000,   625500)        20656    0.0689%  18.7930%
  [   625500,   626000)        20423    0.0681%  18.8611%
  [   626000,   626500)        20514    0.0684%  18.9295%
  [   626500,   627000)        20925    0.0698%  18.9992%
  [   627000,   627500)        20964    0.0699%  19.0691%
  [   627500,   628000)        21141    0.0705%  19.1396%
  [   628000,   628500)        21265    0.0709%  19.2105%
  [   628500,   629000)        21309    0.0710%  19.2815%
  [   629000,   629500)        22020    0.0734%  19.3549%
  [   629500,   630000)        21490    0.0716%  19.4265%
  [   630000,   630500)        22077    0.0736%  19.5001%
  [   630500,   631000)        22070    0.0736%  19.5737%
  [   631000,   631500)        21860    0.0729%  19.6466%
  [   631500,   632000)        22285    0.0743%  19.7208%
  [   632000,   632500)        22286    0.0743%  19.7951%
  [   632500,   633000)        22777    0.0759%  19.8711%
  [   633000,   633500)        22902    0.0763%  19.9474%
  [   633500,   634000)        22959    0.0765%  20.0239%
  [   634000,   634500)        23148    0.0772%  20.1011%
  [   634500,   635000)        23378    0.0779%  20.1790%
  [   635000,   635500)        23029    0.0768%  20.2558%
  [   635500,   636000)        23133    0.0771%  20.3329%
  [   636000,   636500)        23767    0.0792%  20.4121%
  [   636500,   637000)        23682    0.0789%  20.4910%
  [   637000,   637500)        23764    0.0792%  20.5703%
  [   637500,   638000)        24307    0.0810%  20.6513%
  [   638000,   638500)        24273    0.0809%  20.7322%
  [   638500,   639000)        24411    0.0814%  20.8136%
  [   639000,   639500)        24595    0.0820%  20.8955%
  [   639500,   640000)        24708    0.0824%  20.9779%
  [   640000,   640500)        24689    0.0823%  21.0602%
  [   640500,   641000)        24970    0.0832%  21.1434%
  [   641000,   641500)        25035    0.0835%  21.2269%
  [   641500,   642000)        25120    0.0837%  21.3106%
  [   642000,   642500)        25463    0.0849%  21.3955%
  [   642500,   643000)        25606    0.0854%  21.4808%
  [   643000,   643500)        25657    0.0855%  21.5664%
  [   643500,   644000)        25589    0.0853%  21.6517%
  [   644000,   644500)        25901    0.0863%  21.7380%
  [   644500,   645000)        26250    0.0875%  21.8255%
  [   645000,   645500)        26389    0.0880%  21.9135%
  [   645500,   646000)        26257    0.0875%  22.0010%
  [   646000,   646500)        26458    0.0882%  22.0892%
  [   646500,   647000)        27077    0.0903%  22.1794%
  [   647000,   647500)        26915    0.0897%  22.2692%
  [   647500,   648000)        26994    0.0900%  22.3591%
  [   648000,   648500)        27285    0.0910%  22.4501%
  [   648500,   649000)        27642    0.0921%  22.5422%
  [   649000,   649500)        27517    0.0917%  22.6340%
  [   649500,   650000)        27760    0.0925%  22.7265%
  [   650000,   650500)        27880    0.0929%  22.8194%
  [   650500,   651000)        28294    0.0943%  22.9137%
  [   651000,   651500)        28133    0.0938%  23.0075%
  [   651500,   652000)        28762    0.0959%  23.1034%
  [   652000,   652500)        28585    0.0953%  23.1987%
  [   652500,   653000)        28680    0.0956%  23.2943%
  [   653000,   653500)        28850    0.0962%  23.3904%
  [   653500,   654000)        28520    0.0951%  23.4855%
  [   654000,   654500)        29400    0.0980%  23.5835%
  [   654500,   655000)        29228    0.0974%  23.6809%
  [   655000,   655500)        29483    0.0983%  23.7792%
  [   655500,   656000)        29524    0.0984%  23.8776%
  [   656000,   656500)        29785    0.0993%  23.9769%
  [   656500,   657000)        29813    0.0994%  24.0763%
  [   657000,   657500)        30126    0.1004%  24.1767%
  [   657500,   658000)        30381    0.1013%  24.2780%
  [   658000,   658500)        30151    0.1005%  24.3785%
  [   658500,   659000)        30733    0.1024%  24.4809%
  [   659000,   659500)        30562    0.1019%  24.5828%
  [   659500,   660000)        30716    0.1024%  24.6852%
  [   660000,   660500)        30810    0.1027%  24.7879%
  [   660500,   661000)        31304    0.1043%  24.8922%
  [   661000,   661500)        31426    0.1048%  24.9970%
  [   661500,   662000)        31622    0.1054%  25.1024%
  [   662000,   662500)        31933    0.1064%  25.2088%
  [   662500,   663000)        31851    0.1062%  25.3150%
  [   663000,   663500)        31846    0.1062%  25.4211%
  [   663500,   664000)        32378    0.1079%  25.5291%
  [   664000,   664500)        32429    0.1081%  25.6372%
  [   664500,   665000)        32424    0.1081%  25.7453%
  [   665000,   665500)        32538    0.1085%  25.8537%
  [   665500,   666000)        32890    0.1096%  25.9633%
  [   666000,   666500)        33171    0.1106%  26.0739%
  [   666500,   667000)        33123    0.1104%  26.1843%
  [   667000,   667500)        33211    0.1107%  26.2950%
  [   667500,   668000)        32865    0.1096%  26.4046%
  [   668000,   668500)        33717    0.1124%  26.5170%
  [   668500,   669000)        33416    0.1114%  26.6284%
  [   669000,   669500)        33856    0.1129%  26.7412%
  [   669500,   670000)        34111    0.1137%  26.8549%
  [   670000,   670500)        34176    0.1139%  26.9688%
  [   670500,   671000)        34503    0.1150%  27.0838%
  [   671000,   671500)        34676    0.1156%  27.1994%
  [   671500,   672000)        34438    0.1148%  27.3142%
  [   672000,   672500)        34971    0.1166%  27.4308%
  [   672500,   673000)        35113    0.1170%  27.5478%
  [   673000,   673500)        35032    0.1168%  27.6646%
  [   673500,   674000)        35348    0.1178%  27.7824%
  [   674000,   674500)        35610    0.1187%  27.9011%
  [   674500,   675000)        36026    0.1201%  28.0212%
  [   675000,   675500)        35721    0.1191%  28.1403%
  [   675500,   676000)        35689    0.1190%  28.2593%
  [   676000,   676500)        35831    0.1194%  28.3787%
  [   676500,   677000)        36408    0.1214%  28.5001%
  [   677000,   677500)        36141    0.1205%  28.6205%
  [   677500,   678000)        36444    0.1215%  28.7420%
  [   678000,   678500)        36507    0.1217%  28.8637%
  [   678500,   679000)        36817    0.1227%  28.9864%
  [   679000,   679500)        36953    0.1232%  29.1096%
  [   679500,   680000)        37471    0.1249%  29.2345%
  [   680000,   680500)        37254    0.1242%  29.3587%
  [   680500,   681000)        37359    0.1245%  29.4832%
  [   681000,   681500)        37547    0.1252%  29.6084%
  [   681500,   682000)        38237    0.1275%  29.7358%
  [   682000,   682500)        37768    0.1259%  29.8617%
  [   682500,   683000)        37733    0.1258%  29.9875%
  [   683000,   683500)        38453    0.1282%  30.1157%
  [   683500,   684000)        38277    0.1276%  30.2433%
  [   684000,   684500)        38084    0.1269%  30.3702%
  [   684500,   685000)        38842    0.1295%  30.4997%
  [   685000,   685500)        38819    0.1294%  30.6291%
  [   685500,   686000)        38870    0.1296%  30.7586%
  [   686000,   686500)        38858    0.1295%  30.8882%
  [   686500,   687000)        39175    0.1306%  31.0187%
  [   687000,   687500)        39115    0.1304%  31.1491%
  [   687500,   688000)        39647    0.1322%  31.2813%
  [   688000,   688500)        39516    0.1317%  31.4130%
  [   688500,   689000)        39948    0.1332%  31.5462%
  [   689000,   689500)        39561    0.1319%  31.6780%
  [   689500,   690000)        40395    0.1347%  31.8127%
  [   690000,   690500)        40124    0.1337%  31.9464%
  [   690500,   691000)        40093    0.1336%  32.0801%
  [   691000,   691500)        40718    0.1357%  32.2158%
  [   691500,   692000)        40313    0.1344%  32.3502%
  [   692000,   692500)        40902    0.1363%  32.4865%
  [   692500,   693000)        40878    0.1363%  32.6228%
  [   693000,   693500)        40464    0.1349%  32.7577%
  [   693500,   694000)        40998    0.1367%  32.8943%
  [   694000,   694500)        41442    0.1381%  33.0325%
  [   694500,   695000)        41063    0.1369%  33.1693%
  [   695000,   695500)        41177    0.1373%  33.3066%
  [   695500,   696000)        41726    0.1391%  33.4457%
  [   696000,   696500)        42035    0.1401%  33.5858%
  [   696500,   697000)        41972    0.1399%  33.7257%
  [   697000,   697500)        41862    0.1395%  33.8652%
  [   697500,   698000)        41915    0.1397%  34.0050%
  [   698000,   698500)        41992    0.1400%  34.1449%
  [   698500,   699000)        42276    0.1409%  34.2859%
  [   699000,   699500)        42591    0.1420%  34.4278%
  [   699500,   700000)        42443    0.1415%  34.5693%
  [   700000,   700500)        42907    0.1430%  34.7123%
  [   700500,   701000)        42578    0.1419%  34.8543%
  [   701000,   701500)        43374    0.1446%  34.9988%
  [   701500,   702000)        43529    0.1451%  35.1439%
  [   702000,   702500)        43007    0.1434%  35.2873%
  [   702500,   703000)        43351    0.1445%  35.4318%
  [   703000,   703500)        43220    0.1441%  35.5759%
  [   703500,   704000)        43607    0.1454%  35.7212%
  [   704000,   704500)        44017    0.1467%  35.8679%
  [   704500,   705000)        43481    0.1449%  36.0129%
  [   705000,   705500)        43701    0.1457%  36.1585%
  [   705500,   706000)        43753    0.1458%  36.3044%
  [   706000,   706500)        44191    0.1473%  36.4517%
  [   706500,   707000)        44025    0.1468%  36.5984%
  [   707000,   707500)        44155    0.1472%  36.7456%
  [   707500,   708000)        44495    0.1483%  36.8939%
  [   708000,   708500)        44657    0.1489%  37.0428%
  [   708500,   709000)        44661    0.1489%  37.1917%
  [   709000,   709500)        45201    0.1507%  37.3423%
  [   709500,   710000)        44803    0.1493%  37.4917%
  [   710000,   710500)        44861    0.1495%  37.6412%
  [   710500,   711000)        45062    0.1502%  37.7914%
  [   711000,   711500)        45750    0.1525%  37.9439%
  [   711500,   712000)        45221    0.1507%  38.0947%
  [   712000,   712500)        45131    0.1504%  38.2451%
  [   712500,   713000)        45716    0.1524%  38.3975%
  [   713000,   713500)        45607    0.1520%  38.5495%
  [   713500,   714000)        46171    0.1539%  38.7034%
  [   714000,   714500)        46028    0.1534%  38.8568%
  [   714500,   715000)        45729    0.1524%  39.0093%
  [   715000,   715500)        45481    0.1516%  39.1609%
  [   715500,   716000)        46288    0.1543%  39.3152%
  [   716000,   716500)        45780    0.1526%  39.4678%
  [   716500,   717000)        46163    0.1539%  39.6216%
  [   717000,   717500)        46193    0.1540%  39.7756%
  [   717500,   718000)        46634    0.1554%  39.9311%
  [   718000,   718500)        46474    0.1549%  40.0860%
  [   718500,   719000)        46504    0.1550%  40.2410%
  [   719000,   719500)        46727    0.1558%  40.3967%
  [   719500,   720000)        46555    0.1552%  40.5519%
  [   720000,   720500)        46771    0.1559%  40.7078%
  [   720500,   721000)        46390    0.1546%  40.8625%
  [   721000,   721500)        46916    0.1564%  41.0189%
  [   721500,   722000)        47219    0.1574%  41.1763%
  [   722000,   722500)        46909    0.1564%  41.3326%
  [   722500,   723000)        46941    0.1565%  41.4891%
  [   723000,   723500)        46891    0.1563%  41.6454%
  [   723500,   724000)        47791    0.1593%  41.8047%
  [   724000,   724500)        46938    0.1565%  41.9612%
  [   724500,   725000)        47398    0.1580%  42.1191%
  [   725000,   725500)        47446    0.1582%  42.2773%
  [   725500,   726000)        47896    0.1597%  42.4370%
  [   726000,   726500)        47952    0.1598%  42.5968%
  [   726500,   727000)        48010    0.1600%  42.7568%
  [   727000,   727500)        47953    0.1598%  42.9167%
  [   727500,   728000)        47964    0.1599%  43.0766%
  [   728000,   728500)        48248    0.1608%  43.2374%
  [   728500,   729000)        47825    0.1594%  43.3968%
  [   729000,   729500)        47717    0.1591%  43.5559%
  [   729500,   730000)        48254    0.1608%  43.7167%
  [   730000,   730500)        48195    0.1607%  43.8773%
  [   730500,   731000)        47998    0.1600%  44.0373%
  [   731000,   731500)        48300    0.1610%  44.1983%
  [   731500,   732000)        48471    0.1616%  44.3599%
  [   732000,   732500)        48298    0.1610%  44.5209%
  [   732500,   733000)        48832    0.1628%  44.6837%
  [   733000,   733500)        48706    0.1624%  44.8460%
  [   733500,   734000)        48447    0.1615%  45.0075%
  [   734000,   734500)        48991    0.1633%  45.1708%
  [   734500,   735000)        48753    0.1625%  45.3333%
  [   735000,   735500)        48623    0.1621%  45.4954%
  [   735500,   736000)        48669    0.1622%  45.6576%
  [   736000,   736500)        48735    0.1625%  45.8201%
  [   736500,   737000)        49233    0.1641%  45.9842%
  [   737000,   737500)        48708    0.1624%  46.1466%
  [   737500,   738000)        48823    0.1627%  46.3093%
  [   738000,   738500)        48489    0.1616%  46.4709%
  [   738500,   739000)        48861    0.1629%  46.6338%
  [   739000,   739500)        48730    0.1624%  46.7962%
  [   739500,   740000)        49285    0.1643%  46.9605%
  [   740000,   740500)        49409    0.1647%  47.1252%
  [   740500,   741000)        49132    0.1638%  47.2890%
  [   741000,   741500)        48938    0.1631%  47.4521%
  [   741500,   742000)        49554    0.1652%  47.6173%
  [   742000,   742500)        48988    0.1633%  47.7806%
  [   742500,   743000)        49153    0.1638%  47.9444%
  [   743000,   743500)        49316    0.1644%  48.1088%
  [   743500,   744000)        49348    0.1645%  48.2733%
  [   744000,   744500)        49336    0.1645%  48.4378%
  [   744500,   745000)        49345    0.1645%  48.6023%
  [   745000,   745500)        49497    0.1650%  48.7672%
  [   745500,   746000)        49377    0.1646%  48.9318%
  [   746000,   746500)        49856    0.1662%  49.0980%
  [   746500,   747000)        49293    0.1643%  49.2623%
  [   747000,   747500)        49312    0.1644%  49.4267%
  [   747500,   748000)        49908    0.1664%  49.5931%
  [   748000,   748500)        49912    0.1664%  49.7594%
  [   748500,   749000)        49450    0.1648%  49.9243%
  [   749000,   749500)        49819    0.1661%  50.0903%
  [   749500,   750000)        49864    0.1662%  50.2565%
  [   750000,   750500)        49743    0.1658%  50.4224%
  [   750500,   751000)        49783    0.1659%  50.5883%
  [   751000,   751500)        49605    0.1654%  50.7537%
  [   751500,   752000)        50047    0.1668%  50.9205%
  [   752000,   752500)        49736    0.1658%  51.0863%
  [   752500,   753000)        49654    0.1655%  51.2518%
  [   753000,   753500)        49597    0.1653%  51.4171%
  [   753500,   754000)        49430    0.1648%  51.5819%
  [   754000,   754500)        49545    0.1652%  51.7470%
  [   754500,   755000)        49446    0.1648%  51.9118%
  [   755000,   755500)        49004    0.1633%  52.0752%
  [   755500,   756000)        49842    0.1661%  52.2413%
  [   756000,   756500)        49784    0.1659%  52.4073%
  [   756500,   757000)        49842    0.1661%  52.5734%
  [   757000,   757500)        50012    0.1667%  52.7401%
  [   757500,   758000)        49848    0.1662%  52.9063%
  [   758000,   758500)        50036    0.1668%  53.0731%
  [   758500,   759000)        49702    0.1657%  53.2387%
  [   759000,   759500)        49547    0.1652%  53.4039%
  [   759500,   760000)        49849    0.1662%  53.5701%
  [   760000,   760500)        49632    0.1654%  53.7355%
  [   760500,   761000)        49541    0.1651%  53.9006%
  [   761000,   761500)        49509    0.1650%  54.0657%
  [   761500,   762000)        49572    0.1652%  54.2309%
  [   762000,   762500)        49374    0.1646%  54.3955%
  [   762500,   763000)        49313    0.1644%  54.5599%
  [   763000,   763500)        49199    0.1640%  54.7239%
  [   763500,   764000)        49498    0.1650%  54.8888%
  [   764000,   764500)        49697    0.1657%  55.0545%
  [   764500,   765000)        49600    0.1653%  55.2198%
  [   765000,   765500)        49441    0.1648%  55.3846%
  [   765500,   766000)        49294    0.1643%  55.5490%
  [   766000,   766500)        49506    0.1650%  55.7140%
  [   766500,   767000)        49440    0.1648%  55.8788%
  [   767000,   767500)        49687    0.1656%  56.0444%
  [   767500,   768000)        49202    0.1640%  56.2084%
  [   768000,   768500)        49328    0.1644%  56.3728%
  [   768500,   769000)        49305    0.1644%  56.5372%
  [   769000,   769500)        49389    0.1646%  56.7018%
  [   769500,   770000)        49182    0.1639%  56.8658%
  [   770000,   770500)        49170    0.1639%  57.0297%
  [   770500,   771000)        48670    0.1622%  57.1919%
  [   771000,   771500)        48908    0.1630%  57.3549%
  [   771500,   772000)        48764    0.1625%  57.5175%
  [   772000,   772500)        48816    0.1627%  57.6802%
  [   772500,   773000)        49243    0.1641%  57.8443%
  [   773000,   773500)        48551    0.1618%  58.0062%
  [   773500,   774000)        48926    0.1631%  58.1692%
  [   774000,   774500)        48576    0.1619%  58.3312%
  [   774500,   775000)        48864    0.1629%  58.4940%
  [   775000,   775500)        48891    0.1630%  58.6570%
  [   775500,   776000)        49095    0.1637%  58.8207%
  [   776000,   776500)        48562    0.1619%  58.9825%
  [   776500,   777000)        48741    0.1625%  59.1450%
  [   777000,   777500)        48648    0.1622%  59.3072%
  [   777500,   778000)        48335    0.1611%  59.4683%
  [   778000,   778500)        48330    0.1611%  59.6294%
  [   778500,   779000)        48518    0.1617%  59.7911%
  [   779000,   779500)        47935    0.1598%  59.9509%
  [   779500,   780000)        48461    0.1615%  60.1124%
  [   780000,   780500)        47979    0.1599%  60.2724%
  [   780500,   781000)        48293    0.1610%  60.4333%
  [   781000,   781500)        48281    0.1609%  60.5943%
  [   781500,   782000)        48389    0.1613%  60.7556%
  [   782000,   782500)        47890    0.1596%  60.9152%
  [   782500,   783000)        48092    0.1603%  61.0755%
  [   783000,   783500)        47831    0.1594%  61.2350%
  [   783500,   784000)        48168    0.1606%  61.3955%
  [   784000,   784500)        47528    0.1584%  61.5539%
  [   784500,   785000)        47621    0.1587%  61.7127%
  [   785000,   785500)        47285    0.1576%  61.8703%
  [   785500,   786000)        47415    0.1581%  62.0283%
  [   786000,   786500)        47753    0.1592%  62.1875%
  [   786500,   787000)        47909    0.1597%  62.3472%
  [   787000,   787500)        47250    0.1575%  62.5047%
  [   787500,   788000)        47314    0.1577%  62.6624%
  [   788000,   788500)        47170    0.1572%  62.8197%
  [   788500,   789000)        47282    0.1576%  62.9773%
  [   789000,   789500)        47492    0.1583%  63.1356%
  [   789500,   790000)        47128    0.1571%  63.2927%
  [   790000,   790500)        47029    0.1568%  63.4494%
  [   790500,   791000)        47280    0.1576%  63.6070%
  [   791000,   791500)        46567    0.1552%  63.7623%
  [   791500,   792000)        46670    0.1556%  63.9178%
  [   792000,   792500)        46424    0.1547%  64.0726%
  [   792500,   793000)        46619    0.1554%  64.2280%
  [   793000,   793500)        47068    0.1569%  64.3849%
  [   793500,   794000)        46429    0.1548%  64.5396%
  [   794000,   794500)        46376    0.1546%  64.6942%
  [   794500,   795000)        46346    0.1545%  64.8487%
  [   795000,   795500)        46400    0.1547%  65.0034%
  [   795500,   796000)        45808    0.1527%  65.1561%
  [   796000,   796500)        46719    0.1557%  65.3118%
  [   796500,   797000)        46541    0.1551%  65.4669%
  [   797000,   797500)        46120    0.1537%  65.6207%
  [   797500,   798000)        46146    0.1538%  65.7745%
  [   798000,   798500)        45684    0.1523%  65.9268%
  [   798500,   799000)        45536    0.1518%  66.0785%
  [   799000,   799500)        45997    0.1533%  66.2319%
  [   799500,   800000)        45807    0.1527%  66.3846%
  [   800000,   800500)        45355    0.1512%  66.5357%
  [   800500,   801000)        45384    0.1513%  66.6870%
  [   801000,   801500)        45045    0.1502%  66.8372%
  [   801500,   802000)        45108    0.1504%  66.9875%
  [   802000,   802500)        45052    0.1502%  67.1377%
  [   802500,   803000)        45049    0.1502%  67.2879%
  [   803000,   803500)        44896    0.1497%  67.4375%
  [   803500,   804000)        44638    0.1488%  67.5863%
  [   804000,   804500)        44607    0.1487%  67.7350%
  [   804500,   805000)        44425    0.1481%  67.8831%
  [   805000,   805500)        45197    0.1507%  68.0337%
  [   805500,   806000)        44436    0.1481%  68.1819%
  [   806000,   806500)        44168    0.1472%  68.3291%
  [   806500,   807000)        44266    0.1476%  68.4766%
  [   807000,   807500)        44278    0.1476%  68.6242%
  [   807500,   808000)        44443    0.1481%  68.7724%
  [   808000,   808500)        44265    0.1476%  68.9199%
  [   808500,   809000)        43819    0.1461%  69.0660%
  [   809000,   809500)        43788    0.1460%  69.2120%
  [   809500,   810000)        43451    0.1448%  69.3568%
  [   810000,   810500)        43353    0.1445%  69.5013%
  [   810500,   811000)        43677    0.1456%  69.6469%
  [   811000,   811500)        43557    0.1452%  69.7921%
  [   811500,   812000)        43365    0.1446%  69.9366%
  [   812000,   812500)        43462    0.1449%  70.0815%
  [   812500,   813000)        43142    0.1438%  70.2253%
  [   813000,   813500)        42944    0.1431%  70.3685%
  [   813500,   814000)        43160    0.1439%  70.5123%
  [   814000,   814500)        42934    0.1431%  70.6554%
  [   814500,   815000)        42716    0.1424%  70.7978%
  [   815000,   815500)        42530    0.1418%  70.9396%
  [   815500,   816000)        42315    0.1411%  71.0806%
  [   816000,   816500)        42607    0.1420%  71.2227%
  [   816500,   817000)        41872    0.1396%  71.3622%
  [   817000,   817500)        42052    0.1402%  71.5024%
  [   817500,   818000)        42306    0.1410%  71.6434%
  [   818000,   818500)        41897    0.1397%  71.7831%
  [   818500,   819000)        42202    0.1407%  71.9238%
  [   819000,   819500)        41580    0.1386%  72.0624%
  [   819500,   820000)        41644    0.1388%  72.2012%
  [   820000,   820500)        41801    0.1393%  72.3405%
  [   820500,   821000)        41855    0.1395%  72.4800%
  [   821000,   821500)        41785    0.1393%  72.6193%
  [   821500,   822000)        40958    0.1365%  72.7558%
  [   822000,   822500)        41046    0.1368%  72.8927%
  [   822500,   823000)        40526    0.1351%  73.0277%
  [   823000,   823500)        40798    0.1360%  73.1637%
  [   823500,   824000)        40765    0.1359%  73.2996%
  [   824000,   824500)        40282    0.1343%  73.4339%
  [   824500,   825000)        40196    0.1340%  73.5679%
  [   825000,   825500)        40531    0.1351%  73.7030%
  [   825500,   826000)        40055    0.1335%  73.8365%
  [   826000,   826500)        40174    0.1339%  73.9704%
  [   826500,   827000)        40011    0.1334%  74.1038%
  [   827000,   827500)        40397    0.1347%  74.2384%
  [   827500,   828000)        39904    0.1330%  74.3715%
  [   828000,   828500)        39503    0.1317%  74.5031%
  [   828500,   829000)        39797    0.1327%  74.6358%
  [   829000,   829500)        39493    0.1316%  74.7674%
  [   829500,   830000)        39618    0.1321%  74.8995%
  [   830000,   830500)        39014    0.1300%  75.0295%
  [   830500,   831000)        39583    0.1319%  75.1615%
  [   831000,   831500)        39089    0.1303%  75.2918%
  [   831500,   832000)        39058    0.1302%  75.4220%
  [   832000,   832500)        38943    0.1298%  75.5518%
  [   832500,   833000)        38536    0.1285%  75.6802%
  [   833000,   833500)        38879    0.1296%  75.8098%
  [   833500,   834000)        38446    0.1282%  75.9380%
  [   834000,   834500)        38479    0.1283%  76.0663%
  [   834500,   835000)        37871    0.1262%  76.1925%
  [   835000,   835500)        37777    0.1259%  76.3184%
  [   835500,   836000)        38011    0.1267%  76.4451%
  [   836000,   836500)        37770    0.1259%  76.5710%
  [   836500,   837000)        37687    0.1256%  76.6966%
  [   837000,   837500)        37681    0.1256%  76.8222%
  [   837500,   838000)        37391    0.1246%  76.9469%
  [   838000,   838500)        37441    0.1248%  77.0717%
  [   838500,   839000)        36713    0.1224%  77.1941%
  [   839000,   839500)        37099    0.1237%  77.3177%
  [   839500,   840000)        36792    0.1226%  77.4404%
  [   840000,   840500)        37049    0.1235%  77.5639%
  [   840500,   841000)        36554    0.1218%  77.6857%
  [   841000,   841500)        36553    0.1218%  77.8075%
  [   841500,   842000)        36323    0.1211%  77.9286%
  [   842000,   842500)        36427    0.1214%  78.0500%
  [   842500,   843000)        36139    0.1205%  78.1705%
  [   843000,   843500)        36006    0.1200%  78.2905%
  [   843500,   844000)        35995    0.1200%  78.4105%
  [   844000,   844500)        35698    0.1190%  78.5295%
  [   844500,   845000)        35861    0.1195%  78.6490%
  [   845000,   845500)        35552    0.1185%  78.7676%
  [   845500,   846000)        35341    0.1178%  78.8854%
  [   846000,   846500)        35231    0.1174%  79.0028%
  [   846500,   847000)        35076    0.1169%  79.1197%
  [   847000,   847500)        35210    0.1174%  79.2371%
  [   847500,   848000)        35220    0.1174%  79.3545%
  [   848000,   848500)        34955    0.1165%  79.4710%
  [   848500,   849000)        34593    0.1153%  79.5863%
  [   849000,   849500)        34727    0.1158%  79.7021%
  [   849500,   850000)        34244    0.1141%  79.8162%
  [   850000,   850500)        34448    0.1148%  79.9310%
  [   850500,   851000)        34145    0.1138%  80.0449%
  [   851000,   851500)        34555    0.1152%  80.1600%
  [   851500,   852000)        33924    0.1131%  80.2731%
  [   852000,   852500)        34035    0.1135%  80.3866%
  [   852500,   853000)        33970    0.1132%  80.4998%
  [   853000,   853500)        33824    0.1127%  80.6125%
  [   853500,   854000)        33460    0.1115%  80.7241%
  [   854000,   854500)        33471    0.1116%  80.8356%
  [   854500,   855000)        33225    0.1108%  80.9464%
  [   855000,   855500)        33120    0.1104%  81.0568%
  [   855500,   856000)        32661    0.1089%  81.1657%
  [   856000,   856500)        32747    0.1092%  81.2748%
  [   856500,   857000)        32481    0.1083%  81.3831%
  [   857000,   857500)        32794    0.1093%  81.4924%
  [   857500,   858000)        32387    0.1080%  81.6004%
  [   858000,   858500)        32033    0.1068%  81.7071%
  [   858500,   859000)        32370    0.1079%  81.8150%
  [   859000,   859500)        32134    0.1071%  81.9222%
  [   859500,   860000)        32031    0.1068%  82.0289%
  [   860000,   860500)        31898    0.1063%  82.1353%
  [   860500,   861000)        31779    0.1059%  82.2412%
  [   861000,   861500)        31897    0.1063%  82.3475%
  [   861500,   862000)        31307    0.1044%  82.4519%
  [   862000,   862500)        31346    0.1045%  82.5563%
  [   862500,   863000)        31217    0.1041%  82.6604%
  [   863000,   863500)        30873    0.1029%  82.7633%
  [   863500,   864000)        31093    0.1036%  82.8670%
  [   864000,   864500)        30339    0.1011%  82.9681%
  [   864500,   865000)        30672    0.1022%  83.0703%
  [   865000,   865500)        30584    0.1019%  83.1723%
  [   865500,   866000)        30502    0.1017%  83.2739%
  [   866000,   866500)        30300    0.1010%  83.3750%
  [   866500,   867000)        29946    0.0998%  83.4748%
  [   867000,   867500)        29956    0.0999%  83.5746%
  [   867500,   868000)        30173    0.1006%  83.6752%
  [   868000,   868500)        30088    0.1003%  83.7755%
  [   868500,   869000)        29299    0.0977%  83.8732%
  [   869000,   869500)        29501    0.0983%  83.9715%
  [   869500,   870000)        29635    0.0988%  84.0703%
  [   870000,   870500)        28983    0.0966%  84.1669%
  [   870500,   871000)        29251    0.0975%  84.2644%
  [   871000,   871500)        28756    0.0959%  84.3602%
  [   871500,   872000)        28840    0.0961%  84.4564%
  [   872000,   872500)        28619    0.0954%  84.5518%
  [   872500,   873000)        28426    0.0948%  84.6465%
  [   873000,   873500)        28577    0.0953%  84.7418%
  [   873500,   874000)        28566    0.0952%  84.8370%
  [   874000,   874500)        28161    0.0939%  84.9309%
  [   874500,   875000)        28007    0.0934%  85.0242%
  [   875000,   875500)        27977    0.0933%  85.1175%
  [   875500,   876000)        27907    0.0930%  85.2105%
  [   876000,   876500)        27727    0.0924%  85.3029%
  [   876500,   877000)        27768    0.0926%  85.3955%
  [   877000,   877500)        27759    0.0925%  85.4880%
  [   877500,   878000)        27470    0.0916%  85.5796%
  [   878000,   878500)        27195    0.0907%  85.6702%
  [   878500,   879000)        27197    0.0907%  85.7609%
  [   879000,   879500)        27110    0.0904%  85.8513%
  [   879500,   880000)        26949    0.0898%  85.9411%
  [   880000,   880500)        26757    0.0892%  86.0303%
  [   880500,   881000)        26941    0.0898%  86.1201%
  [   881000,   881500)        26559    0.0885%  86.2086%
  [   881500,   882000)        26374    0.0879%  86.2965%
  [   882000,   882500)        26022    0.0867%  86.3833%
  [   882500,   883000)        26051    0.0868%  86.4701%
  [   883000,   883500)        25900    0.0863%  86.5564%
  [   883500,   884000)        25957    0.0865%  86.6430%
  [   884000,   884500)        25759    0.0859%  86.7288%
  [   884500,   885000)        25747    0.0858%  86.8147%
  [   885000,   885500)        25721    0.0857%  86.9004%
  [   885500,   886000)        25365    0.0846%  86.9849%
  [   886000,   886500)        25442    0.0848%  87.0697%
  [   886500,   887000)        24802    0.0827%  87.1524%
  [   887000,   887500)        24900    0.0830%  87.2354%
  [   887500,   888000)        24884    0.0829%  87.3184%
  [   888000,   888500)        24565    0.0819%  87.4002%
  [   888500,   889000)        24655    0.0822%  87.4824%
  [   889000,   889500)        24489    0.0816%  87.5641%
  [   889500,   890000)        24374    0.0812%  87.6453%
  [   890000,   890500)        24237    0.0808%  87.7261%
  [   890500,   891000)        24068    0.0802%  87.8063%
  [   891000,   891500)        24341    0.0811%  87.8875%
  [   891500,   892000)        24312    0.0810%  87.9685%
  [   892000,   892500)        23699    0.0790%  88.0475%
  [   892500,   893000)        23760    0.0792%  88.1267%
  [   893000,   893500)        23667    0.0789%  88.2056%
  [   893500,   894000)        23436    0.0781%  88.2837%
  [   894000,   894500)        23314    0.0777%  88.3614%
  [   894500,   895000)        23549    0.0785%  88.4399%
  [   895000,   895500)        23168    0.0772%  88.5171%
  [   895500,   896000)        22903    0.0763%  88.5935%
  [   896000,   896500)        22878    0.0763%  88.6697%
  [   896500,   897000)        23048    0.0768%  88.7466%
  [   897000,   897500)        22654    0.0755%  88.8221%
  [   897500,   898000)        22535    0.0751%  88.8972%
  [   898000,   898500)        22521    0.0751%  88.9723%
  [   898500,   899000)        22247    0.0742%  89.0464%
  [   899000,   899500)        22256    0.0742%  89.1206%
  [   899500,   900000)        22063    0.0735%  89.1942%
  [   900000,   900500)        22214    0.0740%  89.2682%
  [   900500,   901000)        22042    0.0735%  89.3417%
  [   901000,   901500)        21712    0.0724%  89.4141%
  [   901500,   902000)        21593    0.0720%  89.4860%
  [   902000,   902500)        21497    0.0717%  89.5577%
  [   902500,   903000)        21185    0.0706%  89.6283%
  [   903000,   903500)        21173    0.0706%  89.6989%
  [   903500,   904000)        21015    0.0701%  89.7689%
  [   904000,   904500)        21163    0.0705%  89.8395%
  [   904500,   905000)        20844    0.0695%  89.9090%
  [   905000,   905500)        20800    0.0693%  89.9783%
  [   905500,   906000)        20813    0.0694%  90.0477%
  [   906000,   906500)        20675    0.0689%  90.1166%
  [   906500,   907000)        20748    0.0692%  90.1857%
  [   907000,   907500)        20529    0.0684%  90.2542%
  [   907500,   908000)        20107    0.0670%  90.3212%
  [   908000,   908500)        20027    0.0668%  90.3880%
  [   908500,   909000)        20371    0.0679%  90.4559%
  [   909000,   909500)        19936    0.0665%  90.5223%
  [   909500,   910000)        19642    0.0655%  90.5878%
  [   910000,   910500)        19664    0.0655%  90.6533%
  [   910500,   911000)        19594    0.0653%  90.7186%
  [   911000,   911500)        19542    0.0651%  90.7838%
  [   911500,   912000)        19354    0.0645%  90.8483%
  [   912000,   912500)        19158    0.0639%  90.9122%
  [   912500,   913000)        19289    0.0643%  90.9765%
  [   913000,   913500)        19357    0.0645%  91.0410%
  [   913500,   914000)        18930    0.0631%  91.1041%
  [   914000,   914500)        18977    0.0633%  91.1673%
  [   914500,   915000)        18889    0.0630%  91.2303%
  [   915000,   915500)        18729    0.0624%  91.2927%
  [   915500,   916000)        18678    0.0623%  91.3550%
  [   916000,   916500)        18389    0.0613%  91.4163%
  [   916500,   917000)        18570    0.0619%  91.4782%
  [   917000,   917500)        18296    0.0610%  91.5392%
  [   917500,   918000)        18221    0.0607%  91.5999%
  [   918000,   918500)        18001    0.0600%  91.6599%
  [   918500,   919000)        17864    0.0595%  91.7195%
  [   919000,   919500)        17801    0.0593%  91.7788%
  [   919500,   920000)        17740    0.0591%  91.8379%
  [   920000,   920500)        17468    0.0582%  91.8962%
  [   920500,   921000)        17558    0.0585%  91.9547%
  [   921000,   921500)        17610    0.0587%  92.0134%
  [   921500,   922000)        17280    0.0576%  92.0710%
  [   922000,   922500)        17400    0.0580%  92.1290%
  [   922500,   923000)        17079    0.0569%  92.1859%
  [   923000,   923500)        17006    0.0567%  92.2426%
  [   923500,   924000)        17246    0.0575%  92.3001%
  [   924000,   924500)        17078    0.0569%  92.3570%
  [   924500,   925000)        16882    0.0563%  92.4133%
  [   925000,   925500)        16546    0.0552%  92.4684%
  [   925500,   926000)        16558    0.0552%  92.5236%
  [   926000,   926500)        16233    0.0541%  92.5777%
  [   926500,   927000)        16547    0.0552%  92.6329%
  [   927000,   927500)        16391    0.0546%  92.6875%
  [   927500,   928000)        16388    0.0546%  92.7422%
  [   928000,   928500)        16196    0.0540%  92.7961%
  [   928500,   929000)        15960    0.0532%  92.8493%
  [   929000,   929500)        15763    0.0525%  92.9019%
  [   929500,   930000)        15561    0.0519%  92.9538%
  [   930000,   930500)        15750    0.0525%  93.0063%
  [   930500,   931000)        15641    0.0521%  93.0584%
  [   931000,   931500)        15379    0.0513%  93.1097%
  [   931500,   932000)        15164    0.0505%  93.1602%
  [   932000,   932500)        15268    0.0509%  93.2111%
  [   932500,   933000)        15303    0.0510%  93.2621%
  [   933000,   933500)        15140    0.0505%  93.3126%
  [   933500,   934000)        15267    0.0509%  93.3635%
  [   934000,   934500)        15125    0.0504%  93.4139%
  [   934500,   935000)        14913    0.0497%  93.4636%
  [   935000,   935500)        14718    0.0491%  93.5127%
  [   935500,   936000)        14731    0.0491%  93.5618%
  [   936000,   936500)        14647    0.0488%  93.6106%
  [   936500,   937000)        14554    0.0485%  93.6591%
  [   937000,   937500)        14342    0.0478%  93.7069%
  [   937500,   938000)        14375    0.0479%  93.7548%
  [   938000,   938500)        14155    0.0472%  93.8020%
  [   938500,   939000)        14134    0.0471%  93.8491%
  [   939000,   939500)        14278    0.0476%  93.8967%
  [   939500,   940000)        13832    0.0461%  93.9428%
  [   940000,   940500)        13865    0.0462%  93.9890%
  [   940500,   941000)        13899    0.0463%  94.0354%
  [   941000,   941500)        13878    0.0463%  94.0816%
  [   941500,   942000)        13712    0.0457%  94.1273%
  [   942000,   942500)        13419    0.0447%  94.1721%
  [   942500,   943000)        13663    0.0455%  94.2176%
  [   943000,   943500)        13567    0.0452%  94.2628%
  [   943500,   944000)        13343    0.0445%  94.3073%
  [   944000,   944500)        13350    0.0445%  94.3518%
  [   944500,   945000)        13111    0.0437%  94.3955%
  [   945000,   945500)        13291    0.0443%  94.4398%
  [   945500,   946000)        13003    0.0433%  94.4832%
  [   946000,   946500)        12979    0.0433%  94.5264%
  [   946500,   947000)        12967    0.0432%  94.5696%
  [   947000,   947500)        12879    0.0429%  94.6126%
  [   947500,   948000)        12718    0.0424%  94.6550%
  [   948000,   948500)        12682    0.0423%  94.6972%
  [   948500,   949000)        12191    0.0406%  94.7379%
  [   949000,   949500)        12168    0.0406%  94.7784%
  [   949500,   950000)        12219    0.0407%  94.8192%
  [   950000,   950500)        12219    0.0407%  94.8599%
  [   950500,   951000)        12231    0.0408%  94.9007%
  [   951000,   951500)        12226    0.0408%  94.9414%
  [   951500,   952000)        11978    0.0399%  94.9813%
  [   952000,   952500)        11987    0.0400%  95.0213%
  [   952500,   953000)        11950    0.0398%  95.0611%
  [   953000,   953500)        11774    0.0392%  95.1004%
  [   953500,   954000)        11693    0.0390%  95.1394%
  [   954000,   954500)        11414    0.0380%  95.1774%
  [   954500,   955000)        11424    0.0381%  95.2155%
  [   955000,   955500)        11428    0.0381%  95.2536%
  [   955500,   956000)        11437    0.0381%  95.2917%
  [   956000,   956500)        11369    0.0379%  95.3296%
  [   956500,   957000)        11180    0.0373%  95.3669%
  [   957000,   957500)        11061    0.0369%  95.4037%
  [   957500,   958000)        11027    0.0368%  95.4405%
  [   958000,   958500)        10814    0.0360%  95.4765%
  [   958500,   959000)        10718    0.0357%  95.5123%
  [   959000,   959500)        10776    0.0359%  95.5482%
  [   959500,   960000)        10847    0.0362%  95.5843%
  [   960000,   960500)        10703    0.0357%  95.6200%
  [   960500,   961000)        10553    0.0352%  95.6552%
  [   961000,   961500)        10767    0.0359%  95.6911%
  [   961500,   962000)        10555    0.0352%  95.7263%
  [   962000,   962500)        10554    0.0352%  95.7614%
  [   962500,   963000)        10461    0.0349%  95.7963%
  [   963000,   963500)        10365    0.0346%  95.8309%
  [   963500,   964000)        10081    0.0336%  95.8645%
  [   964000,   964500)        10086    0.0336%  95.8981%
  [   964500,   965000)        10254    0.0342%  95.9323%
  [   965000,   965500)        10062    0.0335%  95.9658%
  [   965500,   966000)         9947    0.0332%  95.9990%
  [   966000,   966500)         9833    0.0328%  96.0317%
  [   966500,   967000)         9849    0.0328%  96.0646%
  [   967000,   967500)         9651    0.0322%  96.0967%
  [   967500,   968000)         9534    0.0318%  96.1285%
  [   968000,   968500)         9782    0.0326%  96.1611%
  [   968500,   969000)         9602    0.0320%  96.1931%
  [   969000,   969500)         9557    0.0319%  96.2250%
  [   969500,   970000)         9401    0.0313%  96.2563%
  [   970000,   970500)         9405    0.0314%  96.2877%
  [   970500,   971000)         9089    0.0303%  96.3180%
  [   971000,   971500)         9385    0.0313%  96.3493%
  [   971500,   972000)         9117    0.0304%  96.3796%
  [   972000,   972500)         9223    0.0307%  96.4104%
  [   972500,   973000)         9078    0.0303%  96.4407%
  [   973000,   973500)         8962    0.0299%  96.4705%
  [   973500,   974000)         8973    0.0299%  96.5004%
  [   974000,   974500)         8930    0.0298%  96.5302%
  [   974500,   975000)         8701    0.0290%  96.5592%
  [   975000,   975500)         8758    0.0292%  96.5884%
  [   975500,   976000)         8478    0.0283%  96.6167%
  [   976000,   976500)         8520    0.0284%  96.6451%
  [   976500,   977000)         8649    0.0288%  96.6739%
  [   977000,   977500)         8503    0.0283%  96.7022%
  [   977500,   978000)         8597    0.0287%  96.7309%
  [   978000,   978500)         8385    0.0280%  96.7588%
  [   978500,   979000)         8101    0.0270%  96.7858%
  [   979000,   979500)         8275    0.0276%  96.8134%
  [   979500,   980000)         8239    0.0275%  96.8409%
  [   980000,   980500)         8070    0.0269%  96.8678%
  [   980500,   981000)         7926    0.0264%  96.8942%
  [   981000,   981500)         8073    0.0269%  96.9211%
  [   981500,   982000)         7764    0.0259%  96.9470%
  [   982000,   982500)         7884    0.0263%  96.9733%
  [   982500,   983000)         7729    0.0258%  96.9990%
  [   983000,   983500)         7805    0.0260%  97.0251%
  [   983500,   984000)         7866    0.0262%  97.0513%
  [   984000,   984500)         7726    0.0258%  97.0770%
  [   984500,   985000)         7653    0.0255%  97.1025%
  [   985000,   985500)         7483    0.0249%  97.1275%
  [   985500,   986000)         7444    0.0248%  97.1523%
  [   986000,   986500)         7326    0.0244%  97.1767%
  [   986500,   987000)         7338    0.0245%  97.2012%
  [   987000,   987500)         7366    0.0246%  97.2257%
  [   987500,   988000)         7454    0.0248%  97.2506%
  [   988000,   988500)         7242    0.0241%  97.2747%
  [   988500,   989000)         7051    0.0235%  97.2982%
  [   989000,   989500)         7113    0.0237%  97.3219%
  [   989500,   990000)         7093    0.0236%  97.3456%
  [   990000,   990500)         6973    0.0232%  97.3688%
  [   990500,   991000)         7167    0.0239%  97.3927%
  [   991000,   991500)         6786    0.0226%  97.4153%
  [   991500,   992000)         6682    0.0223%  97.4376%
  [   992000,   992500)         6746    0.0225%  97.4601%
  [   992500,   993000)         6859    0.0229%  97.4830%
  [   993000,   993500)         6915    0.0231%  97.5060%
  [   993500,   994000)         6581    0.0219%  97.5279%
  [   994000,   994500)         6623    0.0221%  97.5500%
  [   994500,   995000)         6501    0.0217%  97.5717%
  [   995000,   995500)         6494    0.0216%  97.5933%
  [   995500,   996000)         6236    0.0208%  97.6141%
  [   996000,   996500)         6365    0.0212%  97.6353%
  [   996500,   997000)         6296    0.0210%  97.6563%
  [   997000,   997500)         6238    0.0208%  97.6771%
  [   997500,   998000)         6132    0.0204%  97.6976%
  [   998000,   998500)         6186    0.0206%  97.7182%
  [   998500,   999000)         6086    0.0203%  97.7385%
  [   999000,   999500)         6088    0.0203%  97.7588%
  [   999500, +inf)              672373    2.2412% 100.0000%

----- OFFLOADED TASKS [node 1] -----
  ops total                = 29999988
  ops direct (1-sided)     = 29999988 (100.00%)
  ops offload (rpc)        = 0 (0.00%)
  lookup pushdowns         = 0
  scan   pushdowns (RPC)   = 0
    kv pairs returned      = 0
    leaves scanned remotely= 0
    kv / scan pushdown     = 0.00
    leaves / scan pushdown = 0.00
=========================================================================

[CORRECTNESS node 1] scan rows returned = 2999991570
[READPATH node 1] lookups=2703999041  index-cache hit=49.3%  per lookup: leaf=1.000 speculative=0.000 (right 0.0%) hop-reads=1.000 (two-segment 0.437) retries=0.000 invalid=0.000 sibling=0.000  => est. leaf round trips/lookup=1.000
[LEAFCACHE] off

----- PER-LEVEL CACHE HITS [node 1] (lookups; level 0 = leaf) -----
[KIND node 1] lookups=0 inner_visits=0 inner_hits=0 inner_hit_pct=0.00 leaf_visits=0 leaf_hits=0 leaf_hit_pct=0.00
[SCANLEAF node 1] scans=29999988 inner_complete_miss=21121382 inner_partial=7481672 leaf_cache_hits=0 leaf_reads=39748082 cn_leaves_per_scan=1.32 leaf_hit_pct=0.00
[END]
