nodes 2, threads 36, mix R/I/U/S=0/0/0/100, uniform, bulk 50M warmup 10M op 30M, offload 0%, scan_range 100
[4mshared memory size: 64GB, 0x7feeda800000[0m
[4mrdma cache size: 4GB[0m
[4mMachine NR: 2[0m
[4mCompute server 1 start up [10.30.1.6]
[0m
I connect server 0
[CONFIG node 1] bulk load: bottom-up build, 8 keys per leaf, 6 children per inner node (CHIME_BULK_BUILD / CHIME_BUILD_LEAF_KEYS / CHIME_BUILD_INNER_FANOUT)
[CONFIG node 1] clients on this node: yes (CHIME_MN_CLIENTS)
[CONFIG node 1] scan path: from_cache=1 offload_always=0 (CHIME_SCAN_FROM_CACHE / CHIME_SCAN_OFFLOAD_ALWAYS)
[CONFIG node 1] push ops: both (CHIME_PUSH_OPS; applies only with offloading on)
[CACHE node 1] total=32 MB index=16 MB leaf=16 MB
[CONFIG node 1] dir threads = 1 (CHIME_DIR_THREADS, max 16) -- MUST match the other node
[CORES node 1] linear pinning: app threads -> CPUs 0..35, main -> 79, dir threads -> 79 (REV_DIR_CPUS)
[CONFIG] hotspot buffer + speculative read: off (CHIME_HOTSPOT; stock CHIME: on above 50 MB)
 ----- [LeafCache]: budget=16 MB -> 4096 sets x 8 ways = 32768 leaves (352 B/leaf, 11.0 MB) -----
workload generated: keyspace=50001000 bulk=50000000 warmup=9999972 op=29999988
[4mKey space set: keySpaceSize=50000000[0m
I am 36
I am 65
I am 39
I am 37
I am 40
I am 41
I am 43
I am 49
I am 42
I am 51
I am 52
I am 54
I am 55
I am 50
I am 48
I am 53
I am 45
I am 46
I am 47
I am 44
I am 63
I am 56
I am 64
I am 66
I am 69
I am 59
I am 68
I am 61
I am 57
I am 58
I am 67
I am 60
I am 70
I am 71
I am 62
I am 38
[build] leaves: 10% (625001/6250000)
[build] leaves: 20% (1250002/6250000)
[build] leaves: 30% (1875003/6250000)
[build] leaves: 40% (2500004/6250000)
[build] leaves: 50% (3125005/6250000)
[build] leaves: 60% (3750006/6250000)
[build] leaves: 70% (4375007/6250000)
[build] leaves: 80% (5000008/6250000)
[build] leaves: 90% (5625009/6250000)
[build] inner level 1: 1041667 nodes
[build] inner level 2: 173611 nodes
[build] inner level 3: 28935 nodes
[build] inner level 4: 4823 nodes
[build] inner level 5: 804 nodes
[build] inner level 6: 134 nodes
[build] inner level 7: 23 nodes
[build] inner level 8: 4 nodes
[build] inner level 9: 1 nodes
[build] done in 18.9s: height=10 leaves=6250000 inner_nodes=1250002 (8 keys per leaf, 6 children per inner node)
[TREE] height=10 leaves=6250000 inner_nodes=1250002 keys_per_leaf=8.00 inner_MB=399.4 leaf_MB=2104.0 total_MB=2503.4 (internal span 16, leaf span 16, node bytes inner=335 leaf=353)
node 1 warmup done in 225s
[INDEX] --- post-bulk-load cache occupancy (cache = 16 MB) ---
 ----- [TreeCache]:  cache size=16 MB free_size=0.000 MB skiplist_node_cnt=1250002 ----- 
consumed cache size = 16.000 MB
 ----- [IdxCache]:  cache size=0 MB free_size=0.000 MB ---- 
consumed hotspot buffer size = 0.000000 MB

 ----- [LeafCache]: capacity=32768 leaves resident=32768 (100.0% full, 11.0 MB) -----
[LEAFCACHE] hit=827914051 miss=133304738 stale=0 fill=133304738 hit_pct=86.132 admit_pct=100.000 resident=32768 capacity=32768 budget_mb=16
1, throughput 0.0484 Mops
1, throughput 0.0487 Mops
1, throughput 0.0486 Mops
1, throughput 0.0486 Mops
1, throughput 0.0488 Mops
1, throughput 0.0488 Mops
1, throughput 0.0486 Mops
1, throughput 0.0488 Mops
1, throughput 0.0488 Mops
1, throughput 0.0488 Mops
1, throughput 0.0479 Mops
1, throughput 0.0487 Mops
1, throughput 0.0488 Mops
1, throughput 0.0487 Mops
1, throughput 0.0487 Mops
1, throughput 0.0488 Mops
1, throughput 0.0487 Mops
1, throughput 0.0488 Mops
1, throughput 0.0488 Mops
1, throughput 0.0489 Mops
1, throughput 0.0488 Mops
1, throughput 0.0486 Mops
1, throughput 0.0487 Mops
1, throughput 0.0486 Mops
1, throughput 0.0488 Mops
1, throughput 0.0487 Mops
1, throughput 0.0488 Mops
1, throughput 0.0487 Mops
1, throughput 0.0487 Mops
1, throughput 0.0488 Mops
1, throughput 0.0483 Mops
1, throughput 0.0484 Mops
1, throughput 0.0487 Mops
1, throughput 0.0487 Mops
1, throughput 0.0488 Mops
1, throughput 0.0488 Mops
1, throughput 0.0487 Mops
1, throughput 0.0487 Mops
1, throughput 0.0487 Mops
1, throughput 0.0488 Mops
1, throughput 0.0488 Mops
1, throughput 0.0487 Mops
1, throughput 0.0488 Mops
1, throughput 0.0488 Mops
1, throughput 0.0487 Mops
1, throughput 0.0486 Mops
1, throughput 0.0487 Mops
1, throughput 0.0486 Mops
1, throughput 0.0489 Mops
1, throughput 0.0488 Mops
1, throughput 0.0486 Mops
1, throughput 0.0481 Mops
1, throughput 0.0488 Mops
1, throughput 0.0486 Mops
1, throughput 0.0488 Mops
1, throughput 0.0487 Mops
1, throughput 0.0487 Mops
1, throughput 0.0488 Mops
1, throughput 0.0487 Mops
1, throughput 0.0487 Mops
1, throughput 0.0488 Mops
1, throughput 0.0490 Mops
1, throughput 0.0488 Mops
1, throughput 0.0488 Mops
1, throughput 0.0487 Mops
1, throughput 0.0488 Mops
1, throughput 0.0488 Mops
1, throughput 0.0487 Mops
1, throughput 0.0485 Mops
1, throughput 0.0487 Mops
1, throughput 0.0488 Mops
1, throughput 0.0485 Mops
1, throughput 0.0482 Mops
1, throughput 0.0488 Mops
1, throughput 0.0488 Mops
1, throughput 0.0487 Mops
1, throughput 0.0488 Mops
1, throughput 0.0488 Mops
1, throughput 0.0488 Mops
1, throughput 0.0487 Mops
1, throughput 0.0487 Mops
1, throughput 0.0488 Mops
1, throughput 0.0487 Mops
1, throughput 0.0487 Mops
1, throughput 0.0487 Mops
1, throughput 0.0488 Mops
1, throughput 0.0486 Mops
1, throughput 0.0488 Mops
1, throughput 0.0487 Mops
1, throughput 0.0488 Mops
1, throughput 0.0488 Mops
1, throughput 0.0487 Mops
1, throughput 0.0479 Mops
1, throughput 0.0487 Mops
1, throughput 0.0488 Mops
1, throughput 0.0486 Mops
1, throughput 0.0489 Mops
1, throughput 0.0486 Mops
1, throughput 0.0487 Mops
1, throughput 0.0488 Mops
1, throughput 0.0488 Mops
1, throughput 0.0486 Mops
1, throughput 0.0486 Mops
1, throughput 0.0488 Mops
1, throughput 0.0489 Mops
1, throughput 0.0486 Mops
1, throughput 0.0487 Mops
1, throughput 0.0487 Mops
1, throughput 0.0487 Mops
1, throughput 0.0487 Mops
1, throughput 0.0488 Mops
1, throughput 0.0488 Mops
1, throughput 0.0486 Mops
1, throughput 0.0479 Mops
1, throughput 0.0488 Mops
1, throughput 0.0489 Mops
1, throughput 0.0487 Mops
1, throughput 0.0488 Mops
1, throughput 0.0489 Mops
1, throughput 0.0487 Mops
1, throughput 0.0488 Mops
1, throughput 0.0488 Mops
1, throughput 0.0488 Mops
1, throughput 0.0487 Mops
1, throughput 0.0488 Mops
1, throughput 0.0487 Mops
1, throughput 0.0488 Mops
1, throughput 0.0488 Mops
1, throughput 0.0487 Mops
1, throughput 0.0488 Mops
1, throughput 0.0487 Mops
1, throughput 0.0487 Mops
1, throughput 0.0489 Mops
1, throughput 0.0482 Mops
1, throughput 0.0484 Mops
1, throughput 0.0487 Mops
1, throughput 0.0487 Mops
1, throughput 0.0487 Mops
1, throughput 0.0487 Mops
1, throughput 0.0488 Mops
1, throughput 0.0488 Mops
1, throughput 0.0488 Mops
1, throughput 0.0486 Mops
1, throughput 0.0487 Mops
1, throughput 0.0486 Mops
1, throughput 0.0488 Mops
1, throughput 0.0487 Mops
1, throughput 0.0487 Mops
1, throughput 0.0487 Mops
1, throughput 0.0488 Mops
1, throughput 0.0488 Mops
1, throughput 0.0487 Mops
1, throughput 0.0488 Mops
1, throughput 0.0486 Mops
1, throughput 0.0480 Mops
1, throughput 0.0486 Mops
1, throughput 0.0485 Mops
1, throughput 0.0486 Mops
1, throughput 0.0487 Mops
1, throughput 0.0487 Mops
1, throughput 0.0486 Mops
1, throughput 0.0487 Mops
1, throughput 0.0488 Mops
1, throughput 0.0487 Mops
1, throughput 0.0486 Mops
1, throughput 0.0487 Mops
1, throughput 0.0488 Mops
1, throughput 0.0488 Mops
1, throughput 0.0489 Mops
1, throughput 0.0487 Mops
1, throughput 0.0485 Mops
1, throughput 0.0489 Mops
1, throughput 0.0488 Mops
1, throughput 0.0487 Mops
1, throughput 0.0485 Mops
1, throughput 0.0482 Mops
1, throughput 0.0487 Mops
1, throughput 0.0486 Mops
1, throughput 0.0487 Mops
1, throughput 0.0486 Mops
1, throughput 0.0488 Mops
1, throughput 0.0487 Mops
1, throughput 0.0488 Mops
1, throughput 0.0487 Mops
1, throughput 0.0486 Mops
1, throughput 0.0487 Mops
1, throughput 0.0487 Mops
1, throughput 0.0487 Mops
1, throughput 0.0486 Mops
1, throughput 0.0487 Mops
1, throughput 0.0487 Mops
1, throughput 0.0487 Mops
1, throughput 0.0487 Mops
1, throughput 0.0487 Mops
1, throughput 0.0488 Mops
1, throughput 0.0480 Mops
1, throughput 0.0487 Mops
1, throughput 0.0488 Mops
1, throughput 0.0488 Mops
1, throughput 0.0488 Mops
1, throughput 0.0487 Mops
1, throughput 0.0488 Mops
1, throughput 0.0488 Mops
1, throughput 0.0488 Mops
1, throughput 0.0487 Mops
1, throughput 0.0487 Mops
1, throughput 0.0488 Mops
1, throughput 0.0488 Mops
1, throughput 0.0488 Mops
1, throughput 0.0487 Mops
1, throughput 0.0488 Mops
1, throughput 0.0488 Mops
1, throughput 0.0487 Mops
1, throughput 0.0487 Mops
1, throughput 0.0488 Mops
1, throughput 0.0485 Mops
1, throughput 0.0481 Mops
1, throughput 0.0486 Mops
1, throughput 0.0487 Mops
1, throughput 0.0487 Mops
1, throughput 0.0486 Mops
1, throughput 0.0487 Mops
1, throughput 0.0489 Mops
1, throughput 0.0488 Mops
1, throughput 0.0488 Mops
1, throughput 0.0486 Mops
1, throughput 0.0489 Mops
1, throughput 0.0487 Mops
1, throughput 0.0488 Mops
1, throughput 0.0488 Mops
1, throughput 0.0488 Mops
1, throughput 0.0488 Mops
1, throughput 0.0487 Mops
1, throughput 0.0489 Mops
1, throughput 0.0486 Mops
1, throughput 0.0489 Mops
1, throughput 0.0480 Mops
1, throughput 0.0487 Mops
1, throughput 0.0488 Mops
1, throughput 0.0489 Mops
1, throughput 0.0489 Mops
1, throughput 0.0487 Mops
1, throughput 0.0488 Mops
1, throughput 0.0488 Mops
1, throughput 0.0488 Mops
1, throughput 0.0488 Mops
1, throughput 0.0486 Mops
1, throughput 0.0488 Mops
1, throughput 0.0488 Mops
1, throughput 0.0488 Mops
1, throughput 0.0488 Mops
1, throughput 0.0486 Mops
1, throughput 0.0489 Mops
1, throughput 0.0488 Mops
1, throughput 0.0487 Mops
1, throughput 0.0489 Mops
1, throughput 0.0488 Mops
1, throughput 0.0480 Mops
1, throughput 0.0488 Mops
1, throughput 0.0487 Mops
1, throughput 0.0488 Mops
1, throughput 0.0487 Mops
1, throughput 0.0488 Mops
1, throughput 0.0487 Mops
1, throughput 0.0488 Mops
1, throughput 0.0487 Mops
1, throughput 0.0488 Mops
1, throughput 0.0487 Mops
1, throughput 0.0488 Mops
1, throughput 0.0488 Mops
1, throughput 0.0488 Mops
1, throughput 0.0487 Mops
1, throughput 0.0488 Mops
1, throughput 0.0487 Mops
1, throughput 0.0487 Mops
1, throughput 0.0488 Mops
1, throughput 0.0487 Mops
1, throughput 0.0482 Mops
1, throughput 0.0485 Mops
1, throughput 0.0487 Mops
1, throughput 0.0487 Mops
1, throughput 0.0487 Mops
1, throughput 0.0488 Mops
1, throughput 0.0487 Mops
1, throughput 0.0488 Mops
1, throughput 0.0488 Mops
1, throughput 0.0489 Mops
1, throughput 0.0488 Mops
1, throughput 0.0488 Mops
1, throughput 0.0489 Mops
1, throughput 0.0487 Mops
1, throughput 0.0488 Mops
1, throughput 0.0487 Mops
1, throughput 0.0487 Mops
1, throughput 0.0487 Mops
1, throughput 0.0487 Mops
1, throughput 0.0487 Mops
1, throughput 0.0487 Mops
1, throughput 0.0481 Mops
1, throughput 0.0487 Mops
1, throughput 0.0486 Mops
1, throughput 0.0488 Mops
1, throughput 0.0488 Mops
1, throughput 0.0487 Mops
1, throughput 0.0489 Mops
1, throughput 0.0486 Mops
1, throughput 0.0486 Mops
1, throughput 0.0489 Mops
1, throughput 0.0487 Mops
1, throughput 0.0486 Mops
1, throughput 0.0487 Mops
1, throughput 0.0488 Mops
1, throughput 0.0489 Mops
1, throughput 0.0487 Mops
1, throughput 0.0487 Mops
1, throughput 0.0486 Mops
1, throughput 0.0487 Mops
1, throughput 0.0486 Mops
1, throughput 0.0486 Mops
1, throughput 0.0485 Mops
1, throughput 0.0487 Mops
1, throughput 0.0487 Mops
1, throughput 0.0488 Mops
1, throughput 0.0488 Mops
1, throughput 0.0487 Mops
1, throughput 0.0487 Mops
1, throughput 0.0488 Mops
1, throughput 0.0488 Mops
1, throughput 0.0486 Mops
1, throughput 0.0487 Mops
1, throughput 0.0488 Mops
1, throughput 0.0488 Mops
1, throughput 0.0487 Mops
1, throughput 0.0488 Mops
1, throughput 0.0489 Mops
1, throughput 0.0488 Mops
1, throughput 0.0489 Mops
1, throughput 0.0488 Mops
1, throughput 0.0488 Mops
1, throughput 0.0479 Mops
1, throughput 0.0488 Mops
1, throughput 0.0488 Mops
1, throughput 0.0487 Mops
1, throughput 0.0487 Mops
1, throughput 0.0488 Mops
1, throughput 0.0486 Mops
1, throughput 0.0488 Mops
1, throughput 0.0487 Mops
1, throughput 0.0489 Mops
1, throughput 0.0487 Mops
1, throughput 0.0487 Mops
1, throughput 0.0487 Mops
1, throughput 0.0487 Mops
1, throughput 0.0487 Mops
1, throughput 0.0487 Mops
1, throughput 0.0487 Mops
1, throughput 0.0489 Mops
1, throughput 0.0487 Mops
1, throughput 0.0487 Mops
1, throughput 0.0485 Mops
1, throughput 0.0481 Mops
1, throughput 0.0487 Mops
1, throughput 0.0487 Mops
1, throughput 0.0487 Mops
1, throughput 0.0487 Mops
1, throughput 0.0486 Mops
1, throughput 0.0487 Mops
1, throughput 0.0487 Mops
1, throughput 0.0487 Mops
1, throughput 0.0487 Mops
1, throughput 0.0487 Mops
1, throughput 0.0487 Mops
1, throughput 0.0487 Mops
1, throughput 0.0487 Mops
1, throughput 0.0488 Mops
1, throughput 0.0487 Mops
1, throughput 0.0487 Mops
1, throughput 0.0488 Mops
1, throughput 0.0489 Mops
1, throughput 0.0488 Mops
1, throughput 0.0481 Mops
1, throughput 0.0487 Mops
1, throughput 0.0489 Mops
1, throughput 0.0488 Mops
1, throughput 0.0487 Mops
1, throughput 0.0488 Mops
1, throughput 0.0486 Mops
1, throughput 0.0487 Mops
1, throughput 0.0486 Mops
1, throughput 0.0487 Mops
1, throughput 0.0486 Mops
1, throughput 0.0487 Mops
1, throughput 0.0488 Mops
1, throughput 0.0488 Mops
1, throughput 0.0488 Mops
1, throughput 0.0488 Mops
1, throughput 0.0487 Mops
1, throughput 0.0488 Mops
1, throughput 0.0487 Mops
1, throughput 0.0487 Mops
1, throughput 0.0487 Mops
1, throughput 0.0477 Mops
1, throughput 0.0485 Mops
1, throughput 0.0487 Mops
1, throughput 0.0487 Mops
1, throughput 0.0486 Mops
1, throughput 0.0487 Mops
1, throughput 0.0487 Mops
1, throughput 0.0487 Mops
1, throughput 0.0488 Mops
1, throughput 0.0488 Mops
1, throughput 0.0487 Mops
1, throughput 0.0489 Mops
1, throughput 0.0489 Mops
1, throughput 0.0488 Mops
1, throughput 0.0487 Mops
1, throughput 0.0488 Mops
1, throughput 0.0489 Mops
1, throughput 0.0487 Mops
1, throughput 0.0488 Mops
1, throughput 0.0488 Mops
1, throughput 0.0483 Mops
1, throughput 0.0483 Mops
1, throughput 0.0488 Mops
1, throughput 0.0488 Mops
1, throughput 0.0486 Mops
1, throughput 0.0488 Mops
1, throughput 0.0488 Mops
1, throughput 0.0488 Mops
1, throughput 0.0487 Mops
1, throughput 0.0488 Mops
1, throughput 0.0489 Mops
1, throughput 0.0487 Mops
1, throughput 0.0488 Mops
1, throughput 0.0486 Mops
1, throughput 0.0488 Mops
1, throughput 0.0487 Mops
1, throughput 0.0488 Mops
1, throughput 0.0488 Mops
1, throughput 0.0487 Mops
1, throughput 0.0487 Mops
1, throughput 0.0488 Mops
1, throughput 0.0479 Mops
1, throughput 0.0485 Mops
1, throughput 0.0487 Mops
1, throughput 0.0487 Mops
1, throughput 0.0486 Mops
1, throughput 0.0488 Mops
1, throughput 0.0487 Mops
1, throughput 0.0486 Mops
1, throughput 0.0488 Mops
1, throughput 0.0487 Mops
1, throughput 0.0487 Mops
1, throughput 0.0488 Mops
1, throughput 0.0488 Mops
1, throughput 0.0489 Mops
1, throughput 0.0489 Mops
1, throughput 0.0488 Mops
1, throughput 0.0488 Mops
1, throughput 0.0487 Mops
1, throughput 0.0487 Mops
1, throughput 0.0488 Mops
1, throughput 0.0484 Mops
1, throughput 0.0481 Mops
1, throughput 0.0487 Mops
1, throughput 0.0488 Mops
1, throughput 0.0489 Mops
1, throughput 0.0488 Mops
1, throughput 0.0488 Mops
1, throughput 0.0489 Mops
1, throughput 0.0487 Mops
1, throughput 0.0487 Mops
1, throughput 0.0487 Mops
1, throughput 0.0489 Mops
1, throughput 0.0489 Mops
1, throughput 0.0488 Mops
1, throughput 0.0488 Mops
1, throughput 0.0488 Mops
1, throughput 0.0488 Mops
1, throughput 0.0490 Mops
1, throughput 0.0489 Mops
1, throughput 0.0488 Mops
1, throughput 0.0488 Mops
1, throughput 0.0478 Mops
1, throughput 0.0487 Mops
1, throughput 0.0488 Mops
1, throughput 0.0486 Mops
1, throughput 0.0488 Mops
1, throughput 0.0486 Mops
1, throughput 0.0486 Mops
1, throughput 0.0487 Mops
1, throughput 0.0487 Mops
1, throughput 0.0486 Mops
1, throughput 0.0487 Mops
1, throughput 0.0486 Mops
1, throughput 0.0487 Mops
1, throughput 0.0488 Mops
1, throughput 0.0487 Mops
1, throughput 0.0488 Mops
1, throughput 0.0488 Mops
1, throughput 0.0488 Mops
1, throughput 0.0486 Mops
1, throughput 0.0487 Mops
1, throughput 0.0488 Mops
1, throughput 0.0478 Mops
1, throughput 0.0487 Mops
1, throughput 0.0487 Mops
1, throughput 0.0487 Mops
1, throughput 0.0486 Mops
1, throughput 0.0487 Mops
1, throughput 0.0488 Mops
1, throughput 0.0486 Mops
1, throughput 0.0488 Mops
1, throughput 0.0488 Mops
1, throughput 0.0487 Mops
1, throughput 0.0486 Mops
1, throughput 0.0489 Mops
1, throughput 0.0489 Mops
1, throughput 0.0488 Mops
1, throughput 0.0488 Mops
1, throughput 0.0488 Mops
1, throughput 0.0487 Mops
1, throughput 0.0486 Mops
1, throughput 0.0486 Mops
1, throughput 0.0480 Mops
1, throughput 0.0487 Mops
1, throughput 0.0488 Mops
1, throughput 0.0488 Mops
1, throughput 0.0488 Mops
1, throughput 0.0487 Mops
1, throughput 0.0487 Mops
1, throughput 0.0487 Mops
1, throughput 0.0487 Mops
1, throughput 0.0486 Mops
1, throughput 0.0486 Mops
1, throughput 0.0487 Mops
1, throughput 0.0487 Mops
1, throughput 0.0486 Mops
1, throughput 0.0486 Mops
1, throughput 0.0487 Mops
1, throughput 0.0487 Mops
1, throughput 0.0488 Mops
1, throughput 0.0486 Mops
1, throughput 0.0487 Mops
1, throughput 0.0487 Mops
1, throughput 0.0479 Mops
1, throughput 0.0487 Mops
1, throughput 0.0488 Mops
1, throughput 0.0488 Mops
1, throughput 0.0488 Mops
1, throughput 0.0488 Mops
1, throughput 0.0487 Mops
1, throughput 0.0488 Mops
1, throughput 0.0488 Mops
1, throughput 0.0487 Mops
1, throughput 0.0487 Mops
1, throughput 0.0486 Mops
1, throughput 0.0488 Mops
1, throughput 0.0488 Mops
1, throughput 0.0488 Mops
1, throughput 0.0488 Mops
1, throughput 0.0488 Mops
1, throughput 0.0489 Mops
1, throughput 0.0488 Mops
1, throughput 0.0487 Mops
1, throughput 0.0483 Mops
1, throughput 0.0483 Mops
1, throughput 0.0488 Mops
1, throughput 0.0487 Mops
1, throughput 0.0489 Mops
1, throughput 0.0488 Mops
1, throughput 0.0487 Mops
1, throughput 0.0488 Mops
1, throughput 0.0488 Mops
1, throughput 0.0488 Mops
1, throughput 0.0490 Mops
1, throughput 0.0487 Mops
1, throughput 0.0487 Mops
1, throughput 0.0488 Mops
1, throughput 0.0488 Mops
1, throughput 0.0488 Mops
1, throughput 0.0487 Mops
1, throughput 0.0486 Mops
1, throughput 0.0488 Mops
1, throughput 0.0488 Mops
1, throughput 0.0488 Mops
1, throughput 0.0480 Mops
1, throughput 0.0487 Mops
1, throughput 0.0486 Mops
1, throughput 0.0488 Mops
1, throughput 0.0487 Mops
1, throughput 0.0488 Mops
1, throughput 0.0487 Mops
1, throughput 0.0487 Mops
1, throughput 0.0489 Mops
1, throughput 0.0489 Mops
1, throughput 0.0489 Mops
1, throughput 0.0489 Mops
1, throughput 0.0488 Mops
1, throughput 0.0488 Mops
1, throughput 0.0487 Mops
1, throughput 0.0487 Mops
1, throughput 0.0487 Mops
1, throughput 0.0488 Mops
1, throughput 0.0487 Mops
1, throughput 0.0487 Mops
1, throughput 0.0487 Mops
1, throughput 0.0479 Mops
1, throughput 0.0485 Mops
1, throughput 0.0489 Mops
1, throughput 0.0487 Mops
1, throughput 0.0488 Mops
1, throughput 0.0487 Mops
1, throughput 0.0488 Mops
1, throughput 0.0487 Mops
1, throughput 0.0489 Mops
1, throughput 0.0487 Mops
1, throughput 0.0488 Mops
1, throughput 0.0487 Mops
1, throughput 0.0487 Mops
1, throughput 0.0487 Mops
1, throughput 0.0487 Mops
1, throughput 0.0487 Mops
1, throughput 0.0489 Mops
1, throughput 0.0487 Mops
1, throughput 0.0487 Mops
1, throughput 0.0489 Mops
1, throughput 0.0481 Mops
1, throughput 0.0485 Mops
1, throughput 0.0486 Mops
1, throughput 0.0487 Mops
1, throughput 0.0487 Mops
1, throughput 0.0487 Mops
1, throughput 0.0487 Mops
1, throughput 0.0486 Mops
1, throughput 0.0487 Mops
1, throughput 0.0488 Mops
1, throughput 0.0487 Mops
1, throughput 0.0488 Mops
1, throughput 0.0487 Mops
1, throughput 0.0488 Mops
1, throughput 0.0487 Mops
1, throughput 0.0486 Mops
1, throughput 0.0488 Mops
1, throughput 0.0488 Mops
1, throughput 0.0487 Mops
1, throughput 0.0487 Mops
1, throughput 0.0487 Mops
1, throughput 0.0478 Mops
1, throughput 0.0488 Mops
1, throughput 0.0487 Mops
1, throughput 0.0488 Mops
1, throughput 0.0486 Mops
1, throughput 0.0487 Mops
1, throughput 0.0485 Mops
1, throughput 0.0488 Mops
1, throughput 0.0487 Mops
1, throughput 0.0487 Mops
1, throughput 0.0487 Mops
1, throughput 0.0488 Mops
1, throughput 0.0487 Mops
1, throughput 0.0486 Mops
1, throughput 0.0487 Mops
1, throughput 0.0487 Mops
1, throughput 0.0487 Mops
1, throughput 0.0488 Mops
1, throughput 0.0486 Mops
1, throughput 0.0485 Mops
1, throughput 0.0483 Mops
1, throughput 0.0482 Mops
1, throughput 0.0488 Mops
1, throughput 0.0486 Mops
1, throughput 0.0487 Mops
1, throughput 0.0487 Mops
1, throughput 0.0486 Mops
1, throughput 0.0486 Mops
1, throughput 0.0487 Mops
1, throughput 0.0486 Mops
1, throughput 0.0487 Mops
1, throughput 0.0486 Mops
1, throughput 0.0486 Mops
1, throughput 0.0485 Mops
1, throughput 0.0485 Mops
1, throughput 0.0484 Mops
1, throughput 0.0487 Mops
1, throughput 0.0486 Mops
1, throughput 0.0485 Mops
1, throughput 0.0487 Mops
1, throughput 0.0485 Mops
1, throughput 0.0478 Mops
1, throughput 0.0486 Mops
1, throughput 0.0485 Mops
1, throughput 0.0485 Mops
1, throughput 0.0485 Mops
1, throughput 0.0486 Mops
1, throughput 0.0487 Mops
1, throughput 0.0486 Mops
1, throughput 0.0485 Mops
1, throughput 0.0485 Mops
1, throughput 0.0486 Mops
1, throughput 0.0487 Mops
1, throughput 0.0488 Mops
1, throughput 0.0486 Mops
1, throughput 0.0487 Mops
1, throughput 0.0486 Mops
1, throughput 0.0485 Mops
1, throughput 0.0486 Mops
1, throughput 0.0485 Mops
1, throughput 0.0485 Mops
1, throughput 0.0485 Mops
1, throughput 0.0480 Mops
1, throughput 0.0488 Mops
1, throughput 0.0487 Mops
1, throughput 0.0488 Mops
1, throughput 0.0488 Mops
1, throughput 0.0487 Mops
1, throughput 0.0488 Mops
1, throughput 0.0487 Mops
1, throughput 0.0486 Mops
1, throughput 0.0487 Mops
1, throughput 0.0487 Mops
1, throughput 0.0487 Mops
1, throughput 0.0487 Mops
1, throughput 0.0488 Mops
1, throughput 0.0487 Mops
1, throughput 0.0487 Mops
1, throughput 0.0488 Mops
1, throughput 0.0487 Mops
1, throughput 0.0488 Mops
1, throughput 0.0487 Mops
1, throughput 0.0479 Mops
1, throughput 0.0486 Mops
1, throughput 0.0488 Mops
1, throughput 0.0488 Mops
1, throughput 0.0486 Mops
1, throughput 0.0488 Mops
1, throughput 0.0488 Mops
1, throughput 0.0487 Mops
1, throughput 0.0488 Mops
1, throughput 0.0487 Mops
1, throughput 0.0486 Mops
1, throughput 0.0488 Mops
1, throughput 0.0487 Mops
1, throughput 0.0486 Mops
1, throughput 0.0488 Mops
1, throughput 0.0488 Mops
1, throughput 0.0489 Mops
1, throughput 0.0488 Mops
1, throughput 0.0489 Mops
1, throughput 0.0487 Mops
1, throughput 0.0489 Mops
1, throughput 0.0480 Mops
1, throughput 0.0488 Mops
1, throughput 0.0488 Mops
1, throughput 0.0488 Mops
1, throughput 0.0489 Mops
1, throughput 0.0488 Mops
1, throughput 0.0488 Mops
1, throughput 0.0489 Mops
1, throughput 0.0487 Mops
1, throughput 0.0488 Mops
1, throughput 0.0488 Mops
1, throughput 0.0488 Mops
1, throughput 0.0489 Mops
1, throughput 0.0488 Mops
1, throughput 0.0488 Mops
1, throughput 0.0487 Mops
1, throughput 0.0487 Mops
1, throughput 0.0488 Mops
1, throughput 0.0488 Mops
1, throughput 0.0487 Mops
1, throughput 0.0481 Mops
1, throughput 0.0483 Mops
1, throughput 0.0487 Mops
1, throughput 0.0488 Mops
1, throughput 0.0488 Mops
1, throughput 0.0488 Mops
1, throughput 0.0487 Mops
1, throughput 0.0488 Mops
1, throughput 0.0488 Mops
1, throughput 0.0488 Mops
1, throughput 0.0488 Mops
1, throughput 0.0488 Mops
1, throughput 0.0489 Mops
1, throughput 0.0489 Mops
1, throughput 0.0488 Mops
1, throughput 0.0486 Mops
1, throughput 0.0488 Mops
1, throughput 0.0487 Mops
1, throughput 0.0487 Mops
1, throughput 0.0488 Mops
1, throughput 0.0488 Mops
1, throughput 0.0479 Mops
1, throughput 0.0488 Mops
1, throughput 0.0488 Mops
1, throughput 0.0488 Mops
1, throughput 0.0488 Mops
1, throughput 0.0489 Mops
1, throughput 0.0487 Mops
1, throughput 0.0488 Mops
1, throughput 0.0487 Mops
1, throughput 0.0488 Mops
1, throughput 0.0487 Mops
1, throughput 0.0488 Mops
1, throughput 0.0487 Mops
1, throughput 0.0487 Mops
1, throughput 0.0487 Mops
1, throughput 0.0487 Mops
1, throughput 0.0489 Mops
1, throughput 0.0488 Mops
1, throughput 0.0487 Mops
1, throughput 0.0489 Mops
1, throughput 0.0485 Mops
1, throughput 0.0481 Mops
1, throughput 0.0488 Mops
1, throughput 0.0487 Mops
1, throughput 0.0487 Mops
1, throughput 0.0488 Mops
1, throughput 0.0489 Mops
1, throughput 0.0486 Mops
1, throughput 0.0487 Mops
1, throughput 0.0487 Mops
1, throughput 0.0487 Mops
1, throughput 0.0487 Mops
1, throughput 0.0488 Mops
1, throughput 0.0488 Mops
1, throughput 0.0486 Mops
1, throughput 0.0487 Mops
1, throughput 0.0487 Mops
1, throughput 0.0486 Mops
1, throughput 0.0488 Mops
1, throughput 0.0488 Mops
1, throughput 0.0487 Mops
1, throughput 0.0480 Mops
1, throughput 0.0487 Mops
1, throughput 0.0488 Mops
1, throughput 0.0488 Mops
1, throughput 0.0488 Mops
1, throughput 0.0487 Mops
1, throughput 0.0489 Mops
1, throughput 0.0488 Mops
1, throughput 0.0488 Mops
1, throughput 0.0488 Mops
1, throughput 0.0486 Mops
1, throughput 0.0487 Mops
1, throughput 0.0487 Mops
1, throughput 0.0486 Mops
1, throughput 0.0488 Mops
1, throughput 0.0487 Mops
1, throughput 0.0488 Mops
1, throughput 0.0488 Mops
1, throughput 0.0487 Mops
1, throughput 0.0486 Mops
1, throughput 0.0488 Mops
1, throughput 0.0479 Mops
1, throughput 0.0488 Mops
1, throughput 0.0488 Mops
1, throughput 0.0487 Mops
1, throughput 0.0488 Mops
1, throughput 0.0487 Mops
1, throughput 0.0489 Mops
1, throughput 0.0488 Mops
1, throughput 0.0487 Mops
1, throughput 0.0486 Mops
1, throughput 0.0488 Mops
1, throughput 0.0487 Mops
1, throughput 0.0487 Mops
1, throughput 0.0487 Mops
1, throughput 0.0487 Mops
1, throughput 0.0487 Mops
1, throughput 0.0487 Mops
1, throughput 0.0486 Mops
1, throughput 0.0487 Mops
1, throughput 0.0488 Mops
1, throughput 0.0481 Mops
1, throughput 0.0483 Mops
1, throughput 0.0486 Mops
1, throughput 0.0487 Mops
1, throughput 0.0486 Mops
1, throughput 0.0486 Mops
1, throughput 0.0486 Mops
1, throughput 0.0486 Mops
1, throughput 0.0486 Mops
1, throughput 0.0487 Mops
1, throughput 0.0487 Mops
1, throughput 0.0487 Mops
1, throughput 0.0486 Mops
1, throughput 0.0486 Mops
1, throughput 0.0485 Mops
1, throughput 0.0487 Mops
1, throughput 0.0487 Mops
1, throughput 0.0487 Mops
1, throughput 0.0486 Mops
1, throughput 0.0486 Mops
1, throughput 0.0487 Mops
1, throughput 0.0479 Mops
1, throughput 0.0485 Mops
1, throughput 0.0486 Mops
1, throughput 0.0486 Mops
1, throughput 0.0486 Mops
1, throughput 0.0485 Mops
1, throughput 0.0486 Mops
1, throughput 0.0486 Mops
1, throughput 0.0487 Mops
1, throughput 0.0486 Mops
1, throughput 0.0486 Mops
1, throughput 0.0486 Mops
1, throughput 0.0487 Mops
1, throughput 0.0486 Mops
1, throughput 0.0485 Mops
1, throughput 0.0486 Mops
1, throughput 0.0486 Mops
1, throughput 0.0486 Mops
1, throughput 0.0486 Mops
1, throughput 0.0485 Mops
1, throughput 0.0483 Mops
1, throughput 0.0482 Mops
1, throughput 0.0486 Mops
1, throughput 0.0487 Mops
1, throughput 0.0487 Mops
1, throughput 0.0486 Mops
1, throughput 0.0486 Mops
1, throughput 0.0487 Mops
1, throughput 0.0485 Mops
1, throughput 0.0485 Mops
1, throughput 0.0487 Mops
1, throughput 0.0487 Mops
1, throughput 0.0487 Mops
1, throughput 0.0486 Mops
1, throughput 0.0486 Mops
1, throughput 0.0487 Mops
1, throughput 0.0487 Mops
1, throughput 0.0487 Mops
1, throughput 0.0487 Mops
1, throughput 0.0487 Mops
1, throughput 0.0487 Mops
1, throughput 0.0477 Mops
1, throughput 0.0487 Mops
1, throughput 0.0487 Mops
1, throughput 0.0487 Mops
1, throughput 0.0487 Mops
1, throughput 0.0488 Mops
1, throughput 0.0487 Mops
1, throughput 0.0487 Mops
1, throughput 0.0489 Mops
1, throughput 0.0489 Mops
1, throughput 0.0487 Mops
1, throughput 0.0488 Mops
1, throughput 0.0488 Mops
1, throughput 0.0487 Mops
1, throughput 0.0488 Mops
1, throughput 0.0486 Mops
1, throughput 0.0489 Mops
1, throughput 0.0488 Mops
1, throughput 0.0488 Mops
1, throughput 0.0487 Mops
1, throughput 0.0487 Mops
1, throughput 0.0481 Mops
1, throughput 0.0487 Mops
1, throughput 0.0487 Mops
1, throughput 0.0488 Mops
1, throughput 0.0487 Mops
1, throughput 0.0487 Mops
1, throughput 0.0487 Mops
1, throughput 0.0487 Mops
1, throughput 0.0487 Mops
1, throughput 0.0487 Mops
1, throughput 0.0487 Mops
1, throughput 0.0488 Mops
1, throughput 0.0487 Mops
1, throughput 0.0486 Mops
1, throughput 0.0487 Mops
1, throughput 0.0487 Mops
1, throughput 0.0487 Mops
1, throughput 0.0486 Mops
1, throughput 0.0486 Mops
1, throughput 0.0487 Mops
1, throughput 0.0479 Mops
1, throughput 0.0487 Mops
1, throughput 0.0487 Mops
1, throughput 0.0486 Mops
1, throughput 0.0487 Mops
1, throughput 0.0487 Mops
1, throughput 0.0488 Mops
1, throughput 0.0488 Mops
1, throughput 0.0488 Mops
1, throughput 0.0488 Mops
1, throughput 0.0486 Mops
1, throughput 0.0487 Mops
1, throughput 0.0488 Mops
1, throughput 0.0487 Mops
1, throughput 0.0488 Mops
1, throughput 0.0486 Mops
1, throughput 0.0488 Mops
1, throughput 0.0486 Mops
1, throughput 0.0486 Mops
1, throughput 0.0487 Mops
1, throughput 0.0488 Mops
1, throughput 0.0479 Mops
1, throughput 0.0487 Mops
1, throughput 0.0486 Mops
1, throughput 0.0487 Mops
1, throughput 0.0487 Mops
1, throughput 0.0489 Mops
1, throughput 0.0487 Mops
1, throughput 0.0486 Mops
1, throughput 0.0487 Mops
1, throughput 0.0488 Mops
1, throughput 0.0486 Mops
1, throughput 0.0488 Mops
1, throughput 0.0488 Mops
1, throughput 0.0486 Mops
1, throughput 0.0487 Mops
1, throughput 0.0487 Mops
1, throughput 0.0486 Mops
1, throughput 0.0487 Mops
1, throughput 0.0488 Mops
1, throughput 0.0486 Mops
1, throughput 0.0482 Mops
1, throughput 0.0482 Mops
1, throughput 0.0488 Mops
1, throughput 0.0488 Mops
1, throughput 0.0487 Mops
1, throughput 0.0486 Mops
1, throughput 0.0487 Mops
1, throughput 0.0487 Mops
1, throughput 0.0489 Mops
1, throughput 0.0488 Mops
1, throughput 0.0486 Mops
1, throughput 0.0486 Mops
1, throughput 0.0488 Mops
1, throughput 0.0487 Mops
1, throughput 0.0488 Mops
1, throughput 0.0487 Mops
1, throughput 0.0486 Mops
1, throughput 0.0489 Mops
1, throughput 0.0487 Mops
1, throughput 0.0488 Mops
1, throughput 0.0487 Mops
1, throughput 0.0480 Mops
1, throughput 0.0487 Mops
1, throughput 0.0486 Mops
1, throughput 0.0487 Mops
1, throughput 0.0486 Mops
1, throughput 0.0488 Mops
1, throughput 0.0486 Mops
1, throughput 0.0486 Mops
1, throughput 0.0489 Mops
1, throughput 0.0488 Mops
1, throughput 0.0487 Mops
1, throughput 0.0487 Mops
1, throughput 0.0487 Mops
1, throughput 0.0488 Mops
1, throughput 0.0488 Mops
1, throughput 0.0488 Mops
1, throughput 0.0488 Mops
1, throughput 0.0487 Mops
1, throughput 0.0488 Mops
1, throughput 0.0487 Mops
1, throughput 0.0487 Mops
1, throughput 0.0480 Mops
1, throughput 0.0486 Mops
1, throughput 0.0487 Mops
1, throughput 0.0488 Mops
1, throughput 0.0487 Mops
1, throughput 0.0486 Mops
1, throughput 0.0487 Mops
1, throughput 0.0487 Mops
1, throughput 0.0486 Mops
1, throughput 0.0488 Mops
1, throughput 0.0486 Mops
1, throughput 0.0487 Mops
1, throughput 0.0486 Mops
1, throughput 0.0487 Mops
1, throughput 0.0486 Mops
1, throughput 0.0488 Mops
1, throughput 0.0487 Mops
1, throughput 0.0487 Mops
1, throughput 0.0488 Mops
1, throughput 0.0487 Mops
1, throughput 0.0477 Mops
1, throughput 0.0486 Mops
1, throughput 0.0487 Mops
1, throughput 0.0486 Mops
1, throughput 0.0487 Mops
1, throughput 0.0486 Mops
1, throughput 0.0487 Mops
1, throughput 0.0487 Mops
1, throughput 0.0487 Mops
1, throughput 0.0486 Mops
1, throughput 0.0487 Mops
1, throughput 0.0487 Mops
1, throughput 0.0489 Mops
1, throughput 0.0488 Mops
1, throughput 0.0487 Mops
1, throughput 0.0487 Mops
1, throughput 0.0487 Mops
1, throughput 0.0487 Mops
1, throughput 0.0488 Mops
1, throughput 0.0487 Mops
1, throughput 0.0487 Mops
1, throughput 0.0477 Mops
1, throughput 0.0486 Mops
1, throughput 0.0486 Mops
1, throughput 0.0486 Mops
1, throughput 0.0487 Mops
1, throughput 0.0488 Mops
1, throughput 0.0487 Mops
1, throughput 0.0488 Mops
1, throughput 0.0488 Mops
1, throughput 0.0488 Mops
1, throughput 0.0487 Mops
1, throughput 0.0488 Mops
1, throughput 0.0486 Mops
1, throughput 0.0487 Mops
1, throughput 0.0487 Mops
1, throughput 0.0487 Mops
1, throughput 0.0488 Mops
1, throughput 0.0489 Mops
1, throughput 0.0488 Mops
1, throughput 0.0488 Mops
1, throughput 0.0481 Mops
1, throughput 0.0484 Mops
1, throughput 0.0487 Mops
1, throughput 0.0487 Mops
1, throughput 0.0487 Mops
1, throughput 0.0488 Mops
1, throughput 0.0488 Mops
1, throughput 0.0487 Mops
1, throughput 0.0487 Mops
1, throughput 0.0488 Mops
1, throughput 0.0487 Mops
1, throughput 0.0488 Mops
1, throughput 0.0487 Mops
1, throughput 0.0488 Mops
1, throughput 0.0488 Mops
1, throughput 0.0488 Mops
1, throughput 0.0488 Mops
1, throughput 0.0488 Mops
1, throughput 0.0488 Mops
1, throughput 0.0488 Mops
1, throughput 0.0487 Mops
1, throughput 0.0478 Mops
1, throughput 0.0487 Mops
1, throughput 0.0487 Mops
1, throughput 0.0486 Mops
1, throughput 0.0486 Mops
1, throughput 0.0486 Mops
1, throughput 0.0486 Mops
1, throughput 0.0486 Mops
1, throughput 0.0486 Mops
1, throughput 0.0488 Mops
1, throughput 0.0486 Mops
1, throughput 0.0487 Mops
1, throughput 0.0488 Mops
1, throughput 0.0487 Mops
1, throughput 0.0487 Mops
1, throughput 0.0487 Mops
1, throughput 0.0486 Mops
1, throughput 0.0486 Mops
1, throughput 0.0487 Mops
1, throughput 0.0486 Mops
1, throughput 0.0484 Mops
1, throughput 0.0482 Mops
1, throughput 0.0487 Mops
1, throughput 0.0487 Mops
1, throughput 0.0487 Mops
1, throughput 0.0487 Mops
1, throughput 0.0486 Mops
1, throughput 0.0487 Mops
1, throughput 0.0488 Mops
1, throughput 0.0487 Mops
1, throughput 0.0488 Mops
1, throughput 0.0487 Mops
1, throughput 0.0488 Mops
1, throughput 0.0487 Mops
1, throughput 0.0486 Mops
1, throughput 0.0486 Mops
1, throughput 0.0487 Mops
1, throughput 0.0487 Mops
1, throughput 0.0488 Mops
1, throughput 0.0488 Mops
1, throughput 0.0487 Mops
1, throughput 0.0480 Mops
1, throughput 0.0487 Mops
1, throughput 0.0487 Mops
1, throughput 0.0486 Mops
1, throughput 0.0487 Mops
1, throughput 0.0487 Mops
1, throughput 0.0486 Mops
1, throughput 0.0486 Mops
1, throughput 0.0487 Mops
1, throughput 0.0488 Mops
1, throughput 0.0487 Mops
1, throughput 0.0488 Mops
1, throughput 0.0487 Mops
1, throughput 0.0487 Mops
1, throughput 0.0486 Mops
1, throughput 0.0487 Mops
1, throughput 0.0486 Mops
1, throughput 0.0486 Mops
1, throughput 0.0486 Mops
1, throughput 0.0486 Mops
1, throughput 0.0485 Mops
1, throughput 0.0479 Mops
1, throughput 0.0487 Mops
1, throughput 0.0487 Mops
1, throughput 0.0488 Mops
1, throughput 0.0487 Mops
1, throughput 0.0477 Mops
1, throughput 0.0458 Mops
1, throughput 0.0458 Mops
1, throughput 0.0429 Mops
1, throughput 0.0425 Mops
1, throughput 0.0410 Mops
1, throughput 0.0383 Mops
1, throughput 0.0378 Mops
1, throughput 0.0364 Mops
1, throughput 0.0334 Mops
1, throughput 0.0325 Mops
1, throughput 0.0307 Mops
1, throughput 0.0295 Mops
1, throughput 0.0293 Mops
1, throughput 0.0293 Mops
1, throughput 0.0287 Mops
1, throughput 0.0294 Mops
1, throughput 0.0295 Mops
1, throughput 0.0294 Mops
1, throughput 0.0295 Mops
1, throughput 0.0295 Mops
1, throughput 0.0294 Mops
1, throughput 0.0294 Mops
1, throughput 0.0294 Mops
1, throughput 0.0294 Mops
1, throughput 0.0295 Mops
1, throughput 0.0295 Mops
1, throughput 0.0294 Mops
1, throughput 0.0295 Mops
1, throughput 0.0280 Mops
1, throughput 0.0269 Mops
1, throughput 0.0240 Mops
1, throughput 0.0209 Mops
1, throughput 0.0174 Mops
1, throughput 0.0138 Mops
1, throughput 0.0112 Mops
1, throughput 0.0082 Mops
1, throughput 0.0045 Mops
1, throughput 0.0004 Mops
[RESULT node 1] ops=29999988 elapsed=623.731s throughput=0.0481 Mops mode=op-bounded
[RDMA node 1] ops=29999988 posts=3238250981 read_wr=4053558543 read_bytes=295843828751 write_wr=0 write_bytes=0 atomic_wr=0 send_wr=0 send_bytes=0
[RDMA node 1] per_op: round_trips=107.9417 reads=135.1187 writes=0.0000 atomics=0.0000 sends=0.0000 verbs=135.1187 bytes=9861.5

==================== LATENCY BUCKETS (500 ns) [node 1] ====================
[RANGE]
  ALL                n=29999988   mean=  736.53us  p50= 752.50us  p90= 899.00us  p99=1000.00us  p99.9=1000.00us  max>=1000.00us
  DIRECT (1-sided)   n=29999988   mean=  736.53us  p50= 752.50us  p90= 899.00us  p99=1000.00us  p99.9=1000.00us  max>=1000.00us
  OFFLOAD (rpc)             (no samples)
[ALL OPS]
  ALL                n=29999988   mean=  736.53us  p50= 752.50us  p90= 899.00us  p99=1000.00us  p99.9=1000.00us  max>=1000.00us
  DIRECT (1-sided)   n=29999988   mean=  736.53us  p50= 752.50us  p90= 899.00us  p99=1000.00us  p99.9=1000.00us  max>=1000.00us
  OFFLOAD (rpc)             (no samples)

----- 500 ns bucket CDF (all ops) [node 1] -----
  bucket [lo,hi) ns             count        pct       cdf
  [    10000,    10500)            1    0.0000%   0.0000%
  [    10500,    11000)            2    0.0000%   0.0000%
  [    13500,    14000)            1    0.0000%   0.0000%
  [    16500,    17000)            1    0.0000%   0.0000%
  [    17000,    17500)            1    0.0000%   0.0000%
  [    17500,    18000)            1    0.0000%   0.0000%
  [    18500,    19000)            1    0.0000%   0.0000%
  [    20000,    20500)            1    0.0000%   0.0000%
  [    22000,    22500)            1    0.0000%   0.0000%
  [    22500,    23000)            1    0.0000%   0.0000%
  [    24500,    25000)            1    0.0000%   0.0000%
  [    27500,    28000)            1    0.0000%   0.0000%
  [    28000,    28500)            1    0.0000%   0.0000%
  [    28500,    29000)            1    0.0000%   0.0001%
  [    29000,    29500)            1    0.0000%   0.0001%
  [    29500,    30000)            2    0.0000%   0.0001%
  [    30000,    30500)            1    0.0000%   0.0001%
  [    30500,    31000)            1    0.0000%   0.0001%
  [    31500,    32000)            1    0.0000%   0.0001%
  [    32000,    32500)            1    0.0000%   0.0001%
  [    32500,    33000)            3    0.0000%   0.0001%
  [    33000,    33500)            8    0.0000%   0.0001%
  [    33500,    34000)           12    0.0000%   0.0002%
  [    34000,    34500)           11    0.0000%   0.0002%
  [    34500,    35000)           24    0.0001%   0.0003%
  [    35000,    35500)           16    0.0001%   0.0003%
  [    35500,    36000)           27    0.0001%   0.0004%
  [    36000,    36500)           25    0.0001%   0.0005%
  [    36500,    37000)           45    0.0002%   0.0006%
  [    37000,    37500)           38    0.0001%   0.0008%
  [    37500,    38000)           51    0.0002%   0.0009%
  [    38000,    38500)           53    0.0002%   0.0011%
  [    38500,    39000)           43    0.0001%   0.0013%
  [    39000,    39500)           65    0.0002%   0.0015%
  [    39500,    40000)           72    0.0002%   0.0017%
  [    40000,    40500)          107    0.0004%   0.0021%
  [    40500,    41000)          106    0.0004%   0.0024%
  [    41000,    41500)          116    0.0004%   0.0028%
  [    41500,    42000)          119    0.0004%   0.0032%
  [    42000,    42500)          140    0.0005%   0.0037%
  [    42500,    43000)          196    0.0007%   0.0043%
  [    43000,    43500)          177    0.0006%   0.0049%
  [    43500,    44000)          231    0.0008%   0.0057%
  [    44000,    44500)          256    0.0009%   0.0065%
  [    44500,    45000)          277    0.0009%   0.0075%
  [    45000,    45500)          298    0.0010%   0.0085%
  [    45500,    46000)          380    0.0013%   0.0097%
  [    46000,    46500)          378    0.0013%   0.0110%
  [    46500,    47000)          417    0.0014%   0.0124%
  [    47000,    47500)          490    0.0016%   0.0140%
  [    47500,    48000)          506    0.0017%   0.0157%
  [    48000,    48500)          500    0.0017%   0.0174%
  [    48500,    49000)          635    0.0021%   0.0195%
  [    49000,    49500)          580    0.0019%   0.0214%
  [    49500,    50000)          659    0.0022%   0.0236%
  [    50000,    50500)          700    0.0023%   0.0259%
  [    50500,    51000)          718    0.0024%   0.0283%
  [    51000,    51500)          740    0.0025%   0.0308%
  [    51500,    52000)          781    0.0026%   0.0334%
  [    52000,    52500)          913    0.0030%   0.0365%
  [    52500,    53000)          948    0.0032%   0.0396%
  [    53000,    53500)         1035    0.0035%   0.0431%
  [    53500,    54000)         1024    0.0034%   0.0465%
  [    54000,    54500)         1083    0.0036%   0.0501%
  [    54500,    55000)         1183    0.0039%   0.0540%
  [    55000,    55500)         1184    0.0039%   0.0580%
  [    55500,    56000)         1197    0.0040%   0.0620%
  [    56000,    56500)         1213    0.0040%   0.0660%
  [    56500,    57000)         1250    0.0042%   0.0702%
  [    57000,    57500)         1313    0.0044%   0.0746%
  [    57500,    58000)         1293    0.0043%   0.0789%
  [    58000,    58500)         1309    0.0044%   0.0832%
  [    58500,    59000)         1371    0.0046%   0.0878%
  [    59000,    59500)         1598    0.0053%   0.0931%
  [    59500,    60000)         1657    0.0055%   0.0986%
  [    60000,    60500)         1893    0.0063%   0.1050%
  [    60500,    61000)         2166    0.0072%   0.1122%
  [    61000,    61500)         2712    0.0090%   0.1212%
  [    61500,    62000)         3262    0.0109%   0.1321%
  [    62000,    62500)         3850    0.0128%   0.1449%
  [    62500,    63000)         4743    0.0158%   0.1607%
  [    63000,    63500)         5737    0.0191%   0.1799%
  [    63500,    64000)         6787    0.0226%   0.2025%
  [    64000,    64500)         7982    0.0266%   0.2291%
  [    64500,    65000)         9605    0.0320%   0.2611%
  [    65000,    65500)        10957    0.0365%   0.2976%
  [    65500,    66000)        12393    0.0413%   0.3389%
  [    66000,    66500)        13880    0.0463%   0.3852%
  [    66500,    67000)        15256    0.0509%   0.4361%
  [    67000,    67500)        16774    0.0559%   0.4920%
  [    67500,    68000)        17484    0.0583%   0.5502%
  [    68000,    68500)        18754    0.0625%   0.6128%
  [    68500,    69000)        19748    0.0658%   0.6786%
  [    69000,    69500)        20061    0.0669%   0.7455%
  [    69500,    70000)        20297    0.0677%   0.8131%
  [    70000,    70500)        20436    0.0681%   0.8812%
  [    70500,    71000)        20793    0.0693%   0.9505%
  [    71000,    71500)        19921    0.0664%   1.0169%
  [    71500,    72000)        19382    0.0646%   1.0816%
  [    72000,    72500)        18771    0.0626%   1.1441%
  [    72500,    73000)        18118    0.0604%   1.2045%
  [    73000,    73500)        17263    0.0575%   1.2621%
  [    73500,    74000)        16233    0.0541%   1.3162%
  [    74000,    74500)        15112    0.0504%   1.3665%
  [    74500,    75000)        13967    0.0466%   1.4131%
  [    75000,    75500)        12904    0.0430%   1.4561%
  [    75500,    76000)        11959    0.0399%   1.4960%
  [    76000,    76500)        11011    0.0367%   1.5327%
  [    76500,    77000)        10023    0.0334%   1.5661%
  [    77000,    77500)         8876    0.0296%   1.5957%
  [    77500,    78000)         8061    0.0269%   1.6225%
  [    78000,    78500)         7329    0.0244%   1.6470%
  [    78500,    79000)         6839    0.0228%   1.6698%
  [    79000,    79500)         5999    0.0200%   1.6898%
  [    79500,    80000)         5378    0.0179%   1.7077%
  [    80000,    80500)         4817    0.0161%   1.7238%
  [    80500,    81000)         4271    0.0142%   1.7380%
  [    81000,    81500)         3992    0.0133%   1.7513%
  [    81500,    82000)         3609    0.0120%   1.7633%
  [    82000,    82500)         3183    0.0106%   1.7739%
  [    82500,    83000)         2911    0.0097%   1.7836%
  [    83000,    83500)         2612    0.0087%   1.7923%
  [    83500,    84000)         2462    0.0082%   1.8006%
  [    84000,    84500)         2195    0.0073%   1.8079%
  [    84500,    85000)         2007    0.0067%   1.8146%
  [    85000,    85500)         1828    0.0061%   1.8207%
  [    85500,    86000)         1633    0.0054%   1.8261%
  [    86000,    86500)         1514    0.0050%   1.8311%
  [    86500,    87000)         1429    0.0048%   1.8359%
  [    87000,    87500)         1326    0.0044%   1.8403%
  [    87500,    88000)         1215    0.0041%   1.8444%
  [    88000,    88500)         1155    0.0039%   1.8482%
  [    88500,    89000)         1052    0.0035%   1.8517%
  [    89000,    89500)         1041    0.0035%   1.8552%
  [    89500,    90000)          970    0.0032%   1.8584%
  [    90000,    90500)          950    0.0032%   1.8616%
  [    90500,    91000)          842    0.0028%   1.8644%
  [    91000,    91500)          817    0.0027%   1.8671%
  [    91500,    92000)          758    0.0025%   1.8697%
  [    92000,    92500)          780    0.0026%   1.8723%
  [    92500,    93000)          715    0.0024%   1.8746%
  [    93000,    93500)          693    0.0023%   1.8770%
  [    93500,    94000)          710    0.0024%   1.8793%
  [    94000,    94500)          631    0.0021%   1.8814%
  [    94500,    95000)          621    0.0021%   1.8835%
  [    95000,    95500)          590    0.0020%   1.8855%
  [    95500,    96000)          610    0.0020%   1.8875%
  [    96000,    96500)          583    0.0019%   1.8894%
  [    96500,    97000)          577    0.0019%   1.8914%
  [    97000,    97500)          587    0.0020%   1.8933%
  [    97500,    98000)          564    0.0019%   1.8952%
  [    98000,    98500)          526    0.0018%   1.8970%
  [    98500,    99000)          537    0.0018%   1.8987%
  [    99000,    99500)          496    0.0017%   1.9004%
  [    99500,   100000)          498    0.0017%   1.9021%
  [   100000,   100500)          468    0.0016%   1.9036%
  [   100500,   101000)          512    0.0017%   1.9053%
  [   101000,   101500)          499    0.0017%   1.9070%
  [   101500,   102000)          471    0.0016%   1.9086%
  [   102000,   102500)          494    0.0016%   1.9102%
  [   102500,   103000)          469    0.0016%   1.9118%
  [   103000,   103500)          490    0.0016%   1.9134%
  [   103500,   104000)          469    0.0016%   1.9150%
  [   104000,   104500)          492    0.0016%   1.9166%
  [   104500,   105000)          504    0.0017%   1.9183%
  [   105000,   105500)          463    0.0015%   1.9198%
  [   105500,   106000)          427    0.0014%   1.9212%
  [   106000,   106500)          477    0.0016%   1.9228%
  [   106500,   107000)          489    0.0016%   1.9245%
  [   107000,   107500)          415    0.0014%   1.9259%
  [   107500,   108000)          471    0.0016%   1.9274%
  [   108000,   108500)          446    0.0015%   1.9289%
  [   108500,   109000)          467    0.0016%   1.9305%
  [   109000,   109500)          449    0.0015%   1.9320%
  [   109500,   110000)          463    0.0015%   1.9335%
  [   110000,   110500)          458    0.0015%   1.9350%
  [   110500,   111000)          477    0.0016%   1.9366%
  [   111000,   111500)          458    0.0015%   1.9381%
  [   111500,   112000)          476    0.0016%   1.9397%
  [   112000,   112500)          475    0.0016%   1.9413%
  [   112500,   113000)          432    0.0014%   1.9428%
  [   113000,   113500)          489    0.0016%   1.9444%
  [   113500,   114000)          483    0.0016%   1.9460%
  [   114000,   114500)          474    0.0016%   1.9476%
  [   114500,   115000)          502    0.0017%   1.9493%
  [   115000,   115500)          469    0.0016%   1.9508%
  [   115500,   116000)          439    0.0015%   1.9523%
  [   116000,   116500)          471    0.0016%   1.9538%
  [   116500,   117000)          483    0.0016%   1.9555%
  [   117000,   117500)          483    0.0016%   1.9571%
  [   117500,   118000)          474    0.0016%   1.9586%
  [   118000,   118500)          479    0.0016%   1.9602%
  [   118500,   119000)          467    0.0016%   1.9618%
  [   119000,   119500)          469    0.0016%   1.9634%
  [   119500,   120000)          455    0.0015%   1.9649%
  [   120000,   120500)          501    0.0017%   1.9666%
  [   120500,   121000)          508    0.0017%   1.9682%
  [   121000,   121500)          524    0.0017%   1.9700%
  [   121500,   122000)          518    0.0017%   1.9717%
  [   122000,   122500)          499    0.0017%   1.9734%
  [   122500,   123000)          509    0.0017%   1.9751%
  [   123000,   123500)          540    0.0018%   1.9769%
  [   123500,   124000)          540    0.0018%   1.9787%
  [   124000,   124500)          550    0.0018%   1.9805%
  [   124500,   125000)          521    0.0017%   1.9822%
  [   125000,   125500)          560    0.0019%   1.9841%
  [   125500,   126000)          524    0.0017%   1.9859%
  [   126000,   126500)          584    0.0019%   1.9878%
  [   126500,   127000)          529    0.0018%   1.9896%
  [   127000,   127500)          539    0.0018%   1.9914%
  [   127500,   128000)          575    0.0019%   1.9933%
  [   128000,   128500)          575    0.0019%   1.9952%
  [   128500,   129000)          591    0.0020%   1.9972%
  [   129000,   129500)          565    0.0019%   1.9991%
  [   129500,   130000)          577    0.0019%   2.0010%
  [   130000,   130500)          536    0.0018%   2.0028%
  [   130500,   131000)          572    0.0019%   2.0047%
  [   131000,   131500)          619    0.0021%   2.0067%
  [   131500,   132000)          605    0.0020%   2.0088%
  [   132000,   132500)          594    0.0020%   2.0107%
  [   132500,   133000)          635    0.0021%   2.0128%
  [   133000,   133500)          617    0.0021%   2.0149%
  [   133500,   134000)          639    0.0021%   2.0170%
  [   134000,   134500)          621    0.0021%   2.0191%
  [   134500,   135000)          658    0.0022%   2.0213%
  [   135000,   135500)          613    0.0020%   2.0233%
  [   135500,   136000)          643    0.0021%   2.0255%
  [   136000,   136500)          716    0.0024%   2.0279%
  [   136500,   137000)          639    0.0021%   2.0300%
  [   137000,   137500)          625    0.0021%   2.0321%
  [   137500,   138000)          665    0.0022%   2.0343%
  [   138000,   138500)          657    0.0022%   2.0365%
  [   138500,   139000)          682    0.0023%   2.0388%
  [   139000,   139500)          608    0.0020%   2.0408%
  [   139500,   140000)          698    0.0023%   2.0431%
  [   140000,   140500)          676    0.0023%   2.0454%
  [   140500,   141000)          662    0.0022%   2.0476%
  [   141000,   141500)          657    0.0022%   2.0498%
  [   141500,   142000)          674    0.0022%   2.0520%
  [   142000,   142500)          672    0.0022%   2.0543%
  [   142500,   143000)          712    0.0024%   2.0566%
  [   143000,   143500)          710    0.0024%   2.0590%
  [   143500,   144000)          652    0.0022%   2.0612%
  [   144000,   144500)          684    0.0023%   2.0634%
  [   144500,   145000)          701    0.0023%   2.0658%
  [   145000,   145500)          652    0.0022%   2.0680%
  [   145500,   146000)          694    0.0023%   2.0703%
  [   146000,   146500)          680    0.0023%   2.0725%
  [   146500,   147000)          666    0.0022%   2.0748%
  [   147000,   147500)          751    0.0025%   2.0773%
  [   147500,   148000)          736    0.0025%   2.0797%
  [   148000,   148500)          686    0.0023%   2.0820%
  [   148500,   149000)          696    0.0023%   2.0843%
  [   149000,   149500)          705    0.0024%   2.0867%
  [   149500,   150000)          709    0.0024%   2.0890%
  [   150000,   150500)          742    0.0025%   2.0915%
  [   150500,   151000)          696    0.0023%   2.0938%
  [   151000,   151500)          789    0.0026%   2.0965%
  [   151500,   152000)          779    0.0026%   2.0991%
  [   152000,   152500)          706    0.0024%   2.1014%
  [   152500,   153000)          749    0.0025%   2.1039%
  [   153000,   153500)          745    0.0025%   2.1064%
  [   153500,   154000)          693    0.0023%   2.1087%
  [   154000,   154500)          720    0.0024%   2.1111%
  [   154500,   155000)          761    0.0025%   2.1136%
  [   155000,   155500)          736    0.0025%   2.1161%
  [   155500,   156000)          697    0.0023%   2.1184%
  [   156000,   156500)          756    0.0025%   2.1209%
  [   156500,   157000)          714    0.0024%   2.1233%
  [   157000,   157500)          715    0.0024%   2.1257%
  [   157500,   158000)          785    0.0026%   2.1283%
  [   158000,   158500)          752    0.0025%   2.1308%
  [   158500,   159000)          803    0.0027%   2.1335%
  [   159000,   159500)          739    0.0025%   2.1360%
  [   159500,   160000)          750    0.0025%   2.1385%
  [   160000,   160500)          740    0.0025%   2.1409%
  [   160500,   161000)          803    0.0027%   2.1436%
  [   161000,   161500)          723    0.0024%   2.1460%
  [   161500,   162000)          815    0.0027%   2.1487%
  [   162000,   162500)          743    0.0025%   2.1512%
  [   162500,   163000)          802    0.0027%   2.1539%
  [   163000,   163500)          765    0.0026%   2.1564%
  [   163500,   164000)          801    0.0027%   2.1591%
  [   164000,   164500)          788    0.0026%   2.1617%
  [   164500,   165000)          843    0.0028%   2.1645%
  [   165000,   165500)          794    0.0026%   2.1672%
  [   165500,   166000)          779    0.0026%   2.1698%
  [   166000,   166500)          794    0.0026%   2.1724%
  [   166500,   167000)          840    0.0028%   2.1752%
  [   167000,   167500)          818    0.0027%   2.1780%
  [   167500,   168000)          827    0.0028%   2.1807%
  [   168000,   168500)          852    0.0028%   2.1835%
  [   168500,   169000)          840    0.0028%   2.1863%
  [   169000,   169500)          858    0.0029%   2.1892%
  [   169500,   170000)          822    0.0027%   2.1919%
  [   170000,   170500)          853    0.0028%   2.1948%
  [   170500,   171000)          799    0.0027%   2.1975%
  [   171000,   171500)          844    0.0028%   2.2003%
  [   171500,   172000)          835    0.0028%   2.2031%
  [   172000,   172500)          843    0.0028%   2.2059%
  [   172500,   173000)          878    0.0029%   2.2088%
  [   173000,   173500)          855    0.0029%   2.2116%
  [   173500,   174000)          855    0.0029%   2.2145%
  [   174000,   174500)          858    0.0029%   2.2173%
  [   174500,   175000)          865    0.0029%   2.2202%
  [   175000,   175500)          901    0.0030%   2.2232%
  [   175500,   176000)          882    0.0029%   2.2262%
  [   176000,   176500)          866    0.0029%   2.2291%
  [   176500,   177000)          898    0.0030%   2.2321%
  [   177000,   177500)          860    0.0029%   2.2349%
  [   177500,   178000)          928    0.0031%   2.2380%
  [   178000,   178500)          879    0.0029%   2.2409%
  [   178500,   179000)          928    0.0031%   2.2440%
  [   179000,   179500)          909    0.0030%   2.2471%
  [   179500,   180000)          950    0.0032%   2.2502%
  [   180000,   180500)          851    0.0028%   2.2531%
  [   180500,   181000)          904    0.0030%   2.2561%
  [   181000,   181500)          942    0.0031%   2.2592%
  [   181500,   182000)          902    0.0030%   2.2622%
  [   182000,   182500)          923    0.0031%   2.2653%
  [   182500,   183000)          911    0.0030%   2.2683%
  [   183000,   183500)          940    0.0031%   2.2715%
  [   183500,   184000)          943    0.0031%   2.2746%
  [   184000,   184500)          930    0.0031%   2.2777%
  [   184500,   185000)          957    0.0032%   2.2809%
  [   185000,   185500)          935    0.0031%   2.2840%
  [   185500,   186000)          961    0.0032%   2.2872%
  [   186000,   186500)          952    0.0032%   2.2904%
  [   186500,   187000)          994    0.0033%   2.2937%
  [   187000,   187500)          949    0.0032%   2.2969%
  [   187500,   188000)          977    0.0033%   2.3001%
  [   188000,   188500)          957    0.0032%   2.3033%
  [   188500,   189000)          959    0.0032%   2.3065%
  [   189000,   189500)          959    0.0032%   2.3097%
  [   189500,   190000)          971    0.0032%   2.3130%
  [   190000,   190500)          943    0.0031%   2.3161%
  [   190500,   191000)          973    0.0032%   2.3193%
  [   191000,   191500)          933    0.0031%   2.3225%
  [   191500,   192000)          980    0.0033%   2.3257%
  [   192000,   192500)         1027    0.0034%   2.3291%
  [   192500,   193000)          988    0.0033%   2.3324%
  [   193000,   193500)          986    0.0033%   2.3357%
  [   193500,   194000)          967    0.0032%   2.3389%
  [   194000,   194500)         1016    0.0034%   2.3423%
  [   194500,   195000)         1053    0.0035%   2.3458%
  [   195000,   195500)         1018    0.0034%   2.3492%
  [   195500,   196000)         1048    0.0035%   2.3527%
  [   196000,   196500)         1013    0.0034%   2.3561%
  [   196500,   197000)         1069    0.0036%   2.3597%
  [   197000,   197500)         1044    0.0035%   2.3632%
  [   197500,   198000)         1026    0.0034%   2.3666%
  [   198000,   198500)          985    0.0033%   2.3699%
  [   198500,   199000)         1082    0.0036%   2.3735%
  [   199000,   199500)         1050    0.0035%   2.3770%
  [   199500,   200000)         1092    0.0036%   2.3806%
  [   200000,   200500)         1041    0.0035%   2.3841%
  [   200500,   201000)         1056    0.0035%   2.3876%
  [   201000,   201500)         1088    0.0036%   2.3912%
  [   201500,   202000)         1090    0.0036%   2.3949%
  [   202000,   202500)         1068    0.0036%   2.3984%
  [   202500,   203000)         1045    0.0035%   2.4019%
  [   203000,   203500)         1080    0.0036%   2.4055%
  [   203500,   204000)         1138    0.0038%   2.4093%
  [   204000,   204500)         1081    0.0036%   2.4129%
  [   204500,   205000)         1114    0.0037%   2.4166%
  [   205000,   205500)         1139    0.0038%   2.4204%
  [   205500,   206000)         1069    0.0036%   2.4240%
  [   206000,   206500)         1112    0.0037%   2.4277%
  [   206500,   207000)         1054    0.0035%   2.4312%
  [   207000,   207500)         1143    0.0038%   2.4350%
  [   207500,   208000)         1135    0.0038%   2.4388%
  [   208000,   208500)         1108    0.0037%   2.4425%
  [   208500,   209000)         1068    0.0036%   2.4460%
  [   209000,   209500)         1039    0.0035%   2.4495%
  [   209500,   210000)         1132    0.0038%   2.4533%
  [   210000,   210500)         1184    0.0039%   2.4572%
  [   210500,   211000)         1160    0.0039%   2.4611%
  [   211000,   211500)         1124    0.0037%   2.4648%
  [   211500,   212000)         1190    0.0040%   2.4688%
  [   212000,   212500)         1127    0.0038%   2.4726%
  [   212500,   213000)         1173    0.0039%   2.4765%
  [   213000,   213500)         1180    0.0039%   2.4804%
  [   213500,   214000)         1219    0.0041%   2.4845%
  [   214000,   214500)         1165    0.0039%   2.4883%
  [   214500,   215000)         1172    0.0039%   2.4922%
  [   215000,   215500)         1230    0.0041%   2.4963%
  [   215500,   216000)         1165    0.0039%   2.5002%
  [   216000,   216500)         1156    0.0039%   2.5041%
  [   216500,   217000)         1183    0.0039%   2.5080%
  [   217000,   217500)         1175    0.0039%   2.5119%
  [   217500,   218000)         1204    0.0040%   2.5160%
  [   218000,   218500)         1227    0.0041%   2.5200%
  [   218500,   219000)         1160    0.0039%   2.5239%
  [   219000,   219500)         1170    0.0039%   2.5278%
  [   219500,   220000)         1213    0.0040%   2.5319%
  [   220000,   220500)         1168    0.0039%   2.5358%
  [   220500,   221000)         1240    0.0041%   2.5399%
  [   221000,   221500)         1134    0.0038%   2.5437%
  [   221500,   222000)         1280    0.0043%   2.5479%
  [   222000,   222500)         1190    0.0040%   2.5519%
  [   222500,   223000)         1190    0.0040%   2.5559%
  [   223000,   223500)         1201    0.0040%   2.5599%
  [   223500,   224000)         1187    0.0040%   2.5638%
  [   224000,   224500)         1137    0.0038%   2.5676%
  [   224500,   225000)         1208    0.0040%   2.5716%
  [   225000,   225500)         1213    0.0040%   2.5757%
  [   225500,   226000)         1210    0.0040%   2.5797%
  [   226000,   226500)         1199    0.0040%   2.5837%
  [   226500,   227000)         1223    0.0041%   2.5878%
  [   227000,   227500)         1289    0.0043%   2.5921%
  [   227500,   228000)         1233    0.0041%   2.5962%
  [   228000,   228500)         1183    0.0039%   2.6001%
  [   228500,   229000)         1251    0.0042%   2.6043%
  [   229000,   229500)         1241    0.0041%   2.6084%
  [   229500,   230000)         1188    0.0040%   2.6124%
  [   230000,   230500)         1257    0.0042%   2.6166%
  [   230500,   231000)         1202    0.0040%   2.6206%
  [   231000,   231500)         1259    0.0042%   2.6248%
  [   231500,   232000)         1273    0.0042%   2.6290%
  [   232000,   232500)         1301    0.0043%   2.6334%
  [   232500,   233000)         1281    0.0043%   2.6377%
  [   233000,   233500)         1248    0.0042%   2.6418%
  [   233500,   234000)         1318    0.0044%   2.6462%
  [   234000,   234500)         1278    0.0043%   2.6505%
  [   234500,   235000)         1298    0.0043%   2.6548%
  [   235000,   235500)         1337    0.0045%   2.6592%
  [   235500,   236000)         1298    0.0043%   2.6636%
  [   236000,   236500)         1258    0.0042%   2.6678%
  [   236500,   237000)         1246    0.0042%   2.6719%
  [   237000,   237500)         1251    0.0042%   2.6761%
  [   237500,   238000)         1308    0.0044%   2.6805%
  [   238000,   238500)         1274    0.0042%   2.6847%
  [   238500,   239000)         1328    0.0044%   2.6891%
  [   239000,   239500)         1300    0.0043%   2.6935%
  [   239500,   240000)         1334    0.0044%   2.6979%
  [   240000,   240500)         1328    0.0044%   2.7023%
  [   240500,   241000)         1286    0.0043%   2.7066%
  [   241000,   241500)         1258    0.0042%   2.7108%
  [   241500,   242000)         1325    0.0044%   2.7152%
  [   242000,   242500)         1274    0.0042%   2.7195%
  [   242500,   243000)         1349    0.0045%   2.7240%
  [   243000,   243500)         1352    0.0045%   2.7285%
  [   243500,   244000)         1381    0.0046%   2.7331%
  [   244000,   244500)         1334    0.0044%   2.7375%
  [   244500,   245000)         1336    0.0045%   2.7420%
  [   245000,   245500)         1295    0.0043%   2.7463%
  [   245500,   246000)         1317    0.0044%   2.7507%
  [   246000,   246500)         1346    0.0045%   2.7552%
  [   246500,   247000)         1359    0.0045%   2.7597%
  [   247000,   247500)         1307    0.0044%   2.7641%
  [   247500,   248000)         1343    0.0045%   2.7685%
  [   248000,   248500)         1313    0.0044%   2.7729%
  [   248500,   249000)         1353    0.0045%   2.7774%
  [   249000,   249500)         1326    0.0044%   2.7818%
  [   249500,   250000)         1311    0.0044%   2.7862%
  [   250000,   250500)         1266    0.0042%   2.7904%
  [   250500,   251000)         1353    0.0045%   2.7949%
  [   251000,   251500)         1338    0.0045%   2.7994%
  [   251500,   252000)         1399    0.0047%   2.8041%
  [   252000,   252500)         1368    0.0046%   2.8086%
  [   252500,   253000)         1360    0.0045%   2.8132%
  [   253000,   253500)         1407    0.0047%   2.8179%
  [   253500,   254000)         1375    0.0046%   2.8224%
  [   254000,   254500)         1405    0.0047%   2.8271%
  [   254500,   255000)         1317    0.0044%   2.8315%
  [   255000,   255500)         1299    0.0043%   2.8358%
  [   255500,   256000)         1332    0.0044%   2.8403%
  [   256000,   256500)         1355    0.0045%   2.8448%
  [   256500,   257000)         1377    0.0046%   2.8494%
  [   257000,   257500)         1336    0.0045%   2.8538%
  [   257500,   258000)         1337    0.0045%   2.8583%
  [   258000,   258500)         1350    0.0045%   2.8628%
  [   258500,   259000)         1359    0.0045%   2.8673%
  [   259000,   259500)         1354    0.0045%   2.8718%
  [   259500,   260000)         1358    0.0045%   2.8764%
  [   260000,   260500)         1349    0.0045%   2.8809%
  [   260500,   261000)         1416    0.0047%   2.8856%
  [   261000,   261500)         1383    0.0046%   2.8902%
  [   261500,   262000)         1372    0.0046%   2.8948%
  [   262000,   262500)         1367    0.0046%   2.8993%
  [   262500,   263000)         1384    0.0046%   2.9039%
  [   263000,   263500)         1363    0.0045%   2.9085%
  [   263500,   264000)         1361    0.0045%   2.9130%
  [   264000,   264500)         1339    0.0045%   2.9175%
  [   264500,   265000)         1412    0.0047%   2.9222%
  [   265000,   265500)         1369    0.0046%   2.9267%
  [   265500,   266000)         1470    0.0049%   2.9316%
  [   266000,   266500)         1319    0.0044%   2.9360%
  [   266500,   267000)         1351    0.0045%   2.9405%
  [   267000,   267500)         1395    0.0047%   2.9452%
  [   267500,   268000)         1378    0.0046%   2.9498%
  [   268000,   268500)         1363    0.0045%   2.9543%
  [   268500,   269000)         1343    0.0045%   2.9588%
  [   269000,   269500)         1393    0.0046%   2.9635%
  [   269500,   270000)         1353    0.0045%   2.9680%
  [   270000,   270500)         1408    0.0047%   2.9727%
  [   270500,   271000)         1389    0.0046%   2.9773%
  [   271000,   271500)         1389    0.0046%   2.9819%
  [   271500,   272000)         1391    0.0046%   2.9866%
  [   272000,   272500)         1491    0.0050%   2.9915%
  [   272500,   273000)         1340    0.0045%   2.9960%
  [   273000,   273500)         1355    0.0045%   3.0005%
  [   273500,   274000)         1400    0.0047%   3.0052%
  [   274000,   274500)         1364    0.0045%   3.0097%
  [   274500,   275000)         1440    0.0048%   3.0145%
  [   275000,   275500)         1422    0.0047%   3.0193%
  [   275500,   276000)         1329    0.0044%   3.0237%
  [   276000,   276500)         1381    0.0046%   3.0283%
  [   276500,   277000)         1412    0.0047%   3.0330%
  [   277000,   277500)         1343    0.0045%   3.0375%
  [   277500,   278000)         1382    0.0046%   3.0421%
  [   278000,   278500)         1442    0.0048%   3.0469%
  [   278500,   279000)         1337    0.0045%   3.0513%
  [   279000,   279500)         1363    0.0045%   3.0559%
  [   279500,   280000)         1357    0.0045%   3.0604%
  [   280000,   280500)         1378    0.0046%   3.0650%
  [   280500,   281000)         1361    0.0045%   3.0695%
  [   281000,   281500)         1370    0.0046%   3.0741%
  [   281500,   282000)         1438    0.0048%   3.0789%
  [   282000,   282500)         1394    0.0046%   3.0836%
  [   282500,   283000)         1372    0.0046%   3.0881%
  [   283000,   283500)         1515    0.0051%   3.0932%
  [   283500,   284000)         1449    0.0048%   3.0980%
  [   284000,   284500)         1410    0.0047%   3.1027%
  [   284500,   285000)         1430    0.0048%   3.1075%
  [   285000,   285500)         1434    0.0048%   3.1123%
  [   285500,   286000)         1472    0.0049%   3.1172%
  [   286000,   286500)         1320    0.0044%   3.1216%
  [   286500,   287000)         1412    0.0047%   3.1263%
  [   287000,   287500)         1459    0.0049%   3.1311%
  [   287500,   288000)         1424    0.0047%   3.1359%
  [   288000,   288500)         1378    0.0046%   3.1405%
  [   288500,   289000)         1296    0.0043%   3.1448%
  [   289000,   289500)         1270    0.0042%   3.1490%
  [   289500,   290000)         1373    0.0046%   3.1536%
  [   290000,   290500)         1434    0.0048%   3.1584%
  [   290500,   291000)         1366    0.0046%   3.1629%
  [   291000,   291500)         1396    0.0047%   3.1676%
  [   291500,   292000)         1412    0.0047%   3.1723%
  [   292000,   292500)         1420    0.0047%   3.1770%
  [   292500,   293000)         1355    0.0045%   3.1815%
  [   293000,   293500)         1370    0.0046%   3.1861%
  [   293500,   294000)         1413    0.0047%   3.1908%
  [   294000,   294500)         1360    0.0045%   3.1954%
  [   294500,   295000)         1388    0.0046%   3.2000%
  [   295000,   295500)         1365    0.0046%   3.2045%
  [   295500,   296000)         1308    0.0044%   3.2089%
  [   296000,   296500)         1354    0.0045%   3.2134%
  [   296500,   297000)         1349    0.0045%   3.2179%
  [   297000,   297500)         1393    0.0046%   3.2225%
  [   297500,   298000)         1407    0.0047%   3.2272%
  [   298000,   298500)         1344    0.0045%   3.2317%
  [   298500,   299000)         1313    0.0044%   3.2361%
  [   299000,   299500)         1351    0.0045%   3.2406%
  [   299500,   300000)         1384    0.0046%   3.2452%
  [   300000,   300500)         1404    0.0047%   3.2499%
  [   300500,   301000)         1339    0.0045%   3.2543%
  [   301000,   301500)         1385    0.0046%   3.2590%
  [   301500,   302000)         1342    0.0045%   3.2634%
  [   302000,   302500)         1399    0.0047%   3.2681%
  [   302500,   303000)         1374    0.0046%   3.2727%
  [   303000,   303500)         1343    0.0045%   3.2772%
  [   303500,   304000)         1360    0.0045%   3.2817%
  [   304000,   304500)         1405    0.0047%   3.2864%
  [   304500,   305000)         1388    0.0046%   3.2910%
  [   305000,   305500)         1387    0.0046%   3.2956%
  [   305500,   306000)         1371    0.0046%   3.3002%
  [   306000,   306500)         1361    0.0045%   3.3047%
  [   306500,   307000)         1340    0.0045%   3.3092%
  [   307000,   307500)         1293    0.0043%   3.3135%
  [   307500,   308000)         1338    0.0045%   3.3180%
  [   308000,   308500)         1385    0.0046%   3.3226%
  [   308500,   309000)         1375    0.0046%   3.3272%
  [   309000,   309500)         1307    0.0044%   3.3315%
  [   309500,   310000)         1366    0.0046%   3.3361%
  [   310000,   310500)         1356    0.0045%   3.3406%
  [   310500,   311000)         1334    0.0044%   3.3450%
  [   311000,   311500)         1298    0.0043%   3.3494%
  [   311500,   312000)         1322    0.0044%   3.3538%
  [   312000,   312500)         1371    0.0046%   3.3583%
  [   312500,   313000)         1285    0.0043%   3.3626%
  [   313000,   313500)         1341    0.0045%   3.3671%
  [   313500,   314000)         1259    0.0042%   3.3713%
  [   314000,   314500)         1347    0.0045%   3.3758%
  [   314500,   315000)         1304    0.0043%   3.3801%
  [   315000,   315500)         1399    0.0047%   3.3848%
  [   315500,   316000)         1312    0.0044%   3.3892%
  [   316000,   316500)         1331    0.0044%   3.3936%
  [   316500,   317000)         1318    0.0044%   3.3980%
  [   317000,   317500)         1362    0.0045%   3.4025%
  [   317500,   318000)         1376    0.0046%   3.4071%
  [   318000,   318500)         1304    0.0043%   3.4115%
  [   318500,   319000)         1334    0.0044%   3.4159%
  [   319000,   319500)         1320    0.0044%   3.4203%
  [   319500,   320000)         1249    0.0042%   3.4245%
  [   320000,   320500)         1343    0.0045%   3.4290%
  [   320500,   321000)         1319    0.0044%   3.4334%
  [   321000,   321500)         1358    0.0045%   3.4379%
  [   321500,   322000)         1272    0.0042%   3.4421%
  [   322000,   322500)         1366    0.0046%   3.4467%
  [   322500,   323000)         1306    0.0044%   3.4510%
  [   323000,   323500)         1279    0.0043%   3.4553%
  [   323500,   324000)         1356    0.0045%   3.4598%
  [   324000,   324500)         1319    0.0044%   3.4642%
  [   324500,   325000)         1290    0.0043%   3.4685%
  [   325000,   325500)         1331    0.0044%   3.4729%
  [   325500,   326000)         1289    0.0043%   3.4772%
  [   326000,   326500)         1344    0.0045%   3.4817%
  [   326500,   327000)         1277    0.0043%   3.4860%
  [   327000,   327500)         1278    0.0043%   3.4902%
  [   327500,   328000)         1312    0.0044%   3.4946%
  [   328000,   328500)         1240    0.0041%   3.4987%
  [   328500,   329000)         1296    0.0043%   3.5031%
  [   329000,   329500)         1321    0.0044%   3.5075%
  [   329500,   330000)         1326    0.0044%   3.5119%
  [   330000,   330500)         1288    0.0043%   3.5162%
  [   330500,   331000)         1273    0.0042%   3.5204%
  [   331000,   331500)         1325    0.0044%   3.5248%
  [   331500,   332000)         1327    0.0044%   3.5293%
  [   332000,   332500)         1304    0.0043%   3.5336%
  [   332500,   333000)         1236    0.0041%   3.5377%
  [   333000,   333500)         1310    0.0044%   3.5421%
  [   333500,   334000)         1303    0.0043%   3.5464%
  [   334000,   334500)         1292    0.0043%   3.5508%
  [   334500,   335000)         1250    0.0042%   3.5549%
  [   335000,   335500)         1290    0.0043%   3.5592%
  [   335500,   336000)         1282    0.0043%   3.5635%
  [   336000,   336500)         1342    0.0045%   3.5680%
  [   336500,   337000)         1274    0.0042%   3.5722%
  [   337000,   337500)         1283    0.0043%   3.5765%
  [   337500,   338000)         1306    0.0044%   3.5808%
  [   338000,   338500)         1216    0.0041%   3.5849%
  [   338500,   339000)         1271    0.0042%   3.5891%
  [   339000,   339500)         1237    0.0041%   3.5933%
  [   339500,   340000)         1243    0.0041%   3.5974%
  [   340000,   340500)         1328    0.0044%   3.6018%
  [   340500,   341000)         1291    0.0043%   3.6061%
  [   341000,   341500)         1330    0.0044%   3.6106%
  [   341500,   342000)         1225    0.0041%   3.6146%
  [   342000,   342500)         1304    0.0043%   3.6190%
  [   342500,   343000)         1288    0.0043%   3.6233%
  [   343000,   343500)         1256    0.0042%   3.6275%
  [   343500,   344000)         1245    0.0042%   3.6316%
  [   344000,   344500)         1223    0.0041%   3.6357%
  [   344500,   345000)         1283    0.0043%   3.6400%
  [   345000,   345500)         1216    0.0041%   3.6440%
  [   345500,   346000)         1307    0.0044%   3.6484%
  [   346000,   346500)         1324    0.0044%   3.6528%
  [   346500,   347000)         1262    0.0042%   3.6570%
  [   347000,   347500)         1286    0.0043%   3.6613%
  [   347500,   348000)         1209    0.0040%   3.6653%
  [   348000,   348500)         1222    0.0041%   3.6694%
  [   348500,   349000)         1271    0.0042%   3.6736%
  [   349000,   349500)         1289    0.0043%   3.6779%
  [   349500,   350000)         1218    0.0041%   3.6820%
  [   350000,   350500)         1288    0.0043%   3.6863%
  [   350500,   351000)         1214    0.0040%   3.6903%
  [   351000,   351500)         1226    0.0041%   3.6944%
  [   351500,   352000)         1252    0.0042%   3.6986%
  [   352000,   352500)         1319    0.0044%   3.7030%
  [   352500,   353000)         1284    0.0043%   3.7073%
  [   353000,   353500)         1308    0.0044%   3.7116%
  [   353500,   354000)         1292    0.0043%   3.7159%
  [   354000,   354500)         1246    0.0042%   3.7201%
  [   354500,   355000)         1257    0.0042%   3.7243%
  [   355000,   355500)         1277    0.0043%   3.7285%
  [   355500,   356000)         1234    0.0041%   3.7326%
  [   356000,   356500)         1232    0.0041%   3.7368%
  [   356500,   357000)         1255    0.0042%   3.7409%
  [   357000,   357500)         1262    0.0042%   3.7451%
  [   357500,   358000)         1280    0.0043%   3.7494%
  [   358000,   358500)         1304    0.0043%   3.7538%
  [   358500,   359000)         1239    0.0041%   3.7579%
  [   359000,   359500)         1246    0.0042%   3.7620%
  [   359500,   360000)         1216    0.0041%   3.7661%
  [   360000,   360500)         1193    0.0040%   3.7701%
  [   360500,   361000)         1289    0.0043%   3.7744%
  [   361000,   361500)         1251    0.0042%   3.7785%
  [   361500,   362000)         1271    0.0042%   3.7828%
  [   362000,   362500)         1273    0.0042%   3.7870%
  [   362500,   363000)         1339    0.0045%   3.7915%
  [   363000,   363500)         1261    0.0042%   3.7957%
  [   363500,   364000)         1239    0.0041%   3.7998%
  [   364000,   364500)         1240    0.0041%   3.8039%
  [   364500,   365000)         1233    0.0041%   3.8081%
  [   365000,   365500)         1238    0.0041%   3.8122%
  [   365500,   366000)         1238    0.0041%   3.8163%
  [   366000,   366500)         1226    0.0041%   3.8204%
  [   366500,   367000)         1254    0.0042%   3.8246%
  [   367000,   367500)         1247    0.0042%   3.8287%
  [   367500,   368000)         1227    0.0041%   3.8328%
  [   368000,   368500)         1326    0.0044%   3.8372%
  [   368500,   369000)         1269    0.0042%   3.8415%
  [   369000,   369500)         1276    0.0043%   3.8457%
  [   369500,   370000)         1284    0.0043%   3.8500%
  [   370000,   370500)         1237    0.0041%   3.8541%
  [   370500,   371000)         1311    0.0044%   3.8585%
  [   371000,   371500)         1194    0.0040%   3.8625%
  [   371500,   372000)         1203    0.0040%   3.8665%
  [   372000,   372500)         1293    0.0043%   3.8708%
  [   372500,   373000)         1208    0.0040%   3.8748%
  [   373000,   373500)         1260    0.0042%   3.8790%
  [   373500,   374000)         1301    0.0043%   3.8834%
  [   374000,   374500)         1263    0.0042%   3.8876%
  [   374500,   375000)         1285    0.0043%   3.8919%
  [   375000,   375500)         1300    0.0043%   3.8962%
  [   375500,   376000)         1258    0.0042%   3.9004%
  [   376000,   376500)         1281    0.0043%   3.9047%
  [   376500,   377000)         1290    0.0043%   3.9090%
  [   377000,   377500)         1328    0.0044%   3.9134%
  [   377500,   378000)         1271    0.0042%   3.9176%
  [   378000,   378500)         1301    0.0043%   3.9220%
  [   378500,   379000)         1328    0.0044%   3.9264%
  [   379000,   379500)         1251    0.0042%   3.9305%
  [   379500,   380000)         1244    0.0041%   3.9347%
  [   380000,   380500)         1246    0.0042%   3.9388%
  [   380500,   381000)         1290    0.0043%   3.9431%
  [   381000,   381500)         1235    0.0041%   3.9473%
  [   381500,   382000)         1277    0.0043%   3.9515%
  [   382000,   382500)         1220    0.0041%   3.9556%
  [   382500,   383000)         1269    0.0042%   3.9598%
  [   383000,   383500)         1278    0.0043%   3.9641%
  [   383500,   384000)         1291    0.0043%   3.9684%
  [   384000,   384500)         1347    0.0045%   3.9729%
  [   384500,   385000)         1244    0.0041%   3.9770%
  [   385000,   385500)         1334    0.0044%   3.9815%
  [   385500,   386000)         1308    0.0044%   3.9858%
  [   386000,   386500)         1246    0.0042%   3.9900%
  [   386500,   387000)         1280    0.0043%   3.9942%
  [   387000,   387500)         1278    0.0043%   3.9985%
  [   387500,   388000)         1266    0.0042%   4.0027%
  [   388000,   388500)         1334    0.0044%   4.0072%
  [   388500,   389000)         1248    0.0042%   4.0113%
  [   389000,   389500)         1254    0.0042%   4.0155%
  [   389500,   390000)         1297    0.0043%   4.0198%
  [   390000,   390500)         1330    0.0044%   4.0243%
  [   390500,   391000)         1309    0.0044%   4.0286%
  [   391000,   391500)         1255    0.0042%   4.0328%
  [   391500,   392000)         1275    0.0043%   4.0371%
  [   392000,   392500)         1325    0.0044%   4.0415%
  [   392500,   393000)         1299    0.0043%   4.0458%
  [   393000,   393500)         1339    0.0045%   4.0503%
  [   393500,   394000)         1298    0.0043%   4.0546%
  [   394000,   394500)         1303    0.0043%   4.0589%
  [   394500,   395000)         1311    0.0044%   4.0633%
  [   395000,   395500)         1299    0.0043%   4.0676%
  [   395500,   396000)         1346    0.0045%   4.0721%
  [   396000,   396500)         1367    0.0046%   4.0767%
  [   396500,   397000)         1296    0.0043%   4.0810%
  [   397000,   397500)         1333    0.0044%   4.0855%
  [   397500,   398000)         1298    0.0043%   4.0898%
  [   398000,   398500)         1306    0.0044%   4.0941%
  [   398500,   399000)         1246    0.0042%   4.0983%
  [   399000,   399500)         1391    0.0046%   4.1029%
  [   399500,   400000)         1291    0.0043%   4.1072%
  [   400000,   400500)         1334    0.0044%   4.1117%
  [   400500,   401000)         1340    0.0045%   4.1161%
  [   401000,   401500)         1410    0.0047%   4.1208%
  [   401500,   402000)         1336    0.0045%   4.1253%
  [   402000,   402500)         1304    0.0043%   4.1296%
  [   402500,   403000)         1325    0.0044%   4.1341%
  [   403000,   403500)         1296    0.0043%   4.1384%
  [   403500,   404000)         1407    0.0047%   4.1431%
  [   404000,   404500)         1342    0.0045%   4.1475%
  [   404500,   405000)         1312    0.0044%   4.1519%
  [   405000,   405500)         1386    0.0046%   4.1565%
  [   405500,   406000)         1331    0.0044%   4.1610%
  [   406000,   406500)         1341    0.0045%   4.1654%
  [   406500,   407000)         1375    0.0046%   4.1700%
  [   407000,   407500)         1384    0.0046%   4.1746%
  [   407500,   408000)         1354    0.0045%   4.1791%
  [   408000,   408500)         1321    0.0044%   4.1836%
  [   408500,   409000)         1355    0.0045%   4.1881%
  [   409000,   409500)         1378    0.0046%   4.1927%
  [   409500,   410000)         1378    0.0046%   4.1973%
  [   410000,   410500)         1343    0.0045%   4.2017%
  [   410500,   411000)         1354    0.0045%   4.2062%
  [   411000,   411500)         1379    0.0046%   4.2108%
  [   411500,   412000)         1349    0.0045%   4.2153%
  [   412000,   412500)         1400    0.0047%   4.2200%
  [   412500,   413000)         1429    0.0048%   4.2248%
  [   413000,   413500)         1320    0.0044%   4.2292%
  [   413500,   414000)         1389    0.0046%   4.2338%
  [   414000,   414500)         1409    0.0047%   4.2385%
  [   414500,   415000)         1326    0.0044%   4.2429%
  [   415000,   415500)         1398    0.0047%   4.2476%
  [   415500,   416000)         1360    0.0045%   4.2521%
  [   416000,   416500)         1385    0.0046%   4.2567%
  [   416500,   417000)         1394    0.0046%   4.2614%
  [   417000,   417500)         1378    0.0046%   4.2660%
  [   417500,   418000)         1356    0.0045%   4.2705%
  [   418000,   418500)         1414    0.0047%   4.2752%
  [   418500,   419000)         1395    0.0047%   4.2798%
  [   419000,   419500)         1396    0.0047%   4.2845%
  [   419500,   420000)         1486    0.0050%   4.2895%
  [   420000,   420500)         1434    0.0048%   4.2942%
  [   420500,   421000)         1378    0.0046%   4.2988%
  [   421000,   421500)         1367    0.0046%   4.3034%
  [   421500,   422000)         1436    0.0048%   4.3082%
  [   422000,   422500)         1408    0.0047%   4.3129%
  [   422500,   423000)         1418    0.0047%   4.3176%
  [   423000,   423500)         1440    0.0048%   4.3224%
  [   423500,   424000)         1414    0.0047%   4.3271%
  [   424000,   424500)         1394    0.0046%   4.3318%
  [   424500,   425000)         1416    0.0047%   4.3365%
  [   425000,   425500)         1434    0.0048%   4.3413%
  [   425500,   426000)         1421    0.0047%   4.3460%
  [   426000,   426500)         1411    0.0047%   4.3507%
  [   426500,   427000)         1426    0.0048%   4.3554%
  [   427000,   427500)         1430    0.0048%   4.3602%
  [   427500,   428000)         1391    0.0046%   4.3648%
  [   428000,   428500)         1399    0.0047%   4.3695%
  [   428500,   429000)         1500    0.0050%   4.3745%
  [   429000,   429500)         1447    0.0048%   4.3793%
  [   429500,   430000)         1437    0.0048%   4.3841%
  [   430000,   430500)         1462    0.0049%   4.3890%
  [   430500,   431000)         1435    0.0048%   4.3938%
  [   431000,   431500)         1454    0.0048%   4.3986%
  [   431500,   432000)         1442    0.0048%   4.4034%
  [   432000,   432500)         1534    0.0051%   4.4085%
  [   432500,   433000)         1468    0.0049%   4.4134%
  [   433000,   433500)         1436    0.0048%   4.4182%
  [   433500,   434000)         1430    0.0048%   4.4230%
  [   434000,   434500)         1444    0.0048%   4.4278%
  [   434500,   435000)         1433    0.0048%   4.4326%
  [   435000,   435500)         1494    0.0050%   4.4376%
  [   435500,   436000)         1529    0.0051%   4.4427%
  [   436000,   436500)         1518    0.0051%   4.4477%
  [   436500,   437000)         1478    0.0049%   4.4526%
  [   437000,   437500)         1498    0.0050%   4.4576%
  [   437500,   438000)         1449    0.0048%   4.4625%
  [   438000,   438500)         1477    0.0049%   4.4674%
  [   438500,   439000)         1467    0.0049%   4.4723%
  [   439000,   439500)         1415    0.0047%   4.4770%
  [   439500,   440000)         1430    0.0048%   4.4818%
  [   440000,   440500)         1578    0.0053%   4.4870%
  [   440500,   441000)         1512    0.0050%   4.4921%
  [   441000,   441500)         1496    0.0050%   4.4971%
  [   441500,   442000)         1523    0.0051%   4.5021%
  [   442000,   442500)         1505    0.0050%   4.5071%
  [   442500,   443000)         1508    0.0050%   4.5122%
  [   443000,   443500)         1452    0.0048%   4.5170%
  [   443500,   444000)         1513    0.0050%   4.5221%
  [   444000,   444500)         1504    0.0050%   4.5271%
  [   444500,   445000)         1546    0.0052%   4.5322%
  [   445000,   445500)         1600    0.0053%   4.5376%
  [   445500,   446000)         1532    0.0051%   4.5427%
  [   446000,   446500)         1553    0.0052%   4.5478%
  [   446500,   447000)         1571    0.0052%   4.5531%
  [   447000,   447500)         1528    0.0051%   4.5582%
  [   447500,   448000)         1591    0.0053%   4.5635%
  [   448000,   448500)         1474    0.0049%   4.5684%
  [   448500,   449000)         1574    0.0052%   4.5736%
  [   449000,   449500)         1557    0.0052%   4.5788%
  [   449500,   450000)         1546    0.0052%   4.5840%
  [   450000,   450500)         1555    0.0052%   4.5892%
  [   450500,   451000)         1594    0.0053%   4.5945%
  [   451000,   451500)         1622    0.0054%   4.5999%
  [   451500,   452000)         1612    0.0054%   4.6053%
  [   452000,   452500)         1557    0.0052%   4.6104%
  [   452500,   453000)         1540    0.0051%   4.6156%
  [   453000,   453500)         1551    0.0052%   4.6207%
  [   453500,   454000)         1576    0.0053%   4.6260%
  [   454000,   454500)         1642    0.0055%   4.6315%
  [   454500,   455000)         1550    0.0052%   4.6366%
  [   455000,   455500)         1590    0.0053%   4.6419%
  [   455500,   456000)         1619    0.0054%   4.6473%
  [   456000,   456500)         1621    0.0054%   4.6527%
  [   456500,   457000)         1609    0.0054%   4.6581%
  [   457000,   457500)         1586    0.0053%   4.6634%
  [   457500,   458000)         1665    0.0056%   4.6689%
  [   458000,   458500)         1540    0.0051%   4.6741%
  [   458500,   459000)         1625    0.0054%   4.6795%
  [   459000,   459500)         1568    0.0052%   4.6847%
  [   459500,   460000)         1622    0.0054%   4.6901%
  [   460000,   460500)         1705    0.0057%   4.6958%
  [   460500,   461000)         1690    0.0056%   4.7014%
  [   461000,   461500)         1628    0.0054%   4.7069%
  [   461500,   462000)         1660    0.0055%   4.7124%
  [   462000,   462500)         1655    0.0055%   4.7179%
  [   462500,   463000)         1702    0.0057%   4.7236%
  [   463000,   463500)         1740    0.0058%   4.7294%
  [   463500,   464000)         1638    0.0055%   4.7349%
  [   464000,   464500)         1700    0.0057%   4.7405%
  [   464500,   465000)         1800    0.0060%   4.7465%
  [   465000,   465500)         1738    0.0058%   4.7523%
  [   465500,   466000)         1685    0.0056%   4.7579%
  [   466000,   466500)         1721    0.0057%   4.7637%
  [   466500,   467000)         1733    0.0058%   4.7694%
  [   467000,   467500)         1676    0.0056%   4.7750%
  [   467500,   468000)         1772    0.0059%   4.7809%
  [   468000,   468500)         1746    0.0058%   4.7868%
  [   468500,   469000)         1818    0.0061%   4.7928%
  [   469000,   469500)         1724    0.0057%   4.7986%
  [   469500,   470000)         1747    0.0058%   4.8044%
  [   470000,   470500)         1733    0.0058%   4.8102%
  [   470500,   471000)         1764    0.0059%   4.8160%
  [   471000,   471500)         1808    0.0060%   4.8221%
  [   471500,   472000)         1747    0.0058%   4.8279%
  [   472000,   472500)         1843    0.0061%   4.8340%
  [   472500,   473000)         1804    0.0060%   4.8400%
  [   473000,   473500)         1802    0.0060%   4.8461%
  [   473500,   474000)         1804    0.0060%   4.8521%
  [   474000,   474500)         1872    0.0062%   4.8583%
  [   474500,   475000)         1830    0.0061%   4.8644%
  [   475000,   475500)         1829    0.0061%   4.8705%
  [   475500,   476000)         1767    0.0059%   4.8764%
  [   476000,   476500)         1866    0.0062%   4.8826%
  [   476500,   477000)         1891    0.0063%   4.8889%
  [   477000,   477500)         1846    0.0062%   4.8951%
  [   477500,   478000)         1914    0.0064%   4.9015%
  [   478000,   478500)         1908    0.0064%   4.9078%
  [   478500,   479000)         1894    0.0063%   4.9141%
  [   479000,   479500)         1923    0.0064%   4.9205%
  [   479500,   480000)         1944    0.0065%   4.9270%
  [   480000,   480500)         1934    0.0064%   4.9335%
  [   480500,   481000)         1889    0.0063%   4.9398%
  [   481000,   481500)         1940    0.0065%   4.9462%
  [   481500,   482000)         2019    0.0067%   4.9530%
  [   482000,   482500)         1949    0.0065%   4.9595%
  [   482500,   483000)         2035    0.0068%   4.9662%
  [   483000,   483500)         1991    0.0066%   4.9729%
  [   483500,   484000)         1929    0.0064%   4.9793%
  [   484000,   484500)         2114    0.0070%   4.9863%
  [   484500,   485000)         2045    0.0068%   4.9932%
  [   485000,   485500)         2086    0.0070%   5.0001%
  [   485500,   486000)         2119    0.0071%   5.0072%
  [   486000,   486500)         2016    0.0067%   5.0139%
  [   486500,   487000)         2013    0.0067%   5.0206%
  [   487000,   487500)         2043    0.0068%   5.0274%
  [   487500,   488000)         2104    0.0070%   5.0344%
  [   488000,   488500)         2105    0.0070%   5.0415%
  [   488500,   489000)         2008    0.0067%   5.0481%
  [   489000,   489500)         2137    0.0071%   5.0553%
  [   489500,   490000)         2161    0.0072%   5.0625%
  [   490000,   490500)         2191    0.0073%   5.0698%
  [   490500,   491000)         2212    0.0074%   5.0771%
  [   491000,   491500)         2111    0.0070%   5.0842%
  [   491500,   492000)         2162    0.0072%   5.0914%
  [   492000,   492500)         2108    0.0070%   5.0984%
  [   492500,   493000)         2164    0.0072%   5.1056%
  [   493000,   493500)         2268    0.0076%   5.1132%
  [   493500,   494000)         2181    0.0073%   5.1205%
  [   494000,   494500)         2306    0.0077%   5.1281%
  [   494500,   495000)         2191    0.0073%   5.1355%
  [   495000,   495500)         2252    0.0075%   5.1430%
  [   495500,   496000)         2356    0.0079%   5.1508%
  [   496000,   496500)         2280    0.0076%   5.1584%
  [   496500,   497000)         2310    0.0077%   5.1661%
  [   497000,   497500)         2293    0.0076%   5.1738%
  [   497500,   498000)         2287    0.0076%   5.1814%
  [   498000,   498500)         2327    0.0078%   5.1891%
  [   498500,   499000)         2465    0.0082%   5.1974%
  [   499000,   499500)         2280    0.0076%   5.2050%
  [   499500,   500000)         2512    0.0084%   5.2133%
  [   500000,   500500)         2437    0.0081%   5.2214%
  [   500500,   501000)         2567    0.0086%   5.2300%
  [   501000,   501500)         2443    0.0081%   5.2381%
  [   501500,   502000)         2427    0.0081%   5.2462%
  [   502000,   502500)         2509    0.0084%   5.2546%
  [   502500,   503000)         2506    0.0084%   5.2630%
  [   503000,   503500)         2513    0.0084%   5.2713%
  [   503500,   504000)         2568    0.0086%   5.2799%
  [   504000,   504500)         2565    0.0086%   5.2884%
  [   504500,   505000)         2651    0.0088%   5.2973%
  [   505000,   505500)         2650    0.0088%   5.3061%
  [   505500,   506000)         2605    0.0087%   5.3148%
  [   506000,   506500)         2637    0.0088%   5.3236%
  [   506500,   507000)         2689    0.0090%   5.3325%
  [   507000,   507500)         2689    0.0090%   5.3415%
  [   507500,   508000)         2746    0.0092%   5.3507%
  [   508000,   508500)         2810    0.0094%   5.3600%
  [   508500,   509000)         2736    0.0091%   5.3692%
  [   509000,   509500)         2809    0.0094%   5.3785%
  [   509500,   510000)         2865    0.0096%   5.3881%
  [   510000,   510500)         2850    0.0095%   5.3976%
  [   510500,   511000)         2790    0.0093%   5.4069%
  [   511000,   511500)         2842    0.0095%   5.4163%
  [   511500,   512000)         2917    0.0097%   5.4261%
  [   512000,   512500)         2903    0.0097%   5.4357%
  [   512500,   513000)         2829    0.0094%   5.4452%
  [   513000,   513500)         2981    0.0099%   5.4551%
  [   513500,   514000)         2998    0.0100%   5.4651%
  [   514000,   514500)         3055    0.0102%   5.4753%
  [   514500,   515000)         3116    0.0104%   5.4857%
  [   515000,   515500)         3046    0.0102%   5.4958%
  [   515500,   516000)         3043    0.0101%   5.5060%
  [   516000,   516500)         3106    0.0104%   5.5163%
  [   516500,   517000)         3218    0.0107%   5.5270%
  [   517000,   517500)         3306    0.0110%   5.5381%
  [   517500,   518000)         3185    0.0106%   5.5487%
  [   518000,   518500)         3360    0.0112%   5.5599%
  [   518500,   519000)         3323    0.0111%   5.5710%
  [   519000,   519500)         3342    0.0111%   5.5821%
  [   519500,   520000)         3234    0.0108%   5.5929%
  [   520000,   520500)         3412    0.0114%   5.6043%
  [   520500,   521000)         3418    0.0114%   5.6156%
  [   521000,   521500)         3317    0.0111%   5.6267%
  [   521500,   522000)         3456    0.0115%   5.6382%
  [   522000,   522500)         3459    0.0115%   5.6498%
  [   522500,   523000)         3572    0.0119%   5.6617%
  [   523000,   523500)         3505    0.0117%   5.6733%
  [   523500,   524000)         3541    0.0118%   5.6851%
  [   524000,   524500)         3669    0.0122%   5.6974%
  [   524500,   525000)         3627    0.0121%   5.7095%
  [   525000,   525500)         3614    0.0120%   5.7215%
  [   525500,   526000)         3652    0.0122%   5.7337%
  [   526000,   526500)         3738    0.0125%   5.7461%
  [   526500,   527000)         3753    0.0125%   5.7587%
  [   527000,   527500)         3733    0.0124%   5.7711%
  [   527500,   528000)         3761    0.0125%   5.7836%
  [   528000,   528500)         3794    0.0126%   5.7963%
  [   528500,   529000)         3921    0.0131%   5.8094%
  [   529000,   529500)         4055    0.0135%   5.8229%
  [   529500,   530000)         3869    0.0129%   5.8358%
  [   530000,   530500)         3984    0.0133%   5.8490%
  [   530500,   531000)         4033    0.0134%   5.8625%
  [   531000,   531500)         3987    0.0133%   5.8758%
  [   531500,   532000)         4193    0.0140%   5.8898%
  [   532000,   532500)         4121    0.0137%   5.9035%
  [   532500,   533000)         4283    0.0143%   5.9178%
  [   533000,   533500)         4408    0.0147%   5.9325%
  [   533500,   534000)         4296    0.0143%   5.9468%
  [   534000,   534500)         4314    0.0144%   5.9612%
  [   534500,   535000)         4398    0.0147%   5.9758%
  [   535000,   535500)         4393    0.0146%   5.9905%
  [   535500,   536000)         4429    0.0148%   6.0052%
  [   536000,   536500)         4447    0.0148%   6.0201%
  [   536500,   537000)         4704    0.0157%   6.0357%
  [   537000,   537500)         4587    0.0153%   6.0510%
  [   537500,   538000)         4643    0.0155%   6.0665%
  [   538000,   538500)         4578    0.0153%   6.0818%
  [   538500,   539000)         4735    0.0158%   6.0975%
  [   539000,   539500)         4821    0.0161%   6.1136%
  [   539500,   540000)         4868    0.0162%   6.1298%
  [   540000,   540500)         4887    0.0163%   6.1461%
  [   540500,   541000)         4989    0.0166%   6.1628%
  [   541000,   541500)         4913    0.0164%   6.1791%
  [   541500,   542000)         5078    0.0169%   6.1961%
  [   542000,   542500)         5028    0.0168%   6.2128%
  [   542500,   543000)         5027    0.0168%   6.2296%
  [   543000,   543500)         5121    0.0171%   6.2466%
  [   543500,   544000)         5279    0.0176%   6.2642%
  [   544000,   544500)         5295    0.0177%   6.2819%
  [   544500,   545000)         5175    0.0173%   6.2991%
  [   545000,   545500)         5254    0.0175%   6.3167%
  [   545500,   546000)         5434    0.0181%   6.3348%
  [   546000,   546500)         5576    0.0186%   6.3534%
  [   546500,   547000)         5555    0.0185%   6.3719%
  [   547000,   547500)         5601    0.0187%   6.3905%
  [   547500,   548000)         5584    0.0186%   6.4092%
  [   548000,   548500)         5733    0.0191%   6.4283%
  [   548500,   549000)         5832    0.0194%   6.4477%
  [   549000,   549500)         5695    0.0190%   6.4667%
  [   549500,   550000)         5863    0.0195%   6.4862%
  [   550000,   550500)         5815    0.0194%   6.5056%
  [   550500,   551000)         5996    0.0200%   6.5256%
  [   551000,   551500)         6017    0.0201%   6.5457%
  [   551500,   552000)         6043    0.0201%   6.5658%
  [   552000,   552500)         6199    0.0207%   6.5865%
  [   552500,   553000)         6361    0.0212%   6.6077%
  [   553000,   553500)         6243    0.0208%   6.6285%
  [   553500,   554000)         6391    0.0213%   6.6498%
  [   554000,   554500)         6372    0.0212%   6.6710%
  [   554500,   555000)         6536    0.0218%   6.6928%
  [   555000,   555500)         6601    0.0220%   6.7148%
  [   555500,   556000)         6504    0.0217%   6.7365%
  [   556000,   556500)         6762    0.0225%   6.7590%
  [   556500,   557000)         6723    0.0224%   6.7814%
  [   557000,   557500)         6858    0.0229%   6.8043%
  [   557500,   558000)         6977    0.0233%   6.8276%
  [   558000,   558500)         7102    0.0237%   6.8512%
  [   558500,   559000)         7036    0.0235%   6.8747%
  [   559000,   559500)         7076    0.0236%   6.8983%
  [   559500,   560000)         7092    0.0236%   6.9219%
  [   560000,   560500)         7150    0.0238%   6.9457%
  [   560500,   561000)         7128    0.0238%   6.9695%
  [   561000,   561500)         7418    0.0247%   6.9942%
  [   561500,   562000)         7362    0.0245%   7.0188%
  [   562000,   562500)         7620    0.0254%   7.0442%
  [   562500,   563000)         7617    0.0254%   7.0696%
  [   563000,   563500)         7683    0.0256%   7.0952%
  [   563500,   564000)         7883    0.0263%   7.1215%
  [   564000,   564500)         7791    0.0260%   7.1474%
  [   564500,   565000)         7856    0.0262%   7.1736%
  [   565000,   565500)         7911    0.0264%   7.2000%
  [   565500,   566000)         8270    0.0276%   7.2275%
  [   566000,   566500)         8265    0.0276%   7.2551%
  [   566500,   567000)         8266    0.0276%   7.2826%
  [   567000,   567500)         8464    0.0282%   7.3109%
  [   567500,   568000)         8541    0.0285%   7.3393%
  [   568000,   568500)         8367    0.0279%   7.3672%
  [   568500,   569000)         8687    0.0290%   7.3962%
  [   569000,   569500)         8627    0.0288%   7.4249%
  [   569500,   570000)         8840    0.0295%   7.4544%
  [   570000,   570500)         8828    0.0294%   7.4838%
  [   570500,   571000)         8815    0.0294%   7.5132%
  [   571000,   571500)         9157    0.0305%   7.5437%
  [   571500,   572000)         9085    0.0303%   7.5740%
  [   572000,   572500)         9196    0.0307%   7.6047%
  [   572500,   573000)         9233    0.0308%   7.6354%
  [   573000,   573500)         9326    0.0311%   7.6665%
  [   573500,   574000)         9508    0.0317%   7.6982%
  [   574000,   574500)         9893    0.0330%   7.7312%
  [   574500,   575000)         9727    0.0324%   7.7636%
  [   575000,   575500)         9645    0.0322%   7.7958%
  [   575500,   576000)         9906    0.0330%   7.8288%
  [   576000,   576500)         9905    0.0330%   7.8618%
  [   576500,   577000)        10162    0.0339%   7.8957%
  [   577000,   577500)        10253    0.0342%   7.9299%
  [   577500,   578000)        10315    0.0344%   7.9642%
  [   578000,   578500)        10242    0.0341%   7.9984%
  [   578500,   579000)        10343    0.0345%   8.0329%
  [   579000,   579500)        10395    0.0347%   8.0675%
  [   579500,   580000)        10648    0.0355%   8.1030%
  [   580000,   580500)        10721    0.0357%   8.1387%
  [   580500,   581000)        10699    0.0357%   8.1744%
  [   581000,   581500)        10998    0.0367%   8.2111%
  [   581500,   582000)        11126    0.0371%   8.2482%
  [   582000,   582500)        11069    0.0369%   8.2851%
  [   582500,   583000)        11391    0.0380%   8.3230%
  [   583000,   583500)        11341    0.0378%   8.3608%
  [   583500,   584000)        11520    0.0384%   8.3992%
  [   584000,   584500)        11629    0.0388%   8.4380%
  [   584500,   585000)        11685    0.0390%   8.4769%
  [   585000,   585500)        11783    0.0393%   8.5162%
  [   585500,   586000)        11867    0.0396%   8.5558%
  [   586000,   586500)        11870    0.0396%   8.5953%
  [   586500,   587000)        12014    0.0400%   8.6354%
  [   587000,   587500)        12313    0.0410%   8.6764%
  [   587500,   588000)        12363    0.0412%   8.7176%
  [   588000,   588500)        12587    0.0420%   8.7596%
  [   588500,   589000)        12614    0.0420%   8.8016%
  [   589000,   589500)        12698    0.0423%   8.8440%
  [   589500,   590000)        12673    0.0422%   8.8862%
  [   590000,   590500)        13076    0.0436%   8.9298%
  [   590500,   591000)        13014    0.0434%   8.9732%
  [   591000,   591500)        13315    0.0444%   9.0176%
  [   591500,   592000)        13377    0.0446%   9.0622%
  [   592000,   592500)        13417    0.0447%   9.1069%
  [   592500,   593000)        13524    0.0451%   9.1520%
  [   593000,   593500)        13513    0.0450%   9.1970%
  [   593500,   594000)        13951    0.0465%   9.2435%
  [   594000,   594500)        13764    0.0459%   9.2894%
  [   594500,   595000)        14114    0.0470%   9.3364%
  [   595000,   595500)        14349    0.0478%   9.3843%
  [   595500,   596000)        14220    0.0474%   9.4317%
  [   596000,   596500)        14511    0.0484%   9.4800%
  [   596500,   597000)        14539    0.0485%   9.5285%
  [   597000,   597500)        14758    0.0492%   9.5777%
  [   597500,   598000)        14920    0.0497%   9.6274%
  [   598000,   598500)        15034    0.0501%   9.6775%
  [   598500,   599000)        14976    0.0499%   9.7275%
  [   599000,   599500)        15236    0.0508%   9.7782%
  [   599500,   600000)        15589    0.0520%   9.8302%
  [   600000,   600500)        15435    0.0515%   9.8817%
  [   600500,   601000)        15564    0.0519%   9.9335%
  [   601000,   601500)        15758    0.0525%   9.9861%
  [   601500,   602000)        16058    0.0535%  10.0396%
  [   602000,   602500)        16308    0.0544%  10.0939%
  [   602500,   603000)        16255    0.0542%  10.1481%
  [   603000,   603500)        16199    0.0540%  10.2021%
  [   603500,   604000)        16499    0.0550%  10.2571%
  [   604000,   604500)        16572    0.0552%  10.3124%
  [   604500,   605000)        17053    0.0568%  10.3692%
  [   605000,   605500)        17308    0.0577%  10.4269%
  [   605500,   606000)        17073    0.0569%  10.4838%
  [   606000,   606500)        17081    0.0569%  10.5407%
  [   606500,   607000)        17308    0.0577%  10.5984%
  [   607000,   607500)        17263    0.0575%  10.6560%
  [   607500,   608000)        17872    0.0596%  10.7156%
  [   608000,   608500)        17689    0.0590%  10.7745%
  [   608500,   609000)        18045    0.0602%  10.8347%
  [   609000,   609500)        18080    0.0603%  10.8949%
  [   609500,   610000)        18431    0.0614%  10.9564%
  [   610000,   610500)        18343    0.0611%  11.0175%
  [   610500,   611000)        18526    0.0618%  11.0793%
  [   611000,   611500)        18782    0.0626%  11.1419%
  [   611500,   612000)        18846    0.0628%  11.2047%
  [   612000,   612500)        18969    0.0632%  11.2679%
  [   612500,   613000)        19114    0.0637%  11.3316%
  [   613000,   613500)        19476    0.0649%  11.3966%
  [   613500,   614000)        19209    0.0640%  11.4606%
  [   614000,   614500)        19656    0.0655%  11.5261%
  [   614500,   615000)        19766    0.0659%  11.5920%
  [   615000,   615500)        20107    0.0670%  11.6590%
  [   615500,   616000)        20046    0.0668%  11.7258%
  [   616000,   616500)        20010    0.0667%  11.7925%
  [   616500,   617000)        20576    0.0686%  11.8611%
  [   617000,   617500)        20424    0.0681%  11.9292%
  [   617500,   618000)        20812    0.0694%  11.9986%
  [   618000,   618500)        21071    0.0702%  12.0688%
  [   618500,   619000)        21132    0.0704%  12.1393%
  [   619000,   619500)        21052    0.0702%  12.2094%
  [   619500,   620000)        21312    0.0710%  12.2805%
  [   620000,   620500)        21331    0.0711%  12.3516%
  [   620500,   621000)        21623    0.0721%  12.4237%
  [   621000,   621500)        22079    0.0736%  12.4972%
  [   621500,   622000)        21912    0.0730%  12.5703%
  [   622000,   622500)        22441    0.0748%  12.6451%
  [   622500,   623000)        22173    0.0739%  12.7190%
  [   623000,   623500)        22243    0.0741%  12.7931%
  [   623500,   624000)        22677    0.0756%  12.8687%
  [   624000,   624500)        22790    0.0760%  12.9447%
  [   624500,   625000)        23111    0.0770%  13.0217%
  [   625000,   625500)        23277    0.0776%  13.0993%
  [   625500,   626000)        23351    0.0778%  13.1772%
  [   626000,   626500)        23442    0.0781%  13.2553%
  [   626500,   627000)        23908    0.0797%  13.3350%
  [   627000,   627500)        23783    0.0793%  13.4143%
  [   627500,   628000)        24230    0.0808%  13.4950%
  [   628000,   628500)        24222    0.0807%  13.5758%
  [   628500,   629000)        24205    0.0807%  13.6565%
  [   629000,   629500)        24578    0.0819%  13.7384%
  [   629500,   630000)        24838    0.0828%  13.8212%
  [   630000,   630500)        24813    0.0827%  13.9039%
  [   630500,   631000)        25364    0.0845%  13.9884%
  [   631000,   631500)        25342    0.0845%  14.0729%
  [   631500,   632000)        25201    0.0840%  14.1569%
  [   632000,   632500)        25635    0.0855%  14.2424%
  [   632500,   633000)        25598    0.0853%  14.3277%
  [   633000,   633500)        26171    0.0872%  14.4149%
  [   633500,   634000)        26076    0.0869%  14.5019%
  [   634000,   634500)        26379    0.0879%  14.5898%
  [   634500,   635000)        26325    0.0878%  14.6775%
  [   635000,   635500)        26757    0.0892%  14.7667%
  [   635500,   636000)        27052    0.0902%  14.8569%
  [   636000,   636500)        27015    0.0901%  14.9469%
  [   636500,   637000)        27368    0.0912%  15.0382%
  [   637000,   637500)        27495    0.0917%  15.1298%
  [   637500,   638000)        27470    0.0916%  15.2214%
  [   638000,   638500)        27796    0.0927%  15.3140%
  [   638500,   639000)        28010    0.0934%  15.4074%
  [   639000,   639500)        28332    0.0944%  15.5018%
  [   639500,   640000)        28693    0.0956%  15.5975%
  [   640000,   640500)        28681    0.0956%  15.6931%
  [   640500,   641000)        28910    0.0964%  15.7895%
  [   641000,   641500)        28683    0.0956%  15.8851%
  [   641500,   642000)        29066    0.0969%  15.9820%
  [   642000,   642500)        29213    0.0974%  16.0793%
  [   642500,   643000)        29108    0.0970%  16.1764%
  [   643000,   643500)        29646    0.0988%  16.2752%
  [   643500,   644000)        30008    0.1000%  16.3752%
  [   644000,   644500)        30080    0.1003%  16.4755%
  [   644500,   645000)        30147    0.1005%  16.5760%
  [   645000,   645500)        30486    0.1016%  16.6776%
  [   645500,   646000)        30584    0.1019%  16.7795%
  [   646000,   646500)        30855    0.1029%  16.8824%
  [   646500,   647000)        30912    0.1030%  16.9854%
  [   647000,   647500)        31043    0.1035%  17.0889%
  [   647500,   648000)        31305    0.1044%  17.1933%
  [   648000,   648500)        31738    0.1058%  17.2990%
  [   648500,   649000)        31876    0.1063%  17.4053%
  [   649000,   649500)        31915    0.1064%  17.5117%
  [   649500,   650000)        32005    0.1067%  17.6184%
  [   650000,   650500)        32262    0.1075%  17.7259%
  [   650500,   651000)        32381    0.1079%  17.8338%
  [   651000,   651500)        32700    0.1090%  17.9428%
  [   651500,   652000)        32838    0.1095%  18.0523%
  [   652000,   652500)        33131    0.1104%  18.1627%
  [   652500,   653000)        33459    0.1115%  18.2743%
  [   653000,   653500)        33537    0.1118%  18.3861%
  [   653500,   654000)        33360    0.1112%  18.4973%
  [   654000,   654500)        33846    0.1128%  18.6101%
  [   654500,   655000)        33886    0.1130%  18.7230%
  [   655000,   655500)        34153    0.1138%  18.8369%
  [   655500,   656000)        34515    0.1151%  18.9519%
  [   656000,   656500)        34448    0.1148%  19.0668%
  [   656500,   657000)        34822    0.1161%  19.1828%
  [   657000,   657500)        35043    0.1168%  19.2996%
  [   657500,   658000)        34843    0.1161%  19.4158%
  [   658000,   658500)        35417    0.1181%  19.5338%
  [   658500,   659000)        35272    0.1176%  19.6514%
  [   659000,   659500)        35767    0.1192%  19.7706%
  [   659500,   660000)        35956    0.1199%  19.8905%
  [   660000,   660500)        36023    0.1201%  20.0106%
  [   660500,   661000)        36184    0.1206%  20.1312%
  [   661000,   661500)        36307    0.1210%  20.2522%
  [   661500,   662000)        37069    0.1236%  20.3758%
  [   662000,   662500)        36733    0.1224%  20.4982%
  [   662500,   663000)        36651    0.1222%  20.6204%
  [   663000,   663500)        37370    0.1246%  20.7449%
  [   663500,   664000)        37439    0.1248%  20.8697%
  [   664000,   664500)        37496    0.1250%  20.9947%
  [   664500,   665000)        37644    0.1255%  21.1202%
  [   665000,   665500)        37755    0.1259%  21.2461%
  [   665500,   666000)        38276    0.1276%  21.3736%
  [   666000,   666500)        38698    0.1290%  21.5026%
  [   666500,   667000)        38494    0.1283%  21.6309%
  [   667000,   667500)        38521    0.1284%  21.7594%
  [   667500,   668000)        38858    0.1295%  21.8889%
  [   668000,   668500)        39033    0.1301%  22.0190%
  [   668500,   669000)        38977    0.1299%  22.1489%
  [   669000,   669500)        39254    0.1308%  22.2798%
  [   669500,   670000)        39564    0.1319%  22.4116%
  [   670000,   670500)        39692    0.1323%  22.5439%
  [   670500,   671000)        40296    0.1343%  22.6783%
  [   671000,   671500)        40340    0.1345%  22.8127%
  [   671500,   672000)        39828    0.1328%  22.9455%
  [   672000,   672500)        40611    0.1354%  23.0809%
  [   672500,   673000)        40093    0.1336%  23.2145%
  [   673000,   673500)        40326    0.1344%  23.3489%
  [   673500,   674000)        40755    0.1359%  23.4848%
  [   674000,   674500)        41059    0.1369%  23.6216%
  [   674500,   675000)        41369    0.1379%  23.7595%
  [   675000,   675500)        41377    0.1379%  23.8975%
  [   675500,   676000)        41730    0.1391%  24.0366%
  [   676000,   676500)        41483    0.1383%  24.1748%
  [   676500,   677000)        42155    0.1405%  24.3154%
  [   677000,   677500)        42208    0.1407%  24.4560%
  [   677500,   678000)        41943    0.1398%  24.5959%
  [   678000,   678500)        42661    0.1422%  24.7381%
  [   678500,   679000)        42589    0.1420%  24.8800%
  [   679000,   679500)        43262    0.1442%  25.0242%
  [   679500,   680000)        42977    0.1433%  25.1675%
  [   680000,   680500)        43043    0.1435%  25.3110%
  [   680500,   681000)        43137    0.1438%  25.4548%
  [   681000,   681500)        43825    0.1461%  25.6008%
  [   681500,   682000)        43560    0.1452%  25.7460%
  [   682000,   682500)        44176    0.1473%  25.8933%
  [   682500,   683000)        44078    0.1469%  26.0402%
  [   683000,   683500)        44382    0.1479%  26.1882%
  [   683500,   684000)        44416    0.1481%  26.3362%
  [   684000,   684500)        44610    0.1487%  26.4849%
  [   684500,   685000)        44621    0.1487%  26.6336%
  [   685000,   685500)        44715    0.1491%  26.7827%
  [   685500,   686000)        44722    0.1491%  26.9318%
  [   686000,   686500)        44894    0.1496%  27.0814%
  [   686500,   687000)        45323    0.1511%  27.2325%
  [   687000,   687500)        45223    0.1507%  27.3832%
  [   687500,   688000)        45866    0.1529%  27.5361%
  [   688000,   688500)        45873    0.1529%  27.6890%
  [   688500,   689000)        45781    0.1526%  27.8416%
  [   689000,   689500)        46167    0.1539%  27.9955%
  [   689500,   690000)        46079    0.1536%  28.1491%
  [   690000,   690500)        46226    0.1541%  28.3032%
  [   690500,   691000)        46471    0.1549%  28.4581%
  [   691000,   691500)        46656    0.1555%  28.6136%
  [   691500,   692000)        46725    0.1558%  28.7694%
  [   692000,   692500)        46899    0.1563%  28.9257%
  [   692500,   693000)        47181    0.1573%  29.0830%
  [   693000,   693500)        47019    0.1567%  29.2397%
  [   693500,   694000)        47134    0.1571%  29.3968%
  [   694000,   694500)        47135    0.1571%  29.5539%
  [   694500,   695000)        47509    0.1584%  29.7123%
  [   695000,   695500)        47500    0.1583%  29.8706%
  [   695500,   696000)        47884    0.1596%  30.0303%
  [   696000,   696500)        48289    0.1610%  30.1912%
  [   696500,   697000)        48545    0.1618%  30.3530%
  [   697000,   697500)        48350    0.1612%  30.5142%
  [   697500,   698000)        48574    0.1619%  30.6761%
  [   698000,   698500)        48593    0.1620%  30.8381%
  [   698500,   699000)        48741    0.1625%  31.0006%
  [   699000,   699500)        48693    0.1623%  31.1629%
  [   699500,   700000)        49013    0.1634%  31.3262%
  [   700000,   700500)        48979    0.1633%  31.4895%
  [   700500,   701000)        49098    0.1637%  31.6532%
  [   701000,   701500)        49236    0.1641%  31.8173%
  [   701500,   702000)        49423    0.1647%  31.9820%
  [   702000,   702500)        50113    0.1670%  32.1491%
  [   702500,   703000)        50253    0.1675%  32.3166%
  [   703000,   703500)        49656    0.1655%  32.4821%
  [   703500,   704000)        50188    0.1673%  32.6494%
  [   704000,   704500)        50304    0.1677%  32.8171%
  [   704500,   705000)        50422    0.1681%  32.9852%
  [   705000,   705500)        50908    0.1697%  33.1548%
  [   705500,   706000)        50528    0.1684%  33.3233%
  [   706000,   706500)        50592    0.1686%  33.4919%
  [   706500,   707000)        50893    0.1696%  33.6616%
  [   707000,   707500)        51139    0.1705%  33.8320%
  [   707500,   708000)        51287    0.1710%  34.0030%
  [   708000,   708500)        51052    0.1702%  34.1732%
  [   708500,   709000)        51440    0.1715%  34.3446%
  [   709000,   709500)        51756    0.1725%  34.5171%
  [   709500,   710000)        51305    0.1710%  34.6882%
  [   710000,   710500)        51610    0.1720%  34.8602%
  [   710500,   711000)        51681    0.1723%  35.0325%
  [   711000,   711500)        51658    0.1722%  35.2047%
  [   711500,   712000)        51746    0.1725%  35.3771%
  [   712000,   712500)        52258    0.1742%  35.5513%
  [   712500,   713000)        51930    0.1731%  35.7244%
  [   713000,   713500)        52141    0.1738%  35.8982%
  [   713500,   714000)        52111    0.1737%  36.0719%
  [   714000,   714500)        52168    0.1739%  36.2458%
  [   714500,   715000)        52528    0.1751%  36.4209%
  [   715000,   715500)        52605    0.1754%  36.5963%
  [   715500,   716000)        52324    0.1744%  36.7707%
  [   716000,   716500)        52600    0.1753%  36.9460%
  [   716500,   717000)        52553    0.1752%  37.1212%
  [   717000,   717500)        52470    0.1749%  37.2961%
  [   717500,   718000)        53066    0.1769%  37.4730%
  [   718000,   718500)        53042    0.1768%  37.6498%
  [   718500,   719000)        53361    0.1779%  37.8277%
  [   719000,   719500)        53037    0.1768%  38.0045%
  [   719500,   720000)        53522    0.1784%  38.1829%
  [   720000,   720500)        53449    0.1782%  38.3610%
  [   720500,   721000)        53295    0.1777%  38.5387%
  [   721000,   721500)        53788    0.1793%  38.7180%
  [   721500,   722000)        53788    0.1793%  38.8973%
  [   722000,   722500)        54115    0.1804%  39.0776%
  [   722500,   723000)        53606    0.1787%  39.2563%
  [   723000,   723500)        53783    0.1793%  39.4356%
  [   723500,   724000)        53907    0.1797%  39.6153%
  [   724000,   724500)        53933    0.1798%  39.7951%
  [   724500,   725000)        53977    0.1799%  39.9750%
  [   725000,   725500)        54094    0.1803%  40.1553%
  [   725500,   726000)        54117    0.1804%  40.3357%
  [   726000,   726500)        54259    0.1809%  40.5166%
  [   726500,   727000)        54387    0.1813%  40.6979%
  [   727000,   727500)        54381    0.1813%  40.8791%
  [   727500,   728000)        54666    0.1822%  41.0613%
  [   728000,   728500)        55007    0.1834%  41.2447%
  [   728500,   729000)        54667    0.1822%  41.4269%
  [   729000,   729500)        54672    0.1822%  41.6092%
  [   729500,   730000)        54647    0.1822%  41.7913%
  [   730000,   730500)        54375    0.1813%  41.9726%
  [   730500,   731000)        54714    0.1824%  42.1550%
  [   731000,   731500)        54990    0.1833%  42.3383%
  [   731500,   732000)        55293    0.1843%  42.5226%
  [   732000,   732500)        55089    0.1836%  42.7062%
  [   732500,   733000)        55111    0.1837%  42.8899%
  [   733000,   733500)        55283    0.1843%  43.0742%
  [   733500,   734000)        55346    0.1845%  43.2587%
  [   734000,   734500)        55260    0.1842%  43.4429%
  [   734500,   735000)        55111    0.1837%  43.6266%
  [   735000,   735500)        55232    0.1841%  43.8107%
  [   735500,   736000)        55481    0.1849%  43.9956%
  [   736000,   736500)        55190    0.1840%  44.1796%
  [   736500,   737000)        55448    0.1848%  44.3644%
  [   737000,   737500)        55272    0.1842%  44.5486%
  [   737500,   738000)        55160    0.1839%  44.7325%
  [   738000,   738500)        55162    0.1839%  44.9164%
  [   738500,   739000)        55929    0.1864%  45.1028%
  [   739000,   739500)        55793    0.1860%  45.2888%
  [   739500,   740000)        55424    0.1847%  45.4735%
  [   740000,   740500)        55427    0.1848%  45.6583%
  [   740500,   741000)        55629    0.1854%  45.8437%
  [   741000,   741500)        55676    0.1856%  46.0293%
  [   741500,   742000)        55458    0.1849%  46.2142%
  [   742000,   742500)        55698    0.1857%  46.3998%
  [   742500,   743000)        55875    0.1863%  46.5861%
  [   743000,   743500)        55728    0.1858%  46.7718%
  [   743500,   744000)        55627    0.1854%  46.9573%
  [   744000,   744500)        55693    0.1856%  47.1429%
  [   744500,   745000)        55737    0.1858%  47.3287%
  [   745000,   745500)        55779    0.1859%  47.5146%
  [   745500,   746000)        55744    0.1858%  47.7004%
  [   746000,   746500)        55641    0.1855%  47.8859%
  [   746500,   747000)        55908    0.1864%  48.0723%
  [   747000,   747500)        55808    0.1860%  48.2583%
  [   747500,   748000)        55464    0.1849%  48.4432%
  [   748000,   748500)        55767    0.1859%  48.6291%
  [   748500,   749000)        55493    0.1850%  48.8140%
  [   749000,   749500)        55553    0.1852%  48.9992%
  [   749500,   750000)        55734    0.1858%  49.1850%
  [   750000,   750500)        55552    0.1852%  49.3702%
  [   750500,   751000)        55614    0.1854%  49.5556%
  [   751000,   751500)        55765    0.1859%  49.7414%
  [   751500,   752000)        55441    0.1848%  49.9262%
  [   752000,   752500)        55853    0.1862%  50.1124%
  [   752500,   753000)        56050    0.1868%  50.2993%
  [   753000,   753500)        55378    0.1846%  50.4838%
  [   753500,   754000)        55406    0.1847%  50.6685%
  [   754000,   754500)        55444    0.1848%  50.8533%
  [   754500,   755000)        55556    0.1852%  51.0385%
  [   755000,   755500)        55504    0.1850%  51.2235%
  [   755500,   756000)        55283    0.1843%  51.4078%
  [   756000,   756500)        55523    0.1851%  51.5929%
  [   756500,   757000)        55048    0.1835%  51.7764%
  [   757000,   757500)        55597    0.1853%  51.9617%
  [   757500,   758000)        55355    0.1845%  52.1462%
  [   758000,   758500)        55534    0.1851%  52.3313%
  [   758500,   759000)        55355    0.1845%  52.5159%
  [   759000,   759500)        55187    0.1840%  52.6998%
  [   759500,   760000)        55425    0.1848%  52.8846%
  [   760000,   760500)        55162    0.1839%  53.0684%
  [   760500,   761000)        55038    0.1835%  53.2519%
  [   761000,   761500)        54851    0.1828%  53.4347%
  [   761500,   762000)        55378    0.1846%  53.6193%
  [   762000,   762500)        54939    0.1831%  53.8025%
  [   762500,   763000)        55295    0.1843%  53.9868%
  [   763000,   763500)        55135    0.1838%  54.1706%
  [   763500,   764000)        55104    0.1837%  54.3542%
  [   764000,   764500)        54752    0.1825%  54.5367%
  [   764500,   765000)        54882    0.1829%  54.7197%
  [   765000,   765500)        54825    0.1828%  54.9024%
  [   765500,   766000)        54421    0.1814%  55.0838%
  [   766000,   766500)        54386    0.1813%  55.2651%
  [   766500,   767000)        54881    0.1829%  55.4481%
  [   767000,   767500)        55116    0.1837%  55.6318%
  [   767500,   768000)        54831    0.1828%  55.8146%
  [   768000,   768500)        54600    0.1820%  55.9966%
  [   768500,   769000)        54665    0.1822%  56.1788%
  [   769000,   769500)        55012    0.1834%  56.3621%
  [   769500,   770000)        54060    0.1802%  56.5423%
  [   770000,   770500)        54585    0.1820%  56.7243%
  [   770500,   771000)        54633    0.1821%  56.9064%
  [   771000,   771500)        54086    0.1803%  57.0867%
  [   771500,   772000)        54349    0.1812%  57.2679%
  [   772000,   772500)        54132    0.1804%  57.4483%
  [   772500,   773000)        54336    0.1811%  57.6294%
  [   773000,   773500)        53494    0.1783%  57.8077%
  [   773500,   774000)        54305    0.1810%  57.9887%
  [   774000,   774500)        53975    0.1799%  58.1687%
  [   774500,   775000)        53701    0.1790%  58.3477%
  [   775000,   775500)        53671    0.1789%  58.5266%
  [   775500,   776000)        53626    0.1788%  58.7053%
  [   776000,   776500)        53568    0.1786%  58.8839%
  [   776500,   777000)        53452    0.1782%  59.0621%
  [   777000,   777500)        53606    0.1787%  59.2407%
  [   777500,   778000)        53496    0.1783%  59.4191%
  [   778000,   778500)        53700    0.1790%  59.5981%
  [   778500,   779000)        53172    0.1772%  59.7753%
  [   779000,   779500)        53707    0.1790%  59.9543%
  [   779500,   780000)        53266    0.1776%  60.1319%
  [   780000,   780500)        52781    0.1759%  60.3078%
  [   780500,   781000)        52920    0.1764%  60.4842%
  [   781000,   781500)        52657    0.1755%  60.6597%
  [   781500,   782000)        52915    0.1764%  60.8361%
  [   782000,   782500)        52551    0.1752%  61.0113%
  [   782500,   783000)        52501    0.1750%  61.1863%
  [   783000,   783500)        52211    0.1740%  61.3603%
  [   783500,   784000)        52675    0.1756%  61.5359%
  [   784000,   784500)        52327    0.1744%  61.7103%
  [   784500,   785000)        52614    0.1754%  61.8857%
  [   785000,   785500)        52253    0.1742%  62.0599%
  [   785500,   786000)        51666    0.1722%  62.2321%
  [   786000,   786500)        51441    0.1715%  62.4036%
  [   786500,   787000)        51739    0.1725%  62.5761%
  [   787000,   787500)        51473    0.1716%  62.7476%
  [   787500,   788000)        51294    0.1710%  62.9186%
  [   788000,   788500)        51344    0.1711%  63.0898%
  [   788500,   789000)        51265    0.1709%  63.2606%
  [   789000,   789500)        51134    0.1704%  63.4311%
  [   789500,   790000)        51340    0.1711%  63.6022%
  [   790000,   790500)        50610    0.1687%  63.7709%
  [   790500,   791000)        51079    0.1703%  63.9412%
  [   791000,   791500)        50854    0.1695%  64.1107%
  [   791500,   792000)        50456    0.1682%  64.2789%
  [   792000,   792500)        50579    0.1686%  64.4475%
  [   792500,   793000)        50034    0.1668%  64.6143%
  [   793000,   793500)        50331    0.1678%  64.7820%
  [   793500,   794000)        50442    0.1681%  64.9502%
  [   794000,   794500)        49985    0.1666%  65.1168%
  [   794500,   795000)        50162    0.1672%  65.2840%
  [   795000,   795500)        50214    0.1674%  65.4514%
  [   795500,   796000)        49781    0.1659%  65.6173%
  [   796000,   796500)        49720    0.1657%  65.7830%
  [   796500,   797000)        49601    0.1653%  65.9484%
  [   797000,   797500)        49567    0.1652%  66.1136%
  [   797500,   798000)        49563    0.1652%  66.2788%
  [   798000,   798500)        49368    0.1646%  66.4434%
  [   798500,   799000)        49488    0.1650%  66.6083%
  [   799000,   799500)        49072    0.1636%  66.7719%
  [   799500,   800000)        48365    0.1612%  66.9331%
  [   800000,   800500)        48612    0.1620%  67.0952%
  [   800500,   801000)        48328    0.1611%  67.2563%
  [   801000,   801500)        48353    0.1612%  67.4174%
  [   801500,   802000)        48160    0.1605%  67.5780%
  [   802000,   802500)        48220    0.1607%  67.7387%
  [   802500,   803000)        48033    0.1601%  67.8988%
  [   803000,   803500)        47852    0.1595%  68.0583%
  [   803500,   804000)        48129    0.1604%  68.2187%
  [   804000,   804500)        47402    0.1580%  68.3768%
  [   804500,   805000)        47865    0.1596%  68.5363%
  [   805000,   805500)        47640    0.1588%  68.6951%
  [   805500,   806000)        47171    0.1572%  68.8523%
  [   806000,   806500)        47477    0.1583%  69.0106%
  [   806500,   807000)        47279    0.1576%  69.1682%
  [   807000,   807500)        47023    0.1567%  69.3249%
  [   807500,   808000)        46792    0.1560%  69.4809%
  [   808000,   808500)        47178    0.1573%  69.6382%
  [   808500,   809000)        46546    0.1552%  69.7933%
  [   809000,   809500)        46482    0.1549%  69.9483%
  [   809500,   810000)        46453    0.1548%  70.1031%
  [   810000,   810500)        46118    0.1537%  70.2568%
  [   810500,   811000)        46470    0.1549%  70.4117%
  [   811000,   811500)        45607    0.1520%  70.5638%
  [   811500,   812000)        45990    0.1533%  70.7171%
  [   812000,   812500)        45592    0.1520%  70.8690%
  [   812500,   813000)        45641    0.1521%  71.0212%
  [   813000,   813500)        45086    0.1503%  71.1715%
  [   813500,   814000)        45074    0.1502%  71.3217%
  [   814000,   814500)        45562    0.1519%  71.4736%
  [   814500,   815000)        44960    0.1499%  71.6234%
  [   815000,   815500)        44815    0.1494%  71.7728%
  [   815500,   816000)        44648    0.1488%  71.9217%
  [   816000,   816500)        44537    0.1485%  72.0701%
  [   816500,   817000)        44383    0.1479%  72.2181%
  [   817000,   817500)        44178    0.1473%  72.3653%
  [   817500,   818000)        43838    0.1461%  72.5114%
  [   818000,   818500)        44065    0.1469%  72.6583%
  [   818500,   819000)        43736    0.1458%  72.8041%
  [   819000,   819500)        43668    0.1456%  72.9497%
  [   819500,   820000)        43724    0.1457%  73.0954%
  [   820000,   820500)        43644    0.1455%  73.2409%
  [   820500,   821000)        43481    0.1449%  73.3858%
  [   821000,   821500)        43182    0.1439%  73.5298%
  [   821500,   822000)        42829    0.1428%  73.6725%
  [   822000,   822500)        42472    0.1416%  73.8141%
  [   822500,   823000)        43077    0.1436%  73.9577%
  [   823000,   823500)        42910    0.1430%  74.1007%
  [   823500,   824000)        42623    0.1421%  74.2428%
  [   824000,   824500)        42349    0.1412%  74.3840%
  [   824500,   825000)        41932    0.1398%  74.5237%
  [   825000,   825500)        42150    0.1405%  74.6642%
  [   825500,   826000)        41988    0.1400%  74.8042%
  [   826000,   826500)        41637    0.1388%  74.9430%
  [   826500,   827000)        41566    0.1386%  75.0816%
  [   827000,   827500)        41639    0.1388%  75.2203%
  [   827500,   828000)        41362    0.1379%  75.3582%
  [   828000,   828500)        40934    0.1364%  75.4947%
  [   828500,   829000)        41441    0.1381%  75.6328%
  [   829000,   829500)        41012    0.1367%  75.7695%
  [   829500,   830000)        40528    0.1351%  75.9046%
  [   830000,   830500)        40561    0.1352%  76.0398%
  [   830500,   831000)        40367    0.1346%  76.1744%
  [   831000,   831500)        40316    0.1344%  76.3088%
  [   831500,   832000)        40016    0.1334%  76.4421%
  [   832000,   832500)        39990    0.1333%  76.5754%
  [   832500,   833000)        39457    0.1315%  76.7070%
  [   833000,   833500)        39601    0.1320%  76.8390%
  [   833500,   834000)        39418    0.1314%  76.9704%
  [   834000,   834500)        39323    0.1311%  77.1014%
  [   834500,   835000)        39387    0.1313%  77.2327%
  [   835000,   835500)        39266    0.1309%  77.3636%
  [   835500,   836000)        39082    0.1303%  77.4939%
  [   836000,   836500)        39144    0.1305%  77.6244%
  [   836500,   837000)        38712    0.1290%  77.7534%
  [   837000,   837500)        38565    0.1286%  77.8820%
  [   837500,   838000)        38109    0.1270%  78.0090%
  [   838000,   838500)        37782    0.1259%  78.1349%
  [   838500,   839000)        38170    0.1272%  78.2622%
  [   839000,   839500)        38039    0.1268%  78.3890%
  [   839500,   840000)        37702    0.1257%  78.5146%
  [   840000,   840500)        37387    0.1246%  78.6393%
  [   840500,   841000)        37728    0.1258%  78.7650%
  [   841000,   841500)        37654    0.1255%  78.8905%
  [   841500,   842000)        37366    0.1246%  79.0151%
  [   842000,   842500)        37223    0.1241%  79.1392%
  [   842500,   843000)        37331    0.1244%  79.2636%
  [   843000,   843500)        36737    0.1225%  79.3860%
  [   843500,   844000)        36717    0.1224%  79.5084%
  [   844000,   844500)        36611    0.1220%  79.6305%
  [   844500,   845000)        35965    0.1199%  79.7504%
  [   845000,   845500)        36335    0.1211%  79.8715%
  [   845500,   846000)        36119    0.1204%  79.9919%
  [   846000,   846500)        36026    0.1201%  80.1120%
  [   846500,   847000)        35789    0.1193%  80.2313%
  [   847000,   847500)        35611    0.1187%  80.3500%
  [   847500,   848000)        35083    0.1169%  80.4669%
  [   848000,   848500)        35220    0.1174%  80.5843%
  [   848500,   849000)        35050    0.1168%  80.7011%
  [   849000,   849500)        34819    0.1161%  80.8172%
  [   849500,   850000)        35200    0.1173%  80.9345%
  [   850000,   850500)        34840    0.1161%  81.0507%
  [   850500,   851000)        34540    0.1151%  81.1658%
  [   851000,   851500)        34652    0.1155%  81.2813%
  [   851500,   852000)        34248    0.1142%  81.3955%
  [   852000,   852500)        34448    0.1148%  81.5103%
  [   852500,   853000)        33951    0.1132%  81.6235%
  [   853000,   853500)        34007    0.1134%  81.7368%
  [   853500,   854000)        33741    0.1125%  81.8493%
  [   854000,   854500)        33916    0.1131%  81.9623%
  [   854500,   855000)        33195    0.1107%  82.0730%
  [   855000,   855500)        32879    0.1096%  82.1826%
  [   855500,   856000)        33349    0.1112%  82.2938%
  [   856000,   856500)        32765    0.1092%  82.4030%
  [   856500,   857000)        32776    0.1093%  82.5122%
  [   857000,   857500)        32572    0.1086%  82.6208%
  [   857500,   858000)        32493    0.1083%  82.7291%
  [   858000,   858500)        32075    0.1069%  82.8360%
  [   858500,   859000)        32145    0.1072%  82.9432%
  [   859000,   859500)        32189    0.1073%  83.0505%
  [   859500,   860000)        31924    0.1064%  83.1569%
  [   860000,   860500)        31749    0.1058%  83.2627%
  [   860500,   861000)        31757    0.1059%  83.3686%
  [   861000,   861500)        31580    0.1053%  83.4738%
  [   861500,   862000)        31610    0.1054%  83.5792%
  [   862000,   862500)        31108    0.1037%  83.6829%
  [   862500,   863000)        30878    0.1029%  83.7858%
  [   863000,   863500)        30652    0.1022%  83.8880%
  [   863500,   864000)        30946    0.1032%  83.9912%
  [   864000,   864500)        30580    0.1019%  84.0931%
  [   864500,   865000)        30587    0.1020%  84.1950%
  [   865000,   865500)        30432    0.1014%  84.2965%
  [   865500,   866000)        30017    0.1001%  84.3965%
  [   866000,   866500)        29950    0.0998%  84.4964%
  [   866500,   867000)        29919    0.0997%  84.5961%
  [   867000,   867500)        29655    0.0989%  84.6950%
  [   867500,   868000)        29972    0.0999%  84.7949%
  [   868000,   868500)        29668    0.0989%  84.8938%
  [   868500,   869000)        29425    0.0981%  84.9918%
  [   869000,   869500)        29187    0.0973%  85.0891%
  [   869500,   870000)        29130    0.0971%  85.1862%
  [   870000,   870500)        28759    0.0959%  85.2821%
  [   870500,   871000)        28807    0.0960%  85.3781%
  [   871000,   871500)        28645    0.0955%  85.4736%
  [   871500,   872000)        28602    0.0953%  85.5689%
  [   872000,   872500)        28525    0.0951%  85.6640%
  [   872500,   873000)        28180    0.0939%  85.7580%
  [   873000,   873500)        28194    0.0940%  85.8519%
  [   873500,   874000)        28007    0.0934%  85.9453%
  [   874000,   874500)        27779    0.0926%  86.0379%
  [   874500,   875000)        27920    0.0931%  86.1310%
  [   875000,   875500)        27281    0.0909%  86.2219%
  [   875500,   876000)        27124    0.0904%  86.3123%
  [   876000,   876500)        27366    0.0912%  86.4035%
  [   876500,   877000)        27069    0.0902%  86.4938%
  [   877000,   877500)        26856    0.0895%  86.5833%
  [   877500,   878000)        27023    0.0901%  86.6733%
  [   878000,   878500)        26638    0.0888%  86.7621%
  [   878500,   879000)        26379    0.0879%  86.8501%
  [   879000,   879500)        26150    0.0872%  86.9372%
  [   879500,   880000)        26438    0.0881%  87.0254%
  [   880000,   880500)        26284    0.0876%  87.1130%
  [   880500,   881000)        26052    0.0868%  87.1998%
  [   881000,   881500)        25889    0.0863%  87.2861%
  [   881500,   882000)        25433    0.0848%  87.3709%
  [   882000,   882500)        25742    0.0858%  87.4567%
  [   882500,   883000)        25203    0.0840%  87.5407%
  [   883000,   883500)        25325    0.0844%  87.6251%
  [   883500,   884000)        25222    0.0841%  87.7092%
  [   884000,   884500)        25129    0.0838%  87.7930%
  [   884500,   885000)        24893    0.0830%  87.8759%
  [   885000,   885500)        25015    0.0834%  87.9593%
  [   885500,   886000)        24624    0.0821%  88.0414%
  [   886000,   886500)        24523    0.0817%  88.1231%
  [   886500,   887000)        24347    0.0812%  88.2043%
  [   887000,   887500)        24278    0.0809%  88.2852%
  [   887500,   888000)        23957    0.0799%  88.3651%
  [   888000,   888500)        24155    0.0805%  88.4456%
  [   888500,   889000)        23992    0.0800%  88.5256%
  [   889000,   889500)        23829    0.0794%  88.6050%
  [   889500,   890000)        23684    0.0789%  88.6840%
  [   890000,   890500)        23418    0.0781%  88.7620%
  [   890500,   891000)        23373    0.0779%  88.8399%
  [   891000,   891500)        23334    0.0778%  88.9177%
  [   891500,   892000)        22950    0.0765%  88.9942%
  [   892000,   892500)        23139    0.0771%  89.0713%
  [   892500,   893000)        22921    0.0764%  89.1477%
  [   893000,   893500)        22545    0.0752%  89.2229%
  [   893500,   894000)        22289    0.0743%  89.2972%
  [   894000,   894500)        22451    0.0748%  89.3720%
  [   894500,   895000)        22481    0.0749%  89.4470%
  [   895000,   895500)        22243    0.0741%  89.5211%
  [   895500,   896000)        22254    0.0742%  89.5953%
  [   896000,   896500)        22172    0.0739%  89.6692%
  [   896500,   897000)        21753    0.0725%  89.7417%
  [   897000,   897500)        21704    0.0723%  89.8140%
  [   897500,   898000)        21910    0.0730%  89.8871%
  [   898000,   898500)        21346    0.0712%  89.9582%
  [   898500,   899000)        21529    0.0718%  90.0300%
  [   899000,   899500)        21394    0.0713%  90.1013%
  [   899500,   900000)        21019    0.0701%  90.1714%
  [   900000,   900500)        20666    0.0689%  90.2403%
  [   900500,   901000)        20961    0.0699%  90.3101%
  [   901000,   901500)        20744    0.0691%  90.3793%
  [   901500,   902000)        20633    0.0688%  90.4480%
  [   902000,   902500)        20422    0.0681%  90.5161%
  [   902500,   903000)        20315    0.0677%  90.5838%
  [   903000,   903500)        20734    0.0691%  90.6530%
  [   903500,   904000)        19898    0.0663%  90.7193%
  [   904000,   904500)        20112    0.0670%  90.7863%
  [   904500,   905000)        20229    0.0674%  90.8537%
  [   905000,   905500)        19863    0.0662%  90.9200%
  [   905500,   906000)        19593    0.0653%  90.9853%
  [   906000,   906500)        19671    0.0656%  91.0508%
  [   906500,   907000)        19624    0.0654%  91.1163%
  [   907000,   907500)        19325    0.0644%  91.1807%
  [   907500,   908000)        19275    0.0643%  91.2449%
  [   908000,   908500)        19021    0.0634%  91.3083%
  [   908500,   909000)        18975    0.0633%  91.3716%
  [   909000,   909500)        19221    0.0641%  91.4356%
  [   909500,   910000)        18629    0.0621%  91.4977%
  [   910000,   910500)        18814    0.0627%  91.5605%
  [   910500,   911000)        18612    0.0620%  91.6225%
  [   911000,   911500)        18443    0.0615%  91.6840%
  [   911500,   912000)        18564    0.0619%  91.7459%
  [   912000,   912500)        18177    0.0606%  91.8064%
  [   912500,   913000)        18027    0.0601%  91.8665%
  [   913000,   913500)        17903    0.0597%  91.9262%
  [   913500,   914000)        17944    0.0598%  91.9860%
  [   914000,   914500)        17875    0.0596%  92.0456%
  [   914500,   915000)        17973    0.0599%  92.1055%
  [   915000,   915500)        17406    0.0580%  92.1635%
  [   915500,   916000)        17337    0.0578%  92.2213%
  [   916000,   916500)        17551    0.0585%  92.2798%
  [   916500,   917000)        17329    0.0578%  92.3376%
  [   917000,   917500)        17037    0.0568%  92.3944%
  [   917500,   918000)        16873    0.0562%  92.4506%
  [   918000,   918500)        17053    0.0568%  92.5075%
  [   918500,   919000)        16815    0.0561%  92.5635%
  [   919000,   919500)        16616    0.0554%  92.6189%
  [   919500,   920000)        16596    0.0553%  92.6742%
  [   920000,   920500)        16477    0.0549%  92.7291%
  [   920500,   921000)        16468    0.0549%  92.7840%
  [   921000,   921500)        16300    0.0543%  92.8384%
  [   921500,   922000)        16169    0.0539%  92.8923%
  [   922000,   922500)        16281    0.0543%  92.9465%
  [   922500,   923000)        15872    0.0529%  92.9994%
  [   923000,   923500)        15782    0.0526%  93.0521%
  [   923500,   924000)        16050    0.0535%  93.1056%
  [   924000,   924500)        15771    0.0526%  93.1581%
  [   924500,   925000)        15703    0.0523%  93.2105%
  [   925000,   925500)        15499    0.0517%  93.2621%
  [   925500,   926000)        15449    0.0515%  93.3136%
  [   926000,   926500)        15382    0.0513%  93.3649%
  [   926500,   927000)        15412    0.0514%  93.4163%
  [   927000,   927500)        15285    0.0510%  93.4672%
  [   927500,   928000)        14792    0.0493%  93.5165%
  [   928000,   928500)        15004    0.0500%  93.5665%
  [   928500,   929000)        14736    0.0491%  93.6157%
  [   929000,   929500)        14842    0.0495%  93.6651%
  [   929500,   930000)        14759    0.0492%  93.7143%
  [   930000,   930500)        14441    0.0481%  93.7625%
  [   930500,   931000)        14504    0.0483%  93.8108%
  [   931000,   931500)        14222    0.0474%  93.8582%
  [   931500,   932000)        14362    0.0479%  93.9061%
  [   932000,   932500)        14284    0.0476%  93.9537%
  [   932500,   933000)        14059    0.0469%  94.0006%
  [   933000,   933500)        13692    0.0456%  94.0462%
  [   933500,   934000)        13864    0.0462%  94.0924%
  [   934000,   934500)        13799    0.0460%  94.1384%
  [   934500,   935000)        13547    0.0452%  94.1836%
  [   935000,   935500)        13748    0.0458%  94.2294%
  [   935500,   936000)        13602    0.0453%  94.2747%
  [   936000,   936500)        13418    0.0447%  94.3195%
  [   936500,   937000)        13220    0.0441%  94.3635%
  [   937000,   937500)        13099    0.0437%  94.4072%
  [   937500,   938000)        13230    0.0441%  94.4513%
  [   938000,   938500)        13090    0.0436%  94.4949%
  [   938500,   939000)        13175    0.0439%  94.5389%
  [   939000,   939500)        12812    0.0427%  94.5816%
  [   939500,   940000)        12656    0.0422%  94.6237%
  [   940000,   940500)        12701    0.0423%  94.6661%
  [   940500,   941000)        12595    0.0420%  94.7081%
  [   941000,   941500)        12460    0.0415%  94.7496%
  [   941500,   942000)        12639    0.0421%  94.7917%
  [   942000,   942500)        12476    0.0416%  94.8333%
  [   942500,   943000)        12095    0.0403%  94.8736%
  [   943000,   943500)        12333    0.0411%  94.9147%
  [   943500,   944000)        12088    0.0403%  94.9550%
  [   944000,   944500)        12055    0.0402%  94.9952%
  [   944500,   945000)        12010    0.0400%  95.0353%
  [   945000,   945500)        12015    0.0401%  95.0753%
  [   945500,   946000)        11877    0.0396%  95.1149%
  [   946000,   946500)        11755    0.0392%  95.1541%
  [   946500,   947000)        11670    0.0389%  95.1930%
  [   947000,   947500)        11557    0.0385%  95.2315%
  [   947500,   948000)        11404    0.0380%  95.2695%
  [   948000,   948500)        11605    0.0387%  95.3082%
  [   948500,   949000)        11422    0.0381%  95.3463%
  [   949000,   949500)        11336    0.0378%  95.3841%
  [   949500,   950000)        11062    0.0369%  95.4209%
  [   950000,   950500)        11130    0.0371%  95.4580%
  [   950500,   951000)        10943    0.0365%  95.4945%
  [   951000,   951500)        10953    0.0365%  95.5310%
  [   951500,   952000)        11024    0.0367%  95.5678%
  [   952000,   952500)        10880    0.0363%  95.6040%
  [   952500,   953000)        10800    0.0360%  95.6400%
  [   953000,   953500)        10611    0.0354%  95.6754%
  [   953500,   954000)        10606    0.0354%  95.7108%
  [   954000,   954500)        10635    0.0355%  95.7462%
  [   954500,   955000)        10448    0.0348%  95.7810%
  [   955000,   955500)        10303    0.0343%  95.8154%
  [   955500,   956000)        10278    0.0343%  95.8496%
  [   956000,   956500)        10080    0.0336%  95.8832%
  [   956500,   957000)        10340    0.0345%  95.9177%
  [   957000,   957500)         9915    0.0331%  95.9508%
  [   957500,   958000)        10104    0.0337%  95.9844%
  [   958000,   958500)         9806    0.0327%  96.0171%
  [   958500,   959000)         9823    0.0327%  96.0499%
  [   959000,   959500)         9669    0.0322%  96.0821%
  [   959500,   960000)         9869    0.0329%  96.1150%
  [   960000,   960500)         9609    0.0320%  96.1470%
  [   960500,   961000)         9493    0.0316%  96.1787%
  [   961000,   961500)         9241    0.0308%  96.2095%
  [   961500,   962000)         9424    0.0314%  96.2409%
  [   962000,   962500)         9266    0.0309%  96.2718%
  [   962500,   963000)         9264    0.0309%  96.3026%
  [   963000,   963500)         9074    0.0302%  96.3329%
  [   963500,   964000)         9138    0.0305%  96.3634%
  [   964000,   964500)         9107    0.0304%  96.3937%
  [   964500,   965000)         9003    0.0300%  96.4237%
  [   965000,   965500)         8937    0.0298%  96.4535%
  [   965500,   966000)         8881    0.0296%  96.4831%
  [   966000,   966500)         8868    0.0296%  96.5127%
  [   966500,   967000)         8663    0.0289%  96.5415%
  [   967000,   967500)         8765    0.0292%  96.5708%
  [   967500,   968000)         8817    0.0294%  96.6002%
  [   968000,   968500)         8588    0.0286%  96.6288%
  [   968500,   969000)         8591    0.0286%  96.6574%
  [   969000,   969500)         8497    0.0283%  96.6857%
  [   969500,   970000)         8269    0.0276%  96.7133%
  [   970000,   970500)         8357    0.0279%  96.7412%
  [   970500,   971000)         8276    0.0276%  96.7687%
  [   971000,   971500)         8542    0.0285%  96.7972%
  [   971500,   972000)         7999    0.0267%  96.8239%
  [   972000,   972500)         8143    0.0271%  96.8510%
  [   972500,   973000)         8087    0.0270%  96.8780%
  [   973000,   973500)         7978    0.0266%  96.9046%
  [   973500,   974000)         7830    0.0261%  96.9307%
  [   974000,   974500)         7953    0.0265%  96.9572%
  [   974500,   975000)         7812    0.0260%  96.9832%
  [   975000,   975500)         7605    0.0254%  97.0086%
  [   975500,   976000)         7653    0.0255%  97.0341%
  [   976000,   976500)         7628    0.0254%  97.0595%
  [   976500,   977000)         7504    0.0250%  97.0845%
  [   977000,   977500)         7457    0.0249%  97.1094%
  [   977500,   978000)         7388    0.0246%  97.1340%
  [   978000,   978500)         7348    0.0245%  97.1585%
  [   978500,   979000)         7470    0.0249%  97.1834%
  [   979000,   979500)         7395    0.0247%  97.2081%
  [   979500,   980000)         7260    0.0242%  97.2323%
  [   980000,   980500)         7140    0.0238%  97.2561%
  [   980500,   981000)         7132    0.0238%  97.2798%
  [   981000,   981500)         7019    0.0234%  97.3032%
  [   981500,   982000)         6946    0.0232%  97.3264%
  [   982000,   982500)         6897    0.0230%  97.3494%
  [   982500,   983000)         6850    0.0228%  97.3722%
  [   983000,   983500)         6739    0.0225%  97.3947%
  [   983500,   984000)         6822    0.0227%  97.4174%
  [   984000,   984500)         6585    0.0220%  97.4394%
  [   984500,   985000)         6757    0.0225%  97.4619%
  [   985000,   985500)         6611    0.0220%  97.4839%
  [   985500,   986000)         6546    0.0218%  97.5057%
  [   986000,   986500)         6663    0.0222%  97.5279%
  [   986500,   987000)         6573    0.0219%  97.5499%
  [   987000,   987500)         6377    0.0213%  97.5711%
  [   987500,   988000)         6269    0.0209%  97.5920%
  [   988000,   988500)         6248    0.0208%  97.6128%
  [   988500,   989000)         6270    0.0209%  97.6337%
  [   989000,   989500)         6405    0.0214%  97.6551%
  [   989500,   990000)         6217    0.0207%  97.6758%
  [   990000,   990500)         6003    0.0200%  97.6958%
  [   990500,   991000)         6265    0.0209%  97.7167%
  [   991000,   991500)         6072    0.0202%  97.7369%
  [   991500,   992000)         6099    0.0203%  97.7573%
  [   992000,   992500)         5929    0.0198%  97.7770%
  [   992500,   993000)         5990    0.0200%  97.7970%
  [   993000,   993500)         5753    0.0192%  97.8162%
  [   993500,   994000)         5745    0.0192%  97.8353%
  [   994000,   994500)         5778    0.0193%  97.8546%
  [   994500,   995000)         5764    0.0192%  97.8738%
  [   995000,   995500)         5543    0.0185%  97.8923%
  [   995500,   996000)         5613    0.0187%  97.9110%
  [   996000,   996500)         5617    0.0187%  97.9297%
  [   996500,   997000)         5503    0.0183%  97.9481%
  [   997000,   997500)         5478    0.0183%  97.9663%
  [   997500,   998000)         5400    0.0180%  97.9843%
  [   998000,   998500)         5465    0.0182%  98.0025%
  [   998500,   999000)         5340    0.0178%  98.0203%
  [   999000,   999500)         5241    0.0175%  98.0378%
  [   999500, +inf)              588659    1.9622% 100.0000%

----- OFFLOADED TASKS [node 1] -----
  ops total                = 29999988
  ops direct (1-sided)     = 29999988 (100.00%)
  ops offload (rpc)        = 0 (0.00%)
  lookup pushdowns         = 0
  scan   pushdowns (RPC)   = 0
    kv pairs returned      = 0
    leaves scanned remotely= 0
    kv / scan pushdown     = 0.00
    leaves / scan pushdown = 0.00
=========================================================================

[CORRECTNESS node 1] scan rows returned = 2999994551
[READPATH node 1] lookups=2866214158  index-cache hit=49.4%  per lookup: leaf=1.000 speculative=0.000 (right 0.0%) hop-reads=0.000 (two-segment 0.000) retries=0.000 invalid=0.000 sibling=0.000  => est. leaf round trips/lookup=0.000
 ----- [LeafCache]: capacity=32768 leaves resident=32768 (100.0% full, 11.0 MB) -----
[LEAFCACHE] hit=2484239568 miss=399920429 stale=0 fill=399920429 hit_pct=86.134 admit_pct=100.000 resident=32768 capacity=32768 budget_mb=16

----- PER-LEVEL CACHE HITS [node 1] (lookups; level 0 = leaf) -----
[KIND node 1] lookups=0 inner_visits=0 inner_hits=0 inner_hit_pct=0.00 leaf_visits=0 leaf_hits=0 leaf_hit_pct=0.00
[SCANLEAF node 1] scans=29999988 inner_complete_miss=25722958 inner_partial=3707246 leaf_cache_hits=772595 leaf_reads=17193919 cn_leaves_per_scan=0.60 leaf_hit_pct=4.30
[END]
