nodes 2, threads 36, mix R/I/U/S=50/0/0/50, uniform, bulk 50M warmup 10M op 30M, offload 100%, scan_range 100
[4mshared memory size: 64GB, 0x7eeda1400000[0m
[4mrdma cache size: 4GB[0m
[4mMachine NR: 2[0m
[4mCompute server 0 start up [10.30.1.8]
[0m
I connect server 1
[4mdir 0 launch! (core 79 of 80)
[0m
[4mdir 1 launch! (core 78 of 80)
[0m
[4mdir 3 launch! (core 76 of 80)
[0m
[4mdir 2 launch! (core 77 of 80)
[0m
[4mdir 4 launch! (core 75 of 80)
[0m
[4mdir 6 launch! (core 73 of 80)
[0m
[4mdir 5 launch! (core 74 of 80)
[0m
[4mdir 7 launch! (core 72 of 80)
[0m
[4mdir 8 launch! (core 71 of 80)
[0m
[4mdir 9 launch! (core 70 of 80)
[0m
[4mdir 10 launch! (core 69 of 80)
[0m
[4mdir 11 launch! (core 68 of 80)
[0m
[4mMemory server 0 start up (16/16 dir threads active)[0m
[4mdir 12 launch! (core 67 of 80)
[0m
[4mdir 13 launch! (core 66 of 80)
[0m
[4mdir 14 launch! (core 65 of 80)
[0m
[4mdir 15 launch! (core 64 of 80)
[0m
[CONFIG node 0] bulk load: bottom-up build, 8 keys per leaf, 6 children per inner node (CHIME_BULK_BUILD / CHIME_BUILD_LEAF_KEYS / CHIME_BUILD_INNER_FANOUT)
[CONFIG node 0] clients on this node: no (CHIME_MN_CLIENTS)
[CONFIG node 0] scan path: from_cache=1 offload_always=0 (CHIME_SCAN_FROM_CACHE / CHIME_SCAN_OFFLOAD_ALWAYS)
[CONFIG node 0] push ops: lookup (CHIME_PUSH_OPS; applies only with offloading on)
[CACHE node 0] total=32 MB index=32 MB leaf=0 MB
index cache = 32 MB (CHIME_CACHE_MB)
[CONFIG] leaf cache = OFF  (CHIME_CACHE_LEAF / CHIME_LEAF_CACHE_PCT)
[CONFIG node 0] dir threads = 16 (CHIME_DIR_THREADS, max 16) -- MUST match the other node
[CORES node 0] linear pinning: app threads -> CPUs 0..35, main -> 0, dir threads -> 79,78,77,76,75,74,73,72,71,70,69,68,67,66,65,64,63,62,61,60,59,58,57,56,55,54,53,52,51,50,49,48,47,46,45,44,43,42,41,40,39,38,37,36,35,34,33,32,31,30,29,28,27,26,25,24,23,22,21,20,19,18,17,16,15,14,13,12,11,10,9,8,7,6,5,4,3,2,1,0 (REV_DIR_CPUS)
[GEOMETRY] leaf    : span=16 val=8B trans=329B alloc=353B
[GEOMETRY] internal: span=16        trans=319B alloc=335B
[GEOMETRY] internal/leaf = 0.97x  (OK: internal < leaf)
[GEOMETRY] tree ~= 3.12M leaves * 329B = 0.96 GB
[GEOMETRY] index ~= 63.4 MB (leaves 100% full; TRUE value is HIGHER --
[GEOMETRY]          read '[TreeCache] consumed cache size' below)
[CONFIG] hotspot buffer + speculative read: off (CHIME_HOTSPOT; stock CHIME: on above 50 MB)
[CONFIG] offload rate = 100%, min cache-boundary level = 2 (offload cache MISSES only)
[CONFIG] warmup offload rate = 0% (CHIME_WARMUP_OFFLOAD); measured phase uses 100%

----- REMOTE CPU LOAD (memory node dir-threads, 2s window) -----
  dir 0: active=  0.00%  msgs=0           0 ns/msg
  dir 1: active=  0.00%  msgs=1           4784 ns/msg
  dir 2: active=  0.00%  msgs=0           0 ns/msg
  dir 3: active=  0.00%  msgs=0           0 ns/msg
  dir 4: active=  0.00%  msgs=0           0 ns/msg
  dir 5: active=  0.00%  msgs=0           0 ns/msg
  dir 6: active=  0.00%  msgs=0           0 ns/msg
  dir 7: active=  0.00%  msgs=0           0 ns/msg
  dir 8: active=  0.00%  msgs=0           0 ns/msg
  dir 9: active=  0.00%  msgs=0           0 ns/msg
  dir 10: active=  0.00%  msgs=0           0 ns/msg
  dir 11: active=  0.00%  msgs=0           0 ns/msg
  dir 12: active=  0.00%  msgs=0           0 ns/msg
  dir 13: active=  0.00%  msgs=0           0 ns/msg
  dir 14: active=  0.00%  msgs=0           0 ns/msg
  dir 15: active=  0.00%  msgs=0           0 ns/msg
  AGGREGATE active = 0.00% (of 16 dir-threads; 0.00% per-thread avg)  msgs=1

----- REMOTE CPU LOAD (memory node dir-threads, 2s window) -----
  dir 0: active=  0.00%  msgs=0           0 ns/msg
  dir 1: active=  0.00%  msgs=0           0 ns/msg
  dir 2: active=  0.00%  msgs=0           0 ns/msg
  dir 3: active=  0.00%  msgs=0           0 ns/msg
  dir 4: active=  0.00%  msgs=0           0 ns/msg
  dir 5: active=  0.00%  msgs=0           0 ns/msg
  dir 6: active=  0.00%  msgs=0           0 ns/msg
  dir 7: active=  0.00%  msgs=0           0 ns/msg
  dir 8: active=  0.00%  msgs=0           0 ns/msg
  dir 9: active=  0.00%  msgs=0           0 ns/msg
  dir 10: active=  0.00%  msgs=0           0 ns/msg
  dir 11: active=  0.00%  msgs=0           0 ns/msg
  dir 12: active=  0.00%  msgs=0           0 ns/msg
  dir 13: active=  0.00%  msgs=0           0 ns/msg
  dir 14: active=  0.00%  msgs=0           0 ns/msg
  dir 15: active=  0.00%  msgs=0           0 ns/msg
  AGGREGATE active = 0.00% (of 16 dir-threads; 0.00% per-thread avg)  msgs=0

----- REMOTE CPU LOAD (memory node dir-threads, 2s window) -----
  dir 0: active=  0.00%  msgs=0           0 ns/msg
  dir 1: active=  0.00%  msgs=0           0 ns/msg
  dir 2: active=  0.00%  msgs=0           0 ns/msg
  dir 3: active=  0.00%  msgs=0           0 ns/msg
  dir 4: active=  0.00%  msgs=0           0 ns/msg
  dir 5: active=  0.00%  msgs=0           0 ns/msg
  dir 6: active=  0.00%  msgs=0           0 ns/msg
  dir 7: active=  0.00%  msgs=0           0 ns/msg
  dir 8: active=  0.00%  msgs=0           0 ns/msg
  dir 9: active=  0.00%  msgs=0           0 ns/msg
  dir 10: active=  0.00%  msgs=0           0 ns/msg
  dir 11: active=  0.00%  msgs=0           0 ns/msg
  dir 12: active=  0.00%  msgs=0           0 ns/msg
  dir 13: active=  0.00%  msgs=0           0 ns/msg
  dir 14: active=  0.00%  msgs=0           0 ns/msg
  dir 15: active=  0.00%  msgs=0           0 ns/msg
  AGGREGATE active = 0.00% (of 16 dir-threads; 0.00% per-thread avg)  msgs=0
workload generated: keyspace=50001000 bulk=50000000 warmup=9999972 op=29999988
[4mKey space set: keySpaceSize=50000000[0m
I am 0
I am 1
I am 2
I am 18
I am 34
I am 31
I am 29
I am 9
I am 13
I am 15
I am 12
I am 14
I am 8
I am 10
I am 17
I am 5
I am 7
I am 6
I am 32
I am 22
I am 30
I am 4
I am 16
I am 11
I am 27
I am 33
I am 24
I am 21
I am 3
I am 19
I am 26
I am 28
I am 23
I am 20
I am 35
I am 25

----- REMOTE CPU LOAD (memory node dir-threads, 2s window) -----
  dir 0: active=  0.00%  msgs=0           0 ns/msg
  dir 1: active=  0.00%  msgs=0           0 ns/msg
  dir 2: active=  0.00%  msgs=0           0 ns/msg
  dir 3: active=  0.00%  msgs=0           0 ns/msg
  dir 4: active=  0.00%  msgs=0           0 ns/msg
  dir 5: active=  0.00%  msgs=0           0 ns/msg
  dir 6: active=  0.00%  msgs=0           0 ns/msg
  dir 7: active=  0.00%  msgs=0           0 ns/msg
  dir 8: active=  0.00%  msgs=0           0 ns/msg
  dir 9: active=  0.00%  msgs=0           0 ns/msg
  dir 10: active=  0.00%  msgs=0           0 ns/msg
  dir 11: active=  0.00%  msgs=0           0 ns/msg
  dir 12: active=  0.00%  msgs=0           0 ns/msg
  dir 13: active=  0.00%  msgs=0           0 ns/msg
  dir 14: active=  0.00%  msgs=0           0 ns/msg
  dir 15: active=  0.00%  msgs=0           0 ns/msg
  AGGREGATE active = 0.00% (of 16 dir-threads; 0.00% per-thread avg)  msgs=0

----- REMOTE CPU LOAD (memory node dir-threads, 2s window) -----
  dir 0: active=  0.00%  msgs=9           507 ns/msg
  dir 1: active=  0.00%  msgs=9           367 ns/msg
  dir 2: active=  0.00%  msgs=9           530 ns/msg
  dir 3: active=  0.00%  msgs=9           716 ns/msg
  dir 4: active=  0.00%  msgs=9           757 ns/msg
  dir 5: active=  0.00%  msgs=9           604 ns/msg
  dir 6: active=  0.00%  msgs=9           681 ns/msg
  dir 7: active=  0.00%  msgs=9           610 ns/msg
  dir 8: active=  0.00%  msgs=9           589 ns/msg
  dir 9: active=  0.00%  msgs=9           557 ns/msg
  dir 10: active=  0.00%  msgs=9           565 ns/msg
  dir 11: active=  0.00%  msgs=9           579 ns/msg
  dir 12: active=  0.00%  msgs=9           517 ns/msg
  dir 13: active=  0.00%  msgs=9           649 ns/msg
  dir 14: active=  0.00%  msgs=9           608 ns/msg
  dir 15: active=  0.00%  msgs=9           612 ns/msg
  AGGREGATE active = 0.00% (of 16 dir-threads; 0.00% per-thread avg)  msgs=144

----- REMOTE CPU LOAD (memory node dir-threads, 2s window) -----
  dir 0: active=  0.00%  msgs=0           0 ns/msg
  dir 1: active=  0.00%  msgs=0           0 ns/msg
  dir 2: active=  0.00%  msgs=0           0 ns/msg
  dir 3: active=  0.00%  msgs=0           0 ns/msg
  dir 4: active=  0.00%  msgs=0           0 ns/msg
  dir 5: active=  0.00%  msgs=0           0 ns/msg
  dir 6: active=  0.00%  msgs=0           0 ns/msg
  dir 7: active=  0.00%  msgs=0           0 ns/msg
  dir 8: active=  0.00%  msgs=0           0 ns/msg
  dir 9: active=  0.00%  msgs=0           0 ns/msg
  dir 10: active=  0.00%  msgs=0           0 ns/msg
  dir 11: active=  0.00%  msgs=0           0 ns/msg
  dir 12: active=  0.00%  msgs=0           0 ns/msg
  dir 13: active=  0.00%  msgs=0           0 ns/msg
  dir 14: active=  0.00%  msgs=0           0 ns/msg
  dir 15: active=  0.00%  msgs=0           0 ns/msg
  AGGREGATE active = 0.00% (of 16 dir-threads; 0.00% per-thread avg)  msgs=0

----- REMOTE CPU LOAD (memory node dir-threads, 2s window) -----
  dir 0: active=  0.00%  msgs=0           0 ns/msg
  dir 1: active=  0.00%  msgs=0           0 ns/msg
  dir 2: active=  0.00%  msgs=0           0 ns/msg
  dir 3: active=  0.00%  msgs=0           0 ns/msg
  dir 4: active=  0.00%  msgs=0           0 ns/msg
  dir 5: active=  0.00%  msgs=0           0 ns/msg
  dir 6: active=  0.00%  msgs=0           0 ns/msg
  dir 7: active=  0.00%  msgs=0           0 ns/msg
  dir 8: active=  0.00%  msgs=0           0 ns/msg
  dir 9: active=  0.00%  msgs=0           0 ns/msg
  dir 10: active=  0.00%  msgs=0           0 ns/msg
  dir 11: active=  0.00%  msgs=0           0 ns/msg
  dir 12: active=  0.00%  msgs=0           0 ns/msg
  dir 13: active=  0.00%  msgs=0           0 ns/msg
  dir 14: active=  0.00%  msgs=0           0 ns/msg
  dir 15: active=  0.00%  msgs=0           0 ns/msg
  AGGREGATE active = 0.00% (of 16 dir-threads; 0.00% per-thread avg)  msgs=0

----- REMOTE CPU LOAD (memory node dir-threads, 2s window) -----
  dir 0: active=  0.00%  msgs=0           0 ns/msg
  dir 1: active=  0.00%  msgs=0           0 ns/msg
  dir 2: active=  0.00%  msgs=0           0 ns/msg
  dir 3: active=  0.00%  msgs=0           0 ns/msg
  dir 4: active=  0.00%  msgs=0           0 ns/msg
  dir 5: active=  0.00%  msgs=0           0 ns/msg
  dir 6: active=  0.00%  msgs=0           0 ns/msg
  dir 7: active=  0.00%  msgs=0           0 ns/msg
  dir 8: active=  0.00%  msgs=0           0 ns/msg
  dir 9: active=  0.00%  msgs=0           0 ns/msg
  dir 10: active=  0.00%  msgs=0           0 ns/msg
  dir 11: active=  0.00%  msgs=0           0 ns/msg
  dir 12: active=  0.00%  msgs=0           0 ns/msg
  dir 13: active=  0.00%  msgs=0           0 ns/msg
  dir 14: active=  0.00%  msgs=0           0 ns/msg
  dir 15: active=  0.00%  msgs=0           0 ns/msg
  AGGREGATE active = 0.00% (of 16 dir-threads; 0.00% per-thread avg)  msgs=0

----- REMOTE CPU LOAD (memory node dir-threads, 2s window) -----
  dir 0: active=  0.00%  msgs=0           0 ns/msg
  dir 1: active=  0.00%  msgs=0           0 ns/msg
  dir 2: active=  0.00%  msgs=0           0 ns/msg
  dir 3: active=  0.00%  msgs=0           0 ns/msg
  dir 4: active=  0.00%  msgs=0           0 ns/msg
  dir 5: active=  0.00%  msgs=0           0 ns/msg
  dir 6: active=  0.00%  msgs=0           0 ns/msg
  dir 7: active=  0.00%  msgs=0           0 ns/msg
  dir 8: active=  0.00%  msgs=0           0 ns/msg
  dir 9: active=  0.00%  msgs=0           0 ns/msg
  dir 10: active=  0.00%  msgs=0           0 ns/msg
  dir 11: active=  0.00%  msgs=0           0 ns/msg
  dir 12: active=  0.00%  msgs=0           0 ns/msg
  dir 13: active=  0.00%  msgs=0           0 ns/msg
  dir 14: active=  0.00%  msgs=0           0 ns/msg
  dir 15: active=  0.00%  msgs=0           0 ns/msg
  AGGREGATE active = 0.00% (of 16 dir-threads; 0.00% per-thread avg)  msgs=0

----- REMOTE CPU LOAD (memory node dir-threads, 2s window) -----
  dir 0: active=  0.00%  msgs=0           0 ns/msg
  dir 1: active=  0.00%  msgs=0           0 ns/msg
  dir 2: active=  0.00%  msgs=0           0 ns/msg
  dir 3: active=  0.00%  msgs=0           0 ns/msg
  dir 4: active=  0.00%  msgs=0           0 ns/msg
  dir 5: active=  0.00%  msgs=0           0 ns/msg
  dir 6: active=  0.00%  msgs=0           0 ns/msg
  dir 7: active=  0.00%  msgs=0           0 ns/msg
  dir 8: active=  0.00%  msgs=0           0 ns/msg
  dir 9: active=  0.00%  msgs=0           0 ns/msg
  dir 10: active=  0.00%  msgs=0           0 ns/msg
  dir 11: active=  0.00%  msgs=0           0 ns/msg
  dir 12: active=  0.00%  msgs=0           0 ns/msg
  dir 13: active=  0.00%  msgs=0           0 ns/msg
  dir 14: active=  0.00%  msgs=0           0 ns/msg
  dir 15: active=  0.00%  msgs=0           0 ns/msg
  AGGREGATE active = 0.00% (of 16 dir-threads; 0.00% per-thread avg)  msgs=0

----- REMOTE CPU LOAD (memory node dir-threads, 2s window) -----
  dir 0: active=  0.00%  msgs=0           0 ns/msg
  dir 1: active=  0.00%  msgs=0           0 ns/msg
  dir 2: active=  0.00%  msgs=0           0 ns/msg
  dir 3: active=  0.00%  msgs=0           0 ns/msg
  dir 4: active=  0.00%  msgs=0           0 ns/msg
  dir 5: active=  0.00%  msgs=0           0 ns/msg
  dir 6: active=  0.00%  msgs=0           0 ns/msg
  dir 7: active=  0.00%  msgs=0           0 ns/msg
  dir 8: active=  0.00%  msgs=0           0 ns/msg
  dir 9: active=  0.00%  msgs=0           0 ns/msg
  dir 10: active=  0.00%  msgs=0           0 ns/msg
  dir 11: active=  0.00%  msgs=0           0 ns/msg
  dir 12: active=  0.00%  msgs=0           0 ns/msg
  dir 13: active=  0.00%  msgs=0           0 ns/msg
  dir 14: active=  0.00%  msgs=0           0 ns/msg
  dir 15: active=  0.00%  msgs=0           0 ns/msg
  AGGREGATE active = 0.00% (of 16 dir-threads; 0.00% per-thread avg)  msgs=0

----- REMOTE CPU LOAD (memory node dir-threads, 2s window) -----
  dir 0: active=  0.00%  msgs=1           1198 ns/msg
  dir 1: active=  0.00%  msgs=1           821 ns/msg
  dir 2: active=  0.00%  msgs=1           548 ns/msg
  dir 3: active=  0.00%  msgs=1           1539 ns/msg
  dir 4: active=  0.00%  msgs=1           821 ns/msg
  dir 5: active=  0.00%  msgs=1           1113 ns/msg
  dir 6: active=  0.00%  msgs=1           993 ns/msg
  dir 7: active=  0.00%  msgs=1           671 ns/msg
  dir 8: active=  0.00%  msgs=1           1187 ns/msg
  dir 9: active=  0.00%  msgs=1           602 ns/msg
  dir 10: active=  0.00%  msgs=1           820 ns/msg
  dir 11: active=  0.00%  msgs=1           733 ns/msg
  dir 12: active=  0.00%  msgs=1           678 ns/msg
  dir 13: active=  0.00%  msgs=1           873 ns/msg
  dir 14: active=  0.00%  msgs=1           616 ns/msg
  dir 15: active=  0.00%  msgs=1           652 ns/msg
  AGGREGATE active = 0.00% (of 16 dir-threads; 0.00% per-thread avg)  msgs=16

----- REMOTE CPU LOAD (memory node dir-threads, 2s window) -----
  dir 0: active=  0.00%  msgs=1           349 ns/msg
  dir 1: active=  0.00%  msgs=1           234 ns/msg
  dir 2: active=  0.00%  msgs=1           321 ns/msg
  dir 3: active=  0.00%  msgs=1           304 ns/msg
  dir 4: active=  0.00%  msgs=1           446 ns/msg
  dir 5: active=  0.00%  msgs=1           599 ns/msg
  dir 6: active=  0.00%  msgs=1           439 ns/msg
  dir 7: active=  0.00%  msgs=1           606 ns/msg
  dir 8: active=  0.00%  msgs=1           448 ns/msg
  dir 9: active=  0.00%  msgs=1           778 ns/msg
  dir 10: active=  0.00%  msgs=1           499 ns/msg
  dir 11: active=  0.00%  msgs=1           751 ns/msg
  dir 12: active=  0.00%  msgs=1           439 ns/msg
  dir 13: active=  0.00%  msgs=1           361 ns/msg
  dir 14: active=  0.00%  msgs=1           431 ns/msg
  dir 15: active=  0.00%  msgs=1           386 ns/msg
  AGGREGATE active = 0.00% (of 16 dir-threads; 0.00% per-thread avg)  msgs=16

----- REMOTE CPU LOAD (memory node dir-threads, 2s window) -----
  dir 0: active=  0.00%  msgs=0           0 ns/msg
  dir 1: active=  0.00%  msgs=0           0 ns/msg
  dir 2: active=  0.00%  msgs=0           0 ns/msg
  dir 3: active=  0.00%  msgs=0           0 ns/msg
  dir 4: active=  0.00%  msgs=0           0 ns/msg
  dir 5: active=  0.00%  msgs=0           0 ns/msg
  dir 6: active=  0.00%  msgs=0           0 ns/msg
  dir 7: active=  0.00%  msgs=0           0 ns/msg
  dir 8: active=  0.00%  msgs=0           0 ns/msg
  dir 9: active=  0.00%  msgs=0           0 ns/msg
  dir 10: active=  0.00%  msgs=0           0 ns/msg
  dir 11: active=  0.00%  msgs=0           0 ns/msg
  dir 12: active=  0.00%  msgs=0           0 ns/msg
  dir 13: active=  0.00%  msgs=0           0 ns/msg
  dir 14: active=  0.00%  msgs=0           0 ns/msg
  dir 15: active=  0.00%  msgs=0           0 ns/msg
  AGGREGATE active = 0.00% (of 16 dir-threads; 0.00% per-thread avg)  msgs=0

----- REMOTE CPU LOAD (memory node dir-threads, 2s window) -----
  dir 0: active=  0.00%  msgs=0           0 ns/msg
  dir 1: active=  0.00%  msgs=0           0 ns/msg
  dir 2: active=  0.00%  msgs=0           0 ns/msg
  dir 3: active=  0.00%  msgs=0           0 ns/msg
  dir 4: active=  0.00%  msgs=0           0 ns/msg
  dir 5: active=  0.00%  msgs=0           0 ns/msg
  dir 6: active=  0.00%  msgs=0           0 ns/msg
  dir 7: active=  0.00%  msgs=0           0 ns/msg
  dir 8: active=  0.00%  msgs=0           0 ns/msg
  dir 9: active=  0.00%  msgs=0           0 ns/msg
  dir 10: active=  0.00%  msgs=0           0 ns/msg
  dir 11: active=  0.00%  msgs=0           0 ns/msg
  dir 12: active=  0.00%  msgs=0           0 ns/msg
  dir 13: active=  0.00%  msgs=0           0 ns/msg
  dir 14: active=  0.00%  msgs=0           0 ns/msg
  dir 15: active=  0.00%  msgs=0           0 ns/msg
  AGGREGATE active = 0.00% (of 16 dir-threads; 0.00% per-thread avg)  msgs=0

----- REMOTE CPU LOAD (memory node dir-threads, 2s window) -----
  dir 0: active=  0.00%  msgs=0           0 ns/msg
  dir 1: active=  0.00%  msgs=0           0 ns/msg
  dir 2: active=  0.00%  msgs=0           0 ns/msg
  dir 3: active=  0.00%  msgs=0           0 ns/msg
  dir 4: active=  0.00%  msgs=0           0 ns/msg
  dir 5: active=  0.00%  msgs=0           0 ns/msg
  dir 6: active=  0.00%  msgs=0           0 ns/msg
  dir 7: active=  0.00%  msgs=0           0 ns/msg
  dir 8: active=  0.00%  msgs=0           0 ns/msg
  dir 9: active=  0.00%  msgs=0           0 ns/msg
  dir 10: active=  0.00%  msgs=0           0 ns/msg
  dir 11: active=  0.00%  msgs=0           0 ns/msg
  dir 12: active=  0.00%  msgs=0           0 ns/msg
  dir 13: active=  0.00%  msgs=0           0 ns/msg
  dir 14: active=  0.00%  msgs=0           0 ns/msg
  dir 15: active=  0.00%  msgs=0           0 ns/msg
  AGGREGATE active = 0.00% (of 16 dir-threads; 0.00% per-thread avg)  msgs=0

----- REMOTE CPU LOAD (memory node dir-threads, 2s window) -----
  dir 0: active=  0.00%  msgs=0           0 ns/msg
  dir 1: active=  0.00%  msgs=0           0 ns/msg
  dir 2: active=  0.00%  msgs=0           0 ns/msg
  dir 3: active=  0.00%  msgs=0           0 ns/msg
  dir 4: active=  0.00%  msgs=0           0 ns/msg
  dir 5: active=  0.00%  msgs=0           0 ns/msg
  dir 6: active=  0.00%  msgs=0           0 ns/msg
  dir 7: active=  0.00%  msgs=0           0 ns/msg
  dir 8: active=  0.00%  msgs=0           0 ns/msg
  dir 9: active=  0.00%  msgs=0           0 ns/msg
  dir 10: active=  0.00%  msgs=0           0 ns/msg
  dir 11: active=  0.00%  msgs=0           0 ns/msg
  dir 12: active=  0.00%  msgs=0           0 ns/msg
  dir 13: active=  0.00%  msgs=0           0 ns/msg
  dir 14: active=  0.00%  msgs=0           0 ns/msg
  dir 15: active=  0.00%  msgs=0           0 ns/msg
  AGGREGATE active = 0.00% (of 16 dir-threads; 0.00% per-thread avg)  msgs=0

----- REMOTE CPU LOAD (memory node dir-threads, 2s window) -----
  dir 0: active=  0.00%  msgs=0           0 ns/msg
  dir 1: active=  0.00%  msgs=0           0 ns/msg
  dir 2: active=  0.00%  msgs=0           0 ns/msg
  dir 3: active=  0.00%  msgs=0           0 ns/msg
  dir 4: active=  0.00%  msgs=0           0 ns/msg
  dir 5: active=  0.00%  msgs=0           0 ns/msg
  dir 6: active=  0.00%  msgs=0           0 ns/msg
  dir 7: active=  0.00%  msgs=0           0 ns/msg
  dir 8: active=  0.00%  msgs=0           0 ns/msg
  dir 9: active=  0.00%  msgs=0           0 ns/msg
  dir 10: active=  0.00%  msgs=0           0 ns/msg
  dir 11: active=  0.00%  msgs=0           0 ns/msg
  dir 12: active=  0.00%  msgs=0           0 ns/msg
  dir 13: active=  0.00%  msgs=0           0 ns/msg
  dir 14: active=  0.00%  msgs=0           0 ns/msg
  dir 15: active=  0.00%  msgs=0           0 ns/msg
  AGGREGATE active = 0.00% (of 16 dir-threads; 0.00% per-thread avg)  msgs=0

----- REMOTE CPU LOAD (memory node dir-threads, 2s window) -----
  dir 0: active=  0.00%  msgs=0           0 ns/msg
  dir 1: active=  0.00%  msgs=0           0 ns/msg
  dir 2: active=  0.00%  msgs=0           0 ns/msg
  dir 3: active=  0.00%  msgs=0           0 ns/msg
  dir 4: active=  0.00%  msgs=0           0 ns/msg
  dir 5: active=  0.00%  msgs=0           0 ns/msg
  dir 6: active=  0.00%  msgs=0           0 ns/msg
  dir 7: active=  0.00%  msgs=0           0 ns/msg
  dir 8: active=  0.00%  msgs=0           0 ns/msg
  dir 9: active=  0.00%  msgs=0           0 ns/msg
  dir 10: active=  0.00%  msgs=0           0 ns/msg
  dir 11: active=  0.00%  msgs=0           0 ns/msg
  dir 12: active=  0.00%  msgs=0           0 ns/msg
  dir 13: active=  0.00%  msgs=0           0 ns/msg
  dir 14: active=  0.00%  msgs=0           0 ns/msg
  dir 15: active=  0.00%  msgs=0           0 ns/msg
  AGGREGATE active = 0.00% (of 16 dir-threads; 0.00% per-thread avg)  msgs=0

----- REMOTE CPU LOAD (memory node dir-threads, 2s window) -----
  dir 0: active=  0.00%  msgs=0           0 ns/msg
  dir 1: active=  0.00%  msgs=0           0 ns/msg
  dir 2: active=  0.00%  msgs=0           0 ns/msg
  dir 3: active=  0.00%  msgs=0           0 ns/msg
  dir 4: active=  0.00%  msgs=0           0 ns/msg
  dir 5: active=  0.00%  msgs=0           0 ns/msg
  dir 6: active=  0.00%  msgs=0           0 ns/msg
  dir 7: active=  0.00%  msgs=0           0 ns/msg
  dir 8: active=  0.00%  msgs=0           0 ns/msg
  dir 9: active=  0.00%  msgs=0           0 ns/msg
  dir 10: active=  0.00%  msgs=0           0 ns/msg
  dir 11: active=  0.00%  msgs=0           0 ns/msg
  dir 12: active=  0.00%  msgs=0           0 ns/msg
  dir 13: active=  0.00%  msgs=0           0 ns/msg
  dir 14: active=  0.00%  msgs=0           0 ns/msg
  dir 15: active=  0.00%  msgs=0           0 ns/msg
  AGGREGATE active = 0.00% (of 16 dir-threads; 0.00% per-thread avg)  msgs=0

----- REMOTE CPU LOAD (memory node dir-threads, 2s window) -----
  dir 0: active=  0.00%  msgs=0           0 ns/msg
  dir 1: active=  0.00%  msgs=0           0 ns/msg
  dir 2: active=  0.00%  msgs=0           0 ns/msg
  dir 3: active=  0.00%  msgs=0           0 ns/msg
  dir 4: active=  0.00%  msgs=0           0 ns/msg
  dir 5: active=  0.00%  msgs=0           0 ns/msg
  dir 6: active=  0.00%  msgs=0           0 ns/msg
  dir 7: active=  0.00%  msgs=0           0 ns/msg
  dir 8: active=  0.00%  msgs=0           0 ns/msg
  dir 9: active=  0.00%  msgs=0           0 ns/msg
  dir 10: active=  0.00%  msgs=0           0 ns/msg
  dir 11: active=  0.00%  msgs=0           0 ns/msg
  dir 12: active=  0.00%  msgs=0           0 ns/msg
  dir 13: active=  0.00%  msgs=0           0 ns/msg
  dir 14: active=  0.00%  msgs=0           0 ns/msg
  dir 15: active=  0.00%  msgs=0           0 ns/msg
  AGGREGATE active = 0.00% (of 16 dir-threads; 0.00% per-thread avg)  msgs=0

----- REMOTE CPU LOAD (memory node dir-threads, 2s window) -----
  dir 0: active=  0.00%  msgs=0           0 ns/msg
  dir 1: active=  0.00%  msgs=0           0 ns/msg
  dir 2: active=  0.00%  msgs=0           0 ns/msg
  dir 3: active=  0.00%  msgs=0           0 ns/msg
  dir 4: active=  0.00%  msgs=0           0 ns/msg
  dir 5: active=  0.00%  msgs=0           0 ns/msg
  dir 6: active=  0.00%  msgs=0           0 ns/msg
  dir 7: active=  0.00%  msgs=0           0 ns/msg
  dir 8: active=  0.00%  msgs=0           0 ns/msg
  dir 9: active=  0.00%  msgs=0           0 ns/msg
  dir 10: active=  0.00%  msgs=0           0 ns/msg
  dir 11: active=  0.00%  msgs=0           0 ns/msg
  dir 12: active=  0.00%  msgs=0           0 ns/msg
  dir 13: active=  0.00%  msgs=0           0 ns/msg
  dir 14: active=  0.00%  msgs=0           0 ns/msg
  dir 15: active=  0.00%  msgs=0           0 ns/msg
  AGGREGATE active = 0.00% (of 16 dir-threads; 0.00% per-thread avg)  msgs=0

----- REMOTE CPU LOAD (memory node dir-threads, 2s window) -----
  dir 0: active=  0.00%  msgs=0           0 ns/msg
  dir 1: active=  0.00%  msgs=0           0 ns/msg
  dir 2: active=  0.00%  msgs=0           0 ns/msg
  dir 3: active=  0.00%  msgs=0           0 ns/msg
  dir 4: active=  0.00%  msgs=0           0 ns/msg
  dir 5: active=  0.00%  msgs=0           0 ns/msg
  dir 6: active=  0.00%  msgs=0           0 ns/msg
  dir 7: active=  0.00%  msgs=0           0 ns/msg
  dir 8: active=  0.00%  msgs=0           0 ns/msg
  dir 9: active=  0.00%  msgs=0           0 ns/msg
  dir 10: active=  0.00%  msgs=0           0 ns/msg
  dir 11: active=  0.00%  msgs=0           0 ns/msg
  dir 12: active=  0.00%  msgs=0           0 ns/msg
  dir 13: active=  0.00%  msgs=0           0 ns/msg
  dir 14: active=  0.00%  msgs=0           0 ns/msg
  dir 15: active=  0.00%  msgs=0           0 ns/msg
  AGGREGATE active = 0.00% (of 16 dir-threads; 0.00% per-thread avg)  msgs=0

----- REMOTE CPU LOAD (memory node dir-threads, 2s window) -----
  dir 0: active=  0.00%  msgs=0           0 ns/msg
  dir 1: active=  0.00%  msgs=0           0 ns/msg
  dir 2: active=  0.00%  msgs=0           0 ns/msg
  dir 3: active=  0.00%  msgs=0           0 ns/msg
  dir 4: active=  0.00%  msgs=0           0 ns/msg
  dir 5: active=  0.00%  msgs=0           0 ns/msg
  dir 6: active=  0.00%  msgs=0           0 ns/msg
  dir 7: active=  0.00%  msgs=0           0 ns/msg
  dir 8: active=  0.00%  msgs=0           0 ns/msg
  dir 9: active=  0.00%  msgs=0           0 ns/msg
  dir 10: active=  0.00%  msgs=0           0 ns/msg
  dir 11: active=  0.00%  msgs=0           0 ns/msg
  dir 12: active=  0.00%  msgs=0           0 ns/msg
  dir 13: active=  0.00%  msgs=0           0 ns/msg
  dir 14: active=  0.00%  msgs=0           0 ns/msg
  dir 15: active=  0.00%  msgs=0           0 ns/msg
  AGGREGATE active = 0.00% (of 16 dir-threads; 0.00% per-thread avg)  msgs=0

----- REMOTE CPU LOAD (memory node dir-threads, 2s window) -----
  dir 0: active=  0.00%  msgs=0           0 ns/msg
  dir 1: active=  0.00%  msgs=0           0 ns/msg
  dir 2: active=  0.00%  msgs=0           0 ns/msg
  dir 3: active=  0.00%  msgs=0           0 ns/msg
  dir 4: active=  0.00%  msgs=0           0 ns/msg
  dir 5: active=  0.00%  msgs=0           0 ns/msg
  dir 6: active=  0.00%  msgs=0           0 ns/msg
  dir 7: active=  0.00%  msgs=0           0 ns/msg
  dir 8: active=  0.00%  msgs=0           0 ns/msg
  dir 9: active=  0.00%  msgs=0           0 ns/msg
  dir 10: active=  0.00%  msgs=0           0 ns/msg
  dir 11: active=  0.00%  msgs=0           0 ns/msg
  dir 12: active=  0.00%  msgs=0           0 ns/msg
  dir 13: active=  0.00%  msgs=0           0 ns/msg
  dir 14: active=  0.00%  msgs=0           0 ns/msg
  dir 15: active=  0.00%  msgs=0           0 ns/msg
  AGGREGATE active = 0.00% (of 16 dir-threads; 0.00% per-thread avg)  msgs=0

----- REMOTE CPU LOAD (memory node dir-threads, 2s window) -----
  dir 0: active=  0.00%  msgs=0           0 ns/msg
  dir 1: active=  0.00%  msgs=0           0 ns/msg
  dir 2: active=  0.00%  msgs=0           0 ns/msg
  dir 3: active=  0.00%  msgs=0           0 ns/msg
  dir 4: active=  0.00%  msgs=0           0 ns/msg
  dir 5: active=  0.00%  msgs=0           0 ns/msg
  dir 6: active=  0.00%  msgs=0           0 ns/msg
  dir 7: active=  0.00%  msgs=0           0 ns/msg
  dir 8: active=  0.00%  msgs=0           0 ns/msg
  dir 9: active=  0.00%  msgs=0           0 ns/msg
  dir 10: active=  0.00%  msgs=0           0 ns/msg
  dir 11: active=  0.00%  msgs=0           0 ns/msg
  dir 12: active=  0.00%  msgs=0           0 ns/msg
  dir 13: active=  0.00%  msgs=0           0 ns/msg
  dir 14: active=  0.00%  msgs=0           0 ns/msg
  dir 15: active=  0.00%  msgs=0           0 ns/msg
  AGGREGATE active = 0.00% (of 16 dir-threads; 0.00% per-thread avg)  msgs=0

----- REMOTE CPU LOAD (memory node dir-threads, 2s window) -----
  dir 0: active=  0.00%  msgs=0           0 ns/msg
  dir 1: active=  0.00%  msgs=0           0 ns/msg
  dir 2: active=  0.00%  msgs=0           0 ns/msg
  dir 3: active=  0.00%  msgs=0           0 ns/msg
  dir 4: active=  0.00%  msgs=0           0 ns/msg
  dir 5: active=  0.00%  msgs=0           0 ns/msg
  dir 6: active=  0.00%  msgs=0           0 ns/msg
  dir 7: active=  0.00%  msgs=0           0 ns/msg
  dir 8: active=  0.00%  msgs=0           0 ns/msg
  dir 9: active=  0.00%  msgs=0           0 ns/msg
  dir 10: active=  0.00%  msgs=0           0 ns/msg
  dir 11: active=  0.00%  msgs=0           0 ns/msg
  dir 12: active=  0.00%  msgs=0           0 ns/msg
  dir 13: active=  0.00%  msgs=0           0 ns/msg
  dir 14: active=  0.00%  msgs=0           0 ns/msg
  dir 15: active=  0.00%  msgs=0           0 ns/msg
  AGGREGATE active = 0.00% (of 16 dir-threads; 0.00% per-thread avg)  msgs=0

----- REMOTE CPU LOAD (memory node dir-threads, 2s window) -----
  dir 0: active=  0.00%  msgs=0           0 ns/msg
  dir 1: active=  0.00%  msgs=0           0 ns/msg
  dir 2: active=  0.00%  msgs=0           0 ns/msg
  dir 3: active=  0.00%  msgs=0           0 ns/msg
  dir 4: active=  0.00%  msgs=0           0 ns/msg
  dir 5: active=  0.00%  msgs=0           0 ns/msg
  dir 6: active=  0.00%  msgs=0           0 ns/msg
  dir 7: active=  0.00%  msgs=0           0 ns/msg
  dir 8: active=  0.00%  msgs=0           0 ns/msg
  dir 9: active=  0.00%  msgs=0           0 ns/msg
  dir 10: active=  0.00%  msgs=0           0 ns/msg
  dir 11: active=  0.00%  msgs=0           0 ns/msg
  dir 12: active=  0.00%  msgs=0           0 ns/msg
  dir 13: active=  0.00%  msgs=0           0 ns/msg
  dir 14: active=  0.00%  msgs=0           0 ns/msg
  dir 15: active=  0.00%  msgs=0           0 ns/msg
  AGGREGATE active = 0.00% (of 16 dir-threads; 0.00% per-thread avg)  msgs=0

----- REMOTE CPU LOAD (memory node dir-threads, 2s window) -----
  dir 0: active=  0.00%  msgs=0           0 ns/msg
  dir 1: active=  0.00%  msgs=0           0 ns/msg
  dir 2: active=  0.00%  msgs=0           0 ns/msg
  dir 3: active=  0.00%  msgs=0           0 ns/msg
  dir 4: active=  0.00%  msgs=0           0 ns/msg
  dir 5: active=  0.00%  msgs=0           0 ns/msg
  dir 6: active=  0.00%  msgs=0           0 ns/msg
  dir 7: active=  0.00%  msgs=0           0 ns/msg
  dir 8: active=  0.00%  msgs=0           0 ns/msg
  dir 9: active=  0.00%  msgs=0           0 ns/msg
  dir 10: active=  0.00%  msgs=0           0 ns/msg
  dir 11: active=  0.00%  msgs=0           0 ns/msg
  dir 12: active=  0.00%  msgs=0           0 ns/msg
  dir 13: active=  0.00%  msgs=0           0 ns/msg
  dir 14: active=  0.00%  msgs=0           0 ns/msg
  dir 15: active=  0.00%  msgs=0           0 ns/msg
  AGGREGATE active = 0.00% (of 16 dir-threads; 0.00% per-thread avg)  msgs=0

----- REMOTE CPU LOAD (memory node dir-threads, 2s window) -----
  dir 0: active=  0.00%  msgs=0           0 ns/msg
  dir 1: active=  0.00%  msgs=0           0 ns/msg
  dir 2: active=  0.00%  msgs=0           0 ns/msg
  dir 3: active=  0.00%  msgs=0           0 ns/msg
  dir 4: active=  0.00%  msgs=0           0 ns/msg
  dir 5: active=  0.00%  msgs=0           0 ns/msg
  dir 6: active=  0.00%  msgs=0           0 ns/msg
  dir 7: active=  0.00%  msgs=0           0 ns/msg
  dir 8: active=  0.00%  msgs=0           0 ns/msg
  dir 9: active=  0.00%  msgs=0           0 ns/msg
  dir 10: active=  0.00%  msgs=0           0 ns/msg
  dir 11: active=  0.00%  msgs=0           0 ns/msg
  dir 12: active=  0.00%  msgs=0           0 ns/msg
  dir 13: active=  0.00%  msgs=0           0 ns/msg
  dir 14: active=  0.00%  msgs=0           0 ns/msg
  dir 15: active=  0.00%  msgs=0           0 ns/msg
  AGGREGATE active = 0.00% (of 16 dir-threads; 0.00% per-thread avg)  msgs=0

----- REMOTE CPU LOAD (memory node dir-threads, 2s window) -----
  dir 0: active=  0.00%  msgs=0           0 ns/msg
  dir 1: active=  0.00%  msgs=0           0 ns/msg
  dir 2: active=  0.00%  msgs=0           0 ns/msg
  dir 3: active=  0.00%  msgs=0           0 ns/msg
  dir 4: active=  0.00%  msgs=0           0 ns/msg
  dir 5: active=  0.00%  msgs=0           0 ns/msg
  dir 6: active=  0.00%  msgs=0           0 ns/msg
  dir 7: active=  0.00%  msgs=0           0 ns/msg
  dir 8: active=  0.00%  msgs=0           0 ns/msg
  dir 9: active=  0.00%  msgs=0           0 ns/msg
  dir 10: active=  0.00%  msgs=0           0 ns/msg
  dir 11: active=  0.00%  msgs=0           0 ns/msg
  dir 12: active=  0.00%  msgs=0           0 ns/msg
  dir 13: active=  0.00%  msgs=0           0 ns/msg
  dir 14: active=  0.00%  msgs=0           0 ns/msg
  dir 15: active=  0.00%  msgs=0           0 ns/msg
  AGGREGATE active = 0.00% (of 16 dir-threads; 0.00% per-thread avg)  msgs=0

----- REMOTE CPU LOAD (memory node dir-threads, 2s window) -----
  dir 0: active=  0.00%  msgs=0           0 ns/msg
  dir 1: active=  0.00%  msgs=0           0 ns/msg
  dir 2: active=  0.00%  msgs=0           0 ns/msg
  dir 3: active=  0.00%  msgs=0           0 ns/msg
  dir 4: active=  0.00%  msgs=0           0 ns/msg
  dir 5: active=  0.00%  msgs=0           0 ns/msg
  dir 6: active=  0.00%  msgs=0           0 ns/msg
  dir 7: active=  0.00%  msgs=0           0 ns/msg
  dir 8: active=  0.00%  msgs=0           0 ns/msg
  dir 9: active=  0.00%  msgs=0           0 ns/msg
  dir 10: active=  0.00%  msgs=0           0 ns/msg
  dir 11: active=  0.00%  msgs=0           0 ns/msg
  dir 12: active=  0.00%  msgs=0           0 ns/msg
  dir 13: active=  0.00%  msgs=0           0 ns/msg
  dir 14: active=  0.00%  msgs=0           0 ns/msg
  dir 15: active=  0.00%  msgs=0           0 ns/msg
  AGGREGATE active = 0.00% (of 16 dir-threads; 0.00% per-thread avg)  msgs=0

----- REMOTE CPU LOAD (memory node dir-threads, 2s window) -----
  dir 0: active=  0.00%  msgs=0           0 ns/msg
  dir 1: active=  0.00%  msgs=0           0 ns/msg
  dir 2: active=  0.00%  msgs=0           0 ns/msg
  dir 3: active=  0.00%  msgs=0           0 ns/msg
  dir 4: active=  0.00%  msgs=0           0 ns/msg
  dir 5: active=  0.00%  msgs=0           0 ns/msg
  dir 6: active=  0.00%  msgs=0           0 ns/msg
  dir 7: active=  0.00%  msgs=0           0 ns/msg
  dir 8: active=  0.00%  msgs=0           0 ns/msg
  dir 9: active=  0.00%  msgs=0           0 ns/msg
  dir 10: active=  0.00%  msgs=0           0 ns/msg
  dir 11: active=  0.00%  msgs=0           0 ns/msg
  dir 12: active=  0.00%  msgs=0           0 ns/msg
  dir 13: active=  0.00%  msgs=0           0 ns/msg
  dir 14: active=  0.00%  msgs=0           0 ns/msg
  dir 15: active=  0.00%  msgs=0           0 ns/msg
  AGGREGATE active = 0.00% (of 16 dir-threads; 0.00% per-thread avg)  msgs=0

----- REMOTE CPU LOAD (memory node dir-threads, 2s window) -----
  dir 0: active=  0.00%  msgs=0           0 ns/msg
  dir 1: active=  0.00%  msgs=0           0 ns/msg
  dir 2: active=  0.00%  msgs=0           0 ns/msg
  dir 3: active=  0.00%  msgs=0           0 ns/msg
  dir 4: active=  0.00%  msgs=0           0 ns/msg
  dir 5: active=  0.00%  msgs=0           0 ns/msg
  dir 6: active=  0.00%  msgs=0           0 ns/msg
  dir 7: active=  0.00%  msgs=0           0 ns/msg
  dir 8: active=  0.00%  msgs=0           0 ns/msg
  dir 9: active=  0.00%  msgs=0           0 ns/msg
  dir 10: active=  0.00%  msgs=0           0 ns/msg
  dir 11: active=  0.00%  msgs=0           0 ns/msg
  dir 12: active=  0.00%  msgs=0           0 ns/msg
  dir 13: active=  0.00%  msgs=0           0 ns/msg
  dir 14: active=  0.00%  msgs=0           0 ns/msg
  dir 15: active=  0.00%  msgs=0           0 ns/msg
  AGGREGATE active = 0.00% (of 16 dir-threads; 0.00% per-thread avg)  msgs=0

----- REMOTE CPU LOAD (memory node dir-threads, 2s window) -----
  dir 0: active=  0.00%  msgs=0           0 ns/msg
  dir 1: active=  0.00%  msgs=0           0 ns/msg
  dir 2: active=  0.00%  msgs=0           0 ns/msg
  dir 3: active=  0.00%  msgs=0           0 ns/msg
  dir 4: active=  0.00%  msgs=0           0 ns/msg
  dir 5: active=  0.00%  msgs=0           0 ns/msg
  dir 6: active=  0.00%  msgs=0           0 ns/msg
  dir 7: active=  0.00%  msgs=0           0 ns/msg
  dir 8: active=  0.00%  msgs=0           0 ns/msg
  dir 9: active=  0.00%  msgs=0           0 ns/msg
  dir 10: active=  0.00%  msgs=0           0 ns/msg
  dir 11: active=  0.00%  msgs=0           0 ns/msg
  dir 12: active=  0.00%  msgs=0           0 ns/msg
  dir 13: active=  0.00%  msgs=0           0 ns/msg
  dir 14: active=  0.00%  msgs=0           0 ns/msg
  dir 15: active=  0.00%  msgs=0           0 ns/msg
  AGGREGATE active = 0.00% (of 16 dir-threads; 0.00% per-thread avg)  msgs=0

----- REMOTE CPU LOAD (memory node dir-threads, 2s window) -----
  dir 0: active=  0.00%  msgs=0           0 ns/msg
  dir 1: active=  0.00%  msgs=0           0 ns/msg
  dir 2: active=  0.00%  msgs=0           0 ns/msg
  dir 3: active=  0.00%  msgs=0           0 ns/msg
  dir 4: active=  0.00%  msgs=0           0 ns/msg
  dir 5: active=  0.00%  msgs=0           0 ns/msg
  dir 6: active=  0.00%  msgs=0           0 ns/msg
  dir 7: active=  0.00%  msgs=0           0 ns/msg
  dir 8: active=  0.00%  msgs=0           0 ns/msg
  dir 9: active=  0.00%  msgs=0           0 ns/msg
  dir 10: active=  0.00%  msgs=0           0 ns/msg
  dir 11: active=  0.00%  msgs=0           0 ns/msg
  dir 12: active=  0.00%  msgs=0           0 ns/msg
  dir 13: active=  0.00%  msgs=0           0 ns/msg
  dir 14: active=  0.00%  msgs=0           0 ns/msg
  dir 15: active=  0.00%  msgs=0           0 ns/msg
  AGGREGATE active = 0.00% (of 16 dir-threads; 0.00% per-thread avg)  msgs=0

----- REMOTE CPU LOAD (memory node dir-threads, 2s window) -----
  dir 0: active=  0.00%  msgs=0           0 ns/msg
  dir 1: active=  0.00%  msgs=0           0 ns/msg
  dir 2: active=  0.00%  msgs=0           0 ns/msg
  dir 3: active=  0.00%  msgs=0           0 ns/msg
  dir 4: active=  0.00%  msgs=0           0 ns/msg
  dir 5: active=  0.00%  msgs=0           0 ns/msg
  dir 6: active=  0.00%  msgs=0           0 ns/msg
  dir 7: active=  0.00%  msgs=0           0 ns/msg
  dir 8: active=  0.00%  msgs=0           0 ns/msg
  dir 9: active=  0.00%  msgs=0           0 ns/msg
  dir 10: active=  0.00%  msgs=0           0 ns/msg
  dir 11: active=  0.00%  msgs=0           0 ns/msg
  dir 12: active=  0.00%  msgs=0           0 ns/msg
  dir 13: active=  0.00%  msgs=0           0 ns/msg
  dir 14: active=  0.00%  msgs=0           0 ns/msg
  dir 15: active=  0.00%  msgs=0           0 ns/msg
  AGGREGATE active = 0.00% (of 16 dir-threads; 0.00% per-thread avg)  msgs=0

----- REMOTE CPU LOAD (memory node dir-threads, 2s window) -----
  dir 0: active=  0.00%  msgs=0           0 ns/msg
  dir 1: active=  0.00%  msgs=0           0 ns/msg
  dir 2: active=  0.00%  msgs=0           0 ns/msg
  dir 3: active=  0.00%  msgs=0           0 ns/msg
  dir 4: active=  0.00%  msgs=0           0 ns/msg
  dir 5: active=  0.00%  msgs=0           0 ns/msg
  dir 6: active=  0.00%  msgs=0           0 ns/msg
  dir 7: active=  0.00%  msgs=0           0 ns/msg
  dir 8: active=  0.00%  msgs=0           0 ns/msg
  dir 9: active=  0.00%  msgs=0           0 ns/msg
  dir 10: active=  0.00%  msgs=0           0 ns/msg
  dir 11: active=  0.00%  msgs=0           0 ns/msg
  dir 12: active=  0.00%  msgs=0           0 ns/msg
  dir 13: active=  0.00%  msgs=0           0 ns/msg
  dir 14: active=  0.00%  msgs=0           0 ns/msg
  dir 15: active=  0.00%  msgs=0           0 ns/msg
  AGGREGATE active = 0.00% (of 16 dir-threads; 0.00% per-thread avg)  msgs=0

----- REMOTE CPU LOAD (memory node dir-threads, 2s window) -----
  dir 0: active=  0.00%  msgs=0           0 ns/msg
  dir 1: active=  0.00%  msgs=0           0 ns/msg
  dir 2: active=  0.00%  msgs=0           0 ns/msg
  dir 3: active=  0.00%  msgs=0           0 ns/msg
  dir 4: active=  0.00%  msgs=0           0 ns/msg
  dir 5: active=  0.00%  msgs=0           0 ns/msg
  dir 6: active=  0.00%  msgs=0           0 ns/msg
  dir 7: active=  0.00%  msgs=0           0 ns/msg
  dir 8: active=  0.00%  msgs=0           0 ns/msg
  dir 9: active=  0.00%  msgs=0           0 ns/msg
  dir 10: active=  0.00%  msgs=0           0 ns/msg
  dir 11: active=  0.00%  msgs=0           0 ns/msg
  dir 12: active=  0.00%  msgs=0           0 ns/msg
  dir 13: active=  0.00%  msgs=0           0 ns/msg
  dir 14: active=  0.00%  msgs=0           0 ns/msg
  dir 15: active=  0.00%  msgs=0           0 ns/msg
  AGGREGATE active = 0.00% (of 16 dir-threads; 0.00% per-thread avg)  msgs=0

----- REMOTE CPU LOAD (memory node dir-threads, 2s window) -----
  dir 0: active=  0.00%  msgs=0           0 ns/msg
  dir 1: active=  0.00%  msgs=0           0 ns/msg
  dir 2: active=  0.00%  msgs=0           0 ns/msg
  dir 3: active=  0.00%  msgs=0           0 ns/msg
  dir 4: active=  0.00%  msgs=0           0 ns/msg
  dir 5: active=  0.00%  msgs=0           0 ns/msg
  dir 6: active=  0.00%  msgs=0           0 ns/msg
  dir 7: active=  0.00%  msgs=0           0 ns/msg
  dir 8: active=  0.00%  msgs=0           0 ns/msg
  dir 9: active=  0.00%  msgs=0           0 ns/msg
  dir 10: active=  0.00%  msgs=0           0 ns/msg
  dir 11: active=  0.00%  msgs=0           0 ns/msg
  dir 12: active=  0.00%  msgs=0           0 ns/msg
  dir 13: active=  0.00%  msgs=0           0 ns/msg
  dir 14: active=  0.00%  msgs=0           0 ns/msg
  dir 15: active=  0.00%  msgs=0           0 ns/msg
  AGGREGATE active = 0.00% (of 16 dir-threads; 0.00% per-thread avg)  msgs=0

----- REMOTE CPU LOAD (memory node dir-threads, 2s window) -----
  dir 0: active=  0.00%  msgs=0           0 ns/msg
  dir 1: active=  0.00%  msgs=0           0 ns/msg
  dir 2: active=  0.00%  msgs=0           0 ns/msg
  dir 3: active=  0.00%  msgs=0           0 ns/msg
  dir 4: active=  0.00%  msgs=0           0 ns/msg
  dir 5: active=  0.00%  msgs=0           0 ns/msg
  dir 6: active=  0.00%  msgs=0           0 ns/msg
  dir 7: active=  0.00%  msgs=0           0 ns/msg
  dir 8: active=  0.00%  msgs=0           0 ns/msg
  dir 9: active=  0.00%  msgs=0           0 ns/msg
  dir 10: active=  0.00%  msgs=0           0 ns/msg
  dir 11: active=  0.00%  msgs=0           0 ns/msg
  dir 12: active=  0.00%  msgs=0           0 ns/msg
  dir 13: active=  0.00%  msgs=0           0 ns/msg
  dir 14: active=  0.00%  msgs=0           0 ns/msg
  dir 15: active=  0.00%  msgs=0           0 ns/msg
  AGGREGATE active = 0.00% (of 16 dir-threads; 0.00% per-thread avg)  msgs=0

----- REMOTE CPU LOAD (memory node dir-threads, 2s window) -----
  dir 0: active=  0.00%  msgs=0           0 ns/msg
  dir 1: active=  0.00%  msgs=0           0 ns/msg
  dir 2: active=  0.00%  msgs=0           0 ns/msg
  dir 3: active=  0.00%  msgs=0           0 ns/msg
  dir 4: active=  0.00%  msgs=0           0 ns/msg
  dir 5: active=  0.00%  msgs=0           0 ns/msg
  dir 6: active=  0.00%  msgs=0           0 ns/msg
  dir 7: active=  0.00%  msgs=0           0 ns/msg
  dir 8: active=  0.00%  msgs=0           0 ns/msg
  dir 9: active=  0.00%  msgs=0           0 ns/msg
  dir 10: active=  0.00%  msgs=0           0 ns/msg
  dir 11: active=  0.00%  msgs=0           0 ns/msg
  dir 12: active=  0.00%  msgs=0           0 ns/msg
  dir 13: active=  0.00%  msgs=0           0 ns/msg
  dir 14: active=  0.00%  msgs=0           0 ns/msg
  dir 15: active=  0.00%  msgs=0           0 ns/msg
  AGGREGATE active = 0.00% (of 16 dir-threads; 0.00% per-thread avg)  msgs=0

----- REMOTE CPU LOAD (memory node dir-threads, 2s window) -----
  dir 0: active=  0.00%  msgs=0           0 ns/msg
  dir 1: active=  0.00%  msgs=0           0 ns/msg
  dir 2: active=  0.00%  msgs=0           0 ns/msg
  dir 3: active=  0.00%  msgs=0           0 ns/msg
  dir 4: active=  0.00%  msgs=0           0 ns/msg
  dir 5: active=  0.00%  msgs=0           0 ns/msg
  dir 6: active=  0.00%  msgs=0           0 ns/msg
  dir 7: active=  0.00%  msgs=0           0 ns/msg
  dir 8: active=  0.00%  msgs=0           0 ns/msg
  dir 9: active=  0.00%  msgs=0           0 ns/msg
  dir 10: active=  0.00%  msgs=0           0 ns/msg
  dir 11: active=  0.00%  msgs=0           0 ns/msg
  dir 12: active=  0.00%  msgs=0           0 ns/msg
  dir 13: active=  0.00%  msgs=0           0 ns/msg
  dir 14: active=  0.00%  msgs=0           0 ns/msg
  dir 15: active=  0.00%  msgs=0           0 ns/msg
  AGGREGATE active = 0.00% (of 16 dir-threads; 0.00% per-thread avg)  msgs=0

----- REMOTE CPU LOAD (memory node dir-threads, 2s window) -----
  dir 0: active=  0.00%  msgs=0           0 ns/msg
  dir 1: active=  0.00%  msgs=0           0 ns/msg
  dir 2: active=  0.00%  msgs=0           0 ns/msg
  dir 3: active=  0.00%  msgs=0           0 ns/msg
  dir 4: active=  0.00%  msgs=0           0 ns/msg
  dir 5: active=  0.00%  msgs=0           0 ns/msg
  dir 6: active=  0.00%  msgs=0           0 ns/msg
  dir 7: active=  0.00%  msgs=0           0 ns/msg
  dir 8: active=  0.00%  msgs=0           0 ns/msg
  dir 9: active=  0.00%  msgs=0           0 ns/msg
  dir 10: active=  0.00%  msgs=0           0 ns/msg
  dir 11: active=  0.00%  msgs=0           0 ns/msg
  dir 12: active=  0.00%  msgs=0           0 ns/msg
  dir 13: active=  0.00%  msgs=0           0 ns/msg
  dir 14: active=  0.00%  msgs=0           0 ns/msg
  dir 15: active=  0.00%  msgs=0           0 ns/msg
  AGGREGATE active = 0.00% (of 16 dir-threads; 0.00% per-thread avg)  msgs=0

----- REMOTE CPU LOAD (memory node dir-threads, 2s window) -----
  dir 0: active=  0.00%  msgs=0           0 ns/msg
  dir 1: active=  0.00%  msgs=0           0 ns/msg
  dir 2: active=  0.00%  msgs=0           0 ns/msg
  dir 3: active=  0.00%  msgs=0           0 ns/msg
  dir 4: active=  0.00%  msgs=0           0 ns/msg
  dir 5: active=  0.00%  msgs=0           0 ns/msg
  dir 6: active=  0.00%  msgs=0           0 ns/msg
  dir 7: active=  0.00%  msgs=0           0 ns/msg
  dir 8: active=  0.00%  msgs=0           0 ns/msg
  dir 9: active=  0.00%  msgs=0           0 ns/msg
  dir 10: active=  0.00%  msgs=0           0 ns/msg
  dir 11: active=  0.00%  msgs=0           0 ns/msg
  dir 12: active=  0.00%  msgs=0           0 ns/msg
  dir 13: active=  0.00%  msgs=0           0 ns/msg
  dir 14: active=  0.00%  msgs=0           0 ns/msg
  dir 15: active=  0.00%  msgs=0           0 ns/msg
  AGGREGATE active = 0.00% (of 16 dir-threads; 0.00% per-thread avg)  msgs=0

----- REMOTE CPU LOAD (memory node dir-threads, 2s window) -----
  dir 0: active=  0.00%  msgs=0           0 ns/msg
  dir 1: active=  0.00%  msgs=0           0 ns/msg
  dir 2: active=  0.00%  msgs=0           0 ns/msg
  dir 3: active=  0.00%  msgs=0           0 ns/msg
  dir 4: active=  0.00%  msgs=0           0 ns/msg
  dir 5: active=  0.00%  msgs=0           0 ns/msg
  dir 6: active=  0.00%  msgs=0           0 ns/msg
  dir 7: active=  0.00%  msgs=0           0 ns/msg
  dir 8: active=  0.00%  msgs=0           0 ns/msg
  dir 9: active=  0.00%  msgs=0           0 ns/msg
  dir 10: active=  0.00%  msgs=0           0 ns/msg
  dir 11: active=  0.00%  msgs=0           0 ns/msg
  dir 12: active=  0.00%  msgs=0           0 ns/msg
  dir 13: active=  0.00%  msgs=0           0 ns/msg
  dir 14: active=  0.00%  msgs=0           0 ns/msg
  dir 15: active=  0.00%  msgs=0           0 ns/msg
  AGGREGATE active = 0.00% (of 16 dir-threads; 0.00% per-thread avg)  msgs=0

----- REMOTE CPU LOAD (memory node dir-threads, 2s window) -----
  dir 0: active=  0.00%  msgs=0           0 ns/msg
  dir 1: active=  0.00%  msgs=0           0 ns/msg
  dir 2: active=  0.00%  msgs=0           0 ns/msg
  dir 3: active=  0.00%  msgs=0           0 ns/msg
  dir 4: active=  0.00%  msgs=0           0 ns/msg
  dir 5: active=  0.00%  msgs=0           0 ns/msg
  dir 6: active=  0.00%  msgs=0           0 ns/msg
  dir 7: active=  0.00%  msgs=0           0 ns/msg
  dir 8: active=  0.00%  msgs=0           0 ns/msg
  dir 9: active=  0.00%  msgs=0           0 ns/msg
  dir 10: active=  0.00%  msgs=0           0 ns/msg
  dir 11: active=  0.00%  msgs=0           0 ns/msg
  dir 12: active=  0.00%  msgs=0           0 ns/msg
  dir 13: active=  0.00%  msgs=0           0 ns/msg
  dir 14: active=  0.00%  msgs=0           0 ns/msg
  dir 15: active=  0.00%  msgs=0           0 ns/msg
  AGGREGATE active = 0.00% (of 16 dir-threads; 0.00% per-thread avg)  msgs=0

----- REMOTE CPU LOAD (memory node dir-threads, 2s window) -----
  dir 0: active=  0.00%  msgs=0           0 ns/msg
  dir 1: active=  0.00%  msgs=0           0 ns/msg
  dir 2: active=  0.00%  msgs=0           0 ns/msg
  dir 3: active=  0.00%  msgs=0           0 ns/msg
  dir 4: active=  0.00%  msgs=0           0 ns/msg
  dir 5: active=  0.00%  msgs=0           0 ns/msg
  dir 6: active=  0.00%  msgs=0           0 ns/msg
  dir 7: active=  0.00%  msgs=0           0 ns/msg
  dir 8: active=  0.00%  msgs=0           0 ns/msg
  dir 9: active=  0.00%  msgs=0           0 ns/msg
  dir 10: active=  0.00%  msgs=0           0 ns/msg
  dir 11: active=  0.00%  msgs=0           0 ns/msg
  dir 12: active=  0.00%  msgs=0           0 ns/msg
  dir 13: active=  0.00%  msgs=0           0 ns/msg
  dir 14: active=  0.00%  msgs=0           0 ns/msg
  dir 15: active=  0.00%  msgs=0           0 ns/msg
  AGGREGATE active = 0.00% (of 16 dir-threads; 0.00% per-thread avg)  msgs=0

----- REMOTE CPU LOAD (memory node dir-threads, 2s window) -----
  dir 0: active=  0.00%  msgs=0           0 ns/msg
  dir 1: active=  0.00%  msgs=0           0 ns/msg
  dir 2: active=  0.00%  msgs=0           0 ns/msg
  dir 3: active=  0.00%  msgs=0           0 ns/msg
  dir 4: active=  0.00%  msgs=0           0 ns/msg
  dir 5: active=  0.00%  msgs=0           0 ns/msg
  dir 6: active=  0.00%  msgs=0           0 ns/msg
  dir 7: active=  0.00%  msgs=0           0 ns/msg
  dir 8: active=  0.00%  msgs=0           0 ns/msg
  dir 9: active=  0.00%  msgs=0           0 ns/msg
  dir 10: active=  0.00%  msgs=0           0 ns/msg
  dir 11: active=  0.00%  msgs=0           0 ns/msg
  dir 12: active=  0.00%  msgs=0           0 ns/msg
  dir 13: active=  0.00%  msgs=0           0 ns/msg
  dir 14: active=  0.00%  msgs=0           0 ns/msg
  dir 15: active=  0.00%  msgs=0           0 ns/msg
  AGGREGATE active = 0.00% (of 16 dir-threads; 0.00% per-thread avg)  msgs=0

----- REMOTE CPU LOAD (memory node dir-threads, 2s window) -----
  dir 0: active=  0.00%  msgs=0           0 ns/msg
  dir 1: active=  0.00%  msgs=0           0 ns/msg
  dir 2: active=  0.00%  msgs=0           0 ns/msg
  dir 3: active=  0.00%  msgs=0           0 ns/msg
  dir 4: active=  0.00%  msgs=0           0 ns/msg
  dir 5: active=  0.00%  msgs=0           0 ns/msg
  dir 6: active=  0.00%  msgs=0           0 ns/msg
  dir 7: active=  0.00%  msgs=0           0 ns/msg
  dir 8: active=  0.00%  msgs=0           0 ns/msg
  dir 9: active=  0.00%  msgs=0           0 ns/msg
  dir 10: active=  0.00%  msgs=0           0 ns/msg
  dir 11: active=  0.00%  msgs=0           0 ns/msg
  dir 12: active=  0.00%  msgs=0           0 ns/msg
  dir 13: active=  0.00%  msgs=0           0 ns/msg
  dir 14: active=  0.00%  msgs=0           0 ns/msg
  dir 15: active=  0.00%  msgs=0           0 ns/msg
  AGGREGATE active = 0.00% (of 16 dir-threads; 0.00% per-thread avg)  msgs=0

----- REMOTE CPU LOAD (memory node dir-threads, 2s window) -----
  dir 0: active=  0.00%  msgs=0           0 ns/msg
  dir 1: active=  0.00%  msgs=0           0 ns/msg
  dir 2: active=  0.00%  msgs=0           0 ns/msg
  dir 3: active=  0.00%  msgs=0           0 ns/msg
  dir 4: active=  0.00%  msgs=0           0 ns/msg
  dir 5: active=  0.00%  msgs=0           0 ns/msg
  dir 6: active=  0.00%  msgs=0           0 ns/msg
  dir 7: active=  0.00%  msgs=0           0 ns/msg
  dir 8: active=  0.00%  msgs=0           0 ns/msg
  dir 9: active=  0.00%  msgs=0           0 ns/msg
  dir 10: active=  0.00%  msgs=0           0 ns/msg
  dir 11: active=  0.00%  msgs=0           0 ns/msg
  dir 12: active=  0.00%  msgs=0           0 ns/msg
  dir 13: active=  0.00%  msgs=0           0 ns/msg
  dir 14: active=  0.00%  msgs=0           0 ns/msg
  dir 15: active=  0.00%  msgs=0           0 ns/msg
  AGGREGATE active = 0.00% (of 16 dir-threads; 0.00% per-thread avg)  msgs=0

----- REMOTE CPU LOAD (memory node dir-threads, 2s window) -----
  dir 0: active=  0.00%  msgs=0           0 ns/msg
  dir 1: active=  0.00%  msgs=0           0 ns/msg
  dir 2: active=  0.00%  msgs=0           0 ns/msg
  dir 3: active=  0.00%  msgs=0           0 ns/msg
  dir 4: active=  0.00%  msgs=0           0 ns/msg
  dir 5: active=  0.00%  msgs=0           0 ns/msg
  dir 6: active=  0.00%  msgs=0           0 ns/msg
  dir 7: active=  0.00%  msgs=0           0 ns/msg
  dir 8: active=  0.00%  msgs=0           0 ns/msg
  dir 9: active=  0.00%  msgs=0           0 ns/msg
  dir 10: active=  0.00%  msgs=0           0 ns/msg
  dir 11: active=  0.00%  msgs=0           0 ns/msg
  dir 12: active=  0.00%  msgs=0           0 ns/msg
  dir 13: active=  0.00%  msgs=0           0 ns/msg
  dir 14: active=  0.00%  msgs=0           0 ns/msg
  dir 15: active=  0.00%  msgs=0           0 ns/msg
  AGGREGATE active = 0.00% (of 16 dir-threads; 0.00% per-thread avg)  msgs=0

----- REMOTE CPU LOAD (memory node dir-threads, 2s window) -----
  dir 0: active=  0.00%  msgs=0           0 ns/msg
  dir 1: active=  0.00%  msgs=0           0 ns/msg
  dir 2: active=  0.00%  msgs=0           0 ns/msg
  dir 3: active=  0.00%  msgs=0           0 ns/msg
  dir 4: active=  0.00%  msgs=0           0 ns/msg
  dir 5: active=  0.00%  msgs=0           0 ns/msg
  dir 6: active=  0.00%  msgs=0           0 ns/msg
  dir 7: active=  0.00%  msgs=0           0 ns/msg
  dir 8: active=  0.00%  msgs=0           0 ns/msg
  dir 9: active=  0.00%  msgs=0           0 ns/msg
  dir 10: active=  0.00%  msgs=0           0 ns/msg
  dir 11: active=  0.00%  msgs=0           0 ns/msg
  dir 12: active=  0.00%  msgs=0           0 ns/msg
  dir 13: active=  0.00%  msgs=0           0 ns/msg
  dir 14: active=  0.00%  msgs=0           0 ns/msg
  dir 15: active=  0.00%  msgs=0           0 ns/msg
  AGGREGATE active = 0.00% (of 16 dir-threads; 0.00% per-thread avg)  msgs=0

----- REMOTE CPU LOAD (memory node dir-threads, 2s window) -----
  dir 0: active=  0.00%  msgs=0           0 ns/msg
  dir 1: active=  0.00%  msgs=0           0 ns/msg
  dir 2: active=  0.00%  msgs=0           0 ns/msg
  dir 3: active=  0.00%  msgs=0           0 ns/msg
  dir 4: active=  0.00%  msgs=0           0 ns/msg
  dir 5: active=  0.00%  msgs=0           0 ns/msg
  dir 6: active=  0.00%  msgs=0           0 ns/msg
  dir 7: active=  0.00%  msgs=0           0 ns/msg
  dir 8: active=  0.00%  msgs=0           0 ns/msg
  dir 9: active=  0.00%  msgs=0           0 ns/msg
  dir 10: active=  0.00%  msgs=0           0 ns/msg
  dir 11: active=  0.00%  msgs=0           0 ns/msg
  dir 12: active=  0.00%  msgs=0           0 ns/msg
  dir 13: active=  0.00%  msgs=0           0 ns/msg
  dir 14: active=  0.00%  msgs=0           0 ns/msg
  dir 15: active=  0.00%  msgs=0           0 ns/msg
  AGGREGATE active = 0.00% (of 16 dir-threads; 0.00% per-thread avg)  msgs=0

----- REMOTE CPU LOAD (memory node dir-threads, 2s window) -----
  dir 0: active=  0.00%  msgs=0           0 ns/msg
  dir 1: active=  0.00%  msgs=0           0 ns/msg
  dir 2: active=  0.00%  msgs=0           0 ns/msg
  dir 3: active=  0.00%  msgs=0           0 ns/msg
  dir 4: active=  0.00%  msgs=0           0 ns/msg
  dir 5: active=  0.00%  msgs=0           0 ns/msg
  dir 6: active=  0.00%  msgs=0           0 ns/msg
  dir 7: active=  0.00%  msgs=0           0 ns/msg
  dir 8: active=  0.00%  msgs=0           0 ns/msg
  dir 9: active=  0.00%  msgs=0           0 ns/msg
  dir 10: active=  0.00%  msgs=0           0 ns/msg
  dir 11: active=  0.00%  msgs=0           0 ns/msg
  dir 12: active=  0.00%  msgs=0           0 ns/msg
  dir 13: active=  0.00%  msgs=0           0 ns/msg
  dir 14: active=  0.00%  msgs=0           0 ns/msg
  dir 15: active=  0.00%  msgs=0           0 ns/msg
  AGGREGATE active = 0.00% (of 16 dir-threads; 0.00% per-thread avg)  msgs=0

----- REMOTE CPU LOAD (memory node dir-threads, 2s window) -----
  dir 0: active=  0.00%  msgs=0           0 ns/msg
  dir 1: active=  0.00%  msgs=0           0 ns/msg
  dir 2: active=  0.00%  msgs=0           0 ns/msg
  dir 3: active=  0.00%  msgs=0           0 ns/msg
  dir 4: active=  0.00%  msgs=0           0 ns/msg
  dir 5: active=  0.00%  msgs=0           0 ns/msg
  dir 6: active=  0.00%  msgs=0           0 ns/msg
  dir 7: active=  0.00%  msgs=0           0 ns/msg
  dir 8: active=  0.00%  msgs=0           0 ns/msg
  dir 9: active=  0.00%  msgs=0           0 ns/msg
  dir 10: active=  0.00%  msgs=0           0 ns/msg
  dir 11: active=  0.00%  msgs=0           0 ns/msg
  dir 12: active=  0.00%  msgs=0           0 ns/msg
  dir 13: active=  0.00%  msgs=0           0 ns/msg
  dir 14: active=  0.00%  msgs=0           0 ns/msg
  dir 15: active=  0.00%  msgs=0           0 ns/msg
  AGGREGATE active = 0.00% (of 16 dir-threads; 0.00% per-thread avg)  msgs=0

----- REMOTE CPU LOAD (memory node dir-threads, 2s window) -----
  dir 0: active=  0.00%  msgs=0           0 ns/msg
  dir 1: active=  0.00%  msgs=0           0 ns/msg
  dir 2: active=  0.00%  msgs=0           0 ns/msg
  dir 3: active=  0.00%  msgs=0           0 ns/msg
  dir 4: active=  0.00%  msgs=0           0 ns/msg
  dir 5: active=  0.00%  msgs=0           0 ns/msg
  dir 6: active=  0.00%  msgs=0           0 ns/msg
  dir 7: active=  0.00%  msgs=0           0 ns/msg
  dir 8: active=  0.00%  msgs=0           0 ns/msg
  dir 9: active=  0.00%  msgs=0           0 ns/msg
  dir 10: active=  0.00%  msgs=0           0 ns/msg
  dir 11: active=  0.00%  msgs=0           0 ns/msg
  dir 12: active=  0.00%  msgs=0           0 ns/msg
  dir 13: active=  0.00%  msgs=0           0 ns/msg
  dir 14: active=  0.00%  msgs=0           0 ns/msg
  dir 15: active=  0.00%  msgs=0           0 ns/msg
  AGGREGATE active = 0.00% (of 16 dir-threads; 0.00% per-thread avg)  msgs=0

----- REMOTE CPU LOAD (memory node dir-threads, 2s window) -----
  dir 0: active=  0.00%  msgs=0           0 ns/msg
  dir 1: active=  0.00%  msgs=0           0 ns/msg
  dir 2: active=  0.00%  msgs=0           0 ns/msg
  dir 3: active=  0.00%  msgs=0           0 ns/msg
  dir 4: active=  0.00%  msgs=0           0 ns/msg
  dir 5: active=  0.00%  msgs=0           0 ns/msg
  dir 6: active=  0.00%  msgs=0           0 ns/msg
  dir 7: active=  0.00%  msgs=0           0 ns/msg
  dir 8: active=  0.00%  msgs=0           0 ns/msg
  dir 9: active=  0.00%  msgs=0           0 ns/msg
  dir 10: active=  0.00%  msgs=0           0 ns/msg
  dir 11: active=  0.00%  msgs=0           0 ns/msg
  dir 12: active=  0.00%  msgs=0           0 ns/msg
  dir 13: active=  0.00%  msgs=0           0 ns/msg
  dir 14: active=  0.00%  msgs=0           0 ns/msg
  dir 15: active=  0.00%  msgs=0           0 ns/msg
  AGGREGATE active = 0.00% (of 16 dir-threads; 0.00% per-thread avg)  msgs=0

----- REMOTE CPU LOAD (memory node dir-threads, 2s window) -----
  dir 0: active=  0.00%  msgs=0           0 ns/msg
  dir 1: active=  0.00%  msgs=0           0 ns/msg
  dir 2: active=  0.00%  msgs=0           0 ns/msg
  dir 3: active=  0.00%  msgs=0           0 ns/msg
  dir 4: active=  0.00%  msgs=0           0 ns/msg
  dir 5: active=  0.00%  msgs=0           0 ns/msg
  dir 6: active=  0.00%  msgs=0           0 ns/msg
  dir 7: active=  0.00%  msgs=0           0 ns/msg
  dir 8: active=  0.00%  msgs=0           0 ns/msg
  dir 9: active=  0.00%  msgs=0           0 ns/msg
  dir 10: active=  0.00%  msgs=0           0 ns/msg
  dir 11: active=  0.00%  msgs=0           0 ns/msg
  dir 12: active=  0.00%  msgs=0           0 ns/msg
  dir 13: active=  0.00%  msgs=0           0 ns/msg
  dir 14: active=  0.00%  msgs=0           0 ns/msg
  dir 15: active=  0.00%  msgs=0           0 ns/msg
  AGGREGATE active = 0.00% (of 16 dir-threads; 0.00% per-thread avg)  msgs=0

----- REMOTE CPU LOAD (memory node dir-threads, 2s window) -----
  dir 0: active=  0.00%  msgs=0           0 ns/msg
  dir 1: active=  0.00%  msgs=0           0 ns/msg
  dir 2: active=  0.00%  msgs=0           0 ns/msg
  dir 3: active=  0.00%  msgs=0           0 ns/msg
  dir 4: active=  0.00%  msgs=0           0 ns/msg
  dir 5: active=  0.00%  msgs=0           0 ns/msg
  dir 6: active=  0.00%  msgs=0           0 ns/msg
  dir 7: active=  0.00%  msgs=0           0 ns/msg
  dir 8: active=  0.00%  msgs=0           0 ns/msg
  dir 9: active=  0.00%  msgs=0           0 ns/msg
  dir 10: active=  0.00%  msgs=0           0 ns/msg
  dir 11: active=  0.00%  msgs=0           0 ns/msg
  dir 12: active=  0.00%  msgs=0           0 ns/msg
  dir 13: active=  0.00%  msgs=0           0 ns/msg
  dir 14: active=  0.00%  msgs=0           0 ns/msg
  dir 15: active=  0.00%  msgs=0           0 ns/msg
  AGGREGATE active = 0.00% (of 16 dir-threads; 0.00% per-thread avg)  msgs=0

----- REMOTE CPU LOAD (memory node dir-threads, 2s window) -----
  dir 0: active=  0.00%  msgs=0           0 ns/msg
  dir 1: active=  0.00%  msgs=0           0 ns/msg
  dir 2: active=  0.00%  msgs=0           0 ns/msg
  dir 3: active=  0.00%  msgs=0           0 ns/msg
  dir 4: active=  0.00%  msgs=0           0 ns/msg
  dir 5: active=  0.00%  msgs=0           0 ns/msg
  dir 6: active=  0.00%  msgs=0           0 ns/msg
  dir 7: active=  0.00%  msgs=0           0 ns/msg
  dir 8: active=  0.00%  msgs=0           0 ns/msg
  dir 9: active=  0.00%  msgs=0           0 ns/msg
  dir 10: active=  0.00%  msgs=0           0 ns/msg
  dir 11: active=  0.00%  msgs=0           0 ns/msg
  dir 12: active=  0.00%  msgs=0           0 ns/msg
  dir 13: active=  0.00%  msgs=0           0 ns/msg
  dir 14: active=  0.00%  msgs=0           0 ns/msg
  dir 15: active=  0.00%  msgs=0           0 ns/msg
  AGGREGATE active = 0.00% (of 16 dir-threads; 0.00% per-thread avg)  msgs=0

----- REMOTE CPU LOAD (memory node dir-threads, 2s window) -----
  dir 0: active=  0.00%  msgs=0           0 ns/msg
  dir 1: active=  0.00%  msgs=0           0 ns/msg
  dir 2: active=  0.00%  msgs=0           0 ns/msg
  dir 3: active=  0.00%  msgs=0           0 ns/msg
  dir 4: active=  0.00%  msgs=0           0 ns/msg
  dir 5: active=  0.00%  msgs=0           0 ns/msg
  dir 6: active=  0.00%  msgs=0           0 ns/msg
  dir 7: active=  0.00%  msgs=0           0 ns/msg
  dir 8: active=  0.00%  msgs=0           0 ns/msg
  dir 9: active=  0.00%  msgs=0           0 ns/msg
  dir 10: active=  0.00%  msgs=0           0 ns/msg
  dir 11: active=  0.00%  msgs=0           0 ns/msg
  dir 12: active=  0.00%  msgs=0           0 ns/msg
  dir 13: active=  0.00%  msgs=0           0 ns/msg
  dir 14: active=  0.00%  msgs=0           0 ns/msg
  dir 15: active=  0.00%  msgs=0           0 ns/msg
  AGGREGATE active = 0.00% (of 16 dir-threads; 0.00% per-thread avg)  msgs=0

----- REMOTE CPU LOAD (memory node dir-threads, 2s window) -----
  dir 0: active=  0.00%  msgs=0           0 ns/msg
  dir 1: active=  0.00%  msgs=0           0 ns/msg
  dir 2: active=  0.00%  msgs=0           0 ns/msg
  dir 3: active=  0.00%  msgs=0           0 ns/msg
  dir 4: active=  0.00%  msgs=0           0 ns/msg
  dir 5: active=  0.00%  msgs=0           0 ns/msg
  dir 6: active=  0.00%  msgs=0           0 ns/msg
  dir 7: active=  0.00%  msgs=0           0 ns/msg
  dir 8: active=  0.00%  msgs=0           0 ns/msg
  dir 9: active=  0.00%  msgs=0           0 ns/msg
  dir 10: active=  0.00%  msgs=0           0 ns/msg
  dir 11: active=  0.00%  msgs=0           0 ns/msg
  dir 12: active=  0.00%  msgs=0           0 ns/msg
  dir 13: active=  0.00%  msgs=0           0 ns/msg
  dir 14: active=  0.00%  msgs=0           0 ns/msg
  dir 15: active=  0.00%  msgs=0           0 ns/msg
  AGGREGATE active = 0.00% (of 16 dir-threads; 0.00% per-thread avg)  msgs=0

----- REMOTE CPU LOAD (memory node dir-threads, 2s window) -----
  dir 0: active=  0.00%  msgs=0           0 ns/msg
  dir 1: active=  0.00%  msgs=0           0 ns/msg
  dir 2: active=  0.00%  msgs=0           0 ns/msg
  dir 3: active=  0.00%  msgs=0           0 ns/msg
  dir 4: active=  0.00%  msgs=0           0 ns/msg
  dir 5: active=  0.00%  msgs=0           0 ns/msg
  dir 6: active=  0.00%  msgs=0           0 ns/msg
  dir 7: active=  0.00%  msgs=0           0 ns/msg
  dir 8: active=  0.00%  msgs=0           0 ns/msg
  dir 9: active=  0.00%  msgs=0           0 ns/msg
  dir 10: active=  0.00%  msgs=0           0 ns/msg
  dir 11: active=  0.00%  msgs=0           0 ns/msg
  dir 12: active=  0.00%  msgs=0           0 ns/msg
  dir 13: active=  0.00%  msgs=0           0 ns/msg
  dir 14: active=  0.00%  msgs=0           0 ns/msg
  dir 15: active=  0.00%  msgs=0           0 ns/msg
  AGGREGATE active = 0.00% (of 16 dir-threads; 0.00% per-thread avg)  msgs=0
[CONFIG] warmup finished with offload 0%; measured phase now at 100%
node 0 warmup done in 122s

----- REMOTE CPU LOAD (memory node dir-threads, 2s window) -----
  dir 0: active=  0.91%  msgs=26758       682 ns/msg
  dir 1: active=  1.24%  msgs=43682       566 ns/msg
  dir 2: active=  1.36%  msgs=40004       681 ns/msg
  dir 3: active=  1.21%  msgs=42839       567 ns/msg
  dir 4: active=  1.35%  msgs=39544       682 ns/msg
  dir 5: active=  0.81%  msgs=28491       568 ns/msg
  dir 6: active=  0.92%  msgs=26753       684 ns/msg
  dir 7: active=  0.84%  msgs=29340       571 ns/msg
  dir 8: active=  0.92%  msgs=26562       695 ns/msg
  dir 9: active=  0.83%  msgs=28993       575 ns/msg
  dir 10: active=  0.90%  msgs=26044       690 ns/msg
  dir 11: active=  0.83%  msgs=28625       578 ns/msg
  dir 12: active=  0.94%  msgs=26745       701 ns/msg
  dir 13: active=  0.82%  msgs=28693       569 ns/msg
  dir 14: active=  0.93%  msgs=26636       699 ns/msg
  dir 15: active=  0.82%  msgs=29043       567 ns/msg
  AGGREGATE active = 15.63% (of 16 dir-threads; 0.98% per-thread avg)  msgs=498752
0, throughput 0.0000 Mops
[RESULT node 0] ops=0 elapsed=0.000s throughput=0.0000 Mops mode=op-bounded
[RDMA node 0] ops=0 posts=1578583 read_wr=0 read_bytes=0 write_wr=0 write_bytes=0 atomic_wr=0 send_wr=1578583 send_bytes=64721903

==================== LATENCY BUCKETS (500 ns) [node 0] ====================
[ALL OPS]
  ALL                       (no samples)
  DIRECT (1-sided)          (no samples)
  OFFLOAD (rpc)             (no samples)

----- 500 ns bucket CDF (all ops) [node 0] -----
  (no samples)

----- OFFLOADED TASKS [node 0] -----
  ops total                = 0
  ops direct (1-sided)     = 0 (0.00%)
  ops offload (rpc)        = 0 (0.00%)
  lookup pushdowns         = 0
  scan   pushdowns (RPC)   = 0
    kv pairs returned      = 0
    leaves scanned remotely= 0
    kv / scan pushdown     = 0.00
    leaves / scan pushdown = 0.00
=========================================================================

[LEAFCACHE] off
[END]

----- REMOTE CPU LOAD (memory node dir-threads, 2s window) -----
  dir 0: active= 11.55%  msgs=333664      692 ns/msg
  dir 1: active= 15.12%  msgs=549534      550 ns/msg
  dir 2: active= 16.94%  msgs=500721      677 ns/msg
  dir 3: active= 15.08%  msgs=547969      550 ns/msg
  dir 4: active= 16.92%  msgs=497957      680 ns/msg
  dir 5: active= 10.22%  msgs=369143      554 ns/msg
  dir 6: active= 11.46%  msgs=334998      684 ns/msg
  dir 7: active= 10.22%  msgs=370956      551 ns/msg
  dir 8: active= 11.41%  msgs=334033      683 ns/msg
  dir 9: active= 10.19%  msgs=364786      559 ns/msg
  dir 10: active= 11.43%  msgs=335121      682 ns/msg
  dir 11: active= 10.17%  msgs=367201      554 ns/msg
  dir 12: active= 11.47%  msgs=333518      688 ns/msg
  dir 13: active= 10.22%  msgs=368654      555 ns/msg
  dir 14: active= 11.52%  msgs=333764      690 ns/msg
  dir 15: active= 10.21%  msgs=365124      559 ns/msg
  AGGREGATE active = 194.14% (of 16 dir-threads; 12.13% per-thread avg)  msgs=6307143

----- REMOTE CPU LOAD (memory node dir-threads, 2s window) -----
  dir 0: active= 11.61%  msgs=335808      691 ns/msg
  dir 1: active= 15.10%  msgs=550061      549 ns/msg
  dir 2: active= 17.00%  msgs=502397      677 ns/msg
  dir 3: active= 15.05%  msgs=546555      551 ns/msg
  dir 4: active= 17.00%  msgs=497942      683 ns/msg
  dir 5: active= 10.19%  msgs=368554      553 ns/msg
  dir 6: active= 11.43%  msgs=333756      685 ns/msg
  dir 7: active= 10.26%  msgs=371092      553 ns/msg
  dir 8: active= 11.49%  msgs=335700      684 ns/msg
  dir 9: active= 10.18%  msgs=365738      557 ns/msg
  dir 10: active= 11.39%  msgs=332555      685 ns/msg
  dir 11: active= 10.21%  msgs=365794      558 ns/msg
  dir 12: active= 11.48%  msgs=332596      690 ns/msg
  dir 13: active= 10.27%  msgs=369981      555 ns/msg
  dir 14: active= 11.55%  msgs=333331      693 ns/msg
  dir 15: active= 10.14%  msgs=364548      557 ns/msg
  AGGREGATE active = 194.35% (of 16 dir-threads; 12.15% per-thread avg)  msgs=6306408

----- REMOTE CPU LOAD (memory node dir-threads, 2s window) -----
  dir 0: active= 11.55%  msgs=333718      692 ns/msg
  dir 1: active= 15.15%  msgs=552259      549 ns/msg
  dir 2: active= 17.11%  msgs=504206      679 ns/msg
  dir 3: active= 15.06%  msgs=548949      549 ns/msg
  dir 4: active= 17.08%  msgs=499158      684 ns/msg
  dir 5: active= 10.23%  msgs=367959      556 ns/msg
  dir 6: active= 11.53%  msgs=335698      687 ns/msg
  dir 7: active= 10.28%  msgs=370851      554 ns/msg
  dir 8: active= 11.50%  msgs=335714      685 ns/msg
  dir 9: active= 10.17%  msgs=366921      554 ns/msg
  dir 10: active= 11.48%  msgs=334411      686 ns/msg
  dir 11: active= 10.18%  msgs=366503      556 ns/msg
  dir 12: active= 11.56%  msgs=334892      690 ns/msg
  dir 13: active= 10.27%  msgs=366863      560 ns/msg
  dir 14: active= 11.64%  msgs=334206      697 ns/msg
  dir 15: active= 10.27%  msgs=366541      561 ns/msg
  AGGREGATE active = 195.07% (of 16 dir-threads; 12.19% per-thread avg)  msgs=6318849

----- REMOTE CPU LOAD (memory node dir-threads, 2s window) -----
  dir 0: active= 11.58%  msgs=333223      695 ns/msg
  dir 1: active= 15.06%  msgs=551275      546 ns/msg
  dir 2: active= 17.00%  msgs=498413      682 ns/msg
  dir 3: active= 15.00%  msgs=546454      549 ns/msg
  dir 4: active= 16.97%  msgs=494558      686 ns/msg
  dir 5: active= 10.19%  msgs=366650      556 ns/msg
  dir 6: active= 11.58%  msgs=336005      689 ns/msg
  dir 7: active= 10.23%  msgs=368196      556 ns/msg
  dir 8: active= 11.52%  msgs=335301      687 ns/msg
  dir 9: active= 10.18%  msgs=364641      558 ns/msg
  dir 10: active= 11.49%  msgs=336525      683 ns/msg
  dir 11: active= 10.12%  msgs=364691      555 ns/msg
  dir 12: active= 11.55%  msgs=332566      695 ns/msg
  dir 13: active= 10.26%  msgs=368289      557 ns/msg
  dir 14: active= 11.65%  msgs=336840      692 ns/msg
  dir 15: active= 10.16%  msgs=364691      557 ns/msg
  AGGREGATE active = 194.55% (of 16 dir-threads; 12.16% per-thread avg)  msgs=6298318

----- REMOTE CPU LOAD (memory node dir-threads, 2s window) -----
  dir 0: active= 11.63%  msgs=336368      692 ns/msg
  dir 1: active= 15.20%  msgs=551001      552 ns/msg
  dir 2: active= 17.12%  msgs=500620      684 ns/msg
  dir 3: active= 15.15%  msgs=549203      552 ns/msg
  dir 4: active= 17.11%  msgs=497448      688 ns/msg
  dir 5: active= 10.33%  msgs=369574      559 ns/msg
  dir 6: active= 11.60%  msgs=336420      689 ns/msg
  dir 7: active= 10.27%  msgs=371253      553 ns/msg
  dir 8: active= 11.56%  msgs=335744      688 ns/msg
  dir 9: active= 10.17%  msgs=364622      558 ns/msg
  dir 10: active= 11.57%  msgs=335121      691 ns/msg
  dir 11: active= 10.25%  msgs=368258      556 ns/msg
  dir 12: active= 11.62%  msgs=333724      696 ns/msg
  dir 13: active= 10.29%  msgs=368126      559 ns/msg
  dir 14: active= 11.64%  msgs=333444      698 ns/msg
  dir 15: active= 10.22%  msgs=366797      557 ns/msg
  AGGREGATE active = 195.72% (of 16 dir-threads; 12.23% per-thread avg)  msgs=6317723

----- REMOTE CPU LOAD (memory node dir-threads, 2s window) -----
  dir 0: active= 11.66%  msgs=334075      698 ns/msg
  dir 1: active= 15.20%  msgs=551887      551 ns/msg
  dir 2: active= 17.07%  msgs=500645      682 ns/msg
  dir 3: active= 15.13%  msgs=550369      550 ns/msg
  dir 4: active= 17.11%  msgs=498805      686 ns/msg
  dir 5: active= 10.24%  msgs=373305      549 ns/msg
  dir 6: active= 11.62%  msgs=334773      694 ns/msg
  dir 7: active= 10.34%  msgs=371664      557 ns/msg
  dir 8: active= 11.54%  msgs=334149      691 ns/msg
  dir 9: active= 10.18%  msgs=364467      559 ns/msg
  dir 10: active= 11.57%  msgs=336430      688 ns/msg
  dir 11: active= 10.21%  msgs=366648      557 ns/msg
  dir 12: active= 11.61%  msgs=334016      695 ns/msg
  dir 13: active= 10.34%  msgs=371433      557 ns/msg
  dir 14: active= 11.70%  msgs=334554      699 ns/msg
  dir 15: active= 10.25%  msgs=367371      558 ns/msg
  AGGREGATE active = 195.78% (of 16 dir-threads; 12.24% per-thread avg)  msgs=6324591

----- REMOTE CPU LOAD (memory node dir-threads, 2s window) -----
  dir 0: active= 11.61%  msgs=335167      693 ns/msg
  dir 1: active= 15.20%  msgs=550914      552 ns/msg
  dir 2: active= 17.13%  msgs=501502      683 ns/msg
  dir 3: active= 15.14%  msgs=549872      551 ns/msg
  dir 4: active= 17.08%  msgs=498969      685 ns/msg
  dir 5: active= 10.20%  msgs=369897      552 ns/msg
  dir 6: active= 11.67%  msgs=337146      693 ns/msg
  dir 7: active= 10.30%  msgs=371471      555 ns/msg
  dir 8: active= 11.56%  msgs=334499      691 ns/msg
  dir 9: active= 10.21%  msgs=367734      555 ns/msg
  dir 10: active= 11.48%  msgs=334674      686 ns/msg
  dir 11: active= 10.19%  msgs=368241      553 ns/msg
  dir 12: active= 11.57%  msgs=333837      693 ns/msg
  dir 13: active= 10.30%  msgs=369443      557 ns/msg
  dir 14: active= 11.70%  msgs=334752      699 ns/msg
  dir 15: active= 10.17%  msgs=365622      556 ns/msg
  AGGREGATE active = 195.52% (of 16 dir-threads; 12.22% per-thread avg)  msgs=6323740

----- REMOTE CPU LOAD (memory node dir-threads, 2s window) -----
  dir 0: active= 11.62%  msgs=334786      694 ns/msg
  dir 1: active= 15.18%  msgs=552985      549 ns/msg
  dir 2: active= 17.11%  msgs=500911      683 ns/msg
  dir 3: active= 15.18%  msgs=549787      552 ns/msg
  dir 4: active= 17.13%  msgs=500805      684 ns/msg
  dir 5: active= 10.29%  msgs=370863      555 ns/msg
  dir 6: active= 11.59%  msgs=336100      690 ns/msg
  dir 7: active= 10.31%  msgs=372997      553 ns/msg
  dir 8: active= 11.53%  msgs=335037      688 ns/msg
  dir 9: active= 10.24%  msgs=367741      557 ns/msg
  dir 10: active= 11.57%  msgs=335802      689 ns/msg
  dir 11: active= 10.22%  msgs=366658      558 ns/msg
  dir 12: active= 11.59%  msgs=334787      692 ns/msg
  dir 13: active= 10.32%  msgs=369107      559 ns/msg
  dir 14: active= 11.65%  msgs=335360      695 ns/msg
  dir 15: active= 10.21%  msgs=364924      560 ns/msg
  AGGREGATE active = 195.75% (of 16 dir-threads; 12.23% per-thread avg)  msgs=6328650

----- REMOTE CPU LOAD (memory node dir-threads, 2s window) -----
  dir 0: active= 11.60%  msgs=333798      695 ns/msg
  dir 1: active= 15.23%  msgs=552095      552 ns/msg
  dir 2: active= 17.07%  msgs=503050      679 ns/msg
  dir 3: active= 15.21%  msgs=550607      552 ns/msg
  dir 4: active= 17.12%  msgs=498928      686 ns/msg
  dir 5: active= 10.27%  msgs=367825      558 ns/msg
  dir 6: active= 11.56%  msgs=335157      690 ns/msg
  dir 7: active= 10.28%  msgs=369660      556 ns/msg
  dir 8: active= 11.57%  msgs=333352      694 ns/msg
  dir 9: active= 10.19%  msgs=365694      557 ns/msg
  dir 10: active= 11.51%  msgs=333767      690 ns/msg
  dir 11: active= 10.26%  msgs=367466      558 ns/msg
  dir 12: active= 11.56%  msgs=332655      695 ns/msg
  dir 13: active= 10.28%  msgs=370343      555 ns/msg
  dir 14: active= 11.66%  msgs=335023      696 ns/msg
  dir 15: active= 10.27%  msgs=365410      562 ns/msg
  AGGREGATE active = 195.63% (of 16 dir-threads; 12.23% per-thread avg)  msgs=6314830

----- REMOTE CPU LOAD (memory node dir-threads, 2s window) -----
  dir 0: active= 11.62%  msgs=333683      697 ns/msg
  dir 1: active= 15.19%  msgs=551886      551 ns/msg
  dir 2: active= 17.13%  msgs=502104      682 ns/msg
  dir 3: active= 15.22%  msgs=548110      556 ns/msg
  dir 4: active= 17.15%  msgs=498646      688 ns/msg
  dir 5: active= 10.25%  msgs=370777      553 ns/msg
  dir 6: active= 11.60%  msgs=335532      692 ns/msg
  dir 7: active= 10.27%  msgs=368150      558 ns/msg
  dir 8: active= 11.57%  msgs=335571      690 ns/msg
  dir 9: active= 10.16%  msgs=363406      559 ns/msg
  dir 10: active= 11.57%  msgs=337085      686 ns/msg
  dir 11: active= 10.29%  msgs=367946      559 ns/msg
  dir 12: active= 11.60%  msgs=333992      694 ns/msg
  dir 13: active= 10.29%  msgs=367933      559 ns/msg
  dir 14: active= 11.68%  msgs=335245      697 ns/msg
  dir 15: active= 10.19%  msgs=362525      562 ns/msg
  AGGREGATE active = 195.79% (of 16 dir-threads; 12.24% per-thread avg)  msgs=6312591

----- REMOTE CPU LOAD (memory node dir-threads, 2s window) -----
  dir 0: active= 11.68%  msgs=335537      696 ns/msg
  dir 1: active= 15.22%  msgs=552277      551 ns/msg
  dir 2: active= 17.04%  msgs=501833      679 ns/msg
  dir 3: active= 15.15%  msgs=551796      549 ns/msg
  dir 4: active= 17.19%  msgs=499845      688 ns/msg
  dir 5: active= 10.30%  msgs=369356      558 ns/msg
  dir 6: active= 11.58%  msgs=335973      689 ns/msg
  dir 7: active= 10.35%  msgs=369593      560 ns/msg
  dir 8: active= 11.60%  msgs=336326      690 ns/msg
  dir 9: active= 10.22%  msgs=364792      561 ns/msg
  dir 10: active= 11.51%  msgs=334001      689 ns/msg
  dir 11: active= 10.27%  msgs=365633      562 ns/msg
  dir 12: active= 11.52%  msgs=333139      692 ns/msg
  dir 13: active= 10.33%  msgs=368995      560 ns/msg
  dir 14: active= 11.66%  msgs=335046      696 ns/msg
  dir 15: active= 10.21%  msgs=364646      560 ns/msg
  AGGREGATE active = 195.84% (of 16 dir-threads; 12.24% per-thread avg)  msgs=6318788

----- REMOTE CPU LOAD (memory node dir-threads, 2s window) -----
  dir 0: active= 11.68%  msgs=335025      697 ns/msg
  dir 1: active= 15.14%  msgs=552060      549 ns/msg
  dir 2: active= 17.15%  msgs=499184      687 ns/msg
  dir 3: active= 15.21%  msgs=548883      554 ns/msg
  dir 4: active= 17.19%  msgs=498892      689 ns/msg
  dir 5: active= 10.33%  msgs=371141      557 ns/msg
  dir 6: active= 11.63%  msgs=336649      691 ns/msg
  dir 7: active= 10.29%  msgs=368279      559 ns/msg
  dir 8: active= 11.58%  msgs=335386      691 ns/msg
  dir 9: active= 10.21%  msgs=364112      561 ns/msg
  dir 10: active= 11.57%  msgs=333630      694 ns/msg
  dir 11: active= 10.31%  msgs=367714      561 ns/msg
  dir 12: active= 11.60%  msgs=332159      699 ns/msg
  dir 13: active= 10.27%  msgs=368772      557 ns/msg
  dir 14: active= 11.69%  msgs=335743      696 ns/msg
  dir 15: active= 10.30%  msgs=365462      564 ns/msg
  AGGREGATE active = 196.15% (of 16 dir-threads; 12.26% per-thread avg)  msgs=6313091

----- REMOTE CPU LOAD (memory node dir-threads, 2s window) -----
  dir 0: active= 11.62%  msgs=334185      695 ns/msg
  dir 1: active= 15.19%  msgs=552896      549 ns/msg
  dir 2: active= 17.11%  msgs=504813      678 ns/msg
  dir 3: active= 15.18%  msgs=550580      551 ns/msg
  dir 4: active= 17.16%  msgs=500383      686 ns/msg
  dir 5: active= 10.30%  msgs=371504      554 ns/msg
  dir 6: active= 11.54%  msgs=335046      689 ns/msg
  dir 7: active= 10.28%  msgs=371186      554 ns/msg
  dir 8: active= 11.58%  msgs=336569      688 ns/msg
  dir 9: active= 10.21%  msgs=365788      559 ns/msg
  dir 10: active= 11.55%  msgs=336005      687 ns/msg
  dir 11: active= 10.21%  msgs=369028      553 ns/msg
  dir 12: active= 11.57%  msgs=333276      695 ns/msg
  dir 13: active= 10.32%  msgs=369854      558 ns/msg
  dir 14: active= 11.63%  msgs=333666      697 ns/msg
  dir 15: active= 10.21%  msgs=365350      559 ns/msg
  AGGREGATE active = 195.66% (of 16 dir-threads; 12.23% per-thread avg)  msgs=6330129

----- REMOTE CPU LOAD (memory node dir-threads, 2s window) -----
  dir 0: active= 11.59%  msgs=333978      694 ns/msg
  dir 1: active= 15.15%  msgs=552833      548 ns/msg
  dir 2: active= 17.04%  msgs=499989      682 ns/msg
  dir 3: active= 15.09%  msgs=549941      549 ns/msg
  dir 4: active= 17.11%  msgs=497557      688 ns/msg
  dir 5: active= 10.20%  msgs=370314      551 ns/msg
  dir 6: active= 11.53%  msgs=333675      691 ns/msg
  dir 7: active= 10.29%  msgs=371697      554 ns/msg
  dir 8: active= 11.54%  msgs=336437      686 ns/msg
  dir 9: active= 10.23%  msgs=365512      560 ns/msg
  dir 10: active= 11.51%  msgs=334780      688 ns/msg
  dir 11: active= 10.27%  msgs=367194      559 ns/msg
  dir 12: active= 11.59%  msgs=334719      692 ns/msg
  dir 13: active= 10.29%  msgs=368043      559 ns/msg
  dir 14: active= 11.60%  msgs=334112      694 ns/msg
  dir 15: active= 10.17%  msgs=362799      561 ns/msg
  AGGREGATE active = 195.17% (of 16 dir-threads; 12.20% per-thread avg)  msgs=6313580

----- REMOTE CPU LOAD (memory node dir-threads, 2s window) -----
  dir 0: active= 11.66%  msgs=337007      692 ns/msg
  dir 1: active= 15.24%  msgs=553021      551 ns/msg
  dir 2: active= 17.18%  msgs=500297      687 ns/msg
  dir 3: active= 15.18%  msgs=550532      552 ns/msg
  dir 4: active= 17.17%  msgs=499937      687 ns/msg
  dir 5: active= 10.27%  msgs=369923      555 ns/msg
  dir 6: active= 11.62%  msgs=337683      688 ns/msg
  dir 7: active= 10.25%  msgs=370927      553 ns/msg
  dir 8: active= 11.58%  msgs=334220      693 ns/msg
  dir 9: active= 10.22%  msgs=366222      558 ns/msg
  dir 10: active= 11.60%  msgs=335494      692 ns/msg
  dir 11: active= 10.30%  msgs=366547      562 ns/msg
  dir 12: active= 11.55%  msgs=331976      696 ns/msg
  dir 13: active= 10.28%  msgs=369809      556 ns/msg
  dir 14: active= 11.66%  msgs=334854      696 ns/msg
  dir 15: active= 10.27%  msgs=366546      560 ns/msg
  AGGREGATE active = 196.01% (of 16 dir-threads; 12.25% per-thread avg)  msgs=6324995

----- REMOTE CPU LOAD (memory node dir-threads, 2s window) -----
  dir 0: active= 11.64%  msgs=335400      694 ns/msg
  dir 1: active= 15.13%  msgs=550528      550 ns/msg
  dir 2: active= 17.13%  msgs=501136      684 ns/msg
  dir 3: active= 15.16%  msgs=550362      551 ns/msg
  dir 4: active= 17.10%  msgs=499846      684 ns/msg
  dir 5: active= 10.32%  msgs=372330      554 ns/msg
  dir 6: active= 11.65%  msgs=337474      691 ns/msg
  dir 7: active= 10.25%  msgs=372609      550 ns/msg
  dir 8: active= 11.57%  msgs=335962      689 ns/msg
  dir 9: active= 10.21%  msgs=365737      559 ns/msg
  dir 10: active= 11.55%  msgs=335099      689 ns/msg
  dir 11: active= 10.28%  msgs=367719      559 ns/msg
  dir 12: active= 11.59%  msgs=333136      696 ns/msg
  dir 13: active= 10.25%  msgs=371464      552 ns/msg
  dir 14: active= 11.62%  msgs=335121      694 ns/msg
  dir 15: active= 10.25%  msgs=366269      560 ns/msg
  AGGREGATE active = 195.70% (of 16 dir-threads; 12.23% per-thread avg)  msgs=6330192

----- REMOTE CPU LOAD (memory node dir-threads, 2s window) -----
  dir 0: active= 11.63%  msgs=335820      693 ns/msg
  dir 1: active= 15.20%  msgs=553648      549 ns/msg
  dir 2: active= 17.13%  msgs=500412      685 ns/msg
  dir 3: active= 15.23%  msgs=551731      552 ns/msg
  dir 4: active= 17.13%  msgs=499700      686 ns/msg
  dir 5: active= 10.29%  msgs=371198      555 ns/msg
  dir 6: active= 11.64%  msgs=336939      691 ns/msg
  dir 7: active= 10.31%  msgs=372757      553 ns/msg
  dir 8: active= 11.58%  msgs=336190      689 ns/msg
  dir 9: active= 10.29%  msgs=367996      559 ns/msg
  dir 10: active= 11.55%  msgs=334990      689 ns/msg
  dir 11: active= 10.33%  msgs=369023      560 ns/msg
  dir 12: active= 11.67%  msgs=334919      697 ns/msg
  dir 13: active= 10.35%  msgs=370566      558 ns/msg
  dir 14: active= 11.69%  msgs=335352      697 ns/msg
  dir 15: active= 10.25%  msgs=365379      561 ns/msg
  AGGREGATE active = 196.27% (of 16 dir-threads; 12.27% per-thread avg)  msgs=6336620

----- REMOTE CPU LOAD (memory node dir-threads, 2s window) -----
  dir 0: active= 11.64%  msgs=333422      698 ns/msg
  dir 1: active= 15.12%  msgs=552443      547 ns/msg
  dir 2: active= 17.24%  msgs=504250      684 ns/msg
  dir 3: active= 15.17%  msgs=550712      551 ns/msg
  dir 4: active= 17.08%  msgs=498778      685 ns/msg
  dir 5: active= 10.25%  msgs=370609      553 ns/msg
  dir 6: active= 11.64%  msgs=336946      691 ns/msg
  dir 7: active= 10.34%  msgs=373124      554 ns/msg
  dir 8: active= 11.53%  msgs=333774      691 ns/msg
  dir 9: active= 10.27%  msgs=366325      561 ns/msg
  dir 10: active= 11.59%  msgs=337265      687 ns/msg
  dir 11: active= 10.23%  msgs=368134      556 ns/msg
  dir 12: active= 11.59%  msgs=331907      699 ns/msg
  dir 13: active= 10.28%  msgs=369400      557 ns/msg
  dir 14: active= 11.62%  msgs=334448      695 ns/msg
  dir 15: active= 10.26%  msgs=367614      558 ns/msg
  AGGREGATE active = 195.85% (of 16 dir-threads; 12.24% per-thread avg)  msgs=6329151

----- REMOTE CPU LOAD (memory node dir-threads, 2s window) -----
  dir 0: active= 11.58%  msgs=333447      695 ns/msg
  dir 1: active= 15.17%  msgs=547237      554 ns/msg
  dir 2: active= 17.16%  msgs=501287      685 ns/msg
  dir 3: active= 15.22%  msgs=551930      552 ns/msg
  dir 4: active= 17.15%  msgs=498577      688 ns/msg
  dir 5: active= 10.30%  msgs=370315      556 ns/msg
  dir 6: active= 11.58%  msgs=335177      691 ns/msg
  dir 7: active= 10.31%  msgs=370330      557 ns/msg
  dir 8: active= 11.57%  msgs=336328      688 ns/msg
  dir 9: active= 10.19%  msgs=365162      558 ns/msg
  dir 10: active= 11.51%  msgs=335212      687 ns/msg
  dir 11: active= 10.23%  msgs=366446      558 ns/msg
  dir 12: active= 11.59%  msgs=332942      696 ns/msg
  dir 13: active= 10.25%  msgs=369057      555 ns/msg
  dir 14: active= 11.61%  msgs=333744      696 ns/msg
  dir 15: active= 10.25%  msgs=365008      562 ns/msg
  AGGREGATE active = 195.69% (of 16 dir-threads; 12.23% per-thread avg)  msgs=6312199

----- REMOTE CPU LOAD (memory node dir-threads, 2s window) -----
  dir 0: active= 11.58%  msgs=332570      697 ns/msg
  dir 1: active= 15.17%  msgs=549474      552 ns/msg
  dir 2: active= 17.08%  msgs=499953      683 ns/msg
  dir 3: active= 15.23%  msgs=550307      553 ns/msg
  dir 4: active= 17.12%  msgs=499927      685 ns/msg
  dir 5: active= 10.29%  msgs=369451      557 ns/msg
  dir 6: active= 11.59%  msgs=335364      691 ns/msg
  dir 7: active= 10.30%  msgs=372079      554 ns/msg
  dir 8: active= 11.55%  msgs=334599      690 ns/msg
  dir 9: active= 10.22%  msgs=365551      559 ns/msg
  dir 10: active= 11.58%  msgs=338119      685 ns/msg
  dir 11: active= 10.29%  msgs=366662      561 ns/msg
  dir 12: active= 11.60%  msgs=334663      693 ns/msg
  dir 13: active= 10.32%  msgs=369098      559 ns/msg
  dir 14: active= 11.66%  msgs=335211      695 ns/msg
  dir 15: active= 10.29%  msgs=364025      565 ns/msg
  AGGREGATE active = 195.83% (of 16 dir-threads; 12.24% per-thread avg)  msgs=6317053

----- REMOTE CPU LOAD (memory node dir-threads, 2s window) -----
  dir 0: active= 11.65%  msgs=334110      697 ns/msg
  dir 1: active= 15.25%  msgs=554169      550 ns/msg
  dir 2: active= 17.20%  msgs=503291      683 ns/msg
  dir 3: active= 15.28%  msgs=547922      558 ns/msg
  dir 4: active= 17.16%  msgs=499744      687 ns/msg
  dir 5: active= 10.33%  msgs=369522      559 ns/msg
  dir 6: active= 11.66%  msgs=335771      694 ns/msg
  dir 7: active= 10.39%  msgs=372182      559 ns/msg
  dir 8: active= 11.55%  msgs=334233      691 ns/msg
  dir 9: active= 10.22%  msgs=363000      563 ns/msg
  dir 10: active= 11.59%  msgs=336854      688 ns/msg
  dir 11: active= 10.35%  msgs=368870      561 ns/msg
  dir 12: active= 11.59%  msgs=332610      697 ns/msg
  dir 13: active= 10.32%  msgs=368638      560 ns/msg
  dir 14: active= 11.65%  msgs=333167      699 ns/msg
  dir 15: active= 10.33%  msgs=366478      564 ns/msg
  AGGREGATE active = 196.50% (of 16 dir-threads; 12.28% per-thread avg)  msgs=6320561

----- REMOTE CPU LOAD (memory node dir-threads, 2s window) -----
  dir 0: active= 11.66%  msgs=335459      695 ns/msg
  dir 1: active= 15.22%  msgs=553211      550 ns/msg
  dir 2: active= 17.15%  msgs=500695      685 ns/msg
  dir 3: active= 15.21%  msgs=549224      554 ns/msg
  dir 4: active= 17.19%  msgs=499825      688 ns/msg
  dir 5: active= 10.32%  msgs=370456      557 ns/msg
  dir 6: active= 11.60%  msgs=334862      693 ns/msg
  dir 7: active= 10.34%  msgs=370599      558 ns/msg
  dir 8: active= 11.51%  msgs=335347      686 ns/msg
  dir 9: active= 10.27%  msgs=366129      561 ns/msg
  dir 10: active= 11.60%  msgs=336194      690 ns/msg
  dir 11: active= 10.33%  msgs=367687      562 ns/msg
  dir 12: active= 11.66%  msgs=333817      698 ns/msg
  dir 13: active= 10.33%  msgs=370743      558 ns/msg
  dir 14: active= 11.74%  msgs=335977      699 ns/msg
  dir 15: active= 10.24%  msgs=366979      558 ns/msg
  AGGREGATE active = 196.34% (of 16 dir-threads; 12.27% per-thread avg)  msgs=6327204

----- REMOTE CPU LOAD (memory node dir-threads, 2s window) -----
  dir 0: active= 11.64%  msgs=333480      698 ns/msg
  dir 1: active= 15.19%  msgs=551959      550 ns/msg
  dir 2: active= 17.08%  msgs=500948      682 ns/msg
  dir 3: active= 15.24%  msgs=549965      554 ns/msg
  dir 4: active= 17.19%  msgs=500448      687 ns/msg
  dir 5: active= 10.35%  msgs=368935      561 ns/msg
  dir 6: active= 11.59%  msgs=335257      691 ns/msg
  dir 7: active= 10.35%  msgs=368828      562 ns/msg
  dir 8: active= 11.54%  msgs=333430      692 ns/msg
  dir 9: active= 10.28%  msgs=365345      563 ns/msg
  dir 10: active= 11.60%  msgs=337783      687 ns/msg
  dir 11: active= 10.29%  msgs=366408      562 ns/msg
  dir 12: active= 11.58%  msgs=332010      698 ns/msg
  dir 13: active= 10.26%  msgs=369307      556 ns/msg
  dir 14: active= 11.69%  msgs=335529      697 ns/msg
  dir 15: active= 10.28%  msgs=366621      561 ns/msg
  AGGREGATE active = 196.16% (of 16 dir-threads; 12.26% per-thread avg)  msgs=6316253

----- REMOTE CPU LOAD (memory node dir-threads, 2s window) -----
  dir 0: active= 11.65%  msgs=335271      695 ns/msg
  dir 1: active= 15.25%  msgs=555973      549 ns/msg
  dir 2: active= 17.06%  msgs=500231      682 ns/msg
  dir 3: active= 15.18%  msgs=549865      552 ns/msg
  dir 4: active= 17.14%  msgs=498126      688 ns/msg
  dir 5: active= 10.29%  msgs=370390      556 ns/msg
  dir 6: active= 11.63%  msgs=336924      691 ns/msg
  dir 7: active= 10.31%  msgs=371879      554 ns/msg
  dir 8: active= 11.53%  msgs=336240      686 ns/msg
  dir 9: active= 10.20%  msgs=362305      563 ns/msg
  dir 10: active= 11.56%  msgs=336091      688 ns/msg
  dir 11: active= 10.31%  msgs=369180      559 ns/msg
  dir 12: active= 11.64%  msgs=333849      697 ns/msg
  dir 13: active= 10.30%  msgs=368420      559 ns/msg
  dir 14: active= 11.63%  msgs=332394      700 ns/msg
  dir 15: active= 10.33%  msgs=367933      562 ns/msg
  AGGREGATE active = 196.01% (of 16 dir-threads; 12.25% per-thread avg)  msgs=6325071

----- REMOTE CPU LOAD (memory node dir-threads, 2s window) -----
  dir 0: active= 11.64%  msgs=335390      694 ns/msg
  dir 1: active= 15.19%  msgs=551129      551 ns/msg
  dir 2: active= 17.13%  msgs=502173      682 ns/msg
  dir 3: active= 15.22%  msgs=552178      551 ns/msg
  dir 4: active= 17.09%  msgs=498300      686 ns/msg
  dir 5: active= 10.28%  msgs=369586      556 ns/msg
  dir 6: active= 11.56%  msgs=334865      691 ns/msg
  dir 7: active= 10.34%  msgs=369687      559 ns/msg
  dir 8: active= 11.52%  msgs=336660      684 ns/msg
  dir 9: active= 10.21%  msgs=367469      556 ns/msg
  dir 10: active= 11.53%  msgs=334926      689 ns/msg
  dir 11: active= 10.30%  msgs=367189      561 ns/msg
  dir 12: active= 11.60%  msgs=333378      696 ns/msg
  dir 13: active= 10.27%  msgs=369318      556 ns/msg
  dir 14: active= 11.63%  msgs=335764      693 ns/msg
  dir 15: active= 10.30%  msgs=365486      564 ns/msg
  AGGREGATE active = 195.81% (of 16 dir-threads; 12.24% per-thread avg)  msgs=6323498

----- REMOTE CPU LOAD (memory node dir-threads, 2s window) -----
  dir 0: active= 11.64%  msgs=334257      697 ns/msg
  dir 1: active= 15.23%  msgs=552934      551 ns/msg
  dir 2: active= 17.16%  msgs=502575      683 ns/msg
  dir 3: active= 15.20%  msgs=549847      553 ns/msg
  dir 4: active= 17.10%  msgs=500825      683 ns/msg
  dir 5: active= 10.31%  msgs=372905      553 ns/msg
  dir 6: active= 11.66%  msgs=337951      690 ns/msg
  dir 7: active= 10.31%  msgs=371270      555 ns/msg
  dir 8: active= 11.57%  msgs=337019      687 ns/msg
  dir 9: active= 10.29%  msgs=365667      563 ns/msg
  dir 10: active= 11.58%  msgs=334892      692 ns/msg
  dir 11: active= 10.24%  msgs=368764      555 ns/msg
  dir 12: active= 11.51%  msgs=332985      691 ns/msg
  dir 13: active= 10.30%  msgs=369790      557 ns/msg
  dir 14: active= 11.70%  msgs=334670      699 ns/msg
  dir 15: active= 10.26%  msgs=365337      562 ns/msg
  AGGREGATE active = 196.07% (of 16 dir-threads; 12.25% per-thread avg)  msgs=6331688

----- REMOTE CPU LOAD (memory node dir-threads, 2s window) -----
  dir 0: active= 11.65%  msgs=333728      698 ns/msg
  dir 1: active= 15.26%  msgs=550140      555 ns/msg
  dir 2: active= 17.14%  msgs=500871      684 ns/msg
  dir 3: active= 15.19%  msgs=550704      552 ns/msg
  dir 4: active= 17.11%  msgs=498566      687 ns/msg
  dir 5: active= 10.28%  msgs=371902      553 ns/msg
  dir 6: active= 11.56%  msgs=334992      690 ns/msg
  dir 7: active= 10.38%  msgs=370237      561 ns/msg
  dir 8: active= 11.59%  msgs=334628      692 ns/msg
  dir 9: active= 10.28%  msgs=366124      561 ns/msg
  dir 10: active= 11.56%  msgs=334833      691 ns/msg
  dir 11: active= 10.26%  msgs=368009      558 ns/msg
  dir 12: active= 11.54%  msgs=332130      695 ns/msg
  dir 13: active= 10.30%  msgs=368759      559 ns/msg
  dir 14: active= 11.63%  msgs=333078      698 ns/msg
  dir 15: active= 10.32%  msgs=366755      563 ns/msg
  AGGREGATE active = 196.06% (of 16 dir-threads; 12.25% per-thread avg)  msgs=6315456

----- REMOTE CPU LOAD (memory node dir-threads, 2s window) -----
  dir 0: active= 11.73%  msgs=335900      698 ns/msg
  dir 1: active= 15.21%  msgs=552439      551 ns/msg
  dir 2: active= 17.13%  msgs=500370      685 ns/msg
  dir 3: active= 15.21%  msgs=553099      550 ns/msg
  dir 4: active= 17.15%  msgs=500291      685 ns/msg
  dir 5: active= 10.29%  msgs=371182      554 ns/msg
  dir 6: active= 11.62%  msgs=338490      686 ns/msg
  dir 7: active= 10.40%  msgs=370579      561 ns/msg
  dir 8: active= 11.58%  msgs=335877      690 ns/msg
  dir 9: active= 10.27%  msgs=369480      556 ns/msg
  dir 10: active= 11.54%  msgs=334792      689 ns/msg
  dir 11: active= 10.28%  msgs=368291      559 ns/msg
  dir 12: active= 11.62%  msgs=333164      698 ns/msg
  dir 13: active= 10.38%  msgs=371352      559 ns/msg
  dir 14: active= 11.66%  msgs=335901      694 ns/msg
  dir 15: active= 10.27%  msgs=365954      561 ns/msg
  AGGREGATE active = 196.34% (of 16 dir-threads; 12.27% per-thread avg)  msgs=6337161

----- REMOTE CPU LOAD (memory node dir-threads, 2s window) -----
  dir 0: active= 11.66%  msgs=333819      699 ns/msg
  dir 1: active= 15.15%  msgs=553401      548 ns/msg
  dir 2: active= 17.12%  msgs=502279      682 ns/msg
  dir 3: active= 15.28%  msgs=549677      556 ns/msg
  dir 4: active= 17.14%  msgs=500070      686 ns/msg
  dir 5: active= 10.31%  msgs=370733      556 ns/msg
  dir 6: active= 11.62%  msgs=337043      689 ns/msg
  dir 7: active= 10.40%  msgs=372701      558 ns/msg
  dir 8: active= 11.57%  msgs=334586      691 ns/msg
  dir 9: active= 10.25%  msgs=365356      561 ns/msg
  dir 10: active= 11.55%  msgs=335406      689 ns/msg
  dir 11: active= 10.24%  msgs=366702      559 ns/msg
  dir 12: active= 11.61%  msgs=333392      697 ns/msg
  dir 13: active= 10.35%  msgs=370126      559 ns/msg
  dir 14: active= 11.74%  msgs=336578      698 ns/msg
  dir 15: active= 10.27%  msgs=367372      559 ns/msg
  AGGREGATE active = 196.28% (of 16 dir-threads; 12.27% per-thread avg)  msgs=6329241

----- REMOTE CPU LOAD (memory node dir-threads, 2s window) -----
  dir 0: active= 11.62%  msgs=333926      696 ns/msg
  dir 1: active= 15.24%  msgs=554226      550 ns/msg
  dir 2: active= 17.13%  msgs=502320      682 ns/msg
  dir 3: active= 15.19%  msgs=548773      554 ns/msg
  dir 4: active= 17.11%  msgs=500248      684 ns/msg
  dir 5: active= 10.34%  msgs=368638      561 ns/msg
  dir 6: active= 11.63%  msgs=336439      691 ns/msg
  dir 7: active= 10.34%  msgs=370394      558 ns/msg
  dir 8: active= 11.57%  msgs=333612      694 ns/msg
  dir 9: active= 10.24%  msgs=366041      560 ns/msg
  dir 10: active= 11.50%  msgs=332928      691 ns/msg
  dir 11: active= 10.27%  msgs=368756      557 ns/msg
  dir 12: active= 11.64%  msgs=333114      699 ns/msg
  dir 13: active= 10.29%  msgs=369061      558 ns/msg
  dir 14: active= 11.68%  msgs=334778      698 ns/msg
  dir 15: active= 10.29%  msgs=363878      565 ns/msg
  AGGREGATE active = 196.07% (of 16 dir-threads; 12.25% per-thread avg)  msgs=6317132

----- REMOTE CPU LOAD (memory node dir-threads, 2s window) -----
  dir 0: active= 11.65%  msgs=333785      698 ns/msg
  dir 1: active= 15.27%  msgs=551110      554 ns/msg
  dir 2: active= 17.15%  msgs=500991      685 ns/msg
  dir 3: active= 15.27%  msgs=548623      557 ns/msg
  dir 4: active= 17.12%  msgs=498230      687 ns/msg
  dir 5: active= 10.25%  msgs=369109      555 ns/msg
  dir 6: active= 11.62%  msgs=338382      687 ns/msg
  dir 7: active= 10.29%  msgs=370767      555 ns/msg
  dir 8: active= 11.60%  msgs=334762      693 ns/msg
  dir 9: active= 10.29%  msgs=367387      560 ns/msg
  dir 10: active= 11.60%  msgs=334625      693 ns/msg
  dir 11: active= 10.32%  msgs=367301      562 ns/msg
  dir 12: active= 11.65%  msgs=335373      695 ns/msg
  dir 13: active= 10.33%  msgs=368164      561 ns/msg
  dir 14: active= 11.65%  msgs=334498      697 ns/msg
  dir 15: active= 10.36%  msgs=366262      566 ns/msg
  AGGREGATE active = 196.42% (of 16 dir-threads; 12.28% per-thread avg)  msgs=6319369

----- REMOTE CPU LOAD (memory node dir-threads, 2s window) -----
  dir 0: active= 11.65%  msgs=334773      696 ns/msg
  dir 1: active= 15.27%  msgs=554522      551 ns/msg
  dir 2: active= 17.17%  msgs=501103      685 ns/msg
  dir 3: active= 15.27%  msgs=551371      554 ns/msg
  dir 4: active= 17.15%  msgs=500885      685 ns/msg
  dir 5: active= 10.26%  msgs=370594      554 ns/msg
  dir 6: active= 11.57%  msgs=336578      687 ns/msg
  dir 7: active= 10.40%  msgs=372794      558 ns/msg
  dir 8: active= 11.61%  msgs=335545      692 ns/msg
  dir 9: active= 10.27%  msgs=364839      563 ns/msg
  dir 10: active= 11.59%  msgs=334755      693 ns/msg
  dir 11: active= 10.23%  msgs=367260      557 ns/msg
  dir 12: active= 11.64%  msgs=334655      695 ns/msg
  dir 13: active= 10.35%  msgs=369876      560 ns/msg
  dir 14: active= 11.70%  msgs=335870      697 ns/msg
  dir 15: active= 10.29%  msgs=365647      563 ns/msg
  AGGREGATE active = 196.41% (of 16 dir-threads; 12.28% per-thread avg)  msgs=6331067

----- REMOTE CPU LOAD (memory node dir-threads, 2s window) -----
  dir 0: active= 11.67%  msgs=334565      698 ns/msg
  dir 1: active= 15.24%  msgs=553018      551 ns/msg
  dir 2: active= 17.20%  msgs=501721      686 ns/msg
  dir 3: active= 15.22%  msgs=550536      553 ns/msg
  dir 4: active= 17.22%  msgs=502121      686 ns/msg
  dir 5: active= 10.29%  msgs=368607      558 ns/msg
  dir 6: active= 11.65%  msgs=336632      692 ns/msg
  dir 7: active= 10.38%  msgs=372280      557 ns/msg
  dir 8: active= 11.57%  msgs=336796      687 ns/msg
  dir 9: active= 10.22%  msgs=364605      560 ns/msg
  dir 10: active= 11.57%  msgs=335363      690 ns/msg
  dir 11: active= 10.18%  msgs=367222      555 ns/msg
  dir 12: active= 11.53%  msgs=333956      691 ns/msg
  dir 13: active= 10.30%  msgs=369202      558 ns/msg
  dir 14: active= 11.65%  msgs=337098      691 ns/msg
  dir 15: active= 10.26%  msgs=366839      559 ns/msg
  AGGREGATE active = 196.15% (of 16 dir-threads; 12.26% per-thread avg)  msgs=6330561

----- REMOTE CPU LOAD (memory node dir-threads, 2s window) -----
  dir 0: active= 11.67%  msgs=335221      697 ns/msg
  dir 1: active= 15.21%  msgs=556045      547 ns/msg
  dir 2: active= 17.17%  msgs=502183      684 ns/msg
  dir 3: active= 15.23%  msgs=549842      554 ns/msg
  dir 4: active= 17.15%  msgs=501530      684 ns/msg
  dir 5: active= 10.27%  msgs=371510      553 ns/msg
  dir 6: active= 11.64%  msgs=336915      691 ns/msg
  dir 7: active= 10.35%  msgs=372299      556 ns/msg
  dir 8: active= 11.61%  msgs=336324      690 ns/msg
  dir 9: active= 10.23%  msgs=365381      560 ns/msg
  dir 10: active= 11.58%  msgs=334985      691 ns/msg
  dir 11: active= 10.30%  msgs=369129      558 ns/msg
  dir 12: active= 11.56%  msgs=332385      695 ns/msg
  dir 13: active= 10.35%  msgs=369878      560 ns/msg
  dir 14: active= 11.69%  msgs=335836      696 ns/msg
  dir 15: active= 10.21%  msgs=365964      558 ns/msg
  AGGREGATE active = 196.22% (of 16 dir-threads; 12.26% per-thread avg)  msgs=6335427

----- REMOTE CPU LOAD (memory node dir-threads, 2s window) -----
  dir 0: active= 11.70%  msgs=336454      695 ns/msg
  dir 1: active= 15.22%  msgs=550818      553 ns/msg
  dir 2: active= 17.09%  msgs=500199      683 ns/msg
  dir 3: active= 15.18%  msgs=547899      554 ns/msg
  dir 4: active= 17.12%  msgs=500037      685 ns/msg
  dir 5: active= 10.29%  msgs=369176      557 ns/msg
  dir 6: active= 11.59%  msgs=336354      689 ns/msg
  dir 7: active= 10.36%  msgs=369745      560 ns/msg
  dir 8: active= 11.56%  msgs=334607      691 ns/msg
  dir 9: active= 10.23%  msgs=366052      559 ns/msg
  dir 10: active= 11.57%  msgs=333855      693 ns/msg
  dir 11: active= 10.24%  msgs=366055      559 ns/msg
  dir 12: active= 11.53%  msgs=332807      693 ns/msg
  dir 13: active= 10.30%  msgs=367435      561 ns/msg
  dir 14: active= 11.61%  msgs=336187      691 ns/msg
  dir 15: active= 10.30%  msgs=366480      562 ns/msg
  AGGREGATE active = 195.89% (of 16 dir-threads; 12.24% per-thread avg)  msgs=6314160

----- REMOTE CPU LOAD (memory node dir-threads, 2s window) -----
  dir 0: active= 11.67%  msgs=336146      694 ns/msg
  dir 1: active= 15.19%  msgs=554636      548 ns/msg
  dir 2: active= 17.08%  msgs=501567      681 ns/msg
  dir 3: active= 15.24%  msgs=552077      552 ns/msg
  dir 4: active= 17.16%  msgs=497829      690 ns/msg
  dir 5: active= 10.30%  msgs=369903      557 ns/msg
  dir 6: active= 11.57%  msgs=336631      688 ns/msg
  dir 7: active= 10.31%  msgs=370594      556 ns/msg
  dir 8: active= 11.60%  msgs=333839      695 ns/msg
  dir 9: active= 10.25%  msgs=365029      562 ns/msg
  dir 10: active= 11.61%  msgs=334816      694 ns/msg
  dir 11: active= 10.28%  msgs=367606      559 ns/msg
  dir 12: active= 11.59%  msgs=332172      698 ns/msg
  dir 13: active= 10.35%  msgs=371432      557 ns/msg
  dir 14: active= 11.67%  msgs=335389      696 ns/msg
  dir 15: active= 10.27%  msgs=367284      559 ns/msg
  AGGREGATE active = 196.16% (of 16 dir-threads; 12.26% per-thread avg)  msgs=6326950

----- REMOTE CPU LOAD (memory node dir-threads, 2s window) -----
  dir 0: active= 11.66%  msgs=334390      697 ns/msg
  dir 1: active= 15.23%  msgs=554505      549 ns/msg
  dir 2: active= 17.06%  msgs=500079      682 ns/msg
  dir 3: active= 15.24%  msgs=549047      555 ns/msg
  dir 4: active= 17.17%  msgs=499663      687 ns/msg
  dir 5: active= 10.31%  msgs=371719      555 ns/msg
  dir 6: active= 11.54%  msgs=335076      689 ns/msg
  dir 7: active= 10.32%  msgs=368893      560 ns/msg
  dir 8: active= 11.55%  msgs=334155      691 ns/msg
  dir 9: active= 10.24%  msgs=366396      559 ns/msg
  dir 10: active= 11.63%  msgs=336463      691 ns/msg
  dir 11: active= 10.28%  msgs=365640      562 ns/msg
  dir 12: active= 11.55%  msgs=332175      695 ns/msg
  dir 13: active= 10.29%  msgs=369576      557 ns/msg
  dir 14: active= 11.67%  msgs=334727      697 ns/msg
  dir 15: active= 10.34%  msgs=366428      564 ns/msg
  AGGREGATE active = 196.08% (of 16 dir-threads; 12.25% per-thread avg)  msgs=6318932

----- REMOTE CPU LOAD (memory node dir-threads, 2s window) -----
  dir 0: active= 11.68%  msgs=335222      697 ns/msg
  dir 1: active= 15.18%  msgs=553504      548 ns/msg
  dir 2: active= 17.15%  msgs=503118      682 ns/msg
  dir 3: active= 15.24%  msgs=552168      552 ns/msg
  dir 4: active= 17.19%  msgs=501039      686 ns/msg
  dir 5: active= 10.30%  msgs=369295      558 ns/msg
  dir 6: active= 11.63%  msgs=336735      691 ns/msg
  dir 7: active= 10.30%  msgs=371639      555 ns/msg
  dir 8: active= 11.60%  msgs=335461      692 ns/msg
  dir 9: active= 10.25%  msgs=365986      560 ns/msg
  dir 10: active= 11.62%  msgs=336680      690 ns/msg
  dir 11: active= 10.27%  msgs=368377      558 ns/msg
  dir 12: active= 11.63%  msgs=335082      694 ns/msg
  dir 13: active= 10.31%  msgs=370942      556 ns/msg
  dir 14: active= 11.73%  msgs=335553      699 ns/msg
  dir 15: active= 10.31%  msgs=367021      562 ns/msg
  AGGREGATE active = 196.41% (of 16 dir-threads; 12.28% per-thread avg)  msgs=6337822

----- REMOTE CPU LOAD (memory node dir-threads, 2s window) -----
  dir 0: active= 11.66%  msgs=335121      696 ns/msg
  dir 1: active= 15.21%  msgs=551094      552 ns/msg
  dir 2: active= 17.08%  msgs=502706      680 ns/msg
  dir 3: active= 15.22%  msgs=549093      554 ns/msg
  dir 4: active= 17.12%  msgs=498657      687 ns/msg
  dir 5: active= 10.31%  msgs=370649      556 ns/msg
  dir 6: active= 11.65%  msgs=335859      694 ns/msg
  dir 7: active= 10.39%  msgs=371110      560 ns/msg
  dir 8: active= 11.54%  msgs=333516      692 ns/msg
  dir 9: active= 10.26%  msgs=365949      561 ns/msg
  dir 10: active= 11.55%  msgs=335029      689 ns/msg
  dir 11: active= 10.31%  msgs=367134      562 ns/msg
  dir 12: active= 11.57%  msgs=332023      697 ns/msg
  dir 13: active= 10.28%  msgs=370014      556 ns/msg
  dir 14: active= 11.67%  msgs=334487      698 ns/msg
  dir 15: active= 10.31%  msgs=365982      563 ns/msg
  AGGREGATE active = 196.13% (of 16 dir-threads; 12.26% per-thread avg)  msgs=6318423

----- REMOTE CPU LOAD (memory node dir-threads, 2s window) -----
  dir 0: active= 11.64%  msgs=334393      697 ns/msg
  dir 1: active= 15.21%  msgs=553492      550 ns/msg
  dir 2: active= 17.09%  msgs=498210      686 ns/msg
  dir 3: active= 15.19%  msgs=547945      554 ns/msg
  dir 4: active= 17.09%  msgs=499119      685 ns/msg
  dir 5: active= 10.28%  msgs=368188      559 ns/msg
  dir 6: active= 11.59%  msgs=334972      692 ns/msg
  dir 7: active= 10.28%  msgs=370549      555 ns/msg
  dir 8: active= 11.60%  msgs=334150      695 ns/msg
  dir 9: active= 10.25%  msgs=365293      561 ns/msg
  dir 10: active= 11.62%  msgs=336118      691 ns/msg
  dir 11: active= 10.31%  msgs=366089      563 ns/msg
  dir 12: active= 11.57%  msgs=331318      698 ns/msg
  dir 13: active= 10.28%  msgs=366603      561 ns/msg
  dir 14: active= 11.68%  msgs=333977      700 ns/msg
  dir 15: active= 10.25%  msgs=365193      561 ns/msg
  AGGREGATE active = 195.94% (of 16 dir-threads; 12.25% per-thread avg)  msgs=6305609

----- REMOTE CPU LOAD (memory node dir-threads, 2s window) -----
  dir 0: active= 11.69%  msgs=333998      700 ns/msg
  dir 1: active= 15.17%  msgs=550297      551 ns/msg
  dir 2: active= 17.10%  msgs=501201      682 ns/msg
  dir 3: active= 15.23%  msgs=549094      555 ns/msg
  dir 4: active= 17.20%  msgs=501487      686 ns/msg
  dir 5: active= 10.28%  msgs=369538      556 ns/msg
  dir 6: active= 11.64%  msgs=335918      693 ns/msg
  dir 7: active= 10.30%  msgs=371676      554 ns/msg
  dir 8: active= 11.58%  msgs=336106      689 ns/msg
  dir 9: active= 10.25%  msgs=366426      560 ns/msg
  dir 10: active= 11.54%  msgs=334593      690 ns/msg
  dir 11: active= 10.24%  msgs=365616      560 ns/msg
  dir 12: active= 11.62%  msgs=331663      701 ns/msg
  dir 13: active= 10.32%  msgs=370405      557 ns/msg
  dir 14: active= 11.72%  msgs=334291      701 ns/msg
  dir 15: active= 10.33%  msgs=365711      565 ns/msg
  AGGREGATE active = 196.20% (of 16 dir-threads; 12.26% per-thread avg)  msgs=6318020

----- REMOTE CPU LOAD (memory node dir-threads, 2s window) -----
  dir 0: active= 11.67%  msgs=336074      694 ns/msg
  dir 1: active= 15.32%  msgs=551605      556 ns/msg
  dir 2: active= 17.15%  msgs=501495      684 ns/msg
  dir 3: active= 15.24%  msgs=551981      552 ns/msg
  dir 4: active= 17.14%  msgs=500077      685 ns/msg
  dir 5: active= 10.33%  msgs=368874      560 ns/msg
  dir 6: active= 11.57%  msgs=337023      687 ns/msg
  dir 7: active= 10.41%  msgs=370228      562 ns/msg
  dir 8: active= 11.57%  msgs=335252      690 ns/msg
  dir 9: active= 10.30%  msgs=365998      563 ns/msg
  dir 10: active= 11.54%  msgs=333865      691 ns/msg
  dir 11: active= 10.28%  msgs=367028      560 ns/msg
  dir 12: active= 11.58%  msgs=334897      691 ns/msg
  dir 13: active= 10.37%  msgs=369966      561 ns/msg
  dir 14: active= 11.76%  msgs=336977      698 ns/msg
  dir 15: active= 10.26%  msgs=366359      560 ns/msg
  AGGREGATE active = 196.47% (of 16 dir-threads; 12.28% per-thread avg)  msgs=6327699

----- REMOTE CPU LOAD (memory node dir-threads, 2s window) -----
  dir 0: active= 11.64%  msgs=334513      696 ns/msg
  dir 1: active= 15.19%  msgs=551684      551 ns/msg
  dir 2: active= 17.19%  msgs=502380      684 ns/msg
  dir 3: active= 15.28%  msgs=551482      554 ns/msg
  dir 4: active= 17.19%  msgs=501819      685 ns/msg
  dir 5: active= 10.28%  msgs=369040      557 ns/msg
  dir 6: active= 11.63%  msgs=337369      690 ns/msg
  dir 7: active= 10.37%  msgs=371675      558 ns/msg
  dir 8: active= 11.60%  msgs=335656      691 ns/msg
  dir 9: active= 10.28%  msgs=366623      561 ns/msg
  dir 10: active= 11.57%  msgs=335580      690 ns/msg
  dir 11: active= 10.31%  msgs=367839      560 ns/msg
  dir 12: active= 11.58%  msgs=332748      696 ns/msg
  dir 13: active= 10.31%  msgs=368795      559 ns/msg
  dir 14: active= 11.65%  msgs=336552      692 ns/msg
  dir 15: active= 10.32%  msgs=365371      565 ns/msg
  AGGREGATE active = 196.38% (of 16 dir-threads; 12.27% per-thread avg)  msgs=6329126

----- REMOTE CPU LOAD (memory node dir-threads, 2s window) -----
  dir 0: active= 11.68%  msgs=333936      700 ns/msg
  dir 1: active= 15.26%  msgs=552441      553 ns/msg
  dir 2: active= 17.12%  msgs=500674      684 ns/msg
  dir 3: active= 15.23%  msgs=551565      552 ns/msg
  dir 4: active= 17.02%  msgs=498651      683 ns/msg
  dir 5: active= 10.34%  msgs=371350      557 ns/msg
  dir 6: active= 11.59%  msgs=334099      694 ns/msg
  dir 7: active= 10.34%  msgs=370500      558 ns/msg
  dir 8: active= 11.62%  msgs=334638      694 ns/msg
  dir 9: active= 10.21%  msgs=365054      560 ns/msg
  dir 10: active= 11.59%  msgs=336057      690 ns/msg
  dir 11: active= 10.26%  msgs=367576      558 ns/msg
  dir 12: active= 11.58%  msgs=332412      697 ns/msg
  dir 13: active= 10.32%  msgs=369278      559 ns/msg
  dir 14: active= 11.65%  msgs=334047      697 ns/msg
  dir 15: active= 10.31%  msgs=366081      564 ns/msg
  AGGREGATE active = 196.14% (of 16 dir-threads; 12.26% per-thread avg)  msgs=6318359

----- REMOTE CPU LOAD (memory node dir-threads, 2s window) -----
  dir 0: active= 11.63%  msgs=335490      693 ns/msg
  dir 1: active= 15.22%  msgs=552084      552 ns/msg
  dir 2: active= 17.11%  msgs=500166      684 ns/msg
  dir 3: active= 15.17%  msgs=548696      553 ns/msg
  dir 4: active= 17.13%  msgs=498793      687 ns/msg
  dir 5: active= 10.32%  msgs=369952      558 ns/msg
  dir 6: active= 11.56%  msgs=337268      686 ns/msg
  dir 7: active= 10.30%  msgs=372669      553 ns/msg
  dir 8: active= 11.55%  msgs=332660      694 ns/msg
  dir 9: active= 10.25%  msgs=366262      560 ns/msg
  dir 10: active= 11.52%  msgs=333720      690 ns/msg
  dir 11: active= 10.25%  msgs=368550      556 ns/msg
  dir 12: active= 11.56%  msgs=333632      693 ns/msg
  dir 13: active= 10.28%  msgs=369477      556 ns/msg
  dir 14: active= 11.67%  msgs=334963      697 ns/msg
  dir 15: active= 10.25%  msgs=366704      559 ns/msg
  AGGREGATE active = 195.76% (of 16 dir-threads; 12.23% per-thread avg)  msgs=6321086

----- REMOTE CPU LOAD (memory node dir-threads, 2s window) -----
  dir 0: active= 11.70%  msgs=334942      699 ns/msg
  dir 1: active= 15.27%  msgs=550365      555 ns/msg
  dir 2: active= 17.17%  msgs=503560      682 ns/msg
  dir 3: active= 15.21%  msgs=552086      551 ns/msg
  dir 4: active= 17.19%  msgs=500402      687 ns/msg
  dir 5: active= 10.32%  msgs=370609      557 ns/msg
  dir 6: active= 11.57%  msgs=335564      689 ns/msg
  dir 7: active= 10.40%  msgs=372946      558 ns/msg
  dir 8: active= 11.61%  msgs=337308      689 ns/msg
  dir 9: active= 10.26%  msgs=368138      557 ns/msg
  dir 10: active= 11.57%  msgs=335307      690 ns/msg
  dir 11: active= 10.27%  msgs=367732      558 ns/msg
  dir 12: active= 11.58%  msgs=334847      691 ns/msg
  dir 13: active= 10.32%  msgs=370296      557 ns/msg
  dir 14: active= 11.71%  msgs=334632      700 ns/msg
  dir 15: active= 10.29%  msgs=364492      565 ns/msg
  AGGREGATE active = 196.43% (of 16 dir-threads; 12.28% per-thread avg)  msgs=6333226

----- REMOTE CPU LOAD (memory node dir-threads, 2s window) -----
  dir 0: active= 11.69%  msgs=335072      698 ns/msg
  dir 1: active= 15.17%  msgs=553524      548 ns/msg
  dir 2: active= 17.16%  msgs=505439      679 ns/msg
  dir 3: active= 15.20%  msgs=551126      552 ns/msg
  dir 4: active= 17.15%  msgs=497838      689 ns/msg
  dir 5: active= 10.27%  msgs=368599      557 ns/msg
  dir 6: active= 11.64%  msgs=336422      692 ns/msg
  dir 7: active= 10.38%  msgs=370963      560 ns/msg
  dir 8: active= 11.58%  msgs=336683      688 ns/msg
  dir 9: active= 10.25%  msgs=365267      561 ns/msg
  dir 10: active= 11.56%  msgs=335567      689 ns/msg
  dir 11: active= 10.27%  msgs=367163      560 ns/msg
  dir 12: active= 11.56%  msgs=332102      696 ns/msg
  dir 13: active= 10.35%  msgs=369860      560 ns/msg
  dir 14: active= 11.73%  msgs=336511      697 ns/msg
  dir 15: active= 10.24%  msgs=366537      559 ns/msg
  AGGREGATE active = 196.21% (of 16 dir-threads; 12.26% per-thread avg)  msgs=6328673

----- REMOTE CPU LOAD (memory node dir-threads, 2s window) -----
  dir 0: active= 11.64%  msgs=334663      696 ns/msg
  dir 1: active= 15.23%  msgs=553289      551 ns/msg
  dir 2: active= 17.19%  msgs=503164      683 ns/msg
  dir 3: active= 15.24%  msgs=550862      553 ns/msg
  dir 4: active= 17.16%  msgs=501874      684 ns/msg
  dir 5: active= 10.25%  msgs=372455      550 ns/msg
  dir 6: active= 11.53%  msgs=337518      683 ns/msg
  dir 7: active= 10.35%  msgs=372167      556 ns/msg
  dir 8: active= 11.56%  msgs=335414      690 ns/msg
  dir 9: active= 10.22%  msgs=363584      562 ns/msg
  dir 10: active= 11.57%  msgs=337349      686 ns/msg
  dir 11: active= 10.23%  msgs=367883      556 ns/msg
  dir 12: active= 11.55%  msgs=333027      694 ns/msg
  dir 13: active= 10.37%  msgs=369451      561 ns/msg
  dir 14: active= 11.74%  msgs=335625      700 ns/msg
  dir 15: active= 10.29%  msgs=365734      563 ns/msg
  AGGREGATE active = 196.12% (of 16 dir-threads; 12.26% per-thread avg)  msgs=6334059

----- REMOTE CPU LOAD (memory node dir-threads, 2s window) -----
  dir 0: active= 11.68%  msgs=334833      697 ns/msg
  dir 1: active= 15.21%  msgs=555014      548 ns/msg
  dir 2: active= 17.12%  msgs=503580      680 ns/msg
  dir 3: active= 15.29%  msgs=550062      556 ns/msg
  dir 4: active= 17.16%  msgs=501165      685 ns/msg
  dir 5: active= 10.29%  msgs=369545      557 ns/msg
  dir 6: active= 11.62%  msgs=338199      687 ns/msg
  dir 7: active= 10.36%  msgs=371051      558 ns/msg
  dir 8: active= 11.61%  msgs=336471      690 ns/msg
  dir 9: active= 10.23%  msgs=364198      562 ns/msg
  dir 10: active= 11.55%  msgs=335670      688 ns/msg
  dir 11: active= 10.23%  msgs=368313      556 ns/msg
  dir 12: active= 11.57%  msgs=332990      695 ns/msg
  dir 13: active= 10.32%  msgs=368333      561 ns/msg
  dir 14: active= 11.72%  msgs=337034      696 ns/msg
  dir 15: active= 10.29%  msgs=367352      560 ns/msg
  AGGREGATE active = 196.25% (of 16 dir-threads; 12.27% per-thread avg)  msgs=6333810

----- REMOTE CPU LOAD (memory node dir-threads, 2s window) -----
  dir 0: active= 11.66%  msgs=334810      697 ns/msg
  dir 1: active= 15.28%  msgs=552866      553 ns/msg
  dir 2: active= 17.12%  msgs=502775      681 ns/msg
  dir 3: active= 15.26%  msgs=550296      555 ns/msg
  dir 4: active= 17.11%  msgs=497160      688 ns/msg
  dir 5: active= 10.30%  msgs=370936      555 ns/msg
  dir 6: active= 11.56%  msgs=335393      690 ns/msg
  dir 7: active= 10.35%  msgs=369817      560 ns/msg
  dir 8: active= 11.61%  msgs=336198      690 ns/msg
  dir 9: active= 10.18%  msgs=364974      558 ns/msg
  dir 10: active= 11.53%  msgs=333958      691 ns/msg
  dir 11: active= 10.21%  msgs=365635      558 ns/msg
  dir 12: active= 11.57%  msgs=331878      697 ns/msg
  dir 13: active= 10.27%  msgs=365857      562 ns/msg
  dir 14: active= 11.70%  msgs=333303      702 ns/msg
  dir 15: active= 10.30%  msgs=364996      564 ns/msg
  AGGREGATE active = 196.00% (of 16 dir-threads; 12.25% per-thread avg)  msgs=6310852

----- REMOTE CPU LOAD (memory node dir-threads, 2s window) -----
  dir 0: active= 11.68%  msgs=335343      697 ns/msg
  dir 1: active= 15.29%  msgs=552150      554 ns/msg
  dir 2: active= 17.15%  msgs=501954      683 ns/msg
  dir 3: active= 15.21%  msgs=550701      552 ns/msg
  dir 4: active= 17.16%  msgs=502466      683 ns/msg
  dir 5: active= 10.30%  msgs=369828      557 ns/msg
  dir 6: active= 11.58%  msgs=335352      690 ns/msg
  dir 7: active= 10.35%  msgs=370608      559 ns/msg
  dir 8: active= 11.56%  msgs=333511      693 ns/msg
  dir 9: active= 10.20%  msgs=366645      556 ns/msg
  dir 10: active= 11.54%  msgs=333662      691 ns/msg
  dir 11: active= 10.32%  msgs=368702      560 ns/msg
  dir 12: active= 11.63%  msgs=334092      696 ns/msg
  dir 13: active= 10.29%  msgs=369816      557 ns/msg
  dir 14: active= 11.71%  msgs=335546      698 ns/msg
  dir 15: active= 10.30%  msgs=364722      565 ns/msg
  AGGREGATE active = 196.26% (of 16 dir-threads; 12.27% per-thread avg)  msgs=6325098

----- REMOTE CPU LOAD (memory node dir-threads, 2s window) -----
  dir 0: active= 11.70%  msgs=334408      700 ns/msg
  dir 1: active= 15.24%  msgs=553296      551 ns/msg
  dir 2: active= 17.15%  msgs=503109      682 ns/msg
  dir 3: active= 15.27%  msgs=549956      555 ns/msg
  dir 4: active= 17.07%  msgs=499066      684 ns/msg
  dir 5: active= 10.25%  msgs=369725      554 ns/msg
  dir 6: active= 11.52%  msgs=335022      688 ns/msg
  dir 7: active= 10.37%  msgs=370985      559 ns/msg
  dir 8: active= 11.52%  msgs=334074      690 ns/msg
  dir 9: active= 10.25%  msgs=364695      562 ns/msg
  dir 10: active= 11.67%  msgs=336465      694 ns/msg
  dir 11: active= 10.29%  msgs=368185      559 ns/msg
  dir 12: active= 11.59%  msgs=332025      698 ns/msg
  dir 13: active= 10.36%  msgs=370390      560 ns/msg
  dir 14: active= 11.80%  msgs=334558      706 ns/msg
  dir 15: active= 10.30%  msgs=364994      564 ns/msg
  AGGREGATE active = 196.35% (of 16 dir-threads; 12.27% per-thread avg)  msgs=6320953

----- REMOTE CPU LOAD (memory node dir-threads, 2s window) -----
  dir 0: active= 11.64%  msgs=333912      697 ns/msg
  dir 1: active= 15.26%  msgs=551530      553 ns/msg
  dir 2: active= 17.23%  msgs=501109      688 ns/msg
  dir 3: active= 15.21%  msgs=550774      552 ns/msg
  dir 4: active= 17.04%  msgs=498650      683 ns/msg
  dir 5: active= 10.25%  msgs=368375      556 ns/msg
  dir 6: active= 11.57%  msgs=334953      691 ns/msg
  dir 7: active= 10.33%  msgs=372304      555 ns/msg
  dir 8: active= 11.61%  msgs=335796      692 ns/msg
  dir 9: active= 10.24%  msgs=365624      560 ns/msg
  dir 10: active= 11.61%  msgs=336015      691 ns/msg
  dir 11: active= 10.25%  msgs=366555      559 ns/msg
  dir 12: active= 11.59%  msgs=332271      698 ns/msg
  dir 13: active= 10.35%  msgs=369799      560 ns/msg
  dir 14: active= 11.74%  msgs=336708      697 ns/msg
  dir 15: active= 10.28%  msgs=366984      560 ns/msg
  AGGREGATE active = 196.20% (of 16 dir-threads; 12.26% per-thread avg)  msgs=6321359

----- REMOTE CPU LOAD (memory node dir-threads, 2s window) -----
  dir 0: active= 11.69%  msgs=335042      698 ns/msg
  dir 1: active= 15.26%  msgs=554044      551 ns/msg
  dir 2: active= 17.14%  msgs=502289      682 ns/msg
  dir 3: active= 15.24%  msgs=553480      551 ns/msg
  dir 4: active= 17.11%  msgs=498911      686 ns/msg
  dir 5: active= 10.27%  msgs=369202      556 ns/msg
  dir 6: active= 11.56%  msgs=335652      689 ns/msg
  dir 7: active= 10.34%  msgs=371594      556 ns/msg
  dir 8: active= 11.55%  msgs=336548      687 ns/msg
  dir 9: active= 10.19%  msgs=366140      557 ns/msg
  dir 10: active= 11.57%  msgs=334888      691 ns/msg
  dir 11: active= 10.24%  msgs=366274      559 ns/msg
  dir 12: active= 11.61%  msgs=332206      699 ns/msg
  dir 13: active= 10.37%  msgs=370500      560 ns/msg
  dir 14: active= 11.74%  msgs=336753      697 ns/msg
  dir 15: active= 10.34%  msgs=368255      562 ns/msg
  AGGREGATE active = 196.21% (of 16 dir-threads; 12.26% per-thread avg)  msgs=6331778

----- REMOTE CPU LOAD (memory node dir-threads, 2s window) -----
  dir 0: active= 11.57%  msgs=333209      695 ns/msg
  dir 1: active= 15.21%  msgs=550979      552 ns/msg
  dir 2: active= 17.14%  msgs=502508      682 ns/msg
  dir 3: active= 15.16%  msgs=550516      551 ns/msg
  dir 4: active= 17.07%  msgs=498366      685 ns/msg
  dir 5: active= 10.23%  msgs=367455      557 ns/msg
  dir 6: active= 11.55%  msgs=334155      691 ns/msg
  dir 7: active= 10.32%  msgs=371163      556 ns/msg
  dir 8: active= 11.55%  msgs=333312      693 ns/msg
  dir 9: active= 10.23%  msgs=366757      558 ns/msg
  dir 10: active= 11.56%  msgs=335086      690 ns/msg
  dir 11: active= 10.23%  msgs=367754      557 ns/msg
  dir 12: active= 11.55%  msgs=332522      695 ns/msg
  dir 13: active= 10.28%  msgs=368384      558 ns/msg
  dir 14: active= 11.72%  msgs=336799      696 ns/msg
  dir 15: active= 10.25%  msgs=365414      561 ns/msg
  AGGREGATE active = 195.64% (of 16 dir-threads; 12.23% per-thread avg)  msgs=6314379

----- REMOTE CPU LOAD (memory node dir-threads, 2s window) -----
  dir 0: active= 11.63%  msgs=334830      695 ns/msg
  dir 1: active= 15.14%  msgs=552791      548 ns/msg
  dir 2: active= 17.13%  msgs=503690      680 ns/msg
  dir 3: active= 15.21%  msgs=548528      555 ns/msg
  dir 4: active= 17.09%  msgs=499714      684 ns/msg
  dir 5: active= 10.24%  msgs=369678      554 ns/msg
  dir 6: active= 11.54%  msgs=335870      687 ns/msg
  dir 7: active= 10.31%  msgs=371244      555 ns/msg
  dir 8: active= 11.54%  msgs=333577      692 ns/msg
  dir 9: active= 10.24%  msgs=364812      561 ns/msg
  dir 10: active= 11.51%  msgs=333738      690 ns/msg
  dir 11: active= 10.22%  msgs=366367      558 ns/msg
  dir 12: active= 11.52%  msgs=332725      692 ns/msg
  dir 13: active= 10.29%  msgs=369653      557 ns/msg
  dir 14: active= 11.64%  msgs=333698      698 ns/msg
  dir 15: active= 10.29%  msgs=363691      566 ns/msg
  AGGREGATE active = 195.54% (of 16 dir-threads; 12.22% per-thread avg)  msgs=6314606

----- REMOTE CPU LOAD (memory node dir-threads, 2s window) -----
  dir 0: active= 11.62%  msgs=334598      695 ns/msg
  dir 1: active= 15.25%  msgs=555703      549 ns/msg
  dir 2: active= 17.17%  msgs=501342      685 ns/msg
  dir 3: active= 15.20%  msgs=551761      551 ns/msg
  dir 4: active= 17.13%  msgs=499691      686 ns/msg
  dir 5: active= 10.26%  msgs=370160      554 ns/msg
  dir 6: active= 11.60%  msgs=336008      690 ns/msg
  dir 7: active= 10.33%  msgs=370557      558 ns/msg
  dir 8: active= 11.56%  msgs=335215      690 ns/msg
  dir 9: active= 10.21%  msgs=366249      558 ns/msg
  dir 10: active= 11.61%  msgs=336289      691 ns/msg
  dir 11: active= 10.27%  msgs=368165      558 ns/msg
  dir 12: active= 11.60%  msgs=333520      695 ns/msg
  dir 13: active= 10.33%  msgs=370454      558 ns/msg
  dir 14: active= 11.74%  msgs=335731      699 ns/msg
  dir 15: active= 10.31%  msgs=365647      564 ns/msg
  AGGREGATE active = 196.20% (of 16 dir-threads; 12.26% per-thread avg)  msgs=6331090

----- REMOTE CPU LOAD (memory node dir-threads, 2s window) -----
  dir 0: active= 11.60%  msgs=334988      693 ns/msg
  dir 1: active= 15.25%  msgs=552875      552 ns/msg
  dir 2: active= 17.12%  msgs=499284      686 ns/msg
  dir 3: active= 15.15%  msgs=552198      549 ns/msg
  dir 4: active= 17.10%  msgs=496912      688 ns/msg
  dir 5: active= 10.28%  msgs=371521      553 ns/msg
  dir 6: active= 11.62%  msgs=336546      690 ns/msg
  dir 7: active= 10.30%  msgs=372046      554 ns/msg
  dir 8: active= 11.57%  msgs=336846      687 ns/msg
  dir 9: active= 10.23%  msgs=367645      556 ns/msg
  dir 10: active= 11.57%  msgs=334568      692 ns/msg
  dir 11: active= 10.31%  msgs=371072      556 ns/msg
  dir 12: active= 11.54%  msgs=331074      697 ns/msg
  dir 13: active= 10.32%  msgs=369515      558 ns/msg
  dir 14: active= 11.73%  msgs=337226      696 ns/msg
  dir 15: active= 10.28%  msgs=364277      564 ns/msg
  AGGREGATE active = 195.96% (of 16 dir-threads; 12.25% per-thread avg)  msgs=6328593

----- REMOTE CPU LOAD (memory node dir-threads, 2s window) -----
  dir 0: active= 11.64%  msgs=334163      697 ns/msg
  dir 1: active= 15.22%  msgs=553485      550 ns/msg
  dir 2: active= 17.08%  msgs=500719      683 ns/msg
  dir 3: active= 15.21%  msgs=549058      554 ns/msg
  dir 4: active= 17.08%  msgs=498544      685 ns/msg
  dir 5: active= 10.24%  msgs=371140      552 ns/msg
  dir 6: active= 11.66%  msgs=339714      687 ns/msg
  dir 7: active= 10.33%  msgs=372670      555 ns/msg
  dir 8: active= 11.58%  msgs=336358      689 ns/msg
  dir 9: active= 10.25%  msgs=365768      561 ns/msg
  dir 10: active= 11.55%  msgs=334166      692 ns/msg
  dir 11: active= 10.28%  msgs=368689      558 ns/msg
  dir 12: active= 11.54%  msgs=333226      693 ns/msg
  dir 13: active= 10.34%  msgs=367812      562 ns/msg
  dir 14: active= 11.73%  msgs=337134      696 ns/msg
  dir 15: active= 10.25%  msgs=365455      561 ns/msg
  AGGREGATE active = 195.98% (of 16 dir-threads; 12.25% per-thread avg)  msgs=6328101

----- REMOTE CPU LOAD (memory node dir-threads, 2s window) -----
  dir 0: active= 11.64%  msgs=334772      696 ns/msg
  dir 1: active= 15.20%  msgs=552478      550 ns/msg
  dir 2: active= 17.10%  msgs=501011      683 ns/msg
  dir 3: active= 15.19%  msgs=550421      552 ns/msg
  dir 4: active= 17.10%  msgs=498721      686 ns/msg
  dir 5: active= 10.24%  msgs=368362      556 ns/msg
  dir 6: active= 11.61%  msgs=335233      693 ns/msg
  dir 7: active= 10.38%  msgs=371396      559 ns/msg
  dir 8: active= 11.59%  msgs=335955      690 ns/msg
  dir 9: active= 10.23%  msgs=368471      556 ns/msg
  dir 10: active= 11.60%  msgs=335966      691 ns/msg
  dir 11: active= 10.27%  msgs=367123      559 ns/msg
  dir 12: active= 11.55%  msgs=333535      693 ns/msg
  dir 13: active= 10.32%  msgs=367732      561 ns/msg
  dir 14: active= 11.76%  msgs=334187      704 ns/msg
  dir 15: active= 10.27%  msgs=365275      562 ns/msg
  AGGREGATE active = 196.05% (of 16 dir-threads; 12.25% per-thread avg)  msgs=6320638

----- REMOTE CPU LOAD (memory node dir-threads, 2s window) -----
  dir 0: active= 11.61%  msgs=334662      694 ns/msg
  dir 1: active= 15.15%  msgs=551034      550 ns/msg
  dir 2: active= 17.11%  msgs=500758      683 ns/msg
  dir 3: active= 15.11%  msgs=550304      549 ns/msg
  dir 4: active= 17.16%  msgs=501065      685 ns/msg
  dir 5: active= 10.27%  msgs=370697      554 ns/msg
  dir 6: active= 11.59%  msgs=337161      688 ns/msg
  dir 7: active= 10.37%  msgs=369541      561 ns/msg
  dir 8: active= 11.58%  msgs=336217      689 ns/msg
  dir 9: active= 10.22%  msgs=365487      559 ns/msg
  dir 10: active= 11.56%  msgs=334589      691 ns/msg
  dir 11: active= 10.26%  msgs=368735      556 ns/msg
  dir 12: active= 11.60%  msgs=332944      697 ns/msg
  dir 13: active= 10.32%  msgs=367604      561 ns/msg
  dir 14: active= 11.71%  msgs=334809      699 ns/msg
  dir 15: active= 10.29%  msgs=367097      560 ns/msg
  AGGREGATE active = 195.89% (of 16 dir-threads; 12.24% per-thread avg)  msgs=6322704

----- REMOTE CPU LOAD (memory node dir-threads, 2s window) -----
  dir 0: active= 11.65%  msgs=334680      696 ns/msg
  dir 1: active= 15.17%  msgs=554421      547 ns/msg
  dir 2: active= 17.09%  msgs=501264      682 ns/msg
  dir 3: active= 15.20%  msgs=549617      553 ns/msg
  dir 4: active= 17.05%  msgs=499185      683 ns/msg
  dir 5: active= 10.26%  msgs=369565      555 ns/msg
  dir 6: active= 11.58%  msgs=335068      691 ns/msg
  dir 7: active= 10.26%  msgs=368658      557 ns/msg
  dir 8: active= 11.60%  msgs=337184      688 ns/msg
  dir 9: active= 10.26%  msgs=365852      561 ns/msg
  dir 10: active= 11.54%  msgs=334319      690 ns/msg
  dir 11: active= 10.28%  msgs=367495      560 ns/msg
  dir 12: active= 11.58%  msgs=332675      696 ns/msg
  dir 13: active= 10.39%  msgs=371428      559 ns/msg
  dir 14: active= 11.75%  msgs=337232      697 ns/msg
  dir 15: active= 10.34%  msgs=366757      564 ns/msg
  AGGREGATE active = 196.01% (of 16 dir-threads; 12.25% per-thread avg)  msgs=6325400

----- REMOTE CPU LOAD (memory node dir-threads, 2s window) -----
  dir 0: active= 11.69%  msgs=335994      696 ns/msg
  dir 1: active= 15.24%  msgs=552179      552 ns/msg
  dir 2: active= 17.12%  msgs=502710      681 ns/msg
  dir 3: active= 15.26%  msgs=551278      554 ns/msg
  dir 4: active= 17.16%  msgs=498881      688 ns/msg
  dir 5: active= 10.24%  msgs=368788      555 ns/msg
  dir 6: active= 11.63%  msgs=334554      695 ns/msg
  dir 7: active= 10.32%  msgs=371497      556 ns/msg
  dir 8: active= 11.59%  msgs=335009      692 ns/msg
  dir 9: active= 10.22%  msgs=363940      561 ns/msg
  dir 10: active= 11.55%  msgs=335314      689 ns/msg
  dir 11: active= 10.29%  msgs=365937      563 ns/msg
  dir 12: active= 11.59%  msgs=333902      694 ns/msg
  dir 13: active= 10.36%  msgs=368961      562 ns/msg
  dir 14: active= 11.78%  msgs=334686      704 ns/msg
  dir 15: active= 10.35%  msgs=367338      563 ns/msg
  AGGREGATE active = 196.38% (of 16 dir-threads; 12.27% per-thread avg)  msgs=6320968

----- REMOTE CPU LOAD (memory node dir-threads, 2s window) -----
  dir 0: active= 11.62%  msgs=335612      692 ns/msg
  dir 1: active= 15.27%  msgs=553358      552 ns/msg
  dir 2: active= 17.24%  msgs=502904      685 ns/msg
  dir 3: active= 15.21%  msgs=550141      553 ns/msg
  dir 4: active= 17.09%  msgs=498138      686 ns/msg
  dir 5: active= 10.27%  msgs=368944      557 ns/msg
  dir 6: active= 11.58%  msgs=337696      686 ns/msg
  dir 7: active= 10.33%  msgs=372597      554 ns/msg
  dir 8: active= 11.57%  msgs=337196      686 ns/msg
  dir 9: active= 10.21%  msgs=365443      559 ns/msg
  dir 10: active= 11.56%  msgs=336268      688 ns/msg
  dir 11: active= 10.26%  msgs=366385      560 ns/msg
  dir 12: active= 11.57%  msgs=332547      696 ns/msg
  dir 13: active= 10.35%  msgs=368443      562 ns/msg
  dir 14: active= 11.72%  msgs=337169      695 ns/msg
  dir 15: active= 10.29%  msgs=366892      561 ns/msg
  AGGREGATE active = 196.13% (of 16 dir-threads; 12.26% per-thread avg)  msgs=6329733

----- REMOTE CPU LOAD (memory node dir-threads, 2s window) -----
  dir 0: active= 11.69%  msgs=336300      695 ns/msg
  dir 1: active= 15.15%  msgs=553136      548 ns/msg
  dir 2: active= 17.10%  msgs=500838      683 ns/msg
  dir 3: active= 15.19%  msgs=549350      553 ns/msg
  dir 4: active= 17.13%  msgs=501174      684 ns/msg
  dir 5: active= 10.24%  msgs=368384      556 ns/msg
  dir 6: active= 11.55%  msgs=336560      686 ns/msg
  dir 7: active= 10.31%  msgs=371865      555 ns/msg
  dir 8: active= 11.57%  msgs=335290      690 ns/msg
  dir 9: active= 10.18%  msgs=364693      558 ns/msg
  dir 10: active= 11.61%  msgs=334476      694 ns/msg
  dir 11: active= 10.27%  msgs=366902      560 ns/msg
  dir 12: active= 11.65%  msgs=336030      693 ns/msg
  dir 13: active= 10.34%  msgs=371022      557 ns/msg
  dir 14: active= 11.72%  msgs=335800      698 ns/msg
  dir 15: active= 10.25%  msgs=366407      560 ns/msg
  AGGREGATE active = 195.93% (of 16 dir-threads; 12.25% per-thread avg)  msgs=6328227

----- REMOTE CPU LOAD (memory node dir-threads, 2s window) -----
  dir 0: active= 11.72%  msgs=334976      700 ns/msg
  dir 1: active= 15.07%  msgs=550384      548 ns/msg
  dir 2: active= 17.08%  msgs=502701      680 ns/msg
  dir 3: active= 15.11%  msgs=548611      551 ns/msg
  dir 4: active= 17.11%  msgs=499673      685 ns/msg
  dir 5: active= 10.24%  msgs=366324      559 ns/msg
  dir 6: active= 11.55%  msgs=337272      685 ns/msg
  dir 7: active= 10.24%  msgs=370430      553 ns/msg
  dir 8: active= 11.61%  msgs=334581      694 ns/msg
  dir 9: active= 10.21%  msgs=364946      560 ns/msg
  dir 10: active= 11.56%  msgs=333485      693 ns/msg
  dir 11: active= 10.20%  msgs=366039      557 ns/msg
  dir 12: active= 11.55%  msgs=332299      695 ns/msg
  dir 13: active= 10.30%  msgs=369972      557 ns/msg
  dir 14: active= 11.73%  msgs=334538      702 ns/msg
  dir 15: active= 10.29%  msgs=367551      560 ns/msg
  AGGREGATE active = 195.57% (of 16 dir-threads; 12.22% per-thread avg)  msgs=6313782

----- REMOTE CPU LOAD (memory node dir-threads, 2s window) -----
  dir 0: active= 11.64%  msgs=334076      697 ns/msg
  dir 1: active= 15.19%  msgs=552195      550 ns/msg
  dir 2: active= 17.11%  msgs=502431      681 ns/msg
  dir 3: active= 15.22%  msgs=551377      552 ns/msg
  dir 4: active= 17.08%  msgs=498809      685 ns/msg
  dir 5: active= 10.21%  msgs=368460      554 ns/msg
  dir 6: active= 11.59%  msgs=336845      688 ns/msg
  dir 7: active= 10.33%  msgs=369590      559 ns/msg
  dir 8: active= 11.55%  msgs=336342      687 ns/msg
  dir 9: active= 10.19%  msgs=366096      557 ns/msg
  dir 10: active= 11.55%  msgs=335967      688 ns/msg
  dir 11: active= 10.26%  msgs=369619      555 ns/msg
  dir 12: active= 11.62%  msgs=333018      698 ns/msg
  dir 13: active= 10.34%  msgs=370995      557 ns/msg
  dir 14: active= 11.73%  msgs=336541      697 ns/msg
  dir 15: active= 10.32%  msgs=368789      560 ns/msg
  AGGREGATE active = 195.91% (of 16 dir-threads; 12.24% per-thread avg)  msgs=6331150

----- REMOTE CPU LOAD (memory node dir-threads, 2s window) -----
  dir 0: active= 11.66%  msgs=337414      691 ns/msg
  dir 1: active= 15.13%  msgs=550252      550 ns/msg
  dir 2: active= 17.12%  msgs=502169      682 ns/msg
  dir 3: active= 15.15%  msgs=551662      549 ns/msg
  dir 4: active= 17.15%  msgs=502382      683 ns/msg
  dir 5: active= 10.23%  msgs=370660      552 ns/msg
  dir 6: active= 11.60%  msgs=336253      690 ns/msg
  dir 7: active= 10.24%  msgs=370466      553 ns/msg
  dir 8: active= 11.62%  msgs=336716      690 ns/msg
  dir 9: active= 10.19%  msgs=365787      557 ns/msg
  dir 10: active= 11.59%  msgs=335406      691 ns/msg
  dir 11: active= 10.27%  msgs=370348      554 ns/msg
  dir 12: active= 11.55%  msgs=332645      694 ns/msg
  dir 13: active= 10.28%  msgs=370926      554 ns/msg
  dir 14: active= 11.68%  msgs=336594      694 ns/msg
  dir 15: active= 10.27%  msgs=364640      563 ns/msg
  AGGREGATE active = 195.72% (of 16 dir-threads; 12.23% per-thread avg)  msgs=6334320

----- REMOTE CPU LOAD (memory node dir-threads, 2s window) -----
  dir 0: active= 11.63%  msgs=332772      699 ns/msg
  dir 1: active= 15.24%  msgs=552459      552 ns/msg
  dir 2: active= 17.16%  msgs=505130      679 ns/msg
  dir 3: active= 15.08%  msgs=550421      548 ns/msg
  dir 4: active= 17.08%  msgs=500412      683 ns/msg
  dir 5: active= 10.24%  msgs=369791      554 ns/msg
  dir 6: active= 11.57%  msgs=336294      688 ns/msg
  dir 7: active= 10.30%  msgs=371946      554 ns/msg
  dir 8: active= 11.60%  msgs=336656      689 ns/msg
  dir 9: active= 10.19%  msgs=365884      557 ns/msg
  dir 10: active= 11.60%  msgs=335993      690 ns/msg
  dir 11: active= 10.21%  msgs=367211      556 ns/msg
  dir 12: active= 11.58%  msgs=333955      694 ns/msg
  dir 13: active= 10.23%  msgs=370842      552 ns/msg
  dir 14: active= 11.63%  msgs=334186      696 ns/msg
  dir 15: active= 10.22%  msgs=366622      557 ns/msg
  AGGREGATE active = 195.55% (of 16 dir-threads; 12.22% per-thread avg)  msgs=6330574

----- REMOTE CPU LOAD (memory node dir-threads, 2s window) -----
  dir 0: active= 11.59%  msgs=333356      696 ns/msg
  dir 1: active= 15.15%  msgs=550587      551 ns/msg
  dir 2: active= 17.11%  msgs=502019      682 ns/msg
  dir 3: active= 15.14%  msgs=551533      549 ns/msg
  dir 4: active= 17.16%  msgs=501852      684 ns/msg
  dir 5: active= 10.24%  msgs=369815      554 ns/msg
  dir 6: active= 11.55%  msgs=336016      688 ns/msg
  dir 7: active= 10.29%  msgs=371352      554 ns/msg
  dir 8: active= 11.59%  msgs=336782      689 ns/msg
  dir 9: active= 10.14%  msgs=365307      556 ns/msg
  dir 10: active= 11.58%  msgs=337838      686 ns/msg
  dir 11: active= 10.20%  msgs=367623      555 ns/msg
  dir 12: active= 11.62%  msgs=334377      695 ns/msg
  dir 13: active= 10.30%  msgs=368641      559 ns/msg
  dir 14: active= 11.71%  msgs=335223      699 ns/msg
  dir 15: active= 10.22%  msgs=366133      559 ns/msg
  AGGREGATE active = 195.59% (of 16 dir-threads; 12.22% per-thread avg)  msgs=6328454

----- REMOTE CPU LOAD (memory node dir-threads, 2s window) -----
  dir 0: active= 11.63%  msgs=334711      695 ns/msg
  dir 1: active= 15.14%  msgs=553504      547 ns/msg
  dir 2: active= 17.02%  msgs=499583      681 ns/msg
  dir 3: active= 15.14%  msgs=547781      553 ns/msg
  dir 4: active= 17.15%  msgs=500713      685 ns/msg
  dir 5: active= 10.26%  msgs=369043      556 ns/msg
  dir 6: active= 11.54%  msgs=334951      689 ns/msg
  dir 7: active= 10.32%  msgs=370417      557 ns/msg
  dir 8: active= 11.58%  msgs=333251      695 ns/msg
  dir 9: active= 10.26%  msgs=366105      560 ns/msg
  dir 10: active= 11.57%  msgs=334618      692 ns/msg
  dir 11: active= 10.25%  msgs=365965      560 ns/msg
  dir 12: active= 11.47%  msgs=330847      694 ns/msg
  dir 13: active= 10.24%  msgs=369655      554 ns/msg
  dir 14: active= 11.68%  msgs=335482      696 ns/msg
  dir 15: active= 10.24%  msgs=366246      559 ns/msg
  AGGREGATE active = 195.49% (of 16 dir-threads; 12.22% per-thread avg)  msgs=6312872

----- REMOTE CPU LOAD (memory node dir-threads, 2s window) -----
  dir 0: active= 11.69%  msgs=336054      696 ns/msg
  dir 1: active= 15.25%  msgs=553683      551 ns/msg
  dir 2: active= 17.14%  msgs=503627      681 ns/msg
  dir 3: active= 15.20%  msgs=552252      551 ns/msg
  dir 4: active= 17.08%  msgs=498174      686 ns/msg
  dir 5: active= 10.25%  msgs=369844      554 ns/msg
  dir 6: active= 11.56%  msgs=337331      685 ns/msg
  dir 7: active= 10.35%  msgs=372716      555 ns/msg
  dir 8: active= 11.54%  msgs=335652      688 ns/msg
  dir 9: active= 10.22%  msgs=367977      555 ns/msg
  dir 10: active= 11.59%  msgs=336171      689 ns/msg
  dir 11: active= 10.26%  msgs=366608      560 ns/msg
  dir 12: active= 11.56%  msgs=334926      690 ns/msg
  dir 13: active= 10.25%  msgs=369223      555 ns/msg
  dir 14: active= 11.70%  msgs=335066      699 ns/msg
  dir 15: active= 10.26%  msgs=367282      559 ns/msg
  AGGREGATE active = 195.89% (of 16 dir-threads; 12.24% per-thread avg)  msgs=6336586

----- REMOTE CPU LOAD (memory node dir-threads, 2s window) -----
  dir 0: active= 11.62%  msgs=334899      694 ns/msg
  dir 1: active= 15.17%  msgs=555584      546 ns/msg
  dir 2: active= 17.13%  msgs=501384      683 ns/msg
  dir 3: active= 15.20%  msgs=551082      552 ns/msg
  dir 4: active= 17.12%  msgs=500412      684 ns/msg
  dir 5: active= 10.28%  msgs=367461      559 ns/msg
  dir 6: active= 11.61%  msgs=337509      688 ns/msg
  dir 7: active= 10.32%  msgs=369555      559 ns/msg
  dir 8: active= 11.63%  msgs=335957      692 ns/msg
  dir 9: active= 10.18%  msgs=363857      559 ns/msg
  dir 10: active= 11.54%  msgs=336001      687 ns/msg
  dir 11: active= 10.21%  msgs=368785      554 ns/msg
  dir 12: active= 11.59%  msgs=334434      693 ns/msg
  dir 13: active= 10.29%  msgs=369109      557 ns/msg
  dir 14: active= 11.72%  msgs=335051      700 ns/msg
  dir 15: active= 10.24%  msgs=366174      560 ns/msg
  AGGREGATE active = 195.86% (of 16 dir-threads; 12.24% per-thread avg)  msgs=6327254

----- REMOTE CPU LOAD (memory node dir-threads, 2s window) -----
  dir 0: active= 11.61%  msgs=334991      693 ns/msg
  dir 1: active= 15.14%  msgs=551140      549 ns/msg
  dir 2: active= 17.13%  msgs=503705      680 ns/msg
  dir 3: active= 15.07%  msgs=549237      549 ns/msg
  dir 4: active= 17.11%  msgs=500401      684 ns/msg
  dir 5: active= 10.20%  msgs=369392      553 ns/msg
  dir 6: active= 11.58%  msgs=336262      689 ns/msg
  dir 7: active= 10.31%  msgs=370864      556 ns/msg
  dir 8: active= 11.58%  msgs=335690      690 ns/msg
  dir 9: active= 10.19%  msgs=365943      557 ns/msg
  dir 10: active= 11.60%  msgs=333705      695 ns/msg
  dir 11: active= 10.20%  msgs=366932      556 ns/msg
  dir 12: active= 11.54%  msgs=332075      695 ns/msg
  dir 13: active= 10.31%  msgs=369171      558 ns/msg
  dir 14: active= 11.69%  msgs=335397      697 ns/msg
  dir 15: active= 10.23%  msgs=365310      560 ns/msg
  AGGREGATE active = 195.48% (of 16 dir-threads; 12.22% per-thread avg)  msgs=6320215

----- REMOTE CPU LOAD (memory node dir-threads, 2s window) -----
  dir 0: active= 11.67%  msgs=334936      697 ns/msg
  dir 1: active= 15.26%  msgs=553744      551 ns/msg
  dir 2: active= 17.19%  msgs=502693      684 ns/msg
  dir 3: active= 15.23%  msgs=550660      553 ns/msg
  dir 4: active= 17.16%  msgs=498674      688 ns/msg
  dir 5: active= 10.26%  msgs=369919      555 ns/msg
  dir 6: active= 11.58%  msgs=336025      689 ns/msg
  dir 7: active= 10.34%  msgs=370611      558 ns/msg
  dir 8: active= 11.58%  msgs=336516      688 ns/msg
  dir 9: active= 10.24%  msgs=366449      559 ns/msg
  dir 10: active= 11.57%  msgs=337134      686 ns/msg
  dir 11: active= 10.26%  msgs=367842      558 ns/msg
  dir 12: active= 11.60%  msgs=332507      698 ns/msg
  dir 13: active= 10.30%  msgs=368259      560 ns/msg
  dir 14: active= 11.76%  msgs=336599      699 ns/msg
  dir 15: active= 10.25%  msgs=366145      560 ns/msg
  AGGREGATE active = 196.25% (of 16 dir-threads; 12.27% per-thread avg)  msgs=6328713

----- REMOTE CPU LOAD (memory node dir-threads, 2s window) -----
  dir 0: active= 11.60%  msgs=334365      694 ns/msg
  dir 1: active= 15.19%  msgs=552097      550 ns/msg
  dir 2: active= 17.11%  msgs=500529      684 ns/msg
  dir 3: active= 15.19%  msgs=550692      552 ns/msg
  dir 4: active= 17.05%  msgs=500500      681 ns/msg
  dir 5: active= 10.26%  msgs=367568      559 ns/msg
  dir 6: active= 11.56%  msgs=335578      689 ns/msg
  dir 7: active= 10.27%  msgs=369334      556 ns/msg
  dir 8: active= 11.55%  msgs=334397      691 ns/msg
  dir 9: active= 10.13%  msgs=362498      559 ns/msg
  dir 10: active= 11.58%  msgs=336767      688 ns/msg
  dir 11: active= 10.24%  msgs=368433      556 ns/msg
  dir 12: active= 11.60%  msgs=335177      692 ns/msg
  dir 13: active= 10.28%  msgs=369790      556 ns/msg
  dir 14: active= 11.68%  msgs=336068      695 ns/msg
  dir 15: active= 10.19%  msgs=363445      561 ns/msg
  AGGREGATE active = 195.49% (of 16 dir-threads; 12.22% per-thread avg)  msgs=6317238

----- REMOTE CPU LOAD (memory node dir-threads, 2s window) -----
  dir 0: active= 11.61%  msgs=334263      695 ns/msg
  dir 1: active= 15.25%  msgs=554139      551 ns/msg
  dir 2: active= 17.15%  msgs=503934      681 ns/msg
  dir 3: active= 15.20%  msgs=549553      553 ns/msg
  dir 4: active= 17.13%  msgs=498878      687 ns/msg
  dir 5: active= 10.21%  msgs=370556      551 ns/msg
  dir 6: active= 11.58%  msgs=336206      689 ns/msg
  dir 7: active= 10.28%  msgs=370546      555 ns/msg
  dir 8: active= 11.62%  msgs=333391      697 ns/msg
  dir 9: active= 10.17%  msgs=365857      556 ns/msg
  dir 10: active= 11.58%  msgs=337804      685 ns/msg
  dir 11: active= 10.23%  msgs=368341      555 ns/msg
  dir 12: active= 11.60%  msgs=333818      695 ns/msg
  dir 13: active= 10.27%  msgs=368604      557 ns/msg
  dir 14: active= 11.68%  msgs=334047      699 ns/msg
  dir 15: active= 10.25%  msgs=365699      561 ns/msg
  AGGREGATE active = 195.81% (of 16 dir-threads; 12.24% per-thread avg)  msgs=6325636

----- REMOTE CPU LOAD (memory node dir-threads, 2s window) -----
  dir 0: active= 11.65%  msgs=336574      692 ns/msg
  dir 1: active= 15.21%  msgs=552874      550 ns/msg
  dir 2: active= 17.01%  msgs=498258      683 ns/msg
  dir 3: active= 15.16%  msgs=551366      550 ns/msg
  dir 4: active= 17.13%  msgs=500864      684 ns/msg
  dir 5: active= 10.30%  msgs=368461      559 ns/msg
  dir 6: active= 11.57%  msgs=337013      687 ns/msg
  dir 7: active= 10.33%  msgs=369832      559 ns/msg
  dir 8: active= 11.60%  msgs=335978      690 ns/msg
  dir 9: active= 10.21%  msgs=365898      558 ns/msg
  dir 10: active= 11.56%  msgs=335729      689 ns/msg
  dir 11: active= 10.20%  msgs=367326      555 ns/msg
  dir 12: active= 11.60%  msgs=333814      695 ns/msg
  dir 13: active= 10.37%  msgs=369839      561 ns/msg
  dir 14: active= 11.71%  msgs=333914      702 ns/msg
  dir 15: active= 10.27%  msgs=364945      563 ns/msg
  AGGREGATE active = 195.86% (of 16 dir-threads; 12.24% per-thread avg)  msgs=6322685

----- REMOTE CPU LOAD (memory node dir-threads, 2s window) -----
  dir 0: active= 11.63%  msgs=334368      696 ns/msg
  dir 1: active= 15.15%  msgs=553124      548 ns/msg
  dir 2: active= 17.10%  msgs=501517      682 ns/msg
  dir 3: active= 15.18%  msgs=550624      551 ns/msg
  dir 4: active= 17.15%  msgs=501941      683 ns/msg
  dir 5: active= 10.23%  msgs=370081      553 ns/msg
  dir 6: active= 11.65%  msgs=335406      695 ns/msg
  dir 7: active= 10.32%  msgs=371754      555 ns/msg
  dir 8: active= 11.60%  msgs=335235      692 ns/msg
  dir 9: active= 10.15%  msgs=367048      553 ns/msg
  dir 10: active= 11.56%  msgs=336126      688 ns/msg
  dir 11: active= 10.21%  msgs=368948      553 ns/msg
  dir 12: active= 11.64%  msgs=333991      697 ns/msg
  dir 13: active= 10.36%  msgs=370988      559 ns/msg
  dir 14: active= 11.72%  msgs=336859      696 ns/msg
  dir 15: active= 10.22%  msgs=364821      561 ns/msg
  AGGREGATE active = 195.86% (of 16 dir-threads; 12.24% per-thread avg)  msgs=6332831

----- REMOTE CPU LOAD (memory node dir-threads, 2s window) -----
  dir 0: active= 11.69%  msgs=335004      698 ns/msg
  dir 1: active= 15.18%  msgs=554129      548 ns/msg
  dir 2: active= 17.09%  msgs=501990      681 ns/msg
  dir 3: active= 15.15%  msgs=547840      553 ns/msg
  dir 4: active= 17.14%  msgs=501008      684 ns/msg
  dir 5: active= 10.22%  msgs=367461      557 ns/msg
  dir 6: active= 11.64%  msgs=337707      689 ns/msg
  dir 7: active= 10.27%  msgs=371212      553 ns/msg
  dir 8: active= 11.57%  msgs=335853      689 ns/msg
  dir 9: active= 10.23%  msgs=367384      557 ns/msg
  dir 10: active= 11.59%  msgs=335088      692 ns/msg
  dir 11: active= 10.20%  msgs=368063      554 ns/msg
  dir 12: active= 11.57%  msgs=334060      693 ns/msg
  dir 13: active= 10.31%  msgs=369675      558 ns/msg
  dir 14: active= 11.68%  msgs=336177      695 ns/msg
  dir 15: active= 10.31%  msgs=365237      565 ns/msg
  AGGREGATE active = 195.84% (of 16 dir-threads; 12.24% per-thread avg)  msgs=6327888

----- REMOTE CPU LOAD (memory node dir-threads, 2s window) -----
  dir 0: active= 11.60%  msgs=333785      695 ns/msg
  dir 1: active= 15.11%  msgs=550335      549 ns/msg
  dir 2: active= 17.07%  msgs=499819      683 ns/msg
  dir 3: active= 15.08%  msgs=548676      550 ns/msg
  dir 4: active= 17.12%  msgs=500174      685 ns/msg
  dir 5: active= 10.24%  msgs=369182      555 ns/msg
  dir 6: active= 11.61%  msgs=335926      691 ns/msg
  dir 7: active= 10.23%  msgs=370197      553 ns/msg
  dir 8: active= 11.53%  msgs=334172      690 ns/msg
  dir 9: active= 10.16%  msgs=363819      559 ns/msg
  dir 10: active= 11.53%  msgs=334997      689 ns/msg
  dir 11: active= 10.26%  msgs=366731      559 ns/msg
  dir 12: active= 11.55%  msgs=332655      694 ns/msg
  dir 13: active= 10.25%  msgs=370421      554 ns/msg
  dir 14: active= 11.58%  msgs=333830      694 ns/msg
  dir 15: active= 10.19%  msgs=362364      562 ns/msg
  AGGREGATE active = 195.13% (of 16 dir-threads; 12.20% per-thread avg)  msgs=6307083

----- REMOTE CPU LOAD (memory node dir-threads, 2s window) -----
  dir 0: active= 11.63%  msgs=334247      696 ns/msg
  dir 1: active= 15.17%  msgs=554150      547 ns/msg
  dir 2: active= 17.08%  msgs=502364      680 ns/msg
  dir 3: active= 15.18%  msgs=551047      551 ns/msg
  dir 4: active= 17.14%  msgs=500689      685 ns/msg
  dir 5: active= 10.24%  msgs=366629      559 ns/msg
  dir 6: active= 11.59%  msgs=334929      692 ns/msg
  dir 7: active= 10.27%  msgs=372228      552 ns/msg
  dir 8: active= 11.63%  msgs=336321      692 ns/msg
  dir 9: active= 10.21%  msgs=363571      562 ns/msg
  dir 10: active= 11.56%  msgs=334973      690 ns/msg
  dir 11: active= 10.28%  msgs=367989      558 ns/msg
  dir 12: active= 11.57%  msgs=333758      693 ns/msg
  dir 13: active= 10.28%  msgs=370364      555 ns/msg
  dir 14: active= 11.69%  msgs=335051      698 ns/msg
  dir 15: active= 10.21%  msgs=365235      559 ns/msg
  AGGREGATE active = 195.71% (of 16 dir-threads; 12.23% per-thread avg)  msgs=6323545

----- REMOTE CPU LOAD (memory node dir-threads, 2s window) -----
  dir 0: active= 11.65%  msgs=335368      695 ns/msg
  dir 1: active= 15.19%  msgs=553897      548 ns/msg
  dir 2: active= 17.09%  msgs=502204      681 ns/msg
  dir 3: active= 15.08%  msgs=552743      546 ns/msg
  dir 4: active= 17.13%  msgs=499571      686 ns/msg
  dir 5: active= 10.30%  msgs=370553      556 ns/msg
  dir 6: active= 11.56%  msgs=336525      687 ns/msg
  dir 7: active= 10.32%  msgs=371566      555 ns/msg
  dir 8: active= 11.57%  msgs=335197      690 ns/msg
  dir 9: active= 10.22%  msgs=366235      558 ns/msg
  dir 10: active= 11.63%  msgs=337863      688 ns/msg
  dir 11: active= 10.29%  msgs=368316      559 ns/msg
  dir 12: active= 11.58%  msgs=334387      693 ns/msg
  dir 13: active= 10.27%  msgs=368021      558 ns/msg
  dir 14: active= 11.67%  msgs=335908      695 ns/msg
  dir 15: active= 10.25%  msgs=365945      560 ns/msg
  AGGREGATE active = 195.81% (of 16 dir-threads; 12.24% per-thread avg)  msgs=6334299

----- REMOTE CPU LOAD (memory node dir-threads, 2s window) -----
  dir 0: active= 11.62%  msgs=335793      692 ns/msg
  dir 1: active= 15.11%  msgs=551678      548 ns/msg
  dir 2: active= 17.06%  msgs=500544      682 ns/msg
  dir 3: active= 15.15%  msgs=550635      550 ns/msg
  dir 4: active= 17.11%  msgs=497607      688 ns/msg
  dir 5: active= 10.27%  msgs=367623      559 ns/msg
  dir 6: active= 11.59%  msgs=335603      691 ns/msg
  dir 7: active= 10.30%  msgs=370943      555 ns/msg
  dir 8: active= 11.57%  msgs=334932      691 ns/msg
  dir 9: active= 10.22%  msgs=364938      560 ns/msg
  dir 10: active= 11.59%  msgs=335859      690 ns/msg
  dir 11: active= 10.28%  msgs=366736      560 ns/msg
  dir 12: active= 11.53%  msgs=331475      696 ns/msg
  dir 13: active= 10.33%  msgs=370195      558 ns/msg
  dir 14: active= 11.76%  msgs=337396      697 ns/msg
  dir 15: active= 10.25%  msgs=367080      558 ns/msg
  AGGREGATE active = 195.73% (of 16 dir-threads; 12.23% per-thread avg)  msgs=6319037

----- REMOTE CPU LOAD (memory node dir-threads, 2s window) -----
  dir 0: active= 11.62%  msgs=335908      692 ns/msg
  dir 1: active= 15.18%  msgs=557287      545 ns/msg
  dir 2: active= 17.05%  msgs=499664      683 ns/msg
  dir 3: active= 15.16%  msgs=551538      550 ns/msg
  dir 4: active= 17.13%  msgs=499781      685 ns/msg
  dir 5: active= 10.28%  msgs=368158      558 ns/msg
  dir 6: active= 11.60%  msgs=336735      689 ns/msg
  dir 7: active= 10.29%  msgs=371478      554 ns/msg
  dir 8: active= 11.59%  msgs=335058      692 ns/msg
  dir 9: active= 10.24%  msgs=365724      560 ns/msg
  dir 10: active= 11.57%  msgs=335824      689 ns/msg
  dir 11: active= 10.24%  msgs=368327      556 ns/msg
  dir 12: active= 11.59%  msgs=333065      696 ns/msg
  dir 13: active= 10.31%  msgs=368824      559 ns/msg
  dir 14: active= 11.63%  msgs=335734      693 ns/msg
  dir 15: active= 10.26%  msgs=366652      560 ns/msg
  AGGREGATE active = 195.72% (of 16 dir-threads; 12.23% per-thread avg)  msgs=6329757

----- REMOTE CPU LOAD (memory node dir-threads, 2s window) -----
  dir 0: active= 11.62%  msgs=335355      693 ns/msg
  dir 1: active= 15.12%  msgs=553563      546 ns/msg
  dir 2: active= 17.11%  msgs=501704      682 ns/msg
  dir 3: active= 15.13%  msgs=549274      551 ns/msg
  dir 4: active= 17.14%  msgs=499438      686 ns/msg
  dir 5: active= 10.25%  msgs=369203      555 ns/msg
  dir 6: active= 11.54%  msgs=335710      688 ns/msg
  dir 7: active= 10.28%  msgs=371295      554 ns/msg
  dir 8: active= 11.57%  msgs=334881      691 ns/msg
  dir 9: active= 10.24%  msgs=364309      562 ns/msg
  dir 10: active= 11.56%  msgs=334869      690 ns/msg
  dir 11: active= 10.21%  msgs=366521      557 ns/msg
  dir 12: active= 11.55%  msgs=333778      692 ns/msg
  dir 13: active= 10.30%  msgs=368701      559 ns/msg
  dir 14: active= 11.68%  msgs=334710      698 ns/msg
  dir 15: active= 10.26%  msgs=366357      560 ns/msg
  AGGREGATE active = 195.56% (of 16 dir-threads; 12.22% per-thread avg)  msgs=6319668

----- REMOTE CPU LOAD (memory node dir-threads, 2s window) -----
  dir 0: active= 11.66%  msgs=335472      695 ns/msg
  dir 1: active= 15.18%  msgs=554343      548 ns/msg
  dir 2: active= 17.13%  msgs=499719      686 ns/msg
  dir 3: active= 15.15%  msgs=550513      550 ns/msg
  dir 4: active= 17.21%  msgs=502357      685 ns/msg
  dir 5: active= 10.32%  msgs=369906      558 ns/msg
  dir 6: active= 11.62%  msgs=335336      693 ns/msg
  dir 7: active= 10.30%  msgs=372201      553 ns/msg
  dir 8: active= 11.59%  msgs=334924      692 ns/msg
  dir 9: active= 10.26%  msgs=365096      562 ns/msg
  dir 10: active= 11.55%  msgs=333705      693 ns/msg
  dir 11: active= 10.27%  msgs=368375      557 ns/msg
  dir 12: active= 11.65%  msgs=333484      699 ns/msg
  dir 13: active= 10.35%  msgs=369596      560 ns/msg
  dir 14: active= 11.67%  msgs=335926      695 ns/msg
  dir 15: active= 10.26%  msgs=366477      560 ns/msg
  AGGREGATE active = 196.14% (of 16 dir-threads; 12.26% per-thread avg)  msgs=6327430

----- REMOTE CPU LOAD (memory node dir-threads, 2s window) -----
  dir 0: active= 11.64%  msgs=336183      692 ns/msg
  dir 1: active= 15.18%  msgs=551559      550 ns/msg
  dir 2: active= 17.05%  msgs=499620      683 ns/msg
  dir 3: active= 15.10%  msgs=550852      548 ns/msg
  dir 4: active= 17.10%  msgs=500885      683 ns/msg
  dir 5: active= 10.23%  msgs=367411      557 ns/msg
  dir 6: active= 11.60%  msgs=335979      691 ns/msg
  dir 7: active= 10.35%  msgs=371166      558 ns/msg
  dir 8: active= 11.57%  msgs=334909      691 ns/msg
  dir 9: active= 10.25%  msgs=364897      562 ns/msg
  dir 10: active= 11.59%  msgs=336031      690 ns/msg
  dir 11: active= 10.29%  msgs=367256      560 ns/msg
  dir 12: active= 11.58%  msgs=333234      695 ns/msg
  dir 13: active= 10.25%  msgs=370608      553 ns/msg
  dir 14: active= 11.66%  msgs=335870      694 ns/msg
  dir 15: active= 10.25%  msgs=366562      559 ns/msg
  AGGREGATE active = 195.68% (of 16 dir-threads; 12.23% per-thread avg)  msgs=6323022

----- REMOTE CPU LOAD (memory node dir-threads, 2s window) -----
  dir 0: active= 11.64%  msgs=337110      691 ns/msg
  dir 1: active= 15.22%  msgs=552552      551 ns/msg
  dir 2: active= 17.10%  msgs=501429      682 ns/msg
  dir 3: active= 15.11%  msgs=550743      549 ns/msg
  dir 4: active= 17.10%  msgs=499475      685 ns/msg
  dir 5: active= 10.28%  msgs=369703      556 ns/msg
  dir 6: active= 11.59%  msgs=335138      692 ns/msg
  dir 7: active= 10.33%  msgs=372140      555 ns/msg
  dir 8: active= 11.57%  msgs=335278      690 ns/msg
  dir 9: active= 10.25%  msgs=366607      559 ns/msg
  dir 10: active= 11.54%  msgs=333990      691 ns/msg
  dir 11: active= 10.28%  msgs=369561      556 ns/msg
  dir 12: active= 11.53%  msgs=333465      691 ns/msg
  dir 13: active= 10.30%  msgs=370707      556 ns/msg
  dir 14: active= 11.69%  msgs=336366      695 ns/msg
  dir 15: active= 10.29%  msgs=366993      561 ns/msg
  AGGREGATE active = 195.80% (of 16 dir-threads; 12.24% per-thread avg)  msgs=6331257

----- REMOTE CPU LOAD (memory node dir-threads, 2s window) -----
  dir 0: active= 11.64%  msgs=335578      694 ns/msg
  dir 1: active= 15.22%  msgs=553830      550 ns/msg
  dir 2: active= 17.01%  msgs=500992      679 ns/msg
  dir 3: active= 15.16%  msgs=551051      550 ns/msg
  dir 4: active= 17.14%  msgs=498140      688 ns/msg
  dir 5: active= 10.29%  msgs=370421      556 ns/msg
  dir 6: active= 11.55%  msgs=336010      688 ns/msg
  dir 7: active= 10.31%  msgs=371387      555 ns/msg
  dir 8: active= 11.52%  msgs=334679      689 ns/msg
  dir 9: active= 10.19%  msgs=364176      560 ns/msg
  dir 10: active= 11.63%  msgs=336933      690 ns/msg
  dir 11: active= 10.28%  msgs=367811      559 ns/msg
  dir 12: active= 11.58%  msgs=334657      692 ns/msg
  dir 13: active= 10.37%  msgs=371103      559 ns/msg
  dir 14: active= 11.68%  msgs=335858      696 ns/msg
  dir 15: active= 10.25%  msgs=365689      561 ns/msg
  AGGREGATE active = 195.82% (of 16 dir-threads; 12.24% per-thread avg)  msgs=6328315

----- REMOTE CPU LOAD (memory node dir-threads, 2s window) -----
  dir 0: active= 11.60%  msgs=336210      690 ns/msg
  dir 1: active= 15.14%  msgs=552243      549 ns/msg
  dir 2: active= 17.08%  msgs=501256      682 ns/msg
  dir 3: active= 15.10%  msgs=548009      551 ns/msg
  dir 4: active= 17.04%  msgs=500612      681 ns/msg
  dir 5: active= 10.26%  msgs=367825      558 ns/msg
  dir 6: active= 11.55%  msgs=335379      689 ns/msg
  dir 7: active= 10.33%  msgs=371451      556 ns/msg
  dir 8: active= 11.60%  msgs=335463      692 ns/msg
  dir 9: active= 10.23%  msgs=365982      559 ns/msg
  dir 10: active= 11.52%  msgs=335267      688 ns/msg
  dir 11: active= 10.25%  msgs=367336      558 ns/msg
  dir 12: active= 11.55%  msgs=332158      696 ns/msg
  dir 13: active= 10.27%  msgs=368614      558 ns/msg
  dir 14: active= 11.67%  msgs=335090      697 ns/msg
  dir 15: active= 10.25%  msgs=366471      560 ns/msg
  AGGREGATE active = 195.45% (of 16 dir-threads; 12.22% per-thread avg)  msgs=6319366

----- REMOTE CPU LOAD (memory node dir-threads, 2s window) -----
  dir 0: active= 11.72%  msgs=335409      699 ns/msg
  dir 1: active= 15.10%  msgs=552170      547 ns/msg
  dir 2: active= 17.11%  msgs=501207      683 ns/msg
  dir 3: active= 15.14%  msgs=550420      550 ns/msg
  dir 4: active= 17.10%  msgs=500555      683 ns/msg
  dir 5: active= 10.24%  msgs=370251      553 ns/msg
  dir 6: active= 11.63%  msgs=335900      693 ns/msg
  dir 7: active= 10.30%  msgs=370890      555 ns/msg
  dir 8: active= 11.57%  msgs=334653      691 ns/msg
  dir 9: active= 10.27%  msgs=366226      561 ns/msg
  dir 10: active= 11.60%  msgs=335870      691 ns/msg
  dir 11: active= 10.27%  msgs=365602      562 ns/msg
  dir 12: active= 11.56%  msgs=333667      693 ns/msg
  dir 13: active= 10.30%  msgs=368701      559 ns/msg
  dir 14: active= 11.64%  msgs=333778      698 ns/msg
  dir 15: active= 10.31%  msgs=365446      564 ns/msg
  AGGREGATE active = 195.85% (of 16 dir-threads; 12.24% per-thread avg)  msgs=6320745

----- REMOTE CPU LOAD (memory node dir-threads, 2s window) -----
  dir 0: active= 11.62%  msgs=334044      696 ns/msg
  dir 1: active= 15.20%  msgs=552320      550 ns/msg
  dir 2: active= 17.05%  msgs=499723      682 ns/msg
  dir 3: active= 15.16%  msgs=549114      552 ns/msg
  dir 4: active= 17.10%  msgs=500420      684 ns/msg
  dir 5: active= 10.26%  msgs=370252      554 ns/msg
  dir 6: active= 11.56%  msgs=334730      691 ns/msg
  dir 7: active= 10.30%  msgs=371824      554 ns/msg
  dir 8: active= 11.58%  msgs=336017      689 ns/msg
  dir 9: active= 10.22%  msgs=365218      560 ns/msg
  dir 10: active= 11.56%  msgs=334680      691 ns/msg
  dir 11: active= 10.23%  msgs=367223      557 ns/msg
  dir 12: active= 11.59%  msgs=334740      693 ns/msg
  dir 13: active= 10.27%  msgs=370533      554 ns/msg
  dir 14: active= 11.65%  msgs=335993      694 ns/msg
  dir 15: active= 10.28%  msgs=366343      561 ns/msg
  AGGREGATE active = 195.64% (of 16 dir-threads; 12.23% per-thread avg)  msgs=6323174

----- REMOTE CPU LOAD (memory node dir-threads, 2s window) -----
  dir 0: active= 11.62%  msgs=334731      694 ns/msg
  dir 1: active= 15.14%  msgs=551141      549 ns/msg
  dir 2: active= 17.17%  msgs=501336      685 ns/msg
  dir 3: active= 15.13%  msgs=547113      553 ns/msg
  dir 4: active= 17.08%  msgs=497914      686 ns/msg
  dir 5: active= 10.31%  msgs=371265      556 ns/msg
  dir 6: active= 11.56%  msgs=334476      691 ns/msg
  dir 7: active= 10.32%  msgs=370463      557 ns/msg
  dir 8: active= 11.57%  msgs=335541      690 ns/msg
  dir 9: active= 10.26%  msgs=363302      565 ns/msg
  dir 10: active= 11.54%  msgs=334224      691 ns/msg
  dir 11: active= 10.26%  msgs=365325      562 ns/msg
  dir 12: active= 11.51%  msgs=331561      694 ns/msg
  dir 13: active= 10.26%  msgs=370060      554 ns/msg
  dir 14: active= 11.88%  msgs=337496      704 ns/msg
  dir 15: active= 10.29%  msgs=365086      564 ns/msg
  AGGREGATE active = 195.91% (of 16 dir-threads; 12.24% per-thread avg)  msgs=6311034

----- REMOTE CPU LOAD (memory node dir-threads, 2s window) -----
  dir 0: active= 11.65%  msgs=335457      694 ns/msg
  dir 1: active= 15.14%  msgs=554039      547 ns/msg
  dir 2: active= 17.22%  msgs=503148      684 ns/msg
  dir 3: active= 15.13%  msgs=550298      550 ns/msg
  dir 4: active= 17.09%  msgs=500929      682 ns/msg
  dir 5: active= 10.34%  msgs=371778      556 ns/msg
  dir 6: active= 11.57%  msgs=334846      691 ns/msg
  dir 7: active= 10.26%  msgs=370857      554 ns/msg
  dir 8: active= 11.61%  msgs=336214      691 ns/msg
  dir 9: active= 10.20%  msgs=369896      552 ns/msg
  dir 10: active= 11.56%  msgs=335619      689 ns/msg
  dir 11: active= 10.22%  msgs=366443      558 ns/msg
  dir 12: active= 11.58%  msgs=334034      694 ns/msg
  dir 13: active= 10.24%  msgs=368435      556 ns/msg
  dir 14: active= 11.66%  msgs=335786      695 ns/msg
  dir 15: active= 10.26%  msgs=366719      560 ns/msg
  AGGREGATE active = 195.75% (of 16 dir-threads; 12.23% per-thread avg)  msgs=6334498

----- REMOTE CPU LOAD (memory node dir-threads, 2s window) -----
  dir 0: active= 11.64%  msgs=336415      692 ns/msg
  dir 1: active= 15.16%  msgs=553741      548 ns/msg
  dir 2: active= 17.10%  msgs=503397      679 ns/msg
  dir 3: active= 15.09%  msgs=550778      548 ns/msg
  dir 4: active= 17.09%  msgs=500374      683 ns/msg
  dir 5: active= 10.22%  msgs=370576      551 ns/msg
  dir 6: active= 11.64%  msgs=337847      689 ns/msg
  dir 7: active= 10.27%  msgs=370510      554 ns/msg
  dir 8: active= 11.59%  msgs=335810      690 ns/msg
  dir 9: active= 10.14%  msgs=366905      553 ns/msg
  dir 10: active= 11.52%  msgs=334270      689 ns/msg
  dir 11: active= 10.17%  msgs=366733      554 ns/msg
  dir 12: active= 11.56%  msgs=332973      694 ns/msg
  dir 13: active= 10.31%  msgs=372034      554 ns/msg
  dir 14: active= 11.65%  msgs=336395      693 ns/msg
  dir 15: active= 10.20%  msgs=364590      560 ns/msg
  AGGREGATE active = 195.35% (of 16 dir-threads; 12.21% per-thread avg)  msgs=6333348

----- REMOTE CPU LOAD (memory node dir-threads, 2s window) -----
  dir 0: active= 11.64%  msgs=336159      693 ns/msg
  dir 1: active= 15.17%  msgs=552003      550 ns/msg
  dir 2: active= 17.09%  msgs=500375      683 ns/msg
  dir 3: active= 15.12%  msgs=552214      548 ns/msg
  dir 4: active= 17.06%  msgs=498316      685 ns/msg
  dir 5: active= 10.26%  msgs=371647      552 ns/msg
  dir 6: active= 11.56%  msgs=336975      686 ns/msg
  dir 7: active= 10.33%  msgs=370477      557 ns/msg
  dir 8: active= 11.51%  msgs=332431      692 ns/msg
  dir 9: active= 10.24%  msgs=366653      559 ns/msg
  dir 10: active= 11.56%  msgs=336249      688 ns/msg
  dir 11: active= 10.18%  msgs=366340      556 ns/msg
  dir 12: active= 11.56%  msgs=332738      695 ns/msg
  dir 13: active= 10.30%  msgs=371973      554 ns/msg
  dir 14: active= 11.64%  msgs=337336      690 ns/msg
  dir 15: active= 10.25%  msgs=365247      562 ns/msg
  AGGREGATE active = 195.48% (of 16 dir-threads; 12.22% per-thread avg)  msgs=6327133

----- REMOTE CPU LOAD (memory node dir-threads, 2s window) -----
  dir 0: active= 11.64%  msgs=336219      692 ns/msg
  dir 1: active= 15.20%  msgs=556080      547 ns/msg
  dir 2: active= 17.07%  msgs=502318      680 ns/msg
  dir 3: active= 15.16%  msgs=553748      548 ns/msg
  dir 4: active= 17.11%  msgs=498821      686 ns/msg
  dir 5: active= 10.26%  msgs=369446      555 ns/msg
  dir 6: active= 11.63%  msgs=336410      692 ns/msg
  dir 7: active= 10.32%  msgs=374901      551 ns/msg
  dir 8: active= 11.56%  msgs=334984      690 ns/msg
  dir 9: active= 10.23%  msgs=366871      557 ns/msg
  dir 10: active= 11.56%  msgs=337194      686 ns/msg
  dir 11: active= 10.21%  msgs=369667      552 ns/msg
  dir 12: active= 11.57%  msgs=336564      688 ns/msg
  dir 13: active= 10.31%  msgs=372106      554 ns/msg
  dir 14: active= 11.68%  msgs=337260      693 ns/msg
  dir 15: active= 10.18%  msgs=367701      554 ns/msg
  AGGREGATE active = 195.68% (of 16 dir-threads; 12.23% per-thread avg)  msgs=6350290

----- REMOTE CPU LOAD (memory node dir-threads, 2s window) -----
  dir 0: active= 11.63%  msgs=336252      692 ns/msg
  dir 1: active= 15.13%  msgs=552326      548 ns/msg
  dir 2: active= 17.08%  msgs=501788      681 ns/msg
  dir 3: active= 15.11%  msgs=551047      549 ns/msg
  dir 4: active= 17.17%  msgs=501425      685 ns/msg
  dir 5: active= 10.19%  msgs=370121      551 ns/msg
  dir 6: active= 11.55%  msgs=335022      689 ns/msg
  dir 7: active= 10.29%  msgs=371585      554 ns/msg
  dir 8: active= 11.54%  msgs=334571      690 ns/msg
  dir 9: active= 10.22%  msgs=366758      557 ns/msg
  dir 10: active= 11.53%  msgs=335911      686 ns/msg
  dir 11: active= 10.23%  msgs=366135      559 ns/msg
  dir 12: active= 11.55%  msgs=332510      695 ns/msg
  dir 13: active= 10.27%  msgs=370388      555 ns/msg
  dir 14: active= 11.66%  msgs=335510      695 ns/msg
  dir 15: active= 10.17%  msgs=366421      555 ns/msg
  AGGREGATE active = 195.32% (of 16 dir-threads; 12.21% per-thread avg)  msgs=6327770

----- REMOTE CPU LOAD (memory node dir-threads, 2s window) -----
  dir 0: active= 11.66%  msgs=335990      694 ns/msg
  dir 1: active= 15.20%  msgs=552939      550 ns/msg
  dir 2: active= 17.08%  msgs=502297      680 ns/msg
  dir 3: active= 15.08%  msgs=550614      548 ns/msg
  dir 4: active= 17.10%  msgs=499958      684 ns/msg
  dir 5: active= 10.21%  msgs=369328      553 ns/msg
  dir 6: active= 11.53%  msgs=335861      687 ns/msg
  dir 7: active= 10.29%  msgs=372268      553 ns/msg
  dir 8: active= 11.59%  msgs=336551      689 ns/msg
  dir 9: active= 10.22%  msgs=364682      560 ns/msg
  dir 10: active= 11.55%  msgs=336452      687 ns/msg
  dir 11: active= 10.20%  msgs=364274      560 ns/msg
  dir 12: active= 11.55%  msgs=332794      694 ns/msg
  dir 13: active= 10.33%  msgs=370532      557 ns/msg
  dir 14: active= 11.73%  msgs=336236      698 ns/msg
  dir 15: active= 10.25%  msgs=365487      561 ns/msg
  AGGREGATE active = 195.56% (of 16 dir-threads; 12.22% per-thread avg)  msgs=6326263

----- REMOTE CPU LOAD (memory node dir-threads, 2s window) -----
  dir 0: active= 11.63%  msgs=336298      692 ns/msg
  dir 1: active= 15.17%  msgs=554294      548 ns/msg
  dir 2: active= 17.06%  msgs=500265      682 ns/msg
  dir 3: active= 15.12%  msgs=551400      548 ns/msg
  dir 4: active= 17.14%  msgs=501642      684 ns/msg
  dir 5: active= 10.29%  msgs=370571      555 ns/msg
  dir 6: active= 11.56%  msgs=335471      689 ns/msg
  dir 7: active= 10.32%  msgs=373200      553 ns/msg
  dir 8: active= 11.60%  msgs=337121      688 ns/msg
  dir 9: active= 10.12%  msgs=365742      554 ns/msg
  dir 10: active= 11.53%  msgs=335491      687 ns/msg
  dir 11: active= 10.21%  msgs=367426      556 ns/msg
  dir 12: active= 11.59%  msgs=333209      695 ns/msg
  dir 13: active= 10.27%  msgs=370418      554 ns/msg
  dir 14: active= 11.72%  msgs=335892      698 ns/msg
  dir 15: active= 10.24%  msgs=367306      558 ns/msg
  AGGREGATE active = 195.57% (of 16 dir-threads; 12.22% per-thread avg)  msgs=6335746

----- REMOTE CPU LOAD (memory node dir-threads, 2s window) -----
  dir 0: active= 11.59%  msgs=334563      693 ns/msg
  dir 1: active= 15.14%  msgs=552152      548 ns/msg
  dir 2: active= 17.09%  msgs=500455      683 ns/msg
  dir 3: active= 15.07%  msgs=547397      551 ns/msg
  dir 4: active= 17.07%  msgs=499970      683 ns/msg
  dir 5: active= 10.19%  msgs=367860      554 ns/msg
  dir 6: active= 11.49%  msgs=334472      687 ns/msg
  dir 7: active= 10.32%  msgs=370826      557 ns/msg
  dir 8: active= 11.58%  msgs=335511      691 ns/msg
  dir 9: active= 10.19%  msgs=366172      557 ns/msg
  dir 10: active= 11.51%  msgs=334988      687 ns/msg
  dir 11: active= 10.25%  msgs=367243      559 ns/msg
  dir 12: active= 11.56%  msgs=331633      697 ns/msg
  dir 13: active= 10.25%  msgs=372299      551 ns/msg
  dir 14: active= 11.70%  msgs=335820      697 ns/msg
  dir 15: active= 10.25%  msgs=364043      563 ns/msg
  AGGREGATE active = 195.27% (of 16 dir-threads; 12.20% per-thread avg)  msgs=6315404

----- REMOTE CPU LOAD (memory node dir-threads, 2s window) -----
  dir 0: active= 11.69%  msgs=336714      695 ns/msg
  dir 1: active= 15.17%  msgs=552634      549 ns/msg
  dir 2: active= 17.13%  msgs=502597      682 ns/msg
  dir 3: active= 15.22%  msgs=552279      551 ns/msg
  dir 4: active= 17.13%  msgs=498703      687 ns/msg
  dir 5: active= 10.27%  msgs=369768      556 ns/msg
  dir 6: active= 11.58%  msgs=333931      694 ns/msg
  dir 7: active= 10.31%  msgs=373855      552 ns/msg
  dir 8: active= 11.56%  msgs=335904      688 ns/msg
  dir 9: active= 10.18%  msgs=365385      557 ns/msg
  dir 10: active= 11.61%  msgs=336291      690 ns/msg
  dir 11: active= 10.28%  msgs=368869      557 ns/msg
  dir 12: active= 11.57%  msgs=335943      689 ns/msg
  dir 13: active= 10.28%  msgs=368966      557 ns/msg
  dir 14: active= 11.68%  msgs=334695      698 ns/msg
  dir 15: active= 10.25%  msgs=366726      559 ns/msg
  AGGREGATE active = 195.92% (of 16 dir-threads; 12.24% per-thread avg)  msgs=6333260

----- REMOTE CPU LOAD (memory node dir-threads, 2s window) -----
  dir 0: active= 11.66%  msgs=335700      695 ns/msg
  dir 1: active= 15.14%  msgs=553138      547 ns/msg
  dir 2: active= 17.13%  msgs=501622      683 ns/msg
  dir 3: active= 15.15%  msgs=550365      551 ns/msg
  dir 4: active= 17.15%  msgs=500161      686 ns/msg
  dir 5: active= 10.27%  msgs=372624      551 ns/msg
  dir 6: active= 11.52%  msgs=334416      689 ns/msg
  dir 7: active= 10.29%  msgs=372886      552 ns/msg
  dir 8: active= 11.57%  msgs=335009      691 ns/msg
  dir 9: active= 10.18%  msgs=364550      559 ns/msg
  dir 10: active= 11.58%  msgs=335747      690 ns/msg
  dir 11: active= 10.22%  msgs=368602      554 ns/msg
  dir 12: active= 11.58%  msgs=332126      697 ns/msg
  dir 13: active= 10.32%  msgs=366768      563 ns/msg
  dir 14: active= 11.65%  msgs=335934      694 ns/msg
  dir 15: active= 10.22%  msgs=365633      559 ns/msg
  AGGREGATE active = 195.62% (of 16 dir-threads; 12.23% per-thread avg)  msgs=6325281

----- REMOTE CPU LOAD (memory node dir-threads, 2s window) -----
  dir 0: active= 11.64%  msgs=334188      697 ns/msg
  dir 1: active= 15.12%  msgs=554289      545 ns/msg
  dir 2: active= 17.17%  msgs=503361      682 ns/msg
  dir 3: active= 15.08%  msgs=551900      547 ns/msg
  dir 4: active= 17.10%  msgs=499999      684 ns/msg
  dir 5: active= 10.24%  msgs=368512      556 ns/msg
  dir 6: active= 11.56%  msgs=337649      685 ns/msg
  dir 7: active= 10.34%  msgs=371594      557 ns/msg
  dir 8: active= 11.60%  msgs=337018      688 ns/msg
  dir 9: active= 10.22%  msgs=364801      560 ns/msg
  dir 10: active= 11.57%  msgs=336801      687 ns/msg
  dir 11: active= 10.24%  msgs=368085      556 ns/msg
  dir 12: active= 11.60%  msgs=332950      697 ns/msg
  dir 13: active= 10.30%  msgs=371940      554 ns/msg
  dir 14: active= 11.73%  msgs=336647      697 ns/msg
  dir 15: active= 10.19%  msgs=367229      555 ns/msg
  AGGREGATE active = 195.69% (of 16 dir-threads; 12.23% per-thread avg)  msgs=6336963

----- REMOTE CPU LOAD (memory node dir-threads, 2s window) -----
  dir 0: active= 11.69%  msgs=336911      694 ns/msg
  dir 1: active= 15.19%  msgs=552557      550 ns/msg
  dir 2: active= 17.15%  msgs=501457      684 ns/msg
  dir 3: active= 15.13%  msgs=549437      551 ns/msg
  dir 4: active= 17.07%  msgs=499655      683 ns/msg
  dir 5: active= 10.30%  msgs=372067      554 ns/msg
  dir 6: active= 11.64%  msgs=337996      689 ns/msg
  dir 7: active= 10.34%  msgs=373662      553 ns/msg
  dir 8: active= 11.60%  msgs=336524      689 ns/msg
  dir 9: active= 10.16%  msgs=364752      557 ns/msg
  dir 10: active= 11.58%  msgs=336061      689 ns/msg
  dir 11: active= 10.23%  msgs=369010      554 ns/msg
  dir 12: active= 11.56%  msgs=332791      695 ns/msg
  dir 13: active= 10.28%  msgs=370950      554 ns/msg
  dir 14: active= 11.63%  msgs=334583      695 ns/msg
  dir 15: active= 10.19%  msgs=366607      556 ns/msg
  AGGREGATE active = 195.73% (of 16 dir-threads; 12.23% per-thread avg)  msgs=6335020

----- REMOTE CPU LOAD (memory node dir-threads, 2s window) -----
  dir 0: active= 11.59%  msgs=334329      693 ns/msg
  dir 1: active= 15.05%  msgs=550130      547 ns/msg
  dir 2: active= 17.10%  msgs=500591      683 ns/msg
  dir 3: active= 15.15%  msgs=549320      552 ns/msg
  dir 4: active= 17.09%  msgs=500567      683 ns/msg
  dir 5: active= 10.19%  msgs=368570      553 ns/msg
  dir 6: active= 11.58%  msgs=336378      689 ns/msg
  dir 7: active= 10.31%  msgs=371475      555 ns/msg
  dir 8: active= 11.52%  msgs=333798      690 ns/msg
  dir 9: active= 10.12%  msgs=362533      558 ns/msg
  dir 10: active= 11.51%  msgs=333937      689 ns/msg
  dir 11: active= 10.19%  msgs=367230      555 ns/msg
  dir 12: active= 11.54%  msgs=332239      695 ns/msg
  dir 13: active= 10.26%  msgs=369159      556 ns/msg
  dir 14: active= 11.72%  msgs=335964      698 ns/msg
  dir 15: active= 10.21%  msgs=365341      559 ns/msg
  AGGREGATE active = 195.12% (of 16 dir-threads; 12.19% per-thread avg)  msgs=6311561

----- REMOTE CPU LOAD (memory node dir-threads, 2s window) -----
  dir 0: active= 11.61%  msgs=335357      692 ns/msg
  dir 1: active= 15.14%  msgs=553051      547 ns/msg
  dir 2: active= 17.12%  msgs=503817      680 ns/msg
  dir 3: active= 15.10%  msgs=548745      550 ns/msg
  dir 4: active= 17.14%  msgs=500880      684 ns/msg
  dir 5: active= 10.12%  msgs=367538      551 ns/msg
  dir 6: active= 11.52%  msgs=335881      686 ns/msg
  dir 7: active= 10.35%  msgs=372654      555 ns/msg
  dir 8: active= 11.55%  msgs=336032      688 ns/msg
  dir 9: active= 10.11%  msgs=365780      553 ns/msg
  dir 10: active= 11.59%  msgs=335807      690 ns/msg
  dir 11: active= 10.24%  msgs=369331      554 ns/msg
  dir 12: active= 11.56%  msgs=334002      692 ns/msg
  dir 13: active= 10.30%  msgs=368627      559 ns/msg
  dir 14: active= 11.64%  msgs=334685      696 ns/msg
  dir 15: active= 10.18%  msgs=365429      557 ns/msg
  AGGREGATE active = 195.27% (of 16 dir-threads; 12.20% per-thread avg)  msgs=6327616

----- REMOTE CPU LOAD (memory node dir-threads, 2s window) -----
  dir 0: active= 11.65%  msgs=335189      695 ns/msg
  dir 1: active= 15.20%  msgs=552567      550 ns/msg
  dir 2: active= 17.08%  msgs=501532      681 ns/msg
  dir 3: active= 15.15%  msgs=549239      552 ns/msg
  dir 4: active= 17.06%  msgs=499178      683 ns/msg
  dir 5: active= 10.21%  msgs=371277      550 ns/msg
  dir 6: active= 11.53%  msgs=335608      687 ns/msg
  dir 7: active= 10.34%  msgs=370678      558 ns/msg
  dir 8: active= 11.59%  msgs=335538      691 ns/msg
  dir 9: active= 10.19%  msgs=367360      555 ns/msg
  dir 10: active= 11.56%  msgs=334695      691 ns/msg
  dir 11: active= 10.21%  msgs=367220      556 ns/msg
  dir 12: active= 11.58%  msgs=333963      693 ns/msg
  dir 13: active= 10.28%  msgs=370085      556 ns/msg
  dir 14: active= 11.66%  msgs=334602      697 ns/msg
  dir 15: active= 10.19%  msgs=364242      559 ns/msg
  AGGREGATE active = 195.48% (of 16 dir-threads; 12.22% per-thread avg)  msgs=6322973

----- REMOTE CPU LOAD (memory node dir-threads, 2s window) -----
  dir 0: active= 11.62%  msgs=335453      693 ns/msg
  dir 1: active= 15.16%  msgs=550697      551 ns/msg
  dir 2: active= 17.07%  msgs=499182      684 ns/msg
  dir 3: active= 15.06%  msgs=546464      551 ns/msg
  dir 4: active= 17.07%  msgs=498526      685 ns/msg
  dir 5: active= 10.22%  msgs=369680      553 ns/msg
  dir 6: active= 11.54%  msgs=335537      688 ns/msg
  dir 7: active= 10.33%  msgs=370428      558 ns/msg
  dir 8: active= 11.48%  msgs=332627      690 ns/msg
  dir 9: active= 10.21%  msgs=367418      556 ns/msg
  dir 10: active= 11.50%  msgs=336460      684 ns/msg
  dir 11: active= 10.26%  msgs=367287      559 ns/msg
  dir 12: active= 11.57%  msgs=333627      694 ns/msg
  dir 13: active= 10.30%  msgs=369438      558 ns/msg
  dir 14: active= 11.68%  msgs=335325      697 ns/msg
  dir 15: active= 10.19%  msgs=365567      558 ns/msg
  AGGREGATE active = 195.27% (of 16 dir-threads; 12.20% per-thread avg)  msgs=6313716

----- REMOTE CPU LOAD (memory node dir-threads, 2s window) -----
  dir 0: active= 11.63%  msgs=334526      695 ns/msg
  dir 1: active= 15.10%  msgs=551571      548 ns/msg
  dir 2: active= 17.03%  msgs=501839      679 ns/msg
  dir 3: active= 15.03%  msgs=547161      550 ns/msg
  dir 4: active= 17.00%  msgs=497146      684 ns/msg
  dir 5: active= 10.23%  msgs=369484      554 ns/msg
  dir 6: active= 11.53%  msgs=335473      687 ns/msg
  dir 7: active= 10.27%  msgs=371080      554 ns/msg
  dir 8: active= 11.53%  msgs=335759      687 ns/msg
  dir 9: active= 10.17%  msgs=364678      558 ns/msg
  dir 10: active= 11.59%  msgs=335839      690 ns/msg
  dir 11: active= 10.21%  msgs=368260      555 ns/msg
  dir 12: active= 11.59%  msgs=334597      693 ns/msg
  dir 13: active= 10.25%  msgs=365959      560 ns/msg
  dir 14: active= 11.66%  msgs=336234      694 ns/msg
  dir 15: active= 10.22%  msgs=367026      557 ns/msg
  AGGREGATE active = 195.04% (of 16 dir-threads; 12.19% per-thread avg)  msgs=6316632

----- REMOTE CPU LOAD (memory node dir-threads, 2s window) -----
  dir 0: active= 11.63%  msgs=334873      695 ns/msg
  dir 1: active= 15.06%  msgs=551729      546 ns/msg
  dir 2: active= 17.00%  msgs=499716      681 ns/msg
  dir 3: active= 15.04%  msgs=549671      548 ns/msg
  dir 4: active= 17.06%  msgs=499217      684 ns/msg
  dir 5: active= 10.16%  msgs=371335      547 ns/msg
  dir 6: active= 11.57%  msgs=337485      686 ns/msg
  dir 7: active= 10.23%  msgs=369871      554 ns/msg
  dir 8: active= 11.52%  msgs=333372      691 ns/msg
  dir 9: active= 10.14%  msgs=364092      558 ns/msg
  dir 10: active= 11.41%  msgs=333614      685 ns/msg
  dir 11: active= 10.20%  msgs=364994      559 ns/msg
  dir 12: active= 11.50%  msgs=334017      689 ns/msg
  dir 13: active= 10.27%  msgs=370169      555 ns/msg
  dir 14: active= 11.68%  msgs=335072      698 ns/msg
  dir 15: active= 10.17%  msgs=364169      559 ns/msg
  AGGREGATE active = 194.65% (of 16 dir-threads; 12.17% per-thread avg)  msgs=6313396

----- REMOTE CPU LOAD (memory node dir-threads, 2s window) -----
  dir 0: active= 11.62%  msgs=334984      694 ns/msg
  dir 1: active= 15.19%  msgs=552717      550 ns/msg
  dir 2: active= 17.04%  msgs=501499      680 ns/msg
  dir 3: active= 15.12%  msgs=548408      552 ns/msg
  dir 4: active= 17.06%  msgs=498176      685 ns/msg
  dir 5: active= 10.21%  msgs=370146      552 ns/msg
  dir 6: active= 11.51%  msgs=334182      689 ns/msg
  dir 7: active= 10.31%  msgs=370267      557 ns/msg
  dir 8: active= 11.50%  msgs=334271      688 ns/msg
  dir 9: active= 10.16%  msgs=365495      556 ns/msg
  dir 10: active= 11.49%  msgs=335302      685 ns/msg
  dir 11: active= 10.21%  msgs=366777      557 ns/msg
  dir 12: active= 11.53%  msgs=332988      692 ns/msg
  dir 13: active= 10.26%  msgs=371808      552 ns/msg
  dir 14: active= 11.67%  msgs=335349      696 ns/msg
  dir 15: active= 10.24%  msgs=364396      562 ns/msg
  AGGREGATE active = 195.11% (of 16 dir-threads; 12.19% per-thread avg)  msgs=6316765

----- REMOTE CPU LOAD (memory node dir-threads, 2s window) -----
  dir 0: active= 11.65%  msgs=333338      699 ns/msg
  dir 1: active= 15.08%  msgs=550031      548 ns/msg
  dir 2: active= 17.06%  msgs=500769      681 ns/msg
  dir 3: active= 15.08%  msgs=549702      549 ns/msg
  dir 4: active= 17.12%  msgs=496579      690 ns/msg
  dir 5: active= 10.25%  msgs=369632      554 ns/msg
  dir 6: active= 11.50%  msgs=334808      687 ns/msg
  dir 7: active= 10.36%  msgs=370553      559 ns/msg
  dir 8: active= 11.57%  msgs=335039      691 ns/msg
  dir 9: active= 10.26%  msgs=367154      559 ns/msg
  dir 10: active= 11.50%  msgs=337026      682 ns/msg
  dir 11: active= 10.27%  msgs=366206      561 ns/msg
  dir 12: active= 11.52%  msgs=331121      696 ns/msg
  dir 13: active= 10.29%  msgs=368733      558 ns/msg
  dir 14: active= 11.56%  msgs=331878      697 ns/msg
  dir 15: active= 10.27%  msgs=366750      560 ns/msg
  AGGREGATE active = 195.33% (of 16 dir-threads; 12.21% per-thread avg)  msgs=6309319

----- REMOTE CPU LOAD (memory node dir-threads, 2s window) -----
  dir 0: active= 11.60%  msgs=333409      696 ns/msg
  dir 1: active= 15.17%  msgs=552181      549 ns/msg
  dir 2: active= 17.09%  msgs=500946      682 ns/msg
  dir 3: active= 15.17%  msgs=550917      551 ns/msg
  dir 4: active= 17.02%  msgs=496709      685 ns/msg
  dir 5: active= 10.22%  msgs=371022      551 ns/msg
  dir 6: active= 11.48%  msgs=333850      688 ns/msg
  dir 7: active= 10.29%  msgs=370352      556 ns/msg
  dir 8: active= 11.56%  msgs=334435      691 ns/msg
  dir 9: active= 10.22%  msgs=365239      560 ns/msg
  dir 10: active= 11.53%  msgs=336076      686 ns/msg
  dir 11: active= 10.24%  msgs=367967      557 ns/msg
  dir 12: active= 11.49%  msgs=331869      692 ns/msg
  dir 13: active= 10.30%  msgs=368528      559 ns/msg
  dir 14: active= 11.67%  msgs=334389      698 ns/msg
  dir 15: active= 10.31%  msgs=367581      561 ns/msg
  AGGREGATE active = 195.36% (of 16 dir-threads; 12.21% per-thread avg)  msgs=6315470

----- REMOTE CPU LOAD (memory node dir-threads, 2s window) -----
  dir 0: active= 11.59%  msgs=333699      695 ns/msg
  dir 1: active= 15.21%  msgs=555844      547 ns/msg
  dir 2: active= 17.01%  msgs=500931      679 ns/msg
  dir 3: active= 15.15%  msgs=550224      551 ns/msg
  dir 4: active= 17.06%  msgs=496756      687 ns/msg
  dir 5: active= 10.23%  msgs=369440      554 ns/msg
  dir 6: active= 11.55%  msgs=335299      689 ns/msg
  dir 7: active= 10.31%  msgs=372412      554 ns/msg
  dir 8: active= 11.51%  msgs=335464      686 ns/msg
  dir 9: active= 10.26%  msgs=367633      558 ns/msg
  dir 10: active= 11.47%  msgs=334929      685 ns/msg
  dir 11: active= 10.24%  msgs=368856      555 ns/msg
  dir 12: active= 11.53%  msgs=332741      693 ns/msg
  dir 13: active= 10.35%  msgs=369232      560 ns/msg
  dir 14: active= 11.63%  msgs=335474      693 ns/msg
  dir 15: active= 10.21%  msgs=364276      560 ns/msg
  AGGREGATE active = 195.31% (of 16 dir-threads; 12.21% per-thread avg)  msgs=6323210

----- REMOTE CPU LOAD (memory node dir-threads, 2s window) -----
  dir 0: active= 11.59%  msgs=336339      689 ns/msg
  dir 1: active= 15.15%  msgs=552571      549 ns/msg
  dir 2: active= 17.01%  msgs=500751      679 ns/msg
  dir 3: active= 15.07%  msgs=550435      548 ns/msg
  dir 4: active= 17.10%  msgs=499627      685 ns/msg
  dir 5: active= 10.20%  msgs=369997      551 ns/msg
  dir 6: active= 11.55%  msgs=335981      688 ns/msg
  dir 7: active= 10.24%  msgs=370938      552 ns/msg
  dir 8: active= 11.55%  msgs=335673      688 ns/msg
  dir 9: active= 10.16%  msgs=364583      557 ns/msg
  dir 10: active= 11.51%  msgs=334362      688 ns/msg
  dir 11: active= 10.14%  msgs=368268      550 ns/msg
  dir 12: active= 11.59%  msgs=334900      692 ns/msg
  dir 13: active= 10.24%  msgs=367322      557 ns/msg
  dir 14: active= 11.64%  msgs=335323      694 ns/msg
  dir 15: active= 10.13%  msgs=362971      558 ns/msg
  AGGREGATE active = 194.86% (of 16 dir-threads; 12.18% per-thread avg)  msgs=6320041

----- REMOTE CPU LOAD (memory node dir-threads, 2s window) -----
  dir 0: active= 11.64%  msgs=335714      693 ns/msg
  dir 1: active= 15.16%  msgs=553317      548 ns/msg
  dir 2: active= 17.07%  msgs=502176      680 ns/msg
  dir 3: active= 15.13%  msgs=551674      549 ns/msg
  dir 4: active= 17.10%  msgs=499193      685 ns/msg
  dir 5: active= 10.24%  msgs=371145      552 ns/msg
  dir 6: active= 11.60%  msgs=338506      685 ns/msg
  dir 7: active= 10.21%  msgs=370650      551 ns/msg
  dir 8: active= 11.56%  msgs=335237      690 ns/msg
  dir 9: active= 10.18%  msgs=364468      558 ns/msg
  dir 10: active= 11.56%  msgs=337597      685 ns/msg
  dir 11: active= 10.27%  msgs=366690      560 ns/msg
  dir 12: active= 11.50%  msgs=332996      691 ns/msg
  dir 13: active= 10.25%  msgs=368270      557 ns/msg
  dir 14: active= 11.65%  msgs=334527      697 ns/msg
  dir 15: active= 10.18%  msgs=364171      559 ns/msg
  AGGREGATE active = 195.29% (of 16 dir-threads; 12.21% per-thread avg)  msgs=6326331

----- REMOTE CPU LOAD (memory node dir-threads, 2s window) -----
  dir 0: active= 11.57%  msgs=334207      693 ns/msg
  dir 1: active= 15.14%  msgs=553011      548 ns/msg
  dir 2: active= 17.05%  msgs=499936      682 ns/msg
  dir 3: active= 15.10%  msgs=548082      551 ns/msg
  dir 4: active= 17.10%  msgs=499176      685 ns/msg
  dir 5: active= 10.23%  msgs=369460      554 ns/msg
  dir 6: active= 11.54%  msgs=336446      686 ns/msg
  dir 7: active= 10.31%  msgs=373026      553 ns/msg
  dir 8: active= 11.55%  msgs=335115      690 ns/msg
  dir 9: active= 10.17%  msgs=364903      558 ns/msg
  dir 10: active= 11.51%  msgs=334921      687 ns/msg
  dir 11: active= 10.17%  msgs=366597      555 ns/msg
  dir 12: active= 11.56%  msgs=333488      693 ns/msg
  dir 13: active= 10.27%  msgs=367889      558 ns/msg
  dir 14: active= 11.67%  msgs=334498      698 ns/msg
  dir 15: active= 10.20%  msgs=365799      558 ns/msg
  AGGREGATE active = 195.15% (of 16 dir-threads; 12.20% per-thread avg)  msgs=6316554

----- REMOTE CPU LOAD (memory node dir-threads, 2s window) -----
  dir 0: active= 11.62%  msgs=336475      690 ns/msg
  dir 1: active= 15.19%  msgs=555364      547 ns/msg
  dir 2: active= 17.13%  msgs=503614      680 ns/msg
  dir 3: active= 15.15%  msgs=551523      549 ns/msg
  dir 4: active= 17.12%  msgs=500114      685 ns/msg
  dir 5: active= 10.23%  msgs=370943      552 ns/msg
  dir 6: active= 11.60%  msgs=337744      687 ns/msg
  dir 7: active= 10.28%  msgs=371345      553 ns/msg
  dir 8: active= 11.55%  msgs=335316      689 ns/msg
  dir 9: active= 10.15%  msgs=365961      555 ns/msg
  dir 10: active= 11.56%  msgs=336256      688 ns/msg
  dir 11: active= 10.19%  msgs=368059      554 ns/msg
  dir 12: active= 11.58%  msgs=334753      692 ns/msg
  dir 13: active= 10.29%  msgs=371501      554 ns/msg
  dir 14: active= 11.64%  msgs=335900      693 ns/msg
  dir 15: active= 10.20%  msgs=364910      559 ns/msg
  AGGREGATE active = 195.47% (of 16 dir-threads; 12.22% per-thread avg)  msgs=6339778

----- REMOTE CPU LOAD (memory node dir-threads, 2s window) -----
  dir 0: active= 11.68%  msgs=334706      698 ns/msg
  dir 1: active= 15.16%  msgs=554523      547 ns/msg
  dir 2: active= 17.12%  msgs=501482      683 ns/msg
  dir 3: active= 15.10%  msgs=551900      547 ns/msg
  dir 4: active= 17.11%  msgs=498348      687 ns/msg
  dir 5: active= 10.26%  msgs=369161      556 ns/msg
  dir 6: active= 11.57%  msgs=336201      689 ns/msg
  dir 7: active= 10.34%  msgs=372115      556 ns/msg
  dir 8: active= 11.52%  msgs=333285      691 ns/msg
  dir 9: active= 10.19%  msgs=365354      558 ns/msg
  dir 10: active= 11.51%  msgs=333703      690 ns/msg
  dir 11: active= 10.21%  msgs=366510      557 ns/msg
  dir 12: active= 11.55%  msgs=333681      692 ns/msg
  dir 13: active= 10.27%  msgs=369183      557 ns/msg
  dir 14: active= 11.67%  msgs=335883      695 ns/msg
  dir 15: active= 10.22%  msgs=365176      560 ns/msg
  AGGREGATE active = 195.47% (of 16 dir-threads; 12.22% per-thread avg)  msgs=6321211

----- REMOTE CPU LOAD (memory node dir-threads, 2s window) -----
  dir 0: active= 11.66%  msgs=335442      695 ns/msg
  dir 1: active= 15.07%  msgs=551922      546 ns/msg
  dir 2: active= 17.08%  msgs=502045      680 ns/msg
  dir 3: active= 15.11%  msgs=551990      547 ns/msg
  dir 4: active= 17.11%  msgs=499689      685 ns/msg
  dir 5: active= 10.26%  msgs=368177      557 ns/msg
  dir 6: active= 11.61%  msgs=338320      686 ns/msg
  dir 7: active= 10.31%  msgs=370055      557 ns/msg
  dir 8: active= 11.52%  msgs=333697      690 ns/msg
  dir 9: active= 10.20%  msgs=367992      555 ns/msg
  dir 10: active= 11.54%  msgs=336639      686 ns/msg
  dir 11: active= 10.20%  msgs=367654      555 ns/msg
  dir 12: active= 11.56%  msgs=334170      692 ns/msg
  dir 13: active= 10.25%  msgs=368398      556 ns/msg
  dir 14: active= 11.61%  msgs=335662      692 ns/msg
  dir 15: active= 10.16%  msgs=364115      558 ns/msg
  AGGREGATE active = 195.24% (of 16 dir-threads; 12.20% per-thread avg)  msgs=6325967

----- REMOTE CPU LOAD (memory node dir-threads, 2s window) -----
  dir 0: active= 11.70%  msgs=337220      694 ns/msg
  dir 1: active= 15.12%  msgs=553092      547 ns/msg
  dir 2: active= 17.10%  msgs=501017      682 ns/msg
  dir 3: active= 15.15%  msgs=549084      552 ns/msg
  dir 4: active= 17.07%  msgs=500012      683 ns/msg
  dir 5: active= 10.21%  msgs=368009      555 ns/msg
  dir 6: active= 11.59%  msgs=337997      686 ns/msg
  dir 7: active= 10.31%  msgs=373295      553 ns/msg
  dir 8: active= 11.52%  msgs=334258      689 ns/msg
  dir 9: active= 10.14%  msgs=364063      557 ns/msg
  dir 10: active= 11.49%  msgs=335323      685 ns/msg
  dir 11: active= 10.22%  msgs=367781      556 ns/msg
  dir 12: active= 11.54%  msgs=333976      691 ns/msg
  dir 13: active= 10.32%  msgs=372861      554 ns/msg
  dir 14: active= 11.67%  msgs=337509      692 ns/msg
  dir 15: active= 10.19%  msgs=366417      556 ns/msg
  AGGREGATE active = 195.34% (of 16 dir-threads; 12.21% per-thread avg)  msgs=6331914

----- REMOTE CPU LOAD (memory node dir-threads, 2s window) -----
  dir 0: active= 11.67%  msgs=334290      698 ns/msg
  dir 1: active= 15.14%  msgs=551187      549 ns/msg
  dir 2: active= 17.08%  msgs=500537      683 ns/msg
  dir 3: active= 15.11%  msgs=549748      550 ns/msg
  dir 4: active= 17.15%  msgs=498850      688 ns/msg
  dir 5: active= 10.18%  msgs=370130      550 ns/msg
  dir 6: active= 11.59%  msgs=336740      689 ns/msg
  dir 7: active= 10.32%  msgs=371965      555 ns/msg
  dir 8: active= 11.54%  msgs=335631      688 ns/msg
  dir 9: active= 10.14%  msgs=365329      555 ns/msg
  dir 10: active= 11.56%  msgs=335413      689 ns/msg
  dir 11: active= 10.23%  msgs=366909      558 ns/msg
  dir 12: active= 11.57%  msgs=333795      693 ns/msg
  dir 13: active= 10.32%  msgs=368587      560 ns/msg
  dir 14: active= 11.71%  msgs=336910      695 ns/msg
  dir 15: active= 10.28%  msgs=368681      558 ns/msg
  AGGREGATE active = 195.59% (of 16 dir-threads; 12.22% per-thread avg)  msgs=6324702

----- REMOTE CPU LOAD (memory node dir-threads, 2s window) -----
  dir 0: active= 11.60%  msgs=333841      695 ns/msg
  dir 1: active= 15.14%  msgs=552130      549 ns/msg
  dir 2: active= 17.09%  msgs=502555      680 ns/msg
  dir 3: active= 15.07%  msgs=547688      550 ns/msg
  dir 4: active= 17.12%  msgs=500449      684 ns/msg
  dir 5: active= 10.27%  msgs=369283      556 ns/msg
  dir 6: active= 11.53%  msgs=336196      686 ns/msg
  dir 7: active= 10.28%  msgs=369128      557 ns/msg
  dir 8: active= 11.55%  msgs=335423      689 ns/msg
  dir 9: active= 10.14%  msgs=364835      556 ns/msg
  dir 10: active= 11.55%  msgs=335310      689 ns/msg
  dir 11: active= 10.23%  msgs=367855      556 ns/msg
  dir 12: active= 11.56%  msgs=333713      693 ns/msg
  dir 13: active= 10.30%  msgs=370800      555 ns/msg
  dir 14: active= 11.69%  msgs=334908      698 ns/msg
  dir 15: active= 10.22%  msgs=365409      560 ns/msg
  AGGREGATE active = 195.34% (of 16 dir-threads; 12.21% per-thread avg)  msgs=6319523

----- REMOTE CPU LOAD (memory node dir-threads, 2s window) -----
  dir 0: active= 11.62%  msgs=337316      689 ns/msg
  dir 1: active= 15.18%  msgs=553350      549 ns/msg
  dir 2: active= 17.07%  msgs=499891      683 ns/msg
  dir 3: active= 15.09%  msgs=552316      547 ns/msg
  dir 4: active= 17.07%  msgs=499174      684 ns/msg
  dir 5: active= 10.26%  msgs=369345      556 ns/msg
  dir 6: active= 11.54%  msgs=336257      686 ns/msg
  dir 7: active= 10.29%  msgs=374081      550 ns/msg
  dir 8: active= 11.57%  msgs=336192      688 ns/msg
  dir 9: active= 10.18%  msgs=366587      556 ns/msg
  dir 10: active= 11.53%  msgs=336015      686 ns/msg
  dir 11: active= 10.23%  msgs=366456      558 ns/msg
  dir 12: active= 11.57%  msgs=333447      694 ns/msg
  dir 13: active= 10.33%  msgs=369744      559 ns/msg
  dir 14: active= 11.66%  msgs=336246      694 ns/msg
  dir 15: active= 10.17%  msgs=366879      554 ns/msg
  AGGREGATE active = 195.36% (of 16 dir-threads; 12.21% per-thread avg)  msgs=6333296

----- REMOTE CPU LOAD (memory node dir-threads, 2s window) -----
  dir 0: active= 11.59%  msgs=332373      697 ns/msg
  dir 1: active= 15.03%  msgs=552089      545 ns/msg
  dir 2: active= 17.00%  msgs=497710      683 ns/msg
  dir 3: active= 15.08%  msgs=549654      549 ns/msg
  dir 4: active= 17.06%  msgs=501832      680 ns/msg
  dir 5: active= 10.22%  msgs=367303      557 ns/msg
  dir 6: active= 11.53%  msgs=337064      684 ns/msg
  dir 7: active= 10.27%  msgs=370236      555 ns/msg
  dir 8: active= 11.46%  msgs=334697      685 ns/msg
  dir 9: active= 10.15%  msgs=364432      557 ns/msg
  dir 10: active= 11.52%  msgs=336444      685 ns/msg
  dir 11: active= 10.19%  msgs=368940      552 ns/msg
  dir 12: active= 11.58%  msgs=335230      691 ns/msg
  dir 13: active= 10.22%  msgs=368129      555 ns/msg
  dir 14: active= 11.62%  msgs=333621      697 ns/msg
  dir 15: active= 10.29%  msgs=365746      563 ns/msg
  AGGREGATE active = 194.82% (of 16 dir-threads; 12.18% per-thread avg)  msgs=6315500

----- REMOTE CPU LOAD (memory node dir-threads, 2s window) -----
  dir 0: active= 11.61%  msgs=333611      696 ns/msg
  dir 1: active= 15.08%  msgs=550494      548 ns/msg
  dir 2: active= 17.09%  msgs=501376      682 ns/msg
  dir 3: active= 15.12%  msgs=550252      550 ns/msg
  dir 4: active= 17.06%  msgs=497877      685 ns/msg
  dir 5: active= 10.22%  msgs=368604      555 ns/msg
  dir 6: active= 11.55%  msgs=335721      688 ns/msg
  dir 7: active= 10.28%  msgs=370567      555 ns/msg
  dir 8: active= 11.53%  msgs=334165      690 ns/msg
  dir 9: active= 10.14%  msgs=364705      556 ns/msg
  dir 10: active= 11.52%  msgs=336901      684 ns/msg
  dir 11: active= 10.19%  msgs=367156      555 ns/msg
  dir 12: active= 11.51%  msgs=332493      693 ns/msg
  dir 13: active= 10.24%  msgs=370391      553 ns/msg
  dir 14: active= 11.64%  msgs=336588      692 ns/msg
  dir 15: active= 10.19%  msgs=366717      556 ns/msg
  AGGREGATE active = 194.98% (of 16 dir-threads; 12.19% per-thread avg)  msgs=6317618

----- REMOTE CPU LOAD (memory node dir-threads, 2s window) -----
  dir 0: active= 11.61%  msgs=337165      689 ns/msg
  dir 1: active= 15.07%  msgs=551698      546 ns/msg
  dir 2: active= 17.05%  msgs=502566      679 ns/msg
  dir 3: active= 15.10%  msgs=547986      551 ns/msg
  dir 4: active= 17.11%  msgs=498534      687 ns/msg
  dir 5: active= 10.23%  msgs=370834      552 ns/msg
  dir 6: active= 11.52%  msgs=335909      686 ns/msg
  dir 7: active= 10.30%  msgs=371347      555 ns/msg
  dir 8: active= 11.53%  msgs=334086      690 ns/msg
  dir 9: active= 10.14%  msgs=365950      554 ns/msg
  dir 10: active= 11.54%  msgs=336845      685 ns/msg
  dir 11: active= 10.20%  msgs=366917      556 ns/msg
  dir 12: active= 11.52%  msgs=334989      688 ns/msg
  dir 13: active= 10.32%  msgs=368841      560 ns/msg
  dir 14: active= 11.67%  msgs=335688      696 ns/msg
  dir 15: active= 10.24%  msgs=365026      561 ns/msg
  AGGREGATE active = 195.16% (of 16 dir-threads; 12.20% per-thread avg)  msgs=6324381

----- REMOTE CPU LOAD (memory node dir-threads, 2s window) -----
  dir 0: active= 11.61%  msgs=334196      695 ns/msg
  dir 1: active= 15.13%  msgs=552317      548 ns/msg
  dir 2: active= 17.01%  msgs=499055      682 ns/msg
  dir 3: active= 15.08%  msgs=547043      552 ns/msg
  dir 4: active= 17.10%  msgs=499461      685 ns/msg
  dir 5: active= 10.20%  msgs=369551      552 ns/msg
  dir 6: active= 11.56%  msgs=335204      690 ns/msg
  dir 7: active= 10.33%  msgs=372668      555 ns/msg
  dir 8: active= 11.45%  msgs=334393      685 ns/msg
  dir 9: active= 10.17%  msgs=364647      558 ns/msg
  dir 10: active= 11.55%  msgs=335441      689 ns/msg
  dir 11: active= 10.20%  msgs=367833      555 ns/msg
  dir 12: active= 11.54%  msgs=332679      694 ns/msg
  dir 13: active= 10.29%  msgs=367164      560 ns/msg
  dir 14: active= 11.64%  msgs=333887      697 ns/msg
  dir 15: active= 10.24%  msgs=364124      563 ns/msg
  AGGREGATE active = 195.10% (of 16 dir-threads; 12.19% per-thread avg)  msgs=6309663

----- REMOTE CPU LOAD (memory node dir-threads, 2s window) -----
  dir 0: active= 11.59%  msgs=334953      692 ns/msg
  dir 1: active= 15.19%  msgs=552565      550 ns/msg
  dir 2: active= 17.09%  msgs=501694      681 ns/msg
  dir 3: active= 15.22%  msgs=551071      552 ns/msg
  dir 4: active= 17.15%  msgs=498106      689 ns/msg
  dir 5: active= 10.27%  msgs=368525      557 ns/msg
  dir 6: active= 11.57%  msgs=335173      691 ns/msg
  dir 7: active= 10.32%  msgs=371346      556 ns/msg
  dir 8: active= 11.58%  msgs=335195      691 ns/msg
  dir 9: active= 10.17%  msgs=369026      551 ns/msg
  dir 10: active= 11.53%  msgs=334855      688 ns/msg
  dir 11: active= 10.22%  msgs=365924      559 ns/msg
  dir 12: active= 11.50%  msgs=332533      692 ns/msg
  dir 13: active= 10.36%  msgs=372253      556 ns/msg
  dir 14: active= 11.67%  msgs=335822      695 ns/msg
  dir 15: active= 10.19%  msgs=362542      562 ns/msg
  AGGREGATE active = 195.62% (of 16 dir-threads; 12.23% per-thread avg)  msgs=6321583

----- REMOTE CPU LOAD (memory node dir-threads, 2s window) -----
  dir 0: active= 11.63%  msgs=334957      695 ns/msg
  dir 1: active= 15.20%  msgs=552845      550 ns/msg
  dir 2: active= 17.09%  msgs=502787      680 ns/msg
  dir 3: active= 15.09%  msgs=552113      547 ns/msg
  dir 4: active= 17.13%  msgs=498678      688 ns/msg
  dir 5: active= 10.26%  msgs=368765      557 ns/msg
  dir 6: active= 11.55%  msgs=335675      689 ns/msg
  dir 7: active= 10.27%  msgs=372257      552 ns/msg
  dir 8: active= 11.55%  msgs=335739      688 ns/msg
  dir 9: active= 10.22%  msgs=365799      559 ns/msg
  dir 10: active= 11.50%  msgs=335062      687 ns/msg
  dir 11: active= 10.18%  msgs=367534      554 ns/msg
  dir 12: active= 11.62%  msgs=334176      696 ns/msg
  dir 13: active= 10.25%  msgs=369601      555 ns/msg
  dir 14: active= 11.65%  msgs=334038      698 ns/msg
  dir 15: active= 10.22%  msgs=367315      557 ns/msg
  AGGREGATE active = 195.41% (of 16 dir-threads; 12.21% per-thread avg)  msgs=6327341

----- REMOTE CPU LOAD (memory node dir-threads, 2s window) -----
  dir 0: active= 11.57%  msgs=332259      697 ns/msg
  dir 1: active= 15.10%  msgs=549367      550 ns/msg
  dir 2: active= 17.11%  msgs=501578      682 ns/msg
  dir 3: active= 15.03%  msgs=549648      547 ns/msg
  dir 4: active= 17.16%  msgs=501147      685 ns/msg
  dir 5: active= 10.16%  msgs=368463      552 ns/msg
  dir 6: active= 11.58%  msgs=334343      693 ns/msg
  dir 7: active= 10.26%  msgs=369617      555 ns/msg
  dir 8: active= 11.52%  msgs=334806      688 ns/msg
  dir 9: active= 10.16%  msgs=363862      559 ns/msg
  dir 10: active= 11.53%  msgs=335036      688 ns/msg
  dir 11: active= 10.23%  msgs=365856      559 ns/msg
  dir 12: active= 11.56%  msgs=333265      694 ns/msg
  dir 13: active= 10.25%  msgs=367682      557 ns/msg
  dir 14: active= 11.66%  msgs=336141      694 ns/msg
  dir 15: active= 10.18%  msgs=365783      557 ns/msg
  AGGREGATE active = 195.06% (of 16 dir-threads; 12.19% per-thread avg)  msgs=6308853

----- REMOTE CPU LOAD (memory node dir-threads, 2s window) -----
  dir 0: active= 11.65%  msgs=334928      696 ns/msg
  dir 1: active= 15.10%  msgs=552357      547 ns/msg
  dir 2: active= 17.07%  msgs=500597      682 ns/msg
  dir 3: active= 15.17%  msgs=549939      552 ns/msg
  dir 4: active= 17.20%  msgs=501797      686 ns/msg
  dir 5: active= 10.31%  msgs=369859      558 ns/msg
  dir 6: active= 11.60%  msgs=337971      686 ns/msg
  dir 7: active= 10.40%  msgs=371499      560 ns/msg
  dir 8: active= 11.57%  msgs=335493      690 ns/msg
  dir 9: active= 10.21%  msgs=364225      561 ns/msg
  dir 10: active= 11.54%  msgs=335295      688 ns/msg
  dir 11: active= 10.26%  msgs=368360      557 ns/msg
  dir 12: active= 11.62%  msgs=334308      695 ns/msg
  dir 13: active= 10.27%  msgs=368324      558 ns/msg
  dir 14: active= 11.65%  msgs=332869      700 ns/msg
  dir 15: active= 10.24%  msgs=365493      560 ns/msg
  AGGREGATE active = 195.86% (of 16 dir-threads; 12.24% per-thread avg)  msgs=6323314

----- REMOTE CPU LOAD (memory node dir-threads, 2s window) -----
  dir 0: active= 11.67%  msgs=334534      698 ns/msg
  dir 1: active= 15.09%  msgs=552561      546 ns/msg
  dir 2: active= 17.06%  msgs=500907      681 ns/msg
  dir 3: active= 15.13%  msgs=551921      548 ns/msg
  dir 4: active= 17.06%  msgs=498480      684 ns/msg
  dir 5: active= 10.23%  msgs=368633      555 ns/msg
  dir 6: active= 11.59%  msgs=337177      687 ns/msg
  dir 7: active= 10.33%  msgs=371274      556 ns/msg
  dir 8: active= 11.57%  msgs=334543      692 ns/msg
  dir 9: active= 10.22%  msgs=365313      559 ns/msg
  dir 10: active= 11.55%  msgs=334008      691 ns/msg
  dir 11: active= 10.23%  msgs=366508      558 ns/msg
  dir 12: active= 11.55%  msgs=332781      694 ns/msg
  dir 13: active= 10.30%  msgs=371504      555 ns/msg
  dir 14: active= 11.70%  msgs=337781      693 ns/msg
  dir 15: active= 10.28%  msgs=365174      563 ns/msg
  AGGREGATE active = 195.54% (of 16 dir-threads; 12.22% per-thread avg)  msgs=6323099

----- REMOTE CPU LOAD (memory node dir-threads, 2s window) -----
  dir 0: active= 11.61%  msgs=335256      692 ns/msg
  dir 1: active= 15.07%  msgs=551324      547 ns/msg
  dir 2: active= 17.06%  msgs=500360      682 ns/msg
  dir 3: active= 15.12%  msgs=550383      549 ns/msg
  dir 4: active= 17.14%  msgs=500423      685 ns/msg
  dir 5: active= 10.27%  msgs=369667      556 ns/msg
  dir 6: active= 11.56%  msgs=335215      690 ns/msg
  dir 7: active= 10.32%  msgs=372492      554 ns/msg
  dir 8: active= 11.56%  msgs=335758      689 ns/msg
  dir 9: active= 10.18%  msgs=365467      557 ns/msg
  dir 10: active= 11.57%  msgs=336871      687 ns/msg
  dir 11: active= 10.20%  msgs=367780      555 ns/msg
  dir 12: active= 11.60%  msgs=335300      692 ns/msg
  dir 13: active= 10.31%  msgs=370354      557 ns/msg
  dir 14: active= 11.68%  msgs=335356      697 ns/msg
  dir 15: active= 10.22%  msgs=366727      557 ns/msg
  AGGREGATE active = 195.45% (of 16 dir-threads; 12.22% per-thread avg)  msgs=6328733

----- REMOTE CPU LOAD (memory node dir-threads, 2s window) -----
  dir 0: active= 11.73%  msgs=336028      698 ns/msg
  dir 1: active= 15.21%  msgs=552067      551 ns/msg
  dir 2: active= 17.02%  msgs=501556      679 ns/msg
  dir 3: active= 15.17%  msgs=552290      549 ns/msg
  dir 4: active= 17.18%  msgs=501444      685 ns/msg
  dir 5: active= 10.26%  msgs=367911      558 ns/msg
  dir 6: active= 11.60%  msgs=335615      691 ns/msg
  dir 7: active= 10.35%  msgs=372850      555 ns/msg
  dir 8: active= 11.58%  msgs=334836      692 ns/msg
  dir 9: active= 10.17%  msgs=365141      557 ns/msg
  dir 10: active= 11.49%  msgs=334276      687 ns/msg
  dir 11: active= 10.23%  msgs=368258      555 ns/msg
  dir 12: active= 11.54%  msgs=332913      693 ns/msg
  dir 13: active= 10.31%  msgs=369497      558 ns/msg
  dir 14: active= 11.64%  msgs=333395      698 ns/msg
  dir 15: active= 10.29%  msgs=364612      565 ns/msg
  AGGREGATE active = 195.77% (of 16 dir-threads; 12.24% per-thread avg)  msgs=6322689

----- REMOTE CPU LOAD (memory node dir-threads, 2s window) -----
  dir 0: active= 11.53%  msgs=333894      691 ns/msg
  dir 1: active= 15.13%  msgs=550601      549 ns/msg
  dir 2: active= 17.10%  msgs=503825      679 ns/msg
  dir 3: active= 15.08%  msgs=548808      550 ns/msg
  dir 4: active= 17.13%  msgs=498569      687 ns/msg
  dir 5: active= 10.22%  msgs=369387      554 ns/msg
  dir 6: active= 11.60%  msgs=338029      687 ns/msg
  dir 7: active= 10.29%  msgs=368993      558 ns/msg
  dir 8: active= 11.51%  msgs=334082      689 ns/msg
  dir 9: active= 10.21%  msgs=366467      557 ns/msg
  dir 10: active= 11.51%  msgs=335328      686 ns/msg
  dir 11: active= 10.23%  msgs=365733      559 ns/msg
  dir 12: active= 11.54%  msgs=334029      691 ns/msg
  dir 13: active= 10.31%  msgs=370647      557 ns/msg
  dir 14: active= 11.62%  msgs=335682      693 ns/msg
  dir 15: active= 10.22%  msgs=366728      557 ns/msg
  AGGREGATE active = 195.24% (of 16 dir-threads; 12.20% per-thread avg)  msgs=6320802

----- REMOTE CPU LOAD (memory node dir-threads, 2s window) -----
  dir 0: active= 11.63%  msgs=336262      692 ns/msg
  dir 1: active= 15.23%  msgs=553335      551 ns/msg
  dir 2: active= 17.05%  msgs=501762      680 ns/msg
  dir 3: active= 15.17%  msgs=549368      552 ns/msg
  dir 4: active= 17.08%  msgs=497313      687 ns/msg
  dir 5: active= 10.28%  msgs=370071      556 ns/msg
  dir 6: active= 11.62%  msgs=337915      688 ns/msg
  dir 7: active= 10.32%  msgs=372568      554 ns/msg
  dir 8: active= 11.53%  msgs=334797      689 ns/msg
  dir 9: active= 10.24%  msgs=365661      560 ns/msg
  dir 10: active= 11.55%  msgs=336130      687 ns/msg
  dir 11: active= 10.29%  msgs=366431      561 ns/msg
  dir 12: active= 11.58%  msgs=333205      695 ns/msg
  dir 13: active= 10.27%  msgs=368594      557 ns/msg
  dir 14: active= 11.65%  msgs=335857      694 ns/msg
  dir 15: active= 10.25%  msgs=366292      560 ns/msg
  AGGREGATE active = 195.75% (of 16 dir-threads; 12.23% per-thread avg)  msgs=6325561

----- REMOTE CPU LOAD (memory node dir-threads, 2s window) -----
  dir 0: active= 11.68%  msgs=335687      696 ns/msg
  dir 1: active= 15.10%  msgs=554287      545 ns/msg
  dir 2: active= 17.06%  msgs=502424      679 ns/msg
  dir 3: active= 15.06%  msgs=549624      548 ns/msg
  dir 4: active= 17.14%  msgs=498651      688 ns/msg
  dir 5: active= 10.25%  msgs=370501      554 ns/msg
  dir 6: active= 11.57%  msgs=335218      690 ns/msg
  dir 7: active= 10.33%  msgs=371144      556 ns/msg
  dir 8: active= 11.58%  msgs=333200      695 ns/msg
  dir 9: active= 10.15%  msgs=365703      555 ns/msg
  dir 10: active= 11.57%  msgs=335582      690 ns/msg
  dir 11: active= 10.23%  msgs=369331      554 ns/msg
  dir 12: active= 11.60%  msgs=333048      697 ns/msg
  dir 13: active= 10.28%  msgs=370029      556 ns/msg
  dir 14: active= 11.71%  msgs=334760      700 ns/msg
  dir 15: active= 10.23%  msgs=366012      559 ns/msg
  AGGREGATE active = 195.54% (of 16 dir-threads; 12.22% per-thread avg)  msgs=6325201

----- REMOTE CPU LOAD (memory node dir-threads, 2s window) -----
  dir 0: active= 11.64%  msgs=334120      697 ns/msg
  dir 1: active= 15.11%  msgs=553885      546 ns/msg
  dir 2: active= 17.12%  msgs=501775      682 ns/msg
  dir 3: active= 15.11%  msgs=552069      547 ns/msg
  dir 4: active= 17.11%  msgs=499863      685 ns/msg
  dir 5: active= 10.27%  msgs=369770      555 ns/msg
  dir 6: active= 11.56%  msgs=335967      688 ns/msg
  dir 7: active= 10.25%  msgs=370741      553 ns/msg
  dir 8: active= 11.59%  msgs=333939      694 ns/msg
  dir 9: active= 10.19%  msgs=365154      558 ns/msg
  dir 10: active= 11.52%  msgs=334904      688 ns/msg
  dir 11: active= 10.27%  msgs=367509      559 ns/msg
  dir 12: active= 11.59%  msgs=333192      696 ns/msg
  dir 13: active= 10.25%  msgs=369986      554 ns/msg
  dir 14: active= 11.66%  msgs=335041      696 ns/msg
  dir 15: active= 10.24%  msgs=366185      559 ns/msg
  AGGREGATE active = 195.48% (of 16 dir-threads; 12.22% per-thread avg)  msgs=6324100

----- REMOTE CPU LOAD (memory node dir-threads, 2s window) -----
  dir 0: active= 11.61%  msgs=334278      695 ns/msg
  dir 1: active= 15.17%  msgs=551471      550 ns/msg
  dir 2: active= 17.12%  msgs=501764      682 ns/msg
  dir 3: active= 15.05%  msgs=549866      548 ns/msg
  dir 4: active= 17.09%  msgs=498957      685 ns/msg
  dir 5: active= 10.25%  msgs=370108      554 ns/msg
  dir 6: active= 11.56%  msgs=335593      689 ns/msg
  dir 7: active= 10.28%  msgs=371557      554 ns/msg
  dir 8: active= 11.58%  msgs=336229      689 ns/msg
  dir 9: active= 10.13%  msgs=365196      555 ns/msg
  dir 10: active= 11.57%  msgs=337175      686 ns/msg
  dir 11: active= 10.27%  msgs=369391      556 ns/msg
  dir 12: active= 11.58%  msgs=333673      694 ns/msg
  dir 13: active= 10.23%  msgs=367388      557 ns/msg
  dir 14: active= 11.71%  msgs=335841      697 ns/msg
  dir 15: active= 10.22%  msgs=367103      557 ns/msg
  AGGREGATE active = 195.43% (of 16 dir-threads; 12.21% per-thread avg)  msgs=6325590

----- REMOTE CPU LOAD (memory node dir-threads, 2s window) -----
  dir 0: active= 11.57%  msgs=333407      694 ns/msg
  dir 1: active= 15.08%  msgs=551059      547 ns/msg
  dir 2: active= 17.04%  msgs=502143      679 ns/msg
  dir 3: active= 15.12%  msgs=551043      549 ns/msg
  dir 4: active= 17.10%  msgs=499276      685 ns/msg
  dir 5: active= 10.18%  msgs=367014      555 ns/msg
  dir 6: active= 11.53%  msgs=335157      688 ns/msg
  dir 7: active= 10.22%  msgs=368939      554 ns/msg
  dir 8: active= 11.52%  msgs=334744      688 ns/msg
  dir 9: active= 10.19%  msgs=365257      558 ns/msg
  dir 10: active= 11.55%  msgs=334715      690 ns/msg
  dir 11: active= 10.23%  msgs=366846      558 ns/msg
  dir 12: active= 11.61%  msgs=334499      694 ns/msg
  dir 13: active= 10.29%  msgs=369147      558 ns/msg
  dir 14: active= 11.65%  msgs=334611      696 ns/msg
  dir 15: active= 10.14%  msgs=365259      555 ns/msg
  AGGREGATE active = 195.02% (of 16 dir-threads; 12.19% per-thread avg)  msgs=6313116

----- REMOTE CPU LOAD (memory node dir-threads, 2s window) -----
  dir 0: active= 11.59%  msgs=332730      697 ns/msg
  dir 1: active= 15.00%  msgs=551855      544 ns/msg
  dir 2: active= 17.06%  msgs=500916      681 ns/msg
  dir 3: active= 15.03%  msgs=551629      545 ns/msg
  dir 4: active= 17.11%  msgs=497521      688 ns/msg
  dir 5: active= 10.17%  msgs=372731      546 ns/msg
  dir 6: active= 11.53%  msgs=335163      688 ns/msg
  dir 7: active= 10.27%  msgs=372441      551 ns/msg
  dir 8: active= 11.56%  msgs=334493      691 ns/msg
  dir 9: active= 10.07%  msgs=363227      555 ns/msg
  dir 10: active= 11.55%  msgs=335975      688 ns/msg
  dir 11: active= 10.20%  msgs=368643      553 ns/msg
  dir 12: active= 11.57%  msgs=334181      692 ns/msg
  dir 13: active= 10.23%  msgs=367203      557 ns/msg
  dir 14: active= 11.62%  msgs=334804      694 ns/msg
  dir 15: active= 10.16%  msgs=365285      556 ns/msg
  AGGREGATE active = 194.72% (of 16 dir-threads; 12.17% per-thread avg)  msgs=6318797

----- REMOTE CPU LOAD (memory node dir-threads, 2s window) -----
  dir 0: active= 11.60%  msgs=334417      694 ns/msg
  dir 1: active= 15.07%  msgs=552789      545 ns/msg
  dir 2: active= 17.07%  msgs=503089      679 ns/msg
  dir 3: active= 15.03%  msgs=552089      544 ns/msg
  dir 4: active= 17.04%  msgs=499865      682 ns/msg
  dir 5: active= 10.23%  msgs=370707      552 ns/msg
  dir 6: active= 11.54%  msgs=335962      687 ns/msg
  dir 7: active= 10.20%  msgs=370570      551 ns/msg
  dir 8: active= 11.59%  msgs=335981      690 ns/msg
  dir 9: active= 10.14%  msgs=366327      554 ns/msg
  dir 10: active= 11.47%  msgs=332372      690 ns/msg
  dir 11: active= 10.24%  msgs=368238      556 ns/msg
  dir 12: active= 11.58%  msgs=333871      694 ns/msg
  dir 13: active= 10.28%  msgs=371881      553 ns/msg
  dir 14: active= 11.62%  msgs=335745      692 ns/msg
  dir 15: active= 10.17%  msgs=367153      554 ns/msg
  AGGREGATE active = 194.88% (of 16 dir-threads; 12.18% per-thread avg)  msgs=6331056

----- REMOTE CPU LOAD (memory node dir-threads, 2s window) -----
  dir 0: active= 11.56%  msgs=333829      692 ns/msg
  dir 1: active= 15.13%  msgs=551578      549 ns/msg
  dir 2: active= 17.10%  msgs=502331      681 ns/msg
  dir 3: active= 15.19%  msgs=551224      551 ns/msg
  dir 4: active= 17.10%  msgs=499951      684 ns/msg
  dir 5: active= 10.27%  msgs=367657      559 ns/msg
  dir 6: active= 11.50%  msgs=336722      683 ns/msg
  dir 7: active= 10.31%  msgs=372077      554 ns/msg
  dir 8: active= 11.60%  msgs=334608      693 ns/msg
  dir 9: active= 10.22%  msgs=367017      557 ns/msg
  dir 10: active= 11.56%  msgs=337067      686 ns/msg
  dir 11: active= 10.25%  msgs=369542      555 ns/msg
  dir 12: active= 11.53%  msgs=333121      692 ns/msg
  dir 13: active= 10.32%  msgs=371056      556 ns/msg
  dir 14: active= 11.59%  msgs=334650      693 ns/msg
  dir 15: active= 10.20%  msgs=367445      555 ns/msg
  AGGREGATE active = 195.43% (of 16 dir-threads; 12.21% per-thread avg)  msgs=6329875

----- REMOTE CPU LOAD (memory node dir-threads, 2s window) -----
  dir 0: active= 11.63%  msgs=334699      695 ns/msg
  dir 1: active= 15.13%  msgs=552713      547 ns/msg
  dir 2: active= 17.06%  msgs=501962      680 ns/msg
  dir 3: active= 15.01%  msgs=548642      547 ns/msg
  dir 4: active= 17.10%  msgs=499196      685 ns/msg
  dir 5: active= 10.24%  msgs=370532      553 ns/msg
  dir 6: active= 11.54%  msgs=336281      686 ns/msg
  dir 7: active= 10.24%  msgs=369338      554 ns/msg
  dir 8: active= 11.53%  msgs=334799      689 ns/msg
  dir 9: active= 10.18%  msgs=366280      556 ns/msg
  dir 10: active= 11.52%  msgs=336511      685 ns/msg
  dir 11: active= 10.19%  msgs=368624      553 ns/msg
  dir 12: active= 11.52%  msgs=332899      692 ns/msg
  dir 13: active= 10.26%  msgs=369053      556 ns/msg
  dir 14: active= 11.63%  msgs=334049      696 ns/msg
  dir 15: active= 10.14%  msgs=366600      553 ns/msg
  AGGREGATE active = 194.91% (of 16 dir-threads; 12.18% per-thread avg)  msgs=6322178

----- REMOTE CPU LOAD (memory node dir-threads, 2s window) -----
  dir 0: active= 11.60%  msgs=334131      694 ns/msg
  dir 1: active= 15.04%  msgs=553679      543 ns/msg
  dir 2: active= 16.94%  msgs=497576      681 ns/msg
  dir 3: active= 15.03%  msgs=550736      546 ns/msg
  dir 4: active= 17.03%  msgs=497535      685 ns/msg
  dir 5: active= 10.18%  msgs=368782      552 ns/msg
  dir 6: active= 11.49%  msgs=333222      690 ns/msg
  dir 7: active= 10.28%  msgs=370194      556 ns/msg
  dir 8: active= 11.52%  msgs=334335      689 ns/msg
  dir 9: active= 10.19%  msgs=367765      554 ns/msg
  dir 10: active= 11.51%  msgs=335143      687 ns/msg
  dir 11: active= 10.17%  msgs=366076      556 ns/msg
  dir 12: active= 11.55%  msgs=333313      693 ns/msg
  dir 13: active= 10.23%  msgs=370971      552 ns/msg
  dir 14: active= 11.60%  msgs=334345      694 ns/msg
  dir 15: active= 10.20%  msgs=365115      559 ns/msg
  AGGREGATE active = 194.56% (of 16 dir-threads; 12.16% per-thread avg)  msgs=6312918

----- REMOTE CPU LOAD (memory node dir-threads, 2s window) -----
  dir 0: active= 11.55%  msgs=332899      694 ns/msg
  dir 1: active= 15.15%  msgs=554191      547 ns/msg
  dir 2: active= 17.07%  msgs=503553      678 ns/msg
  dir 3: active= 15.15%  msgs=548620      552 ns/msg
  dir 4: active= 17.12%  msgs=498972      686 ns/msg
  dir 5: active= 10.25%  msgs=370391      553 ns/msg
  dir 6: active= 11.50%  msgs=334209      688 ns/msg
  dir 7: active= 10.35%  msgs=371130      558 ns/msg
  dir 8: active= 11.58%  msgs=333562      694 ns/msg
  dir 9: active= 10.16%  msgs=366228      555 ns/msg
  dir 10: active= 11.52%  msgs=336466      685 ns/msg
  dir 11: active= 10.25%  msgs=368486      557 ns/msg
  dir 12: active= 11.58%  msgs=332264      697 ns/msg
  dir 13: active= 10.27%  msgs=367867      559 ns/msg
  dir 14: active= 11.64%  msgs=335006      695 ns/msg
  dir 15: active= 10.25%  msgs=366941      559 ns/msg
  AGGREGATE active = 195.38% (of 16 dir-threads; 12.21% per-thread avg)  msgs=6320785

----- REMOTE CPU LOAD (memory node dir-threads, 2s window) -----
  dir 0: active= 11.59%  msgs=335240      692 ns/msg
  dir 1: active= 15.10%  msgs=553457      546 ns/msg
  dir 2: active= 17.09%  msgs=505671      676 ns/msg
  dir 3: active= 15.17%  msgs=551290      550 ns/msg
  dir 4: active= 17.15%  msgs=503221      682 ns/msg
  dir 5: active= 10.25%  msgs=370693      553 ns/msg
  dir 6: active= 11.56%  msgs=337188      686 ns/msg
  dir 7: active= 10.29%  msgs=371929      553 ns/msg
  dir 8: active= 11.61%  msgs=334680      694 ns/msg
  dir 9: active= 10.18%  msgs=365919      557 ns/msg
  dir 10: active= 11.55%  msgs=336035      687 ns/msg
  dir 11: active= 10.23%  msgs=366582      558 ns/msg
  dir 12: active= 11.58%  msgs=334759      692 ns/msg
  dir 13: active= 10.25%  msgs=369673      555 ns/msg
  dir 14: active= 11.66%  msgs=336398      693 ns/msg
  dir 15: active= 10.25%  msgs=367756      557 ns/msg
  AGGREGATE active = 195.50% (of 16 dir-threads; 12.22% per-thread avg)  msgs=6340491

----- REMOTE CPU LOAD (memory node dir-threads, 2s window) -----
  dir 0: active= 11.60%  msgs=334383      694 ns/msg
  dir 1: active= 15.12%  msgs=553754      546 ns/msg
  dir 2: active= 17.05%  msgs=502328      679 ns/msg
  dir 3: active= 15.15%  msgs=552700      548 ns/msg
  dir 4: active= 17.12%  msgs=499128      686 ns/msg
  dir 5: active= 10.20%  msgs=370569      551 ns/msg
  dir 6: active= 11.55%  msgs=335547      689 ns/msg
  dir 7: active= 10.24%  msgs=371117      552 ns/msg
  dir 8: active= 11.54%  msgs=336818      685 ns/msg
  dir 9: active= 10.14%  msgs=366164      554 ns/msg
  dir 10: active= 11.53%  msgs=337514      683 ns/msg
  dir 11: active= 10.21%  msgs=367850      555 ns/msg
  dir 12: active= 11.56%  msgs=333286      694 ns/msg
  dir 13: active= 10.27%  msgs=370429      555 ns/msg
  dir 14: active= 11.62%  msgs=333187      697 ns/msg
  dir 15: active= 10.19%  msgs=365008      558 ns/msg
  AGGREGATE active = 195.10% (of 16 dir-threads; 12.19% per-thread avg)  msgs=6329782

----- REMOTE CPU LOAD (memory node dir-threads, 2s window) -----
  dir 0: active= 11.65%  msgs=337207      691 ns/msg
  dir 1: active= 15.17%  msgs=551967      550 ns/msg
  dir 2: active= 17.01%  msgs=499252      681 ns/msg
  dir 3: active= 15.16%  msgs=550423      551 ns/msg
  dir 4: active= 17.05%  msgs=499600      682 ns/msg
  dir 5: active= 10.20%  msgs=368683      554 ns/msg
  dir 6: active= 11.52%  msgs=336452      685 ns/msg
  dir 7: active= 10.31%  msgs=371645      555 ns/msg
  dir 8: active= 11.61%  msgs=337692      687 ns/msg
  dir 9: active= 10.12%  msgs=363796      557 ns/msg
  dir 10: active= 11.53%  msgs=332889      693 ns/msg
  dir 11: active= 10.24%  msgs=368981      555 ns/msg
  dir 12: active= 11.60%  msgs=333025      697 ns/msg
  dir 13: active= 10.27%  msgs=367831      558 ns/msg
  dir 14: active= 11.69%  msgs=335221      697 ns/msg
  dir 15: active= 10.19%  msgs=366421      556 ns/msg
  AGGREGATE active = 195.31% (of 16 dir-threads; 12.21% per-thread avg)  msgs=6321085

----- REMOTE CPU LOAD (memory node dir-threads, 2s window) -----
  dir 0: active= 11.58%  msgs=335030      691 ns/msg
  dir 1: active= 15.10%  msgs=552370      547 ns/msg
  dir 2: active= 17.05%  msgs=500638      681 ns/msg
  dir 3: active= 15.13%  msgs=548888      551 ns/msg
  dir 4: active= 17.04%  msgs=496120      687 ns/msg
  dir 5: active= 10.19%  msgs=369249      552 ns/msg
  dir 6: active= 11.54%  msgs=337153      685 ns/msg
  dir 7: active= 10.25%  msgs=371056      553 ns/msg
  dir 8: active= 11.53%  msgs=334079      690 ns/msg
  dir 9: active= 10.17%  msgs=366298      555 ns/msg
  dir 10: active= 11.54%  msgs=334819      689 ns/msg
  dir 11: active= 10.20%  msgs=368588      553 ns/msg
  dir 12: active= 11.63%  msgs=330689      703 ns/msg
  dir 13: active= 10.26%  msgs=367488      559 ns/msg
  dir 14: active= 11.60%  msgs=332778      697 ns/msg
  dir 15: active= 10.18%  msgs=364076      559 ns/msg
  AGGREGATE active = 194.99% (of 16 dir-threads; 12.19% per-thread avg)  msgs=6309319

----- REMOTE CPU LOAD (memory node dir-threads, 2s window) -----
  dir 0: active= 11.67%  msgs=335602      696 ns/msg
  dir 1: active= 15.17%  msgs=553346      548 ns/msg
  dir 2: active= 17.07%  msgs=500300      683 ns/msg
  dir 3: active= 15.21%  msgs=550664      553 ns/msg
  dir 4: active= 17.13%  msgs=501437      684 ns/msg
  dir 5: active= 10.31%  msgs=372063      554 ns/msg
  dir 6: active= 11.58%  msgs=337693      686 ns/msg
  dir 7: active= 10.31%  msgs=371136      556 ns/msg
  dir 8: active= 11.64%  msgs=335200      695 ns/msg
  dir 9: active= 10.20%  msgs=365783      558 ns/msg
  dir 10: active= 11.53%  msgs=334773      689 ns/msg
  dir 11: active= 10.25%  msgs=367968      558 ns/msg
  dir 12: active= 11.62%  msgs=334390      695 ns/msg
  dir 13: active= 10.28%  msgs=368913      557 ns/msg
  dir 14: active= 11.66%  msgs=335615      695 ns/msg
  dir 15: active= 10.25%  msgs=364705      562 ns/msg
  AGGREGATE active = 195.86% (of 16 dir-threads; 12.24% per-thread avg)  msgs=6329588

----- REMOTE CPU LOAD (memory node dir-threads, 2s window) -----
  dir 0: active= 11.66%  msgs=336139      694 ns/msg
  dir 1: active= 15.15%  msgs=555163      546 ns/msg
  dir 2: active= 17.10%  msgs=503600      679 ns/msg
  dir 3: active= 15.11%  msgs=548093      551 ns/msg
  dir 4: active= 17.10%  msgs=502090      681 ns/msg
  dir 5: active= 10.20%  msgs=370125      551 ns/msg
  dir 6: active= 11.54%  msgs=336057      687 ns/msg
  dir 7: active= 10.29%  msgs=372281      553 ns/msg
  dir 8: active= 11.60%  msgs=334996      693 ns/msg
  dir 9: active= 10.18%  msgs=366181      556 ns/msg
  dir 10: active= 11.54%  msgs=335146      689 ns/msg
  dir 11: active= 10.26%  msgs=367668      558 ns/msg
  dir 12: active= 11.57%  msgs=333032      695 ns/msg
  dir 13: active= 10.24%  msgs=371818      551 ns/msg
  dir 14: active= 11.63%  msgs=335583      693 ns/msg
  dir 15: active= 10.15%  msgs=366122      555 ns/msg
  AGGREGATE active = 195.29% (of 16 dir-threads; 12.21% per-thread avg)  msgs=6334094

----- REMOTE CPU LOAD (memory node dir-threads, 2s window) -----
  dir 0: active= 11.60%  msgs=335257      692 ns/msg
  dir 1: active= 15.20%  msgs=554076      549 ns/msg
  dir 2: active= 17.15%  msgs=503827      681 ns/msg
  dir 3: active= 15.01%  msgs=551349      545 ns/msg
  dir 4: active= 17.11%  msgs=501710      682 ns/msg
  dir 5: active= 10.19%  msgs=371588      548 ns/msg
  dir 6: active= 11.56%  msgs=336891      686 ns/msg
  dir 7: active= 10.29%  msgs=372952      552 ns/msg
  dir 8: active= 11.58%  msgs=336105      689 ns/msg
  dir 9: active= 10.17%  msgs=367921      553 ns/msg
  dir 10: active= 11.50%  msgs=335834      685 ns/msg
  dir 11: active= 10.22%  msgs=368538      555 ns/msg
  dir 12: active= 11.55%  msgs=334405      691 ns/msg
  dir 13: active= 10.25%  msgs=368409      556 ns/msg
  dir 14: active= 11.66%  msgs=336469      693 ns/msg
  dir 15: active= 10.15%  msgs=367292      553 ns/msg
  AGGREGATE active = 195.19% (of 16 dir-threads; 12.20% per-thread avg)  msgs=6342623

----- REMOTE CPU LOAD (memory node dir-threads, 2s window) -----
  dir 0: active= 11.66%  msgs=336793      692 ns/msg
  dir 1: active= 15.12%  msgs=550615      549 ns/msg
  dir 2: active= 17.11%  msgs=506652      676 ns/msg
  dir 3: active= 15.11%  msgs=549794      550 ns/msg
  dir 4: active= 17.15%  msgs=500503      686 ns/msg
  dir 5: active= 10.19%  msgs=371321      549 ns/msg
  dir 6: active= 11.51%  msgs=336709      684 ns/msg
  dir 7: active= 10.24%  msgs=370630      553 ns/msg
  dir 8: active= 11.55%  msgs=335654      688 ns/msg
  dir 9: active= 10.17%  msgs=364204      558 ns/msg
  dir 10: active= 11.54%  msgs=335996      687 ns/msg
  dir 11: active= 10.26%  msgs=368948      556 ns/msg
  dir 12: active= 11.55%  msgs=332361      695 ns/msg
  dir 13: active= 10.26%  msgs=368757      556 ns/msg
  dir 14: active= 11.68%  msgs=336355      695 ns/msg
  dir 15: active= 10.22%  msgs=366601      558 ns/msg
  AGGREGATE active = 195.33% (of 16 dir-threads; 12.21% per-thread avg)  msgs=6331893

----- REMOTE CPU LOAD (memory node dir-threads, 2s window) -----
  dir 0: active= 11.58%  msgs=336018      689 ns/msg
  dir 1: active= 15.11%  msgs=553420      546 ns/msg
  dir 2: active= 17.00%  msgs=501133      678 ns/msg
  dir 3: active= 15.04%  msgs=551000      546 ns/msg
  dir 4: active= 16.99%  msgs=499072      681 ns/msg
  dir 5: active= 10.17%  msgs=369327      551 ns/msg
  dir 6: active= 11.52%  msgs=338480      681 ns/msg
  dir 7: active= 10.21%  msgs=368790      553 ns/msg
  dir 8: active= 11.53%  msgs=333487      692 ns/msg
  dir 9: active= 10.12%  msgs=366646      552 ns/msg
  dir 10: active= 11.53%  msgs=333973      691 ns/msg
  dir 11: active= 10.23%  msgs=367320      557 ns/msg
  dir 12: active= 11.54%  msgs=333959      691 ns/msg
  dir 13: active= 10.27%  msgs=370641      554 ns/msg
  dir 14: active= 11.64%  msgs=337101      691 ns/msg
  dir 15: active= 10.11%  msgs=366444      552 ns/msg
  AGGREGATE active = 194.59% (of 16 dir-threads; 12.16% per-thread avg)  msgs=6326811

----- REMOTE CPU LOAD (memory node dir-threads, 2s window) -----
  dir 0: active= 11.61%  msgs=334615      694 ns/msg
  dir 1: active= 15.04%  msgs=549902      547 ns/msg
  dir 2: active= 17.03%  msgs=499218      682 ns/msg
  dir 3: active= 15.20%  msgs=554173      549 ns/msg
  dir 4: active= 17.07%  msgs=499216      684 ns/msg
  dir 5: active= 10.29%  msgs=370794      555 ns/msg
  dir 6: active= 11.51%  msgs=335850      685 ns/msg
  dir 7: active= 10.30%  msgs=372011      554 ns/msg
  dir 8: active= 11.52%  msgs=334870      688 ns/msg
  dir 9: active= 10.23%  msgs=366040      559 ns/msg
  dir 10: active= 11.55%  msgs=336600      686 ns/msg
  dir 11: active= 10.19%  msgs=367766      554 ns/msg
  dir 12: active= 11.54%  msgs=332167      695 ns/msg
  dir 13: active= 10.27%  msgs=368408      557 ns/msg
  dir 14: active= 11.60%  msgs=334064      694 ns/msg
  dir 15: active= 10.21%  msgs=364155      561 ns/msg
  AGGREGATE active = 195.17% (of 16 dir-threads; 12.20% per-thread avg)  msgs=6319849

----- REMOTE CPU LOAD (memory node dir-threads, 2s window) -----
  dir 0: active= 11.63%  msgs=334781      695 ns/msg
  dir 1: active= 15.11%  msgs=553291      546 ns/msg
  dir 2: active= 17.08%  msgs=501726      681 ns/msg
  dir 3: active= 15.08%  msgs=550823      548 ns/msg
  dir 4: active= 17.05%  msgs=499444      683 ns/msg
  dir 5: active= 10.23%  msgs=369353      554 ns/msg
  dir 6: active= 11.56%  msgs=335094      690 ns/msg
  dir 7: active= 10.31%  msgs=374118      551 ns/msg
  dir 8: active= 11.53%  msgs=333827      691 ns/msg
  dir 9: active= 10.17%  msgs=366416      555 ns/msg
  dir 10: active= 11.56%  msgs=336674      687 ns/msg
  dir 11: active= 10.23%  msgs=367480      557 ns/msg
  dir 12: active= 11.54%  msgs=334868      689 ns/msg
  dir 13: active= 10.28%  msgs=368914      557 ns/msg
  dir 14: active= 11.68%  msgs=337530      692 ns/msg
  dir 15: active= 10.22%  msgs=365951      558 ns/msg
  AGGREGATE active = 195.24% (of 16 dir-threads; 12.20% per-thread avg)  msgs=6330290

----- REMOTE CPU LOAD (memory node dir-threads, 2s window) -----
  dir 0: active= 11.60%  msgs=334963      693 ns/msg
  dir 1: active= 15.10%  msgs=551615      547 ns/msg
  dir 2: active= 17.08%  msgs=502130      680 ns/msg
  dir 3: active= 15.08%  msgs=549622      549 ns/msg
  dir 4: active= 17.12%  msgs=500350      684 ns/msg
  dir 5: active= 10.18%  msgs=370188      550 ns/msg
  dir 6: active= 11.55%  msgs=334931      690 ns/msg
  dir 7: active= 10.28%  msgs=370220      555 ns/msg
  dir 8: active= 11.62%  msgs=334359      695 ns/msg
  dir 9: active= 10.16%  msgs=365467      556 ns/msg
  dir 10: active= 11.47%  msgs=335628      684 ns/msg
  dir 11: active= 10.29%  msgs=367443      560 ns/msg
  dir 12: active= 11.51%  msgs=332561      692 ns/msg
  dir 13: active= 10.34%  msgs=369543      559 ns/msg
  dir 14: active= 11.65%  msgs=335992      694 ns/msg
  dir 15: active= 10.20%  msgs=367014      556 ns/msg
  AGGREGATE active = 195.22% (of 16 dir-threads; 12.20% per-thread avg)  msgs=6322026

----- REMOTE CPU LOAD (memory node dir-threads, 2s window) -----
  dir 0: active= 11.58%  msgs=333407      695 ns/msg
  dir 1: active= 15.10%  msgs=552147      547 ns/msg
  dir 2: active= 17.02%  msgs=502769      677 ns/msg
  dir 3: active= 15.13%  msgs=550111      550 ns/msg
  dir 4: active= 17.05%  msgs=498290      685 ns/msg
  dir 5: active= 10.18%  msgs=368244      553 ns/msg
  dir 6: active= 11.53%  msgs=334536      689 ns/msg
  dir 7: active= 10.25%  msgs=372175      551 ns/msg
  dir 8: active= 11.62%  msgs=335962      692 ns/msg
  dir 9: active= 10.16%  msgs=365888      556 ns/msg
  dir 10: active= 11.48%  msgs=334826      686 ns/msg
  dir 11: active= 10.23%  msgs=367913      556 ns/msg
  dir 12: active= 11.53%  msgs=332843      693 ns/msg
  dir 13: active= 10.24%  msgs=370792      553 ns/msg
  dir 14: active= 11.64%  msgs=334210      697 ns/msg
  dir 15: active= 10.19%  msgs=366994      555 ns/msg
  AGGREGATE active = 194.94% (of 16 dir-threads; 12.18% per-thread avg)  msgs=6321107

----- REMOTE CPU LOAD (memory node dir-threads, 2s window) -----
  dir 0: active= 11.57%  msgs=334111      693 ns/msg
  dir 1: active= 15.04%  msgs=552401      544 ns/msg
  dir 2: active= 17.03%  msgs=500707      680 ns/msg
  dir 3: active= 15.06%  msgs=549929      548 ns/msg
  dir 4: active= 17.06%  msgs=498049      685 ns/msg
  dir 5: active= 10.15%  msgs=368154      552 ns/msg
  dir 6: active= 11.53%  msgs=338843      681 ns/msg
  dir 7: active= 10.24%  msgs=370061      553 ns/msg
  dir 8: active= 11.53%  msgs=335968      687 ns/msg
  dir 9: active= 10.16%  msgs=363521      559 ns/msg
  dir 10: active= 11.48%  msgs=335660      684 ns/msg
  dir 11: active= 10.21%  msgs=368228      555 ns/msg
  dir 12: active= 11.56%  msgs=333173      694 ns/msg
  dir 13: active= 10.24%  msgs=368793      555 ns/msg
  dir 14: active= 11.62%  msgs=334112      695 ns/msg
  dir 15: active= 10.20%  msgs=365685      558 ns/msg
  AGGREGATE active = 194.67% (of 16 dir-threads; 12.17% per-thread avg)  msgs=6317395

----- REMOTE CPU LOAD (memory node dir-threads, 2s window) -----
  dir 0: active= 11.64%  msgs=334164      697 ns/msg
  dir 1: active= 15.07%  msgs=552306      546 ns/msg
  dir 2: active= 17.14%  msgs=504182      680 ns/msg
  dir 3: active= 15.01%  msgs=549685      546 ns/msg
  dir 4: active= 17.07%  msgs=498620      685 ns/msg
  dir 5: active= 10.16%  msgs=369206      551 ns/msg
  dir 6: active= 11.52%  msgs=334977      688 ns/msg
  dir 7: active= 10.22%  msgs=369085      554 ns/msg
  dir 8: active= 11.57%  msgs=336869      687 ns/msg
  dir 9: active= 10.14%  msgs=366381      554 ns/msg
  dir 10: active= 11.53%  msgs=336272      686 ns/msg
  dir 11: active= 10.25%  msgs=368615      556 ns/msg
  dir 12: active= 11.54%  msgs=335271      689 ns/msg
  dir 13: active= 10.20%  msgs=367727      555 ns/msg
  dir 14: active= 11.62%  msgs=334461      695 ns/msg
  dir 15: active= 10.18%  msgs=366583      556 ns/msg
  AGGREGATE active = 194.88% (of 16 dir-threads; 12.18% per-thread avg)  msgs=6324404

----- REMOTE CPU LOAD (memory node dir-threads, 2s window) -----
  dir 0: active= 11.70%  msgs=337360      694 ns/msg
  dir 1: active= 15.18%  msgs=554253      548 ns/msg
  dir 2: active= 17.07%  msgs=503785      678 ns/msg
  dir 3: active= 15.15%  msgs=550637      550 ns/msg
  dir 4: active= 17.08%  msgs=500390      683 ns/msg
  dir 5: active= 10.24%  msgs=370238      553 ns/msg
  dir 6: active= 11.55%  msgs=335923      688 ns/msg
  dir 7: active= 10.30%  msgs=369612      557 ns/msg
  dir 8: active= 11.64%  msgs=338834      687 ns/msg
  dir 9: active= 10.21%  msgs=366959      556 ns/msg
  dir 10: active= 11.52%  msgs=336370      685 ns/msg
  dir 11: active= 10.24%  msgs=369801      554 ns/msg
  dir 12: active= 11.57%  msgs=333817      693 ns/msg
  dir 13: active= 10.26%  msgs=370138      555 ns/msg
  dir 14: active= 11.70%  msgs=337508      693 ns/msg
  dir 15: active= 10.23%  msgs=366456      559 ns/msg
  AGGREGATE active = 195.65% (of 16 dir-threads; 12.23% per-thread avg)  msgs=6342081

----- REMOTE CPU LOAD (memory node dir-threads, 2s window) -----
  dir 0: active= 11.61%  msgs=334794      694 ns/msg
  dir 1: active= 15.07%  msgs=552542      545 ns/msg
  dir 2: active= 17.13%  msgs=504172      680 ns/msg
  dir 3: active= 15.09%  msgs=548333      550 ns/msg
  dir 4: active= 17.07%  msgs=498385      685 ns/msg
  dir 5: active= 10.18%  msgs=370565      549 ns/msg
  dir 6: active= 11.48%  msgs=335292      685 ns/msg
  dir 7: active= 10.26%  msgs=371130      553 ns/msg
  dir 8: active= 11.51%  msgs=333947      690 ns/msg
  dir 9: active= 10.12%  msgs=366781      552 ns/msg
  dir 10: active= 11.44%  msgs=334307      684 ns/msg
  dir 11: active= 10.24%  msgs=368055      557 ns/msg
  dir 12: active= 11.48%  msgs=331192      693 ns/msg
  dir 13: active= 10.27%  msgs=368887      557 ns/msg
  dir 14: active= 11.63%  msgs=334541      695 ns/msg
  dir 15: active= 10.14%  msgs=364656      556 ns/msg
  AGGREGATE active = 194.73% (of 16 dir-threads; 12.17% per-thread avg)  msgs=6317579

----- REMOTE CPU LOAD (memory node dir-threads, 2s window) -----
  dir 0: active= 11.61%  msgs=333593      696 ns/msg
  dir 1: active= 15.14%  msgs=552714      548 ns/msg
  dir 2: active= 17.10%  msgs=501277      682 ns/msg
  dir 3: active= 15.12%  msgs=549239      551 ns/msg
  dir 4: active= 17.01%  msgs=499563      681 ns/msg
  dir 5: active= 10.17%  msgs=371561      547 ns/msg
  dir 6: active= 11.58%  msgs=336048      689 ns/msg
  dir 7: active= 10.39%  msgs=372575      558 ns/msg
  dir 8: active= 11.56%  msgs=335647      689 ns/msg
  dir 9: active= 10.19%  msgs=367364      555 ns/msg
  dir 10: active= 11.51%  msgs=333758      690 ns/msg
  dir 11: active= 10.22%  msgs=366346      558 ns/msg
  dir 12: active= 11.52%  msgs=333173      692 ns/msg
  dir 13: active= 10.32%  msgs=369410      559 ns/msg
  dir 14: active= 11.63%  msgs=336761      691 ns/msg
  dir 15: active= 10.15%  msgs=367266      553 ns/msg
  AGGREGATE active = 195.23% (of 16 dir-threads; 12.20% per-thread avg)  msgs=6326295

----- REMOTE CPU LOAD (memory node dir-threads, 2s window) -----
  dir 0: active= 11.62%  msgs=335316      693 ns/msg
  dir 1: active= 15.11%  msgs=553143      546 ns/msg
  dir 2: active= 17.07%  msgs=501796      680 ns/msg
  dir 3: active= 15.08%  msgs=551772      547 ns/msg
  dir 4: active= 17.12%  msgs=501222      683 ns/msg
  dir 5: active= 10.20%  msgs=368620      554 ns/msg
  dir 6: active= 11.57%  msgs=337274      686 ns/msg
  dir 7: active= 10.25%  msgs=371708      552 ns/msg
  dir 8: active= 11.58%  msgs=335530      690 ns/msg
  dir 9: active= 10.13%  msgs=366064      554 ns/msg
  dir 10: active= 11.56%  msgs=334943      690 ns/msg
  dir 11: active= 10.17%  msgs=369203      551 ns/msg
  dir 12: active= 11.52%  msgs=333550      691 ns/msg
  dir 13: active= 10.26%  msgs=370272      554 ns/msg
  dir 14: active= 11.66%  msgs=336835      693 ns/msg
  dir 15: active= 10.14%  msgs=366313      554 ns/msg
  AGGREGATE active = 195.06% (of 16 dir-threads; 12.19% per-thread avg)  msgs=6333561

----- REMOTE CPU LOAD (memory node dir-threads, 2s window) -----
  dir 0: active= 11.57%  msgs=334973      691 ns/msg
  dir 1: active= 15.15%  msgs=553055      548 ns/msg
  dir 2: active= 17.01%  msgs=500048      680 ns/msg
  dir 3: active= 15.01%  msgs=549248      547 ns/msg
  dir 4: active= 17.03%  msgs=496363      686 ns/msg
  dir 5: active= 10.15%  msgs=370163      549 ns/msg
  dir 6: active= 11.58%  msgs=336376      689 ns/msg
  dir 7: active= 10.22%  msgs=371713      550 ns/msg
  dir 8: active= 11.54%  msgs=335207      689 ns/msg
  dir 9: active= 10.10%  msgs=366343      551 ns/msg
  dir 10: active= 11.55%  msgs=335929      688 ns/msg
  dir 11: active= 10.19%  msgs=366213      556 ns/msg
  dir 12: active= 11.54%  msgs=333592      692 ns/msg
  dir 13: active= 10.19%  msgs=367817      554 ns/msg
  dir 14: active= 11.59%  msgs=332729      697 ns/msg
  dir 15: active= 10.17%  msgs=365822      556 ns/msg
  AGGREGATE active = 194.60% (of 16 dir-threads; 12.16% per-thread avg)  msgs=6315591

----- REMOTE CPU LOAD (memory node dir-threads, 2s window) -----
  dir 0: active= 11.58%  msgs=333879      694 ns/msg
  dir 1: active= 15.07%  msgs=553980      544 ns/msg
  dir 2: active= 17.07%  msgs=499370      684 ns/msg
  dir 3: active= 15.05%  msgs=549396      548 ns/msg
  dir 4: active= 17.07%  msgs=500864      682 ns/msg
  dir 5: active= 10.23%  msgs=372368      549 ns/msg
  dir 6: active= 11.54%  msgs=335103      689 ns/msg
  dir 7: active= 10.28%  msgs=371245      554 ns/msg
  dir 8: active= 11.51%  msgs=333203      691 ns/msg
  dir 9: active= 10.14%  msgs=363995      557 ns/msg
  dir 10: active= 11.49%  msgs=335698      685 ns/msg
  dir 11: active= 10.18%  msgs=366222      556 ns/msg
  dir 12: active= 11.56%  msgs=334097      692 ns/msg
  dir 13: active= 10.21%  msgs=370175      552 ns/msg
  dir 14: active= 11.64%  msgs=335045      695 ns/msg
  dir 15: active= 10.21%  msgs=366228      558 ns/msg
  AGGREGATE active = 194.84% (of 16 dir-threads; 12.18% per-thread avg)  msgs=6320868

----- REMOTE CPU LOAD (memory node dir-threads, 2s window) -----
  dir 0: active= 11.64%  msgs=333869      697 ns/msg
  dir 1: active= 15.19%  msgs=552322      550 ns/msg
  dir 2: active= 17.07%  msgs=501567      681 ns/msg
  dir 3: active= 15.06%  msgs=547606      550 ns/msg
  dir 4: active= 17.04%  msgs=497432      685 ns/msg
  dir 5: active= 10.17%  msgs=370698      549 ns/msg
  dir 6: active= 11.55%  msgs=334891      690 ns/msg
  dir 7: active= 10.30%  msgs=371545      555 ns/msg
  dir 8: active= 11.54%  msgs=335587      688 ns/msg
  dir 9: active= 10.13%  msgs=364178      556 ns/msg
  dir 10: active= 11.48%  msgs=333949      688 ns/msg
  dir 11: active= 10.25%  msgs=367320      558 ns/msg
  dir 12: active= 11.59%  msgs=332525      697 ns/msg
  dir 13: active= 10.23%  msgs=370146      553 ns/msg
  dir 14: active= 11.65%  msgs=334986      696 ns/msg
  dir 15: active= 10.20%  msgs=365127      559 ns/msg
  AGGREGATE active = 195.10% (of 16 dir-threads; 12.19% per-thread avg)  msgs=6313748

----- REMOTE CPU LOAD (memory node dir-threads, 2s window) -----
  dir 0: active= 11.55%  msgs=335301      689 ns/msg
  dir 1: active= 15.07%  msgs=554030      544 ns/msg
  dir 2: active= 17.07%  msgs=501797      680 ns/msg
  dir 3: active= 15.05%  msgs=547076      550 ns/msg
  dir 4: active= 17.12%  msgs=499892      685 ns/msg
  dir 5: active= 10.21%  msgs=367133      556 ns/msg
  dir 6: active= 11.60%  msgs=336545      689 ns/msg
  dir 7: active= 10.26%  msgs=371160      553 ns/msg
  dir 8: active= 11.53%  msgs=335985      686 ns/msg
  dir 9: active= 10.10%  msgs=367714      549 ns/msg
  dir 10: active= 11.45%  msgs=333967      686 ns/msg
  dir 11: active= 10.22%  msgs=369376      554 ns/msg
  dir 12: active= 11.62%  msgs=334747      695 ns/msg
  dir 13: active= 10.25%  msgs=370076      554 ns/msg
  dir 14: active= 11.67%  msgs=335221      697 ns/msg
  dir 15: active= 10.18%  msgs=367377      554 ns/msg
  AGGREGATE active = 194.96% (of 16 dir-threads; 12.19% per-thread avg)  msgs=6327397

----- REMOTE CPU LOAD (memory node dir-threads, 2s window) -----
  dir 0: active= 11.60%  msgs=332877      697 ns/msg
  dir 1: active= 15.10%  msgs=552103      547 ns/msg
  dir 2: active= 17.09%  msgs=500581      683 ns/msg
  dir 3: active= 15.01%  msgs=550742      545 ns/msg
  dir 4: active= 17.10%  msgs=498765      686 ns/msg
  dir 5: active= 10.16%  msgs=369333      550 ns/msg
  dir 6: active= 11.55%  msgs=335725      688 ns/msg
  dir 7: active= 10.25%  msgs=371021      553 ns/msg
  dir 8: active= 11.55%  msgs=337618      684 ns/msg
  dir 9: active= 10.12%  msgs=364742      555 ns/msg
  dir 10: active= 11.54%  msgs=337762      683 ns/msg
  dir 11: active= 10.23%  msgs=370759      552 ns/msg
  dir 12: active= 11.55%  msgs=333447      693 ns/msg
  dir 13: active= 10.31%  msgs=368441      560 ns/msg
  dir 14: active= 11.65%  msgs=335182      695 ns/msg
  dir 15: active= 10.22%  msgs=364466      561 ns/msg
  AGGREGATE active = 195.02% (of 16 dir-threads; 12.19% per-thread avg)  msgs=6323564

----- REMOTE CPU LOAD (memory node dir-threads, 2s window) -----
  dir 0: active= 11.55%  msgs=333395      693 ns/msg
  dir 1: active= 15.16%  msgs=554634      547 ns/msg
  dir 2: active= 17.00%  msgs=502012      677 ns/msg
  dir 3: active= 15.08%  msgs=553264      545 ns/msg
  dir 4: active= 17.04%  msgs=498323      684 ns/msg
  dir 5: active= 10.23%  msgs=370880      552 ns/msg
  dir 6: active= 11.55%  msgs=334703      690 ns/msg
  dir 7: active= 10.23%  msgs=368497      555 ns/msg
  dir 8: active= 11.56%  msgs=336859      686 ns/msg
  dir 9: active= 10.21%  msgs=367091      556 ns/msg
  dir 10: active= 11.49%  msgs=333402      689 ns/msg
  dir 11: active= 10.20%  msgs=366687      556 ns/msg
  dir 12: active= 11.49%  msgs=330944      694 ns/msg
  dir 13: active= 10.29%  msgs=369376      557 ns/msg
  dir 14: active= 11.63%  msgs=335979      693 ns/msg
  dir 15: active= 10.19%  msgs=365206      558 ns/msg
  AGGREGATE active = 194.91% (of 16 dir-threads; 12.18% per-thread avg)  msgs=6321252

----- REMOTE CPU LOAD (memory node dir-threads, 2s window) -----
  dir 0: active= 11.54%  msgs=332587      694 ns/msg
  dir 1: active= 15.18%  msgs=550873      551 ns/msg
  dir 2: active= 17.03%  msgs=500049      681 ns/msg
  dir 3: active= 15.11%  msgs=550470      549 ns/msg
  dir 4: active= 17.10%  msgs=499446      685 ns/msg
  dir 5: active= 10.27%  msgs=369026      557 ns/msg
  dir 6: active= 11.55%  msgs=334399      691 ns/msg
  dir 7: active= 10.26%  msgs=369669      555 ns/msg
  dir 8: active= 11.53%  msgs=334768      689 ns/msg
  dir 9: active= 10.15%  msgs=367279      553 ns/msg
  dir 10: active= 11.57%  msgs=334310      692 ns/msg
  dir 11: active= 10.22%  msgs=367879      555 ns/msg
  dir 12: active= 11.55%  msgs=335161      689 ns/msg
  dir 13: active= 10.25%  msgs=370078      554 ns/msg
  dir 14: active= 11.62%  msgs=335335      693 ns/msg
  dir 15: active= 10.17%  msgs=364404      558 ns/msg
  AGGREGATE active = 195.10% (of 16 dir-threads; 12.19% per-thread avg)  msgs=6315733

----- REMOTE CPU LOAD (memory node dir-threads, 2s window) -----
  dir 0: active= 11.65%  msgs=335605      694 ns/msg
  dir 1: active= 15.17%  msgs=553486      548 ns/msg
  dir 2: active= 17.05%  msgs=502478      678 ns/msg
  dir 3: active= 15.07%  msgs=549927      548 ns/msg
  dir 4: active= 17.08%  msgs=499756      684 ns/msg
  dir 5: active= 10.25%  msgs=370613      553 ns/msg
  dir 6: active= 11.56%  msgs=337282      685 ns/msg
  dir 7: active= 10.29%  msgs=371531      554 ns/msg
  dir 8: active= 11.53%  msgs=335793      687 ns/msg
  dir 9: active= 10.19%  msgs=366395      556 ns/msg
  dir 10: active= 11.51%  msgs=333973      689 ns/msg
  dir 11: active= 10.24%  msgs=367509      557 ns/msg
  dir 12: active= 11.53%  msgs=331837      695 ns/msg
  dir 13: active= 10.22%  msgs=368532      555 ns/msg
  dir 14: active= 11.66%  msgs=336436      693 ns/msg
  dir 15: active= 10.21%  msgs=366289      558 ns/msg
  AGGREGATE active = 195.19% (of 16 dir-threads; 12.20% per-thread avg)  msgs=6327442

----- REMOTE CPU LOAD (memory node dir-threads, 2s window) -----
  dir 0: active= 11.63%  msgs=334788      695 ns/msg
  dir 1: active= 15.18%  msgs=554982      547 ns/msg
  dir 2: active= 17.01%  msgs=500517      680 ns/msg
  dir 3: active= 15.13%  msgs=550679      550 ns/msg
  dir 4: active= 16.97%  msgs=497914      682 ns/msg
  dir 5: active= 10.27%  msgs=368822      557 ns/msg
  dir 6: active= 11.51%  msgs=333052      691 ns/msg
  dir 7: active= 10.28%  msgs=371499      554 ns/msg
  dir 8: active= 11.56%  msgs=334360      692 ns/msg
  dir 9: active= 10.17%  msgs=365694      556 ns/msg
  dir 10: active= 11.55%  msgs=336682      686 ns/msg
  dir 11: active= 10.24%  msgs=369949      554 ns/msg
  dir 12: active= 11.54%  msgs=332891      694 ns/msg
  dir 13: active= 10.31%  msgs=369236      559 ns/msg
  dir 14: active= 11.64%  msgs=335609      694 ns/msg
  dir 15: active= 10.26%  msgs=366426      560 ns/msg
  AGGREGATE active = 195.27% (of 16 dir-threads; 12.20% per-thread avg)  msgs=6323100

----- REMOTE CPU LOAD (memory node dir-threads, 2s window) -----
  dir 0: active= 11.61%  msgs=334459      695 ns/msg
  dir 1: active= 15.12%  msgs=553310      547 ns/msg
  dir 2: active= 17.11%  msgs=500432      684 ns/msg
  dir 3: active= 15.07%  msgs=547327      551 ns/msg
  dir 4: active= 17.10%  msgs=502676      680 ns/msg
  dir 5: active= 10.20%  msgs=370357      551 ns/msg
  dir 6: active= 11.58%  msgs=334872      691 ns/msg
  dir 7: active= 10.22%  msgs=371372      550 ns/msg
  dir 8: active= 11.55%  msgs=336758      686 ns/msg
  dir 9: active= 10.15%  msgs=366342      554 ns/msg
  dir 10: active= 11.56%  msgs=336984      686 ns/msg
  dir 11: active= 10.23%  msgs=368603      555 ns/msg
  dir 12: active= 11.51%  msgs=334053      689 ns/msg
  dir 13: active= 10.24%  msgs=370322      553 ns/msg
  dir 14: active= 11.69%  msgs=336650      695 ns/msg
  dir 15: active= 10.21%  msgs=364824      560 ns/msg
  AGGREGATE active = 195.16% (of 16 dir-threads; 12.20% per-thread avg)  msgs=6329341

----- REMOTE CPU LOAD (memory node dir-threads, 2s window) -----
  dir 0: active= 11.63%  msgs=332848      699 ns/msg
  dir 1: active= 15.12%  msgs=552494      547 ns/msg
  dir 2: active= 17.10%  msgs=501322      682 ns/msg
  dir 3: active= 15.07%  msgs=548856      549 ns/msg
  dir 4: active= 17.06%  msgs=500703      682 ns/msg
  dir 5: active= 10.23%  msgs=369208      554 ns/msg
  dir 6: active= 11.51%  msgs=334616      688 ns/msg
  dir 7: active= 10.25%  msgs=370247      554 ns/msg
  dir 8: active= 11.54%  msgs=334181      691 ns/msg
  dir 9: active= 10.16%  msgs=365392      556 ns/msg
  dir 10: active= 11.51%  msgs=332498      692 ns/msg
  dir 11: active= 10.21%  msgs=367743      555 ns/msg
  dir 12: active= 11.51%  msgs=331712      694 ns/msg
  dir 13: active= 10.24%  msgs=369665      554 ns/msg
  dir 14: active= 11.66%  msgs=336758      692 ns/msg
  dir 15: active= 10.22%  msgs=366831      557 ns/msg
  AGGREGATE active = 195.01% (of 16 dir-threads; 12.19% per-thread avg)  msgs=6315074

----- REMOTE CPU LOAD (memory node dir-threads, 2s window) -----
  dir 0: active= 11.63%  msgs=333189      698 ns/msg
  dir 1: active= 15.20%  msgs=552037      551 ns/msg
  dir 2: active= 17.05%  msgs=499788      682 ns/msg
  dir 3: active= 15.18%  msgs=549800      552 ns/msg
  dir 4: active= 17.05%  msgs=498133      685 ns/msg
  dir 5: active= 10.19%  msgs=368495      553 ns/msg
  dir 6: active= 11.60%  msgs=335552      692 ns/msg
  dir 7: active= 10.27%  msgs=371382      553 ns/msg
  dir 8: active= 11.59%  msgs=335492      691 ns/msg
  dir 9: active= 10.15%  msgs=365702      555 ns/msg
  dir 10: active= 11.53%  msgs=335992      687 ns/msg
  dir 11: active= 10.32%  msgs=367425      562 ns/msg
  dir 12: active= 11.57%  msgs=333706      693 ns/msg
  dir 13: active= 10.33%  msgs=369537      559 ns/msg
  dir 14: active= 11.68%  msgs=336803      694 ns/msg
  dir 15: active= 10.26%  msgs=365675      561 ns/msg
  AGGREGATE active = 195.60% (of 16 dir-threads; 12.22% per-thread avg)  msgs=6318708

----- REMOTE CPU LOAD (memory node dir-threads, 2s window) -----
  dir 0: active= 11.61%  msgs=333727      696 ns/msg
  dir 1: active= 15.16%  msgs=553292      548 ns/msg
  dir 2: active= 17.05%  msgs=503342      678 ns/msg
  dir 3: active= 15.16%  msgs=552150      549 ns/msg
  dir 4: active= 17.10%  msgs=499802      684 ns/msg
  dir 5: active= 10.23%  msgs=369927      553 ns/msg
  dir 6: active= 11.61%  msgs=337186      689 ns/msg
  dir 7: active= 10.27%  msgs=370484      555 ns/msg
  dir 8: active= 11.59%  msgs=335402      691 ns/msg
  dir 9: active= 10.15%  msgs=363487      559 ns/msg
  dir 10: active= 11.56%  msgs=336153      688 ns/msg
  dir 11: active= 10.24%  msgs=368424      556 ns/msg
  dir 12: active= 11.57%  msgs=334846      691 ns/msg
  dir 13: active= 10.26%  msgs=368695      556 ns/msg
  dir 14: active= 11.67%  msgs=334544      697 ns/msg
  dir 15: active= 10.26%  msgs=368393      557 ns/msg
  AGGREGATE active = 195.49% (of 16 dir-threads; 12.22% per-thread avg)  msgs=6329854

----- REMOTE CPU LOAD (memory node dir-threads, 2s window) -----
  dir 0: active= 11.60%  msgs=333675      695 ns/msg
  dir 1: active= 15.12%  msgs=552388      548 ns/msg
  dir 2: active= 17.10%  msgs=501059      683 ns/msg
  dir 3: active= 15.12%  msgs=553045      547 ns/msg
  dir 4: active= 17.02%  msgs=499319      682 ns/msg
  dir 5: active= 10.17%  msgs=366446      555 ns/msg
  dir 6: active= 11.60%  msgs=337432      688 ns/msg
  dir 7: active= 10.24%  msgs=369601      554 ns/msg
  dir 8: active= 11.57%  msgs=335174      691 ns/msg
  dir 9: active= 10.07%  msgs=366041      550 ns/msg
  dir 10: active= 11.50%  msgs=336023      684 ns/msg
  dir 11: active= 10.18%  msgs=367536      554 ns/msg
  dir 12: active= 11.54%  msgs=332706      693 ns/msg
  dir 13: active= 10.25%  msgs=370403      554 ns/msg
  dir 14: active= 11.66%  msgs=335482      695 ns/msg
  dir 15: active= 10.20%  msgs=367672      555 ns/msg
  AGGREGATE active = 194.94% (of 16 dir-threads; 12.18% per-thread avg)  msgs=6324002

----- REMOTE CPU LOAD (memory node dir-threads, 2s window) -----
  dir 0: active= 11.65%  msgs=335951      694 ns/msg
  dir 1: active= 15.12%  msgs=553160      547 ns/msg
  dir 2: active= 16.99%  msgs=499763      680 ns/msg
  dir 3: active= 15.08%  msgs=553019      545 ns/msg
  dir 4: active= 17.09%  msgs=498231      686 ns/msg
  dir 5: active= 10.17%  msgs=368411      552 ns/msg
  dir 6: active= 11.58%  msgs=335644      690 ns/msg
  dir 7: active= 10.26%  msgs=369713      555 ns/msg
  dir 8: active= 11.62%  msgs=337211      689 ns/msg
  dir 9: active= 10.17%  msgs=365530      556 ns/msg
  dir 10: active= 11.50%  msgs=334228      688 ns/msg
  dir 11: active= 10.22%  msgs=367537      556 ns/msg
  dir 12: active= 11.58%  msgs=334731      692 ns/msg
  dir 13: active= 10.27%  msgs=369496      556 ns/msg
  dir 14: active= 11.64%  msgs=336370      692 ns/msg
  dir 15: active= 10.22%  msgs=365554      559 ns/msg
  AGGREGATE active = 195.15% (of 16 dir-threads; 12.20% per-thread avg)  msgs=6324549

----- REMOTE CPU LOAD (memory node dir-threads, 2s window) -----
  dir 0: active= 11.66%  msgs=335541      695 ns/msg
  dir 1: active= 15.09%  msgs=550716      548 ns/msg
  dir 2: active= 17.04%  msgs=501493      680 ns/msg
  dir 3: active= 15.08%  msgs=549372      549 ns/msg
  dir 4: active= 17.02%  msgs=499659      681 ns/msg
  dir 5: active= 10.18%  msgs=367904      553 ns/msg
  dir 6: active= 11.55%  msgs=335127      689 ns/msg
  dir 7: active= 10.21%  msgs=369478      553 ns/msg
  dir 8: active= 11.54%  msgs=334468      690 ns/msg
  dir 9: active= 10.09%  msgs=365337      553 ns/msg
  dir 10: active= 11.49%  msgs=332796      691 ns/msg
  dir 11: active= 10.22%  msgs=367292      556 ns/msg
  dir 12: active= 11.53%  msgs=333111      692 ns/msg
  dir 13: active= 10.27%  msgs=370381      554 ns/msg
  dir 14: active= 11.58%  msgs=333759      694 ns/msg
  dir 15: active= 10.16%  msgs=365524      556 ns/msg
  AGGREGATE active = 194.69% (of 16 dir-threads; 12.17% per-thread avg)  msgs=6311958

----- REMOTE CPU LOAD (memory node dir-threads, 2s window) -----
  dir 0: active= 11.60%  msgs=335728      691 ns/msg
  dir 1: active= 15.15%  msgs=556269      545 ns/msg
  dir 2: active= 17.08%  msgs=502564      680 ns/msg
  dir 3: active= 15.08%  msgs=551343      547 ns/msg
  dir 4: active= 17.06%  msgs=497757      685 ns/msg
  dir 5: active= 10.20%  msgs=369664      552 ns/msg
  dir 6: active= 11.52%  msgs=333986      690 ns/msg
  dir 7: active= 10.27%  msgs=372777      551 ns/msg
  dir 8: active= 11.51%  msgs=334918      687 ns/msg
  dir 9: active= 10.16%  msgs=367245      553 ns/msg
  dir 10: active= 11.48%  msgs=334248      687 ns/msg
  dir 11: active= 10.21%  msgs=367418      556 ns/msg
  dir 12: active= 11.58%  msgs=334433      692 ns/msg
  dir 13: active= 10.23%  msgs=370579      552 ns/msg
  dir 14: active= 11.66%  msgs=335747      694 ns/msg
  dir 15: active= 10.23%  msgs=366813      558 ns/msg
  AGGREGATE active = 195.00% (of 16 dir-threads; 12.19% per-thread avg)  msgs=6331489

----- REMOTE CPU LOAD (memory node dir-threads, 2s window) -----
  dir 0: active= 11.54%  msgs=333499      692 ns/msg
  dir 1: active= 15.09%  msgs=553571      545 ns/msg
  dir 2: active= 17.03%  msgs=500281      681 ns/msg
  dir 3: active= 15.10%  msgs=550990      548 ns/msg
  dir 4: active= 17.04%  msgs=498420      684 ns/msg
  dir 5: active= 10.20%  msgs=371487      549 ns/msg
  dir 6: active= 11.56%  msgs=335802      689 ns/msg
  dir 7: active= 10.19%  msgs=369784      551 ns/msg
  dir 8: active= 11.59%  msgs=335651      691 ns/msg
  dir 9: active= 10.23%  msgs=366362      558 ns/msg
  dir 10: active= 11.51%  msgs=334865      688 ns/msg
  dir 11: active= 10.24%  msgs=367041      558 ns/msg
  dir 12: active= 11.55%  msgs=333042      694 ns/msg
  dir 13: active= 10.24%  msgs=369609      554 ns/msg
  dir 14: active= 11.62%  msgs=335076      693 ns/msg
  dir 15: active= 10.25%  msgs=367766      558 ns/msg
  AGGREGATE active = 195.00% (of 16 dir-threads; 12.19% per-thread avg)  msgs=6323246

----- REMOTE CPU LOAD (memory node dir-threads, 2s window) -----
  dir 0: active= 11.62%  msgs=335512      693 ns/msg
  dir 1: active= 15.09%  msgs=552437      546 ns/msg
  dir 2: active= 17.06%  msgs=502790      679 ns/msg
  dir 3: active= 15.09%  msgs=550381      548 ns/msg
  dir 4: active= 17.08%  msgs=500692      682 ns/msg
  dir 5: active= 10.21%  msgs=370069      552 ns/msg
  dir 6: active= 11.51%  msgs=335497      686 ns/msg
  dir 7: active= 10.22%  msgs=371576      550 ns/msg
  dir 8: active= 11.53%  msgs=334214      690 ns/msg
  dir 9: active= 10.16%  msgs=366734      554 ns/msg
  dir 10: active= 11.56%  msgs=334727      691 ns/msg
  dir 11: active= 10.19%  msgs=367613      555 ns/msg
  dir 12: active= 11.52%  msgs=332189      694 ns/msg
  dir 13: active= 10.19%  msgs=369189      552 ns/msg
  dir 14: active= 11.67%  msgs=336253      694 ns/msg
  dir 15: active= 10.20%  msgs=363875      561 ns/msg
  AGGREGATE active = 194.90% (of 16 dir-threads; 12.18% per-thread avg)  msgs=6323748

----- REMOTE CPU LOAD (memory node dir-threads, 2s window) -----
  dir 0: active= 11.63%  msgs=337012      691 ns/msg
  dir 1: active= 15.11%  msgs=552560      547 ns/msg
  dir 2: active= 17.06%  msgs=504245      677 ns/msg
  dir 3: active= 15.08%  msgs=551304      547 ns/msg
  dir 4: active= 17.12%  msgs=502587      681 ns/msg
  dir 5: active= 10.22%  msgs=370091      552 ns/msg
  dir 6: active= 11.57%  msgs=335260      691 ns/msg
  dir 7: active= 10.30%  msgs=369553      558 ns/msg
  dir 8: active= 11.57%  msgs=334372      693 ns/msg
  dir 9: active= 10.21%  msgs=364868      560 ns/msg
  dir 10: active= 11.53%  msgs=334539      689 ns/msg
  dir 11: active= 10.17%  msgs=367690      553 ns/msg
  dir 12: active= 11.55%  msgs=333252      694 ns/msg
  dir 13: active= 10.23%  msgs=370006      553 ns/msg
  dir 14: active= 11.62%  msgs=335043      694 ns/msg
  dir 15: active= 10.24%  msgs=368145      557 ns/msg
  AGGREGATE active = 195.21% (of 16 dir-threads; 12.20% per-thread avg)  msgs=6330527

----- REMOTE CPU LOAD (memory node dir-threads, 2s window) -----
  dir 0: active= 11.59%  msgs=334515      693 ns/msg
  dir 1: active= 15.14%  msgs=552708      548 ns/msg
  dir 2: active= 17.00%  msgs=500339      680 ns/msg
  dir 3: active= 15.05%  msgs=549821      547 ns/msg
  dir 4: active= 17.06%  msgs=499676      683 ns/msg
  dir 5: active= 10.14%  msgs=369362      549 ns/msg
  dir 6: active= 11.51%  msgs=334458      688 ns/msg
  dir 7: active= 10.29%  msgs=370328      556 ns/msg
  dir 8: active= 11.51%  msgs=335775      685 ns/msg
  dir 9: active= 10.13%  msgs=363943      557 ns/msg
  dir 10: active= 11.52%  msgs=334726      689 ns/msg
  dir 11: active= 10.18%  msgs=365877      557 ns/msg
  dir 12: active= 11.59%  msgs=334197      693 ns/msg
  dir 13: active= 10.19%  msgs=366797      556 ns/msg
  dir 14: active= 11.57%  msgs=334301      692 ns/msg
  dir 15: active= 10.15%  msgs=364639      557 ns/msg
  AGGREGATE active = 194.63% (of 16 dir-threads; 12.16% per-thread avg)  msgs=6311462

----- REMOTE CPU LOAD (memory node dir-threads, 2s window) -----
  dir 0: active= 11.59%  msgs=333583      695 ns/msg
  dir 1: active= 15.13%  msgs=552453      548 ns/msg
  dir 2: active= 17.07%  msgs=503868      678 ns/msg
  dir 3: active= 15.07%  msgs=550048      548 ns/msg
  dir 4: active= 17.09%  msgs=501671      681 ns/msg
  dir 5: active= 10.20%  msgs=369890      552 ns/msg
  dir 6: active= 11.59%  msgs=336141      689 ns/msg
  dir 7: active= 10.26%  msgs=370549      554 ns/msg
  dir 8: active= 11.51%  msgs=335022      687 ns/msg
  dir 9: active= 10.16%  msgs=366480      555 ns/msg
  dir 10: active= 11.49%  msgs=335305      686 ns/msg
  dir 11: active= 10.22%  msgs=368322      555 ns/msg
  dir 12: active= 11.57%  msgs=334587      691 ns/msg
  dir 13: active= 10.06%  msgs=360754      558 ns/msg
  dir 14: active= 11.63%  msgs=334546      695 ns/msg
  dir 15: active= 10.21%  msgs=366669      557 ns/msg
  AGGREGATE active = 194.87% (of 16 dir-threads; 12.18% per-thread avg)  msgs=6319888

----- REMOTE CPU LOAD (memory node dir-threads, 2s window) -----
  dir 0: active= 12.16%  msgs=351683      692 ns/msg
  dir 1: active= 13.52%  msgs=490976      551 ns/msg
  dir 2: active= 17.88%  msgs=527037      678 ns/msg
  dir 3: active= 15.03%  msgs=544783      552 ns/msg
  dir 4: active= 17.83%  msgs=518488      688 ns/msg
  dir 5: active=  7.81%  msgs=280798      556 ns/msg
  dir 6: active= 12.03%  msgs=352603      682 ns/msg
  dir 7: active=  5.16%  msgs=186885      553 ns/msg
  dir 8: active= 12.01%  msgs=350181      686 ns/msg
  dir 9: active= 10.70%  msgs=383666      558 ns/msg
  dir 10: active= 12.06%  msgs=350300      689 ns/msg
  dir 11: active= 10.82%  msgs=385151      562 ns/msg
  dir 12: active= 12.06%  msgs=347358      695 ns/msg
  dir 13: active=  5.46%  msgs=192505      567 ns/msg
  dir 14: active= 12.18%  msgs=351109      694 ns/msg
  dir 15: active= 10.74%  msgs=383858      559 ns/msg
  AGGREGATE active = 187.45% (of 16 dir-threads; 11.72% per-thread avg)  msgs=5997381

----- REMOTE CPU LOAD (memory node dir-threads, 2s window) -----
  dir 0: active= 12.76%  msgs=371562      687 ns/msg
  dir 1: active=  8.53%  msgs=310027      550 ns/msg
  dir 2: active= 18.76%  msgs=553577      678 ns/msg
  dir 3: active= 11.28%  msgs=409205      551 ns/msg
  dir 4: active= 18.74%  msgs=553121      678 ns/msg
  dir 5: active=  5.81%  msgs=205014      567 ns/msg
  dir 6: active= 12.79%  msgs=373395      685 ns/msg
  dir 7: active=  0.00%  msgs=0           0 ns/msg
  dir 8: active= 12.72%  msgs=370733      686 ns/msg
  dir 9: active= 11.36%  msgs=408040      557 ns/msg
  dir 10: active= 12.70%  msgs=371320      684 ns/msg
  dir 11: active=  5.97%  msgs=210847      566 ns/msg
  dir 12: active= 12.69%  msgs=369071      688 ns/msg
  dir 13: active=  5.75%  msgs=204809      562 ns/msg
  dir 14: active= 12.83%  msgs=372893      688 ns/msg
  dir 15: active= 11.33%  msgs=406295      558 ns/msg
  AGGREGATE active = 174.02% (of 16 dir-threads; 10.88% per-thread avg)  msgs=5489909

----- REMOTE CPU LOAD (memory node dir-threads, 2s window) -----
  dir 0: active= 13.38%  msgs=392668      682 ns/msg
  dir 1: active=  6.02%  msgs=218545      551 ns/msg
  dir 2: active= 19.64%  msgs=582570      674 ns/msg
  dir 3: active=  9.50%  msgs=345822      549 ns/msg
  dir 4: active= 19.69%  msgs=580432      678 ns/msg
  dir 5: active=  1.06%  msgs=37300       566 ns/msg
  dir 6: active= 13.32%  msgs=391015      682 ns/msg
  dir 7: active=  0.00%  msgs=0           0 ns/msg
  dir 8: active= 13.35%  msgs=391530      682 ns/msg
  dir 9: active= 10.05%  msgs=361664      556 ns/msg
  dir 10: active= 13.26%  msgs=389756      680 ns/msg
  dir 11: active=  6.05%  msgs=215695      561 ns/msg
  dir 12: active= 13.27%  msgs=387633      685 ns/msg
  dir 13: active=  2.57%  msgs=91600       561 ns/msg
  dir 14: active= 13.41%  msgs=389338      689 ns/msg
  dir 15: active= 10.52%  msgs=384223      548 ns/msg
  AGGREGATE active = 165.10% (of 16 dir-threads; 10.32% per-thread avg)  msgs=5159791

----- REMOTE CPU LOAD (memory node dir-threads, 2s window) -----
  dir 0: active= 14.39%  msgs=425768      676 ns/msg
  dir 1: active=  2.46%  msgs=90087       546 ns/msg
  dir 2: active= 21.12%  msgs=636332      664 ns/msg
  dir 3: active=  2.09%  msgs=75260       554 ns/msg
  dir 4: active= 21.15%  msgs=631696      670 ns/msg
  dir 5: active=  0.00%  msgs=0           0 ns/msg
  dir 6: active= 14.28%  msgs=424294      673 ns/msg
  dir 7: active=  0.00%  msgs=0           0 ns/msg
  dir 8: active= 14.39%  msgs=426685      674 ns/msg
  dir 9: active=  1.32%  msgs=47545       554 ns/msg
  dir 10: active= 14.32%  msgs=426628      671 ns/msg
  dir 11: active=  0.82%  msgs=29186       563 ns/msg
  dir 12: active= 14.36%  msgs=422632      680 ns/msg
  dir 13: active=  0.00%  msgs=0           0 ns/msg
  dir 14: active= 14.53%  msgs=428799      678 ns/msg
  dir 15: active=  1.53%  msgs=54855       557 ns/msg
  AGGREGATE active = 136.75% (of 16 dir-threads; 8.55% per-thread avg)  msgs=4119767

----- REMOTE CPU LOAD (memory node dir-threads, 2s window) -----
  dir 0: active= 14.60%  msgs=433212      674 ns/msg
  dir 1: active=  0.00%  msgs=0           0 ns/msg
  dir 2: active= 21.45%  msgs=645570      665 ns/msg
  dir 3: active=  0.00%  msgs=0           0 ns/msg
  dir 4: active= 21.56%  msgs=647893      666 ns/msg
  dir 5: active=  0.00%  msgs=0           0 ns/msg
  dir 6: active= 14.55%  msgs=434516      670 ns/msg
  dir 7: active=  0.00%  msgs=0           0 ns/msg
  dir 8: active= 14.66%  msgs=435125      674 ns/msg
  dir 9: active=  0.00%  msgs=0           0 ns/msg
  dir 10: active= 14.56%  msgs=436568      667 ns/msg
  dir 11: active=  0.00%  msgs=0           0 ns/msg
  dir 12: active= 14.62%  msgs=433295      675 ns/msg
  dir 13: active=  0.00%  msgs=0           0 ns/msg
  dir 14: active= 14.66%  msgs=432558      678 ns/msg
  dir 15: active=  0.00%  msgs=0           0 ns/msg
  AGGREGATE active = 130.67% (of 16 dir-threads; 8.17% per-thread avg)  msgs=3898737

----- REMOTE CPU LOAD (memory node dir-threads, 2s window) -----
  dir 0: active= 14.56%  msgs=434989      670 ns/msg
  dir 1: active=  0.00%  msgs=0           0 ns/msg
  dir 2: active= 21.49%  msgs=646702      665 ns/msg
  dir 3: active=  0.00%  msgs=0           0 ns/msg
  dir 4: active= 21.56%  msgs=646321      667 ns/msg
  dir 5: active=  0.00%  msgs=0           0 ns/msg
  dir 6: active= 14.60%  msgs=434320      672 ns/msg
  dir 7: active=  0.00%  msgs=0           0 ns/msg
  dir 8: active= 14.62%  msgs=433693      674 ns/msg
  dir 9: active=  0.00%  msgs=0           0 ns/msg
  dir 10: active= 14.52%  msgs=435914      666 ns/msg
  dir 11: active=  0.00%  msgs=0           0 ns/msg
  dir 12: active= 14.63%  msgs=432647      676 ns/msg
  dir 13: active=  0.00%  msgs=0           0 ns/msg
  dir 14: active= 14.69%  msgs=433820      677 ns/msg
  dir 15: active=  0.00%  msgs=0           0 ns/msg
  AGGREGATE active = 130.67% (of 16 dir-threads; 8.17% per-thread avg)  msgs=3898406

----- REMOTE CPU LOAD (memory node dir-threads, 2s window) -----
  dir 0: active= 14.53%  msgs=433564      670 ns/msg
  dir 1: active=  0.00%  msgs=0           0 ns/msg
  dir 2: active= 21.44%  msgs=648126      662 ns/msg
  dir 3: active=  0.00%  msgs=0           0 ns/msg
  dir 4: active= 21.46%  msgs=646186      664 ns/msg
  dir 5: active=  0.00%  msgs=0           0 ns/msg
  dir 6: active= 14.52%  msgs=436275      666 ns/msg
  dir 7: active=  0.00%  msgs=0           0 ns/msg
  dir 8: active= 14.61%  msgs=434369      673 ns/msg
  dir 9: active=  0.00%  msgs=0           0 ns/msg
  dir 10: active= 14.50%  msgs=436668      664 ns/msg
  dir 11: active=  0.00%  msgs=0           0 ns/msg
  dir 12: active= 14.60%  msgs=434536      672 ns/msg
  dir 13: active=  0.00%  msgs=0           0 ns/msg
  dir 14: active= 14.67%  msgs=433776      676 ns/msg
  dir 15: active=  0.00%  msgs=0           0 ns/msg
  AGGREGATE active = 130.32% (of 16 dir-threads; 8.15% per-thread avg)  msgs=3903500

----- REMOTE CPU LOAD (memory node dir-threads, 2s window) -----
  dir 0: active= 14.57%  msgs=434278      671 ns/msg
  dir 1: active=  0.00%  msgs=0           0 ns/msg
  dir 2: active= 21.36%  msgs=644851      663 ns/msg
  dir 3: active=  0.00%  msgs=0           0 ns/msg
  dir 4: active= 21.45%  msgs=645496      665 ns/msg
  dir 5: active=  0.00%  msgs=0           0 ns/msg
  dir 6: active= 14.52%  msgs=434475      669 ns/msg
  dir 7: active=  0.00%  msgs=0           0 ns/msg
  dir 8: active= 14.59%  msgs=435700      670 ns/msg
  dir 9: active=  0.00%  msgs=0           0 ns/msg
  dir 10: active= 14.55%  msgs=436881      666 ns/msg
  dir 11: active=  0.00%  msgs=0           0 ns/msg
  dir 12: active= 14.46%  msgs=432610      669 ns/msg
  dir 13: active=  0.00%  msgs=0           0 ns/msg
  dir 14: active= 14.65%  msgs=434585      674 ns/msg
  dir 15: active=  0.00%  msgs=0           0 ns/msg
  AGGREGATE active = 130.16% (of 16 dir-threads; 8.13% per-thread avg)  msgs=3898876

----- REMOTE CPU LOAD (memory node dir-threads, 2s window) -----
  dir 0: active= 14.50%  msgs=435187      666 ns/msg
  dir 1: active=  0.00%  msgs=0           0 ns/msg
  dir 2: active= 21.31%  msgs=648067      658 ns/msg
  dir 3: active=  0.00%  msgs=0           0 ns/msg
  dir 4: active= 21.38%  msgs=642868      665 ns/msg
  dir 5: active=  0.00%  msgs=0           0 ns/msg
  dir 6: active= 14.48%  msgs=434444      666 ns/msg
  dir 7: active=  0.00%  msgs=0           0 ns/msg
  dir 8: active= 14.42%  msgs=431960      667 ns/msg
  dir 9: active=  0.00%  msgs=0           0 ns/msg
  dir 10: active= 14.47%  msgs=434296      667 ns/msg
  dir 11: active=  0.00%  msgs=0           0 ns/msg
  dir 12: active= 14.48%  msgs=433240      669 ns/msg
  dir 13: active=  0.00%  msgs=0           0 ns/msg
  dir 14: active= 14.63%  msgs=434268      674 ns/msg
  dir 15: active=  0.00%  msgs=0           0 ns/msg
  AGGREGATE active = 129.67% (of 16 dir-threads; 8.10% per-thread avg)  msgs=3894330

----- REMOTE CPU LOAD (memory node dir-threads, 2s window) -----
  dir 0: active= 14.48%  msgs=434791      666 ns/msg
  dir 1: active=  0.00%  msgs=0           0 ns/msg
  dir 2: active= 21.32%  msgs=646199      660 ns/msg
  dir 3: active=  0.00%  msgs=0           0 ns/msg
  dir 4: active= 21.38%  msgs=643104      665 ns/msg
  dir 5: active=  0.00%  msgs=0           0 ns/msg
  dir 6: active= 14.48%  msgs=434473      667 ns/msg
  dir 7: active=  0.00%  msgs=0           0 ns/msg
  dir 8: active= 14.54%  msgs=434563      669 ns/msg
  dir 9: active=  0.00%  msgs=0           0 ns/msg
  dir 10: active= 14.45%  msgs=435082      664 ns/msg
  dir 11: active=  0.00%  msgs=0           0 ns/msg
  dir 12: active= 14.53%  msgs=432971      671 ns/msg
  dir 13: active=  0.00%  msgs=0           0 ns/msg
  dir 14: active= 14.58%  msgs=434521      671 ns/msg
  dir 15: active=  0.00%  msgs=0           0 ns/msg
  AGGREGATE active = 129.76% (of 16 dir-threads; 8.11% per-thread avg)  msgs=3895704

----- REMOTE CPU LOAD (memory node dir-threads, 2s window) -----
  dir 0: active= 14.47%  msgs=434134      667 ns/msg
  dir 1: active=  0.00%  msgs=0           0 ns/msg
  dir 2: active= 21.40%  msgs=649191      659 ns/msg
  dir 3: active=  0.00%  msgs=0           0 ns/msg
  dir 4: active= 21.37%  msgs=646894      661 ns/msg
  dir 5: active=  0.00%  msgs=0           0 ns/msg
  dir 6: active= 14.49%  msgs=434857      667 ns/msg
  dir 7: active=  0.00%  msgs=0           0 ns/msg
  dir 8: active= 14.50%  msgs=434734      667 ns/msg
  dir 9: active=  0.00%  msgs=0           0 ns/msg
  dir 10: active= 14.45%  msgs=434181      666 ns/msg
  dir 11: active=  0.00%  msgs=0           0 ns/msg
  dir 12: active= 14.53%  msgs=435580      667 ns/msg
  dir 13: active=  0.00%  msgs=0           0 ns/msg
  dir 14: active= 14.60%  msgs=434608      672 ns/msg
  dir 15: active=  0.00%  msgs=0           0 ns/msg
  AGGREGATE active = 129.83% (of 16 dir-threads; 8.11% per-thread avg)  msgs=3904179

----- REMOTE CPU LOAD (memory node dir-threads, 2s window) -----
  dir 0: active= 14.51%  msgs=435174      667 ns/msg
  dir 1: active=  0.00%  msgs=0           0 ns/msg
  dir 2: active= 21.33%  msgs=649969      656 ns/msg
  dir 3: active=  0.00%  msgs=0           0 ns/msg
  dir 4: active= 21.38%  msgs=648818      659 ns/msg
  dir 5: active=  0.00%  msgs=0           0 ns/msg
  dir 6: active= 14.50%  msgs=432920      670 ns/msg
  dir 7: active=  0.00%  msgs=0           0 ns/msg
  dir 8: active= 14.52%  msgs=434869      668 ns/msg
  dir 9: active=  0.00%  msgs=0           0 ns/msg
  dir 10: active= 14.41%  msgs=433488      665 ns/msg
  dir 11: active=  0.00%  msgs=0           0 ns/msg
  dir 12: active= 14.55%  msgs=433894      671 ns/msg
  dir 13: active=  0.00%  msgs=0           0 ns/msg
  dir 14: active= 14.58%  msgs=434994      671 ns/msg
  dir 15: active=  0.00%  msgs=0           0 ns/msg
  AGGREGATE active = 129.79% (of 16 dir-threads; 8.11% per-thread avg)  msgs=3904126

----- REMOTE CPU LOAD (memory node dir-threads, 2s window) -----
  dir 0: active= 14.49%  msgs=434139      667 ns/msg
  dir 1: active=  0.00%  msgs=0           0 ns/msg
  dir 2: active= 21.34%  msgs=648219      659 ns/msg
  dir 3: active=  0.00%  msgs=0           0 ns/msg
  dir 4: active= 21.36%  msgs=647217      660 ns/msg
  dir 5: active=  0.00%  msgs=0           0 ns/msg
  dir 6: active= 14.46%  msgs=436095      663 ns/msg
  dir 7: active=  0.00%  msgs=0           0 ns/msg
  dir 8: active= 14.51%  msgs=434232      668 ns/msg
  dir 9: active=  0.00%  msgs=0           0 ns/msg
  dir 10: active= 14.37%  msgs=434971      661 ns/msg
  dir 11: active=  0.00%  msgs=0           0 ns/msg
  dir 12: active= 14.56%  msgs=433790      671 ns/msg
  dir 13: active=  0.00%  msgs=0           0 ns/msg
  dir 14: active= 14.57%  msgs=433364      672 ns/msg
  dir 15: active=  0.00%  msgs=0           0 ns/msg
  AGGREGATE active = 129.66% (of 16 dir-threads; 8.10% per-thread avg)  msgs=3902027

----- REMOTE CPU LOAD (memory node dir-threads, 2s window) -----
  dir 0: active= 14.50%  msgs=434584      667 ns/msg
  dir 1: active=  0.00%  msgs=0           0 ns/msg
  dir 2: active= 21.31%  msgs=647938      658 ns/msg
  dir 3: active=  0.00%  msgs=0           0 ns/msg
  dir 4: active= 21.42%  msgs=647297      662 ns/msg
  dir 5: active=  0.00%  msgs=0           0 ns/msg
  dir 6: active= 14.44%  msgs=433791      666 ns/msg
  dir 7: active=  0.00%  msgs=0           0 ns/msg
  dir 8: active= 14.50%  msgs=433064      670 ns/msg
  dir 9: active=  0.00%  msgs=0           0 ns/msg
  dir 10: active= 14.43%  msgs=435026      664 ns/msg
  dir 11: active=  0.00%  msgs=0           0 ns/msg
  dir 12: active= 14.52%  msgs=434870      668 ns/msg
  dir 13: active=  0.00%  msgs=0           0 ns/msg
  dir 14: active= 14.61%  msgs=435569      671 ns/msg
  dir 15: active=  0.00%  msgs=0           0 ns/msg
  AGGREGATE active = 129.72% (of 16 dir-threads; 8.11% per-thread avg)  msgs=3902139

----- REMOTE CPU LOAD (memory node dir-threads, 2s window) -----
  dir 0: active= 14.45%  msgs=432394      668 ns/msg
  dir 1: active=  0.00%  msgs=0           0 ns/msg
  dir 2: active= 21.28%  msgs=646805      658 ns/msg
  dir 3: active=  0.00%  msgs=0           0 ns/msg
  dir 4: active= 21.34%  msgs=645034      662 ns/msg
  dir 5: active=  0.00%  msgs=0           0 ns/msg
  dir 6: active= 14.38%  msgs=433208      664 ns/msg
  dir 7: active=  0.00%  msgs=0           0 ns/msg
  dir 8: active= 14.46%  msgs=431287      671 ns/msg
  dir 9: active=  0.00%  msgs=0           0 ns/msg
  dir 10: active= 14.35%  msgs=432476      664 ns/msg
  dir 11: active=  0.00%  msgs=0           0 ns/msg
  dir 12: active= 14.50%  msgs=434308      668 ns/msg
  dir 13: active=  0.00%  msgs=0           0 ns/msg
  dir 14: active= 14.59%  msgs=431269      677 ns/msg
  dir 15: active=  0.00%  msgs=0           0 ns/msg
  AGGREGATE active = 129.36% (of 16 dir-threads; 8.08% per-thread avg)  msgs=3886781

----- REMOTE CPU LOAD (memory node dir-threads, 2s window) -----
  dir 0: active= 12.12%  msgs=360203      673 ns/msg
  dir 1: active=  0.00%  msgs=0           0 ns/msg
  dir 2: active= 21.47%  msgs=651333      659 ns/msg
  dir 3: active=  0.00%  msgs=0           0 ns/msg
  dir 4: active= 21.45%  msgs=647926      662 ns/msg
  dir 5: active=  0.00%  msgs=0           0 ns/msg
  dir 6: active= 13.16%  msgs=394031      668 ns/msg
  dir 7: active=  0.00%  msgs=0           0 ns/msg
  dir 8: active= 14.63%  msgs=437706      669 ns/msg
  dir 9: active=  0.00%  msgs=0           0 ns/msg
  dir 10: active= 13.08%  msgs=392375      667 ns/msg
  dir 11: active=  0.00%  msgs=0           0 ns/msg
  dir 12: active= 14.56%  msgs=436221      667 ns/msg
  dir 13: active=  0.00%  msgs=0           0 ns/msg
  dir 14: active= 12.58%  msgs=374048      673 ns/msg
  dir 15: active=  0.00%  msgs=0           0 ns/msg
  AGGREGATE active = 123.05% (of 16 dir-threads; 7.69% per-thread avg)  msgs=3693843

----- REMOTE CPU LOAD (memory node dir-threads, 2s window) -----
  dir 0: active=  7.52%  msgs=222104      677 ns/msg
  dir 1: active=  0.00%  msgs=0           0 ns/msg
  dir 2: active= 18.48%  msgs=560409      659 ns/msg
  dir 3: active=  0.00%  msgs=0           0 ns/msg
  dir 4: active= 21.83%  msgs=660814      661 ns/msg
  dir 5: active=  0.00%  msgs=0           0 ns/msg
  dir 6: active=  6.18%  msgs=182275      678 ns/msg
  dir 7: active=  0.00%  msgs=0           0 ns/msg
  dir 8: active=  4.28%  msgs=127780      670 ns/msg
  dir 9: active=  0.00%  msgs=0           0 ns/msg
  dir 10: active=  7.49%  msgs=224823      666 ns/msg
  dir 11: active=  0.00%  msgs=0           0 ns/msg
  dir 12: active= 14.83%  msgs=444877      667 ns/msg
  dir 13: active=  0.00%  msgs=0           0 ns/msg
  dir 14: active=  7.54%  msgs=223248      676 ns/msg
  dir 15: active=  0.00%  msgs=0           0 ns/msg
  AGGREGATE active = 88.15% (of 16 dir-threads; 5.51% per-thread avg)  msgs=2646330

----- REMOTE CPU LOAD (memory node dir-threads, 2s window) -----
  dir 0: active=  3.57%  msgs=106215      673 ns/msg
  dir 1: active=  0.00%  msgs=0           0 ns/msg
  dir 2: active=  3.72%  msgs=110900      672 ns/msg
  dir 3: active=  0.00%  msgs=0           0 ns/msg
  dir 4: active= 12.56%  msgs=377126      666 ns/msg
  dir 5: active=  0.00%  msgs=0           0 ns/msg
  dir 6: active=  0.00%  msgs=0           0 ns/msg
  dir 7: active=  0.00%  msgs=0           0 ns/msg
  dir 8: active=  0.00%  msgs=0           0 ns/msg
  dir 9: active=  0.00%  msgs=0           0 ns/msg
  dir 10: active=  0.71%  msgs=21330       665 ns/msg
  dir 11: active=  0.00%  msgs=0           0 ns/msg
  dir 12: active=  4.44%  msgs=131380      676 ns/msg
  dir 13: active=  0.00%  msgs=0           0 ns/msg
  dir 14: active=  0.53%  msgs=15310       687 ns/msg
  dir 15: active=  0.00%  msgs=0           0 ns/msg
  AGGREGATE active = 25.53% (of 16 dir-threads; 1.60% per-thread avg)  msgs=762261
