nodes 2, threads 36, mix R/I/U/S=0/0/0/100, zipf-0.99, bulk 50M warmup 10M op 30M, offload 0%, scan_range 100
[4mshared memory size: 64GB, 0x7feeda800000[0m
[4mrdma cache size: 4GB[0m
[4mMachine NR: 2[0m
[4mCompute server 1 start up [10.30.1.6]
[0m
I connect server 0
[CONFIG node 1] bulk load: bottom-up build, 8 keys per leaf, 6 children per inner node (CHIME_BULK_BUILD / CHIME_BUILD_LEAF_KEYS / CHIME_BUILD_INNER_FANOUT)
[CONFIG node 1] clients on this node: yes (CHIME_MN_CLIENTS)
[CONFIG node 1] scan path: from_cache=1 offload_always=0 (CHIME_SCAN_FROM_CACHE / CHIME_SCAN_OFFLOAD_ALWAYS)
[CONFIG node 1] push ops: both (CHIME_PUSH_OPS; applies only with offloading on)
[CACHE node 1] total=128 MB index=128 MB leaf=0 MB
[CONFIG node 1] dir threads = 1 (CHIME_DIR_THREADS, max 16) -- MUST match the other node
[CORES node 1] linear pinning: app threads -> CPUs 0..35, main -> 79, dir threads -> 79 (REV_DIR_CPUS)
[CONFIG] hotspot buffer + speculative read: off (CHIME_HOTSPOT; stock CHIME: on above 50 MB)
workload generated: keyspace=50001000 bulk=50000000 warmup=9999972 op=29999988
[4mKey space set: keySpaceSize=50000000[0m
I am 36
I am 39
I am 41
I am 37
I am 38
I am 40
I am 65
I am 48
I am 44
I am 45
I am 42
I am 43
I am 47
I am 46
I am 51
I am 54
I am 64
I am 57
I am 56
I am 62
I am 60
I am 50
I am 61
I am 69
I am 63
I am 58
I am 59
I am 67
I am 68
I am 70
I am 66
I am 71
I am 53
I am 52
I am 49
I am 55
[build] leaves: 10% (625001/6250000)
[build] leaves: 20% (1250002/6250000)
[build] leaves: 30% (1875003/6250000)
[build] leaves: 40% (2500004/6250000)
[build] leaves: 50% (3125005/6250000)
[build] leaves: 60% (3750006/6250000)
[build] leaves: 70% (4375007/6250000)
[build] leaves: 80% (5000008/6250000)
[build] leaves: 90% (5625009/6250000)
[build] inner level 1: 1041667 nodes
[build] inner level 2: 173611 nodes
[build] inner level 3: 28935 nodes
[build] inner level 4: 4823 nodes
[build] inner level 5: 804 nodes
[build] inner level 6: 134 nodes
[build] inner level 7: 23 nodes
[build] inner level 8: 4 nodes
[build] inner level 9: 1 nodes
[build] done in 18.9s: height=10 leaves=6250000 inner_nodes=1250002 (8 keys per leaf, 6 children per inner node)
[TREE] height=10 leaves=6250000 inner_nodes=1250002 keys_per_leaf=8.00 inner_MB=399.4 leaf_MB=2104.0 total_MB=2503.4 (internal span 16, leaf span 16, node bytes inner=335 leaf=353)
node 1 warmup done in 65s
[INDEX] --- post-bulk-load cache occupancy (cache = 128 MB) ---
 ----- [TreeCache]:  cache size=128 MB free_size=0.000 MB skiplist_node_cnt=1249785 ----- 
consumed cache size = 128.000 MB
 ----- [IdxCache]:  cache size=0 MB free_size=0.000 MB ---- 
consumed hotspot buffer size = 0.000000 MB

[LEAFCACHE] off
1, throughput 0.2300 Mops
1, throughput 0.2285 Mops
1, throughput 0.2275 Mops
1, throughput 0.2310 Mops
1, throughput 0.2301 Mops
1, throughput 0.2273 Mops
1, throughput 0.2310 Mops
1, throughput 0.2306 Mops
1, throughput 0.2299 Mops
1, throughput 0.2295 Mops
1, throughput 0.2283 Mops
1, throughput 0.2294 Mops
1, throughput 0.2288 Mops
1, throughput 0.2310 Mops
1, throughput 0.2302 Mops
1, throughput 0.2278 Mops
1, throughput 0.2299 Mops
1, throughput 0.2288 Mops
1, throughput 0.2287 Mops
1, throughput 0.2301 Mops
1, throughput 0.2292 Mops
1, throughput 0.2297 Mops
1, throughput 0.2304 Mops
1, throughput 0.2308 Mops
1, throughput 0.2284 Mops
1, throughput 0.2266 Mops
1, throughput 0.2277 Mops
1, throughput 0.2290 Mops
1, throughput 0.2307 Mops
1, throughput 0.2279 Mops
1, throughput 0.2307 Mops
1, throughput 0.2310 Mops
1, throughput 0.2292 Mops
1, throughput 0.2280 Mops
1, throughput 0.2302 Mops
1, throughput 0.2311 Mops
1, throughput 0.2303 Mops
1, throughput 0.2290 Mops
1, throughput 0.2303 Mops
1, throughput 0.2296 Mops
1, throughput 0.2298 Mops
1, throughput 0.2292 Mops
1, throughput 0.2306 Mops
1, throughput 0.2282 Mops
1, throughput 0.2297 Mops
1, throughput 0.2303 Mops
1, throughput 0.2259 Mops
1, throughput 0.2295 Mops
1, throughput 0.2303 Mops
1, throughput 0.2295 Mops
1, throughput 0.2298 Mops
1, throughput 0.2288 Mops
1, throughput 0.2311 Mops
1, throughput 0.2300 Mops
1, throughput 0.2301 Mops
1, throughput 0.2310 Mops
1, throughput 0.2278 Mops
1, throughput 0.2291 Mops
1, throughput 0.2295 Mops
1, throughput 0.2301 Mops
1, throughput 0.2320 Mops
1, throughput 0.2281 Mops
1, throughput 0.2292 Mops
1, throughput 0.2293 Mops
1, throughput 0.2288 Mops
1, throughput 0.2307 Mops
1, throughput 0.2274 Mops
1, throughput 0.2279 Mops
1, throughput 0.2301 Mops
1, throughput 0.2280 Mops
1, throughput 0.2308 Mops
1, throughput 0.2282 Mops
1, throughput 0.2294 Mops
1, throughput 0.2296 Mops
1, throughput 0.2290 Mops
1, throughput 0.2299 Mops
1, throughput 0.2319 Mops
1, throughput 0.2299 Mops
1, throughput 0.2317 Mops
1, throughput 0.2299 Mops
1, throughput 0.2305 Mops
1, throughput 0.2299 Mops
1, throughput 0.2293 Mops
1, throughput 0.2314 Mops
1, throughput 0.2304 Mops
1, throughput 0.2286 Mops
1, throughput 0.2283 Mops
1, throughput 0.2264 Mops
1, throughput 0.2297 Mops
1, throughput 0.2312 Mops
1, throughput 0.2306 Mops
1, throughput 0.2289 Mops
1, throughput 0.2302 Mops
1, throughput 0.2306 Mops
1, throughput 0.2302 Mops
1, throughput 0.2320 Mops
1, throughput 0.2308 Mops
1, throughput 0.2301 Mops
1, throughput 0.2307 Mops
1, throughput 0.2317 Mops
1, throughput 0.2291 Mops
1, throughput 0.2318 Mops
1, throughput 0.2307 Mops
1, throughput 0.2307 Mops
1, throughput 0.2306 Mops
1, throughput 0.2300 Mops
1, throughput 0.2300 Mops
1, throughput 0.2293 Mops
1, throughput 0.2249 Mops
1, throughput 0.2308 Mops
1, throughput 0.2311 Mops
1, throughput 0.2315 Mops
1, throughput 0.2278 Mops
1, throughput 0.2319 Mops
1, throughput 0.2315 Mops
1, throughput 0.2315 Mops
1, throughput 0.2315 Mops
1, throughput 0.2296 Mops
1, throughput 0.2302 Mops
1, throughput 0.2300 Mops
1, throughput 0.2307 Mops
1, throughput 0.2311 Mops
1, throughput 0.2324 Mops
1, throughput 0.2318 Mops
1, throughput 0.2302 Mops
1, throughput 0.2301 Mops
1, throughput 0.2301 Mops
1, throughput 0.2288 Mops
1, throughput 0.2263 Mops
1, throughput 0.2287 Mops
1, throughput 0.2312 Mops
1, throughput 0.2299 Mops
1, throughput 0.2302 Mops
1, throughput 0.2288 Mops
1, throughput 0.2310 Mops
1, throughput 0.2303 Mops
1, throughput 0.2313 Mops
1, throughput 0.2299 Mops
1, throughput 0.2297 Mops
1, throughput 0.2304 Mops
1, throughput 0.2273 Mops
1, throughput 0.2313 Mops
1, throughput 0.2317 Mops
1, throughput 0.2323 Mops
1, throughput 0.2291 Mops
1, throughput 0.2303 Mops
1, throughput 0.2323 Mops
1, throughput 0.2300 Mops
1, throughput 0.2296 Mops
1, throughput 0.2278 Mops
1, throughput 0.2318 Mops
1, throughput 0.2315 Mops
1, throughput 0.2312 Mops
1, throughput 0.2296 Mops
1, throughput 0.2309 Mops
1, throughput 0.2296 Mops
1, throughput 0.2305 Mops
1, throughput 0.2307 Mops
1, throughput 0.2301 Mops
1, throughput 0.2312 Mops
1, throughput 0.2292 Mops
1, throughput 0.2323 Mops
1, throughput 0.2309 Mops
1, throughput 0.2299 Mops
1, throughput 0.2299 Mops
1, throughput 0.2315 Mops
1, throughput 0.2302 Mops
1, throughput 0.2306 Mops
1, throughput 0.2299 Mops
1, throughput 0.2264 Mops
1, throughput 0.2294 Mops
1, throughput 0.2308 Mops
1, throughput 0.2331 Mops
1, throughput 0.2319 Mops
1, throughput 0.2303 Mops
1, throughput 0.2325 Mops
1, throughput 0.2310 Mops
1, throughput 0.2302 Mops
1, throughput 0.2313 Mops
1, throughput 0.2297 Mops
1, throughput 0.2311 Mops
1, throughput 0.2305 Mops
1, throughput 0.2316 Mops
1, throughput 0.2301 Mops
1, throughput 0.2308 Mops
1, throughput 0.2333 Mops
1, throughput 0.2305 Mops
1, throughput 0.2292 Mops
1, throughput 0.2299 Mops
1, throughput 0.2295 Mops
1, throughput 0.2274 Mops
1, throughput 0.2325 Mops
1, throughput 0.2320 Mops
1, throughput 0.2303 Mops
1, throughput 0.2302 Mops
1, throughput 0.2325 Mops
1, throughput 0.2320 Mops
1, throughput 0.2308 Mops
1, throughput 0.2309 Mops
1, throughput 0.2312 Mops
1, throughput 0.2295 Mops
1, throughput 0.2285 Mops
1, throughput 0.2307 Mops
1, throughput 0.2307 Mops
1, throughput 0.2316 Mops
1, throughput 0.2300 Mops
1, throughput 0.2313 Mops
1, throughput 0.2305 Mops
1, throughput 0.2294 Mops
1, throughput 0.2302 Mops
1, throughput 0.2288 Mops
1, throughput 0.2289 Mops
1, throughput 0.2311 Mops
1, throughput 0.2302 Mops
1, throughput 0.2285 Mops
1, throughput 0.2311 Mops
1, throughput 0.2316 Mops
1, throughput 0.2301 Mops
1, throughput 0.2301 Mops
1, throughput 0.2299 Mops
1, throughput 0.2304 Mops
1, throughput 0.2315 Mops
1, throughput 0.2318 Mops
1, throughput 0.2288 Mops
1, throughput 0.2324 Mops
1, throughput 0.2303 Mops
1, throughput 0.2324 Mops
1, throughput 0.2298 Mops
1, throughput 0.2306 Mops
1, throughput 0.2303 Mops
1, throughput 0.2308 Mops
1, throughput 0.2253 Mops
1, throughput 0.2287 Mops
1, throughput 0.2295 Mops
1, throughput 0.2298 Mops
1, throughput 0.2297 Mops
1, throughput 0.2308 Mops
1, throughput 0.2300 Mops
1, throughput 0.2298 Mops
1, throughput 0.2306 Mops
1, throughput 0.2304 Mops
1, throughput 0.2306 Mops
1, throughput 0.2300 Mops
1, throughput 0.2315 Mops
1, throughput 0.2321 Mops
1, throughput 0.2314 Mops
1, throughput 0.2322 Mops
1, throughput 0.2289 Mops
1, throughput 0.2309 Mops
1, throughput 0.2310 Mops
1, throughput 0.2318 Mops
1, throughput 0.2295 Mops
1, throughput 0.2219 Mops
1, throughput 0.2007 Mops
1, throughput 0.1384 Mops
1, throughput 0.1266 Mops
1, throughput 0.1273 Mops
1, throughput 0.1270 Mops
1, throughput 0.1272 Mops
1, throughput 0.1270 Mops
1, throughput 0.1273 Mops
1, throughput 0.1269 Mops
1, throughput 0.1266 Mops
1, throughput 0.1275 Mops
1, throughput 0.1276 Mops
1, throughput 0.1118 Mops
1, throughput 0.0552 Mops
1, throughput 0.0087 Mops
[RESULT node 1] ops=29999988 elapsed=133.904s throughput=0.2240 Mops mode=op-bounded
[RDMA node 1] ops=29999988 posts=855661114 read_wr=1051377145 read_bytes=213429551876 write_wr=0 write_bytes=0 atomic_wr=0 send_wr=0 send_bytes=0
[RDMA node 1] per_op: round_trips=28.5220 reads=35.0459 writes=0.0000 atomics=0.0000 sends=0.0000 verbs=35.0459 bytes=7114.3

==================== LATENCY BUCKETS (500 ns) [node 1] ====================
[RANGE]
  ALL                n=29999988   mean=  156.00us  p50=  59.50us  p90= 595.00us  p99= 815.00us  p99.9= 938.00us  max>=1000.00us
  DIRECT (1-sided)   n=29999988   mean=  156.00us  p50=  59.50us  p90= 595.00us  p99= 815.00us  p99.9= 938.00us  max>=1000.00us
  OFFLOAD (rpc)             (no samples)
[ALL OPS]
  ALL                n=29999988   mean=  156.00us  p50=  59.50us  p90= 595.00us  p99= 815.00us  p99.9= 938.00us  max>=1000.00us
  DIRECT (1-sided)   n=29999988   mean=  156.00us  p50=  59.50us  p90= 595.00us  p99= 815.00us  p99.9= 938.00us  max>=1000.00us
  OFFLOAD (rpc)             (no samples)

----- 500 ns bucket CDF (all ops) [node 1] -----
  bucket [lo,hi) ns             count        pct       cdf
  [     7500,     8000)            1    0.0000%   0.0000%
  [    16500,    17000)            1    0.0000%   0.0000%
  [    44500,    45000)           15    0.0001%   0.0001%
  [    45000,    45500)           61    0.0002%   0.0003%
  [    45500,    46000)          288    0.0010%   0.0012%
  [    46000,    46500)          807    0.0027%   0.0039%
  [    46500,    47000)         2064    0.0069%   0.0108%
  [    47000,    47500)         4183    0.0139%   0.0247%
  [    47500,    48000)         7205    0.0240%   0.0488%
  [    48000,    48500)        10111    0.0337%   0.0825%
  [    48500,    49000)        13970    0.0466%   0.1290%
  [    49000,    49500)        22957    0.0765%   0.2055%
  [    49500,    50000)        40618    0.1354%   0.3409%
  [    50000,    50500)        70719    0.2357%   0.5767%
  [    50500,    51000)       115847    0.3862%   0.9628%
  [    51000,    51500)       183916    0.6131%   1.5759%
  [    51500,    52000)       276612    0.9220%   2.4979%
  [    52000,    52500)       378160    1.2605%   3.7585%
  [    52500,    53000)       471095    1.5703%   5.3288%
  [    53000,    53500)       557326    1.8578%   7.1865%
  [    53500,    54000)       650272    2.1676%   9.3541%
  [    54000,    54500)       761723    2.5391%  11.8932%
  [    54500,    55000)       890072    2.9669%  14.8601%
  [    55000,    55500)      1019424    3.3981%  18.2582%
  [    55500,    56000)      1140440    3.8015%  22.0596%
  [    56000,    56500)      1236358    4.1212%  26.1808%
  [    56500,    57000)      1299036    4.3301%  30.5109%
  [    57000,    57500)      1326585    4.4220%  34.9329%
  [    57500,    58000)      1333935    4.4465%  39.3794%
  [    58000,    58500)      1336776    4.4559%  43.8353%
  [    58500,    59000)      1303608    4.3454%  48.1806%
  [    59000,    59500)      1195363    3.9845%  52.1652%
  [    59500,    60000)      1099886    3.6663%  55.8315%
  [    60000,    60500)      1024351    3.4145%  59.2460%
  [    60500,    61000)       945736    3.1525%  62.3984%
  [    61000,    61500)       861200    2.8707%  65.2691%
  [    61500,    62000)       784611    2.6154%  67.8845%
  [    62000,    62500)       708028    2.3601%  70.2446%
  [    62500,    63000)       581591    1.9386%  72.1832%
  [    63000,    63500)       463192    1.5440%  73.7272%
  [    63500,    64000)       372161    1.2405%  74.9677%
  [    64000,    64500)       298254    0.9942%  75.9619%
  [    64500,    65000)       235024    0.7834%  76.7453%
  [    65000,    65500)       183948    0.6132%  77.3585%
  [    65500,    66000)       145859    0.4862%  77.8447%
  [    66000,    66500)       115963    0.3865%  78.2312%
  [    66500,    67000)        89000    0.2967%  78.5279%
  [    67000,    67500)        69446    0.2315%  78.7594%
  [    67500,    68000)        55231    0.1841%  78.9435%
  [    68000,    68500)        44144    0.1471%  79.0906%
  [    68500,    69000)        35441    0.1181%  79.2087%
  [    69000,    69500)        28007    0.0934%  79.3021%
  [    69500,    70000)        22263    0.0742%  79.3763%
  [    70000,    70500)        17981    0.0599%  79.4362%
  [    70500,    71000)        14010    0.0467%  79.4829%
  [    71000,    71500)        11025    0.0368%  79.5197%
  [    71500,    72000)         8648    0.0288%  79.5485%
  [    72000,    72500)         6981    0.0233%  79.5718%
  [    72500,    73000)         5839    0.0195%  79.5913%
  [    73000,    73500)         4914    0.0164%  79.6076%
  [    73500,    74000)         4084    0.0136%  79.6213%
  [    74000,    74500)         3602    0.0120%  79.6333%
  [    74500,    75000)         3164    0.0105%  79.6438%
  [    75000,    75500)         2755    0.0092%  79.6530%
  [    75500,    76000)         2475    0.0083%  79.6612%
  [    76000,    76500)         2155    0.0072%  79.6684%
  [    76500,    77000)         1913    0.0064%  79.6748%
  [    77000,    77500)         1822    0.0061%  79.6809%
  [    77500,    78000)         1697    0.0057%  79.6865%
  [    78000,    78500)         1659    0.0055%  79.6921%
  [    78500,    79000)         1509    0.0050%  79.6971%
  [    79000,    79500)         1324    0.0044%  79.7015%
  [    79500,    80000)         1303    0.0043%  79.7058%
  [    80000,    80500)         1242    0.0041%  79.7100%
  [    80500,    81000)         1192    0.0040%  79.7140%
  [    81000,    81500)         1097    0.0037%  79.7176%
  [    81500,    82000)         1073    0.0036%  79.7212%
  [    82000,    82500)         1002    0.0033%  79.7245%
  [    82500,    83000)         1092    0.0036%  79.7282%
  [    83000,    83500)          971    0.0032%  79.7314%
  [    83500,    84000)          940    0.0031%  79.7345%
  [    84000,    84500)          934    0.0031%  79.7377%
  [    84500,    85000)          825    0.0028%  79.7404%
  [    85000,    85500)          836    0.0028%  79.7432%
  [    85500,    86000)          870    0.0029%  79.7461%
  [    86000,    86500)          805    0.0027%  79.7488%
  [    86500,    87000)          859    0.0029%  79.7516%
  [    87000,    87500)          769    0.0026%  79.7542%
  [    87500,    88000)          772    0.0026%  79.7568%
  [    88000,    88500)          748    0.0025%  79.7593%
  [    88500,    89000)          774    0.0026%  79.7618%
  [    89000,    89500)          795    0.0027%  79.7645%
  [    89500,    90000)          739    0.0025%  79.7670%
  [    90000,    90500)          807    0.0027%  79.7697%
  [    90500,    91000)          762    0.0025%  79.7722%
  [    91000,    91500)          780    0.0026%  79.7748%
  [    91500,    92000)          714    0.0024%  79.7772%
  [    92000,    92500)          743    0.0025%  79.7796%
  [    92500,    93000)          696    0.0023%  79.7820%
  [    93000,    93500)          753    0.0025%  79.7845%
  [    93500,    94000)          802    0.0027%  79.7872%
  [    94000,    94500)          754    0.0025%  79.7897%
  [    94500,    95000)          768    0.0026%  79.7922%
  [    95000,    95500)          754    0.0025%  79.7947%
  [    95500,    96000)          732    0.0024%  79.7972%
  [    96000,    96500)          700    0.0023%  79.7995%
  [    96500,    97000)          740    0.0025%  79.8020%
  [    97000,    97500)          733    0.0024%  79.8044%
  [    97500,    98000)          744    0.0025%  79.8069%
  [    98000,    98500)          761    0.0025%  79.8094%
  [    98500,    99000)          708    0.0024%  79.8118%
  [    99000,    99500)          786    0.0026%  79.8144%
  [    99500,   100000)          765    0.0026%  79.8170%
  [   100000,   100500)          705    0.0024%  79.8193%
  [   100500,   101000)          762    0.0025%  79.8219%
  [   101000,   101500)          823    0.0027%  79.8246%
  [   101500,   102000)          805    0.0027%  79.8273%
  [   102000,   102500)          813    0.0027%  79.8300%
  [   102500,   103000)          757    0.0025%  79.8325%
  [   103000,   103500)          767    0.0026%  79.8351%
  [   103500,   104000)          759    0.0025%  79.8376%
  [   104000,   104500)          725    0.0024%  79.8400%
  [   104500,   105000)          765    0.0026%  79.8426%
  [   105000,   105500)          766    0.0026%  79.8451%
  [   105500,   106000)          800    0.0027%  79.8478%
  [   106000,   106500)          784    0.0026%  79.8504%
  [   106500,   107000)          812    0.0027%  79.8531%
  [   107000,   107500)          801    0.0027%  79.8558%
  [   107500,   108000)          772    0.0026%  79.8584%
  [   108000,   108500)          809    0.0027%  79.8611%
  [   108500,   109000)          802    0.0027%  79.8637%
  [   109000,   109500)          720    0.0024%  79.8661%
  [   109500,   110000)          790    0.0026%  79.8688%
  [   110000,   110500)          764    0.0025%  79.8713%
  [   110500,   111000)          824    0.0027%  79.8741%
  [   111000,   111500)          796    0.0027%  79.8767%
  [   111500,   112000)          792    0.0026%  79.8793%
  [   112000,   112500)          864    0.0029%  79.8822%
  [   112500,   113000)          805    0.0027%  79.8849%
  [   113000,   113500)          838    0.0028%  79.8877%
  [   113500,   114000)          847    0.0028%  79.8905%
  [   114000,   114500)          807    0.0027%  79.8932%
  [   114500,   115000)          864    0.0029%  79.8961%
  [   115000,   115500)          819    0.0027%  79.8988%
  [   115500,   116000)          816    0.0027%  79.9015%
  [   116000,   116500)          763    0.0025%  79.9041%
  [   116500,   117000)          803    0.0027%  79.9068%
  [   117000,   117500)          800    0.0027%  79.9094%
  [   117500,   118000)          834    0.0028%  79.9122%
  [   118000,   118500)          778    0.0026%  79.9148%
  [   118500,   119000)          772    0.0026%  79.9174%
  [   119000,   119500)          837    0.0028%  79.9202%
  [   119500,   120000)          836    0.0028%  79.9230%
  [   120000,   120500)          824    0.0027%  79.9257%
  [   120500,   121000)          810    0.0027%  79.9284%
  [   121000,   121500)          820    0.0027%  79.9311%
  [   121500,   122000)          829    0.0028%  79.9339%
  [   122000,   122500)          846    0.0028%  79.9367%
  [   122500,   123000)          832    0.0028%  79.9395%
  [   123000,   123500)          885    0.0030%  79.9424%
  [   123500,   124000)          847    0.0028%  79.9453%
  [   124000,   124500)          832    0.0028%  79.9480%
  [   124500,   125000)          741    0.0025%  79.9505%
  [   125000,   125500)          787    0.0026%  79.9531%
  [   125500,   126000)          838    0.0028%  79.9559%
  [   126000,   126500)          851    0.0028%  79.9588%
  [   126500,   127000)          876    0.0029%  79.9617%
  [   127000,   127500)          866    0.0029%  79.9646%
  [   127500,   128000)          864    0.0029%  79.9674%
  [   128000,   128500)          892    0.0030%  79.9704%
  [   128500,   129000)          878    0.0029%  79.9733%
  [   129000,   129500)          939    0.0031%  79.9765%
  [   129500,   130000)          933    0.0031%  79.9796%
  [   130000,   130500)          926    0.0031%  79.9827%
  [   130500,   131000)          938    0.0031%  79.9858%
  [   131000,   131500)          945    0.0032%  79.9890%
  [   131500,   132000)          930    0.0031%  79.9921%
  [   132000,   132500)          915    0.0031%  79.9951%
  [   132500,   133000)          898    0.0030%  79.9981%
  [   133000,   133500)          970    0.0032%  80.0013%
  [   133500,   134000)         1022    0.0034%  80.0047%
  [   134000,   134500)         1021    0.0034%  80.0081%
  [   134500,   135000)          955    0.0032%  80.0113%
  [   135000,   135500)         1040    0.0035%  80.0148%
  [   135500,   136000)         1025    0.0034%  80.0182%
  [   136000,   136500)         1034    0.0034%  80.0217%
  [   136500,   137000)         1040    0.0035%  80.0251%
  [   137000,   137500)         1118    0.0037%  80.0288%
  [   137500,   138000)         1120    0.0037%  80.0326%
  [   138000,   138500)         1147    0.0038%  80.0364%
  [   138500,   139000)         1143    0.0038%  80.0402%
  [   139000,   139500)         1215    0.0041%  80.0443%
  [   139500,   140000)         1141    0.0038%  80.0481%
  [   140000,   140500)         1188    0.0040%  80.0520%
  [   140500,   141000)         1248    0.0042%  80.0562%
  [   141000,   141500)         1289    0.0043%  80.0605%
  [   141500,   142000)         1292    0.0043%  80.0648%
  [   142000,   142500)         1313    0.0044%  80.0692%
  [   142500,   143000)         1362    0.0045%  80.0737%
  [   143000,   143500)         1366    0.0046%  80.0783%
  [   143500,   144000)         1418    0.0047%  80.0830%
  [   144000,   144500)         1453    0.0048%  80.0878%
  [   144500,   145000)         1450    0.0048%  80.0927%
  [   145000,   145500)         1502    0.0050%  80.0977%
  [   145500,   146000)         1568    0.0052%  80.1029%
  [   146000,   146500)         1545    0.0052%  80.1080%
  [   146500,   147000)         1660    0.0055%  80.1136%
  [   147000,   147500)         1489    0.0050%  80.1185%
  [   147500,   148000)         1651    0.0055%  80.1240%
  [   148000,   148500)         1635    0.0055%  80.1295%
  [   148500,   149000)         1677    0.0056%  80.1351%
  [   149000,   149500)         1768    0.0059%  80.1410%
  [   149500,   150000)         1819    0.0061%  80.1470%
  [   150000,   150500)         1801    0.0060%  80.1530%
  [   150500,   151000)         1793    0.0060%  80.1590%
  [   151000,   151500)         1847    0.0062%  80.1652%
  [   151500,   152000)         1837    0.0061%  80.1713%
  [   152000,   152500)         1927    0.0064%  80.1777%
  [   152500,   153000)         1986    0.0066%  80.1843%
  [   153000,   153500)         1915    0.0064%  80.1907%
  [   153500,   154000)         2125    0.0071%  80.1978%
  [   154000,   154500)         2073    0.0069%  80.2047%
  [   154500,   155000)         2058    0.0069%  80.2116%
  [   155000,   155500)         2085    0.0070%  80.2185%
  [   155500,   156000)         2177    0.0073%  80.2258%
  [   156000,   156500)         2069    0.0069%  80.2327%
  [   156500,   157000)         2257    0.0075%  80.2402%
  [   157000,   157500)         2322    0.0077%  80.2479%
  [   157500,   158000)         2354    0.0078%  80.2558%
  [   158000,   158500)         2321    0.0077%  80.2635%
  [   158500,   159000)         2440    0.0081%  80.2717%
  [   159000,   159500)         2340    0.0078%  80.2795%
  [   159500,   160000)         2320    0.0077%  80.2872%
  [   160000,   160500)         2416    0.0081%  80.2953%
  [   160500,   161000)         2500    0.0083%  80.3036%
  [   161000,   161500)         2448    0.0082%  80.3117%
  [   161500,   162000)         2413    0.0080%  80.3198%
  [   162000,   162500)         2585    0.0086%  80.3284%
  [   162500,   163000)         2666    0.0089%  80.3373%
  [   163000,   163500)         2517    0.0084%  80.3457%
  [   163500,   164000)         2607    0.0087%  80.3544%
  [   164000,   164500)         2636    0.0088%  80.3632%
  [   164500,   165000)         2707    0.0090%  80.3722%
  [   165000,   165500)         2808    0.0094%  80.3815%
  [   165500,   166000)         2659    0.0089%  80.3904%
  [   166000,   166500)         2843    0.0095%  80.3999%
  [   166500,   167000)         2798    0.0093%  80.4092%
  [   167000,   167500)         2787    0.0093%  80.4185%
  [   167500,   168000)         2925    0.0098%  80.4282%
  [   168000,   168500)         2879    0.0096%  80.4378%
  [   168500,   169000)         2962    0.0099%  80.4477%
  [   169000,   169500)         2993    0.0100%  80.4577%
  [   169500,   170000)         2983    0.0099%  80.4676%
  [   170000,   170500)         2931    0.0098%  80.4774%
  [   170500,   171000)         2943    0.0098%  80.4872%
  [   171000,   171500)         2984    0.0099%  80.4972%
  [   171500,   172000)         3037    0.0101%  80.5073%
  [   172000,   172500)         3036    0.0101%  80.5174%
  [   172500,   173000)         3065    0.0102%  80.5276%
  [   173000,   173500)         3178    0.0106%  80.5382%
  [   173500,   174000)         3102    0.0103%  80.5486%
  [   174000,   174500)         3186    0.0106%  80.5592%
  [   174500,   175000)         3217    0.0107%  80.5699%
  [   175000,   175500)         3167    0.0106%  80.5805%
  [   175500,   176000)         3154    0.0105%  80.5910%
  [   176000,   176500)         3315    0.0111%  80.6020%
  [   176500,   177000)         3183    0.0106%  80.6126%
  [   177000,   177500)         3250    0.0108%  80.6235%
  [   177500,   178000)         3290    0.0110%  80.6344%
  [   178000,   178500)         3327    0.0111%  80.6455%
  [   178500,   179000)         3268    0.0109%  80.6564%
  [   179000,   179500)         3273    0.0109%  80.6673%
  [   179500,   180000)         3272    0.0109%  80.6782%
  [   180000,   180500)         3363    0.0112%  80.6894%
  [   180500,   181000)         3311    0.0110%  80.7005%
  [   181000,   181500)         3340    0.0111%  80.7116%
  [   181500,   182000)         3378    0.0113%  80.7229%
  [   182000,   182500)         3241    0.0108%  80.7337%
  [   182500,   183000)         3331    0.0111%  80.7448%
  [   183000,   183500)         3339    0.0111%  80.7559%
  [   183500,   184000)         3413    0.0114%  80.7673%
  [   184000,   184500)         3496    0.0117%  80.7789%
  [   184500,   185000)         3500    0.0117%  80.7906%
  [   185000,   185500)         3402    0.0113%  80.8019%
  [   185500,   186000)         3291    0.0110%  80.8129%
  [   186000,   186500)         3539    0.0118%  80.8247%
  [   186500,   187000)         3356    0.0112%  80.8359%
  [   187000,   187500)         3404    0.0113%  80.8472%
  [   187500,   188000)         3389    0.0113%  80.8585%
  [   188000,   188500)         3392    0.0113%  80.8698%
  [   188500,   189000)         3368    0.0112%  80.8811%
  [   189000,   189500)         3523    0.0117%  80.8928%
  [   189500,   190000)         3489    0.0116%  80.9044%
  [   190000,   190500)         3494    0.0116%  80.9161%
  [   190500,   191000)         3388    0.0113%  80.9274%
  [   191000,   191500)         3433    0.0114%  80.9388%
  [   191500,   192000)         3443    0.0115%  80.9503%
  [   192000,   192500)         3460    0.0115%  80.9618%
  [   192500,   193000)         3552    0.0118%  80.9737%
  [   193000,   193500)         3559    0.0119%  80.9855%
  [   193500,   194000)         3390    0.0113%  80.9968%
  [   194000,   194500)         3565    0.0119%  81.0087%
  [   194500,   195000)         3463    0.0115%  81.0203%
  [   195000,   195500)         3442    0.0115%  81.0317%
  [   195500,   196000)         3581    0.0119%  81.0437%
  [   196000,   196500)         3529    0.0118%  81.0554%
  [   196500,   197000)         3552    0.0118%  81.0673%
  [   197000,   197500)         3524    0.0117%  81.0790%
  [   197500,   198000)         3567    0.0119%  81.0909%
  [   198000,   198500)         3581    0.0119%  81.1029%
  [   198500,   199000)         3644    0.0121%  81.1150%
  [   199000,   199500)         3439    0.0115%  81.1265%
  [   199500,   200000)         3632    0.0121%  81.1386%
  [   200000,   200500)         3703    0.0123%  81.1509%
  [   200500,   201000)         3608    0.0120%  81.1629%
  [   201000,   201500)         3492    0.0116%  81.1746%
  [   201500,   202000)         3643    0.0121%  81.1867%
  [   202000,   202500)         3480    0.0116%  81.1983%
  [   202500,   203000)         3488    0.0116%  81.2100%
  [   203000,   203500)         3579    0.0119%  81.2219%
  [   203500,   204000)         3540    0.0118%  81.2337%
  [   204000,   204500)         3462    0.0115%  81.2452%
  [   204500,   205000)         3681    0.0123%  81.2575%
  [   205000,   205500)         3615    0.0121%  81.2695%
  [   205500,   206000)         3453    0.0115%  81.2811%
  [   206000,   206500)         3375    0.0113%  81.2923%
  [   206500,   207000)         3476    0.0116%  81.3039%
  [   207000,   207500)         3520    0.0117%  81.3156%
  [   207500,   208000)         3676    0.0123%  81.3279%
  [   208000,   208500)         3548    0.0118%  81.3397%
  [   208500,   209000)         3553    0.0118%  81.3515%
  [   209000,   209500)         3597    0.0120%  81.3635%
  [   209500,   210000)         3460    0.0115%  81.3751%
  [   210000,   210500)         3398    0.0113%  81.3864%
  [   210500,   211000)         3497    0.0117%  81.3981%
  [   211000,   211500)         3459    0.0115%  81.4096%
  [   211500,   212000)         3638    0.0121%  81.4217%
  [   212000,   212500)         3647    0.0122%  81.4339%
  [   212500,   213000)         3497    0.0117%  81.4455%
  [   213000,   213500)         3491    0.0116%  81.4572%
  [   213500,   214000)         3530    0.0118%  81.4689%
  [   214000,   214500)         3504    0.0117%  81.4806%
  [   214500,   215000)         3416    0.0114%  81.4920%
  [   215000,   215500)         3543    0.0118%  81.5038%
  [   215500,   216000)         3528    0.0118%  81.5156%
  [   216000,   216500)         3570    0.0119%  81.5275%
  [   216500,   217000)         3709    0.0124%  81.5398%
  [   217000,   217500)         3491    0.0116%  81.5515%
  [   217500,   218000)         3527    0.0118%  81.5632%
  [   218000,   218500)         3464    0.0115%  81.5748%
  [   218500,   219000)         3420    0.0114%  81.5862%
  [   219000,   219500)         3451    0.0115%  81.5977%
  [   219500,   220000)         3604    0.0120%  81.6097%
  [   220000,   220500)         3560    0.0119%  81.6216%
  [   220500,   221000)         3465    0.0116%  81.6331%
  [   221000,   221500)         3524    0.0117%  81.6448%
  [   221500,   222000)         3504    0.0117%  81.6565%
  [   222000,   222500)         3563    0.0119%  81.6684%
  [   222500,   223000)         3480    0.0116%  81.6800%
  [   223000,   223500)         3438    0.0115%  81.6915%
  [   223500,   224000)         3448    0.0115%  81.7030%
  [   224000,   224500)         3396    0.0113%  81.7143%
  [   224500,   225000)         3488    0.0116%  81.7259%
  [   225000,   225500)         3545    0.0118%  81.7377%
  [   225500,   226000)         3532    0.0118%  81.7495%
  [   226000,   226500)         3486    0.0116%  81.7611%
  [   226500,   227000)         3357    0.0112%  81.7723%
  [   227000,   227500)         3436    0.0115%  81.7838%
  [   227500,   228000)         3560    0.0119%  81.7956%
  [   228000,   228500)         3404    0.0113%  81.8070%
  [   228500,   229000)         3519    0.0117%  81.8187%
  [   229000,   229500)         3549    0.0118%  81.8305%
  [   229500,   230000)         3507    0.0117%  81.8422%
  [   230000,   230500)         3449    0.0115%  81.8537%
  [   230500,   231000)         3370    0.0112%  81.8650%
  [   231000,   231500)         3426    0.0114%  81.8764%
  [   231500,   232000)         3376    0.0113%  81.8876%
  [   232000,   232500)         3443    0.0115%  81.8991%
  [   232500,   233000)         3468    0.0116%  81.9107%
  [   233000,   233500)         3494    0.0116%  81.9223%
  [   233500,   234000)         3409    0.0114%  81.9337%
  [   234000,   234500)         3456    0.0115%  81.9452%
  [   234500,   235000)         3377    0.0113%  81.9564%
  [   235000,   235500)         3410    0.0114%  81.9678%
  [   235500,   236000)         3393    0.0113%  81.9791%
  [   236000,   236500)         3330    0.0111%  81.9902%
  [   236500,   237000)         3476    0.0116%  82.0018%
  [   237000,   237500)         3416    0.0114%  82.0132%
  [   237500,   238000)         3333    0.0111%  82.0243%
  [   238000,   238500)         3408    0.0114%  82.0357%
  [   238500,   239000)         3310    0.0110%  82.0467%
  [   239000,   239500)         3266    0.0109%  82.0576%
  [   239500,   240000)         3504    0.0117%  82.0693%
  [   240000,   240500)         3400    0.0113%  82.0806%
  [   240500,   241000)         3319    0.0111%  82.0917%
  [   241000,   241500)         3380    0.0113%  82.1029%
  [   241500,   242000)         3327    0.0111%  82.1140%
  [   242000,   242500)         3365    0.0112%  82.1252%
  [   242500,   243000)         3341    0.0111%  82.1364%
  [   243000,   243500)         3435    0.0115%  82.1478%
  [   243500,   244000)         3249    0.0108%  82.1587%
  [   244000,   244500)         3405    0.0114%  82.1700%
  [   244500,   245000)         3265    0.0109%  82.1809%
  [   245000,   245500)         3296    0.0110%  82.1919%
  [   245500,   246000)         3368    0.0112%  82.2031%
  [   246000,   246500)         3306    0.0110%  82.2141%
  [   246500,   247000)         3205    0.0107%  82.2248%
  [   247000,   247500)         3325    0.0111%  82.2359%
  [   247500,   248000)         3365    0.0112%  82.2471%
  [   248000,   248500)         3278    0.0109%  82.2580%
  [   248500,   249000)         3367    0.0112%  82.2693%
  [   249000,   249500)         3235    0.0108%  82.2800%
  [   249500,   250000)         3215    0.0107%  82.2908%
  [   250000,   250500)         3218    0.0107%  82.3015%
  [   250500,   251000)         3342    0.0111%  82.3126%
  [   251000,   251500)         3318    0.0111%  82.3237%
  [   251500,   252000)         3343    0.0111%  82.3348%
  [   252000,   252500)         3316    0.0111%  82.3459%
  [   252500,   253000)         3340    0.0111%  82.3570%
  [   253000,   253500)         3345    0.0112%  82.3682%
  [   253500,   254000)         3184    0.0106%  82.3788%
  [   254000,   254500)         3285    0.0110%  82.3897%
  [   254500,   255000)         3306    0.0110%  82.4007%
  [   255000,   255500)         3148    0.0105%  82.4112%
  [   255500,   256000)         3327    0.0111%  82.4223%
  [   256000,   256500)         3242    0.0108%  82.4331%
  [   256500,   257000)         3315    0.0111%  82.4442%
  [   257000,   257500)         3157    0.0105%  82.4547%
  [   257500,   258000)         3217    0.0107%  82.4654%
  [   258000,   258500)         3119    0.0104%  82.4758%
  [   258500,   259000)         3281    0.0109%  82.4868%
  [   259000,   259500)         3394    0.0113%  82.4981%
  [   259500,   260000)         3251    0.0108%  82.5089%
  [   260000,   260500)         3255    0.0109%  82.5198%
  [   260500,   261000)         3234    0.0108%  82.5305%
  [   261000,   261500)         3226    0.0108%  82.5413%
  [   261500,   262000)         3065    0.0102%  82.5515%
  [   262000,   262500)         3205    0.0107%  82.5622%
  [   262500,   263000)         3212    0.0107%  82.5729%
  [   263000,   263500)         3272    0.0109%  82.5838%
  [   263500,   264000)         3209    0.0107%  82.5945%
  [   264000,   264500)         3229    0.0108%  82.6053%
  [   264500,   265000)         3247    0.0108%  82.6161%
  [   265000,   265500)         3205    0.0107%  82.6268%
  [   265500,   266000)         3124    0.0104%  82.6372%
  [   266000,   266500)         3247    0.0108%  82.6480%
  [   266500,   267000)         3271    0.0109%  82.6589%
  [   267000,   267500)         3234    0.0108%  82.6697%
  [   267500,   268000)         3206    0.0107%  82.6804%
  [   268000,   268500)         3181    0.0106%  82.6910%
  [   268500,   269000)         3091    0.0103%  82.7013%
  [   269000,   269500)         3107    0.0104%  82.7116%
  [   269500,   270000)         3182    0.0106%  82.7223%
  [   270000,   270500)         3157    0.0105%  82.7328%
  [   270500,   271000)         3222    0.0107%  82.7435%
  [   271000,   271500)         3195    0.0107%  82.7542%
  [   271500,   272000)         3212    0.0107%  82.7649%
  [   272000,   272500)         3112    0.0104%  82.7752%
  [   272500,   273000)         3168    0.0106%  82.7858%
  [   273000,   273500)         3103    0.0103%  82.7962%
  [   273500,   274000)         3088    0.0103%  82.8064%
  [   274000,   274500)         3072    0.0102%  82.8167%
  [   274500,   275000)         3065    0.0102%  82.8269%
  [   275000,   275500)         3115    0.0104%  82.8373%
  [   275500,   276000)         3176    0.0106%  82.8479%
  [   276000,   276500)         3087    0.0103%  82.8582%
  [   276500,   277000)         3029    0.0101%  82.8683%
  [   277000,   277500)         3024    0.0101%  82.8783%
  [   277500,   278000)         3043    0.0101%  82.8885%
  [   278000,   278500)         3164    0.0105%  82.8990%
  [   278500,   279000)         3099    0.0103%  82.9094%
  [   279000,   279500)         3062    0.0102%  82.9196%
  [   279500,   280000)         3085    0.0103%  82.9298%
  [   280000,   280500)         3102    0.0103%  82.9402%
  [   280500,   281000)         3037    0.0101%  82.9503%
  [   281000,   281500)         3046    0.0102%  82.9605%
  [   281500,   282000)         3100    0.0103%  82.9708%
  [   282000,   282500)         3177    0.0106%  82.9814%
  [   282500,   283000)         3028    0.0101%  82.9915%
  [   283000,   283500)         3088    0.0103%  83.0018%
  [   283500,   284000)         3114    0.0104%  83.0122%
  [   284000,   284500)         3014    0.0100%  83.0222%
  [   284500,   285000)         3128    0.0104%  83.0326%
  [   285000,   285500)         3059    0.0102%  83.0428%
  [   285500,   286000)         3036    0.0101%  83.0529%
  [   286000,   286500)         3174    0.0106%  83.0635%
  [   286500,   287000)         2972    0.0099%  83.0734%
  [   287000,   287500)         3060    0.0102%  83.0836%
  [   287500,   288000)         3062    0.0102%  83.0938%
  [   288000,   288500)         3032    0.0101%  83.1039%
  [   288500,   289000)         2987    0.0100%  83.1139%
  [   289000,   289500)         2994    0.0100%  83.1239%
  [   289500,   290000)         3011    0.0100%  83.1339%
  [   290000,   290500)         3035    0.0101%  83.1440%
  [   290500,   291000)         3049    0.0102%  83.1542%
  [   291000,   291500)         3038    0.0101%  83.1643%
  [   291500,   292000)         2906    0.0097%  83.1740%
  [   292000,   292500)         2953    0.0098%  83.1839%
  [   292500,   293000)         3016    0.0101%  83.1939%
  [   293000,   293500)         2920    0.0097%  83.2036%
  [   293500,   294000)         2985    0.0100%  83.2136%
  [   294000,   294500)         2983    0.0099%  83.2235%
  [   294500,   295000)         3106    0.0104%  83.2339%
  [   295000,   295500)         3086    0.0103%  83.2442%
  [   295500,   296000)         2867    0.0096%  83.2537%
  [   296000,   296500)         3021    0.0101%  83.2638%
  [   296500,   297000)         2974    0.0099%  83.2737%
  [   297000,   297500)         2946    0.0098%  83.2835%
  [   297500,   298000)         3015    0.0101%  83.2936%
  [   298000,   298500)         2969    0.0099%  83.3035%
  [   298500,   299000)         2895    0.0097%  83.3131%
  [   299000,   299500)         2959    0.0099%  83.3230%
  [   299500,   300000)         2976    0.0099%  83.3329%
  [   300000,   300500)         3000    0.0100%  83.3429%
  [   300500,   301000)         2961    0.0099%  83.3528%
  [   301000,   301500)         2940    0.0098%  83.3626%
  [   301500,   302000)         2931    0.0098%  83.3724%
  [   302000,   302500)         2987    0.0100%  83.3823%
  [   302500,   303000)         2888    0.0096%  83.3919%
  [   303000,   303500)         2919    0.0097%  83.4017%
  [   303500,   304000)         2818    0.0094%  83.4111%
  [   304000,   304500)         2917    0.0097%  83.4208%
  [   304500,   305000)         2887    0.0096%  83.4304%
  [   305000,   305500)         2964    0.0099%  83.4403%
  [   305500,   306000)         2950    0.0098%  83.4501%
  [   306000,   306500)         2925    0.0098%  83.4599%
  [   306500,   307000)         2880    0.0096%  83.4695%
  [   307000,   307500)         2909    0.0097%  83.4792%
  [   307500,   308000)         2890    0.0096%  83.4888%
  [   308000,   308500)         2873    0.0096%  83.4984%
  [   308500,   309000)         2761    0.0092%  83.5076%
  [   309000,   309500)         2872    0.0096%  83.5172%
  [   309500,   310000)         2889    0.0096%  83.5268%
  [   310000,   310500)         2902    0.0097%  83.5365%
  [   310500,   311000)         2818    0.0094%  83.5459%
  [   311000,   311500)         2781    0.0093%  83.5551%
  [   311500,   312000)         2904    0.0097%  83.5648%
  [   312000,   312500)         2882    0.0096%  83.5744%
  [   312500,   313000)         2794    0.0093%  83.5837%
  [   313000,   313500)         2891    0.0096%  83.5934%
  [   313500,   314000)         2907    0.0097%  83.6031%
  [   314000,   314500)         2885    0.0096%  83.6127%
  [   314500,   315000)         2893    0.0096%  83.6223%
  [   315000,   315500)         2837    0.0095%  83.6318%
  [   315500,   316000)         2794    0.0093%  83.6411%
  [   316000,   316500)         2785    0.0093%  83.6504%
  [   316500,   317000)         2847    0.0095%  83.6599%
  [   317000,   317500)         2871    0.0096%  83.6694%
  [   317500,   318000)         2791    0.0093%  83.6787%
  [   318000,   318500)         2873    0.0096%  83.6883%
  [   318500,   319000)         2805    0.0094%  83.6977%
  [   319000,   319500)         2844    0.0095%  83.7071%
  [   319500,   320000)         2736    0.0091%  83.7163%
  [   320000,   320500)         2799    0.0093%  83.7256%
  [   320500,   321000)         2712    0.0090%  83.7346%
  [   321000,   321500)         2847    0.0095%  83.7441%
  [   321500,   322000)         2760    0.0092%  83.7533%
  [   322000,   322500)         2733    0.0091%  83.7624%
  [   322500,   323000)         2832    0.0094%  83.7719%
  [   323000,   323500)         2824    0.0094%  83.7813%
  [   323500,   324000)         2684    0.0089%  83.7902%
  [   324000,   324500)         2802    0.0093%  83.7996%
  [   324500,   325000)         2755    0.0092%  83.8087%
  [   325000,   325500)         2782    0.0093%  83.8180%
  [   325500,   326000)         2769    0.0092%  83.8273%
  [   326000,   326500)         2743    0.0091%  83.8364%
  [   326500,   327000)         2890    0.0096%  83.8460%
  [   327000,   327500)         2683    0.0089%  83.8550%
  [   327500,   328000)         2667    0.0089%  83.8639%
  [   328000,   328500)         2661    0.0089%  83.8727%
  [   328500,   329000)         2745    0.0092%  83.8819%
  [   329000,   329500)         2791    0.0093%  83.8912%
  [   329500,   330000)         2748    0.0092%  83.9003%
  [   330000,   330500)         2849    0.0095%  83.9098%
  [   330500,   331000)         2759    0.0092%  83.9190%
  [   331000,   331500)         2752    0.0092%  83.9282%
  [   331500,   332000)         2698    0.0090%  83.9372%
  [   332000,   332500)         2623    0.0087%  83.9459%
  [   332500,   333000)         2753    0.0092%  83.9551%
  [   333000,   333500)         2756    0.0092%  83.9643%
  [   333500,   334000)         2768    0.0092%  83.9735%
  [   334000,   334500)         2633    0.0088%  83.9823%
  [   334500,   335000)         2633    0.0088%  83.9911%
  [   335000,   335500)         2605    0.0087%  83.9998%
  [   335500,   336000)         2703    0.0090%  84.0088%
  [   336000,   336500)         2630    0.0088%  84.0176%
  [   336500,   337000)         2821    0.0094%  84.0270%
  [   337000,   337500)         2647    0.0088%  84.0358%
  [   337500,   338000)         2719    0.0091%  84.0448%
  [   338000,   338500)         2773    0.0092%  84.0541%
  [   338500,   339000)         2670    0.0089%  84.0630%
  [   339000,   339500)         2627    0.0088%  84.0717%
  [   339500,   340000)         2584    0.0086%  84.0804%
  [   340000,   340500)         2691    0.0090%  84.0893%
  [   340500,   341000)         2660    0.0089%  84.0982%
  [   341000,   341500)         2793    0.0093%  84.1075%
  [   341500,   342000)         2698    0.0090%  84.1165%
  [   342000,   342500)         2684    0.0089%  84.1254%
  [   342500,   343000)         2607    0.0087%  84.1341%
  [   343000,   343500)         2584    0.0086%  84.1427%
  [   343500,   344000)         2677    0.0089%  84.1517%
  [   344000,   344500)         2542    0.0085%  84.1601%
  [   344500,   345000)         2599    0.0087%  84.1688%
  [   345000,   345500)         2660    0.0089%  84.1777%
  [   345500,   346000)         2706    0.0090%  84.1867%
  [   346000,   346500)         2661    0.0089%  84.1956%
  [   346500,   347000)         2621    0.0087%  84.2043%
  [   347000,   347500)         2653    0.0088%  84.2131%
  [   347500,   348000)         2635    0.0088%  84.2219%
  [   348000,   348500)         2659    0.0089%  84.2308%
  [   348500,   349000)         2670    0.0089%  84.2397%
  [   349000,   349500)         2682    0.0089%  84.2486%
  [   349500,   350000)         2661    0.0089%  84.2575%
  [   350000,   350500)         2701    0.0090%  84.2665%
  [   350500,   351000)         2543    0.0085%  84.2750%
  [   351000,   351500)         2635    0.0088%  84.2838%
  [   351500,   352000)         2595    0.0087%  84.2924%
  [   352000,   352500)         2605    0.0087%  84.3011%
  [   352500,   353000)         2687    0.0090%  84.3101%
  [   353000,   353500)         2501    0.0083%  84.3184%
  [   353500,   354000)         2637    0.0088%  84.3272%
  [   354000,   354500)         2595    0.0087%  84.3358%
  [   354500,   355000)         2641    0.0088%  84.3446%
  [   355000,   355500)         2599    0.0087%  84.3533%
  [   355500,   356000)         2564    0.0085%  84.3618%
  [   356000,   356500)         2610    0.0087%  84.3705%
  [   356500,   357000)         2671    0.0089%  84.3794%
  [   357000,   357500)         2645    0.0088%  84.3883%
  [   357500,   358000)         2571    0.0086%  84.3968%
  [   358000,   358500)         2609    0.0087%  84.4055%
  [   358500,   359000)         2610    0.0087%  84.4142%
  [   359000,   359500)         2535    0.0085%  84.4227%
  [   359500,   360000)         2526    0.0084%  84.4311%
  [   360000,   360500)         2581    0.0086%  84.4397%
  [   360500,   361000)         2607    0.0087%  84.4484%
  [   361000,   361500)         2573    0.0086%  84.4570%
  [   361500,   362000)         2643    0.0088%  84.4658%
  [   362000,   362500)         2506    0.0084%  84.4741%
  [   362500,   363000)         2534    0.0084%  84.4826%
  [   363000,   363500)         2540    0.0085%  84.4910%
  [   363500,   364000)         2567    0.0086%  84.4996%
  [   364000,   364500)         2568    0.0086%  84.5082%
  [   364500,   365000)         2572    0.0086%  84.5167%
  [   365000,   365500)         2498    0.0083%  84.5251%
  [   365500,   366000)         2574    0.0086%  84.5336%
  [   366000,   366500)         2554    0.0085%  84.5422%
  [   366500,   367000)         2578    0.0086%  84.5507%
  [   367000,   367500)         2517    0.0084%  84.5591%
  [   367500,   368000)         2538    0.0085%  84.5676%
  [   368000,   368500)         2661    0.0089%  84.5765%
  [   368500,   369000)         2448    0.0082%  84.5846%
  [   369000,   369500)         2523    0.0084%  84.5930%
  [   369500,   370000)         2544    0.0085%  84.6015%
  [   370000,   370500)         2494    0.0083%  84.6098%
  [   370500,   371000)         2450    0.0082%  84.6180%
  [   371000,   371500)         2535    0.0085%  84.6264%
  [   371500,   372000)         2497    0.0083%  84.6348%
  [   372000,   372500)         2489    0.0083%  84.6431%
  [   372500,   373000)         2538    0.0085%  84.6515%
  [   373000,   373500)         2522    0.0084%  84.6599%
  [   373500,   374000)         2483    0.0083%  84.6682%
  [   374000,   374500)         2567    0.0086%  84.6768%
  [   374500,   375000)         2516    0.0084%  84.6852%
  [   375000,   375500)         2443    0.0081%  84.6933%
  [   375500,   376000)         2519    0.0084%  84.7017%
  [   376000,   376500)         2563    0.0085%  84.7102%
  [   376500,   377000)         2488    0.0083%  84.7185%
  [   377000,   377500)         2530    0.0084%  84.7270%
  [   377500,   378000)         2505    0.0084%  84.7353%
  [   378000,   378500)         2478    0.0083%  84.7436%
  [   378500,   379000)         2470    0.0082%  84.7518%
  [   379000,   379500)         2423    0.0081%  84.7599%
  [   379500,   380000)         2528    0.0084%  84.7683%
  [   380000,   380500)         2583    0.0086%  84.7769%
  [   380500,   381000)         2542    0.0085%  84.7854%
  [   381000,   381500)         2466    0.0082%  84.7936%
  [   381500,   382000)         2507    0.0084%  84.8020%
  [   382000,   382500)         2430    0.0081%  84.8101%
  [   382500,   383000)         2521    0.0084%  84.8185%
  [   383000,   383500)         2473    0.0082%  84.8267%
  [   383500,   384000)         2514    0.0084%  84.8351%
  [   384000,   384500)         2493    0.0083%  84.8434%
  [   384500,   385000)         2453    0.0082%  84.8516%
  [   385000,   385500)         2511    0.0084%  84.8600%
  [   385500,   386000)         2494    0.0083%  84.8683%
  [   386000,   386500)         2446    0.0082%  84.8764%
  [   386500,   387000)         2356    0.0079%  84.8843%
  [   387000,   387500)         2448    0.0082%  84.8924%
  [   387500,   388000)         2421    0.0081%  84.9005%
  [   388000,   388500)         2530    0.0084%  84.9089%
  [   388500,   389000)         2467    0.0082%  84.9172%
  [   389000,   389500)         2485    0.0083%  84.9254%
  [   389500,   390000)         2444    0.0081%  84.9336%
  [   390000,   390500)         2479    0.0083%  84.9419%
  [   390500,   391000)         2486    0.0083%  84.9501%
  [   391000,   391500)         2452    0.0082%  84.9583%
  [   391500,   392000)         2515    0.0084%  84.9667%
  [   392000,   392500)         2528    0.0084%  84.9751%
  [   392500,   393000)         2464    0.0082%  84.9833%
  [   393000,   393500)         2462    0.0082%  84.9915%
  [   393500,   394000)         2489    0.0083%  84.9998%
  [   394000,   394500)         2421    0.0081%  85.0079%
  [   394500,   395000)         2397    0.0080%  85.0159%
  [   395000,   395500)         2394    0.0080%  85.0239%
  [   395500,   396000)         2526    0.0084%  85.0323%
  [   396000,   396500)         2465    0.0082%  85.0405%
  [   396500,   397000)         2449    0.0082%  85.0487%
  [   397000,   397500)         2455    0.0082%  85.0569%
  [   397500,   398000)         2413    0.0080%  85.0649%
  [   398000,   398500)         2361    0.0079%  85.0728%
  [   398500,   399000)         2361    0.0079%  85.0806%
  [   399000,   399500)         2564    0.0085%  85.0892%
  [   399500,   400000)         2513    0.0084%  85.0976%
  [   400000,   400500)         2574    0.0086%  85.1062%
  [   400500,   401000)         2454    0.0082%  85.1143%
  [   401000,   401500)         2471    0.0082%  85.1226%
  [   401500,   402000)         2389    0.0080%  85.1305%
  [   402000,   402500)         2399    0.0080%  85.1385%
  [   402500,   403000)         2431    0.0081%  85.1466%
  [   403000,   403500)         2475    0.0083%  85.1549%
  [   403500,   404000)         2521    0.0084%  85.1633%
  [   404000,   404500)         2524    0.0084%  85.1717%
  [   404500,   405000)         2504    0.0083%  85.1800%
  [   405000,   405500)         2439    0.0081%  85.1882%
  [   405500,   406000)         2497    0.0083%  85.1965%
  [   406000,   406500)         2419    0.0081%  85.2046%
  [   406500,   407000)         2424    0.0081%  85.2126%
  [   407000,   407500)         2517    0.0084%  85.2210%
  [   407500,   408000)         2571    0.0086%  85.2296%
  [   408000,   408500)         2460    0.0082%  85.2378%
  [   408500,   409000)         2418    0.0081%  85.2459%
  [   409000,   409500)         2462    0.0082%  85.2541%
  [   409500,   410000)         2518    0.0084%  85.2625%
  [   410000,   410500)         2508    0.0084%  85.2708%
  [   410500,   411000)         2348    0.0078%  85.2786%
  [   411000,   411500)         2468    0.0082%  85.2869%
  [   411500,   412000)         2509    0.0084%  85.2952%
  [   412000,   412500)         2417    0.0081%  85.3033%
  [   412500,   413000)         2411    0.0080%  85.3113%
  [   413000,   413500)         2409    0.0080%  85.3194%
  [   413500,   414000)         2322    0.0077%  85.3271%
  [   414000,   414500)         2373    0.0079%  85.3350%
  [   414500,   415000)         2350    0.0078%  85.3428%
  [   415000,   415500)         2449    0.0082%  85.3510%
  [   415500,   416000)         2466    0.0082%  85.3592%
  [   416000,   416500)         2443    0.0081%  85.3674%
  [   416500,   417000)         2532    0.0084%  85.3758%
  [   417000,   417500)         2502    0.0083%  85.3842%
  [   417500,   418000)         2363    0.0079%  85.3920%
  [   418000,   418500)         2375    0.0079%  85.3999%
  [   418500,   419000)         2521    0.0084%  85.4083%
  [   419000,   419500)         2537    0.0085%  85.4168%
  [   419500,   420000)         2462    0.0082%  85.4250%
  [   420000,   420500)         2438    0.0081%  85.4331%
  [   420500,   421000)         2467    0.0082%  85.4414%
  [   421000,   421500)         2482    0.0083%  85.4496%
  [   421500,   422000)         2526    0.0084%  85.4581%
  [   422000,   422500)         2495    0.0083%  85.4664%
  [   422500,   423000)         2450    0.0082%  85.4745%
  [   423000,   423500)         2431    0.0081%  85.4826%
  [   423500,   424000)         2560    0.0085%  85.4912%
  [   424000,   424500)         2602    0.0087%  85.4998%
  [   424500,   425000)         2400    0.0080%  85.5078%
  [   425000,   425500)         2485    0.0083%  85.5161%
  [   425500,   426000)         2452    0.0082%  85.5243%
  [   426000,   426500)         2390    0.0080%  85.5323%
  [   426500,   427000)         2499    0.0083%  85.5406%
  [   427000,   427500)         2515    0.0084%  85.5490%
  [   427500,   428000)         2516    0.0084%  85.5574%
  [   428000,   428500)         2576    0.0086%  85.5660%
  [   428500,   429000)         2497    0.0083%  85.5743%
  [   429000,   429500)         2476    0.0083%  85.5825%
  [   429500,   430000)         2509    0.0084%  85.5909%
  [   430000,   430500)         2507    0.0084%  85.5993%
  [   430500,   431000)         2459    0.0082%  85.6075%
  [   431000,   431500)         2506    0.0084%  85.6158%
  [   431500,   432000)         2554    0.0085%  85.6243%
  [   432000,   432500)         2432    0.0081%  85.6324%
  [   432500,   433000)         2497    0.0083%  85.6407%
  [   433000,   433500)         2488    0.0083%  85.6490%
  [   433500,   434000)         2462    0.0082%  85.6572%
  [   434000,   434500)         2441    0.0081%  85.6654%
  [   434500,   435000)         2496    0.0083%  85.6737%
  [   435000,   435500)         2493    0.0083%  85.6820%
  [   435500,   436000)         2501    0.0083%  85.6904%
  [   436000,   436500)         2454    0.0082%  85.6985%
  [   436500,   437000)         2446    0.0082%  85.7067%
  [   437000,   437500)         2547    0.0085%  85.7152%
  [   437500,   438000)         2431    0.0081%  85.7233%
  [   438000,   438500)         2517    0.0084%  85.7317%
  [   438500,   439000)         2539    0.0085%  85.7401%
  [   439000,   439500)         2577    0.0086%  85.7487%
  [   439500,   440000)         2602    0.0087%  85.7574%
  [   440000,   440500)         2540    0.0085%  85.7659%
  [   440500,   441000)         2541    0.0085%  85.7743%
  [   441000,   441500)         2437    0.0081%  85.7825%
  [   441500,   442000)         2564    0.0085%  85.7910%
  [   442000,   442500)         2591    0.0086%  85.7996%
  [   442500,   443000)         2547    0.0085%  85.8081%
  [   443000,   443500)         2601    0.0087%  85.8168%
  [   443500,   444000)         2584    0.0086%  85.8254%
  [   444000,   444500)         2550    0.0085%  85.8339%
  [   444500,   445000)         2613    0.0087%  85.8426%
  [   445000,   445500)         2594    0.0086%  85.8513%
  [   445500,   446000)         2570    0.0086%  85.8598%
  [   446000,   446500)         2569    0.0086%  85.8684%
  [   446500,   447000)         2527    0.0084%  85.8768%
  [   447000,   447500)         2668    0.0089%  85.8857%
  [   447500,   448000)         2583    0.0086%  85.8943%
  [   448000,   448500)         2547    0.0085%  85.9028%
  [   448500,   449000)         2566    0.0086%  85.9114%
  [   449000,   449500)         2539    0.0085%  85.9198%
  [   449500,   450000)         2545    0.0085%  85.9283%
  [   450000,   450500)         2635    0.0088%  85.9371%
  [   450500,   451000)         2709    0.0090%  85.9461%
  [   451000,   451500)         2569    0.0086%  85.9547%
  [   451500,   452000)         2622    0.0087%  85.9634%
  [   452000,   452500)         2540    0.0085%  85.9719%
  [   452500,   453000)         2611    0.0087%  85.9806%
  [   453000,   453500)         2560    0.0085%  85.9891%
  [   453500,   454000)         2589    0.0086%  85.9978%
  [   454000,   454500)         2675    0.0089%  86.0067%
  [   454500,   455000)         2591    0.0086%  86.0153%
  [   455000,   455500)         2742    0.0091%  86.0245%
  [   455500,   456000)         2669    0.0089%  86.0334%
  [   456000,   456500)         2640    0.0088%  86.0422%
  [   456500,   457000)         2567    0.0086%  86.0507%
  [   457000,   457500)         2662    0.0089%  86.0596%
  [   457500,   458000)         2730    0.0091%  86.0687%
  [   458000,   458500)         2627    0.0088%  86.0774%
  [   458500,   459000)         2641    0.0088%  86.0862%
  [   459000,   459500)         2624    0.0087%  86.0950%
  [   459500,   460000)         2709    0.0090%  86.1040%
  [   460000,   460500)         2617    0.0087%  86.1127%
  [   460500,   461000)         2692    0.0090%  86.1217%
  [   461000,   461500)         2718    0.0091%  86.1308%
  [   461500,   462000)         2771    0.0092%  86.1400%
  [   462000,   462500)         2725    0.0091%  86.1491%
  [   462500,   463000)         2724    0.0091%  86.1582%
  [   463000,   463500)         2643    0.0088%  86.1670%
  [   463500,   464000)         2636    0.0088%  86.1758%
  [   464000,   464500)         2727    0.0091%  86.1849%
  [   464500,   465000)         2652    0.0088%  86.1937%
  [   465000,   465500)         2724    0.0091%  86.2028%
  [   465500,   466000)         2750    0.0092%  86.2120%
  [   466000,   466500)         2688    0.0090%  86.2209%
  [   466500,   467000)         2663    0.0089%  86.2298%
  [   467000,   467500)         2781    0.0093%  86.2391%
  [   467500,   468000)         2755    0.0092%  86.2482%
  [   468000,   468500)         2784    0.0093%  86.2575%
  [   468500,   469000)         2795    0.0093%  86.2668%
  [   469000,   469500)         2690    0.0090%  86.2758%
  [   469500,   470000)         2826    0.0094%  86.2852%
  [   470000,   470500)         2902    0.0097%  86.2949%
  [   470500,   471000)         2835    0.0095%  86.3043%
  [   471000,   471500)         2772    0.0092%  86.3136%
  [   471500,   472000)         2876    0.0096%  86.3232%
  [   472000,   472500)         2864    0.0095%  86.3327%
  [   472500,   473000)         2838    0.0095%  86.3422%
  [   473000,   473500)         2759    0.0092%  86.3514%
  [   473500,   474000)         2825    0.0094%  86.3608%
  [   474000,   474500)         2842    0.0095%  86.3703%
  [   474500,   475000)         2838    0.0095%  86.3797%
  [   475000,   475500)         2908    0.0097%  86.3894%
  [   475500,   476000)         2800    0.0093%  86.3988%
  [   476000,   476500)         2861    0.0095%  86.4083%
  [   476500,   477000)         2853    0.0095%  86.4178%
  [   477000,   477500)         2934    0.0098%  86.4276%
  [   477500,   478000)         2888    0.0096%  86.4372%
  [   478000,   478500)         2962    0.0099%  86.4471%
  [   478500,   479000)         2866    0.0096%  86.4566%
  [   479000,   479500)         2866    0.0096%  86.4662%
  [   479500,   480000)         2919    0.0097%  86.4759%
  [   480000,   480500)         2864    0.0095%  86.4855%
  [   480500,   481000)         2848    0.0095%  86.4950%
  [   481000,   481500)         2943    0.0098%  86.5048%
  [   481500,   482000)         2989    0.0100%  86.5147%
  [   482000,   482500)         2971    0.0099%  86.5246%
  [   482500,   483000)         2985    0.0100%  86.5346%
  [   483000,   483500)         3067    0.0102%  86.5448%
  [   483500,   484000)         2967    0.0099%  86.5547%
  [   484000,   484500)         3019    0.0101%  86.5648%
  [   484500,   485000)         2847    0.0095%  86.5743%
  [   485000,   485500)         3048    0.0102%  86.5844%
  [   485500,   486000)         3025    0.0101%  86.5945%
  [   486000,   486500)         3118    0.0104%  86.6049%
  [   486500,   487000)         2959    0.0099%  86.6148%
  [   487000,   487500)         3025    0.0101%  86.6248%
  [   487500,   488000)         3104    0.0103%  86.6352%
  [   488000,   488500)         3100    0.0103%  86.6455%
  [   488500,   489000)         2993    0.0100%  86.6555%
  [   489000,   489500)         3020    0.0101%  86.6656%
  [   489500,   490000)         3148    0.0105%  86.6761%
  [   490000,   490500)         3079    0.0103%  86.6863%
  [   490500,   491000)         3091    0.0103%  86.6966%
  [   491000,   491500)         3093    0.0103%  86.7069%
  [   491500,   492000)         3036    0.0101%  86.7170%
  [   492000,   492500)         3216    0.0107%  86.7278%
  [   492500,   493000)         3206    0.0107%  86.7385%
  [   493000,   493500)         3141    0.0105%  86.7489%
  [   493500,   494000)         3098    0.0103%  86.7593%
  [   494000,   494500)         3188    0.0106%  86.7699%
  [   494500,   495000)         3209    0.0107%  86.7806%
  [   495000,   495500)         3144    0.0105%  86.7911%
  [   495500,   496000)         3115    0.0104%  86.8014%
  [   496000,   496500)         3223    0.0107%  86.8122%
  [   496500,   497000)         3090    0.0103%  86.8225%
  [   497000,   497500)         3294    0.0110%  86.8335%
  [   497500,   498000)         3266    0.0109%  86.8443%
  [   498000,   498500)         3317    0.0111%  86.8554%
  [   498500,   499000)         3219    0.0107%  86.8661%
  [   499000,   499500)         3318    0.0111%  86.8772%
  [   499500,   500000)         3240    0.0108%  86.8880%
  [   500000,   500500)         3367    0.0112%  86.8992%
  [   500500,   501000)         3358    0.0112%  86.9104%
  [   501000,   501500)         3397    0.0113%  86.9217%
  [   501500,   502000)         3351    0.0112%  86.9329%
  [   502000,   502500)         3328    0.0111%  86.9440%
  [   502500,   503000)         3304    0.0110%  86.9550%
  [   503000,   503500)         3347    0.0112%  86.9662%
  [   503500,   504000)         3326    0.0111%  86.9773%
  [   504000,   504500)         3426    0.0114%  86.9887%
  [   504500,   505000)         3401    0.0113%  87.0000%
  [   505000,   505500)         3401    0.0113%  87.0113%
  [   505500,   506000)         3436    0.0115%  87.0228%
  [   506000,   506500)         3454    0.0115%  87.0343%
  [   506500,   507000)         3454    0.0115%  87.0458%
  [   507000,   507500)         3462    0.0115%  87.0574%
  [   507500,   508000)         3550    0.0118%  87.0692%
  [   508000,   508500)         3476    0.0116%  87.0808%
  [   508500,   509000)         3439    0.0115%  87.0923%
  [   509000,   509500)         3551    0.0118%  87.1041%
  [   509500,   510000)         3530    0.0118%  87.1159%
  [   510000,   510500)         3552    0.0118%  87.1277%
  [   510500,   511000)         3486    0.0116%  87.1393%
  [   511000,   511500)         3491    0.0116%  87.1510%
  [   511500,   512000)         3458    0.0115%  87.1625%
  [   512000,   512500)         3524    0.0117%  87.1742%
  [   512500,   513000)         3602    0.0120%  87.1862%
  [   513000,   513500)         3674    0.0122%  87.1985%
  [   513500,   514000)         3700    0.0123%  87.2108%
  [   514000,   514500)         3523    0.0117%  87.2226%
  [   514500,   515000)         3663    0.0122%  87.2348%
  [   515000,   515500)         3750    0.0125%  87.2473%
  [   515500,   516000)         3690    0.0123%  87.2596%
  [   516000,   516500)         3780    0.0126%  87.2722%
  [   516500,   517000)         3765    0.0126%  87.2847%
  [   517000,   517500)         3808    0.0127%  87.2974%
  [   517500,   518000)         3687    0.0123%  87.3097%
  [   518000,   518500)         3802    0.0127%  87.3224%
  [   518500,   519000)         3743    0.0125%  87.3348%
  [   519000,   519500)         3740    0.0125%  87.3473%
  [   519500,   520000)         3715    0.0124%  87.3597%
  [   520000,   520500)         3896    0.0130%  87.3727%
  [   520500,   521000)         3867    0.0129%  87.3856%
  [   521000,   521500)         3804    0.0127%  87.3983%
  [   521500,   522000)         3875    0.0129%  87.4112%
  [   522000,   522500)         3871    0.0129%  87.4241%
  [   522500,   523000)         3822    0.0127%  87.4368%
  [   523000,   523500)         3809    0.0127%  87.4495%
  [   523500,   524000)         3967    0.0132%  87.4627%
  [   524000,   524500)         3925    0.0131%  87.4758%
  [   524500,   525000)         3924    0.0131%  87.4889%
  [   525000,   525500)         3840    0.0128%  87.5017%
  [   525500,   526000)         4025    0.0134%  87.5151%
  [   526000,   526500)         3954    0.0132%  87.5283%
  [   526500,   527000)         3987    0.0133%  87.5416%
  [   527000,   527500)         3943    0.0131%  87.5547%
  [   527500,   528000)         4033    0.0134%  87.5682%
  [   528000,   528500)         3992    0.0133%  87.5815%
  [   528500,   529000)         4159    0.0139%  87.5953%
  [   529000,   529500)         4070    0.0136%  87.6089%
  [   529500,   530000)         4214    0.0140%  87.6230%
  [   530000,   530500)         4067    0.0136%  87.6365%
  [   530500,   531000)         4123    0.0137%  87.6503%
  [   531000,   531500)         4165    0.0139%  87.6641%
  [   531500,   532000)         4184    0.0139%  87.6781%
  [   532000,   532500)         4238    0.0141%  87.6922%
  [   532500,   533000)         4227    0.0141%  87.7063%
  [   533000,   533500)         4327    0.0144%  87.7207%
  [   533500,   534000)         4211    0.0140%  87.7348%
  [   534000,   534500)         4234    0.0141%  87.7489%
  [   534500,   535000)         4127    0.0138%  87.7626%
  [   535000,   535500)         4152    0.0138%  87.7765%
  [   535500,   536000)         4316    0.0144%  87.7909%
  [   536000,   536500)         4324    0.0144%  87.8053%
  [   536500,   537000)         4268    0.0142%  87.8195%
  [   537000,   537500)         4297    0.0143%  87.8338%
  [   537500,   538000)         4262    0.0142%  87.8480%
  [   538000,   538500)         4366    0.0146%  87.8626%
  [   538500,   539000)         4448    0.0148%  87.8774%
  [   539000,   539500)         4420    0.0147%  87.8921%
  [   539500,   540000)         4384    0.0146%  87.9068%
  [   540000,   540500)         4488    0.0150%  87.9217%
  [   540500,   541000)         4471    0.0149%  87.9366%
  [   541000,   541500)         4573    0.0152%  87.9519%
  [   541500,   542000)         4604    0.0153%  87.9672%
  [   542000,   542500)         4593    0.0153%  87.9825%
  [   542500,   543000)         4501    0.0150%  87.9975%
  [   543000,   543500)         4506    0.0150%  88.0125%
  [   543500,   544000)         4575    0.0153%  88.0278%
  [   544000,   544500)         4721    0.0157%  88.0435%
  [   544500,   545000)         4633    0.0154%  88.0590%
  [   545000,   545500)         4644    0.0155%  88.0745%
  [   545500,   546000)         4624    0.0154%  88.0899%
  [   546000,   546500)         4764    0.0159%  88.1057%
  [   546500,   547000)         4695    0.0157%  88.1214%
  [   547000,   547500)         4678    0.0156%  88.1370%
  [   547500,   548000)         4809    0.0160%  88.1530%
  [   548000,   548500)         4710    0.0157%  88.1687%
  [   548500,   549000)         4786    0.0160%  88.1847%
  [   549000,   549500)         4667    0.0156%  88.2002%
  [   549500,   550000)         4960    0.0165%  88.2168%
  [   550000,   550500)         4831    0.0161%  88.2329%
  [   550500,   551000)         4884    0.0163%  88.2491%
  [   551000,   551500)         4861    0.0162%  88.2653%
  [   551500,   552000)         4992    0.0166%  88.2820%
  [   552000,   552500)         4987    0.0166%  88.2986%
  [   552500,   553000)         5028    0.0168%  88.3154%
  [   553000,   553500)         5006    0.0167%  88.3321%
  [   553500,   554000)         4909    0.0164%  88.3484%
  [   554000,   554500)         5191    0.0173%  88.3657%
  [   554500,   555000)         5038    0.0168%  88.3825%
  [   555000,   555500)         4986    0.0166%  88.3991%
  [   555500,   556000)         5128    0.0171%  88.4162%
  [   556000,   556500)         5095    0.0170%  88.4332%
  [   556500,   557000)         5217    0.0174%  88.4506%
  [   557000,   557500)         5206    0.0174%  88.4680%
  [   557500,   558000)         5069    0.0169%  88.4849%
  [   558000,   558500)         5190    0.0173%  88.5022%
  [   558500,   559000)         5091    0.0170%  88.5191%
  [   559000,   559500)         5231    0.0174%  88.5366%
  [   559500,   560000)         5334    0.0178%  88.5543%
  [   560000,   560500)         5341    0.0178%  88.5721%
  [   560500,   561000)         5248    0.0175%  88.5896%
  [   561000,   561500)         5443    0.0181%  88.6078%
  [   561500,   562000)         5406    0.0180%  88.6258%
  [   562000,   562500)         5456    0.0182%  88.6440%
  [   562500,   563000)         5398    0.0180%  88.6620%
  [   563000,   563500)         5458    0.0182%  88.6802%
  [   563500,   564000)         5458    0.0182%  88.6984%
  [   564000,   564500)         5621    0.0187%  88.7171%
  [   564500,   565000)         5489    0.0183%  88.7354%
  [   565000,   565500)         5482    0.0183%  88.7537%
  [   565500,   566000)         5619    0.0187%  88.7724%
  [   566000,   566500)         5670    0.0189%  88.7913%
  [   566500,   567000)         5763    0.0192%  88.8105%
  [   567000,   567500)         5693    0.0190%  88.8295%
  [   567500,   568000)         5686    0.0190%  88.8484%
  [   568000,   568500)         5631    0.0188%  88.8672%
  [   568500,   569000)         5683    0.0189%  88.8862%
  [   569000,   569500)         5793    0.0193%  88.9055%
  [   569500,   570000)         5831    0.0194%  88.9249%
  [   570000,   570500)         5865    0.0196%  88.9445%
  [   570500,   571000)         5815    0.0194%  88.9638%
  [   571000,   571500)         5819    0.0194%  88.9832%
  [   571500,   572000)         5878    0.0196%  89.0028%
  [   572000,   572500)         5971    0.0199%  89.0227%
  [   572500,   573000)         5855    0.0195%  89.0422%
  [   573000,   573500)         6072    0.0202%  89.0625%
  [   573500,   574000)         5890    0.0196%  89.0821%
  [   574000,   574500)         6000    0.0200%  89.1021%
  [   574500,   575000)         6057    0.0202%  89.1223%
  [   575000,   575500)         6180    0.0206%  89.1429%
  [   575500,   576000)         6171    0.0206%  89.1635%
  [   576000,   576500)         6331    0.0211%  89.1846%
  [   576500,   577000)         6032    0.0201%  89.2047%
  [   577000,   577500)         6088    0.0203%  89.2250%
  [   577500,   578000)         6275    0.0209%  89.2459%
  [   578000,   578500)         6148    0.0205%  89.2664%
  [   578500,   579000)         6304    0.0210%  89.2874%
  [   579000,   579500)         6403    0.0213%  89.3088%
  [   579500,   580000)         6248    0.0208%  89.3296%
  [   580000,   580500)         6378    0.0213%  89.3508%
  [   580500,   581000)         6403    0.0213%  89.3722%
  [   581000,   581500)         6496    0.0217%  89.3938%
  [   581500,   582000)         6462    0.0215%  89.4154%
  [   582000,   582500)         6365    0.0212%  89.4366%
  [   582500,   583000)         6407    0.0214%  89.4579%
  [   583000,   583500)         6623    0.0221%  89.4800%
  [   583500,   584000)         6617    0.0221%  89.5021%
  [   584000,   584500)         6639    0.0221%  89.5242%
  [   584500,   585000)         6681    0.0223%  89.5465%
  [   585000,   585500)         6550    0.0218%  89.5683%
  [   585500,   586000)         6627    0.0221%  89.5904%
  [   586000,   586500)         6753    0.0225%  89.6129%
  [   586500,   587000)         6725    0.0224%  89.6353%
  [   587000,   587500)         6750    0.0225%  89.6578%
  [   587500,   588000)         6888    0.0230%  89.6808%
  [   588000,   588500)         6825    0.0228%  89.7035%
  [   588500,   589000)         6808    0.0227%  89.7262%
  [   589000,   589500)         6879    0.0229%  89.7492%
  [   589500,   590000)         7115    0.0237%  89.7729%
  [   590000,   590500)         6932    0.0231%  89.7960%
  [   590500,   591000)         7046    0.0235%  89.8195%
  [   591000,   591500)         6908    0.0230%  89.8425%
  [   591500,   592000)         7046    0.0235%  89.8660%
  [   592000,   592500)         6969    0.0232%  89.8892%
  [   592500,   593000)         7180    0.0239%  89.9132%
  [   593000,   593500)         6962    0.0232%  89.9364%
  [   593500,   594000)         7139    0.0238%  89.9602%
  [   594000,   594500)         6891    0.0230%  89.9831%
  [   594500,   595000)         7176    0.0239%  90.0070%
  [   595000,   595500)         7054    0.0235%  90.0306%
  [   595500,   596000)         7096    0.0237%  90.0542%
  [   596000,   596500)         7269    0.0242%  90.0784%
  [   596500,   597000)         7361    0.0245%  90.1030%
  [   597000,   597500)         7103    0.0237%  90.1267%
  [   597500,   598000)         7342    0.0245%  90.1511%
  [   598000,   598500)         7380    0.0246%  90.1757%
  [   598500,   599000)         7242    0.0241%  90.1999%
  [   599000,   599500)         7326    0.0244%  90.2243%
  [   599500,   600000)         7450    0.0248%  90.2491%
  [   600000,   600500)         7332    0.0244%  90.2736%
  [   600500,   601000)         7458    0.0249%  90.2984%
  [   601000,   601500)         7377    0.0246%  90.3230%
  [   601500,   602000)         7505    0.0250%  90.3480%
  [   602000,   602500)         7501    0.0250%  90.3730%
  [   602500,   603000)         7433    0.0248%  90.3978%
  [   603000,   603500)         7548    0.0252%  90.4230%
  [   603500,   604000)         7567    0.0252%  90.4482%
  [   604000,   604500)         7522    0.0251%  90.4733%
  [   604500,   605000)         7473    0.0249%  90.4982%
  [   605000,   605500)         7537    0.0251%  90.5233%
  [   605500,   606000)         7641    0.0255%  90.5488%
  [   606000,   606500)         7698    0.0257%  90.5744%
  [   606500,   607000)         7788    0.0260%  90.6004%
  [   607000,   607500)         7711    0.0257%  90.6261%
  [   607500,   608000)         7560    0.0252%  90.6513%
  [   608000,   608500)         7697    0.0257%  90.6769%
  [   608500,   609000)         7757    0.0259%  90.7028%
  [   609000,   609500)         7625    0.0254%  90.7282%
  [   609500,   610000)         7909    0.0264%  90.7546%
  [   610000,   610500)         7669    0.0256%  90.7801%
  [   610500,   611000)         7888    0.0263%  90.8064%
  [   611000,   611500)         7898    0.0263%  90.8328%
  [   611500,   612000)         7980    0.0266%  90.8594%
  [   612000,   612500)         7910    0.0264%  90.8857%
  [   612500,   613000)         7986    0.0266%  90.9124%
  [   613000,   613500)         7898    0.0263%  90.9387%
  [   613500,   614000)         7909    0.0264%  90.9650%
  [   614000,   614500)         7835    0.0261%  90.9912%
  [   614500,   615000)         7961    0.0265%  91.0177%
  [   615000,   615500)         8015    0.0267%  91.0444%
  [   615500,   616000)         8063    0.0269%  91.0713%
  [   616000,   616500)         8098    0.0270%  91.0983%
  [   616500,   617000)         8149    0.0272%  91.1254%
  [   617000,   617500)         8009    0.0267%  91.1521%
  [   617500,   618000)         8079    0.0269%  91.1791%
  [   618000,   618500)         8138    0.0271%  91.2062%
  [   618500,   619000)         8208    0.0274%  91.2336%
  [   619000,   619500)         8106    0.0270%  91.2606%
  [   619500,   620000)         8165    0.0272%  91.2878%
  [   620000,   620500)         8020    0.0267%  91.3145%
  [   620500,   621000)         8177    0.0273%  91.3418%
  [   621000,   621500)         8217    0.0274%  91.3692%
  [   621500,   622000)         8241    0.0275%  91.3966%
  [   622000,   622500)         8003    0.0267%  91.4233%
  [   622500,   623000)         8222    0.0274%  91.4507%
  [   623000,   623500)         8029    0.0268%  91.4775%
  [   623500,   624000)         8199    0.0273%  91.5048%
  [   624000,   624500)         8043    0.0268%  91.5316%
  [   624500,   625000)         8334    0.0278%  91.5594%
  [   625000,   625500)         8190    0.0273%  91.5867%
  [   625500,   626000)         8209    0.0274%  91.6141%
  [   626000,   626500)         8250    0.0275%  91.6416%
  [   626500,   627000)         8447    0.0282%  91.6697%
  [   627000,   627500)         8341    0.0278%  91.6975%
  [   627500,   628000)         8254    0.0275%  91.7251%
  [   628000,   628500)         8233    0.0274%  91.7525%
  [   628500,   629000)         8369    0.0279%  91.7804%
  [   629000,   629500)         8213    0.0274%  91.8078%
  [   629500,   630000)         8346    0.0278%  91.8356%
  [   630000,   630500)         8402    0.0280%  91.8636%
  [   630500,   631000)         8331    0.0278%  91.8914%
  [   631000,   631500)         8367    0.0279%  91.9193%
  [   631500,   632000)         8384    0.0279%  91.9472%
  [   632000,   632500)         8350    0.0278%  91.9750%
  [   632500,   633000)         8297    0.0277%  92.0027%
  [   633000,   633500)         8606    0.0287%  92.0314%
  [   633500,   634000)         8325    0.0278%  92.0591%
  [   634000,   634500)         8448    0.0282%  92.0873%
  [   634500,   635000)         8586    0.0286%  92.1159%
  [   635000,   635500)         8307    0.0277%  92.1436%
  [   635500,   636000)         8289    0.0276%  92.1712%
  [   636000,   636500)         8431    0.0281%  92.1993%
  [   636500,   637000)         8387    0.0280%  92.2273%
  [   637000,   637500)         8323    0.0277%  92.2550%
  [   637500,   638000)         8416    0.0281%  92.2831%
  [   638000,   638500)         8465    0.0282%  92.3113%
  [   638500,   639000)         8366    0.0279%  92.3392%
  [   639000,   639500)         8599    0.0287%  92.3679%
  [   639500,   640000)         8451    0.0282%  92.3960%
  [   640000,   640500)         8588    0.0286%  92.4247%
  [   640500,   641000)         8310    0.0277%  92.4524%
  [   641000,   641500)         8490    0.0283%  92.4807%
  [   641500,   642000)         8379    0.0279%  92.5086%
  [   642000,   642500)         8353    0.0278%  92.5364%
  [   642500,   643000)         8347    0.0278%  92.5642%
  [   643000,   643500)         8501    0.0283%  92.5926%
  [   643500,   644000)         8412    0.0280%  92.6206%
  [   644000,   644500)         8506    0.0284%  92.6490%
  [   644500,   645000)         8530    0.0284%  92.6774%
  [   645000,   645500)         8392    0.0280%  92.7054%
  [   645500,   646000)         8358    0.0279%  92.7332%
  [   646000,   646500)         8517    0.0284%  92.7616%
  [   646500,   647000)         8500    0.0283%  92.7900%
  [   647000,   647500)         8330    0.0278%  92.8177%
  [   647500,   648000)         8368    0.0279%  92.8456%
  [   648000,   648500)         8311    0.0277%  92.8733%
  [   648500,   649000)         8376    0.0279%  92.9013%
  [   649000,   649500)         8492    0.0283%  92.9296%
  [   649500,   650000)         8492    0.0283%  92.9579%
  [   650000,   650500)         8544    0.0285%  92.9863%
  [   650500,   651000)         8480    0.0283%  93.0146%
  [   651000,   651500)         8255    0.0275%  93.0421%
  [   651500,   652000)         8522    0.0284%  93.0705%
  [   652000,   652500)         8450    0.0282%  93.0987%
  [   652500,   653000)         8288    0.0276%  93.1263%
  [   653000,   653500)         8391    0.0280%  93.1543%
  [   653500,   654000)         8462    0.0282%  93.1825%
  [   654000,   654500)         8343    0.0278%  93.2103%
  [   654500,   655000)         8388    0.0280%  93.2383%
  [   655000,   655500)         8423    0.0281%  93.2664%
  [   655500,   656000)         8167    0.0272%  93.2936%
  [   656000,   656500)         8379    0.0279%  93.3215%
  [   656500,   657000)         8129    0.0271%  93.3486%
  [   657000,   657500)         8130    0.0271%  93.3757%
  [   657500,   658000)         8297    0.0277%  93.4034%
  [   658000,   658500)         8224    0.0274%  93.4308%
  [   658500,   659000)         8384    0.0279%  93.4587%
  [   659000,   659500)         8256    0.0275%  93.4862%
  [   659500,   660000)         8265    0.0276%  93.5138%
  [   660000,   660500)         8273    0.0276%  93.5414%
  [   660500,   661000)         8225    0.0274%  93.5688%
  [   661000,   661500)         8303    0.0277%  93.5965%
  [   661500,   662000)         8190    0.0273%  93.6238%
  [   662000,   662500)         8170    0.0272%  93.6510%
  [   662500,   663000)         8244    0.0275%  93.6785%
  [   663000,   663500)         8314    0.0277%  93.7062%
  [   663500,   664000)         8036    0.0268%  93.7330%
  [   664000,   664500)         8153    0.0272%  93.7601%
  [   664500,   665000)         8199    0.0273%  93.7875%
  [   665000,   665500)         8122    0.0271%  93.8146%
  [   665500,   666000)         8068    0.0269%  93.8414%
  [   666000,   666500)         8161    0.0272%  93.8686%
  [   666500,   667000)         8208    0.0274%  93.8960%
  [   667000,   667500)         8196    0.0273%  93.9233%
  [   667500,   668000)         8149    0.0272%  93.9505%
  [   668000,   668500)         7887    0.0263%  93.9768%
  [   668500,   669000)         8041    0.0268%  94.0036%
  [   669000,   669500)         8038    0.0268%  94.0304%
  [   669500,   670000)         8008    0.0267%  94.0571%
  [   670000,   670500)         8191    0.0273%  94.0844%
  [   670500,   671000)         7986    0.0266%  94.1110%
  [   671000,   671500)         8109    0.0270%  94.1380%
  [   671500,   672000)         8037    0.0268%  94.1648%
  [   672000,   672500)         8055    0.0269%  94.1917%
  [   672500,   673000)         7942    0.0265%  94.2181%
  [   673000,   673500)         7942    0.0265%  94.2446%
  [   673500,   674000)         7934    0.0264%  94.2711%
  [   674000,   674500)         8065    0.0269%  94.2979%
  [   674500,   675000)         7980    0.0266%  94.3245%
  [   675000,   675500)         7875    0.0263%  94.3508%
  [   675500,   676000)         7944    0.0265%  94.3773%
  [   676000,   676500)         7893    0.0263%  94.4036%
  [   676500,   677000)         7752    0.0258%  94.4294%
  [   677000,   677500)         7812    0.0260%  94.4555%
  [   677500,   678000)         7832    0.0261%  94.4816%
  [   678000,   678500)         7792    0.0260%  94.5075%
  [   678500,   679000)         7848    0.0262%  94.5337%
  [   679000,   679500)         7831    0.0261%  94.5598%
  [   679500,   680000)         7906    0.0264%  94.5862%
  [   680000,   680500)         7660    0.0255%  94.6117%
  [   680500,   681000)         7723    0.0257%  94.6374%
  [   681000,   681500)         7595    0.0253%  94.6628%
  [   681500,   682000)         7717    0.0257%  94.6885%
  [   682000,   682500)         7608    0.0254%  94.7138%
  [   682500,   683000)         7587    0.0253%  94.7391%
  [   683000,   683500)         7609    0.0254%  94.7645%
  [   683500,   684000)         7692    0.0256%  94.7901%
  [   684000,   684500)         7721    0.0257%  94.8159%
  [   684500,   685000)         7590    0.0253%  94.8412%
  [   685000,   685500)         7769    0.0259%  94.8671%
  [   685500,   686000)         7659    0.0255%  94.8926%
  [   686000,   686500)         7615    0.0254%  94.9180%
  [   686500,   687000)         7462    0.0249%  94.9428%
  [   687000,   687500)         7425    0.0248%  94.9676%
  [   687500,   688000)         7480    0.0249%  94.9925%
  [   688000,   688500)         7411    0.0247%  95.0172%
  [   688500,   689000)         7614    0.0254%  95.0426%
  [   689000,   689500)         7268    0.0242%  95.0668%
  [   689500,   690000)         7413    0.0247%  95.0916%
  [   690000,   690500)         7404    0.0247%  95.1162%
  [   690500,   691000)         7297    0.0243%  95.1406%
  [   691000,   691500)         7414    0.0247%  95.1653%
  [   691500,   692000)         7438    0.0248%  95.1901%
  [   692000,   692500)         7175    0.0239%  95.2140%
  [   692500,   693000)         7631    0.0254%  95.2394%
  [   693000,   693500)         7296    0.0243%  95.2637%
  [   693500,   694000)         7260    0.0242%  95.2879%
  [   694000,   694500)         7117    0.0237%  95.3117%
  [   694500,   695000)         7260    0.0242%  95.3359%
  [   695000,   695500)         7204    0.0240%  95.3599%
  [   695500,   696000)         7111    0.0237%  95.3836%
  [   696000,   696500)         7074    0.0236%  95.4072%
  [   696500,   697000)         7158    0.0239%  95.4310%
  [   697000,   697500)         7101    0.0237%  95.4547%
  [   697500,   698000)         7056    0.0235%  95.4782%
  [   698000,   698500)         7186    0.0240%  95.5022%
  [   698500,   699000)         7064    0.0235%  95.5257%
  [   699000,   699500)         6823    0.0227%  95.5484%
  [   699500,   700000)         7126    0.0238%  95.5722%
  [   700000,   700500)         7106    0.0237%  95.5959%
  [   700500,   701000)         6978    0.0233%  95.6191%
  [   701000,   701500)         6845    0.0228%  95.6420%
  [   701500,   702000)         7068    0.0236%  95.6655%
  [   702000,   702500)         6914    0.0230%  95.6886%
  [   702500,   703000)         6991    0.0233%  95.7119%
  [   703000,   703500)         6862    0.0229%  95.7347%
  [   703500,   704000)         6828    0.0228%  95.7575%
  [   704000,   704500)         6666    0.0222%  95.7797%
  [   704500,   705000)         6660    0.0222%  95.8019%
  [   705000,   705500)         6737    0.0225%  95.8244%
  [   705500,   706000)         6544    0.0218%  95.8462%
  [   706000,   706500)         6697    0.0223%  95.8685%
  [   706500,   707000)         6706    0.0224%  95.8909%
  [   707000,   707500)         6807    0.0227%  95.9136%
  [   707500,   708000)         6706    0.0224%  95.9359%
  [   708000,   708500)         6726    0.0224%  95.9583%
  [   708500,   709000)         6705    0.0224%  95.9807%
  [   709000,   709500)         6693    0.0223%  96.0030%
  [   709500,   710000)         6512    0.0217%  96.0247%
  [   710000,   710500)         6530    0.0218%  96.0465%
  [   710500,   711000)         6438    0.0215%  96.0679%
  [   711000,   711500)         6514    0.0217%  96.0896%
  [   711500,   712000)         6601    0.0220%  96.1116%
  [   712000,   712500)         6373    0.0212%  96.1329%
  [   712500,   713000)         6523    0.0217%  96.1546%
  [   713000,   713500)         6316    0.0211%  96.1757%
  [   713500,   714000)         6350    0.0212%  96.1969%
  [   714000,   714500)         6368    0.0212%  96.2181%
  [   714500,   715000)         6239    0.0208%  96.2389%
  [   715000,   715500)         6266    0.0209%  96.2598%
  [   715500,   716000)         6266    0.0209%  96.2807%
  [   716000,   716500)         6266    0.0209%  96.3015%
  [   716500,   717000)         6325    0.0211%  96.3226%
  [   717000,   717500)         6268    0.0209%  96.3435%
  [   717500,   718000)         6283    0.0209%  96.3645%
  [   718000,   718500)         6024    0.0201%  96.3845%
  [   718500,   719000)         6063    0.0202%  96.4047%
  [   719000,   719500)         5928    0.0198%  96.4245%
  [   719500,   720000)         6164    0.0205%  96.4451%
  [   720000,   720500)         6035    0.0201%  96.4652%
  [   720500,   721000)         6021    0.0201%  96.4852%
  [   721000,   721500)         5989    0.0200%  96.5052%
  [   721500,   722000)         5947    0.0198%  96.5250%
  [   722000,   722500)         6047    0.0202%  96.5452%
  [   722500,   723000)         5944    0.0198%  96.5650%
  [   723000,   723500)         5968    0.0199%  96.5849%
  [   723500,   724000)         5797    0.0193%  96.6042%
  [   724000,   724500)         5858    0.0195%  96.6237%
  [   724500,   725000)         5839    0.0195%  96.6432%
  [   725000,   725500)         5923    0.0197%  96.6629%
  [   725500,   726000)         5811    0.0194%  96.6823%
  [   726000,   726500)         5711    0.0190%  96.7014%
  [   726500,   727000)         5804    0.0193%  96.7207%
  [   727000,   727500)         5912    0.0197%  96.7404%
  [   727500,   728000)         5707    0.0190%  96.7594%
  [   728000,   728500)         5775    0.0193%  96.7787%
  [   728500,   729000)         5570    0.0186%  96.7972%
  [   729000,   729500)         5611    0.0187%  96.8160%
  [   729500,   730000)         5751    0.0192%  96.8351%
  [   730000,   730500)         5701    0.0190%  96.8541%
  [   730500,   731000)         5648    0.0188%  96.8730%
  [   731000,   731500)         5566    0.0186%  96.8915%
  [   731500,   732000)         5582    0.0186%  96.9101%
  [   732000,   732500)         5593    0.0186%  96.9288%
  [   732500,   733000)         5533    0.0184%  96.9472%
  [   733000,   733500)         5524    0.0184%  96.9656%
  [   733500,   734000)         5493    0.0183%  96.9839%
  [   734000,   734500)         5360    0.0179%  97.0018%
  [   734500,   735000)         5348    0.0178%  97.0196%
  [   735000,   735500)         5407    0.0180%  97.0376%
  [   735500,   736000)         5304    0.0177%  97.0553%
  [   736000,   736500)         5317    0.0177%  97.0730%
  [   736500,   737000)         5375    0.0179%  97.0910%
  [   737000,   737500)         5340    0.0178%  97.1088%
  [   737500,   738000)         5278    0.0176%  97.1264%
  [   738000,   738500)         5257    0.0175%  97.1439%
  [   738500,   739000)         5280    0.0176%  97.1615%
  [   739000,   739500)         5149    0.0172%  97.1786%
  [   739500,   740000)         5137    0.0171%  97.1958%
  [   740000,   740500)         5194    0.0173%  97.2131%
  [   740500,   741000)         5232    0.0174%  97.2305%
  [   741000,   741500)         5005    0.0167%  97.2472%
  [   741500,   742000)         5232    0.0174%  97.2646%
  [   742000,   742500)         5118    0.0171%  97.2817%
  [   742500,   743000)         5145    0.0172%  97.2988%
  [   743000,   743500)         5027    0.0168%  97.3156%
  [   743500,   744000)         4958    0.0165%  97.3321%
  [   744000,   744500)         5014    0.0167%  97.3488%
  [   744500,   745000)         4881    0.0163%  97.3651%
  [   745000,   745500)         4909    0.0164%  97.3815%
  [   745500,   746000)         4906    0.0164%  97.3978%
  [   746000,   746500)         4913    0.0164%  97.4142%
  [   746500,   747000)         4855    0.0162%  97.4304%
  [   747000,   747500)         4795    0.0160%  97.4464%
  [   747500,   748000)         4738    0.0158%  97.4622%
  [   748000,   748500)         4929    0.0164%  97.4786%
  [   748500,   749000)         4786    0.0160%  97.4946%
  [   749000,   749500)         4790    0.0160%  97.5105%
  [   749500,   750000)         4682    0.0156%  97.5261%
  [   750000,   750500)         4833    0.0161%  97.5422%
  [   750500,   751000)         4633    0.0154%  97.5577%
  [   751000,   751500)         4517    0.0151%  97.5727%
  [   751500,   752000)         4642    0.0155%  97.5882%
  [   752000,   752500)         4619    0.0154%  97.6036%
  [   752500,   753000)         4501    0.0150%  97.6186%
  [   753000,   753500)         4629    0.0154%  97.6340%
  [   753500,   754000)         4507    0.0150%  97.6491%
  [   754000,   754500)         4584    0.0153%  97.6643%
  [   754500,   755000)         4484    0.0149%  97.6793%
  [   755000,   755500)         4603    0.0153%  97.6946%
  [   755500,   756000)         4512    0.0150%  97.7097%
  [   756000,   756500)         4429    0.0148%  97.7244%
  [   756500,   757000)         4529    0.0151%  97.7395%
  [   757000,   757500)         4383    0.0146%  97.7541%
  [   757500,   758000)         4282    0.0143%  97.7684%
  [   758000,   758500)         4450    0.0148%  97.7832%
  [   758500,   759000)         4311    0.0144%  97.7976%
  [   759000,   759500)         4297    0.0143%  97.8119%
  [   759500,   760000)         4299    0.0143%  97.8263%
  [   760000,   760500)         4411    0.0147%  97.8410%
  [   760500,   761000)         4322    0.0144%  97.8554%
  [   761000,   761500)         4254    0.0142%  97.8696%
  [   761500,   762000)         4142    0.0138%  97.8834%
  [   762000,   762500)         4183    0.0139%  97.8973%
  [   762500,   763000)         4097    0.0137%  97.9110%
  [   763000,   763500)         4134    0.0138%  97.9247%
  [   763500,   764000)         4135    0.0138%  97.9385%
  [   764000,   764500)         4024    0.0134%  97.9519%
  [   764500,   765000)         4128    0.0138%  97.9657%
  [   765000,   765500)         4105    0.0137%  97.9794%
  [   765500,   766000)         4189    0.0140%  97.9934%
  [   766000,   766500)         3953    0.0132%  98.0065%
  [   766500,   767000)         4016    0.0134%  98.0199%
  [   767000,   767500)         3824    0.0127%  98.0327%
  [   767500,   768000)         3931    0.0131%  98.0458%
  [   768000,   768500)         3886    0.0130%  98.0587%
  [   768500,   769000)         3855    0.0129%  98.0716%
  [   769000,   769500)         3779    0.0126%  98.0842%
  [   769500,   770000)         3843    0.0128%  98.0970%
  [   770000,   770500)         3709    0.0124%  98.1093%
  [   770500,   771000)         3867    0.0129%  98.1222%
  [   771000,   771500)         3823    0.0127%  98.1350%
  [   771500,   772000)         3761    0.0125%  98.1475%
  [   772000,   772500)         3832    0.0128%  98.1603%
  [   772500,   773000)         3791    0.0126%  98.1729%
  [   773000,   773500)         3712    0.0124%  98.1853%
  [   773500,   774000)         3736    0.0125%  98.1977%
  [   774000,   774500)         3659    0.0122%  98.2099%
  [   774500,   775000)         3708    0.0124%  98.2223%
  [   775000,   775500)         3612    0.0120%  98.2343%
  [   775500,   776000)         3497    0.0117%  98.2460%
  [   776000,   776500)         3619    0.0121%  98.2581%
  [   776500,   777000)         3500    0.0117%  98.2697%
  [   777000,   777500)         3538    0.0118%  98.2815%
  [   777500,   778000)         3446    0.0115%  98.2930%
  [   778000,   778500)         3514    0.0117%  98.3047%
  [   778500,   779000)         3486    0.0116%  98.3163%
  [   779000,   779500)         3505    0.0117%  98.3280%
  [   779500,   780000)         3542    0.0118%  98.3398%
  [   780000,   780500)         3371    0.0112%  98.3511%
  [   780500,   781000)         3446    0.0115%  98.3626%
  [   781000,   781500)         3393    0.0113%  98.3739%
  [   781500,   782000)         3338    0.0111%  98.3850%
  [   782000,   782500)         3318    0.0111%  98.3961%
  [   782500,   783000)         3395    0.0113%  98.4074%
  [   783000,   783500)         3331    0.0111%  98.4185%
  [   783500,   784000)         3335    0.0111%  98.4296%
  [   784000,   784500)         3387    0.0113%  98.4409%
  [   784500,   785000)         3389    0.0113%  98.4522%
  [   785000,   785500)         3342    0.0111%  98.4633%
  [   785500,   786000)         3243    0.0108%  98.4741%
  [   786000,   786500)         3291    0.0110%  98.4851%
  [   786500,   787000)         3158    0.0105%  98.4956%
  [   787000,   787500)         3217    0.0107%  98.5063%
  [   787500,   788000)         3182    0.0106%  98.5170%
  [   788000,   788500)         3182    0.0106%  98.5276%
  [   788500,   789000)         3085    0.0103%  98.5378%
  [   789000,   789500)         3100    0.0103%  98.5482%
  [   789500,   790000)         3097    0.0103%  98.5585%
  [   790000,   790500)         3020    0.0101%  98.5686%
  [   790500,   791000)         3173    0.0106%  98.5791%
  [   791000,   791500)         3042    0.0101%  98.5893%
  [   791500,   792000)         3134    0.0104%  98.5997%
  [   792000,   792500)         2996    0.0100%  98.6097%
  [   792500,   793000)         2917    0.0097%  98.6194%
  [   793000,   793500)         2941    0.0098%  98.6292%
  [   793500,   794000)         2931    0.0098%  98.6390%
  [   794000,   794500)         2891    0.0096%  98.6486%
  [   794500,   795000)         2943    0.0098%  98.6585%
  [   795000,   795500)         2975    0.0099%  98.6684%
  [   795500,   796000)         2967    0.0099%  98.6783%
  [   796000,   796500)         2904    0.0097%  98.6879%
  [   796500,   797000)         2933    0.0098%  98.6977%
  [   797000,   797500)         2850    0.0095%  98.7072%
  [   797500,   798000)         2757    0.0092%  98.7164%
  [   798000,   798500)         2813    0.0094%  98.7258%
  [   798500,   799000)         2819    0.0094%  98.7352%
  [   799000,   799500)         2760    0.0092%  98.7444%
  [   799500,   800000)         2798    0.0093%  98.7537%
  [   800000,   800500)         2765    0.0092%  98.7629%
  [   800500,   801000)         2657    0.0089%  98.7718%
  [   801000,   801500)         2691    0.0090%  98.7808%
  [   801500,   802000)         2777    0.0093%  98.7900%
  [   802000,   802500)         2739    0.0091%  98.7991%
  [   802500,   803000)         2586    0.0086%  98.8078%
  [   803000,   803500)         2644    0.0088%  98.8166%
  [   803500,   804000)         2710    0.0090%  98.8256%
  [   804000,   804500)         2578    0.0086%  98.8342%
  [   804500,   805000)         2642    0.0088%  98.8430%
  [   805000,   805500)         2598    0.0087%  98.8517%
  [   805500,   806000)         2678    0.0089%  98.8606%
  [   806000,   806500)         2579    0.0086%  98.8692%
  [   806500,   807000)         2667    0.0089%  98.8781%
  [   807000,   807500)         2556    0.0085%  98.8866%
  [   807500,   808000)         2465    0.0082%  98.8948%
  [   808000,   808500)         2437    0.0081%  98.9029%
  [   808500,   809000)         2417    0.0081%  98.9110%
  [   809000,   809500)         2367    0.0079%  98.9189%
  [   809500,   810000)         2414    0.0080%  98.9269%
  [   810000,   810500)         2469    0.0082%  98.9352%
  [   810500,   811000)         2391    0.0080%  98.9431%
  [   811000,   811500)         2415    0.0081%  98.9512%
  [   811500,   812000)         2415    0.0081%  98.9592%
  [   812000,   812500)         2386    0.0080%  98.9672%
  [   812500,   813000)         2433    0.0081%  98.9753%
  [   813000,   813500)         2382    0.0079%  98.9832%
  [   813500,   814000)         2341    0.0078%  98.9910%
  [   814000,   814500)         2367    0.0079%  98.9989%
  [   814500,   815000)         2307    0.0077%  99.0066%
  [   815000,   815500)         2266    0.0076%  99.0142%
  [   815500,   816000)         2229    0.0074%  99.0216%
  [   816000,   816500)         2258    0.0075%  99.0291%
  [   816500,   817000)         2240    0.0075%  99.0366%
  [   817000,   817500)         2229    0.0074%  99.0440%
  [   817500,   818000)         2252    0.0075%  99.0515%
  [   818000,   818500)         2214    0.0074%  99.0589%
  [   818500,   819000)         2175    0.0073%  99.0662%
  [   819000,   819500)         2164    0.0072%  99.0734%
  [   819500,   820000)         2215    0.0074%  99.0808%
  [   820000,   820500)         2143    0.0071%  99.0879%
  [   820500,   821000)         2186    0.0073%  99.0952%
  [   821000,   821500)         2099    0.0070%  99.1022%
  [   821500,   822000)         2100    0.0070%  99.1092%
  [   822000,   822500)         2111    0.0070%  99.1162%
  [   822500,   823000)         2116    0.0071%  99.1233%
  [   823000,   823500)         2121    0.0071%  99.1303%
  [   823500,   824000)         2111    0.0070%  99.1374%
  [   824000,   824500)         2109    0.0070%  99.1444%
  [   824500,   825000)         2031    0.0068%  99.1512%
  [   825000,   825500)         2024    0.0067%  99.1579%
  [   825500,   826000)         2021    0.0067%  99.1647%
  [   826000,   826500)         2032    0.0068%  99.1714%
  [   826500,   827000)         2028    0.0068%  99.1782%
  [   827000,   827500)         1966    0.0066%  99.1848%
  [   827500,   828000)         1991    0.0066%  99.1914%
  [   828000,   828500)         1965    0.0066%  99.1979%
  [   828500,   829000)         1957    0.0065%  99.2045%
  [   829000,   829500)         1933    0.0064%  99.2109%
  [   829500,   830000)         1901    0.0063%  99.2172%
  [   830000,   830500)         1894    0.0063%  99.2236%
  [   830500,   831000)         1882    0.0063%  99.2298%
  [   831000,   831500)         1935    0.0065%  99.2363%
  [   831500,   832000)         1844    0.0061%  99.2424%
  [   832000,   832500)         1829    0.0061%  99.2485%
  [   832500,   833000)         1861    0.0062%  99.2547%
  [   833000,   833500)         1783    0.0059%  99.2607%
  [   833500,   834000)         1772    0.0059%  99.2666%
  [   834000,   834500)         1783    0.0059%  99.2725%
  [   834500,   835000)         1807    0.0060%  99.2785%
  [   835000,   835500)         1708    0.0057%  99.2842%
  [   835500,   836000)         1805    0.0060%  99.2903%
  [   836000,   836500)         1797    0.0060%  99.2962%
  [   836500,   837000)         1791    0.0060%  99.3022%
  [   837000,   837500)         1714    0.0057%  99.3079%
  [   837500,   838000)         1736    0.0058%  99.3137%
  [   838000,   838500)         1737    0.0058%  99.3195%
  [   838500,   839000)         1706    0.0057%  99.3252%
  [   839000,   839500)         1667    0.0056%  99.3307%
  [   839500,   840000)         1670    0.0056%  99.3363%
  [   840000,   840500)         1666    0.0056%  99.3419%
  [   840500,   841000)         1654    0.0055%  99.3474%
  [   841000,   841500)         1677    0.0056%  99.3530%
  [   841500,   842000)         1703    0.0057%  99.3586%
  [   842000,   842500)         1555    0.0052%  99.3638%
  [   842500,   843000)         1591    0.0053%  99.3691%
  [   843000,   843500)         1584    0.0053%  99.3744%
  [   843500,   844000)         1587    0.0053%  99.3797%
  [   844000,   844500)         1604    0.0053%  99.3851%
  [   844500,   845000)         1610    0.0054%  99.3904%
  [   845000,   845500)         1568    0.0052%  99.3956%
  [   845500,   846000)         1612    0.0054%  99.4010%
  [   846000,   846500)         1498    0.0050%  99.4060%
  [   846500,   847000)         1507    0.0050%  99.4110%
  [   847000,   847500)         1538    0.0051%  99.4162%
  [   847500,   848000)         1473    0.0049%  99.4211%
  [   848000,   848500)         1491    0.0050%  99.4260%
  [   848500,   849000)         1444    0.0048%  99.4309%
  [   849000,   849500)         1551    0.0052%  99.4360%
  [   849500,   850000)         1436    0.0048%  99.4408%
  [   850000,   850500)         1441    0.0048%  99.4456%
  [   850500,   851000)         1457    0.0049%  99.4505%
  [   851000,   851500)         1370    0.0046%  99.4550%
  [   851500,   852000)         1471    0.0049%  99.4599%
  [   852000,   852500)         1450    0.0048%  99.4648%
  [   852500,   853000)         1449    0.0048%  99.4696%
  [   853000,   853500)         1361    0.0045%  99.4741%
  [   853500,   854000)         1408    0.0047%  99.4788%
  [   854000,   854500)         1418    0.0047%  99.4836%
  [   854500,   855000)         1337    0.0045%  99.4880%
  [   855000,   855500)         1282    0.0043%  99.4923%
  [   855500,   856000)         1303    0.0043%  99.4966%
  [   856000,   856500)         1321    0.0044%  99.5010%
  [   856500,   857000)         1306    0.0044%  99.5054%
  [   857000,   857500)         1295    0.0043%  99.5097%
  [   857500,   858000)         1307    0.0044%  99.5141%
  [   858000,   858500)         1330    0.0044%  99.5185%
  [   858500,   859000)         1255    0.0042%  99.5227%
  [   859000,   859500)         1247    0.0042%  99.5268%
  [   859500,   860000)         1219    0.0041%  99.5309%
  [   860000,   860500)         1254    0.0042%  99.5351%
  [   860500,   861000)         1188    0.0040%  99.5390%
  [   861000,   861500)         1264    0.0042%  99.5433%
  [   861500,   862000)         1203    0.0040%  99.5473%
  [   862000,   862500)         1219    0.0041%  99.5513%
  [   862500,   863000)         1149    0.0038%  99.5552%
  [   863000,   863500)         1250    0.0042%  99.5593%
  [   863500,   864000)         1211    0.0040%  99.5634%
  [   864000,   864500)         1183    0.0039%  99.5673%
  [   864500,   865000)         1239    0.0041%  99.5714%
  [   865000,   865500)         1172    0.0039%  99.5753%
  [   865500,   866000)         1165    0.0039%  99.5792%
  [   866000,   866500)         1109    0.0037%  99.5829%
  [   866500,   867000)         1102    0.0037%  99.5866%
  [   867000,   867500)         1128    0.0038%  99.5904%
  [   867500,   868000)         1187    0.0040%  99.5943%
  [   868000,   868500)         1114    0.0037%  99.5980%
  [   868500,   869000)         1092    0.0036%  99.6017%
  [   869000,   869500)         1113    0.0037%  99.6054%
  [   869500,   870000)         1071    0.0036%  99.6089%
  [   870000,   870500)         1051    0.0035%  99.6124%
  [   870500,   871000)         1069    0.0036%  99.6160%
  [   871000,   871500)         1029    0.0034%  99.6194%
  [   871500,   872000)         1041    0.0035%  99.6229%
  [   872000,   872500)         1065    0.0036%  99.6265%
  [   872500,   873000)         1076    0.0036%  99.6300%
  [   873000,   873500)          962    0.0032%  99.6333%
  [   873500,   874000)         1019    0.0034%  99.6367%
  [   874000,   874500)          988    0.0033%  99.6399%
  [   874500,   875000)          979    0.0033%  99.6432%
  [   875000,   875500)          990    0.0033%  99.6465%
  [   875500,   876000)          958    0.0032%  99.6497%
  [   876000,   876500)          953    0.0032%  99.6529%
  [   876500,   877000)          957    0.0032%  99.6561%
  [   877000,   877500)          974    0.0032%  99.6593%
  [   877500,   878000)          934    0.0031%  99.6624%
  [   878000,   878500)          913    0.0030%  99.6655%
  [   878500,   879000)          974    0.0032%  99.6687%
  [   879000,   879500)          937    0.0031%  99.6718%
  [   879500,   880000)          955    0.0032%  99.6750%
  [   880000,   880500)          944    0.0031%  99.6782%
  [   880500,   881000)          931    0.0031%  99.6813%
  [   881000,   881500)          872    0.0029%  99.6842%
  [   881500,   882000)          943    0.0031%  99.6873%
  [   882000,   882500)          864    0.0029%  99.6902%
  [   882500,   883000)          909    0.0030%  99.6932%
  [   883000,   883500)          873    0.0029%  99.6961%
  [   883500,   884000)          861    0.0029%  99.6990%
  [   884000,   884500)          833    0.0028%  99.7018%
  [   884500,   885000)          837    0.0028%  99.7046%
  [   885000,   885500)          860    0.0029%  99.7074%
  [   885500,   886000)          839    0.0028%  99.7102%
  [   886000,   886500)          768    0.0026%  99.7128%
  [   886500,   887000)          871    0.0029%  99.7157%
  [   887000,   887500)          774    0.0026%  99.7183%
  [   887500,   888000)          807    0.0027%  99.7210%
  [   888000,   888500)          818    0.0027%  99.7237%
  [   888500,   889000)          800    0.0027%  99.7264%
  [   889000,   889500)          822    0.0027%  99.7291%
  [   889500,   890000)          796    0.0027%  99.7318%
  [   890000,   890500)          765    0.0026%  99.7343%
  [   890500,   891000)          788    0.0026%  99.7369%
  [   891000,   891500)          799    0.0027%  99.7396%
  [   891500,   892000)          752    0.0025%  99.7421%
  [   892000,   892500)          782    0.0026%  99.7447%
  [   892500,   893000)          713    0.0024%  99.7471%
  [   893000,   893500)          772    0.0026%  99.7497%
  [   893500,   894000)          701    0.0023%  99.7520%
  [   894000,   894500)          723    0.0024%  99.7544%
  [   894500,   895000)          668    0.0022%  99.7566%
  [   895000,   895500)          723    0.0024%  99.7591%
  [   895500,   896000)          757    0.0025%  99.7616%
  [   896000,   896500)          752    0.0025%  99.7641%
  [   896500,   897000)          689    0.0023%  99.7664%
  [   897000,   897500)          681    0.0023%  99.7686%
  [   897500,   898000)          705    0.0024%  99.7710%
  [   898000,   898500)          675    0.0023%  99.7732%
  [   898500,   899000)          680    0.0023%  99.7755%
  [   899000,   899500)          697    0.0023%  99.7778%
  [   899500,   900000)          656    0.0022%  99.7800%
  [   900000,   900500)          690    0.0023%  99.7823%
  [   900500,   901000)          634    0.0021%  99.7844%
  [   901000,   901500)          662    0.0022%  99.7866%
  [   901500,   902000)          644    0.0021%  99.7888%
  [   902000,   902500)          578    0.0019%  99.7907%
  [   902500,   903000)          652    0.0022%  99.7929%
  [   903000,   903500)          661    0.0022%  99.7951%
  [   903500,   904000)          640    0.0021%  99.7972%
  [   904000,   904500)          619    0.0021%  99.7993%
  [   904500,   905000)          618    0.0021%  99.8014%
  [   905000,   905500)          566    0.0019%  99.8032%
  [   905500,   906000)          586    0.0020%  99.8052%
  [   906000,   906500)          554    0.0018%  99.8070%
  [   906500,   907000)          597    0.0020%  99.8090%
  [   907000,   907500)          565    0.0019%  99.8109%
  [   907500,   908000)          582    0.0019%  99.8129%
  [   908000,   908500)          545    0.0018%  99.8147%
  [   908500,   909000)          577    0.0019%  99.8166%
  [   909000,   909500)          529    0.0018%  99.8184%
  [   909500,   910000)          564    0.0019%  99.8202%
  [   910000,   910500)          543    0.0018%  99.8220%
  [   910500,   911000)          544    0.0018%  99.8239%
  [   911000,   911500)          479    0.0016%  99.8255%
  [   911500,   912000)          497    0.0017%  99.8271%
  [   912000,   912500)          540    0.0018%  99.8289%
  [   912500,   913000)          555    0.0019%  99.8308%
  [   913000,   913500)          525    0.0018%  99.8325%
  [   913500,   914000)          494    0.0016%  99.8342%
  [   914000,   914500)          531    0.0018%  99.8359%
  [   914500,   915000)          519    0.0017%  99.8377%
  [   915000,   915500)          465    0.0016%  99.8392%
  [   915500,   916000)          495    0.0017%  99.8409%
  [   916000,   916500)          502    0.0017%  99.8425%
  [   916500,   917000)          502    0.0017%  99.8442%
  [   917000,   917500)          494    0.0016%  99.8459%
  [   917500,   918000)          486    0.0016%  99.8475%
  [   918000,   918500)          450    0.0015%  99.8490%
  [   918500,   919000)          487    0.0016%  99.8506%
  [   919000,   919500)          486    0.0016%  99.8522%
  [   919500,   920000)          444    0.0015%  99.8537%
  [   920000,   920500)          487    0.0016%  99.8553%
  [   920500,   921000)          446    0.0015%  99.8568%
  [   921000,   921500)          461    0.0015%  99.8583%
  [   921500,   922000)          414    0.0014%  99.8597%
  [   922000,   922500)          452    0.0015%  99.8612%
  [   922500,   923000)          406    0.0014%  99.8626%
  [   923000,   923500)          431    0.0014%  99.8640%
  [   923500,   924000)          440    0.0015%  99.8655%
  [   924000,   924500)          430    0.0014%  99.8669%
  [   924500,   925000)          452    0.0015%  99.8684%
  [   925000,   925500)          398    0.0013%  99.8698%
  [   925500,   926000)          428    0.0014%  99.8712%
  [   926000,   926500)          392    0.0013%  99.8725%
  [   926500,   927000)          388    0.0013%  99.8738%
  [   927000,   927500)          401    0.0013%  99.8751%
  [   927500,   928000)          383    0.0013%  99.8764%
  [   928000,   928500)          394    0.0013%  99.8777%
  [   928500,   929000)          397    0.0013%  99.8790%
  [   929000,   929500)          398    0.0013%  99.8804%
  [   929500,   930000)          406    0.0014%  99.8817%
  [   930000,   930500)          386    0.0013%  99.8830%
  [   930500,   931000)          378    0.0013%  99.8843%
  [   931000,   931500)          361    0.0012%  99.8855%
  [   931500,   932000)          373    0.0012%  99.8867%
  [   932000,   932500)          353    0.0012%  99.8879%
  [   932500,   933000)          379    0.0013%  99.8891%
  [   933000,   933500)          362    0.0012%  99.8903%
  [   933500,   934000)          365    0.0012%  99.8916%
  [   934000,   934500)          334    0.0011%  99.8927%
  [   934500,   935000)          341    0.0011%  99.8938%
  [   935000,   935500)          346    0.0012%  99.8950%
  [   935500,   936000)          319    0.0011%  99.8960%
  [   936000,   936500)          342    0.0011%  99.8972%
  [   936500,   937000)          371    0.0012%  99.8984%
  [   937000,   937500)          318    0.0011%  99.8995%
  [   937500,   938000)          328    0.0011%  99.9006%
  [   938000,   938500)          351    0.0012%  99.9017%
  [   938500,   939000)          304    0.0010%  99.9027%
  [   939000,   939500)          336    0.0011%  99.9039%
  [   939500,   940000)          314    0.0010%  99.9049%
  [   940000,   940500)          301    0.0010%  99.9059%
  [   940500,   941000)          311    0.0010%  99.9070%
  [   941000,   941500)          343    0.0011%  99.9081%
  [   941500,   942000)          321    0.0011%  99.9092%
  [   942000,   942500)          276    0.0009%  99.9101%
  [   942500,   943000)          304    0.0010%  99.9111%
  [   943000,   943500)          281    0.0009%  99.9120%
  [   943500,   944000)          284    0.0009%  99.9130%
  [   944000,   944500)          312    0.0010%  99.9140%
  [   944500,   945000)          271    0.0009%  99.9149%
  [   945000,   945500)          266    0.0009%  99.9158%
  [   945500,   946000)          291    0.0010%  99.9168%
  [   946000,   946500)          301    0.0010%  99.9178%
  [   946500,   947000)          261    0.0009%  99.9187%
  [   947000,   947500)          301    0.0010%  99.9197%
  [   947500,   948000)          299    0.0010%  99.9207%
  [   948000,   948500)          279    0.0009%  99.9216%
  [   948500,   949000)          249    0.0008%  99.9224%
  [   949000,   949500)          269    0.0009%  99.9233%
  [   949500,   950000)          264    0.0009%  99.9242%
  [   950000,   950500)          257    0.0009%  99.9250%
  [   950500,   951000)          253    0.0008%  99.9259%
  [   951000,   951500)          246    0.0008%  99.9267%
  [   951500,   952000)          251    0.0008%  99.9275%
  [   952000,   952500)          270    0.0009%  99.9284%
  [   952500,   953000)          258    0.0009%  99.9293%
  [   953000,   953500)          242    0.0008%  99.9301%
  [   953500,   954000)          259    0.0009%  99.9310%
  [   954000,   954500)          235    0.0008%  99.9318%
  [   954500,   955000)          238    0.0008%  99.9326%
  [   955000,   955500)          266    0.0009%  99.9334%
  [   955500,   956000)          251    0.0008%  99.9343%
  [   956000,   956500)          245    0.0008%  99.9351%
  [   956500,   957000)          229    0.0008%  99.9359%
  [   957000,   957500)          190    0.0006%  99.9365%
  [   957500,   958000)          218    0.0007%  99.9372%
  [   958000,   958500)          239    0.0008%  99.9380%
  [   958500,   959000)          202    0.0007%  99.9387%
  [   959000,   959500)          201    0.0007%  99.9394%
  [   959500,   960000)          207    0.0007%  99.9400%
  [   960000,   960500)          211    0.0007%  99.9408%
  [   960500,   961000)          191    0.0006%  99.9414%
  [   961000,   961500)          203    0.0007%  99.9421%
  [   961500,   962000)          211    0.0007%  99.9428%
  [   962000,   962500)          187    0.0006%  99.9434%
  [   962500,   963000)          183    0.0006%  99.9440%
  [   963000,   963500)          195    0.0007%  99.9447%
  [   963500,   964000)          205    0.0007%  99.9453%
  [   964000,   964500)          199    0.0007%  99.9460%
  [   964500,   965000)          193    0.0006%  99.9466%
  [   965000,   965500)          201    0.0007%  99.9473%
  [   965500,   966000)          170    0.0006%  99.9479%
  [   966000,   966500)          189    0.0006%  99.9485%
  [   966500,   967000)          182    0.0006%  99.9491%
  [   967000,   967500)          176    0.0006%  99.9497%
  [   967500,   968000)          176    0.0006%  99.9503%
  [   968000,   968500)          164    0.0005%  99.9508%
  [   968500,   969000)          166    0.0006%  99.9514%
  [   969000,   969500)          159    0.0005%  99.9519%
  [   969500,   970000)          197    0.0007%  99.9526%
  [   970000,   970500)          163    0.0005%  99.9531%
  [   970500,   971000)          157    0.0005%  99.9536%
  [   971000,   971500)          172    0.0006%  99.9542%
  [   971500,   972000)          154    0.0005%  99.9547%
  [   972000,   972500)          172    0.0006%  99.9553%
  [   972500,   973000)          149    0.0005%  99.9558%
  [   973000,   973500)          138    0.0005%  99.9563%
  [   973500,   974000)          156    0.0005%  99.9568%
  [   974000,   974500)          167    0.0006%  99.9573%
  [   974500,   975000)          157    0.0005%  99.9579%
  [   975000,   975500)          156    0.0005%  99.9584%
  [   975500,   976000)          154    0.0005%  99.9589%
  [   976000,   976500)          167    0.0006%  99.9594%
  [   976500,   977000)          144    0.0005%  99.9599%
  [   977000,   977500)          136    0.0005%  99.9604%
  [   977500,   978000)          149    0.0005%  99.9609%
  [   978000,   978500)          148    0.0005%  99.9614%
  [   978500,   979000)          150    0.0005%  99.9619%
  [   979000,   979500)          144    0.0005%  99.9624%
  [   979500,   980000)          136    0.0005%  99.9628%
  [   980000,   980500)          127    0.0004%  99.9632%
  [   980500,   981000)          128    0.0004%  99.9637%
  [   981000,   981500)          132    0.0004%  99.9641%
  [   981500,   982000)          117    0.0004%  99.9645%
  [   982000,   982500)          129    0.0004%  99.9649%
  [   982500,   983000)          110    0.0004%  99.9653%
  [   983000,   983500)          115    0.0004%  99.9657%
  [   983500,   984000)          130    0.0004%  99.9661%
  [   984000,   984500)          143    0.0005%  99.9666%
  [   984500,   985000)          102    0.0003%  99.9669%
  [   985000,   985500)          142    0.0005%  99.9674%
  [   985500,   986000)          118    0.0004%  99.9678%
  [   986000,   986500)          115    0.0004%  99.9682%
  [   986500,   987000)          119    0.0004%  99.9686%
  [   987000,   987500)          105    0.0004%  99.9689%
  [   987500,   988000)          125    0.0004%  99.9693%
  [   988000,   988500)          120    0.0004%  99.9697%
  [   988500,   989000)          117    0.0004%  99.9701%
  [   989000,   989500)          103    0.0003%  99.9705%
  [   989500,   990000)          111    0.0004%  99.9708%
  [   990000,   990500)          114    0.0004%  99.9712%
  [   990500,   991000)           95    0.0003%  99.9715%
  [   991000,   991500)          106    0.0004%  99.9719%
  [   991500,   992000)          105    0.0004%  99.9722%
  [   992000,   992500)          109    0.0004%  99.9726%
  [   992500,   993000)           97    0.0003%  99.9729%
  [   993000,   993500)          120    0.0004%  99.9733%
  [   993500,   994000)           95    0.0003%  99.9736%
  [   994000,   994500)           94    0.0003%  99.9739%
  [   994500,   995000)          114    0.0004%  99.9743%
  [   995000,   995500)          113    0.0004%  99.9747%
  [   995500,   996000)          105    0.0004%  99.9751%
  [   996000,   996500)          117    0.0004%  99.9754%
  [   996500,   997000)          100    0.0003%  99.9758%
  [   997000,   997500)           99    0.0003%  99.9761%
  [   997500,   998000)           82    0.0003%  99.9764%
  [   998000,   998500)          110    0.0004%  99.9767%
  [   998500,   999000)           83    0.0003%  99.9770%
  [   999000,   999500)           83    0.0003%  99.9773%
  [   999500, +inf)                6809    0.0227% 100.0000%

----- OFFLOADED TASKS [node 1] -----
  ops total                = 29999988
  ops direct (1-sided)     = 29999988 (100.00%)
  ops offload (rpc)        = 0 (0.00%)
  lookup pushdowns         = 0
  scan   pushdowns (RPC)   = 0
    kv pairs returned      = 0
    leaves scanned remotely= 0
    kv / scan pushdown     = 0.00
    leaves / scan pushdown = 0.00
=========================================================================

[CORRECTNESS node 1] scan rows returned = 2999956418
[READPATH node 1] lookups=447454068  index-cache hit=49.3%  per lookup: leaf=1.000 speculative=0.000 (right 0.0%) hop-reads=1.000 (two-segment 0.437) retries=0.000 invalid=0.000 sibling=0.000  => est. leaf round trips/lookup=1.000
[LEAFCACHE] off

----- PER-LEVEL CACHE HITS [node 1] (lookups; level 0 = leaf) -----
[KIND node 1] lookups=0 inner_visits=0 inner_hits=0 inner_hit_pct=0.00 leaf_visits=0 leaf_hits=0 leaf_hit_pct=0.00
[SCANLEAF node 1] scans=29999988 inner_complete_miss=456017 inner_partial=5626238 leaf_cache_hits=0 leaf_reads=341494175 cn_leaves_per_scan=11.38 leaf_hit_pct=0.00
[END]
