Compute node count = 1
kNodeCount 2, kReadRatio 0, kInsertRatio 0, kUpdateRatio 0, kDeleteRatio 0, kRangeRatio 100, totalThreadCount 36, memThreadCount 16 cache_size 8, uniform_workload 1, zipfian 0.990000, bulk_load_num 50000000, warmup_num 10000000, op_num 30000000, check_correctness 0, time_based 0, early_stop 1, index 0, rpc_rate 1.000000, admission_rate 0.100000, auto_tune 0
kMaxThread = 36
KeySpace = 50001000
[GEOMETRY] inner_page=160 leaf_page=512 inner_entries=5 leaf_entries=26 slot=512 placement=mn_only
[4mshared memory size: 64GB, 0x7fef77200000[0m
[4mcache size: 2GB[0m
[4mMachine NR: 2[0m
[4mMax_APP_THREAD: 80[0m
[4mNR_DIRECTORY: 16[0m
[4mStart Build the DSMKeeper[0m
I am servers 0 [255.127.0.0]
I connect server 1
[4mdir 0 launch! (core 79 of 80)
[0m
[4mdir 1 launch! (core 79 of 80)
[0m
[4mdir 15 launch! (core 79 of 80)
[0m
CNode 0, left bound = 0, right bound = 18446744073709551615
Pushdown (RPC) Rate: 1
Admission Rate: 0.1
Cache size(MB) = 8
-----Cache initial addr = 0x7fef5ce00000
page num = 16384
alloc_unit = 512
entry_num: 16384
bucket_num: 5462
[DEX_SAFE_PT] page table keeps overflow buckets linked: ON
Bucket size = 64
entry_num: 1638
bucket_num: 273
[DEX-R] push reads from the deepest cached node: off (DEX_PUSH_READS_DEEPEST; writes keep DEX's megaLevel rule)
start generating tree
num_partitions = 1
Success: tree root pointer value [1, 67108864]
finish generating tree
[4mdir 14 launch! (core 79 of 80)
[0m
[4mdir 13 launch! (core 79 of 80)
[0m
[4mdir 12 launch! (core 79 of 80)
[0m
[4mdir 10 launch! (core 79 of 80)
[0m
[4mdir 11 launch! (core 79 of 80)
[0m
[4mdir 9 launch! (core 79 of 80)
[0m
[4mdir 2 launch! (core 79 of 80)
[0m
[4mdir 8 launch! (core 79 of 80)
[0m
[4mdir 7 launch! (core 79 of 80)
[0m
[4mdir 6 launch! (core 79 of 80)
[0m
[4mdir 5 launch! (core 79 of 80)
[0m
[4mdir 4 launch! (core 79 of 80)
[0m
[4mdir 3 launch! (core 79 of 80)
[0m
Bulkload num in node 0 = 50000000
[CPU compute ] process=  2.50% of 80 cores   system=  2.52%   (window 2s)
First key of bulkloading = 7325973
Last key of bulkloading = 26738230
node warmup num = 9999972
kReadRatio =0
insertmark =0
updatemark =0
deletemark =0
rangemark =100

----- REMOTE CPU LOAD (memory node dir-threads, 2s window) -----
  dir 0: active=  0.00%  msgs=0           0 ns/msg
  dir 1: active=  0.00%  msgs=0           0 ns/msg
  dir 2: active=  0.00%  msgs=0           0 ns/msg
  dir 3: active=  0.00%  msgs=0           0 ns/msg
  dir 4: active=  0.00%  msgs=0           0 ns/msg
  dir 5: active=  0.00%  msgs=0           0 ns/msg
  dir 6: active=  0.00%  msgs=0           0 ns/msg
  dir 7: active=  0.00%  msgs=0           0 ns/msg
  dir 8: active=  0.00%  msgs=0           0 ns/msg
  dir 9: active=  0.00%  msgs=0           0 ns/msg
  dir 10: active=  0.00%  msgs=0           0 ns/msg
  dir 11: active=  0.00%  msgs=0           0 ns/msg
  dir 12: active=  0.00%  msgs=0           0 ns/msg
  dir 13: active=  0.00%  msgs=0           0 ns/msg
  dir 14: active=  0.00%  msgs=0           0 ns/msg
  dir 15: active=  0.00%  msgs=0           0 ns/msg
  AGGREGATE active = 0.00% (of 16 dir-threads; 0.00% per-thread avg)  msgs=0
Finish warmup workload generation
[CPU compute ] process=  2.50% of 80 cores   system=  2.52%   (window 2s)

----- REMOTE CPU LOAD (memory node dir-threads, 2s window) -----
  dir 0: active=  0.00%  msgs=0           0 ns/msg
  dir 1: active=  0.00%  msgs=0           0 ns/msg
  dir 2: active=  0.00%  msgs=0           0 ns/msg
  dir 3: active=  0.00%  msgs=0           0 ns/msg
  dir 4: active=  0.00%  msgs=0           0 ns/msg
  dir 5: active=  0.00%  msgs=0           0 ns/msg
  dir 6: active=  0.00%  msgs=0           0 ns/msg
  dir 7: active=  0.00%  msgs=0           0 ns/msg
  dir 8: active=  0.00%  msgs=0           0 ns/msg
  dir 9: active=  0.00%  msgs=0           0 ns/msg
  dir 10: active=  0.00%  msgs=0           0 ns/msg
  dir 11: active=  0.00%  msgs=0           0 ns/msg
  dir 12: active=  0.00%  msgs=0           0 ns/msg
  dir 13: active=  0.00%  msgs=0           0 ns/msg
  dir 14: active=  0.00%  msgs=0           0 ns/msg
  dir 15: active=  0.00%  msgs=0           0 ns/msg
  AGGREGATE active = 0.00% (of 16 dir-threads; 0.00% per-thread avg)  msgs=0
[CPU compute ] process=  2.51% of 80 cores   system=  2.51%   (window 2s)

----- REMOTE CPU LOAD (memory node dir-threads, 2s window) -----
  dir 0: active=  0.00%  msgs=0           0 ns/msg
  dir 1: active=  0.00%  msgs=0           0 ns/msg
  dir 2: active=  0.00%  msgs=0           0 ns/msg
  dir 3: active=  0.00%  msgs=0           0 ns/msg
  dir 4: active=  0.00%  msgs=0           0 ns/msg
  dir 5: active=  0.00%  msgs=0           0 ns/msg
  dir 6: active=  0.00%  msgs=0           0 ns/msg
  dir 7: active=  0.00%  msgs=0           0 ns/msg
  dir 8: active=  0.00%  msgs=0           0 ns/msg
  dir 9: active=  0.00%  msgs=0           0 ns/msg
  dir 10: active=  0.00%  msgs=0           0 ns/msg
  dir 11: active=  0.00%  msgs=0           0 ns/msg
  dir 12: active=  0.00%  msgs=0           0 ns/msg
  dir 13: active=  0.00%  msgs=0           0 ns/msg
  dir 14: active=  0.00%  msgs=0           0 ns/msg
  dir 15: active=  0.00%  msgs=0           0 ns/msg
  AGGREGATE active = 0.00% (of 16 dir-threads; 0.00% per-thread avg)  msgs=0
[CPU compute ] process=  2.49% of 80 cores   system=  2.51%   (window 2s)

----- REMOTE CPU LOAD (memory node dir-threads, 2s window) -----
  dir 0: active=  0.00%  msgs=0           0 ns/msg
  dir 1: active=  0.00%  msgs=0           0 ns/msg
  dir 2: active=  0.00%  msgs=0           0 ns/msg
  dir 3: active=  0.00%  msgs=0           0 ns/msg
  dir 4: active=  0.00%  msgs=0           0 ns/msg
  dir 5: active=  0.00%  msgs=0           0 ns/msg
  dir 6: active=  0.00%  msgs=0           0 ns/msg
  dir 7: active=  0.00%  msgs=0           0 ns/msg
  dir 8: active=  0.00%  msgs=0           0 ns/msg
  dir 9: active=  0.00%  msgs=0           0 ns/msg
  dir 10: active=  0.00%  msgs=0           0 ns/msg
  dir 11: active=  0.00%  msgs=0           0 ns/msg
  dir 12: active=  0.00%  msgs=0           0 ns/msg
  dir 13: active=  0.00%  msgs=0           0 ns/msg
  dir 14: active=  0.00%  msgs=0           0 ns/msg
  dir 15: active=  0.00%  msgs=0           0 ns/msg
  AGGREGATE active = 0.00% (of 16 dir-threads; 0.00% per-thread avg)  msgs=0
[CPU compute ] process=  2.51% of 80 cores   system=  4.47%   (window 2s)

----- REMOTE CPU LOAD (memory node dir-threads, 2s window) -----
  dir 0: active=  0.00%  msgs=0           0 ns/msg
  dir 1: active=  0.00%  msgs=0           0 ns/msg
  dir 2: active=  0.00%  msgs=0           0 ns/msg
  dir 3: active=  0.00%  msgs=0           0 ns/msg
  dir 4: active=  0.00%  msgs=0           0 ns/msg
  dir 5: active=  0.00%  msgs=0           0 ns/msg
  dir 6: active=  0.00%  msgs=0           0 ns/msg
  dir 7: active=  0.00%  msgs=0           0 ns/msg
  dir 8: active=  0.00%  msgs=0           0 ns/msg
  dir 9: active=  0.00%  msgs=0           0 ns/msg
  dir 10: active=  0.00%  msgs=0           0 ns/msg
  dir 11: active=  0.00%  msgs=0           0 ns/msg
  dir 12: active=  0.00%  msgs=0           0 ns/msg
  dir 13: active=  0.00%  msgs=0           0 ns/msg
  dir 14: active=  0.00%  msgs=0           0 ns/msg
  dir 15: active=  0.00%  msgs=0           0 ns/msg
  AGGREGATE active = 0.00% (of 16 dir-threads; 0.00% per-thread avg)  msgs=0
[CPU compute ] process=  2.50% of 80 cores   system=  2.52%   (window 2s)

----- REMOTE CPU LOAD (memory node dir-threads, 2s window) -----
  dir 0: active=  0.00%  msgs=0           0 ns/msg
  dir 1: active=  0.00%  msgs=0           0 ns/msg
  dir 2: active=  0.00%  msgs=0           0 ns/msg
  dir 3: active=  0.00%  msgs=0           0 ns/msg
  dir 4: active=  0.00%  msgs=0           0 ns/msg
  dir 5: active=  0.00%  msgs=0           0 ns/msg
  dir 6: active=  0.00%  msgs=0           0 ns/msg
  dir 7: active=  0.00%  msgs=0           0 ns/msg
  dir 8: active=  0.00%  msgs=0           0 ns/msg
  dir 9: active=  0.00%  msgs=0           0 ns/msg
  dir 10: active=  0.00%  msgs=0           0 ns/msg
  dir 11: active=  0.00%  msgs=0           0 ns/msg
  dir 12: active=  0.00%  msgs=0           0 ns/msg
  dir 13: active=  0.00%  msgs=0           0 ns/msg
  dir 14: active=  0.00%  msgs=0           0 ns/msg
  dir 15: active=  0.00%  msgs=0           0 ns/msg
  AGGREGATE active = 0.00% (of 16 dir-threads; 0.00% per-thread avg)  msgs=0
[CPU compute ] process=  2.49% of 80 cores   system=  2.52%   (window 2s)

----- REMOTE CPU LOAD (memory node dir-threads, 2s window) -----
  dir 0: active=  0.00%  msgs=0           0 ns/msg
  dir 1: active=  0.00%  msgs=0           0 ns/msg
  dir 2: active=  0.00%  msgs=0           0 ns/msg
  dir 3: active=  0.00%  msgs=0           0 ns/msg
  dir 4: active=  0.00%  msgs=0           0 ns/msg
  dir 5: active=  0.00%  msgs=0           0 ns/msg
  dir 6: active=  0.00%  msgs=0           0 ns/msg
  dir 7: active=  0.00%  msgs=0           0 ns/msg
  dir 8: active=  0.00%  msgs=0           0 ns/msg
  dir 9: active=  0.00%  msgs=0           0 ns/msg
  dir 10: active=  0.00%  msgs=0           0 ns/msg
  dir 11: active=  0.00%  msgs=0           0 ns/msg
  dir 12: active=  0.00%  msgs=0           0 ns/msg
  dir 13: active=  0.00%  msgs=0           0 ns/msg
  dir 14: active=  0.00%  msgs=0           0 ns/msg
  dir 15: active=  0.00%  msgs=0           0 ns/msg
  AGGREGATE active = 0.00% (of 16 dir-threads; 0.00% per-thread avg)  msgs=0
node op_num = 29999988
Finish all workload generation
[CPU compute ] process=  2.51% of 80 cores   system=  2.52%   (window 2s)

----- REMOTE CPU LOAD (memory node dir-threads, 2s window) -----
  dir 0: active=  0.00%  msgs=0           0 ns/msg
  dir 1: active=  0.00%  msgs=0           0 ns/msg
  dir 2: active=  0.00%  msgs=0           0 ns/msg
  dir 3: active=  0.00%  msgs=0           0 ns/msg
  dir 4: active=  0.00%  msgs=0           0 ns/msg
  dir 5: active=  0.00%  msgs=0           0 ns/msg
  dir 6: active=  0.00%  msgs=0           0 ns/msg
  dir 7: active=  0.00%  msgs=0           0 ns/msg
  dir 8: active=  0.00%  msgs=0           0 ns/msg
  dir 9: active=  0.00%  msgs=0           0 ns/msg
  dir 10: active=  0.00%  msgs=0           0 ns/msg
  dir 11: active=  0.00%  msgs=0           0 ns/msg
  dir 12: active=  0.00%  msgs=0           0 ns/msg
  dir 13: active=  0.00%  msgs=0           0 ns/msg
  dir 14: active=  0.00%  msgs=0           0 ns/msg
  dir 15: active=  0.00%  msgs=0           0 ns/msg
  AGGREGATE active = 0.00% (of 16 dir-threads; 0.00% per-thread avg)  msgs=0
[CPU compute ] process=  2.50% of 80 cores   system=  2.52%   (window 2s)

----- REMOTE CPU LOAD (memory node dir-threads, 2s window) -----
  dir 0: active=  0.00%  msgs=0           0 ns/msg
  dir 1: active=  0.00%  msgs=0           0 ns/msg
  dir 2: active=  0.00%  msgs=0           0 ns/msg
  dir 3: active=  0.00%  msgs=0           0 ns/msg
  dir 4: active=  0.00%  msgs=0           0 ns/msg
  dir 5: active=  0.00%  msgs=0           0 ns/msg
  dir 6: active=  0.00%  msgs=0           0 ns/msg
  dir 7: active=  0.00%  msgs=0           0 ns/msg
  dir 8: active=  0.00%  msgs=0           0 ns/msg
  dir 9: active=  0.00%  msgs=0           0 ns/msg
  dir 10: active=  0.00%  msgs=0           0 ns/msg
  dir 11: active=  0.00%  msgs=0           0 ns/msg
  dir 12: active=  0.00%  msgs=0           0 ns/msg
  dir 13: active=  0.00%  msgs=0           0 ns/msg
  dir 14: active=  0.00%  msgs=0           0 ns/msg
  dir 15: active=  0.00%  msgs=0           0 ns/msg
  AGGREGATE active = 0.00% (of 16 dir-threads; 0.00% per-thread avg)  msgs=0
Fetched new height = 1
Success: tree root pointer value [1, 67109888]
Height = 2
Success: tree root pointer value [1, 67112448]
Height = 3
Success: tree root pointer value [1, 67118080]
Height = 4
[CPU compute ] process=  2.50% of 80 cores   system=  4.50%   (window 2s)

----- REMOTE CPU LOAD (memory node dir-threads, 2s window) -----
  dir 0: active=  0.00%  msgs=0           0 ns/msg
  dir 1: active=  0.00%  msgs=0           0 ns/msg
  dir 2: active=  0.00%  msgs=0           0 ns/msg
  dir 3: active=  0.00%  msgs=0           0 ns/msg
  dir 4: active=  0.00%  msgs=0           0 ns/msg
  dir 5: active=  0.00%  msgs=0           0 ns/msg
  dir 6: active=  0.00%  msgs=0           0 ns/msg
  dir 7: active=  0.00%  msgs=0           0 ns/msg
  dir 8: active=  0.00%  msgs=0           0 ns/msg
  dir 9: active=  0.00%  msgs=0           0 ns/msg
  dir 10: active=  0.00%  msgs=0           0 ns/msg
  dir 11: active=  0.00%  msgs=0           0 ns/msg
  dir 12: active=  0.00%  msgs=0           0 ns/msg
  dir 13: active=  0.00%  msgs=0           0 ns/msg
  dir 14: active=  0.00%  msgs=0           0 ns/msg
  dir 15: active=  0.00%  msgs=0           0 ns/msg
  AGGREGATE active = 0.00% (of 16 dir-threads; 0.00% per-thread avg)  msgs=0
[CPU compute ] process=  2.50% of 80 cores   system=  2.53%   (window 2s)
Success: tree root pointer value [1, 67129856]
Height = 5
Success: tree root pointer value [1, 67153920]
Height = 6
Success: tree root pointer value [1, 67202560]
Height = 7
Success: tree root pointer value [1, 67300352]
Height = 8
Success: tree root pointer value [1, 67496448]
Height = 9
Success: tree root pointer value [1, 67889152]
Height = 10
Success: tree root pointer value [1, 68675072]
Height = 11
Success: tree root pointer value [1, 70247424]
Height = 12

----- REMOTE CPU LOAD (memory node dir-threads, 2s window) -----
  dir 0: active=  0.00%  msgs=0           0 ns/msg
  dir 1: active=  0.00%  msgs=0           0 ns/msg
  dir 2: active=  0.00%  msgs=0           0 ns/msg
  dir 3: active=  0.00%  msgs=0           0 ns/msg
  dir 4: active=  0.00%  msgs=0           0 ns/msg
  dir 5: active=  0.00%  msgs=0           0 ns/msg
  dir 6: active=  0.00%  msgs=0           0 ns/msg
  dir 7: active=  0.00%  msgs=0           0 ns/msg
  dir 8: active=  0.00%  msgs=0           0 ns/msg
  dir 9: active=  0.00%  msgs=0           0 ns/msg
  dir 10: active=  0.00%  msgs=0           0 ns/msg
  dir 11: active=  0.00%  msgs=0           0 ns/msg
  dir 12: active=  0.00%  msgs=0           0 ns/msg
  dir 13: active=  0.00%  msgs=0           0 ns/msg
  dir 14: active=  0.00%  msgs=0           0 ns/msg
  dir 15: active=  0.00%  msgs=0           0 ns/msg
  AGGREGATE active = 0.00% (of 16 dir-threads; 0.00% per-thread avg)  msgs=0
Success: tree root pointer value [1, 73392640]
Height = 13
entering dynamic phase
Success: tree root pointer value [1, 79683584]
Height = 14
Success: tree root pointer value [1, 92265984]
Height = 15
Success: tree root pointer value [1, 4378844672]
Height = 16
Success: tree root pointer value [1, 8690589184]
Height = 17
[CPU compute ] process=  2.50% of 80 cores   system=  2.52%   (window 2s)

----- REMOTE CPU LOAD (memory node dir-threads, 2s window) -----
  dir 0: active=  0.00%  msgs=0           0 ns/msg
  dir 1: active=  0.00%  msgs=0           0 ns/msg
  dir 2: active=  0.00%  msgs=0           0 ns/msg
  dir 3: active=  0.00%  msgs=0           0 ns/msg
  dir 4: active=  0.00%  msgs=0           0 ns/msg
  dir 5: active=  0.00%  msgs=0           0 ns/msg
  dir 6: active=  0.00%  msgs=0           0 ns/msg
  dir 7: active=  0.00%  msgs=0           0 ns/msg
  dir 8: active=  0.00%  msgs=0           0 ns/msg
  dir 9: active=  0.00%  msgs=0           0 ns/msg
  dir 10: active=  0.00%  msgs=0           0 ns/msg
  dir 11: active=  0.00%  msgs=0           0 ns/msg
  dir 12: active=  0.00%  msgs=0           0 ns/msg
  dir 13: active=  0.00%  msgs=0           0 ns/msg
  dir 14: active=  0.00%  msgs=0           0 ns/msg
  dir 15: active=  0.00%  msgs=0           0 ns/msg
  AGGREGATE active = 0.00% (of 16 dir-threads; 0.00% per-thread avg)  msgs=0
Success: tree root pointer value [1, 21575492096]
Height = 18
[CPU compute ] process=  2.50% of 80 cores   system=  2.52%   (window 2s)

----- REMOTE CPU LOAD (memory node dir-threads, 2s window) -----
  dir 0: active=  0.00%  msgs=0           0 ns/msg
  dir 1: active=  0.00%  msgs=0           0 ns/msg
  dir 2: active=  0.00%  msgs=0           0 ns/msg
  dir 3: active=  0.00%  msgs=0           0 ns/msg
  dir 4: active=  0.00%  msgs=0           0 ns/msg
  dir 5: active=  0.00%  msgs=0           0 ns/msg
  dir 6: active=  0.00%  msgs=0           0 ns/msg
  dir 7: active=  0.00%  msgs=0           0 ns/msg
  dir 8: active=  0.00%  msgs=0           0 ns/msg
  dir 9: active=  0.00%  msgs=0           0 ns/msg
  dir 10: active=  0.00%  msgs=0           0 ns/msg
  dir 11: active=  0.00%  msgs=0           0 ns/msg
  dir 12: active=  0.00%  msgs=0           0 ns/msg
  dir 13: active=  0.00%  msgs=0           0 ns/msg
  dir 14: active=  0.00%  msgs=0           0 ns/msg
  dir 15: active=  0.00%  msgs=0           0 ns/msg
  AGGREGATE active = 0.00% (of 16 dir-threads; 0.00% per-thread avg)  msgs=0
Success: tree root pointer value [1, 47345298432]
Height = 19
[CPU compute ] process=  2.49% of 80 cores   system=  2.51%   (window 2s)

----- REMOTE CPU LOAD (memory node dir-threads, 2s window) -----
  dir 0: active=  0.00%  msgs=0           0 ns/msg
  dir 1: active=  0.00%  msgs=0           0 ns/msg
  dir 2: active=  0.00%  msgs=0           0 ns/msg
  dir 3: active=  0.00%  msgs=0           0 ns/msg
  dir 4: active=  0.00%  msgs=0           0 ns/msg
  dir 5: active=  0.00%  msgs=0           0 ns/msg
  dir 6: active=  0.00%  msgs=0           0 ns/msg
  dir 7: active=  0.00%  msgs=0           0 ns/msg
  dir 8: active=  0.00%  msgs=0           0 ns/msg
  dir 9: active=  0.00%  msgs=0           0 ns/msg
  dir 10: active=  0.00%  msgs=0           0 ns/msg
  dir 11: active=  0.00%  msgs=0           0 ns/msg
  dir 12: active=  0.00%  msgs=0           0 ns/msg
  dir 13: active=  0.00%  msgs=0           0 ns/msg
  dir 14: active=  0.00%  msgs=0           0 ns/msg
  dir 15: active=  0.00%  msgs=0           0 ns/msg
  AGGREGATE active = 0.00% (of 16 dir-threads; 0.00% per-thread avg)  msgs=0
[CPU compute ] process=  2.50% of 80 cores   system=  4.32%   (window 2s)

----- REMOTE CPU LOAD (memory node dir-threads, 2s window) -----
  dir 0: active=  0.00%  msgs=0           0 ns/msg
  dir 1: active=  0.00%  msgs=0           0 ns/msg
  dir 2: active=  0.00%  msgs=0           0 ns/msg
  dir 3: active=  0.00%  msgs=0           0 ns/msg
  dir 4: active=  0.00%  msgs=0           0 ns/msg
  dir 5: active=  0.00%  msgs=0           0 ns/msg
  dir 6: active=  0.00%  msgs=0           0 ns/msg
  dir 7: active=  0.00%  msgs=0           0 ns/msg
  dir 8: active=  0.00%  msgs=0           0 ns/msg
  dir 9: active=  0.00%  msgs=0           0 ns/msg
  dir 10: active=  0.00%  msgs=0           0 ns/msg
  dir 11: active=  0.00%  msgs=0           0 ns/msg
  dir 12: active=  0.00%  msgs=0           0 ns/msg
  dir 13: active=  0.00%  msgs=0           0 ns/msg
  dir 14: active=  0.00%  msgs=0           0 ns/msg
  dir 15: active=  0.00%  msgs=0           0 ns/msg
  AGGREGATE active = 0.00% (of 16 dir-threads; 0.00% per-thread avg)  msgs=0
[CPU compute ] process=  2.50% of 80 cores   system=  2.52%   (window 2s)

----- REMOTE CPU LOAD (memory node dir-threads, 2s window) -----
  dir 0: active=  0.00%  msgs=0           0 ns/msg
  dir 1: active=  0.00%  msgs=0           0 ns/msg
  dir 2: active=  0.00%  msgs=0           0 ns/msg
  dir 3: active=  0.00%  msgs=0           0 ns/msg
  dir 4: active=  0.00%  msgs=0           0 ns/msg
  dir 5: active=  0.00%  msgs=0           0 ns/msg
  dir 6: active=  0.00%  msgs=0           0 ns/msg
  dir 7: active=  0.00%  msgs=0           0 ns/msg
  dir 8: active=  0.00%  msgs=0           0 ns/msg
  dir 9: active=  0.00%  msgs=0           0 ns/msg
  dir 10: active=  0.00%  msgs=0           0 ns/msg
  dir 11: active=  0.00%  msgs=0           0 ns/msg
  dir 12: active=  0.00%  msgs=0           0 ns/msg
  dir 13: active=  0.00%  msgs=0           0 ns/msg
  dir 14: active=  0.00%  msgs=0           0 ns/msg
  dir 15: active=  0.00%  msgs=0           0 ns/msg
  AGGREGATE active = 0.00% (of 16 dir-threads; 0.00% per-thread avg)  msgs=0
Success: tree root pointer value [1, 34460402688]
Height = 20
[CPU compute ] process=  2.50% of 80 cores   system=  2.51%   (window 2s)

----- REMOTE CPU LOAD (memory node dir-threads, 2s window) -----
  dir 0: active=  0.00%  msgs=0           0 ns/msg
  dir 1: active=  0.00%  msgs=0           0 ns/msg
  dir 2: active=  0.00%  msgs=0           0 ns/msg
  dir 3: active=  0.00%  msgs=0           0 ns/msg
  dir 4: active=  0.00%  msgs=0           0 ns/msg
  dir 5: active=  0.00%  msgs=0           0 ns/msg
  dir 6: active=  0.00%  msgs=0           0 ns/msg
  dir 7: active=  0.00%  msgs=0           0 ns/msg
  dir 8: active=  0.00%  msgs=0           0 ns/msg
  dir 9: active=  0.00%  msgs=0           0 ns/msg
  dir 10: active=  0.00%  msgs=0           0 ns/msg
  dir 11: active=  0.00%  msgs=0           0 ns/msg
  dir 12: active=  0.00%  msgs=0           0 ns/msg
  dir 13: active=  0.00%  msgs=0           0 ns/msg
  dir 14: active=  0.00%  msgs=0           0 ns/msg
  dir 15: active=  0.00%  msgs=0           0 ns/msg
  AGGREGATE active = 0.00% (of 16 dir-threads; 0.00% per-thread avg)  msgs=0
[CPU compute ] process=  2.50% of 80 cores   system=  2.52%   (window 2s)

----- REMOTE CPU LOAD (memory node dir-threads, 2s window) -----
  dir 0: active=  0.00%  msgs=0           0 ns/msg
  dir 1: active=  0.00%  msgs=0           0 ns/msg
  dir 2: active=  0.00%  msgs=0           0 ns/msg
  dir 3: active=  0.00%  msgs=0           0 ns/msg
  dir 4: active=  0.00%  msgs=0           0 ns/msg
  dir 5: active=  0.00%  msgs=0           0 ns/msg
  dir 6: active=  0.00%  msgs=0           0 ns/msg
  dir 7: active=  0.00%  msgs=0           0 ns/msg
  dir 8: active=  0.00%  msgs=0           0 ns/msg
  dir 9: active=  0.00%  msgs=0           0 ns/msg
  dir 10: active=  0.00%  msgs=0           0 ns/msg
  dir 11: active=  0.00%  msgs=0           0 ns/msg
  dir 12: active=  0.00%  msgs=0           0 ns/msg
  dir 13: active=  0.00%  msgs=0           0 ns/msg
  dir 14: active=  0.00%  msgs=0           0 ns/msg
  dir 15: active=  0.00%  msgs=0           0 ns/msg
  AGGREGATE active = 0.00% (of 16 dir-threads; 0.00% per-thread avg)  msgs=0
[CPU compute ] process=  2.50% of 80 cores   system=  2.51%   (window 2s)

----- REMOTE CPU LOAD (memory node dir-threads, 2s window) -----
  dir 0: active=  0.00%  msgs=0           0 ns/msg
  dir 1: active=  0.00%  msgs=0           0 ns/msg
  dir 2: active=  0.00%  msgs=0           0 ns/msg
  dir 3: active=  0.00%  msgs=0           0 ns/msg
  dir 4: active=  0.00%  msgs=0           0 ns/msg
  dir 5: active=  0.00%  msgs=0           0 ns/msg
  dir 6: active=  0.00%  msgs=0           0 ns/msg
  dir 7: active=  0.00%  msgs=0           0 ns/msg
  dir 8: active=  0.00%  msgs=0           0 ns/msg
  dir 9: active=  0.00%  msgs=0           0 ns/msg
  dir 10: active=  0.00%  msgs=0           0 ns/msg
  dir 11: active=  0.00%  msgs=0           0 ns/msg
  dir 12: active=  0.00%  msgs=0           0 ns/msg
  dir 13: active=  0.00%  msgs=0           0 ns/msg
  dir 14: active=  0.00%  msgs=0           0 ns/msg
  dir 15: active=  0.00%  msgs=0           0 ns/msg
  AGGREGATE active = 0.00% (of 16 dir-threads; 0.00% per-thread avg)  msgs=0
[CPU compute ] process=  2.50% of 80 cores   system=  3.21%   (window 2s)

----- REMOTE CPU LOAD (memory node dir-threads, 2s window) -----
  dir 0: active=  0.00%  msgs=0           0 ns/msg
  dir 1: active=  0.00%  msgs=0           0 ns/msg
  dir 2: active=  0.00%  msgs=0           0 ns/msg
  dir 3: active=  0.00%  msgs=0           0 ns/msg
  dir 4: active=  0.00%  msgs=0           0 ns/msg
  dir 5: active=  0.00%  msgs=0           0 ns/msg
  dir 6: active=  0.00%  msgs=0           0 ns/msg
  dir 7: active=  0.00%  msgs=0           0 ns/msg
  dir 8: active=  0.00%  msgs=0           0 ns/msg
  dir 9: active=  0.00%  msgs=0           0 ns/msg
  dir 10: active=  0.00%  msgs=0           0 ns/msg
  dir 11: active=  0.00%  msgs=0           0 ns/msg
  dir 12: active=  0.00%  msgs=0           0 ns/msg
  dir 13: active=  0.00%  msgs=0           0 ns/msg
  dir 14: active=  0.00%  msgs=0           0 ns/msg
  dir 15: active=  0.00%  msgs=0           0 ns/msg
  AGGREGATE active = 0.00% (of 16 dir-threads; 0.00% per-thread avg)  msgs=0
[CPU compute ] process=  2.50% of 80 cores   system=  3.70%   (window 2s)

----- REMOTE CPU LOAD (memory node dir-threads, 2s window) -----
  dir 0: active=  0.00%  msgs=0           0 ns/msg
  dir 1: active=  0.00%  msgs=0           0 ns/msg
  dir 2: active=  0.00%  msgs=0           0 ns/msg
  dir 3: active=  0.00%  msgs=0           0 ns/msg
  dir 4: active=  0.00%  msgs=0           0 ns/msg
  dir 5: active=  0.00%  msgs=0           0 ns/msg
  dir 6: active=  0.00%  msgs=0           0 ns/msg
  dir 7: active=  0.00%  msgs=0           0 ns/msg
  dir 8: active=  0.00%  msgs=0           0 ns/msg
  dir 9: active=  0.00%  msgs=0           0 ns/msg
  dir 10: active=  0.00%  msgs=0           0 ns/msg
  dir 11: active=  0.00%  msgs=0           0 ns/msg
  dir 12: active=  0.00%  msgs=0           0 ns/msg
  dir 13: active=  0.00%  msgs=0           0 ns/msg
  dir 14: active=  0.00%  msgs=0           0 ns/msg
  dir 15: active=  0.00%  msgs=0           0 ns/msg
  AGGREGATE active = 0.00% (of 16 dir-threads; 0.00% per-thread avg)  msgs=0
Success: tree root pointer value [1, 167784960]
Height = 21
[CPU compute ] process=  2.50% of 80 cores   system=  2.52%   (window 2s)

----- REMOTE CPU LOAD (memory node dir-threads, 2s window) -----
  dir 0: active=  0.00%  msgs=0           0 ns/msg
  dir 1: active=  0.00%  msgs=0           0 ns/msg
  dir 2: active=  0.00%  msgs=0           0 ns/msg
  dir 3: active=  0.00%  msgs=0           0 ns/msg
  dir 4: active=  0.00%  msgs=0           0 ns/msg
  dir 5: active=  0.00%  msgs=0           0 ns/msg
  dir 6: active=  0.00%  msgs=0           0 ns/msg
  dir 7: active=  0.00%  msgs=0           0 ns/msg
  dir 8: active=  0.00%  msgs=0           0 ns/msg
  dir 9: active=  0.00%  msgs=0           0 ns/msg
  dir 10: active=  0.00%  msgs=0           0 ns/msg
  dir 11: active=  0.00%  msgs=0           0 ns/msg
  dir 12: active=  0.00%  msgs=0           0 ns/msg
  dir 13: active=  0.00%  msgs=0           0 ns/msg
  dir 14: active=  0.00%  msgs=0           0 ns/msg
  dir 15: active=  0.00%  msgs=0           0 ns/msg
  AGGREGATE active = 0.00% (of 16 dir-threads; 0.00% per-thread avg)  msgs=0
[CPU compute ] process=  2.50% of 80 cores   system=  2.51%   (window 2s)

----- REMOTE CPU LOAD (memory node dir-threads, 2s window) -----
  dir 0: active=  0.00%  msgs=0           0 ns/msg
  dir 1: active=  0.00%  msgs=0           0 ns/msg
  dir 2: active=  0.00%  msgs=0           0 ns/msg
  dir 3: active=  0.00%  msgs=0           0 ns/msg
  dir 4: active=  0.00%  msgs=0           0 ns/msg
  dir 5: active=  0.00%  msgs=0           0 ns/msg
  dir 6: active=  0.00%  msgs=0           0 ns/msg
  dir 7: active=  0.00%  msgs=0           0 ns/msg
  dir 8: active=  0.00%  msgs=0           0 ns/msg
  dir 9: active=  0.00%  msgs=0           0 ns/msg
  dir 10: active=  0.00%  msgs=0           0 ns/msg
  dir 11: active=  0.00%  msgs=0           0 ns/msg
  dir 12: active=  0.00%  msgs=0           0 ns/msg
  dir 13: active=  0.00%  msgs=0           0 ns/msg
  dir 14: active=  0.00%  msgs=0           0 ns/msg
  dir 15: active=  0.00%  msgs=0           0 ns/msg
  AGGREGATE active = 0.00% (of 16 dir-threads; 0.00% per-thread avg)  msgs=0
[CPU compute ] process=  2.50% of 80 cores   system=  2.51%   (window 2s)

----- REMOTE CPU LOAD (memory node dir-threads, 2s window) -----
  dir 0: active=  0.00%  msgs=0           0 ns/msg
  dir 1: active=  0.00%  msgs=0           0 ns/msg
  dir 2: active=  0.00%  msgs=0           0 ns/msg
  dir 3: active=  0.00%  msgs=0           0 ns/msg
  dir 4: active=  0.00%  msgs=0           0 ns/msg
  dir 5: active=  0.00%  msgs=0           0 ns/msg
  dir 6: active=  0.00%  msgs=0           0 ns/msg
  dir 7: active=  0.00%  msgs=0           0 ns/msg
  dir 8: active=  0.00%  msgs=0           0 ns/msg
  dir 9: active=  0.00%  msgs=0           0 ns/msg
  dir 10: active=  0.00%  msgs=0           0 ns/msg
  dir 11: active=  0.00%  msgs=0           0 ns/msg
  dir 12: active=  0.00%  msgs=0           0 ns/msg
  dir 13: active=  0.00%  msgs=0           0 ns/msg
  dir 14: active=  0.00%  msgs=0           0 ns/msg
  dir 15: active=  0.00%  msgs=0           0 ns/msg
  AGGREGATE active = 0.00% (of 16 dir-threads; 0.00% per-thread avg)  msgs=0
[CPU compute ] process=  2.50% of 80 cores   system=  2.52%   (window 2s)

----- REMOTE CPU LOAD (memory node dir-threads, 2s window) -----
  dir 0: active=  0.00%  msgs=0           0 ns/msg
  dir 1: active=  0.00%  msgs=0           0 ns/msg
  dir 2: active=  0.00%  msgs=0           0 ns/msg
  dir 3: active=  0.00%  msgs=0           0 ns/msg
  dir 4: active=  0.00%  msgs=0           0 ns/msg
  dir 5: active=  0.00%  msgs=0           0 ns/msg
  dir 6: active=  0.00%  msgs=0           0 ns/msg
  dir 7: active=  0.00%  msgs=0           0 ns/msg
  dir 8: active=  0.00%  msgs=0           0 ns/msg
  dir 9: active=  0.00%  msgs=0           0 ns/msg
  dir 10: active=  0.00%  msgs=0           0 ns/msg
  dir 11: active=  0.00%  msgs=0           0 ns/msg
  dir 12: active=  0.00%  msgs=0           0 ns/msg
  dir 13: active=  0.00%  msgs=0           0 ns/msg
  dir 14: active=  0.00%  msgs=0           0 ns/msg
  dir 15: active=  0.00%  msgs=0           0 ns/msg
  AGGREGATE active = 0.00% (of 16 dir-threads; 0.00% per-thread avg)  msgs=0
[CPU compute ] process=  2.50% of 80 cores   system=  4.24%   (window 2s)

----- REMOTE CPU LOAD (memory node dir-threads, 2s window) -----
  dir 0: active=  0.00%  msgs=0           0 ns/msg
  dir 1: active=  0.00%  msgs=0           0 ns/msg
  dir 2: active=  0.00%  msgs=0           0 ns/msg
  dir 3: active=  0.00%  msgs=0           0 ns/msg
  dir 4: active=  0.00%  msgs=0           0 ns/msg
  dir 5: active=  0.00%  msgs=0           0 ns/msg
  dir 6: active=  0.00%  msgs=0           0 ns/msg
  dir 7: active=  0.00%  msgs=0           0 ns/msg
  dir 8: active=  0.00%  msgs=0           0 ns/msg
  dir 9: active=  0.00%  msgs=0           0 ns/msg
  dir 10: active=  0.00%  msgs=0           0 ns/msg
  dir 11: active=  0.00%  msgs=0           0 ns/msg
  dir 12: active=  0.00%  msgs=0           0 ns/msg
  dir 13: active=  0.00%  msgs=0           0 ns/msg
  dir 14: active=  0.00%  msgs=0           0 ns/msg
  dir 15: active=  0.00%  msgs=0           0 ns/msg
  AGGREGATE active = 0.00% (of 16 dir-threads; 0.00% per-thread avg)  msgs=0
[CPU compute ] process=  2.50% of 80 cores   system=  2.51%   (window 2s)

----- REMOTE CPU LOAD (memory node dir-threads, 2s window) -----
  dir 0: active=  0.00%  msgs=0           0 ns/msg
  dir 1: active=  0.00%  msgs=0           0 ns/msg
  dir 2: active=  0.00%  msgs=0           0 ns/msg
  dir 3: active=  0.00%  msgs=0           0 ns/msg
  dir 4: active=  0.00%  msgs=0           0 ns/msg
  dir 5: active=  0.00%  msgs=0           0 ns/msg
  dir 6: active=  0.00%  msgs=0           0 ns/msg
  dir 7: active=  0.00%  msgs=0           0 ns/msg
  dir 8: active=  0.00%  msgs=0           0 ns/msg
  dir 9: active=  0.00%  msgs=0           0 ns/msg
  dir 10: active=  0.00%  msgs=0           0 ns/msg
  dir 11: active=  0.00%  msgs=0           0 ns/msg
  dir 12: active=  0.00%  msgs=0           0 ns/msg
  dir 13: active=  0.00%  msgs=0           0 ns/msg
  dir 14: active=  0.00%  msgs=0           0 ns/msg
  dir 15: active=  0.00%  msgs=0           0 ns/msg
  AGGREGATE active = 0.00% (of 16 dir-threads; 0.00% per-thread avg)  msgs=0
[CPU compute ] process=  2.50% of 80 cores   system=  2.52%   (window 2s)

----- REMOTE CPU LOAD (memory node dir-threads, 2s window) -----
  dir 0: active=  0.00%  msgs=0           0 ns/msg
  dir 1: active=  0.00%  msgs=0           0 ns/msg
  dir 2: active=  0.00%  msgs=0           0 ns/msg
  dir 3: active=  0.00%  msgs=0           0 ns/msg
  dir 4: active=  0.00%  msgs=0           0 ns/msg
  dir 5: active=  0.00%  msgs=0           0 ns/msg
  dir 6: active=  0.00%  msgs=0           0 ns/msg
  dir 7: active=  0.00%  msgs=0           0 ns/msg
  dir 8: active=  0.00%  msgs=0           0 ns/msg
  dir 9: active=  0.00%  msgs=0           0 ns/msg
  dir 10: active=  0.00%  msgs=0           0 ns/msg
  dir 11: active=  0.00%  msgs=0           0 ns/msg
  dir 12: active=  0.00%  msgs=0           0 ns/msg
  dir 13: active=  0.00%  msgs=0           0 ns/msg
  dir 14: active=  0.00%  msgs=0           0 ns/msg
  dir 15: active=  0.00%  msgs=0           0 ns/msg
  AGGREGATE active = 0.00% (of 16 dir-threads; 0.00% per-thread avg)  msgs=0
[CPU compute ] process=  2.50% of 80 cores   system=  2.51%   (window 2s)

----- REMOTE CPU LOAD (memory node dir-threads, 2s window) -----
  dir 0: active=  0.00%  msgs=0           0 ns/msg
  dir 1: active=  0.00%  msgs=0           0 ns/msg
  dir 2: active=  0.00%  msgs=0           0 ns/msg
  dir 3: active=  0.00%  msgs=0           0 ns/msg
  dir 4: active=  0.00%  msgs=0           0 ns/msg
  dir 5: active=  0.00%  msgs=0           0 ns/msg
  dir 6: active=  0.00%  msgs=0           0 ns/msg
  dir 7: active=  0.00%  msgs=0           0 ns/msg
  dir 8: active=  0.00%  msgs=0           0 ns/msg
  dir 9: active=  0.00%  msgs=0           0 ns/msg
  dir 10: active=  0.00%  msgs=0           0 ns/msg
  dir 11: active=  0.00%  msgs=0           0 ns/msg
  dir 12: active=  0.00%  msgs=0           0 ns/msg
  dir 13: active=  0.00%  msgs=0           0 ns/msg
  dir 14: active=  0.00%  msgs=0           0 ns/msg
  dir 15: active=  0.00%  msgs=0           0 ns/msg
  AGGREGATE active = 0.00% (of 16 dir-threads; 0.00% per-thread avg)  msgs=0
[CPU compute ] process=  2.50% of 80 cores   system=  2.52%   (window 2s)

----- REMOTE CPU LOAD (memory node dir-threads, 2s window) -----
  dir 0: active=  0.00%  msgs=0           0 ns/msg
  dir 1: active=  0.00%  msgs=0           0 ns/msg
  dir 2: active=  0.00%  msgs=0           0 ns/msg
  dir 3: active=  0.00%  msgs=0           0 ns/msg
  dir 4: active=  0.00%  msgs=0           0 ns/msg
  dir 5: active=  0.00%  msgs=0           0 ns/msg
  dir 6: active=  0.00%  msgs=0           0 ns/msg
  dir 7: active=  0.00%  msgs=0           0 ns/msg
  dir 8: active=  0.00%  msgs=0           0 ns/msg
  dir 9: active=  0.00%  msgs=0           0 ns/msg
  dir 10: active=  0.00%  msgs=0           0 ns/msg
  dir 11: active=  0.00%  msgs=0           0 ns/msg
  dir 12: active=  0.00%  msgs=0           0 ns/msg
  dir 13: active=  0.00%  msgs=0           0 ns/msg
  dir 14: active=  0.00%  msgs=0           0 ns/msg
  dir 15: active=  0.00%  msgs=0           0 ns/msg
  AGGREGATE active = 0.00% (of 16 dir-threads; 0.00% per-thread avg)  msgs=0
[CPU compute ] process=  2.50% of 80 cores   system=  4.33%   (window 2s)

----- REMOTE CPU LOAD (memory node dir-threads, 2s window) -----
  dir 0: active=  0.00%  msgs=0           0 ns/msg
  dir 1: active=  0.00%  msgs=0           0 ns/msg
  dir 2: active=  0.00%  msgs=0           0 ns/msg
  dir 3: active=  0.00%  msgs=0           0 ns/msg
  dir 4: active=  0.00%  msgs=0           0 ns/msg
  dir 5: active=  0.00%  msgs=0           0 ns/msg
  dir 6: active=  0.00%  msgs=0           0 ns/msg
  dir 7: active=  0.00%  msgs=0           0 ns/msg
  dir 8: active=  0.00%  msgs=0           0 ns/msg
  dir 9: active=  0.00%  msgs=0           0 ns/msg
  dir 10: active=  0.00%  msgs=0           0 ns/msg
  dir 11: active=  0.00%  msgs=0           0 ns/msg
  dir 12: active=  0.00%  msgs=0           0 ns/msg
  dir 13: active=  0.00%  msgs=0           0 ns/msg
  dir 14: active=  0.00%  msgs=0           0 ns/msg
  dir 15: active=  0.00%  msgs=0           0 ns/msg
  AGGREGATE active = 0.00% (of 16 dir-threads; 0.00% per-thread avg)  msgs=0
[CPU compute ] process=  2.50% of 80 cores   system=  2.52%   (window 2s)

----- REMOTE CPU LOAD (memory node dir-threads, 2s window) -----
  dir 0: active=  0.00%  msgs=0           0 ns/msg
  dir 1: active=  0.00%  msgs=0           0 ns/msg
  dir 2: active=  0.00%  msgs=0           0 ns/msg
  dir 3: active=  0.00%  msgs=0           0 ns/msg
  dir 4: active=  0.00%  msgs=0           0 ns/msg
  dir 5: active=  0.00%  msgs=0           0 ns/msg
  dir 6: active=  0.00%  msgs=0           0 ns/msg
  dir 7: active=  0.00%  msgs=0           0 ns/msg
  dir 8: active=  0.00%  msgs=0           0 ns/msg
  dir 9: active=  0.00%  msgs=0           0 ns/msg
  dir 10: active=  0.00%  msgs=0           0 ns/msg
  dir 11: active=  0.00%  msgs=0           0 ns/msg
  dir 12: active=  0.00%  msgs=0           0 ns/msg
  dir 13: active=  0.00%  msgs=0           0 ns/msg
  dir 14: active=  0.00%  msgs=0           0 ns/msg
  dir 15: active=  0.00%  msgs=0           0 ns/msg
  AGGREGATE active = 0.00% (of 16 dir-threads; 0.00% per-thread avg)  msgs=0
Success: tree root pointer value [1, 268472320]
Height = 22
[CPU compute ] process=  2.50% of 80 cores   system=  2.51%   (window 2s)

----- REMOTE CPU LOAD (memory node dir-threads, 2s window) -----
  dir 0: active=  0.00%  msgs=0           0 ns/msg
  dir 1: active=  0.00%  msgs=0           0 ns/msg
  dir 2: active=  0.00%  msgs=0           0 ns/msg
  dir 3: active=  0.00%  msgs=0           0 ns/msg
  dir 4: active=  0.00%  msgs=0           0 ns/msg
  dir 5: active=  0.00%  msgs=0           0 ns/msg
  dir 6: active=  0.00%  msgs=0           0 ns/msg
  dir 7: active=  0.00%  msgs=0           0 ns/msg
  dir 8: active=  0.00%  msgs=0           0 ns/msg
  dir 9: active=  0.00%  msgs=0           0 ns/msg
  dir 10: active=  0.00%  msgs=0           0 ns/msg
  dir 11: active=  0.00%  msgs=0           0 ns/msg
  dir 12: active=  0.00%  msgs=0           0 ns/msg
  dir 13: active=  0.00%  msgs=0           0 ns/msg
  dir 14: active=  0.00%  msgs=0           0 ns/msg
  dir 15: active=  0.00%  msgs=0           0 ns/msg
  AGGREGATE active = 0.00% (of 16 dir-threads; 0.00% per-thread avg)  msgs=0
[CPU compute ] process=  2.50% of 80 cores   system=  2.51%   (window 2s)

----- REMOTE CPU LOAD (memory node dir-threads, 2s window) -----
  dir 0: active=  0.00%  msgs=0           0 ns/msg
  dir 1: active=  0.00%  msgs=0           0 ns/msg
  dir 2: active=  0.00%  msgs=0           0 ns/msg
  dir 3: active=  0.00%  msgs=0           0 ns/msg
  dir 4: active=  0.00%  msgs=0           0 ns/msg
  dir 5: active=  0.00%  msgs=0           0 ns/msg
  dir 6: active=  0.00%  msgs=0           0 ns/msg
  dir 7: active=  0.00%  msgs=0           0 ns/msg
  dir 8: active=  0.00%  msgs=0           0 ns/msg
  dir 9: active=  0.00%  msgs=0           0 ns/msg
  dir 10: active=  0.00%  msgs=0           0 ns/msg
  dir 11: active=  0.00%  msgs=0           0 ns/msg
  dir 12: active=  0.00%  msgs=0           0 ns/msg
  dir 13: active=  0.00%  msgs=0           0 ns/msg
  dir 14: active=  0.00%  msgs=0           0 ns/msg
  dir 15: active=  0.00%  msgs=0           0 ns/msg
  AGGREGATE active = 0.00% (of 16 dir-threads; 0.00% per-thread avg)  msgs=0
[CPU compute ] process=  2.50% of 80 cores   system=  2.52%   (window 2s)

----- REMOTE CPU LOAD (memory node dir-threads, 2s window) -----
  dir 0: active=  0.00%  msgs=0           0 ns/msg
  dir 1: active=  0.00%  msgs=0           0 ns/msg
  dir 2: active=  0.00%  msgs=0           0 ns/msg
  dir 3: active=  0.00%  msgs=0           0 ns/msg
  dir 4: active=  0.00%  msgs=0           0 ns/msg
  dir 5: active=  0.00%  msgs=0           0 ns/msg
  dir 6: active=  0.00%  msgs=0           0 ns/msg
  dir 7: active=  0.00%  msgs=0           0 ns/msg
  dir 8: active=  0.00%  msgs=0           0 ns/msg
  dir 9: active=  0.00%  msgs=0           0 ns/msg
  dir 10: active=  0.00%  msgs=0           0 ns/msg
  dir 11: active=  0.00%  msgs=0           0 ns/msg
  dir 12: active=  0.00%  msgs=0           0 ns/msg
  dir 13: active=  0.00%  msgs=0           0 ns/msg
  dir 14: active=  0.00%  msgs=0           0 ns/msg
  dir 15: active=  0.00%  msgs=0           0 ns/msg
  AGGREGATE active = 0.00% (of 16 dir-threads; 0.00% per-thread avg)  msgs=0
[CPU compute ] process=  2.50% of 80 cores   system=  4.38%   (window 2s)

----- REMOTE CPU LOAD (memory node dir-threads, 2s window) -----
  dir 0: active=  0.00%  msgs=0           0 ns/msg
  dir 1: active=  0.00%  msgs=0           0 ns/msg
  dir 2: active=  0.00%  msgs=0           0 ns/msg
  dir 3: active=  0.00%  msgs=0           0 ns/msg
  dir 4: active=  0.00%  msgs=0           0 ns/msg
  dir 5: active=  0.00%  msgs=0           0 ns/msg
  dir 6: active=  0.00%  msgs=0           0 ns/msg
  dir 7: active=  0.00%  msgs=0           0 ns/msg
  dir 8: active=  0.00%  msgs=0           0 ns/msg
  dir 9: active=  0.00%  msgs=0           0 ns/msg
  dir 10: active=  0.00%  msgs=0           0 ns/msg
  dir 11: active=  0.00%  msgs=0           0 ns/msg
  dir 12: active=  0.00%  msgs=0           0 ns/msg
  dir 13: active=  0.00%  msgs=0           0 ns/msg
  dir 14: active=  0.00%  msgs=0           0 ns/msg
  dir 15: active=  0.00%  msgs=0           0 ns/msg
  AGGREGATE active = 0.00% (of 16 dir-threads; 0.00% per-thread avg)  msgs=0
[CPU compute ] process=  2.50% of 80 cores   system=  2.51%   (window 2s)

----- REMOTE CPU LOAD (memory node dir-threads, 2s window) -----
  dir 0: active=  0.00%  msgs=0           0 ns/msg
  dir 1: active=  0.00%  msgs=0           0 ns/msg
  dir 2: active=  0.00%  msgs=0           0 ns/msg
  dir 3: active=  0.00%  msgs=0           0 ns/msg
  dir 4: active=  0.00%  msgs=0           0 ns/msg
  dir 5: active=  0.00%  msgs=0           0 ns/msg
  dir 6: active=  0.00%  msgs=0           0 ns/msg
  dir 7: active=  0.00%  msgs=0           0 ns/msg
  dir 8: active=  0.00%  msgs=0           0 ns/msg
  dir 9: active=  0.00%  msgs=0           0 ns/msg
  dir 10: active=  0.00%  msgs=0           0 ns/msg
  dir 11: active=  0.00%  msgs=0           0 ns/msg
  dir 12: active=  0.00%  msgs=0           0 ns/msg
  dir 13: active=  0.00%  msgs=0           0 ns/msg
  dir 14: active=  0.00%  msgs=0           0 ns/msg
  dir 15: active=  0.00%  msgs=0           0 ns/msg
  AGGREGATE active = 0.00% (of 16 dir-threads; 0.00% per-thread avg)  msgs=0
#leaf nodes = 3846153
leaf size(MB) = 1878
#inner nodes = 3846104
inner size(MB) = 1877.98
Tree height = 22
Cache capacity = 16384
max. leaf entries = 26
max. inner entries = 5
Inner page size = 160
Leaf page size = 512
node 0 finish its bulkload
IMPORTANT: my root is 17594601963521
0 is ready for the benchmark
I am 0
Fetched new height = 22
I am 2
I am 3
I am 34
I am 8
I am 4
I am 10
I am 13
I am 6
I am 5
I am 18
I am 11
I am 12
I am 22
I am 1
I am 15
I am 16
I am 26
I am 20
I am 19
I am 25
I am 33
I am 14
I am 7
I am 28
I am 24
I am 35
I am 27
I am 32
I am 21
I am 31
I am 23
I am 17
I am 30
I am 29
I am 9
entering dynamic phase
[CPU compute ] process= 32.87% of 80 cores   system= 32.90%   (window 2s)

----- REMOTE CPU LOAD (memory node dir-threads, 2s window) -----
  dir 0: active=  0.00%  msgs=0           0 ns/msg
  dir 1: active=  0.00%  msgs=0           0 ns/msg
  dir 2: active=  0.00%  msgs=0           0 ns/msg
  dir 3: active=  0.00%  msgs=0           0 ns/msg
  dir 4: active=  0.00%  msgs=0           0 ns/msg
  dir 5: active=  0.00%  msgs=0           0 ns/msg
  dir 6: active=  0.00%  msgs=0           0 ns/msg
  dir 7: active=  0.00%  msgs=0           0 ns/msg
  dir 8: active=  0.00%  msgs=0           0 ns/msg
  dir 9: active=  0.00%  msgs=0           0 ns/msg
  dir 10: active=  0.00%  msgs=0           0 ns/msg
  dir 11: active=  0.00%  msgs=0           0 ns/msg
  dir 12: active=  0.00%  msgs=0           0 ns/msg
  dir 13: active=  0.00%  msgs=0           0 ns/msg
  dir 14: active=  0.00%  msgs=0           0 ns/msg
  dir 15: active=  0.00%  msgs=0           0 ns/msg
  AGGREGATE active = 0.00% (of 16 dir-threads; 0.00% per-thread avg)  msgs=0
[CPU compute ] process= 46.25% of 80 cores   system= 46.27%   (window 2s)

----- REMOTE CPU LOAD (memory node dir-threads, 2s window) -----
  dir 0: active=  0.00%  msgs=0           0 ns/msg
  dir 1: active=  0.00%  msgs=0           0 ns/msg
  dir 2: active=  0.00%  msgs=0           0 ns/msg
  dir 3: active=  0.00%  msgs=0           0 ns/msg
  dir 4: active=  0.00%  msgs=0           0 ns/msg
  dir 5: active=  0.00%  msgs=0           0 ns/msg
  dir 6: active=  0.00%  msgs=0           0 ns/msg
  dir 7: active=  0.00%  msgs=0           0 ns/msg
  dir 8: active=  0.00%  msgs=0           0 ns/msg
  dir 9: active=  0.00%  msgs=0           0 ns/msg
  dir 10: active=  0.00%  msgs=0           0 ns/msg
  dir 11: active=  0.00%  msgs=0           0 ns/msg
  dir 12: active=  0.00%  msgs=0           0 ns/msg
  dir 13: active=  0.00%  msgs=0           0 ns/msg
  dir 14: active=  0.00%  msgs=0           0 ns/msg
  dir 15: active=  0.00%  msgs=0           0 ns/msg
  AGGREGATE active = 0.00% (of 16 dir-threads; 0.00% per-thread avg)  msgs=0
[CPU compute ] process= 46.24% of 80 cores   system= 46.28%   (window 2s)

----- REMOTE CPU LOAD (memory node dir-threads, 2s window) -----
  dir 0: active=  0.00%  msgs=0           0 ns/msg
  dir 1: active=  0.00%  msgs=0           0 ns/msg
  dir 2: active=  0.00%  msgs=0           0 ns/msg
  dir 3: active=  0.00%  msgs=0           0 ns/msg
  dir 4: active=  0.00%  msgs=0           0 ns/msg
  dir 5: active=  0.00%  msgs=0           0 ns/msg
  dir 6: active=  0.00%  msgs=0           0 ns/msg
  dir 7: active=  0.00%  msgs=0           0 ns/msg
  dir 8: active=  0.00%  msgs=0           0 ns/msg
  dir 9: active=  0.00%  msgs=0           0 ns/msg
  dir 10: active=  0.00%  msgs=0           0 ns/msg
  dir 11: active=  0.00%  msgs=0           0 ns/msg
  dir 12: active=  0.00%  msgs=0           0 ns/msg
  dir 13: active=  0.00%  msgs=0           0 ns/msg
  dir 14: active=  0.00%  msgs=0           0 ns/msg
  dir 15: active=  0.00%  msgs=0           0 ns/msg
  AGGREGATE active = 0.00% (of 16 dir-threads; 0.00% per-thread avg)  msgs=0
[CPU compute ] process= 46.26% of 80 cores   system= 47.38%   (window 2s)

----- REMOTE CPU LOAD (memory node dir-threads, 2s window) -----
  dir 0: active=  0.00%  msgs=0           0 ns/msg
  dir 1: active=  0.00%  msgs=0           0 ns/msg
  dir 2: active=  0.00%  msgs=0           0 ns/msg
  dir 3: active=  0.00%  msgs=0           0 ns/msg
  dir 4: active=  0.00%  msgs=0           0 ns/msg
  dir 5: active=  0.00%  msgs=0           0 ns/msg
  dir 6: active=  0.00%  msgs=0           0 ns/msg
  dir 7: active=  0.00%  msgs=0           0 ns/msg
  dir 8: active=  0.00%  msgs=0           0 ns/msg
  dir 9: active=  0.00%  msgs=0           0 ns/msg
  dir 10: active=  0.00%  msgs=0           0 ns/msg
  dir 11: active=  0.00%  msgs=0           0 ns/msg
  dir 12: active=  0.00%  msgs=0           0 ns/msg
  dir 13: active=  0.00%  msgs=0           0 ns/msg
  dir 14: active=  0.00%  msgs=0           0 ns/msg
  dir 15: active=  0.00%  msgs=0           0 ns/msg
  AGGREGATE active = 0.00% (of 16 dir-threads; 0.00% per-thread avg)  msgs=0
[CPU compute ] process= 46.25% of 80 cores   system= 46.28%   (window 2s)

----- REMOTE CPU LOAD (memory node dir-threads, 2s window) -----
  dir 0: active=  0.00%  msgs=0           0 ns/msg
  dir 1: active=  0.00%  msgs=0           0 ns/msg
  dir 2: active=  0.00%  msgs=0           0 ns/msg
  dir 3: active=  0.00%  msgs=0           0 ns/msg
  dir 4: active=  0.00%  msgs=0           0 ns/msg
  dir 5: active=  0.00%  msgs=0           0 ns/msg
  dir 6: active=  0.00%  msgs=0           0 ns/msg
  dir 7: active=  0.00%  msgs=0           0 ns/msg
  dir 8: active=  0.00%  msgs=0           0 ns/msg
  dir 9: active=  0.00%  msgs=0           0 ns/msg
  dir 10: active=  0.00%  msgs=0           0 ns/msg
  dir 11: active=  0.00%  msgs=0           0 ns/msg
  dir 12: active=  0.00%  msgs=0           0 ns/msg
  dir 13: active=  0.00%  msgs=0           0 ns/msg
  dir 14: active=  0.00%  msgs=0           0 ns/msg
  dir 15: active=  0.00%  msgs=0           0 ns/msg
  AGGREGATE active = 0.00% (of 16 dir-threads; 0.00% per-thread avg)  msgs=0
[CPU compute ] process= 46.24% of 80 cores   system= 46.28%   (window 2s)

----- REMOTE CPU LOAD (memory node dir-threads, 2s window) -----
  dir 0: active=  0.00%  msgs=0           0 ns/msg
  dir 1: active=  0.00%  msgs=0           0 ns/msg
  dir 2: active=  0.00%  msgs=0           0 ns/msg
  dir 3: active=  0.00%  msgs=0           0 ns/msg
  dir 4: active=  0.00%  msgs=0           0 ns/msg
  dir 5: active=  0.00%  msgs=0           0 ns/msg
  dir 6: active=  0.00%  msgs=0           0 ns/msg
  dir 7: active=  0.00%  msgs=0           0 ns/msg
  dir 8: active=  0.00%  msgs=0           0 ns/msg
  dir 9: active=  0.00%  msgs=0           0 ns/msg
  dir 10: active=  0.00%  msgs=0           0 ns/msg
  dir 11: active=  0.00%  msgs=0           0 ns/msg
  dir 12: active=  0.00%  msgs=0           0 ns/msg
  dir 13: active=  0.00%  msgs=0           0 ns/msg
  dir 14: active=  0.00%  msgs=0           0 ns/msg
  dir 15: active=  0.00%  msgs=0           0 ns/msg
  AGGREGATE active = 0.00% (of 16 dir-threads; 0.00% per-thread avg)  msgs=0
[CPU compute ] process= 46.25% of 80 cores   system= 46.28%   (window 2s)

----- REMOTE CPU LOAD (memory node dir-threads, 2s window) -----
  dir 0: active=  0.00%  msgs=0           0 ns/msg
  dir 1: active=  0.00%  msgs=0           0 ns/msg
  dir 2: active=  0.00%  msgs=0           0 ns/msg
  dir 3: active=  0.00%  msgs=0           0 ns/msg
  dir 4: active=  0.00%  msgs=0           0 ns/msg
  dir 5: active=  0.00%  msgs=0           0 ns/msg
  dir 6: active=  0.00%  msgs=0           0 ns/msg
  dir 7: active=  0.00%  msgs=0           0 ns/msg
  dir 8: active=  0.00%  msgs=0           0 ns/msg
  dir 9: active=  0.00%  msgs=0           0 ns/msg
  dir 10: active=  0.00%  msgs=0           0 ns/msg
  dir 11: active=  0.00%  msgs=0           0 ns/msg
  dir 12: active=  0.00%  msgs=0           0 ns/msg
  dir 13: active=  0.00%  msgs=0           0 ns/msg
  dir 14: active=  0.00%  msgs=0           0 ns/msg
  dir 15: active=  0.00%  msgs=0           0 ns/msg
  AGGREGATE active = 0.00% (of 16 dir-threads; 0.00% per-thread avg)  msgs=0
[CPU compute ] process= 46.25% of 80 cores   system= 46.27%   (window 2s)

----- REMOTE CPU LOAD (memory node dir-threads, 2s window) -----
  dir 0: active=  0.00%  msgs=0           0 ns/msg
  dir 1: active=  0.00%  msgs=0           0 ns/msg
  dir 2: active=  0.00%  msgs=0           0 ns/msg
  dir 3: active=  0.00%  msgs=0           0 ns/msg
  dir 4: active=  0.00%  msgs=0           0 ns/msg
  dir 5: active=  0.00%  msgs=0           0 ns/msg
  dir 6: active=  0.00%  msgs=0           0 ns/msg
  dir 7: active=  0.00%  msgs=0           0 ns/msg
  dir 8: active=  0.00%  msgs=0           0 ns/msg
  dir 9: active=  0.00%  msgs=0           0 ns/msg
  dir 10: active=  0.00%  msgs=0           0 ns/msg
  dir 11: active=  0.00%  msgs=0           0 ns/msg
  dir 12: active=  0.00%  msgs=0           0 ns/msg
  dir 13: active=  0.00%  msgs=0           0 ns/msg
  dir 14: active=  0.00%  msgs=0           0 ns/msg
  dir 15: active=  0.00%  msgs=0           0 ns/msg
  AGGREGATE active = 0.00% (of 16 dir-threads; 0.00% per-thread avg)  msgs=0
[CPU compute ] process= 46.25% of 80 cores   system= 47.45%   (window 2s)

----- REMOTE CPU LOAD (memory node dir-threads, 2s window) -----
  dir 0: active=  0.00%  msgs=0           0 ns/msg
  dir 1: active=  0.00%  msgs=0           0 ns/msg
  dir 2: active=  0.00%  msgs=0           0 ns/msg
  dir 3: active=  0.00%  msgs=0           0 ns/msg
  dir 4: active=  0.00%  msgs=0           0 ns/msg
  dir 5: active=  0.00%  msgs=0           0 ns/msg
  dir 6: active=  0.00%  msgs=0           0 ns/msg
  dir 7: active=  0.00%  msgs=0           0 ns/msg
  dir 8: active=  0.00%  msgs=0           0 ns/msg
  dir 9: active=  0.00%  msgs=0           0 ns/msg
  dir 10: active=  0.00%  msgs=0           0 ns/msg
  dir 11: active=  0.00%  msgs=0           0 ns/msg
  dir 12: active=  0.00%  msgs=0           0 ns/msg
  dir 13: active=  0.00%  msgs=0           0 ns/msg
  dir 14: active=  0.00%  msgs=0           0 ns/msg
  dir 15: active=  0.00%  msgs=0           0 ns/msg
  AGGREGATE active = 0.00% (of 16 dir-threads; 0.00% per-thread avg)  msgs=0
[CPU compute ] process= 46.25% of 80 cores   system= 46.28%   (window 2s)

----- REMOTE CPU LOAD (memory node dir-threads, 2s window) -----
  dir 0: active=  0.00%  msgs=0           0 ns/msg
  dir 1: active=  0.00%  msgs=0           0 ns/msg
  dir 2: active=  0.00%  msgs=0           0 ns/msg
  dir 3: active=  0.00%  msgs=0           0 ns/msg
  dir 4: active=  0.00%  msgs=0           0 ns/msg
  dir 5: active=  0.00%  msgs=0           0 ns/msg
  dir 6: active=  0.00%  msgs=0           0 ns/msg
  dir 7: active=  0.00%  msgs=0           0 ns/msg
  dir 8: active=  0.00%  msgs=0           0 ns/msg
  dir 9: active=  0.00%  msgs=0           0 ns/msg
  dir 10: active=  0.00%  msgs=0           0 ns/msg
  dir 11: active=  0.00%  msgs=0           0 ns/msg
  dir 12: active=  0.00%  msgs=0           0 ns/msg
  dir 13: active=  0.00%  msgs=0           0 ns/msg
  dir 14: active=  0.00%  msgs=0           0 ns/msg
  dir 15: active=  0.00%  msgs=0           0 ns/msg
  AGGREGATE active = 0.00% (of 16 dir-threads; 0.00% per-thread avg)  msgs=0
[CPU compute ] process= 46.25% of 80 cores   system= 46.27%   (window 2s)

----- REMOTE CPU LOAD (memory node dir-threads, 2s window) -----
  dir 0: active=  0.00%  msgs=0           0 ns/msg
  dir 1: active=  0.00%  msgs=0           0 ns/msg
  dir 2: active=  0.00%  msgs=0           0 ns/msg
  dir 3: active=  0.00%  msgs=0           0 ns/msg
  dir 4: active=  0.00%  msgs=0           0 ns/msg
  dir 5: active=  0.00%  msgs=0           0 ns/msg
  dir 6: active=  0.00%  msgs=0           0 ns/msg
  dir 7: active=  0.00%  msgs=0           0 ns/msg
  dir 8: active=  0.00%  msgs=0           0 ns/msg
  dir 9: active=  0.00%  msgs=0           0 ns/msg
  dir 10: active=  0.00%  msgs=0           0 ns/msg
  dir 11: active=  0.00%  msgs=0           0 ns/msg
  dir 12: active=  0.00%  msgs=0           0 ns/msg
  dir 13: active=  0.00%  msgs=0           0 ns/msg
  dir 14: active=  0.00%  msgs=0           0 ns/msg
  dir 15: active=  0.00%  msgs=0           0 ns/msg
  AGGREGATE active = 0.00% (of 16 dir-threads; 0.00% per-thread avg)  msgs=0
[CPU compute ] process= 46.25% of 80 cores   system= 46.28%   (window 2s)

----- REMOTE CPU LOAD (memory node dir-threads, 2s window) -----
  dir 0: active=  0.00%  msgs=0           0 ns/msg
  dir 1: active=  0.00%  msgs=0           0 ns/msg
  dir 2: active=  0.00%  msgs=0           0 ns/msg
  dir 3: active=  0.00%  msgs=0           0 ns/msg
  dir 4: active=  0.00%  msgs=0           0 ns/msg
  dir 5: active=  0.00%  msgs=0           0 ns/msg
  dir 6: active=  0.00%  msgs=0           0 ns/msg
  dir 7: active=  0.00%  msgs=0           0 ns/msg
  dir 8: active=  0.00%  msgs=0           0 ns/msg
  dir 9: active=  0.00%  msgs=0           0 ns/msg
  dir 10: active=  0.00%  msgs=0           0 ns/msg
  dir 11: active=  0.00%  msgs=0           0 ns/msg
  dir 12: active=  0.00%  msgs=0           0 ns/msg
  dir 13: active=  0.00%  msgs=0           0 ns/msg
  dir 14: active=  0.00%  msgs=0           0 ns/msg
  dir 15: active=  0.00%  msgs=0           0 ns/msg
  AGGREGATE active = 0.00% (of 16 dir-threads; 0.00% per-thread avg)  msgs=0
[CPU compute ] process= 46.25% of 80 cores   system= 46.27%   (window 2s)

----- REMOTE CPU LOAD (memory node dir-threads, 2s window) -----
  dir 0: active=  0.00%  msgs=0           0 ns/msg
  dir 1: active=  0.00%  msgs=0           0 ns/msg
  dir 2: active=  0.00%  msgs=0           0 ns/msg
  dir 3: active=  0.00%  msgs=0           0 ns/msg
  dir 4: active=  0.00%  msgs=0           0 ns/msg
  dir 5: active=  0.00%  msgs=0           0 ns/msg
  dir 6: active=  0.00%  msgs=0           0 ns/msg
  dir 7: active=  0.00%  msgs=0           0 ns/msg
  dir 8: active=  0.00%  msgs=0           0 ns/msg
  dir 9: active=  0.00%  msgs=0           0 ns/msg
  dir 10: active=  0.00%  msgs=0           0 ns/msg
  dir 11: active=  0.00%  msgs=0           0 ns/msg
  dir 12: active=  0.00%  msgs=0           0 ns/msg
  dir 13: active=  0.00%  msgs=0           0 ns/msg
  dir 14: active=  0.00%  msgs=0           0 ns/msg
  dir 15: active=  0.00%  msgs=0           0 ns/msg
  AGGREGATE active = 0.00% (of 16 dir-threads; 0.00% per-thread avg)  msgs=0
Thread_op_num = 833333
[CPU compute ] process= 46.25% of 80 cores   system= 46.89%   (window 2s)

----- REMOTE CPU LOAD (memory node dir-threads, 2s window) -----
  dir 0: active=  0.00%  msgs=0           0 ns/msg
  dir 1: active=  0.00%  msgs=0           0 ns/msg
  dir 2: active=  0.00%  msgs=0           0 ns/msg
  dir 3: active=  0.00%  msgs=0           0 ns/msg
  dir 4: active=  0.00%  msgs=0           0 ns/msg
  dir 5: active=  0.00%  msgs=0           0 ns/msg
  dir 6: active=  0.00%  msgs=0           0 ns/msg
  dir 7: active=  0.00%  msgs=0           0 ns/msg
  dir 8: active=  0.00%  msgs=0           0 ns/msg
  dir 9: active=  0.00%  msgs=0           0 ns/msg
  dir 10: active=  0.00%  msgs=0           0 ns/msg
  dir 11: active=  0.00%  msgs=0           0 ns/msg
  dir 12: active=  0.00%  msgs=0           0 ns/msg
  dir 13: active=  0.00%  msgs=0           0 ns/msg
  dir 14: active=  0.00%  msgs=0           0 ns/msg
  dir 15: active=  0.00%  msgs=0           0 ns/msg
  AGGREGATE active = 0.00% (of 16 dir-threads; 0.00% per-thread avg)  msgs=0
node 0 finish warmup
Start collecting the statistic
[CPU compute ] process= 46.24% of 80 cores   system= 46.82%   (window 2s)

----- REMOTE CPU LOAD (memory node dir-threads, 2s window) -----
  dir 0: active=  0.00%  msgs=0           0 ns/msg
  dir 1: active=  0.00%  msgs=0           0 ns/msg
  dir 2: active=  0.00%  msgs=0           0 ns/msg
  dir 3: active=  0.00%  msgs=0           0 ns/msg
  dir 4: active=  0.00%  msgs=0           0 ns/msg
  dir 5: active=  0.00%  msgs=0           0 ns/msg
  dir 6: active=  0.00%  msgs=0           0 ns/msg
  dir 7: active=  0.00%  msgs=0           0 ns/msg
  dir 8: active=  0.00%  msgs=0           0 ns/msg
  dir 9: active=  0.00%  msgs=0           0 ns/msg
  dir 10: active=  0.00%  msgs=0           0 ns/msg
  dir 11: active=  0.00%  msgs=0           0 ns/msg
  dir 12: active=  0.00%  msgs=0           0 ns/msg
  dir 13: active=  0.00%  msgs=0           0 ns/msg
  dir 14: active=  0.00%  msgs=0           0 ns/msg
  dir 15: active=  0.00%  msgs=0           0 ns/msg
  AGGREGATE active = 0.00% (of 16 dir-threads; 0.00% per-thread avg)  msgs=0
0, throughput 0.7315
cluster throughput 0.731
[CPU compute ] process= 46.26% of 80 cores   system= 46.27%   (window 2s)

----- REMOTE CPU LOAD (memory node dir-threads, 2s window) -----
  dir 0: active=  0.00%  msgs=0           0 ns/msg
  dir 1: active=  0.00%  msgs=0           0 ns/msg
  dir 2: active=  0.00%  msgs=0           0 ns/msg
  dir 3: active=  0.00%  msgs=0           0 ns/msg
  dir 4: active=  0.00%  msgs=0           0 ns/msg
  dir 5: active=  0.00%  msgs=0           0 ns/msg
  dir 6: active=  0.00%  msgs=0           0 ns/msg
  dir 7: active=  0.00%  msgs=0           0 ns/msg
  dir 8: active=  0.00%  msgs=0           0 ns/msg
  dir 9: active=  0.00%  msgs=0           0 ns/msg
  dir 10: active=  0.00%  msgs=0           0 ns/msg
  dir 11: active=  0.00%  msgs=0           0 ns/msg
  dir 12: active=  0.00%  msgs=0           0 ns/msg
  dir 13: active=  0.00%  msgs=0           0 ns/msg
  dir 14: active=  0.00%  msgs=0           0 ns/msg
  dir 15: active=  0.00%  msgs=0           0 ns/msg
  AGGREGATE active = 0.00% (of 16 dir-threads; 0.00% per-thread avg)  msgs=0
0, throughput 0.7414
cluster throughput 0.741
[CPU compute ] process= 46.24% of 80 cores   system= 46.28%   (window 2s)

----- REMOTE CPU LOAD (memory node dir-threads, 2s window) -----
  dir 0: active=  0.00%  msgs=0           0 ns/msg
  dir 1: active=  0.00%  msgs=0           0 ns/msg
  dir 2: active=  0.00%  msgs=0           0 ns/msg
  dir 3: active=  0.00%  msgs=0           0 ns/msg
  dir 4: active=  0.00%  msgs=0           0 ns/msg
  dir 5: active=  0.00%  msgs=0           0 ns/msg
  dir 6: active=  0.00%  msgs=0           0 ns/msg
  dir 7: active=  0.00%  msgs=0           0 ns/msg
  dir 8: active=  0.00%  msgs=0           0 ns/msg
  dir 9: active=  0.00%  msgs=0           0 ns/msg
  dir 10: active=  0.00%  msgs=0           0 ns/msg
  dir 11: active=  0.00%  msgs=0           0 ns/msg
  dir 12: active=  0.00%  msgs=0           0 ns/msg
  dir 13: active=  0.00%  msgs=0           0 ns/msg
  dir 14: active=  0.00%  msgs=0           0 ns/msg
  dir 15: active=  0.00%  msgs=0           0 ns/msg
  AGGREGATE active = 0.00% (of 16 dir-threads; 0.00% per-thread avg)  msgs=0
0, throughput 0.7414
cluster throughput 0.741
[CPU compute ] process= 46.27% of 80 cores   system= 46.28%   (window 2s)

----- REMOTE CPU LOAD (memory node dir-threads, 2s window) -----
  dir 0: active=  0.00%  msgs=0           0 ns/msg
  dir 1: active=  0.00%  msgs=0           0 ns/msg
  dir 2: active=  0.00%  msgs=0           0 ns/msg
  dir 3: active=  0.00%  msgs=0           0 ns/msg
  dir 4: active=  0.00%  msgs=0           0 ns/msg
  dir 5: active=  0.00%  msgs=0           0 ns/msg
  dir 6: active=  0.00%  msgs=0           0 ns/msg
  dir 7: active=  0.00%  msgs=0           0 ns/msg
  dir 8: active=  0.00%  msgs=0           0 ns/msg
  dir 9: active=  0.00%  msgs=0           0 ns/msg
  dir 10: active=  0.00%  msgs=0           0 ns/msg
  dir 11: active=  0.00%  msgs=0           0 ns/msg
  dir 12: active=  0.00%  msgs=0           0 ns/msg
  dir 13: active=  0.00%  msgs=0           0 ns/msg
  dir 14: active=  0.00%  msgs=0           0 ns/msg
  dir 15: active=  0.00%  msgs=0           0 ns/msg
  AGGREGATE active = 0.00% (of 16 dir-threads; 0.00% per-thread avg)  msgs=0
0, throughput 0.7411
cluster throughput 0.741
[CPU compute ] process= 46.24% of 80 cores   system= 46.28%   (window 2s)

----- REMOTE CPU LOAD (memory node dir-threads, 2s window) -----
  dir 0: active=  0.00%  msgs=0           0 ns/msg
  dir 1: active=  0.00%  msgs=0           0 ns/msg
  dir 2: active=  0.00%  msgs=0           0 ns/msg
  dir 3: active=  0.00%  msgs=0           0 ns/msg
  dir 4: active=  0.00%  msgs=0           0 ns/msg
  dir 5: active=  0.00%  msgs=0           0 ns/msg
  dir 6: active=  0.00%  msgs=0           0 ns/msg
  dir 7: active=  0.00%  msgs=0           0 ns/msg
  dir 8: active=  0.00%  msgs=0           0 ns/msg
  dir 9: active=  0.00%  msgs=0           0 ns/msg
  dir 10: active=  0.00%  msgs=0           0 ns/msg
  dir 11: active=  0.00%  msgs=0           0 ns/msg
  dir 12: active=  0.00%  msgs=0           0 ns/msg
  dir 13: active=  0.00%  msgs=0           0 ns/msg
  dir 14: active=  0.00%  msgs=0           0 ns/msg
  dir 15: active=  0.00%  msgs=0           0 ns/msg
  AGGREGATE active = 0.00% (of 16 dir-threads; 0.00% per-thread avg)  msgs=0
0, throughput 0.7389
cluster throughput 0.738
[CPU compute ] process= 46.24% of 80 cores   system= 47.39%   (window 2s)

----- REMOTE CPU LOAD (memory node dir-threads, 2s window) -----
  dir 0: active=  0.00%  msgs=0           0 ns/msg
  dir 1: active=  0.00%  msgs=0           0 ns/msg
  dir 2: active=  0.00%  msgs=0           0 ns/msg
  dir 3: active=  0.00%  msgs=0           0 ns/msg
  dir 4: active=  0.00%  msgs=0           0 ns/msg
  dir 5: active=  0.00%  msgs=0           0 ns/msg
  dir 6: active=  0.00%  msgs=0           0 ns/msg
  dir 7: active=  0.00%  msgs=0           0 ns/msg
  dir 8: active=  0.00%  msgs=0           0 ns/msg
  dir 9: active=  0.00%  msgs=0           0 ns/msg
  dir 10: active=  0.00%  msgs=0           0 ns/msg
  dir 11: active=  0.00%  msgs=0           0 ns/msg
  dir 12: active=  0.00%  msgs=0           0 ns/msg
  dir 13: active=  0.00%  msgs=0           0 ns/msg
  dir 14: active=  0.00%  msgs=0           0 ns/msg
  dir 15: active=  0.00%  msgs=0           0 ns/msg
  AGGREGATE active = 0.00% (of 16 dir-threads; 0.00% per-thread avg)  msgs=0
0, throughput 0.7412
cluster throughput 0.741
[CPU compute ] process= 46.24% of 80 cores   system= 46.28%   (window 2s)

----- REMOTE CPU LOAD (memory node dir-threads, 2s window) -----
  dir 0: active=  0.00%  msgs=0           0 ns/msg
  dir 1: active=  0.00%  msgs=0           0 ns/msg
  dir 2: active=  0.00%  msgs=0           0 ns/msg
  dir 3: active=  0.00%  msgs=0           0 ns/msg
  dir 4: active=  0.00%  msgs=0           0 ns/msg
  dir 5: active=  0.00%  msgs=0           0 ns/msg
  dir 6: active=  0.00%  msgs=0           0 ns/msg
  dir 7: active=  0.00%  msgs=0           0 ns/msg
  dir 8: active=  0.00%  msgs=0           0 ns/msg
  dir 9: active=  0.00%  msgs=0           0 ns/msg
  dir 10: active=  0.00%  msgs=0           0 ns/msg
  dir 11: active=  0.00%  msgs=0           0 ns/msg
  dir 12: active=  0.00%  msgs=0           0 ns/msg
  dir 13: active=  0.00%  msgs=0           0 ns/msg
  dir 14: active=  0.00%  msgs=0           0 ns/msg
  dir 15: active=  0.00%  msgs=0           0 ns/msg
  AGGREGATE active = 0.00% (of 16 dir-threads; 0.00% per-thread avg)  msgs=0
0, throughput 0.7413
cluster throughput 0.741
[CPU compute ] process= 46.24% of 80 cores   system= 46.27%   (window 2s)

----- REMOTE CPU LOAD (memory node dir-threads, 2s window) -----
  dir 0: active=  0.00%  msgs=0           0 ns/msg
  dir 1: active=  0.00%  msgs=0           0 ns/msg
  dir 2: active=  0.00%  msgs=0           0 ns/msg
  dir 3: active=  0.00%  msgs=0           0 ns/msg
  dir 4: active=  0.00%  msgs=0           0 ns/msg
  dir 5: active=  0.00%  msgs=0           0 ns/msg
  dir 6: active=  0.00%  msgs=0           0 ns/msg
  dir 7: active=  0.00%  msgs=0           0 ns/msg
  dir 8: active=  0.00%  msgs=0           0 ns/msg
  dir 9: active=  0.00%  msgs=0           0 ns/msg
  dir 10: active=  0.00%  msgs=0           0 ns/msg
  dir 11: active=  0.00%  msgs=0           0 ns/msg
  dir 12: active=  0.00%  msgs=0           0 ns/msg
  dir 13: active=  0.00%  msgs=0           0 ns/msg
  dir 14: active=  0.00%  msgs=0           0 ns/msg
  dir 15: active=  0.00%  msgs=0           0 ns/msg
  AGGREGATE active = 0.00% (of 16 dir-threads; 0.00% per-thread avg)  msgs=0
0, throughput 0.7413
cluster throughput 0.741
[CPU compute ] process= 46.27% of 80 cores   system= 46.28%   (window 2s)

----- REMOTE CPU LOAD (memory node dir-threads, 2s window) -----
  dir 0: active=  0.00%  msgs=0           0 ns/msg
  dir 1: active=  0.00%  msgs=0           0 ns/msg
  dir 2: active=  0.00%  msgs=0           0 ns/msg
  dir 3: active=  0.00%  msgs=0           0 ns/msg
  dir 4: active=  0.00%  msgs=0           0 ns/msg
  dir 5: active=  0.00%  msgs=0           0 ns/msg
  dir 6: active=  0.00%  msgs=0           0 ns/msg
  dir 7: active=  0.00%  msgs=0           0 ns/msg
  dir 8: active=  0.00%  msgs=0           0 ns/msg
  dir 9: active=  0.00%  msgs=0           0 ns/msg
  dir 10: active=  0.00%  msgs=0           0 ns/msg
  dir 11: active=  0.00%  msgs=0           0 ns/msg
  dir 12: active=  0.00%  msgs=0           0 ns/msg
  dir 13: active=  0.00%  msgs=0           0 ns/msg
  dir 14: active=  0.00%  msgs=0           0 ns/msg
  dir 15: active=  0.00%  msgs=0           0 ns/msg
  AGGREGATE active = 0.00% (of 16 dir-threads; 0.00% per-thread avg)  msgs=0
0, throughput 0.7412
cluster throughput 0.741
[CPU compute ] process= 46.25% of 80 cores   system= 46.27%   (window 2s)

----- REMOTE CPU LOAD (memory node dir-threads, 2s window) -----
  dir 0: active=  0.00%  msgs=0           0 ns/msg
  dir 1: active=  0.00%  msgs=0           0 ns/msg
  dir 2: active=  0.00%  msgs=0           0 ns/msg
  dir 3: active=  0.00%  msgs=0           0 ns/msg
  dir 4: active=  0.00%  msgs=0           0 ns/msg
  dir 5: active=  0.00%  msgs=0           0 ns/msg
  dir 6: active=  0.00%  msgs=0           0 ns/msg
  dir 7: active=  0.00%  msgs=0           0 ns/msg
  dir 8: active=  0.00%  msgs=0           0 ns/msg
  dir 9: active=  0.00%  msgs=0           0 ns/msg
  dir 10: active=  0.00%  msgs=0           0 ns/msg
  dir 11: active=  0.00%  msgs=0           0 ns/msg
  dir 12: active=  0.00%  msgs=0           0 ns/msg
  dir 13: active=  0.00%  msgs=0           0 ns/msg
  dir 14: active=  0.00%  msgs=0           0 ns/msg
  dir 15: active=  0.00%  msgs=0           0 ns/msg
  AGGREGATE active = 0.00% (of 16 dir-threads; 0.00% per-thread avg)  msgs=0
0, throughput 0.7393
cluster throughput 0.739
[CPU compute ] process= 46.24% of 80 cores   system= 47.44%   (window 2s)

----- REMOTE CPU LOAD (memory node dir-threads, 2s window) -----
  dir 0: active=  0.00%  msgs=0           0 ns/msg
  dir 1: active=  0.00%  msgs=0           0 ns/msg
  dir 2: active=  0.00%  msgs=0           0 ns/msg
  dir 3: active=  0.00%  msgs=0           0 ns/msg
  dir 4: active=  0.00%  msgs=0           0 ns/msg
  dir 5: active=  0.00%  msgs=0           0 ns/msg
  dir 6: active=  0.00%  msgs=0           0 ns/msg
  dir 7: active=  0.00%  msgs=0           0 ns/msg
  dir 8: active=  0.00%  msgs=0           0 ns/msg
  dir 9: active=  0.00%  msgs=0           0 ns/msg
  dir 10: active=  0.00%  msgs=0           0 ns/msg
  dir 11: active=  0.00%  msgs=0           0 ns/msg
  dir 12: active=  0.00%  msgs=0           0 ns/msg
  dir 13: active=  0.00%  msgs=0           0 ns/msg
  dir 14: active=  0.00%  msgs=0           0 ns/msg
  dir 15: active=  0.00%  msgs=0           0 ns/msg
  AGGREGATE active = 0.00% (of 16 dir-threads; 0.00% per-thread avg)  msgs=0
0, throughput 0.7396
cluster throughput 0.739
[CPU compute ] process= 46.24% of 80 cores   system= 46.27%   (window 2s)

----- REMOTE CPU LOAD (memory node dir-threads, 2s window) -----
  dir 0: active=  0.00%  msgs=0           0 ns/msg
  dir 1: active=  0.00%  msgs=0           0 ns/msg
  dir 2: active=  0.00%  msgs=0           0 ns/msg
  dir 3: active=  0.00%  msgs=0           0 ns/msg
  dir 4: active=  0.00%  msgs=0           0 ns/msg
  dir 5: active=  0.00%  msgs=0           0 ns/msg
  dir 6: active=  0.00%  msgs=0           0 ns/msg
  dir 7: active=  0.00%  msgs=0           0 ns/msg
  dir 8: active=  0.00%  msgs=0           0 ns/msg
  dir 9: active=  0.00%  msgs=0           0 ns/msg
  dir 10: active=  0.00%  msgs=0           0 ns/msg
  dir 11: active=  0.00%  msgs=0           0 ns/msg
  dir 12: active=  0.00%  msgs=0           0 ns/msg
  dir 13: active=  0.00%  msgs=0           0 ns/msg
  dir 14: active=  0.00%  msgs=0           0 ns/msg
  dir 15: active=  0.00%  msgs=0           0 ns/msg
  AGGREGATE active = 0.00% (of 16 dir-threads; 0.00% per-thread avg)  msgs=0
0, throughput 0.7410
cluster throughput 0.740
[CPU compute ] process= 46.26% of 80 cores   system= 46.28%   (window 2s)

----- REMOTE CPU LOAD (memory node dir-threads, 2s window) -----
  dir 0: active=  0.00%  msgs=0           0 ns/msg
  dir 1: active=  0.00%  msgs=0           0 ns/msg
  dir 2: active=  0.00%  msgs=0           0 ns/msg
  dir 3: active=  0.00%  msgs=0           0 ns/msg
  dir 4: active=  0.00%  msgs=0           0 ns/msg
  dir 5: active=  0.00%  msgs=0           0 ns/msg
  dir 6: active=  0.00%  msgs=0           0 ns/msg
  dir 7: active=  0.00%  msgs=0           0 ns/msg
  dir 8: active=  0.00%  msgs=0           0 ns/msg
  dir 9: active=  0.00%  msgs=0           0 ns/msg
  dir 10: active=  0.00%  msgs=0           0 ns/msg
  dir 11: active=  0.00%  msgs=0           0 ns/msg
  dir 12: active=  0.00%  msgs=0           0 ns/msg
  dir 13: active=  0.00%  msgs=0           0 ns/msg
  dir 14: active=  0.00%  msgs=0           0 ns/msg
  dir 15: active=  0.00%  msgs=0           0 ns/msg
  AGGREGATE active = 0.00% (of 16 dir-threads; 0.00% per-thread avg)  msgs=0
0, throughput 0.7407
cluster throughput 0.740
[CPU compute ] process= 46.24% of 80 cores   system= 46.27%   (window 2s)

----- REMOTE CPU LOAD (memory node dir-threads, 2s window) -----
  dir 0: active=  0.00%  msgs=0           0 ns/msg
  dir 1: active=  0.00%  msgs=0           0 ns/msg
  dir 2: active=  0.00%  msgs=0           0 ns/msg
  dir 3: active=  0.00%  msgs=0           0 ns/msg
  dir 4: active=  0.00%  msgs=0           0 ns/msg
  dir 5: active=  0.00%  msgs=0           0 ns/msg
  dir 6: active=  0.00%  msgs=0           0 ns/msg
  dir 7: active=  0.00%  msgs=0           0 ns/msg
  dir 8: active=  0.00%  msgs=0           0 ns/msg
  dir 9: active=  0.00%  msgs=0           0 ns/msg
  dir 10: active=  0.00%  msgs=0           0 ns/msg
  dir 11: active=  0.00%  msgs=0           0 ns/msg
  dir 12: active=  0.00%  msgs=0           0 ns/msg
  dir 13: active=  0.00%  msgs=0           0 ns/msg
  dir 14: active=  0.00%  msgs=0           0 ns/msg
  dir 15: active=  0.00%  msgs=0           0 ns/msg
  AGGREGATE active = 0.00% (of 16 dir-threads; 0.00% per-thread avg)  msgs=0
0, throughput 0.7408
cluster throughput 0.740
[CPU compute ] process= 46.25% of 80 cores   system= 46.27%   (window 2s)

----- REMOTE CPU LOAD (memory node dir-threads, 2s window) -----
  dir 0: active=  0.00%  msgs=0           0 ns/msg
  dir 1: active=  0.00%  msgs=0           0 ns/msg
  dir 2: active=  0.00%  msgs=0           0 ns/msg
  dir 3: active=  0.00%  msgs=0           0 ns/msg
  dir 4: active=  0.00%  msgs=0           0 ns/msg
  dir 5: active=  0.00%  msgs=0           0 ns/msg
  dir 6: active=  0.00%  msgs=0           0 ns/msg
  dir 7: active=  0.00%  msgs=0           0 ns/msg
  dir 8: active=  0.00%  msgs=0           0 ns/msg
  dir 9: active=  0.00%  msgs=0           0 ns/msg
  dir 10: active=  0.00%  msgs=0           0 ns/msg
  dir 11: active=  0.00%  msgs=0           0 ns/msg
  dir 12: active=  0.00%  msgs=0           0 ns/msg
  dir 13: active=  0.00%  msgs=0           0 ns/msg
  dir 14: active=  0.00%  msgs=0           0 ns/msg
  dir 15: active=  0.00%  msgs=0           0 ns/msg
  AGGREGATE active = 0.00% (of 16 dir-threads; 0.00% per-thread avg)  msgs=0
0, throughput 0.7407
cluster throughput 0.740
[CPU compute ] process= 46.25% of 80 cores   system= 47.37%   (window 2s)

----- REMOTE CPU LOAD (memory node dir-threads, 2s window) -----
  dir 0: active=  0.00%  msgs=0           0 ns/msg
  dir 1: active=  0.00%  msgs=0           0 ns/msg
  dir 2: active=  0.00%  msgs=0           0 ns/msg
  dir 3: active=  0.00%  msgs=0           0 ns/msg
  dir 4: active=  0.00%  msgs=0           0 ns/msg
  dir 5: active=  0.00%  msgs=0           0 ns/msg
  dir 6: active=  0.00%  msgs=0           0 ns/msg
  dir 7: active=  0.00%  msgs=0           0 ns/msg
  dir 8: active=  0.00%  msgs=0           0 ns/msg
  dir 9: active=  0.00%  msgs=0           0 ns/msg
  dir 10: active=  0.00%  msgs=0           0 ns/msg
  dir 11: active=  0.00%  msgs=0           0 ns/msg
  dir 12: active=  0.00%  msgs=0           0 ns/msg
  dir 13: active=  0.00%  msgs=0           0 ns/msg
  dir 14: active=  0.00%  msgs=0           0 ns/msg
  dir 15: active=  0.00%  msgs=0           0 ns/msg
  AGGREGATE active = 0.00% (of 16 dir-threads; 0.00% per-thread avg)  msgs=0
0, throughput 0.7379
cluster throughput 0.737
[CPU compute ] process= 46.26% of 80 cores   system= 46.28%   (window 2s)

----- REMOTE CPU LOAD (memory node dir-threads, 2s window) -----
  dir 0: active=  0.00%  msgs=0           0 ns/msg
  dir 1: active=  0.00%  msgs=0           0 ns/msg
  dir 2: active=  0.00%  msgs=0           0 ns/msg
  dir 3: active=  0.00%  msgs=0           0 ns/msg
  dir 4: active=  0.00%  msgs=0           0 ns/msg
  dir 5: active=  0.00%  msgs=0           0 ns/msg
  dir 6: active=  0.00%  msgs=0           0 ns/msg
  dir 7: active=  0.00%  msgs=0           0 ns/msg
  dir 8: active=  0.00%  msgs=0           0 ns/msg
  dir 9: active=  0.00%  msgs=0           0 ns/msg
  dir 10: active=  0.00%  msgs=0           0 ns/msg
  dir 11: active=  0.00%  msgs=0           0 ns/msg
  dir 12: active=  0.00%  msgs=0           0 ns/msg
  dir 13: active=  0.00%  msgs=0           0 ns/msg
  dir 14: active=  0.00%  msgs=0           0 ns/msg
  dir 15: active=  0.00%  msgs=0           0 ns/msg
  AGGREGATE active = 0.00% (of 16 dir-threads; 0.00% per-thread avg)  msgs=0
0, throughput 0.7406
cluster throughput 0.740
[CPU compute ] process= 46.25% of 80 cores   system= 46.27%   (window 2s)

----- REMOTE CPU LOAD (memory node dir-threads, 2s window) -----
  dir 0: active=  0.00%  msgs=0           0 ns/msg
  dir 1: active=  0.00%  msgs=0           0 ns/msg
  dir 2: active=  0.00%  msgs=0           0 ns/msg
  dir 3: active=  0.00%  msgs=0           0 ns/msg
  dir 4: active=  0.00%  msgs=0           0 ns/msg
  dir 5: active=  0.00%  msgs=0           0 ns/msg
  dir 6: active=  0.00%  msgs=0           0 ns/msg
  dir 7: active=  0.00%  msgs=0           0 ns/msg
  dir 8: active=  0.00%  msgs=0           0 ns/msg
  dir 9: active=  0.00%  msgs=0           0 ns/msg
  dir 10: active=  0.00%  msgs=0           0 ns/msg
  dir 11: active=  0.00%  msgs=0           0 ns/msg
  dir 12: active=  0.00%  msgs=0           0 ns/msg
  dir 13: active=  0.00%  msgs=0           0 ns/msg
  dir 14: active=  0.00%  msgs=0           0 ns/msg
  dir 15: active=  0.00%  msgs=0           0 ns/msg
  AGGREGATE active = 0.00% (of 16 dir-threads; 0.00% per-thread avg)  msgs=0
0, throughput 0.7404
cluster throughput 0.740
[CPU compute ] process= 46.24% of 80 cores   system= 46.27%   (window 2s)

----- REMOTE CPU LOAD (memory node dir-threads, 2s window) -----
  dir 0: active=  0.00%  msgs=0           0 ns/msg
  dir 1: active=  0.00%  msgs=0           0 ns/msg
  dir 2: active=  0.00%  msgs=0           0 ns/msg
  dir 3: active=  0.00%  msgs=0           0 ns/msg
  dir 4: active=  0.00%  msgs=0           0 ns/msg
  dir 5: active=  0.00%  msgs=0           0 ns/msg
  dir 6: active=  0.00%  msgs=0           0 ns/msg
  dir 7: active=  0.00%  msgs=0           0 ns/msg
  dir 8: active=  0.00%  msgs=0           0 ns/msg
  dir 9: active=  0.00%  msgs=0           0 ns/msg
  dir 10: active=  0.00%  msgs=0           0 ns/msg
  dir 11: active=  0.00%  msgs=0           0 ns/msg
  dir 12: active=  0.00%  msgs=0           0 ns/msg
  dir 13: active=  0.00%  msgs=0           0 ns/msg
  dir 14: active=  0.00%  msgs=0           0 ns/msg
  dir 15: active=  0.00%  msgs=0           0 ns/msg
  AGGREGATE active = 0.00% (of 16 dir-threads; 0.00% per-thread avg)  msgs=0
0, throughput 0.7402
cluster throughput 0.740
[CPU compute ] process= 32.38% of 80 cores   system= 32.43%   (window 2s)

----- REMOTE CPU LOAD (memory node dir-threads, 2s window) -----
  dir 0: active=  0.00%  msgs=0           0 ns/msg
  dir 1: active=  0.00%  msgs=0           0 ns/msg
  dir 2: active=  0.00%  msgs=0           0 ns/msg
  dir 3: active=  0.00%  msgs=0           0 ns/msg
  dir 4: active=  0.00%  msgs=0           0 ns/msg
  dir 5: active=  0.00%  msgs=0           0 ns/msg
  dir 6: active=  0.00%  msgs=0           0 ns/msg
  dir 7: active=  0.00%  msgs=0           0 ns/msg
  dir 8: active=  0.00%  msgs=0           0 ns/msg
  dir 9: active=  0.00%  msgs=0           0 ns/msg
  dir 10: active=  0.00%  msgs=0           0 ns/msg
  dir 11: active=  0.00%  msgs=0           0 ns/msg
  dir 12: active=  0.00%  msgs=0           0 ns/msg
  dir 13: active=  0.00%  msgs=0           0 ns/msg
  dir 14: active=  0.00%  msgs=0           0 ns/msg
  dir 15: active=  0.00%  msgs=0           0 ns/msg
  AGGREGATE active = 0.00% (of 16 dir-threads; 0.00% per-thread avg)  msgs=0
0, throughput 0.2884
cluster throughput 0.288
[CPU compute ] process=  1.25% of 80 cores   system=  3.21%   (window 2s)

----- REMOTE CPU LOAD (memory node dir-threads, 2s window) -----
  dir 0: active=  0.00%  msgs=0           0 ns/msg
  dir 1: active=  0.00%  msgs=0           0 ns/msg
  dir 2: active=  0.00%  msgs=0           0 ns/msg
  dir 3: active=  0.00%  msgs=0           0 ns/msg
  dir 4: active=  0.00%  msgs=0           0 ns/msg
  dir 5: active=  0.00%  msgs=0           0 ns/msg
  dir 6: active=  0.00%  msgs=0           0 ns/msg
  dir 7: active=  0.00%  msgs=0           0 ns/msg
  dir 8: active=  0.00%  msgs=0           0 ns/msg
  dir 9: active=  0.00%  msgs=0           0 ns/msg
  dir 10: active=  0.00%  msgs=0           0 ns/msg
  dir 11: active=  0.00%  msgs=0           0 ns/msg
  dir 12: active=  0.00%  msgs=0           0 ns/msg
  dir 13: active=  0.00%  msgs=0           0 ns/msg
  dir 14: active=  0.00%  msgs=0           0 ns/msg
  dir 15: active=  0.00%  msgs=0           0 ns/msg
  AGGREGATE active = 0.00% (of 16 dir-threads; 0.00% per-thread avg)  msgs=0
0, throughput 0.0000
cluster throughput 0.000
The time duration = 42 seconds
[CPU compute ] process=  1.25% of 80 cores   system=  1.28%   (window 2s)

----- REMOTE CPU LOAD (memory node dir-threads, 2s window) -----
  dir 0: active=  0.00%  msgs=0           0 ns/msg
  dir 1: active=  0.00%  msgs=0           0 ns/msg
  dir 2: active=  0.00%  msgs=0           0 ns/msg
  dir 3: active=  0.00%  msgs=0           0 ns/msg
  dir 4: active=  0.00%  msgs=0           0 ns/msg
  dir 5: active=  0.00%  msgs=0           0 ns/msg
  dir 6: active=  0.00%  msgs=0           0 ns/msg
  dir 7: active=  0.00%  msgs=0           0 ns/msg
  dir 8: active=  0.00%  msgs=0           0 ns/msg
  dir 9: active=  0.00%  msgs=0           0 ns/msg
  dir 10: active=  0.00%  msgs=0           0 ns/msg
  dir 11: active=  0.00%  msgs=0           0 ns/msg
  dir 12: active=  0.00%  msgs=0           0 ns/msg
  dir 13: active=  0.00%  msgs=0           0 ns/msg
  dir 14: active=  0.00%  msgs=0           0 ns/msg
  dir 15: active=  0.00%  msgs=0           0 ns/msg
  AGGREGATE active = 0.00% (of 16 dir-threads; 0.00% per-thread avg)  msgs=0

==================== LATENCY BUCKETS (500 ns) [node 0] ====================
[RANGE]
  ALL                n=28701849   mean=   48.59us  p50=  49.50us  p90=  57.00us  p99=  63.00us  p99.9=  68.00us  max>=906.50us
  LOCAL (cache hit)         (no samples)
  REMOTE (miss/rpc)  n=28701849   mean=   48.59us  p50=  49.50us  p90=  57.00us  p99=  63.00us  p99.9=  68.00us  max>=906.50us
[ALL OPS]
  ALL                n=28701849   mean=   48.59us  p50=  49.50us  p90=  57.00us  p99=  63.00us  p99.9=  68.00us  max>=906.50us
  LOCAL (cache hit)         (no samples)
  REMOTE (miss/rpc)  n=28701849   mean=   48.59us  p50=  49.50us  p90=  57.00us  p99=  63.00us  p99.9=  68.00us  max>=906.50us

----- 500 ns bucket CDF (all ops) [node 0] -----
  bucket [lo,hi) ns             count        pct       cdf
  [     6500,     7000)            1    0.0000%   0.0000%
  [     7000,     7500)            2    0.0000%   0.0000%
  [     7500,     8000)           17    0.0001%   0.0001%
  [     8000,     8500)           76    0.0003%   0.0003%
  [     8500,     9000)          175    0.0006%   0.0009%
  [     9000,     9500)          385    0.0013%   0.0023%
  [     9500,    10000)          530    0.0018%   0.0041%
  [    10000,    10500)          678    0.0024%   0.0065%
  [    10500,    11000)          670    0.0023%   0.0088%
  [    11000,    11500)          659    0.0023%   0.0111%
  [    11500,    12000)          638    0.0022%   0.0133%
  [    12000,    12500)          703    0.0024%   0.0158%
  [    12500,    13000)          832    0.0029%   0.0187%
  [    13000,    13500)          908    0.0032%   0.0219%
  [    13500,    14000)         1041    0.0036%   0.0255%
  [    14000,    14500)         1134    0.0040%   0.0294%
  [    14500,    15000)         1095    0.0038%   0.0333%
  [    15000,    15500)         1193    0.0042%   0.0374%
  [    15500,    16000)         1200    0.0042%   0.0416%
  [    16000,    16500)         1196    0.0042%   0.0458%
  [    16500,    17000)         1503    0.0052%   0.0510%
  [    17000,    17500)         2109    0.0073%   0.0583%
  [    17500,    18000)         2762    0.0096%   0.0680%
  [    18000,    18500)         3329    0.0116%   0.0796%
  [    18500,    19000)         3665    0.0128%   0.0923%
  [    19000,    19500)         3607    0.0126%   0.1049%
  [    19500,    20000)         3847    0.0134%   0.1183%
  [    20000,    20500)         4222    0.0147%   0.1330%
  [    20500,    21000)         4898    0.0171%   0.1501%
  [    21000,    21500)         5548    0.0193%   0.1694%
  [    21500,    22000)         6023    0.0210%   0.1904%
  [    22000,    22500)         6362    0.0222%   0.2126%
  [    22500,    23000)         6839    0.0238%   0.2364%
  [    23000,    23500)         7262    0.0253%   0.2617%
  [    23500,    24000)         7758    0.0270%   0.2887%
  [    24000,    24500)         8674    0.0302%   0.3189%
  [    24500,    25000)        10418    0.0363%   0.3552%
  [    25000,    25500)        13210    0.0460%   0.4013%
  [    25500,    26000)        15806    0.0551%   0.4563%
  [    26000,    26500)        18107    0.0631%   0.5194%
  [    26500,    27000)        20005    0.0697%   0.5891%
  [    27000,    27500)        21785    0.0759%   0.6650%
  [    27500,    28000)        24027    0.0837%   0.7487%
  [    28000,    28500)        27050    0.0942%   0.8430%
  [    28500,    29000)        29844    0.1040%   0.9470%
  [    29000,    29500)        33266    0.1159%   1.0629%
  [    29500,    30000)        35943    0.1252%   1.1881%
  [    30000,    30500)        38293    0.1334%   1.3215%
  [    30500,    31000)        41024    0.1429%   1.4644%
  [    31000,    31500)        44581    0.1553%   1.6198%
  [    31500,    32000)        48678    0.1696%   1.7894%
  [    32000,    32500)        57020    0.1987%   1.9880%
  [    32500,    33000)        67650    0.2357%   2.2237%
  [    33000,    33500)        80248    0.2796%   2.5033%
  [    33500,    34000)        91099    0.3174%   2.8207%
  [    34000,    34500)       101885    0.3550%   3.1757%
  [    34500,    35000)       111437    0.3883%   3.5639%
  [    35000,    35500)       122118    0.4255%   3.9894%
  [    35500,    36000)       136093    0.4742%   4.4636%
  [    36000,    36500)       151015    0.5262%   4.9897%
  [    36500,    37000)       167731    0.5844%   5.5741%
  [    37000,    37500)       183116    0.6380%   6.2121%
  [    37500,    38000)       197411    0.6878%   6.8999%
  [    38000,    38500)       209257    0.7291%   7.6290%
  [    38500,    39000)       222169    0.7741%   8.4030%
  [    39000,    39500)       243782    0.8494%   9.2524%
  [    39500,    40000)       272571    0.9497%  10.2021%
  [    40000,    40500)       313719    1.0930%  11.2951%
  [    40500,    41000)       356440    1.2419%  12.5370%
  [    41000,    41500)       401388    1.3985%  13.9354%
  [    41500,    42000)       440289    1.5340%  15.4694%
  [    42000,    42500)       474313    1.6526%  17.1220%
  [    42500,    43000)       501197    1.7462%  18.8682%
  [    43000,    43500)       532847    1.8565%  20.7247%
  [    43500,    44000)       575323    2.0045%  22.7292%
  [    44000,    44500)       621337    2.1648%  24.8940%
  [    44500,    45000)       665696    2.3193%  27.2133%
  [    45000,    45500)       699645    2.4376%  29.6510%
  [    45500,    46000)       729735    2.5425%  32.1934%
  [    46000,    46500)       753791    2.6263%  34.8197%
  [    46500,    47000)       777854    2.7101%  37.5298%
  [    47000,    47500)       789402    2.7504%  40.2802%
  [    47500,    48000)       817540    2.8484%  43.1286%
  [    48000,    48500)       864478    3.0119%  46.1405%
  [    48500,    49000)       900418    3.1371%  49.2776%
  [    49000,    49500)       926273    3.2272%  52.5049%
  [    49500,    50000)       929598    3.2388%  55.7437%
  [    50000,    50500)       920960    3.2087%  58.9524%
  [    50500,    51000)       899464    3.1338%  62.0862%
  [    51000,    51500)       874612    3.0472%  65.1334%
  [    51500,    52000)       848046    2.9547%  68.0881%
  [    52000,    52500)       820842    2.8599%  70.9480%
  [    52500,    53000)       797777    2.7795%  73.7275%
  [    53000,    53500)       764532    2.6637%  76.3912%
  [    53500,    54000)       722897    2.5186%  78.9099%
  [    54000,    54500)       686278    2.3911%  81.3009%
  [    54500,    55000)       655987    2.2855%  83.5865%
  [    55000,    55500)       596443    2.0781%  85.6645%
  [    55500,    56000)       533987    1.8605%  87.5250%
  [    56000,    56500)       477903    1.6651%  89.1900%
  [    56500,    57000)       428309    1.4923%  90.6823%
  [    57000,    57500)       378072    1.3172%  91.9996%
  [    57500,    58000)       335860    1.1702%  93.1697%
  [    58000,    58500)       297102    1.0351%  94.2049%
  [    58500,    59000)       260407    0.9073%  95.1121%
  [    59000,    59500)       227846    0.7938%  95.9060%
  [    59500,    60000)       197905    0.6895%  96.5955%
  [    60000,    60500)       168575    0.5873%  97.1828%
  [    60500,    61000)       144719    0.5042%  97.6870%
  [    61000,    61500)       122881    0.4281%  98.1152%
  [    61500,    62000)       103369    0.3601%  98.4753%
  [    62000,    62500)        85192    0.2968%  98.7721%
  [    62500,    63000)        71121    0.2478%  99.0199%
  [    63000,    63500)        58839    0.2050%  99.2249%
  [    63500,    64000)        47692    0.1662%  99.3911%
  [    64000,    64500)        38145    0.1329%  99.5240%
  [    64500,    65000)        29713    0.1035%  99.6275%
  [    65000,    65500)        23704    0.0826%  99.7101%
  [    65500,    66000)        18474    0.0644%  99.7745%
  [    66000,    66500)        14550    0.0507%  99.8252%
  [    66500,    67000)        11001    0.0383%  99.8635%
  [    67000,    67500)         8633    0.0301%  99.8936%
  [    67500,    68000)         6307    0.0220%  99.9155%
  [    68000,    68500)         4892    0.0170%  99.9326%
  [    68500,    69000)         3593    0.0125%  99.9451%
  [    69000,    69500)         2846    0.0099%  99.9550%
  [    69500,    70000)         2083    0.0073%  99.9623%
  [    70000,    70500)         1653    0.0058%  99.9680%
  [    70500,    71000)         1187    0.0041%  99.9722%
  [    71000,    71500)          948    0.0033%  99.9755%
  [    71500,    72000)          788    0.0027%  99.9782%
  [    72000,    72500)          633    0.0022%  99.9804%
  [    72500,    73000)          496    0.0017%  99.9822%
  [    73000,    73500)          401    0.0014%  99.9835%
  [    73500,    74000)          376    0.0013%  99.9849%
  [    74000,    74500)          326    0.0011%  99.9860%
  [    74500,    75000)          285    0.0010%  99.9870%
  [    75000,    75500)          263    0.0009%  99.9879%
  [    75500,    76000)          226    0.0008%  99.9887%
  [    76000,    76500)          220    0.0008%  99.9895%
  [    76500,    77000)          177    0.0006%  99.9901%
  [    77000,    77500)          156    0.0005%  99.9906%
  [    77500,    78000)          153    0.0005%  99.9912%
  [    78000,    78500)          164    0.0006%  99.9917%
  [    78500,    79000)          145    0.0005%  99.9922%
  [    79000,    79500)          118    0.0004%  99.9926%
  [    79500,    80000)          107    0.0004%  99.9930%
  [    80000,    80500)           99    0.0003%  99.9934%
  [    80500,    81000)          114    0.0004%  99.9938%
  [    81000,    81500)          121    0.0004%  99.9942%
  [    81500,    82000)           93    0.0003%  99.9945%
  [    82000,    82500)           79    0.0003%  99.9948%
  [    82500,    83000)           67    0.0002%  99.9950%
  [    83000,    83500)           84    0.0003%  99.9953%
  [    83500,    84000)           68    0.0002%  99.9955%
  [    84000,    84500)           58    0.0002%  99.9957%
  [    84500,    85000)           59    0.0002%  99.9959%
  [    85000,    85500)           64    0.0002%  99.9962%
  [    85500,    86000)           46    0.0002%  99.9963%
  [    86000,    86500)           36    0.0001%  99.9965%
  [    86500,    87000)           51    0.0002%  99.9966%
  [    87000,    87500)           52    0.0002%  99.9968%
  [    87500,    88000)           36    0.0001%  99.9969%
  [    88000,    88500)           39    0.0001%  99.9971%
  [    88500,    89000)           33    0.0001%  99.9972%
  [    89000,    89500)           37    0.0001%  99.9973%
  [    89500,    90000)           26    0.0001%  99.9974%
  [    90000,    90500)           35    0.0001%  99.9975%
  [    90500,    91000)           19    0.0001%  99.9976%
  [    91000,    91500)           26    0.0001%  99.9977%
  [    91500,    92000)           29    0.0001%  99.9978%
  [    92000,    92500)           21    0.0001%  99.9979%
  [    92500,    93000)           19    0.0001%  99.9979%
  [    93000,    93500)           18    0.0001%  99.9980%
  [    93500,    94000)           11    0.0000%  99.9980%
  [    94000,    94500)           22    0.0001%  99.9981%
  [    94500,    95000)           10    0.0000%  99.9981%
  [    95000,    95500)           21    0.0001%  99.9982%
  [    95500,    96000)           20    0.0001%  99.9983%
  [    96000,    96500)           14    0.0000%  99.9983%
  [    96500,    97000)           16    0.0001%  99.9984%
  [    97000,    97500)            7    0.0000%  99.9984%
  [    97500,    98000)           13    0.0000%  99.9985%
  [    98000,    98500)            8    0.0000%  99.9985%
  [    98500,    99000)           15    0.0001%  99.9985%
  [    99000,    99500)            8    0.0000%  99.9986%
  [    99500,   100000)           13    0.0000%  99.9986%
  [   100000,   100500)           14    0.0000%  99.9987%
  [   100500,   101000)           15    0.0001%  99.9987%
  [   101000,   101500)           11    0.0000%  99.9987%
  [   101500,   102000)            8    0.0000%  99.9988%
  [   102000,   102500)            7    0.0000%  99.9988%
  [   102500,   103000)            6    0.0000%  99.9988%
  [   103000,   103500)            4    0.0000%  99.9988%
  [   103500,   104000)           10    0.0000%  99.9989%
  [   104000,   104500)            4    0.0000%  99.9989%
  [   104500,   105000)            6    0.0000%  99.9989%
  [   105000,   105500)            3    0.0000%  99.9989%
  [   105500,   106000)            3    0.0000%  99.9989%
  [   106000,   106500)            5    0.0000%  99.9989%
  [   106500,   107000)            4    0.0000%  99.9990%
  [   107000,   107500)            1    0.0000%  99.9990%
  [   107500,   108000)            6    0.0000%  99.9990%
  [   108000,   108500)            3    0.0000%  99.9990%
  [   108500,   109000)            4    0.0000%  99.9990%
  [   109000,   109500)            5    0.0000%  99.9990%
  [   109500,   110000)            3    0.0000%  99.9990%
  [   110000,   110500)            2    0.0000%  99.9990%
  [   110500,   111000)            8    0.0000%  99.9991%
  [   111000,   111500)            2    0.0000%  99.9991%
  [   111500,   112000)            4    0.0000%  99.9991%
  [   112000,   112500)            5    0.0000%  99.9991%
  [   112500,   113000)            1    0.0000%  99.9991%
  [   113000,   113500)            1    0.0000%  99.9991%
  [   113500,   114000)            4    0.0000%  99.9991%
  [   114000,   114500)            1    0.0000%  99.9991%
  [   114500,   115000)            3    0.0000%  99.9991%
  [   115000,   115500)            2    0.0000%  99.9991%
  [   115500,   116000)            3    0.0000%  99.9992%
  [   116000,   116500)            1    0.0000%  99.9992%
  [   116500,   117000)            3    0.0000%  99.9992%
  [   117000,   117500)            1    0.0000%  99.9992%
  [   117500,   118000)            1    0.0000%  99.9992%
  [   118000,   118500)            1    0.0000%  99.9992%
  [   118500,   119000)            3    0.0000%  99.9992%
  [   119000,   119500)            2    0.0000%  99.9992%
  [   119500,   120000)            1    0.0000%  99.9992%
  [   120000,   120500)            2    0.0000%  99.9992%
  [   120500,   121000)            2    0.0000%  99.9992%
  [   121000,   121500)            6    0.0000%  99.9992%
  [   121500,   122000)            1    0.0000%  99.9992%
  [   122000,   122500)            1    0.0000%  99.9992%
  [   123000,   123500)            1    0.0000%  99.9993%
  [   124000,   124500)            1    0.0000%  99.9993%
  [   124500,   125000)            1    0.0000%  99.9993%
  [   125000,   125500)            1    0.0000%  99.9993%
  [   125500,   126000)            2    0.0000%  99.9993%
  [   126500,   127000)            1    0.0000%  99.9993%
  [   127500,   128000)            2    0.0000%  99.9993%
  [   128000,   128500)            1    0.0000%  99.9993%
  [   128500,   129000)            2    0.0000%  99.9993%
  [   129000,   129500)            1    0.0000%  99.9993%
  [   129500,   130000)            2    0.0000%  99.9993%
  [   130000,   130500)            3    0.0000%  99.9993%
  [   130500,   131000)            2    0.0000%  99.9993%
  [   132000,   132500)            3    0.0000%  99.9993%
  [   133000,   133500)            1    0.0000%  99.9993%
  [   133500,   134000)            1    0.0000%  99.9993%
  [   134000,   134500)            2    0.0000%  99.9993%
  [   134500,   135000)            2    0.0000%  99.9993%
  [   135000,   135500)            1    0.0000%  99.9994%
  [   135500,   136000)            2    0.0000%  99.9994%
  [   136000,   136500)            1    0.0000%  99.9994%
  [   137000,   137500)            1    0.0000%  99.9994%
  [   137500,   138000)            3    0.0000%  99.9994%
  [   138000,   138500)            1    0.0000%  99.9994%
  [   139000,   139500)            2    0.0000%  99.9994%
  [   139500,   140000)            1    0.0000%  99.9994%
  [   140000,   140500)            2    0.0000%  99.9994%
  [   140500,   141000)            2    0.0000%  99.9994%
  [   141500,   142000)            3    0.0000%  99.9994%
  [   144000,   144500)            2    0.0000%  99.9994%
  [   145000,   145500)            2    0.0000%  99.9994%
  [   145500,   146000)            2    0.0000%  99.9994%
  [   146500,   147000)            2    0.0000%  99.9994%
  [   147000,   147500)            1    0.0000%  99.9994%
  [   148000,   148500)            1    0.0000%  99.9994%
  [   149000,   149500)            1    0.0000%  99.9995%
  [   149500,   150000)            2    0.0000%  99.9995%
  [   150000,   150500)            1    0.0000%  99.9995%
  [   151000,   151500)            2    0.0000%  99.9995%
  [   151500,   152000)            1    0.0000%  99.9995%
  [   152500,   153000)            2    0.0000%  99.9995%
  [   153000,   153500)            2    0.0000%  99.9995%
  [   153500,   154000)            1    0.0000%  99.9995%
  [   154000,   154500)            3    0.0000%  99.9995%
  [   155000,   155500)            2    0.0000%  99.9995%
  [   155500,   156000)            4    0.0000%  99.9995%
  [   156000,   156500)            1    0.0000%  99.9995%
  [   157000,   157500)            1    0.0000%  99.9995%
  [   157500,   158000)            2    0.0000%  99.9995%
  [   158000,   158500)            1    0.0000%  99.9995%
  [   160500,   161000)            3    0.0000%  99.9996%
  [   161000,   161500)            1    0.0000%  99.9996%
  [   162500,   163000)            1    0.0000%  99.9996%
  [   163500,   164000)            2    0.0000%  99.9996%
  [   164000,   164500)            2    0.0000%  99.9996%
  [   165000,   165500)            1    0.0000%  99.9996%
  [   166000,   166500)            1    0.0000%  99.9996%
  [   166500,   167000)            1    0.0000%  99.9996%
  [   167000,   167500)            1    0.0000%  99.9996%
  [   168000,   168500)            1    0.0000%  99.9996%
  [   168500,   169000)            1    0.0000%  99.9996%
  [   169000,   169500)            1    0.0000%  99.9996%
  [   170500,   171000)            1    0.0000%  99.9996%
  [   171000,   171500)            2    0.0000%  99.9996%
  [   172000,   172500)            2    0.0000%  99.9996%
  [   173500,   174000)            1    0.0000%  99.9996%
  [   174000,   174500)            2    0.0000%  99.9996%
  [   175500,   176000)            1    0.0000%  99.9996%
  [   176000,   176500)            2    0.0000%  99.9996%
  [   176500,   177000)            1    0.0000%  99.9996%
  [   177500,   178000)            1    0.0000%  99.9996%
  [   178000,   178500)            1    0.0000%  99.9996%
  [   179000,   179500)            1    0.0000%  99.9996%
  [   180000,   180500)            1    0.0000%  99.9997%
  [   180500,   181000)            1    0.0000%  99.9997%
  [   181000,   181500)            1    0.0000%  99.9997%
  [   181500,   182000)            1    0.0000%  99.9997%
  [   182000,   182500)            1    0.0000%  99.9997%
  [   183500,   184000)            1    0.0000%  99.9997%
  [   184000,   184500)            1    0.0000%  99.9997%
  [   185000,   185500)            1    0.0000%  99.9997%
  [   188000,   188500)            2    0.0000%  99.9997%
  [   189000,   189500)            1    0.0000%  99.9997%
  [   189500,   190000)            1    0.0000%  99.9997%
  [   190500,   191000)            1    0.0000%  99.9997%
  [   194500,   195000)            1    0.0000%  99.9997%
  [   195000,   195500)            1    0.0000%  99.9997%
  [   196500,   197000)            2    0.0000%  99.9997%
  [   197000,   197500)            1    0.0000%  99.9997%
  [   197500,   198000)            1    0.0000%  99.9997%
  [   198000,   198500)            4    0.0000%  99.9997%
  [   198500,   199000)            2    0.0000%  99.9997%
  [   201000,   201500)            2    0.0000%  99.9997%
  [   204500,   205000)            1    0.0000%  99.9997%
  [   210000,   210500)            1    0.0000%  99.9997%
  [   213500,   214000)            1    0.0000%  99.9998%
  [   218000,   218500)            1    0.0000%  99.9998%
  [   223000,   223500)            1    0.0000%  99.9998%
  [   223500,   224000)            1    0.0000%  99.9998%
  [   225500,   226000)            1    0.0000%  99.9998%
  [   226000,   226500)            1    0.0000%  99.9998%
  [   226500,   227000)            1    0.0000%  99.9998%
  [   229000,   229500)            1    0.0000%  99.9998%
  [   232000,   232500)            1    0.0000%  99.9998%
  [   232500,   233000)            1    0.0000%  99.9998%
  [   233000,   233500)            1    0.0000%  99.9998%
  [   234000,   234500)            1    0.0000%  99.9998%
  [   234500,   235000)            1    0.0000%  99.9998%
  [   236000,   236500)            1    0.0000%  99.9998%
  [   236500,   237000)            1    0.0000%  99.9998%
  [   238500,   239000)            1    0.0000%  99.9998%
  [   240000,   240500)            1    0.0000%  99.9998%
  [   242500,   243000)            1    0.0000%  99.9998%
  [   248500,   249000)            1    0.0000%  99.9998%
  [   249000,   249500)            1    0.0000%  99.9998%
  [   251500,   252000)            1    0.0000%  99.9998%
  [   253500,   254000)            1    0.0000%  99.9998%
  [   254500,   255000)            1    0.0000%  99.9998%
  [   260000,   260500)            1    0.0000%  99.9998%
  [   266500,   267000)            1    0.0000%  99.9998%
  [   276000,   276500)            1    0.0000%  99.9998%
  [   287000,   287500)            1    0.0000%  99.9998%
  [   290500,   291000)            1    0.0000%  99.9998%
  [   292000,   292500)            2    0.0000%  99.9999%
  [   293000,   293500)            1    0.0000%  99.9999%
  [   300000,   300500)            1    0.0000%  99.9999%
  [   312000,   312500)            1    0.0000%  99.9999%
  [   317000,   317500)            1    0.0000%  99.9999%
  [   318500,   319000)            1    0.0000%  99.9999%
  [   320000,   320500)            1    0.0000%  99.9999%
  [   328500,   329000)            1    0.0000%  99.9999%
  [   334000,   334500)            1    0.0000%  99.9999%
  [   339000,   339500)            1    0.0000%  99.9999%
  [   349500,   350000)            1    0.0000%  99.9999%
  [   372000,   372500)            1    0.0000%  99.9999%
  [   381500,   382000)            1    0.0000%  99.9999%
  [   387500,   388000)            1    0.0000%  99.9999%
  [   394000,   394500)            1    0.0000%  99.9999%
  [   395500,   396000)            1    0.0000%  99.9999%
  [   410500,   411000)            1    0.0000%  99.9999%
  [   426000,   426500)            1    0.0000%  99.9999%
  [   437500,   438000)            1    0.0000%  99.9999%
  [   457000,   457500)            1    0.0000%  99.9999%
  [   472000,   472500)            1    0.0000%  99.9999%
  [   487000,   487500)            2    0.0000%  99.9999%
  [   491000,   491500)            1    0.0000%  99.9999%
  [   524000,   524500)            1    0.0000%  99.9999%
  [   526000,   526500)            1    0.0000%  99.9999%
  [   545000,   545500)            2    0.0000%  99.9999%
  [   558500,   559000)            1    0.0000% 100.0000%
  [   562000,   562500)            1    0.0000% 100.0000%
  [   570000,   570500)            1    0.0000% 100.0000%
  [   584000,   584500)            1    0.0000% 100.0000%
  [   617000,   617500)            1    0.0000% 100.0000%
  [   621500,   622000)            1    0.0000% 100.0000%
  [   648500,   649000)            1    0.0000% 100.0000%
  [   677000,   677500)            1    0.0000% 100.0000%
  [   683500,   684000)            1    0.0000% 100.0000%
  [   725000,   725500)            1    0.0000% 100.0000%
  [   760000,   760500)            1    0.0000% 100.0000%
  [   801000,   801500)            1    0.0000% 100.0000%
  [   809500,   810000)            1    0.0000% 100.0000%
  [   843000,   843500)            1    0.0000% 100.0000%
  [   906000,   906500)            1    0.0000% 100.0000%

----- REMOTE OPERATIONS [node 0] -----
  ops total                = 28701849
  ops local  (cache hit)   = 0 (0.00%)
  ops remote (>=1 net op)  = 28701849 (100.00%)
  remote ops total         = 318377202
    rdma read              = 289675353
    rdma write             = 0
    rdma cas               = 0
    rpc pushdown           = 28701849
  remote ops / op          = 11.0926
  remote ops / remote op   = 11.0926

----- OFFLOADED TASKS [node 0] -----
  lookup pushdowns         = 0
  scan    pushdowns (RPC)  = 28701847
    kv pairs returned      = 2870181239
    leaves scanned remotely= 247281173
    kv / scan pushdown     = 100.00
    leaves / scan pushdown = 8.62
  per-thread breakdown (tid: lookups | scans | kv | leaves):
    t0             0 |     818254 |   81825309 |    7050713
    t1             0 |     756764 |   75676265 |    6520017
    t2             0 |     825858 |   82585623 |    7114710
    t3             0 |     762520 |   76251689 |    6569825
    t4             0 |     825708 |   82570660 |    7113643
    t5             0 |     768561 |   76856049 |    6621499
    t6             0 |     828059 |   82805824 |    7133692
    t7             0 |     765724 |   76572303 |    6596692
    t8             0 |     831086 |   83108503 |    7159616
    t9             0 |     768968 |   76896726 |    6625062
    t10            0 |     832085 |   83208486 |    7169225
    t11            0 |     768779 |   76877770 |    6624020
    t12            0 |     828755 |   82875409 |    7140369
    t13            0 |     767951 |   76795058 |    6616079
    t14            0 |     825167 |   82516616 |    7109681
    t15            0 |     763009 |   76300900 |    6573290
    t16            0 |     827741 |   82773973 |    7131396
    t17            0 |     769795 |   76979371 |    6631490
    t18            0 |     825093 |   82509189 |    7108559
    t19            0 |     766171 |   76616985 |    6600633
    t20            0 |     831425 |   83142451 |    7163013
    t21            0 |     770999 |   77099675 |    6643048
    t22            0 |     828907 |   82890649 |    7141321
    t23            0 |     763451 |   76345058 |    6577498
    t24            0 |     827565 |   82756230 |    7129971
    t25            0 |     768076 |   76807536 |    6618030
    t26            0 |     826779 |   82677661 |    7123547
    t27            0 |     765160 |   76515958 |    6591991
    t28            0 |     833333 |   83333300 |    7179643
    t29            0 |     768887 |   76888470 |    6624027
    t30            0 |     832709 |   83270900 |    7174372
    t31            0 |     769819 |   76981892 |    6632133
    t32            0 |     830807 |   83080617 |    7158166
    t33            0 |     769017 |   76901700 |    6625858
    t34            0 |     825487 |   82548669 |    7111721
    t35            0 |     763378 |   76337765 |    6576623

----- PATH-AWARE CACHE MISS RATE [node 0] -----
  node accesses (hit+miss) = 632990863
  node cache hits          = 343338912 (54.24%)
  MISS RATE                = 45.7593%  (289651951 / 632990863)
  inner-node miss          = 260950102 (90.09% of misses, 41.2249% rate)
  leaf-node  miss          = 28701849 (9.91% of misses, 4.5343% rate)
  total miss               = 289651951
  cache writebacks         = 0
=========================================================================

Round 0 (max_throughput): 0.740012 Mops/s
Round 0 (straggler_throughput): 0.73998 Mops/s
Before barrier finish
Avg. rdma read time(ms) = 0
Avg. rdma write time(ms) = -nan
Avg. rdma read / op = 10.0926
Avg. rdma write / op = 0
Avg. rdma cas / op = 0
Avg. rdma rpc / op = 1
Avg. all rdma / op = 11.0926
Avg. rdma read size/ op = 6287.99
Avg. rdma write size / op = 0
Avg. rdma RW size / op = 6287.99
------------------------------------------
Node 0 average throughput = 0.71695
Node 0 total throughput = 0.740012
All CN throughput (Max) = 0.740012
All CN throughput (Straggler) = 0.73998
Final throughput = 0.73998
[CORRECTNESS node 0] ops ok 28701847 / 28701849 = 100.0000%; scans 28701849, rows 2870181239 (100.00 per scan)
------------------------------------------
