Compute node count = 1
kNodeCount 2, kReadRatio 0, kInsertRatio 0, kUpdateRatio 0, kDeleteRatio 0, kRangeRatio 100, totalThreadCount 36, memThreadCount 16 cache_size 32, uniform_workload 1, zipfian 0.990000, bulk_load_num 50000000, warmup_num 10000000, op_num 30000000, check_correctness 0, time_based 0, early_stop 1, index 0, rpc_rate 1.000000, admission_rate 0.100000, auto_tune 0
kMaxThread = 36
KeySpace = 50001000
[GEOMETRY] inner_page=160 leaf_page=512 inner_entries=5 leaf_entries=26 slot=512 placement=mn_only
[4mshared memory size: 64GB, 0x7fef77200000[0m
[4mcache size: 2GB[0m
[4mMachine NR: 2[0m
[4mMax_APP_THREAD: 80[0m
[4mNR_DIRECTORY: 16[0m
[4mStart Build the DSMKeeper[0m
I am servers 0 [255.127.0.0]
I connect server 1
[4mdir 0 launch! (core 79 of 80)
[0m
[4mdir 1 launch! (core 79 of 80)
[0m
[4mdir 3 launch! (core 79 of 80)
[0m
[4mdir 7 launch! (core 79 of 80)
[0m
[4mdir 9 launch! (core 79 of 80)
[0m
[4mdir 11 launch! (core 79 of 80)
[0m
[4mdir 14 launch! (core 79 of 80)
[0m
[4mdir 15 launch! (core 79 of 80)
[0m
[4mdir 13 launch! (core 79 of 80)
[0m
[4mdir 12 launch! (core 79 of 80)
[0m
[4mdir 10 launch! (core 79 of 80)
[0m
[4mdir 4 launch! (core 79 of 80)
[0m
[4mdir 8 launch! (core 79 of 80)
[0m
[4mdir 2 launch! (core 79 of 80)
[0m
[4mdir 6 launch! (core 79 of 80)
[0m
[4mdir 5 launch! (core 79 of 80)
[0m
CNode 0, left bound = 0, right bound = 18446744073709551615
Pushdown (RPC) Rate: 1
Admission Rate: 0.1
Cache size(MB) = 32
-----Cache initial addr = 0x7fef1e000000
page num = 65536
alloc_unit = 512
entry_num: 65536
bucket_num: 21846
[DEX_SAFE_PT] page table keeps overflow buckets linked: ON
Bucket size = 64
entry_num: 6553
bucket_num: 1093
[DEX-R] push reads from the deepest cached node: off (DEX_PUSH_READS_DEEPEST; writes keep DEX's megaLevel rule)
start generating tree
num_partitions = 1
Success: tree root pointer value [1, 67108864]
finish generating tree
Bulkload num in node 0 = 50000000
[CPU compute ] process=  2.51% of 80 cores   system=  2.51%   (window 2s)

----- REMOTE CPU LOAD (memory node dir-threads, 2s window) -----
  dir 0: active=  0.00%  msgs=0           0 ns/msg
  dir 1: active=  0.00%  msgs=0           0 ns/msg
  dir 2: active=  0.00%  msgs=0           0 ns/msg
  dir 3: active=  0.00%  msgs=0           0 ns/msg
  dir 4: active=  0.00%  msgs=0           0 ns/msg
  dir 5: active=  0.00%  msgs=0           0 ns/msg
  dir 6: active=  0.00%  msgs=0           0 ns/msg
  dir 7: active=  0.00%  msgs=0           0 ns/msg
  dir 8: active=  0.00%  msgs=0           0 ns/msg
  dir 9: active=  0.00%  msgs=0           0 ns/msg
  dir 10: active=  0.00%  msgs=0           0 ns/msg
  dir 11: active=  0.00%  msgs=0           0 ns/msg
  dir 12: active=  0.00%  msgs=0           0 ns/msg
  dir 13: active=  0.00%  msgs=0           0 ns/msg
  dir 14: active=  0.00%  msgs=0           0 ns/msg
  dir 15: active=  0.00%  msgs=0           0 ns/msg
  AGGREGATE active = 0.00% (of 16 dir-threads; 0.00% per-thread avg)  msgs=0
First key of bulkloading = 7325973
Last key of bulkloading = 26738230
node warmup num = 9999972
kReadRatio =0
insertmark =0
updatemark =0
deletemark =0
rangemark =100
Finish warmup workload generation
[CPU compute ] process=  2.50% of 80 cores   system=  2.51%   (window 2s)

----- REMOTE CPU LOAD (memory node dir-threads, 2s window) -----
  dir 0: active=  0.00%  msgs=0           0 ns/msg
  dir 1: active=  0.00%  msgs=0           0 ns/msg
  dir 2: active=  0.00%  msgs=0           0 ns/msg
  dir 3: active=  0.00%  msgs=0           0 ns/msg
  dir 4: active=  0.00%  msgs=0           0 ns/msg
  dir 5: active=  0.00%  msgs=0           0 ns/msg
  dir 6: active=  0.00%  msgs=0           0 ns/msg
  dir 7: active=  0.00%  msgs=0           0 ns/msg
  dir 8: active=  0.00%  msgs=0           0 ns/msg
  dir 9: active=  0.00%  msgs=0           0 ns/msg
  dir 10: active=  0.00%  msgs=0           0 ns/msg
  dir 11: active=  0.00%  msgs=0           0 ns/msg
  dir 12: active=  0.00%  msgs=0           0 ns/msg
  dir 13: active=  0.00%  msgs=0           0 ns/msg
  dir 14: active=  0.00%  msgs=0           0 ns/msg
  dir 15: active=  0.00%  msgs=0           0 ns/msg
  AGGREGATE active = 0.00% (of 16 dir-threads; 0.00% per-thread avg)  msgs=0
[CPU compute ] process=  2.49% of 80 cores   system=  2.52%   (window 2s)

----- REMOTE CPU LOAD (memory node dir-threads, 2s window) -----
  dir 0: active=  0.00%  msgs=0           0 ns/msg
  dir 1: active=  0.00%  msgs=0           0 ns/msg
  dir 2: active=  0.00%  msgs=0           0 ns/msg
  dir 3: active=  0.00%  msgs=0           0 ns/msg
  dir 4: active=  0.00%  msgs=0           0 ns/msg
  dir 5: active=  0.00%  msgs=0           0 ns/msg
  dir 6: active=  0.00%  msgs=0           0 ns/msg
  dir 7: active=  0.00%  msgs=0           0 ns/msg
  dir 8: active=  0.00%  msgs=0           0 ns/msg
  dir 9: active=  0.00%  msgs=0           0 ns/msg
  dir 10: active=  0.00%  msgs=0           0 ns/msg
  dir 11: active=  0.00%  msgs=0           0 ns/msg
  dir 12: active=  0.00%  msgs=0           0 ns/msg
  dir 13: active=  0.00%  msgs=0           0 ns/msg
  dir 14: active=  0.00%  msgs=0           0 ns/msg
  dir 15: active=  0.00%  msgs=0           0 ns/msg
  AGGREGATE active = 0.00% (of 16 dir-threads; 0.00% per-thread avg)  msgs=0
[CPU compute ] process=  2.51% of 80 cores   system=  2.52%   (window 2s)

----- REMOTE CPU LOAD (memory node dir-threads, 2s window) -----
  dir 0: active=  0.00%  msgs=0           0 ns/msg
  dir 1: active=  0.00%  msgs=0           0 ns/msg
  dir 2: active=  0.00%  msgs=0           0 ns/msg
  dir 3: active=  0.00%  msgs=0           0 ns/msg
  dir 4: active=  0.00%  msgs=0           0 ns/msg
  dir 5: active=  0.00%  msgs=0           0 ns/msg
  dir 6: active=  0.00%  msgs=0           0 ns/msg
  dir 7: active=  0.00%  msgs=0           0 ns/msg
  dir 8: active=  0.00%  msgs=0           0 ns/msg
  dir 9: active=  0.00%  msgs=0           0 ns/msg
  dir 10: active=  0.00%  msgs=0           0 ns/msg
  dir 11: active=  0.00%  msgs=0           0 ns/msg
  dir 12: active=  0.00%  msgs=0           0 ns/msg
  dir 13: active=  0.00%  msgs=0           0 ns/msg
  dir 14: active=  0.00%  msgs=0           0 ns/msg
  dir 15: active=  0.00%  msgs=0           0 ns/msg
  AGGREGATE active = 0.00% (of 16 dir-threads; 0.00% per-thread avg)  msgs=0
[CPU compute ] process=  2.49% of 80 cores   system=  2.76%   (window 2s)

----- REMOTE CPU LOAD (memory node dir-threads, 2s window) -----
  dir 0: active=  0.00%  msgs=0           0 ns/msg
  dir 1: active=  0.00%  msgs=0           0 ns/msg
  dir 2: active=  0.00%  msgs=0           0 ns/msg
  dir 3: active=  0.00%  msgs=0           0 ns/msg
  dir 4: active=  0.00%  msgs=0           0 ns/msg
  dir 5: active=  0.00%  msgs=0           0 ns/msg
  dir 6: active=  0.00%  msgs=0           0 ns/msg
  dir 7: active=  0.00%  msgs=0           0 ns/msg
  dir 8: active=  0.00%  msgs=0           0 ns/msg
  dir 9: active=  0.00%  msgs=0           0 ns/msg
  dir 10: active=  0.00%  msgs=0           0 ns/msg
  dir 11: active=  0.00%  msgs=0           0 ns/msg
  dir 12: active=  0.00%  msgs=0           0 ns/msg
  dir 13: active=  0.00%  msgs=0           0 ns/msg
  dir 14: active=  0.00%  msgs=0           0 ns/msg
  dir 15: active=  0.00%  msgs=0           0 ns/msg
  AGGREGATE active = 0.00% (of 16 dir-threads; 0.00% per-thread avg)  msgs=0
[CPU compute ] process=  2.51% of 80 cores   system=  4.18%   (window 2s)

----- REMOTE CPU LOAD (memory node dir-threads, 2s window) -----
  dir 0: active=  0.00%  msgs=0           0 ns/msg
  dir 1: active=  0.00%  msgs=0           0 ns/msg
  dir 2: active=  0.00%  msgs=0           0 ns/msg
  dir 3: active=  0.00%  msgs=0           0 ns/msg
  dir 4: active=  0.00%  msgs=0           0 ns/msg
  dir 5: active=  0.00%  msgs=0           0 ns/msg
  dir 6: active=  0.00%  msgs=0           0 ns/msg
  dir 7: active=  0.00%  msgs=0           0 ns/msg
  dir 8: active=  0.00%  msgs=0           0 ns/msg
  dir 9: active=  0.00%  msgs=0           0 ns/msg
  dir 10: active=  0.00%  msgs=0           0 ns/msg
  dir 11: active=  0.00%  msgs=0           0 ns/msg
  dir 12: active=  0.00%  msgs=0           0 ns/msg
  dir 13: active=  0.00%  msgs=0           0 ns/msg
  dir 14: active=  0.00%  msgs=0           0 ns/msg
  dir 15: active=  0.00%  msgs=0           0 ns/msg
  AGGREGATE active = 0.00% (of 16 dir-threads; 0.00% per-thread avg)  msgs=0
[CPU compute ] process=  2.49% of 80 cores   system=  2.53%   (window 2s)

----- REMOTE CPU LOAD (memory node dir-threads, 2s window) -----
  dir 0: active=  0.00%  msgs=0           0 ns/msg
  dir 1: active=  0.00%  msgs=0           0 ns/msg
  dir 2: active=  0.00%  msgs=0           0 ns/msg
  dir 3: active=  0.00%  msgs=0           0 ns/msg
  dir 4: active=  0.00%  msgs=0           0 ns/msg
  dir 5: active=  0.00%  msgs=0           0 ns/msg
  dir 6: active=  0.00%  msgs=0           0 ns/msg
  dir 7: active=  0.00%  msgs=0           0 ns/msg
  dir 8: active=  0.00%  msgs=0           0 ns/msg
  dir 9: active=  0.00%  msgs=0           0 ns/msg
  dir 10: active=  0.00%  msgs=0           0 ns/msg
  dir 11: active=  0.00%  msgs=0           0 ns/msg
  dir 12: active=  0.00%  msgs=0           0 ns/msg
  dir 13: active=  0.00%  msgs=0           0 ns/msg
  dir 14: active=  0.00%  msgs=0           0 ns/msg
  dir 15: active=  0.00%  msgs=0           0 ns/msg
  AGGREGATE active = 0.00% (of 16 dir-threads; 0.00% per-thread avg)  msgs=0
node op_num = 29999988
Finish all workload generation
[CPU compute ] process=  2.50% of 80 cores   system=  2.51%   (window 2s)

----- REMOTE CPU LOAD (memory node dir-threads, 2s window) -----
  dir 0: active=  0.00%  msgs=0           0 ns/msg
  dir 1: active=  0.00%  msgs=0           0 ns/msg
  dir 2: active=  0.00%  msgs=0           0 ns/msg
  dir 3: active=  0.00%  msgs=0           0 ns/msg
  dir 4: active=  0.00%  msgs=0           0 ns/msg
  dir 5: active=  0.00%  msgs=0           0 ns/msg
  dir 6: active=  0.00%  msgs=0           0 ns/msg
  dir 7: active=  0.00%  msgs=0           0 ns/msg
  dir 8: active=  0.00%  msgs=0           0 ns/msg
  dir 9: active=  0.00%  msgs=0           0 ns/msg
  dir 10: active=  0.00%  msgs=0           0 ns/msg
  dir 11: active=  0.00%  msgs=0           0 ns/msg
  dir 12: active=  0.00%  msgs=0           0 ns/msg
  dir 13: active=  0.00%  msgs=0           0 ns/msg
  dir 14: active=  0.00%  msgs=0           0 ns/msg
  dir 15: active=  0.00%  msgs=0           0 ns/msg
  AGGREGATE active = 0.00% (of 16 dir-threads; 0.00% per-thread avg)  msgs=0
[CPU compute ] process=  2.50% of 80 cores   system=  2.52%   (window 2s)

----- REMOTE CPU LOAD (memory node dir-threads, 2s window) -----
  dir 0: active=  0.00%  msgs=0           0 ns/msg
  dir 1: active=  0.00%  msgs=0           0 ns/msg
  dir 2: active=  0.00%  msgs=0           0 ns/msg
  dir 3: active=  0.00%  msgs=0           0 ns/msg
  dir 4: active=  0.00%  msgs=0           0 ns/msg
  dir 5: active=  0.00%  msgs=0           0 ns/msg
  dir 6: active=  0.00%  msgs=0           0 ns/msg
  dir 7: active=  0.00%  msgs=0           0 ns/msg
  dir 8: active=  0.00%  msgs=0           0 ns/msg
  dir 9: active=  0.00%  msgs=0           0 ns/msg
  dir 10: active=  0.00%  msgs=0           0 ns/msg
  dir 11: active=  0.00%  msgs=0           0 ns/msg
  dir 12: active=  0.00%  msgs=0           0 ns/msg
  dir 13: active=  0.00%  msgs=0           0 ns/msg
  dir 14: active=  0.00%  msgs=0           0 ns/msg
  dir 15: active=  0.00%  msgs=0           0 ns/msg
  AGGREGATE active = 0.00% (of 16 dir-threads; 0.00% per-thread avg)  msgs=0
Fetched new height = 1
Success: tree root pointer value [1, 67109888]
Height = 2
Success: tree root pointer value [1, 67112448]
Height = 3
Success: tree root pointer value [1, 67118080]
Height = 4
[CPU compute ] process=  2.50% of 80 cores   system=  2.51%   (window 2s)

----- REMOTE CPU LOAD (memory node dir-threads, 2s window) -----
  dir 0: active=  0.00%  msgs=0           0 ns/msg
  dir 1: active=  0.00%  msgs=0           0 ns/msg
  dir 2: active=  0.00%  msgs=0           0 ns/msg
  dir 3: active=  0.00%  msgs=0           0 ns/msg
  dir 4: active=  0.00%  msgs=0           0 ns/msg
  dir 5: active=  0.00%  msgs=0           0 ns/msg
  dir 6: active=  0.00%  msgs=0           0 ns/msg
  dir 7: active=  0.00%  msgs=0           0 ns/msg
  dir 8: active=  0.00%  msgs=0           0 ns/msg
  dir 9: active=  0.00%  msgs=0           0 ns/msg
  dir 10: active=  0.00%  msgs=0           0 ns/msg
  dir 11: active=  0.00%  msgs=0           0 ns/msg
  dir 12: active=  0.00%  msgs=0           0 ns/msg
  dir 13: active=  0.00%  msgs=0           0 ns/msg
  dir 14: active=  0.00%  msgs=0           0 ns/msg
  dir 15: active=  0.00%  msgs=0           0 ns/msg
  AGGREGATE active = 0.00% (of 16 dir-threads; 0.00% per-thread avg)  msgs=0
[CPU compute ] process=  2.50% of 80 cores   system=  4.53%   (window 2s)
Success: tree root pointer value [1, 67129856]
Height = 5
Success: tree root pointer value [1, 67153920]
Height = 6
Success: tree root pointer value [1, 67202560]
Height = 7
Success: tree root pointer value [1, 67300352]
Height = 8
Success: tree root pointer value [1, 67496448]
Height = 9

----- REMOTE CPU LOAD (memory node dir-threads, 2s window) -----
  dir 0: active=  0.00%  msgs=0           0 ns/msg
  dir 1: active=  0.00%  msgs=0           0 ns/msg
  dir 2: active=  0.00%  msgs=0           0 ns/msg
  dir 3: active=  0.00%  msgs=0           0 ns/msg
  dir 4: active=  0.00%  msgs=0           0 ns/msg
  dir 5: active=  0.00%  msgs=0           0 ns/msg
  dir 6: active=  0.00%  msgs=0           0 ns/msg
  dir 7: active=  0.00%  msgs=0           0 ns/msg
  dir 8: active=  0.00%  msgs=0           0 ns/msg
  dir 9: active=  0.00%  msgs=0           0 ns/msg
  dir 10: active=  0.00%  msgs=0           0 ns/msg
  dir 11: active=  0.00%  msgs=0           0 ns/msg
  dir 12: active=  0.00%  msgs=0           0 ns/msg
  dir 13: active=  0.00%  msgs=0           0 ns/msg
  dir 14: active=  0.00%  msgs=0           0 ns/msg
  dir 15: active=  0.00%  msgs=0           0 ns/msg
  AGGREGATE active = 0.00% (of 16 dir-threads; 0.00% per-thread avg)  msgs=0
Success: tree root pointer value [1, 67889152]
Height = 10
Success: tree root pointer value [1, 68675072]
Height = 11
Success: tree root pointer value [1, 70247424]
Height = 12
Success: tree root pointer value [1, 73392640]
Height = 13
Success: tree root pointer value [1, 79683584]
Height = 14
Success: tree root pointer value [1, 92265984]
Height = 15
entering dynamic phase
Success: tree root pointer value [1, 4378844672]
Height = 16
Success: tree root pointer value [1, 8690589184]
Height = 17
[CPU compute ] process=  2.50% of 80 cores   system=  2.51%   (window 2s)

----- REMOTE CPU LOAD (memory node dir-threads, 2s window) -----
  dir 0: active=  0.00%  msgs=0           0 ns/msg
  dir 1: active=  0.00%  msgs=0           0 ns/msg
  dir 2: active=  0.00%  msgs=0           0 ns/msg
  dir 3: active=  0.00%  msgs=0           0 ns/msg
  dir 4: active=  0.00%  msgs=0           0 ns/msg
  dir 5: active=  0.00%  msgs=0           0 ns/msg
  dir 6: active=  0.00%  msgs=0           0 ns/msg
  dir 7: active=  0.00%  msgs=0           0 ns/msg
  dir 8: active=  0.00%  msgs=0           0 ns/msg
  dir 9: active=  0.00%  msgs=0           0 ns/msg
  dir 10: active=  0.00%  msgs=0           0 ns/msg
  dir 11: active=  0.00%  msgs=0           0 ns/msg
  dir 12: active=  0.00%  msgs=0           0 ns/msg
  dir 13: active=  0.00%  msgs=0           0 ns/msg
  dir 14: active=  0.00%  msgs=0           0 ns/msg
  dir 15: active=  0.00%  msgs=0           0 ns/msg
  AGGREGATE active = 0.00% (of 16 dir-threads; 0.00% per-thread avg)  msgs=0
Success: tree root pointer value [1, 21575492096]
Height = 18
[CPU compute ] process=  2.50% of 80 cores   system=  2.51%   (window 2s)

----- REMOTE CPU LOAD (memory node dir-threads, 2s window) -----
  dir 0: active=  0.00%  msgs=0           0 ns/msg
  dir 1: active=  0.00%  msgs=0           0 ns/msg
  dir 2: active=  0.00%  msgs=0           0 ns/msg
  dir 3: active=  0.00%  msgs=0           0 ns/msg
  dir 4: active=  0.00%  msgs=0           0 ns/msg
  dir 5: active=  0.00%  msgs=0           0 ns/msg
  dir 6: active=  0.00%  msgs=0           0 ns/msg
  dir 7: active=  0.00%  msgs=0           0 ns/msg
  dir 8: active=  0.00%  msgs=0           0 ns/msg
  dir 9: active=  0.00%  msgs=0           0 ns/msg
  dir 10: active=  0.00%  msgs=0           0 ns/msg
  dir 11: active=  0.00%  msgs=0           0 ns/msg
  dir 12: active=  0.00%  msgs=0           0 ns/msg
  dir 13: active=  0.00%  msgs=0           0 ns/msg
  dir 14: active=  0.00%  msgs=0           0 ns/msg
  dir 15: active=  0.00%  msgs=0           0 ns/msg
  AGGREGATE active = 0.00% (of 16 dir-threads; 0.00% per-thread avg)  msgs=0
Success: tree root pointer value [1, 47345298432]
Height = 19
[CPU compute ] process=  2.50% of 80 cores   system=  2.53%   (window 2s)

----- REMOTE CPU LOAD (memory node dir-threads, 2s window) -----
  dir 0: active=  0.00%  msgs=0           0 ns/msg
  dir 1: active=  0.00%  msgs=0           0 ns/msg
  dir 2: active=  0.00%  msgs=0           0 ns/msg
  dir 3: active=  0.00%  msgs=0           0 ns/msg
  dir 4: active=  0.00%  msgs=0           0 ns/msg
  dir 5: active=  0.00%  msgs=0           0 ns/msg
  dir 6: active=  0.00%  msgs=0           0 ns/msg
  dir 7: active=  0.00%  msgs=0           0 ns/msg
  dir 8: active=  0.00%  msgs=0           0 ns/msg
  dir 9: active=  0.00%  msgs=0           0 ns/msg
  dir 10: active=  0.00%  msgs=0           0 ns/msg
  dir 11: active=  0.00%  msgs=0           0 ns/msg
  dir 12: active=  0.00%  msgs=0           0 ns/msg
  dir 13: active=  0.00%  msgs=0           0 ns/msg
  dir 14: active=  0.00%  msgs=0           0 ns/msg
  dir 15: active=  0.00%  msgs=0           0 ns/msg
  AGGREGATE active = 0.00% (of 16 dir-threads; 0.00% per-thread avg)  msgs=0
[CPU compute ] process=  2.50% of 80 cores   system=  2.52%   (window 2s)

----- REMOTE CPU LOAD (memory node dir-threads, 2s window) -----
  dir 0: active=  0.00%  msgs=0           0 ns/msg
  dir 1: active=  0.00%  msgs=0           0 ns/msg
  dir 2: active=  0.00%  msgs=0           0 ns/msg
  dir 3: active=  0.00%  msgs=0           0 ns/msg
  dir 4: active=  0.00%  msgs=0           0 ns/msg
  dir 5: active=  0.00%  msgs=0           0 ns/msg
  dir 6: active=  0.00%  msgs=0           0 ns/msg
  dir 7: active=  0.00%  msgs=0           0 ns/msg
  dir 8: active=  0.00%  msgs=0           0 ns/msg
  dir 9: active=  0.00%  msgs=0           0 ns/msg
  dir 10: active=  0.00%  msgs=0           0 ns/msg
  dir 11: active=  0.00%  msgs=0           0 ns/msg
  dir 12: active=  0.00%  msgs=0           0 ns/msg
  dir 13: active=  0.00%  msgs=0           0 ns/msg
  dir 14: active=  0.00%  msgs=0           0 ns/msg
  dir 15: active=  0.00%  msgs=0           0 ns/msg
  AGGREGATE active = 0.00% (of 16 dir-threads; 0.00% per-thread avg)  msgs=0
[CPU compute ] process=  2.50% of 80 cores   system=  4.51%   (window 2s)

----- REMOTE CPU LOAD (memory node dir-threads, 2s window) -----
  dir 0: active=  0.00%  msgs=0           0 ns/msg
  dir 1: active=  0.00%  msgs=0           0 ns/msg
  dir 2: active=  0.00%  msgs=0           0 ns/msg
  dir 3: active=  0.00%  msgs=0           0 ns/msg
  dir 4: active=  0.00%  msgs=0           0 ns/msg
  dir 5: active=  0.00%  msgs=0           0 ns/msg
  dir 6: active=  0.00%  msgs=0           0 ns/msg
  dir 7: active=  0.00%  msgs=0           0 ns/msg
  dir 8: active=  0.00%  msgs=0           0 ns/msg
  dir 9: active=  0.00%  msgs=0           0 ns/msg
  dir 10: active=  0.00%  msgs=0           0 ns/msg
  dir 11: active=  0.00%  msgs=0           0 ns/msg
  dir 12: active=  0.00%  msgs=0           0 ns/msg
  dir 13: active=  0.00%  msgs=0           0 ns/msg
  dir 14: active=  0.00%  msgs=0           0 ns/msg
  dir 15: active=  0.00%  msgs=0           0 ns/msg
  AGGREGATE active = 0.00% (of 16 dir-threads; 0.00% per-thread avg)  msgs=0
Success: tree root pointer value [1, 34460402688]
Height = 20
[CPU compute ] process=  2.50% of 80 cores   system=  2.51%   (window 2s)

----- REMOTE CPU LOAD (memory node dir-threads, 2s window) -----
  dir 0: active=  0.00%  msgs=0           0 ns/msg
  dir 1: active=  0.00%  msgs=0           0 ns/msg
  dir 2: active=  0.00%  msgs=0           0 ns/msg
  dir 3: active=  0.00%  msgs=0           0 ns/msg
  dir 4: active=  0.00%  msgs=0           0 ns/msg
  dir 5: active=  0.00%  msgs=0           0 ns/msg
  dir 6: active=  0.00%  msgs=0           0 ns/msg
  dir 7: active=  0.00%  msgs=0           0 ns/msg
  dir 8: active=  0.00%  msgs=0           0 ns/msg
  dir 9: active=  0.00%  msgs=0           0 ns/msg
  dir 10: active=  0.00%  msgs=0           0 ns/msg
  dir 11: active=  0.00%  msgs=0           0 ns/msg
  dir 12: active=  0.00%  msgs=0           0 ns/msg
  dir 13: active=  0.00%  msgs=0           0 ns/msg
  dir 14: active=  0.00%  msgs=0           0 ns/msg
  dir 15: active=  0.00%  msgs=0           0 ns/msg
  AGGREGATE active = 0.00% (of 16 dir-threads; 0.00% per-thread avg)  msgs=0
[CPU compute ] process=  2.50% of 80 cores   system=  2.52%   (window 2s)

----- REMOTE CPU LOAD (memory node dir-threads, 2s window) -----
  dir 0: active=  0.00%  msgs=0           0 ns/msg
  dir 1: active=  0.00%  msgs=0           0 ns/msg
  dir 2: active=  0.00%  msgs=0           0 ns/msg
  dir 3: active=  0.00%  msgs=0           0 ns/msg
  dir 4: active=  0.00%  msgs=0           0 ns/msg
  dir 5: active=  0.00%  msgs=0           0 ns/msg
  dir 6: active=  0.00%  msgs=0           0 ns/msg
  dir 7: active=  0.00%  msgs=0           0 ns/msg
  dir 8: active=  0.00%  msgs=0           0 ns/msg
  dir 9: active=  0.00%  msgs=0           0 ns/msg
  dir 10: active=  0.00%  msgs=0           0 ns/msg
  dir 11: active=  0.00%  msgs=0           0 ns/msg
  dir 12: active=  0.00%  msgs=0           0 ns/msg
  dir 13: active=  0.00%  msgs=0           0 ns/msg
  dir 14: active=  0.00%  msgs=0           0 ns/msg
  dir 15: active=  0.00%  msgs=0           0 ns/msg
  AGGREGATE active = 0.00% (of 16 dir-threads; 0.00% per-thread avg)  msgs=0
[CPU compute ] process=  2.50% of 80 cores   system=  2.51%   (window 2s)

----- REMOTE CPU LOAD (memory node dir-threads, 2s window) -----
  dir 0: active=  0.00%  msgs=0           0 ns/msg
  dir 1: active=  0.00%  msgs=0           0 ns/msg
  dir 2: active=  0.00%  msgs=0           0 ns/msg
  dir 3: active=  0.00%  msgs=0           0 ns/msg
  dir 4: active=  0.00%  msgs=0           0 ns/msg
  dir 5: active=  0.00%  msgs=0           0 ns/msg
  dir 6: active=  0.00%  msgs=0           0 ns/msg
  dir 7: active=  0.00%  msgs=0           0 ns/msg
  dir 8: active=  0.00%  msgs=0           0 ns/msg
  dir 9: active=  0.00%  msgs=0           0 ns/msg
  dir 10: active=  0.00%  msgs=0           0 ns/msg
  dir 11: active=  0.00%  msgs=0           0 ns/msg
  dir 12: active=  0.00%  msgs=0           0 ns/msg
  dir 13: active=  0.00%  msgs=0           0 ns/msg
  dir 14: active=  0.00%  msgs=0           0 ns/msg
  dir 15: active=  0.00%  msgs=0           0 ns/msg
  AGGREGATE active = 0.00% (of 16 dir-threads; 0.00% per-thread avg)  msgs=0
[CPU compute ] process=  2.50% of 80 cores   system=  2.52%   (window 2s)

----- REMOTE CPU LOAD (memory node dir-threads, 2s window) -----
  dir 0: active=  0.00%  msgs=0           0 ns/msg
  dir 1: active=  0.00%  msgs=0           0 ns/msg
  dir 2: active=  0.00%  msgs=0           0 ns/msg
  dir 3: active=  0.00%  msgs=0           0 ns/msg
  dir 4: active=  0.00%  msgs=0           0 ns/msg
  dir 5: active=  0.00%  msgs=0           0 ns/msg
  dir 6: active=  0.00%  msgs=0           0 ns/msg
  dir 7: active=  0.00%  msgs=0           0 ns/msg
  dir 8: active=  0.00%  msgs=0           0 ns/msg
  dir 9: active=  0.00%  msgs=0           0 ns/msg
  dir 10: active=  0.00%  msgs=0           0 ns/msg
  dir 11: active=  0.00%  msgs=0           0 ns/msg
  dir 12: active=  0.00%  msgs=0           0 ns/msg
  dir 13: active=  0.00%  msgs=0           0 ns/msg
  dir 14: active=  0.00%  msgs=0           0 ns/msg
  dir 15: active=  0.00%  msgs=0           0 ns/msg
  AGGREGATE active = 0.00% (of 16 dir-threads; 0.00% per-thread avg)  msgs=0
[CPU compute ] process=  2.50% of 80 cores   system=  4.48%   (window 2s)

----- REMOTE CPU LOAD (memory node dir-threads, 2s window) -----
  dir 0: active=  0.00%  msgs=0           0 ns/msg
  dir 1: active=  0.00%  msgs=0           0 ns/msg
  dir 2: active=  0.00%  msgs=0           0 ns/msg
  dir 3: active=  0.00%  msgs=0           0 ns/msg
  dir 4: active=  0.00%  msgs=0           0 ns/msg
  dir 5: active=  0.00%  msgs=0           0 ns/msg
  dir 6: active=  0.00%  msgs=0           0 ns/msg
  dir 7: active=  0.00%  msgs=0           0 ns/msg
  dir 8: active=  0.00%  msgs=0           0 ns/msg
  dir 9: active=  0.00%  msgs=0           0 ns/msg
  dir 10: active=  0.00%  msgs=0           0 ns/msg
  dir 11: active=  0.00%  msgs=0           0 ns/msg
  dir 12: active=  0.00%  msgs=0           0 ns/msg
  dir 13: active=  0.00%  msgs=0           0 ns/msg
  dir 14: active=  0.00%  msgs=0           0 ns/msg
  dir 15: active=  0.00%  msgs=0           0 ns/msg
  AGGREGATE active = 0.00% (of 16 dir-threads; 0.00% per-thread avg)  msgs=0
Success: tree root pointer value [1, 167784960]
Height = 21
[CPU compute ] process=  2.50% of 80 cores   system=  2.52%   (window 2s)

----- REMOTE CPU LOAD (memory node dir-threads, 2s window) -----
  dir 0: active=  0.00%  msgs=0           0 ns/msg
  dir 1: active=  0.00%  msgs=0           0 ns/msg
  dir 2: active=  0.00%  msgs=0           0 ns/msg
  dir 3: active=  0.00%  msgs=0           0 ns/msg
  dir 4: active=  0.00%  msgs=0           0 ns/msg
  dir 5: active=  0.00%  msgs=0           0 ns/msg
  dir 6: active=  0.00%  msgs=0           0 ns/msg
  dir 7: active=  0.00%  msgs=0           0 ns/msg
  dir 8: active=  0.00%  msgs=0           0 ns/msg
  dir 9: active=  0.00%  msgs=0           0 ns/msg
  dir 10: active=  0.00%  msgs=0           0 ns/msg
  dir 11: active=  0.00%  msgs=0           0 ns/msg
  dir 12: active=  0.00%  msgs=0           0 ns/msg
  dir 13: active=  0.00%  msgs=0           0 ns/msg
  dir 14: active=  0.00%  msgs=0           0 ns/msg
  dir 15: active=  0.00%  msgs=0           0 ns/msg
  AGGREGATE active = 0.00% (of 16 dir-threads; 0.00% per-thread avg)  msgs=0
[CPU compute ] process=  2.50% of 80 cores   system=  2.51%   (window 2s)

----- REMOTE CPU LOAD (memory node dir-threads, 2s window) -----
  dir 0: active=  0.00%  msgs=0           0 ns/msg
  dir 1: active=  0.00%  msgs=0           0 ns/msg
  dir 2: active=  0.00%  msgs=0           0 ns/msg
  dir 3: active=  0.00%  msgs=0           0 ns/msg
  dir 4: active=  0.00%  msgs=0           0 ns/msg
  dir 5: active=  0.00%  msgs=0           0 ns/msg
  dir 6: active=  0.00%  msgs=0           0 ns/msg
  dir 7: active=  0.00%  msgs=0           0 ns/msg
  dir 8: active=  0.00%  msgs=0           0 ns/msg
  dir 9: active=  0.00%  msgs=0           0 ns/msg
  dir 10: active=  0.00%  msgs=0           0 ns/msg
  dir 11: active=  0.00%  msgs=0           0 ns/msg
  dir 12: active=  0.00%  msgs=0           0 ns/msg
  dir 13: active=  0.00%  msgs=0           0 ns/msg
  dir 14: active=  0.00%  msgs=0           0 ns/msg
  dir 15: active=  0.00%  msgs=0           0 ns/msg
  AGGREGATE active = 0.00% (of 16 dir-threads; 0.00% per-thread avg)  msgs=0
[CPU compute ] process=  2.50% of 80 cores   system=  2.52%   (window 2s)

----- REMOTE CPU LOAD (memory node dir-threads, 2s window) -----
  dir 0: active=  0.00%  msgs=0           0 ns/msg
  dir 1: active=  0.00%  msgs=0           0 ns/msg
  dir 2: active=  0.00%  msgs=0           0 ns/msg
  dir 3: active=  0.00%  msgs=0           0 ns/msg
  dir 4: active=  0.00%  msgs=0           0 ns/msg
  dir 5: active=  0.00%  msgs=0           0 ns/msg
  dir 6: active=  0.00%  msgs=0           0 ns/msg
  dir 7: active=  0.00%  msgs=0           0 ns/msg
  dir 8: active=  0.00%  msgs=0           0 ns/msg
  dir 9: active=  0.00%  msgs=0           0 ns/msg
  dir 10: active=  0.00%  msgs=0           0 ns/msg
  dir 11: active=  0.00%  msgs=0           0 ns/msg
  dir 12: active=  0.00%  msgs=0           0 ns/msg
  dir 13: active=  0.00%  msgs=0           0 ns/msg
  dir 14: active=  0.00%  msgs=0           0 ns/msg
  dir 15: active=  0.00%  msgs=0           0 ns/msg
  AGGREGATE active = 0.00% (of 16 dir-threads; 0.00% per-thread avg)  msgs=0
[CPU compute ] process=  2.50% of 80 cores   system=  2.51%   (window 2s)

----- REMOTE CPU LOAD (memory node dir-threads, 2s window) -----
  dir 0: active=  0.00%  msgs=0           0 ns/msg
  dir 1: active=  0.00%  msgs=0           0 ns/msg
  dir 2: active=  0.00%  msgs=0           0 ns/msg
  dir 3: active=  0.00%  msgs=0           0 ns/msg
  dir 4: active=  0.00%  msgs=0           0 ns/msg
  dir 5: active=  0.00%  msgs=0           0 ns/msg
  dir 6: active=  0.00%  msgs=0           0 ns/msg
  dir 7: active=  0.00%  msgs=0           0 ns/msg
  dir 8: active=  0.00%  msgs=0           0 ns/msg
  dir 9: active=  0.00%  msgs=0           0 ns/msg
  dir 10: active=  0.00%  msgs=0           0 ns/msg
  dir 11: active=  0.00%  msgs=0           0 ns/msg
  dir 12: active=  0.00%  msgs=0           0 ns/msg
  dir 13: active=  0.00%  msgs=0           0 ns/msg
  dir 14: active=  0.00%  msgs=0           0 ns/msg
  dir 15: active=  0.00%  msgs=0           0 ns/msg
  AGGREGATE active = 0.00% (of 16 dir-threads; 0.00% per-thread avg)  msgs=0
[CPU compute ] process=  2.50% of 80 cores   system=  4.42%   (window 2s)

----- REMOTE CPU LOAD (memory node dir-threads, 2s window) -----
  dir 0: active=  0.00%  msgs=0           0 ns/msg
  dir 1: active=  0.00%  msgs=0           0 ns/msg
  dir 2: active=  0.00%  msgs=0           0 ns/msg
  dir 3: active=  0.00%  msgs=0           0 ns/msg
  dir 4: active=  0.00%  msgs=0           0 ns/msg
  dir 5: active=  0.00%  msgs=0           0 ns/msg
  dir 6: active=  0.00%  msgs=0           0 ns/msg
  dir 7: active=  0.00%  msgs=0           0 ns/msg
  dir 8: active=  0.00%  msgs=0           0 ns/msg
  dir 9: active=  0.00%  msgs=0           0 ns/msg
  dir 10: active=  0.00%  msgs=0           0 ns/msg
  dir 11: active=  0.00%  msgs=0           0 ns/msg
  dir 12: active=  0.00%  msgs=0           0 ns/msg
  dir 13: active=  0.00%  msgs=0           0 ns/msg
  dir 14: active=  0.00%  msgs=0           0 ns/msg
  dir 15: active=  0.00%  msgs=0           0 ns/msg
  AGGREGATE active = 0.00% (of 16 dir-threads; 0.00% per-thread avg)  msgs=0
[CPU compute ] process=  2.50% of 80 cores   system=  2.51%   (window 2s)

----- REMOTE CPU LOAD (memory node dir-threads, 2s window) -----
  dir 0: active=  0.00%  msgs=0           0 ns/msg
  dir 1: active=  0.00%  msgs=0           0 ns/msg
  dir 2: active=  0.00%  msgs=0           0 ns/msg
  dir 3: active=  0.00%  msgs=0           0 ns/msg
  dir 4: active=  0.00%  msgs=0           0 ns/msg
  dir 5: active=  0.00%  msgs=0           0 ns/msg
  dir 6: active=  0.00%  msgs=0           0 ns/msg
  dir 7: active=  0.00%  msgs=0           0 ns/msg
  dir 8: active=  0.00%  msgs=0           0 ns/msg
  dir 9: active=  0.00%  msgs=0           0 ns/msg
  dir 10: active=  0.00%  msgs=0           0 ns/msg
  dir 11: active=  0.00%  msgs=0           0 ns/msg
  dir 12: active=  0.00%  msgs=0           0 ns/msg
  dir 13: active=  0.00%  msgs=0           0 ns/msg
  dir 14: active=  0.00%  msgs=0           0 ns/msg
  dir 15: active=  0.00%  msgs=0           0 ns/msg
  AGGREGATE active = 0.00% (of 16 dir-threads; 0.00% per-thread avg)  msgs=0
[CPU compute ] process=  2.50% of 80 cores   system=  2.51%   (window 2s)

----- REMOTE CPU LOAD (memory node dir-threads, 2s window) -----
  dir 0: active=  0.00%  msgs=0           0 ns/msg
  dir 1: active=  0.00%  msgs=0           0 ns/msg
  dir 2: active=  0.00%  msgs=0           0 ns/msg
  dir 3: active=  0.00%  msgs=0           0 ns/msg
  dir 4: active=  0.00%  msgs=0           0 ns/msg
  dir 5: active=  0.00%  msgs=0           0 ns/msg
  dir 6: active=  0.00%  msgs=0           0 ns/msg
  dir 7: active=  0.00%  msgs=0           0 ns/msg
  dir 8: active=  0.00%  msgs=0           0 ns/msg
  dir 9: active=  0.00%  msgs=0           0 ns/msg
  dir 10: active=  0.00%  msgs=0           0 ns/msg
  dir 11: active=  0.00%  msgs=0           0 ns/msg
  dir 12: active=  0.00%  msgs=0           0 ns/msg
  dir 13: active=  0.00%  msgs=0           0 ns/msg
  dir 14: active=  0.00%  msgs=0           0 ns/msg
  dir 15: active=  0.00%  msgs=0           0 ns/msg
  AGGREGATE active = 0.00% (of 16 dir-threads; 0.00% per-thread avg)  msgs=0
[CPU compute ] process=  2.50% of 80 cores   system=  2.53%   (window 2s)

----- REMOTE CPU LOAD (memory node dir-threads, 2s window) -----
  dir 0: active=  0.00%  msgs=0           0 ns/msg
  dir 1: active=  0.00%  msgs=0           0 ns/msg
  dir 2: active=  0.00%  msgs=0           0 ns/msg
  dir 3: active=  0.00%  msgs=0           0 ns/msg
  dir 4: active=  0.00%  msgs=0           0 ns/msg
  dir 5: active=  0.00%  msgs=0           0 ns/msg
  dir 6: active=  0.00%  msgs=0           0 ns/msg
  dir 7: active=  0.00%  msgs=0           0 ns/msg
  dir 8: active=  0.00%  msgs=0           0 ns/msg
  dir 9: active=  0.00%  msgs=0           0 ns/msg
  dir 10: active=  0.00%  msgs=0           0 ns/msg
  dir 11: active=  0.00%  msgs=0           0 ns/msg
  dir 12: active=  0.00%  msgs=0           0 ns/msg
  dir 13: active=  0.00%  msgs=0           0 ns/msg
  dir 14: active=  0.00%  msgs=0           0 ns/msg
  dir 15: active=  0.00%  msgs=0           0 ns/msg
  AGGREGATE active = 0.00% (of 16 dir-threads; 0.00% per-thread avg)  msgs=0
[CPU compute ] process=  2.50% of 80 cores   system=  2.52%   (window 2s)

----- REMOTE CPU LOAD (memory node dir-threads, 2s window) -----
  dir 0: active=  0.00%  msgs=0           0 ns/msg
  dir 1: active=  0.00%  msgs=0           0 ns/msg
  dir 2: active=  0.00%  msgs=0           0 ns/msg
  dir 3: active=  0.00%  msgs=0           0 ns/msg
  dir 4: active=  0.00%  msgs=0           0 ns/msg
  dir 5: active=  0.00%  msgs=0           0 ns/msg
  dir 6: active=  0.00%  msgs=0           0 ns/msg
  dir 7: active=  0.00%  msgs=0           0 ns/msg
  dir 8: active=  0.00%  msgs=0           0 ns/msg
  dir 9: active=  0.00%  msgs=0           0 ns/msg
  dir 10: active=  0.00%  msgs=0           0 ns/msg
  dir 11: active=  0.00%  msgs=0           0 ns/msg
  dir 12: active=  0.00%  msgs=0           0 ns/msg
  dir 13: active=  0.00%  msgs=0           0 ns/msg
  dir 14: active=  0.00%  msgs=0           0 ns/msg
  dir 15: active=  0.00%  msgs=0           0 ns/msg
  AGGREGATE active = 0.00% (of 16 dir-threads; 0.00% per-thread avg)  msgs=0
[CPU compute ] process=  2.50% of 80 cores   system=  3.86%   (window 2s)

----- REMOTE CPU LOAD (memory node dir-threads, 2s window) -----
  dir 0: active=  0.00%  msgs=0           0 ns/msg
  dir 1: active=  0.00%  msgs=0           0 ns/msg
  dir 2: active=  0.00%  msgs=0           0 ns/msg
  dir 3: active=  0.00%  msgs=0           0 ns/msg
  dir 4: active=  0.00%  msgs=0           0 ns/msg
  dir 5: active=  0.00%  msgs=0           0 ns/msg
  dir 6: active=  0.00%  msgs=0           0 ns/msg
  dir 7: active=  0.00%  msgs=0           0 ns/msg
  dir 8: active=  0.00%  msgs=0           0 ns/msg
  dir 9: active=  0.00%  msgs=0           0 ns/msg
  dir 10: active=  0.00%  msgs=0           0 ns/msg
  dir 11: active=  0.00%  msgs=0           0 ns/msg
  dir 12: active=  0.00%  msgs=0           0 ns/msg
  dir 13: active=  0.00%  msgs=0           0 ns/msg
  dir 14: active=  0.00%  msgs=0           0 ns/msg
  dir 15: active=  0.00%  msgs=0           0 ns/msg
  AGGREGATE active = 0.00% (of 16 dir-threads; 0.00% per-thread avg)  msgs=0
[CPU compute ] process=  2.50% of 80 cores   system=  3.10%   (window 2s)

----- REMOTE CPU LOAD (memory node dir-threads, 2s window) -----
  dir 0: active=  0.00%  msgs=0           0 ns/msg
  dir 1: active=  0.00%  msgs=0           0 ns/msg
  dir 2: active=  0.00%  msgs=0           0 ns/msg
  dir 3: active=  0.00%  msgs=0           0 ns/msg
  dir 4: active=  0.00%  msgs=0           0 ns/msg
  dir 5: active=  0.00%  msgs=0           0 ns/msg
  dir 6: active=  0.00%  msgs=0           0 ns/msg
  dir 7: active=  0.00%  msgs=0           0 ns/msg
  dir 8: active=  0.00%  msgs=0           0 ns/msg
  dir 9: active=  0.00%  msgs=0           0 ns/msg
  dir 10: active=  0.00%  msgs=0           0 ns/msg
  dir 11: active=  0.00%  msgs=0           0 ns/msg
  dir 12: active=  0.00%  msgs=0           0 ns/msg
  dir 13: active=  0.00%  msgs=0           0 ns/msg
  dir 14: active=  0.00%  msgs=0           0 ns/msg
  dir 15: active=  0.00%  msgs=0           0 ns/msg
  AGGREGATE active = 0.00% (of 16 dir-threads; 0.00% per-thread avg)  msgs=0
Success: tree root pointer value [1, 268472320]
Height = 22
[CPU compute ] process=  2.50% of 80 cores   system=  2.51%   (window 2s)

----- REMOTE CPU LOAD (memory node dir-threads, 2s window) -----
  dir 0: active=  0.00%  msgs=0           0 ns/msg
  dir 1: active=  0.00%  msgs=0           0 ns/msg
  dir 2: active=  0.00%  msgs=0           0 ns/msg
  dir 3: active=  0.00%  msgs=0           0 ns/msg
  dir 4: active=  0.00%  msgs=0           0 ns/msg
  dir 5: active=  0.00%  msgs=0           0 ns/msg
  dir 6: active=  0.00%  msgs=0           0 ns/msg
  dir 7: active=  0.00%  msgs=0           0 ns/msg
  dir 8: active=  0.00%  msgs=0           0 ns/msg
  dir 9: active=  0.00%  msgs=0           0 ns/msg
  dir 10: active=  0.00%  msgs=0           0 ns/msg
  dir 11: active=  0.00%  msgs=0           0 ns/msg
  dir 12: active=  0.00%  msgs=0           0 ns/msg
  dir 13: active=  0.00%  msgs=0           0 ns/msg
  dir 14: active=  0.00%  msgs=0           0 ns/msg
  dir 15: active=  0.00%  msgs=0           0 ns/msg
  AGGREGATE active = 0.00% (of 16 dir-threads; 0.00% per-thread avg)  msgs=0
[CPU compute ] process=  2.50% of 80 cores   system=  2.52%   (window 2s)

----- REMOTE CPU LOAD (memory node dir-threads, 2s window) -----
  dir 0: active=  0.00%  msgs=0           0 ns/msg
  dir 1: active=  0.00%  msgs=0           0 ns/msg
  dir 2: active=  0.00%  msgs=0           0 ns/msg
  dir 3: active=  0.00%  msgs=0           0 ns/msg
  dir 4: active=  0.00%  msgs=0           0 ns/msg
  dir 5: active=  0.00%  msgs=0           0 ns/msg
  dir 6: active=  0.00%  msgs=0           0 ns/msg
  dir 7: active=  0.00%  msgs=0           0 ns/msg
  dir 8: active=  0.00%  msgs=0           0 ns/msg
  dir 9: active=  0.00%  msgs=0           0 ns/msg
  dir 10: active=  0.00%  msgs=0           0 ns/msg
  dir 11: active=  0.00%  msgs=0           0 ns/msg
  dir 12: active=  0.00%  msgs=0           0 ns/msg
  dir 13: active=  0.00%  msgs=0           0 ns/msg
  dir 14: active=  0.00%  msgs=0           0 ns/msg
  dir 15: active=  0.00%  msgs=0           0 ns/msg
  AGGREGATE active = 0.00% (of 16 dir-threads; 0.00% per-thread avg)  msgs=0
[CPU compute ] process=  2.50% of 80 cores   system=  2.52%   (window 2s)

----- REMOTE CPU LOAD (memory node dir-threads, 2s window) -----
  dir 0: active=  0.00%  msgs=0           0 ns/msg
  dir 1: active=  0.00%  msgs=0           0 ns/msg
  dir 2: active=  0.00%  msgs=0           0 ns/msg
  dir 3: active=  0.00%  msgs=0           0 ns/msg
  dir 4: active=  0.00%  msgs=0           0 ns/msg
  dir 5: active=  0.00%  msgs=0           0 ns/msg
  dir 6: active=  0.00%  msgs=0           0 ns/msg
  dir 7: active=  0.00%  msgs=0           0 ns/msg
  dir 8: active=  0.00%  msgs=0           0 ns/msg
  dir 9: active=  0.00%  msgs=0           0 ns/msg
  dir 10: active=  0.00%  msgs=0           0 ns/msg
  dir 11: active=  0.00%  msgs=0           0 ns/msg
  dir 12: active=  0.00%  msgs=0           0 ns/msg
  dir 13: active=  0.00%  msgs=0           0 ns/msg
  dir 14: active=  0.00%  msgs=0           0 ns/msg
  dir 15: active=  0.00%  msgs=0           0 ns/msg
  AGGREGATE active = 0.00% (of 16 dir-threads; 0.00% per-thread avg)  msgs=0
[CPU compute ] process=  2.50% of 80 cores   system=  2.51%   (window 2s)

----- REMOTE CPU LOAD (memory node dir-threads, 2s window) -----
  dir 0: active=  0.00%  msgs=0           0 ns/msg
  dir 1: active=  0.00%  msgs=0           0 ns/msg
  dir 2: active=  0.00%  msgs=0           0 ns/msg
  dir 3: active=  0.00%  msgs=0           0 ns/msg
  dir 4: active=  0.00%  msgs=0           0 ns/msg
  dir 5: active=  0.00%  msgs=0           0 ns/msg
  dir 6: active=  0.00%  msgs=0           0 ns/msg
  dir 7: active=  0.00%  msgs=0           0 ns/msg
  dir 8: active=  0.00%  msgs=0           0 ns/msg
  dir 9: active=  0.00%  msgs=0           0 ns/msg
  dir 10: active=  0.00%  msgs=0           0 ns/msg
  dir 11: active=  0.00%  msgs=0           0 ns/msg
  dir 12: active=  0.00%  msgs=0           0 ns/msg
  dir 13: active=  0.00%  msgs=0           0 ns/msg
  dir 14: active=  0.00%  msgs=0           0 ns/msg
  dir 15: active=  0.00%  msgs=0           0 ns/msg
  AGGREGATE active = 0.00% (of 16 dir-threads; 0.00% per-thread avg)  msgs=0
[CPU compute ] process=  2.50% of 80 cores   system=  4.47%   (window 2s)

----- REMOTE CPU LOAD (memory node dir-threads, 2s window) -----
  dir 0: active=  0.00%  msgs=0           0 ns/msg
  dir 1: active=  0.00%  msgs=0           0 ns/msg
  dir 2: active=  0.00%  msgs=0           0 ns/msg
  dir 3: active=  0.00%  msgs=0           0 ns/msg
  dir 4: active=  0.00%  msgs=0           0 ns/msg
  dir 5: active=  0.00%  msgs=0           0 ns/msg
  dir 6: active=  0.00%  msgs=0           0 ns/msg
  dir 7: active=  0.00%  msgs=0           0 ns/msg
  dir 8: active=  0.00%  msgs=0           0 ns/msg
  dir 9: active=  0.00%  msgs=0           0 ns/msg
  dir 10: active=  0.00%  msgs=0           0 ns/msg
  dir 11: active=  0.00%  msgs=0           0 ns/msg
  dir 12: active=  0.00%  msgs=0           0 ns/msg
  dir 13: active=  0.00%  msgs=0           0 ns/msg
  dir 14: active=  0.00%  msgs=0           0 ns/msg
  dir 15: active=  0.00%  msgs=0           0 ns/msg
  AGGREGATE active = 0.00% (of 16 dir-threads; 0.00% per-thread avg)  msgs=0
#leaf nodes = 3846153
leaf size(MB) = 1878
#inner nodes = 3846104
inner size(MB) = 1877.98
Tree height = 22
Cache capacity = 65536
max. leaf entries = 26
max. inner entries = 5
Inner page size = 160
Leaf page size = 512
node 0 finish its bulkload
[CPU compute ] process=  2.50% of 80 cores   system=  2.53%   (window 2s)

----- REMOTE CPU LOAD (memory node dir-threads, 2s window) -----
  dir 0: active=  0.00%  msgs=0           0 ns/msg
  dir 1: active=  0.00%  msgs=0           0 ns/msg
  dir 2: active=  0.00%  msgs=0           0 ns/msg
  dir 3: active=  0.00%  msgs=0           0 ns/msg
  dir 4: active=  0.00%  msgs=0           0 ns/msg
  dir 5: active=  0.00%  msgs=0           0 ns/msg
  dir 6: active=  0.00%  msgs=0           0 ns/msg
  dir 7: active=  0.00%  msgs=0           0 ns/msg
  dir 8: active=  0.00%  msgs=0           0 ns/msg
  dir 9: active=  0.00%  msgs=0           0 ns/msg
  dir 10: active=  0.00%  msgs=0           0 ns/msg
  dir 11: active=  0.00%  msgs=0           0 ns/msg
  dir 12: active=  0.00%  msgs=0           0 ns/msg
  dir 13: active=  0.00%  msgs=0           0 ns/msg
  dir 14: active=  0.00%  msgs=0           0 ns/msg
  dir 15: active=  0.00%  msgs=0           0 ns/msg
  AGGREGATE active = 0.00% (of 16 dir-threads; 0.00% per-thread avg)  msgs=0
IMPORTANT: my root is 17594601963521
0 is ready for the benchmark
I am 0
Fetched new height = 22
I am 4
I am 12
I am 20
I am 13
I am 10
I am 6
I am 11
I am 5
I am 2
I am 7
I am 1
I am 9
I am 27
I am 17
I am 28
I am 8
I am 29
I am 30
I am 35
I am 15
I am 23
I am 14
I am 33
I am 32
I am 22
I am 26
I am 31
I am 16
I am 19
I am 18
I am 34
I am 21
I am 24
I am 25
I am 3
entering dynamic phase
[CPU compute ] process= 43.60% of 80 cores   system= 43.64%   (window 2s)

----- REMOTE CPU LOAD (memory node dir-threads, 2s window) -----
  dir 0: active=  0.00%  msgs=0           0 ns/msg
  dir 1: active=  0.00%  msgs=0           0 ns/msg
  dir 2: active=  0.00%  msgs=0           0 ns/msg
  dir 3: active=  0.00%  msgs=0           0 ns/msg
  dir 4: active=  0.00%  msgs=0           0 ns/msg
  dir 5: active=  0.00%  msgs=0           0 ns/msg
  dir 6: active=  0.00%  msgs=0           0 ns/msg
  dir 7: active=  0.00%  msgs=0           0 ns/msg
  dir 8: active=  0.00%  msgs=0           0 ns/msg
  dir 9: active=  0.00%  msgs=0           0 ns/msg
  dir 10: active=  0.00%  msgs=0           0 ns/msg
  dir 11: active=  0.00%  msgs=0           0 ns/msg
  dir 12: active=  0.00%  msgs=0           0 ns/msg
  dir 13: active=  0.00%  msgs=0           0 ns/msg
  dir 14: active=  0.00%  msgs=0           0 ns/msg
  dir 15: active=  0.00%  msgs=0           0 ns/msg
  AGGREGATE active = 0.00% (of 16 dir-threads; 0.00% per-thread avg)  msgs=0
[CPU compute ] process= 46.25% of 80 cores   system= 46.27%   (window 2s)

----- REMOTE CPU LOAD (memory node dir-threads, 2s window) -----
  dir 0: active=  0.00%  msgs=0           0 ns/msg
  dir 1: active=  0.00%  msgs=0           0 ns/msg
  dir 2: active=  0.00%  msgs=0           0 ns/msg
  dir 3: active=  0.00%  msgs=0           0 ns/msg
  dir 4: active=  0.00%  msgs=0           0 ns/msg
  dir 5: active=  0.00%  msgs=0           0 ns/msg
  dir 6: active=  0.00%  msgs=0           0 ns/msg
  dir 7: active=  0.00%  msgs=0           0 ns/msg
  dir 8: active=  0.00%  msgs=0           0 ns/msg
  dir 9: active=  0.00%  msgs=0           0 ns/msg
  dir 10: active=  0.00%  msgs=0           0 ns/msg
  dir 11: active=  0.00%  msgs=0           0 ns/msg
  dir 12: active=  0.00%  msgs=0           0 ns/msg
  dir 13: active=  0.00%  msgs=0           0 ns/msg
  dir 14: active=  0.00%  msgs=0           0 ns/msg
  dir 15: active=  0.00%  msgs=0           0 ns/msg
  AGGREGATE active = 0.00% (of 16 dir-threads; 0.00% per-thread avg)  msgs=0
[CPU compute ] process= 46.25% of 80 cores   system= 46.28%   (window 2s)

----- REMOTE CPU LOAD (memory node dir-threads, 2s window) -----
  dir 0: active=  0.00%  msgs=0           0 ns/msg
  dir 1: active=  0.00%  msgs=0           0 ns/msg
  dir 2: active=  0.00%  msgs=0           0 ns/msg
  dir 3: active=  0.00%  msgs=0           0 ns/msg
  dir 4: active=  0.00%  msgs=0           0 ns/msg
  dir 5: active=  0.00%  msgs=0           0 ns/msg
  dir 6: active=  0.00%  msgs=0           0 ns/msg
  dir 7: active=  0.00%  msgs=0           0 ns/msg
  dir 8: active=  0.00%  msgs=0           0 ns/msg
  dir 9: active=  0.00%  msgs=0           0 ns/msg
  dir 10: active=  0.00%  msgs=0           0 ns/msg
  dir 11: active=  0.00%  msgs=0           0 ns/msg
  dir 12: active=  0.00%  msgs=0           0 ns/msg
  dir 13: active=  0.00%  msgs=0           0 ns/msg
  dir 14: active=  0.00%  msgs=0           0 ns/msg
  dir 15: active=  0.00%  msgs=0           0 ns/msg
  AGGREGATE active = 0.00% (of 16 dir-threads; 0.00% per-thread avg)  msgs=0
[CPU compute ] process= 46.25% of 80 cores   system= 47.43%   (window 2s)

----- REMOTE CPU LOAD (memory node dir-threads, 2s window) -----
  dir 0: active=  0.00%  msgs=0           0 ns/msg
  dir 1: active=  0.00%  msgs=0           0 ns/msg
  dir 2: active=  0.00%  msgs=0           0 ns/msg
  dir 3: active=  0.00%  msgs=0           0 ns/msg
  dir 4: active=  0.00%  msgs=0           0 ns/msg
  dir 5: active=  0.00%  msgs=0           0 ns/msg
  dir 6: active=  0.00%  msgs=0           0 ns/msg
  dir 7: active=  0.00%  msgs=0           0 ns/msg
  dir 8: active=  0.00%  msgs=0           0 ns/msg
  dir 9: active=  0.00%  msgs=0           0 ns/msg
  dir 10: active=  0.00%  msgs=0           0 ns/msg
  dir 11: active=  0.00%  msgs=0           0 ns/msg
  dir 12: active=  0.00%  msgs=0           0 ns/msg
  dir 13: active=  0.00%  msgs=0           0 ns/msg
  dir 14: active=  0.00%  msgs=0           0 ns/msg
  dir 15: active=  0.00%  msgs=0           0 ns/msg
  AGGREGATE active = 0.00% (of 16 dir-threads; 0.00% per-thread avg)  msgs=0
[CPU compute ] process= 46.25% of 80 cores   system= 46.27%   (window 2s)

----- REMOTE CPU LOAD (memory node dir-threads, 2s window) -----
  dir 0: active=  0.00%  msgs=0           0 ns/msg
  dir 1: active=  0.00%  msgs=0           0 ns/msg
  dir 2: active=  0.00%  msgs=0           0 ns/msg
  dir 3: active=  0.00%  msgs=0           0 ns/msg
  dir 4: active=  0.00%  msgs=0           0 ns/msg
  dir 5: active=  0.00%  msgs=0           0 ns/msg
  dir 6: active=  0.00%  msgs=0           0 ns/msg
  dir 7: active=  0.00%  msgs=0           0 ns/msg
  dir 8: active=  0.00%  msgs=0           0 ns/msg
  dir 9: active=  0.00%  msgs=0           0 ns/msg
  dir 10: active=  0.00%  msgs=0           0 ns/msg
  dir 11: active=  0.00%  msgs=0           0 ns/msg
  dir 12: active=  0.00%  msgs=0           0 ns/msg
  dir 13: active=  0.00%  msgs=0           0 ns/msg
  dir 14: active=  0.00%  msgs=0           0 ns/msg
  dir 15: active=  0.00%  msgs=0           0 ns/msg
  AGGREGATE active = 0.00% (of 16 dir-threads; 0.00% per-thread avg)  msgs=0
[CPU compute ] process= 46.24% of 80 cores   system= 46.28%   (window 2s)

----- REMOTE CPU LOAD (memory node dir-threads, 2s window) -----
  dir 0: active=  0.00%  msgs=0           0 ns/msg
  dir 1: active=  0.00%  msgs=0           0 ns/msg
  dir 2: active=  0.00%  msgs=0           0 ns/msg
  dir 3: active=  0.00%  msgs=0           0 ns/msg
  dir 4: active=  0.00%  msgs=0           0 ns/msg
  dir 5: active=  0.00%  msgs=0           0 ns/msg
  dir 6: active=  0.00%  msgs=0           0 ns/msg
  dir 7: active=  0.00%  msgs=0           0 ns/msg
  dir 8: active=  0.00%  msgs=0           0 ns/msg
  dir 9: active=  0.00%  msgs=0           0 ns/msg
  dir 10: active=  0.00%  msgs=0           0 ns/msg
  dir 11: active=  0.00%  msgs=0           0 ns/msg
  dir 12: active=  0.00%  msgs=0           0 ns/msg
  dir 13: active=  0.00%  msgs=0           0 ns/msg
  dir 14: active=  0.00%  msgs=0           0 ns/msg
  dir 15: active=  0.00%  msgs=0           0 ns/msg
  AGGREGATE active = 0.00% (of 16 dir-threads; 0.00% per-thread avg)  msgs=0
[CPU compute ] process= 46.26% of 80 cores   system= 46.29%   (window 2s)

----- REMOTE CPU LOAD (memory node dir-threads, 2s window) -----
  dir 0: active=  0.00%  msgs=0           0 ns/msg
  dir 1: active=  0.00%  msgs=0           0 ns/msg
  dir 2: active=  0.00%  msgs=0           0 ns/msg
  dir 3: active=  0.00%  msgs=0           0 ns/msg
  dir 4: active=  0.00%  msgs=0           0 ns/msg
  dir 5: active=  0.00%  msgs=0           0 ns/msg
  dir 6: active=  0.00%  msgs=0           0 ns/msg
  dir 7: active=  0.00%  msgs=0           0 ns/msg
  dir 8: active=  0.00%  msgs=0           0 ns/msg
  dir 9: active=  0.00%  msgs=0           0 ns/msg
  dir 10: active=  0.00%  msgs=0           0 ns/msg
  dir 11: active=  0.00%  msgs=0           0 ns/msg
  dir 12: active=  0.00%  msgs=0           0 ns/msg
  dir 13: active=  0.00%  msgs=0           0 ns/msg
  dir 14: active=  0.00%  msgs=0           0 ns/msg
  dir 15: active=  0.00%  msgs=0           0 ns/msg
  AGGREGATE active = 0.00% (of 16 dir-threads; 0.00% per-thread avg)  msgs=0
[CPU compute ] process= 46.25% of 80 cores   system= 46.27%   (window 2s)

----- REMOTE CPU LOAD (memory node dir-threads, 2s window) -----
  dir 0: active=  0.00%  msgs=0           0 ns/msg
  dir 1: active=  0.00%  msgs=0           0 ns/msg
  dir 2: active=  0.00%  msgs=0           0 ns/msg
  dir 3: active=  0.00%  msgs=0           0 ns/msg
  dir 4: active=  0.00%  msgs=0           0 ns/msg
  dir 5: active=  0.00%  msgs=0           0 ns/msg
  dir 6: active=  0.00%  msgs=0           0 ns/msg
  dir 7: active=  0.00%  msgs=0           0 ns/msg
  dir 8: active=  0.00%  msgs=0           0 ns/msg
  dir 9: active=  0.00%  msgs=0           0 ns/msg
  dir 10: active=  0.00%  msgs=0           0 ns/msg
  dir 11: active=  0.00%  msgs=0           0 ns/msg
  dir 12: active=  0.00%  msgs=0           0 ns/msg
  dir 13: active=  0.00%  msgs=0           0 ns/msg
  dir 14: active=  0.00%  msgs=0           0 ns/msg
  dir 15: active=  0.00%  msgs=0           0 ns/msg
  AGGREGATE active = 0.00% (of 16 dir-threads; 0.00% per-thread avg)  msgs=0
[CPU compute ] process= 46.25% of 80 cores   system= 47.47%   (window 2s)

----- REMOTE CPU LOAD (memory node dir-threads, 2s window) -----
  dir 0: active=  0.00%  msgs=0           0 ns/msg
  dir 1: active=  0.00%  msgs=0           0 ns/msg
  dir 2: active=  0.00%  msgs=0           0 ns/msg
  dir 3: active=  0.00%  msgs=0           0 ns/msg
  dir 4: active=  0.00%  msgs=0           0 ns/msg
  dir 5: active=  0.00%  msgs=0           0 ns/msg
  dir 6: active=  0.00%  msgs=0           0 ns/msg
  dir 7: active=  0.00%  msgs=0           0 ns/msg
  dir 8: active=  0.00%  msgs=0           0 ns/msg
  dir 9: active=  0.00%  msgs=0           0 ns/msg
  dir 10: active=  0.00%  msgs=0           0 ns/msg
  dir 11: active=  0.00%  msgs=0           0 ns/msg
  dir 12: active=  0.00%  msgs=0           0 ns/msg
  dir 13: active=  0.00%  msgs=0           0 ns/msg
  dir 14: active=  0.00%  msgs=0           0 ns/msg
  dir 15: active=  0.00%  msgs=0           0 ns/msg
  AGGREGATE active = 0.00% (of 16 dir-threads; 0.00% per-thread avg)  msgs=0
[CPU compute ] process= 46.25% of 80 cores   system= 46.28%   (window 2s)

----- REMOTE CPU LOAD (memory node dir-threads, 2s window) -----
  dir 0: active=  0.00%  msgs=0           0 ns/msg
  dir 1: active=  0.00%  msgs=0           0 ns/msg
  dir 2: active=  0.00%  msgs=0           0 ns/msg
  dir 3: active=  0.00%  msgs=0           0 ns/msg
  dir 4: active=  0.00%  msgs=0           0 ns/msg
  dir 5: active=  0.00%  msgs=0           0 ns/msg
  dir 6: active=  0.00%  msgs=0           0 ns/msg
  dir 7: active=  0.00%  msgs=0           0 ns/msg
  dir 8: active=  0.00%  msgs=0           0 ns/msg
  dir 9: active=  0.00%  msgs=0           0 ns/msg
  dir 10: active=  0.00%  msgs=0           0 ns/msg
  dir 11: active=  0.00%  msgs=0           0 ns/msg
  dir 12: active=  0.00%  msgs=0           0 ns/msg
  dir 13: active=  0.00%  msgs=0           0 ns/msg
  dir 14: active=  0.00%  msgs=0           0 ns/msg
  dir 15: active=  0.00%  msgs=0           0 ns/msg
  AGGREGATE active = 0.00% (of 16 dir-threads; 0.00% per-thread avg)  msgs=0
[CPU compute ] process= 46.25% of 80 cores   system= 46.26%   (window 2s)

----- REMOTE CPU LOAD (memory node dir-threads, 2s window) -----
  dir 0: active=  0.00%  msgs=0           0 ns/msg
  dir 1: active=  0.00%  msgs=0           0 ns/msg
  dir 2: active=  0.00%  msgs=0           0 ns/msg
  dir 3: active=  0.00%  msgs=0           0 ns/msg
  dir 4: active=  0.00%  msgs=0           0 ns/msg
  dir 5: active=  0.00%  msgs=0           0 ns/msg
  dir 6: active=  0.00%  msgs=0           0 ns/msg
  dir 7: active=  0.00%  msgs=0           0 ns/msg
  dir 8: active=  0.00%  msgs=0           0 ns/msg
  dir 9: active=  0.00%  msgs=0           0 ns/msg
  dir 10: active=  0.00%  msgs=0           0 ns/msg
  dir 11: active=  0.00%  msgs=0           0 ns/msg
  dir 12: active=  0.00%  msgs=0           0 ns/msg
  dir 13: active=  0.00%  msgs=0           0 ns/msg
  dir 14: active=  0.00%  msgs=0           0 ns/msg
  dir 15: active=  0.00%  msgs=0           0 ns/msg
  AGGREGATE active = 0.00% (of 16 dir-threads; 0.00% per-thread avg)  msgs=0
Thread_op_num = 833333
[CPU compute ] process= 46.25% of 80 cores   system= 46.29%   (window 2s)

----- REMOTE CPU LOAD (memory node dir-threads, 2s window) -----
  dir 0: active=  0.00%  msgs=0           0 ns/msg
  dir 1: active=  0.00%  msgs=0           0 ns/msg
  dir 2: active=  0.00%  msgs=0           0 ns/msg
  dir 3: active=  0.00%  msgs=0           0 ns/msg
  dir 4: active=  0.00%  msgs=0           0 ns/msg
  dir 5: active=  0.00%  msgs=0           0 ns/msg
  dir 6: active=  0.00%  msgs=0           0 ns/msg
  dir 7: active=  0.00%  msgs=0           0 ns/msg
  dir 8: active=  0.00%  msgs=0           0 ns/msg
  dir 9: active=  0.00%  msgs=0           0 ns/msg
  dir 10: active=  0.00%  msgs=0           0 ns/msg
  dir 11: active=  0.00%  msgs=0           0 ns/msg
  dir 12: active=  0.00%  msgs=0           0 ns/msg
  dir 13: active=  0.00%  msgs=0           0 ns/msg
  dir 14: active=  0.00%  msgs=0           0 ns/msg
  dir 15: active=  0.00%  msgs=0           0 ns/msg
  AGGREGATE active = 0.00% (of 16 dir-threads; 0.00% per-thread avg)  msgs=0
node 0 finish warmup
[CPU compute ] process= 46.24% of 80 cores   system= 46.27%   (window 2s)

----- REMOTE CPU LOAD (memory node dir-threads, 2s window) -----
  dir 0: active=  0.00%  msgs=0           0 ns/msg
  dir 1: active=  0.00%  msgs=0           0 ns/msg
  dir 2: active=  0.00%  msgs=0           0 ns/msg
  dir 3: active=  0.00%  msgs=0           0 ns/msg
  dir 4: active=  0.00%  msgs=0           0 ns/msg
  dir 5: active=  0.00%  msgs=0           0 ns/msg
  dir 6: active=  0.00%  msgs=0           0 ns/msg
  dir 7: active=  0.00%  msgs=0           0 ns/msg
  dir 8: active=  0.00%  msgs=0           0 ns/msg
  dir 9: active=  0.00%  msgs=0           0 ns/msg
  dir 10: active=  0.00%  msgs=0           0 ns/msg
  dir 11: active=  0.00%  msgs=0           0 ns/msg
  dir 12: active=  0.00%  msgs=0           0 ns/msg
  dir 13: active=  0.00%  msgs=0           0 ns/msg
  dir 14: active=  0.00%  msgs=0           0 ns/msg
  dir 15: active=  0.00%  msgs=0           0 ns/msg
  AGGREGATE active = 0.00% (of 16 dir-threads; 0.00% per-thread avg)  msgs=0
Start collecting the statistic
[CPU compute ] process= 46.25% of 80 cores   system= 47.47%   (window 2s)

----- REMOTE CPU LOAD (memory node dir-threads, 2s window) -----
  dir 0: active=  0.00%  msgs=0           0 ns/msg
  dir 1: active=  0.00%  msgs=0           0 ns/msg
  dir 2: active=  0.00%  msgs=0           0 ns/msg
  dir 3: active=  0.00%  msgs=0           0 ns/msg
  dir 4: active=  0.00%  msgs=0           0 ns/msg
  dir 5: active=  0.00%  msgs=0           0 ns/msg
  dir 6: active=  0.00%  msgs=0           0 ns/msg
  dir 7: active=  0.00%  msgs=0           0 ns/msg
  dir 8: active=  0.00%  msgs=0           0 ns/msg
  dir 9: active=  0.00%  msgs=0           0 ns/msg
  dir 10: active=  0.00%  msgs=0           0 ns/msg
  dir 11: active=  0.00%  msgs=0           0 ns/msg
  dir 12: active=  0.00%  msgs=0           0 ns/msg
  dir 13: active=  0.00%  msgs=0           0 ns/msg
  dir 14: active=  0.00%  msgs=0           0 ns/msg
  dir 15: active=  0.00%  msgs=0           0 ns/msg
  AGGREGATE active = 0.00% (of 16 dir-threads; 0.00% per-thread avg)  msgs=0
0, throughput 0.9048
cluster throughput 0.904
[CPU compute ] process= 46.25% of 80 cores   system= 46.28%   (window 2s)

----- REMOTE CPU LOAD (memory node dir-threads, 2s window) -----
  dir 0: active=  0.00%  msgs=0           0 ns/msg
  dir 1: active=  0.00%  msgs=0           0 ns/msg
  dir 2: active=  0.00%  msgs=0           0 ns/msg
  dir 3: active=  0.00%  msgs=0           0 ns/msg
  dir 4: active=  0.00%  msgs=0           0 ns/msg
  dir 5: active=  0.00%  msgs=0           0 ns/msg
  dir 6: active=  0.00%  msgs=0           0 ns/msg
  dir 7: active=  0.00%  msgs=0           0 ns/msg
  dir 8: active=  0.00%  msgs=0           0 ns/msg
  dir 9: active=  0.00%  msgs=0           0 ns/msg
  dir 10: active=  0.00%  msgs=0           0 ns/msg
  dir 11: active=  0.00%  msgs=0           0 ns/msg
  dir 12: active=  0.00%  msgs=0           0 ns/msg
  dir 13: active=  0.00%  msgs=0           0 ns/msg
  dir 14: active=  0.00%  msgs=0           0 ns/msg
  dir 15: active=  0.00%  msgs=0           0 ns/msg
  AGGREGATE active = 0.00% (of 16 dir-threads; 0.00% per-thread avg)  msgs=0
0, throughput 0.9080
cluster throughput 0.907
[CPU compute ] process= 46.26% of 80 cores   system= 46.28%   (window 2s)

----- REMOTE CPU LOAD (memory node dir-threads, 2s window) -----
  dir 0: active=  0.00%  msgs=0           0 ns/msg
  dir 1: active=  0.00%  msgs=0           0 ns/msg
  dir 2: active=  0.00%  msgs=0           0 ns/msg
  dir 3: active=  0.00%  msgs=0           0 ns/msg
  dir 4: active=  0.00%  msgs=0           0 ns/msg
  dir 5: active=  0.00%  msgs=0           0 ns/msg
  dir 6: active=  0.00%  msgs=0           0 ns/msg
  dir 7: active=  0.00%  msgs=0           0 ns/msg
  dir 8: active=  0.00%  msgs=0           0 ns/msg
  dir 9: active=  0.00%  msgs=0           0 ns/msg
  dir 10: active=  0.00%  msgs=0           0 ns/msg
  dir 11: active=  0.00%  msgs=0           0 ns/msg
  dir 12: active=  0.00%  msgs=0           0 ns/msg
  dir 13: active=  0.00%  msgs=0           0 ns/msg
  dir 14: active=  0.00%  msgs=0           0 ns/msg
  dir 15: active=  0.00%  msgs=0           0 ns/msg
  AGGREGATE active = 0.00% (of 16 dir-threads; 0.00% per-thread avg)  msgs=0
0, throughput 0.9169
cluster throughput 0.916
[CPU compute ] process= 46.24% of 80 cores   system= 46.27%   (window 2s)

----- REMOTE CPU LOAD (memory node dir-threads, 2s window) -----
  dir 0: active=  0.00%  msgs=0           0 ns/msg
  dir 1: active=  0.00%  msgs=0           0 ns/msg
  dir 2: active=  0.00%  msgs=0           0 ns/msg
  dir 3: active=  0.00%  msgs=0           0 ns/msg
  dir 4: active=  0.00%  msgs=0           0 ns/msg
  dir 5: active=  0.00%  msgs=0           0 ns/msg
  dir 6: active=  0.00%  msgs=0           0 ns/msg
  dir 7: active=  0.00%  msgs=0           0 ns/msg
  dir 8: active=  0.00%  msgs=0           0 ns/msg
  dir 9: active=  0.00%  msgs=0           0 ns/msg
  dir 10: active=  0.00%  msgs=0           0 ns/msg
  dir 11: active=  0.00%  msgs=0           0 ns/msg
  dir 12: active=  0.00%  msgs=0           0 ns/msg
  dir 13: active=  0.00%  msgs=0           0 ns/msg
  dir 14: active=  0.00%  msgs=0           0 ns/msg
  dir 15: active=  0.00%  msgs=0           0 ns/msg
  AGGREGATE active = 0.00% (of 16 dir-threads; 0.00% per-thread avg)  msgs=0
0, throughput 0.9183
cluster throughput 0.918
[CPU compute ] process= 46.25% of 80 cores   system= 46.27%   (window 2s)

----- REMOTE CPU LOAD (memory node dir-threads, 2s window) -----
  dir 0: active=  0.00%  msgs=0           0 ns/msg
  dir 1: active=  0.00%  msgs=0           0 ns/msg
  dir 2: active=  0.00%  msgs=0           0 ns/msg
  dir 3: active=  0.00%  msgs=0           0 ns/msg
  dir 4: active=  0.00%  msgs=0           0 ns/msg
  dir 5: active=  0.00%  msgs=0           0 ns/msg
  dir 6: active=  0.00%  msgs=0           0 ns/msg
  dir 7: active=  0.00%  msgs=0           0 ns/msg
  dir 8: active=  0.00%  msgs=0           0 ns/msg
  dir 9: active=  0.00%  msgs=0           0 ns/msg
  dir 10: active=  0.00%  msgs=0           0 ns/msg
  dir 11: active=  0.00%  msgs=0           0 ns/msg
  dir 12: active=  0.00%  msgs=0           0 ns/msg
  dir 13: active=  0.00%  msgs=0           0 ns/msg
  dir 14: active=  0.00%  msgs=0           0 ns/msg
  dir 15: active=  0.00%  msgs=0           0 ns/msg
  AGGREGATE active = 0.00% (of 16 dir-threads; 0.00% per-thread avg)  msgs=0
0, throughput 0.9189
cluster throughput 0.918
[CPU compute ] process= 46.24% of 80 cores   system= 47.39%   (window 2s)

----- REMOTE CPU LOAD (memory node dir-threads, 2s window) -----
  dir 0: active=  0.00%  msgs=0           0 ns/msg
  dir 1: active=  0.00%  msgs=0           0 ns/msg
  dir 2: active=  0.00%  msgs=0           0 ns/msg
  dir 3: active=  0.00%  msgs=0           0 ns/msg
  dir 4: active=  0.00%  msgs=0           0 ns/msg
  dir 5: active=  0.00%  msgs=0           0 ns/msg
  dir 6: active=  0.00%  msgs=0           0 ns/msg
  dir 7: active=  0.00%  msgs=0           0 ns/msg
  dir 8: active=  0.00%  msgs=0           0 ns/msg
  dir 9: active=  0.00%  msgs=0           0 ns/msg
  dir 10: active=  0.00%  msgs=0           0 ns/msg
  dir 11: active=  0.00%  msgs=0           0 ns/msg
  dir 12: active=  0.00%  msgs=0           0 ns/msg
  dir 13: active=  0.00%  msgs=0           0 ns/msg
  dir 14: active=  0.00%  msgs=0           0 ns/msg
  dir 15: active=  0.00%  msgs=0           0 ns/msg
  AGGREGATE active = 0.00% (of 16 dir-threads; 0.00% per-thread avg)  msgs=0
0, throughput 0.9147
cluster throughput 0.914
[CPU compute ] process= 46.27% of 80 cores   system= 46.28%   (window 2s)

----- REMOTE CPU LOAD (memory node dir-threads, 2s window) -----
  dir 0: active=  0.00%  msgs=0           0 ns/msg
  dir 1: active=  0.00%  msgs=0           0 ns/msg
  dir 2: active=  0.00%  msgs=0           0 ns/msg
  dir 3: active=  0.00%  msgs=0           0 ns/msg
  dir 4: active=  0.00%  msgs=0           0 ns/msg
  dir 5: active=  0.00%  msgs=0           0 ns/msg
  dir 6: active=  0.00%  msgs=0           0 ns/msg
  dir 7: active=  0.00%  msgs=0           0 ns/msg
  dir 8: active=  0.00%  msgs=0           0 ns/msg
  dir 9: active=  0.00%  msgs=0           0 ns/msg
  dir 10: active=  0.00%  msgs=0           0 ns/msg
  dir 11: active=  0.00%  msgs=0           0 ns/msg
  dir 12: active=  0.00%  msgs=0           0 ns/msg
  dir 13: active=  0.00%  msgs=0           0 ns/msg
  dir 14: active=  0.00%  msgs=0           0 ns/msg
  dir 15: active=  0.00%  msgs=0           0 ns/msg
  AGGREGATE active = 0.00% (of 16 dir-threads; 0.00% per-thread avg)  msgs=0
0, throughput 0.9178
cluster throughput 0.917
[CPU compute ] process= 46.24% of 80 cores   system= 46.28%   (window 2s)

----- REMOTE CPU LOAD (memory node dir-threads, 2s window) -----
  dir 0: active=  0.00%  msgs=0           0 ns/msg
  dir 1: active=  0.00%  msgs=0           0 ns/msg
  dir 2: active=  0.00%  msgs=0           0 ns/msg
  dir 3: active=  0.00%  msgs=0           0 ns/msg
  dir 4: active=  0.00%  msgs=0           0 ns/msg
  dir 5: active=  0.00%  msgs=0           0 ns/msg
  dir 6: active=  0.00%  msgs=0           0 ns/msg
  dir 7: active=  0.00%  msgs=0           0 ns/msg
  dir 8: active=  0.00%  msgs=0           0 ns/msg
  dir 9: active=  0.00%  msgs=0           0 ns/msg
  dir 10: active=  0.00%  msgs=0           0 ns/msg
  dir 11: active=  0.00%  msgs=0           0 ns/msg
  dir 12: active=  0.00%  msgs=0           0 ns/msg
  dir 13: active=  0.00%  msgs=0           0 ns/msg
  dir 14: active=  0.00%  msgs=0           0 ns/msg
  dir 15: active=  0.00%  msgs=0           0 ns/msg
  AGGREGATE active = 0.00% (of 16 dir-threads; 0.00% per-thread avg)  msgs=0
0, throughput 0.9183
cluster throughput 0.918
[CPU compute ] process= 46.24% of 80 cores   system= 46.27%   (window 2s)

----- REMOTE CPU LOAD (memory node dir-threads, 2s window) -----
  dir 0: active=  0.00%  msgs=0           0 ns/msg
  dir 1: active=  0.00%  msgs=0           0 ns/msg
  dir 2: active=  0.00%  msgs=0           0 ns/msg
  dir 3: active=  0.00%  msgs=0           0 ns/msg
  dir 4: active=  0.00%  msgs=0           0 ns/msg
  dir 5: active=  0.00%  msgs=0           0 ns/msg
  dir 6: active=  0.00%  msgs=0           0 ns/msg
  dir 7: active=  0.00%  msgs=0           0 ns/msg
  dir 8: active=  0.00%  msgs=0           0 ns/msg
  dir 9: active=  0.00%  msgs=0           0 ns/msg
  dir 10: active=  0.00%  msgs=0           0 ns/msg
  dir 11: active=  0.00%  msgs=0           0 ns/msg
  dir 12: active=  0.00%  msgs=0           0 ns/msg
  dir 13: active=  0.00%  msgs=0           0 ns/msg
  dir 14: active=  0.00%  msgs=0           0 ns/msg
  dir 15: active=  0.00%  msgs=0           0 ns/msg
  AGGREGATE active = 0.00% (of 16 dir-threads; 0.00% per-thread avg)  msgs=0
0, throughput 0.9184
cluster throughput 0.918
[CPU compute ] process= 46.24% of 80 cores   system= 46.27%   (window 2s)

----- REMOTE CPU LOAD (memory node dir-threads, 2s window) -----
  dir 0: active=  0.00%  msgs=0           0 ns/msg
  dir 1: active=  0.00%  msgs=0           0 ns/msg
  dir 2: active=  0.00%  msgs=0           0 ns/msg
  dir 3: active=  0.00%  msgs=0           0 ns/msg
  dir 4: active=  0.00%  msgs=0           0 ns/msg
  dir 5: active=  0.00%  msgs=0           0 ns/msg
  dir 6: active=  0.00%  msgs=0           0 ns/msg
  dir 7: active=  0.00%  msgs=0           0 ns/msg
  dir 8: active=  0.00%  msgs=0           0 ns/msg
  dir 9: active=  0.00%  msgs=0           0 ns/msg
  dir 10: active=  0.00%  msgs=0           0 ns/msg
  dir 11: active=  0.00%  msgs=0           0 ns/msg
  dir 12: active=  0.00%  msgs=0           0 ns/msg
  dir 13: active=  0.00%  msgs=0           0 ns/msg
  dir 14: active=  0.00%  msgs=0           0 ns/msg
  dir 15: active=  0.00%  msgs=0           0 ns/msg
  AGGREGATE active = 0.00% (of 16 dir-threads; 0.00% per-thread avg)  msgs=0
0, throughput 0.9181
cluster throughput 0.918
[CPU compute ] process= 46.27% of 80 cores   system= 47.47%   (window 2s)

----- REMOTE CPU LOAD (memory node dir-threads, 2s window) -----
  dir 0: active=  0.00%  msgs=0           0 ns/msg
  dir 1: active=  0.00%  msgs=0           0 ns/msg
  dir 2: active=  0.00%  msgs=0           0 ns/msg
  dir 3: active=  0.00%  msgs=0           0 ns/msg
  dir 4: active=  0.00%  msgs=0           0 ns/msg
  dir 5: active=  0.00%  msgs=0           0 ns/msg
  dir 6: active=  0.00%  msgs=0           0 ns/msg
  dir 7: active=  0.00%  msgs=0           0 ns/msg
  dir 8: active=  0.00%  msgs=0           0 ns/msg
  dir 9: active=  0.00%  msgs=0           0 ns/msg
  dir 10: active=  0.00%  msgs=0           0 ns/msg
  dir 11: active=  0.00%  msgs=0           0 ns/msg
  dir 12: active=  0.00%  msgs=0           0 ns/msg
  dir 13: active=  0.00%  msgs=0           0 ns/msg
  dir 14: active=  0.00%  msgs=0           0 ns/msg
  dir 15: active=  0.00%  msgs=0           0 ns/msg
  AGGREGATE active = 0.00% (of 16 dir-threads; 0.00% per-thread avg)  msgs=0
0, throughput 0.9142
cluster throughput 0.914
[CPU compute ] process= 46.24% of 80 cores   system= 46.27%   (window 2s)

----- REMOTE CPU LOAD (memory node dir-threads, 2s window) -----
  dir 0: active=  0.00%  msgs=0           0 ns/msg
  dir 1: active=  0.00%  msgs=0           0 ns/msg
  dir 2: active=  0.00%  msgs=0           0 ns/msg
  dir 3: active=  0.00%  msgs=0           0 ns/msg
  dir 4: active=  0.00%  msgs=0           0 ns/msg
  dir 5: active=  0.00%  msgs=0           0 ns/msg
  dir 6: active=  0.00%  msgs=0           0 ns/msg
  dir 7: active=  0.00%  msgs=0           0 ns/msg
  dir 8: active=  0.00%  msgs=0           0 ns/msg
  dir 9: active=  0.00%  msgs=0           0 ns/msg
  dir 10: active=  0.00%  msgs=0           0 ns/msg
  dir 11: active=  0.00%  msgs=0           0 ns/msg
  dir 12: active=  0.00%  msgs=0           0 ns/msg
  dir 13: active=  0.00%  msgs=0           0 ns/msg
  dir 14: active=  0.00%  msgs=0           0 ns/msg
  dir 15: active=  0.00%  msgs=0           0 ns/msg
  AGGREGATE active = 0.00% (of 16 dir-threads; 0.00% per-thread avg)  msgs=0
0, throughput 0.9176
cluster throughput 0.917
[CPU compute ] process= 46.24% of 80 cores   system= 46.27%   (window 2s)

----- REMOTE CPU LOAD (memory node dir-threads, 2s window) -----
  dir 0: active=  0.00%  msgs=0           0 ns/msg
  dir 1: active=  0.00%  msgs=0           0 ns/msg
  dir 2: active=  0.00%  msgs=0           0 ns/msg
  dir 3: active=  0.00%  msgs=0           0 ns/msg
  dir 4: active=  0.00%  msgs=0           0 ns/msg
  dir 5: active=  0.00%  msgs=0           0 ns/msg
  dir 6: active=  0.00%  msgs=0           0 ns/msg
  dir 7: active=  0.00%  msgs=0           0 ns/msg
  dir 8: active=  0.00%  msgs=0           0 ns/msg
  dir 9: active=  0.00%  msgs=0           0 ns/msg
  dir 10: active=  0.00%  msgs=0           0 ns/msg
  dir 11: active=  0.00%  msgs=0           0 ns/msg
  dir 12: active=  0.00%  msgs=0           0 ns/msg
  dir 13: active=  0.00%  msgs=0           0 ns/msg
  dir 14: active=  0.00%  msgs=0           0 ns/msg
  dir 15: active=  0.00%  msgs=0           0 ns/msg
  AGGREGATE active = 0.00% (of 16 dir-threads; 0.00% per-thread avg)  msgs=0
0, throughput 0.9183
cluster throughput 0.918
[CPU compute ] process= 46.27% of 80 cores   system= 46.29%   (window 2s)

----- REMOTE CPU LOAD (memory node dir-threads, 2s window) -----
  dir 0: active=  0.00%  msgs=0           0 ns/msg
  dir 1: active=  0.00%  msgs=0           0 ns/msg
  dir 2: active=  0.00%  msgs=0           0 ns/msg
  dir 3: active=  0.00%  msgs=0           0 ns/msg
  dir 4: active=  0.00%  msgs=0           0 ns/msg
  dir 5: active=  0.00%  msgs=0           0 ns/msg
  dir 6: active=  0.00%  msgs=0           0 ns/msg
  dir 7: active=  0.00%  msgs=0           0 ns/msg
  dir 8: active=  0.00%  msgs=0           0 ns/msg
  dir 9: active=  0.00%  msgs=0           0 ns/msg
  dir 10: active=  0.00%  msgs=0           0 ns/msg
  dir 11: active=  0.00%  msgs=0           0 ns/msg
  dir 12: active=  0.00%  msgs=0           0 ns/msg
  dir 13: active=  0.00%  msgs=0           0 ns/msg
  dir 14: active=  0.00%  msgs=0           0 ns/msg
  dir 15: active=  0.00%  msgs=0           0 ns/msg
  AGGREGATE active = 0.00% (of 16 dir-threads; 0.00% per-thread avg)  msgs=0
0, throughput 0.9178
cluster throughput 0.917
[CPU compute ] process= 46.24% of 80 cores   system= 46.27%   (window 2s)

----- REMOTE CPU LOAD (memory node dir-threads, 2s window) -----
  dir 0: active=  0.00%  msgs=0           0 ns/msg
  dir 1: active=  0.00%  msgs=0           0 ns/msg
  dir 2: active=  0.00%  msgs=0           0 ns/msg
  dir 3: active=  0.00%  msgs=0           0 ns/msg
  dir 4: active=  0.00%  msgs=0           0 ns/msg
  dir 5: active=  0.00%  msgs=0           0 ns/msg
  dir 6: active=  0.00%  msgs=0           0 ns/msg
  dir 7: active=  0.00%  msgs=0           0 ns/msg
  dir 8: active=  0.00%  msgs=0           0 ns/msg
  dir 9: active=  0.00%  msgs=0           0 ns/msg
  dir 10: active=  0.00%  msgs=0           0 ns/msg
  dir 11: active=  0.00%  msgs=0           0 ns/msg
  dir 12: active=  0.00%  msgs=0           0 ns/msg
  dir 13: active=  0.00%  msgs=0           0 ns/msg
  dir 14: active=  0.00%  msgs=0           0 ns/msg
  dir 15: active=  0.00%  msgs=0           0 ns/msg
  AGGREGATE active = 0.00% (of 16 dir-threads; 0.00% per-thread avg)  msgs=0
0, throughput 0.9175
cluster throughput 0.917
[CPU compute ] process= 37.10% of 80 cores   system= 37.61%   (window 2s)

----- REMOTE CPU LOAD (memory node dir-threads, 2s window) -----
  dir 0: active=  0.00%  msgs=0           0 ns/msg
  dir 1: active=  0.00%  msgs=0           0 ns/msg
  dir 2: active=  0.00%  msgs=0           0 ns/msg
  dir 3: active=  0.00%  msgs=0           0 ns/msg
  dir 4: active=  0.00%  msgs=0           0 ns/msg
  dir 5: active=  0.00%  msgs=0           0 ns/msg
  dir 6: active=  0.00%  msgs=0           0 ns/msg
  dir 7: active=  0.00%  msgs=0           0 ns/msg
  dir 8: active=  0.00%  msgs=0           0 ns/msg
  dir 9: active=  0.00%  msgs=0           0 ns/msg
  dir 10: active=  0.00%  msgs=0           0 ns/msg
  dir 11: active=  0.00%  msgs=0           0 ns/msg
  dir 12: active=  0.00%  msgs=0           0 ns/msg
  dir 13: active=  0.00%  msgs=0           0 ns/msg
  dir 14: active=  0.00%  msgs=0           0 ns/msg
  dir 15: active=  0.00%  msgs=0           0 ns/msg
  AGGREGATE active = 0.00% (of 16 dir-threads; 0.00% per-thread avg)  msgs=0
0, throughput 0.6773
cluster throughput 0.677
[CPU compute ] process=  1.25% of 80 cores   system=  2.60%   (window 2s)

----- REMOTE CPU LOAD (memory node dir-threads, 2s window) -----
  dir 0: active=  0.00%  msgs=0           0 ns/msg
  dir 1: active=  0.00%  msgs=0           0 ns/msg
  dir 2: active=  0.00%  msgs=0           0 ns/msg
  dir 3: active=  0.00%  msgs=0           0 ns/msg
  dir 4: active=  0.00%  msgs=0           0 ns/msg
  dir 5: active=  0.00%  msgs=0           0 ns/msg
  dir 6: active=  0.00%  msgs=0           0 ns/msg
  dir 7: active=  0.00%  msgs=0           0 ns/msg
  dir 8: active=  0.00%  msgs=0           0 ns/msg
  dir 9: active=  0.00%  msgs=0           0 ns/msg
  dir 10: active=  0.00%  msgs=0           0 ns/msg
  dir 11: active=  0.00%  msgs=0           0 ns/msg
  dir 12: active=  0.00%  msgs=0           0 ns/msg
  dir 13: active=  0.00%  msgs=0           0 ns/msg
  dir 14: active=  0.00%  msgs=0           0 ns/msg
  dir 15: active=  0.00%  msgs=0           0 ns/msg
  AGGREGATE active = 0.00% (of 16 dir-threads; 0.00% per-thread avg)  msgs=0
0, throughput 0.0000
cluster throughput 0.000
The time duration = 34 seconds
[CPU compute ] process=  1.25% of 80 cores   system=  1.26%   (window 2s)

----- REMOTE CPU LOAD (memory node dir-threads, 2s window) -----
  dir 0: active=  0.00%  msgs=0           0 ns/msg
  dir 1: active=  0.00%  msgs=0           0 ns/msg
  dir 2: active=  0.00%  msgs=0           0 ns/msg
  dir 3: active=  0.00%  msgs=0           0 ns/msg
  dir 4: active=  0.00%  msgs=0           0 ns/msg
  dir 5: active=  0.00%  msgs=0           0 ns/msg
  dir 6: active=  0.00%  msgs=0           0 ns/msg
  dir 7: active=  0.00%  msgs=0           0 ns/msg
  dir 8: active=  0.00%  msgs=0           0 ns/msg
  dir 9: active=  0.00%  msgs=0           0 ns/msg
  dir 10: active=  0.00%  msgs=0           0 ns/msg
  dir 11: active=  0.00%  msgs=0           0 ns/msg
  dir 12: active=  0.00%  msgs=0           0 ns/msg
  dir 13: active=  0.00%  msgs=0           0 ns/msg
  dir 14: active=  0.00%  msgs=0           0 ns/msg
  dir 15: active=  0.00%  msgs=0           0 ns/msg
  AGGREGATE active = 0.00% (of 16 dir-threads; 0.00% per-thread avg)  msgs=0

==================== LATENCY BUCKETS (500 ns) [node 0] ====================
[RANGE]
  ALL                n=28836904   mean=   39.25us  p50=  40.00us  p90=  47.00us  p99=  52.50us  p99.9=  57.00us  max>=1000.00us
  LOCAL (cache hit)         (no samples)
  REMOTE (miss/rpc)  n=28836904   mean=   39.25us  p50=  40.00us  p90=  47.00us  p99=  52.50us  p99.9=  57.00us  max>=1000.00us
[ALL OPS]
  ALL                n=28836904   mean=   39.25us  p50=  40.00us  p90=  47.00us  p99=  52.50us  p99.9=  57.00us  max>=1000.00us
  LOCAL (cache hit)         (no samples)
  REMOTE (miss/rpc)  n=28836904   mean=   39.25us  p50=  40.00us  p90=  47.00us  p99=  52.50us  p99.9=  57.00us  max>=1000.00us

----- 500 ns bucket CDF (all ops) [node 0] -----
  bucket [lo,hi) ns             count        pct       cdf
  [     7000,     7500)            9    0.0000%   0.0000%
  [     7500,     8000)           55    0.0002%   0.0002%
  [     8000,     8500)          252    0.0009%   0.0011%
  [     8500,     9000)          915    0.0032%   0.0043%
  [     9000,     9500)         2060    0.0071%   0.0114%
  [     9500,    10000)         3292    0.0114%   0.0228%
  [    10000,    10500)         4071    0.0141%   0.0369%
  [    10500,    11000)         4503    0.0156%   0.0526%
  [    11000,    11500)         4276    0.0148%   0.0674%
  [    11500,    12000)         3948    0.0137%   0.0811%
  [    12000,    12500)         3983    0.0138%   0.0949%
  [    12500,    13000)         4624    0.0160%   0.1109%
  [    13000,    13500)         5556    0.0193%   0.1302%
  [    13500,    14000)         6588    0.0228%   0.1530%
  [    14000,    14500)         7250    0.0251%   0.1782%
  [    14500,    15000)         7575    0.0263%   0.2044%
  [    15000,    15500)         7585    0.0263%   0.2308%
  [    15500,    16000)         7296    0.0253%   0.2561%
  [    16000,    16500)         7650    0.0265%   0.2826%
  [    16500,    17000)         9472    0.0328%   0.3154%
  [    17000,    17500)        13181    0.0457%   0.3611%
  [    17500,    18000)        17831    0.0618%   0.4230%
  [    18000,    18500)        21910    0.0760%   0.4990%
  [    18500,    19000)        23943    0.0830%   0.5820%
  [    19000,    19500)        24869    0.0862%   0.6682%
  [    19500,    20000)        26030    0.0903%   0.7585%
  [    20000,    20500)        28424    0.0986%   0.8571%
  [    20500,    21000)        31794    0.1103%   0.9673%
  [    21000,    21500)        36727    0.1274%   1.0947%
  [    21500,    22000)        41089    0.1425%   1.2372%
  [    22000,    22500)        45379    0.1574%   1.3945%
  [    22500,    23000)        48791    0.1692%   1.5637%
  [    23000,    23500)        50838    0.1763%   1.7400%
  [    23500,    24000)        52549    0.1822%   1.9222%
  [    24000,    24500)        60534    0.2099%   2.1322%
  [    24500,    25000)        74822    0.2595%   2.3916%
  [    25000,    25500)        92979    0.3224%   2.7141%
  [    25500,    26000)       111204    0.3856%   3.0997%
  [    26000,    26500)       126213    0.4377%   3.5374%
  [    26500,    27000)       138593    0.4806%   4.0180%
  [    27000,    27500)       151327    0.5248%   4.5427%
  [    27500,    28000)       166802    0.5784%   5.1212%
  [    28000,    28500)       184492    0.6398%   5.7610%
  [    28500,    29000)       205823    0.7137%   6.4747%
  [    29000,    29500)       226616    0.7859%   7.2606%
  [    29500,    30000)       244332    0.8473%   8.1078%
  [    30000,    30500)       259734    0.9007%   9.0085%
  [    30500,    31000)       277121    0.9610%   9.9695%
  [    31000,    31500)       299925    1.0401%  11.0096%
  [    31500,    32000)       327208    1.1347%  12.1443%
  [    32000,    32500)       370790    1.2858%  13.4301%
  [    32500,    33000)       431572    1.4966%  14.9267%
  [    33000,    33500)       498789    1.7297%  16.6564%
  [    33500,    34000)       556296    1.9291%  18.5855%
  [    34000,    34500)       599765    2.0799%  20.6654%
  [    34500,    35000)       635170    2.2026%  22.8680%
  [    35000,    35500)       671800    2.3297%  25.1976%
  [    35500,    36000)       710407    2.4635%  27.6612%
  [    36000,    36500)       762094    2.6428%  30.3040%
  [    36500,    37000)       809225    2.8062%  33.1102%
  [    37000,    37500)       856111    2.9688%  36.0790%
  [    37500,    38000)       880892    3.0547%  39.1337%
  [    38000,    38500)       886841    3.0754%  42.2091%
  [    38500,    39000)       879459    3.0498%  45.2588%
  [    39000,    39500)       893853    3.0997%  48.3585%
  [    39500,    40000)       910787    3.1584%  51.5169%
  [    40000,    40500)       939310    3.2573%  54.7743%
  [    40500,    41000)       968429    3.3583%  58.1326%
  [    41000,    41500)       988511    3.4279%  61.5605%
  [    41500,    42000)       986263    3.4201%  64.9806%
  [    42000,    42500)       955000    3.3117%  68.2924%
  [    42500,    43000)       911835    3.1620%  71.4544%
  [    43000,    43500)       861347    2.9870%  74.4414%
  [    43500,    44000)       814415    2.8242%  77.2656%
  [    44000,    44500)       770792    2.6729%  79.9385%
  [    44500,    45000)       729801    2.5308%  82.4693%
  [    45000,    45500)       675492    2.3425%  84.8118%
  [    45500,    46000)       624874    2.1669%  86.9787%
  [    46000,    46500)       561316    1.9465%  88.9252%
  [    46500,    47000)       496974    1.7234%  90.6486%
  [    47000,    47500)       420619    1.4586%  92.1072%
  [    47500,    48000)       362611    1.2575%  93.3647%
  [    48000,    48500)       316225    1.0966%  94.4613%
  [    48500,    49000)       273924    0.9499%  95.4112%
  [    49000,    49500)       233057    0.8082%  96.2194%
  [    49500,    50000)       198474    0.6883%  96.9076%
  [    50000,    50500)       169381    0.5874%  97.4950%
  [    50500,    51000)       143467    0.4975%  97.9925%
  [    51000,    51500)       119246    0.4135%  98.4060%
  [    51500,    52000)        97949    0.3397%  98.7457%
  [    52000,    52500)        79502    0.2757%  99.0214%
  [    52500,    53000)        63752    0.2211%  99.2425%
  [    53000,    53500)        50184    0.1740%  99.4165%
  [    53500,    54000)        38543    0.1337%  99.5502%
  [    54000,    54500)        30573    0.1060%  99.6562%
  [    54500,    55000)        24352    0.0844%  99.7406%
  [    55000,    55500)        18311    0.0635%  99.8041%
  [    55500,    56000)        13551    0.0470%  99.8511%
  [    56000,    56500)         9981    0.0346%  99.8857%
  [    56500,    57000)         7610    0.0264%  99.9121%
  [    57000,    57500)         5563    0.0193%  99.9314%
  [    57500,    58000)         4115    0.0143%  99.9457%
  [    58000,    58500)         3116    0.0108%  99.9565%
  [    58500,    59000)         2249    0.0078%  99.9643%
  [    59000,    59500)         1663    0.0058%  99.9701%
  [    59500,    60000)         1244    0.0043%  99.9744%
  [    60000,    60500)          949    0.0033%  99.9777%
  [    60500,    61000)          747    0.0026%  99.9802%
  [    61000,    61500)          605    0.0021%  99.9823%
  [    61500,    62000)          494    0.0017%  99.9841%
  [    62000,    62500)          428    0.0015%  99.9855%
  [    62500,    63000)          361    0.0013%  99.9868%
  [    63000,    63500)          292    0.0010%  99.9878%
  [    63500,    64000)          271    0.0009%  99.9887%
  [    64000,    64500)          228    0.0008%  99.9895%
  [    64500,    65000)          202    0.0007%  99.9902%
  [    65000,    65500)          191    0.0007%  99.9909%
  [    65500,    66000)          181    0.0006%  99.9915%
  [    66000,    66500)          142    0.0005%  99.9920%
  [    66500,    67000)          157    0.0005%  99.9926%
  [    67000,    67500)          120    0.0004%  99.9930%
  [    67500,    68000)          128    0.0004%  99.9934%
  [    68000,    68500)          116    0.0004%  99.9938%
  [    68500,    69000)          103    0.0004%  99.9942%
  [    69000,    69500)          107    0.0004%  99.9946%
  [    69500,    70000)           88    0.0003%  99.9949%
  [    70000,    70500)           75    0.0003%  99.9951%
  [    70500,    71000)           82    0.0003%  99.9954%
  [    71000,    71500)           72    0.0002%  99.9957%
  [    71500,    72000)           82    0.0003%  99.9959%
  [    72000,    72500)           53    0.0002%  99.9961%
  [    72500,    73000)           72    0.0002%  99.9964%
  [    73000,    73500)           51    0.0002%  99.9965%
  [    73500,    74000)           48    0.0002%  99.9967%
  [    74000,    74500)           49    0.0002%  99.9969%
  [    74500,    75000)           49    0.0002%  99.9971%
  [    75000,    75500)           41    0.0001%  99.9972%
  [    75500,    76000)           57    0.0002%  99.9974%
  [    76000,    76500)           34    0.0001%  99.9975%
  [    76500,    77000)           26    0.0001%  99.9976%
  [    77000,    77500)           32    0.0001%  99.9977%
  [    77500,    78000)           36    0.0001%  99.9978%
  [    78000,    78500)           33    0.0001%  99.9980%
  [    78500,    79000)           32    0.0001%  99.9981%
  [    79000,    79500)           21    0.0001%  99.9981%
  [    79500,    80000)           27    0.0001%  99.9982%
  [    80000,    80500)           19    0.0001%  99.9983%
  [    80500,    81000)           19    0.0001%  99.9984%
  [    81000,    81500)           15    0.0001%  99.9984%
  [    81500,    82000)           25    0.0001%  99.9985%
  [    82000,    82500)            9    0.0000%  99.9985%
  [    82500,    83000)           12    0.0000%  99.9986%
  [    83000,    83500)            9    0.0000%  99.9986%
  [    83500,    84000)           12    0.0000%  99.9986%
  [    84000,    84500)           11    0.0000%  99.9987%
  [    84500,    85000)            9    0.0000%  99.9987%
  [    85000,    85500)            7    0.0000%  99.9987%
  [    85500,    86000)            8    0.0000%  99.9988%
  [    86000,    86500)           12    0.0000%  99.9988%
  [    86500,    87000)            7    0.0000%  99.9988%
  [    87000,    87500)            3    0.0000%  99.9988%
  [    87500,    88000)            4    0.0000%  99.9989%
  [    88000,    88500)            6    0.0000%  99.9989%
  [    88500,    89000)            4    0.0000%  99.9989%
  [    89000,    89500)            3    0.0000%  99.9989%
  [    89500,    90000)            3    0.0000%  99.9989%
  [    90000,    90500)            2    0.0000%  99.9989%
  [    90500,    91000)            4    0.0000%  99.9989%
  [    91000,    91500)            8    0.0000%  99.9990%
  [    91500,    92000)            3    0.0000%  99.9990%
  [    92000,    92500)            6    0.0000%  99.9990%
  [    92500,    93000)            4    0.0000%  99.9990%
  [    93000,    93500)            4    0.0000%  99.9990%
  [    93500,    94000)            3    0.0000%  99.9990%
  [    94000,    94500)            2    0.0000%  99.9990%
  [    94500,    95000)            5    0.0000%  99.9991%
  [    95000,    95500)            1    0.0000%  99.9991%
  [    95500,    96000)            4    0.0000%  99.9991%
  [    96000,    96500)            2    0.0000%  99.9991%
  [    96500,    97000)            2    0.0000%  99.9991%
  [    97000,    97500)            3    0.0000%  99.9991%
  [    98000,    98500)            2    0.0000%  99.9991%
  [    98500,    99000)            3    0.0000%  99.9991%
  [    99000,    99500)            1    0.0000%  99.9991%
  [    99500,   100000)            5    0.0000%  99.9991%
  [   100000,   100500)            2    0.0000%  99.9991%
  [   100500,   101000)            1    0.0000%  99.9991%
  [   101000,   101500)            2    0.0000%  99.9992%
  [   102000,   102500)            3    0.0000%  99.9992%
  [   102500,   103000)            2    0.0000%  99.9992%
  [   103500,   104000)            2    0.0000%  99.9992%
  [   104000,   104500)            1    0.0000%  99.9992%
  [   104500,   105000)            1    0.0000%  99.9992%
  [   105000,   105500)            2    0.0000%  99.9992%
  [   105500,   106000)            3    0.0000%  99.9992%
  [   106000,   106500)            1    0.0000%  99.9992%
  [   107000,   107500)            1    0.0000%  99.9992%
  [   108000,   108500)            2    0.0000%  99.9992%
  [   109000,   109500)            1    0.0000%  99.9992%
  [   110000,   110500)            1    0.0000%  99.9992%
  [   110500,   111000)            1    0.0000%  99.9992%
  [   111500,   112000)            2    0.0000%  99.9992%
  [   112000,   112500)            1    0.0000%  99.9992%
  [   112500,   113000)            1    0.0000%  99.9992%
  [   113000,   113500)            1    0.0000%  99.9992%
  [   113500,   114000)            2    0.0000%  99.9993%
  [   114000,   114500)            2    0.0000%  99.9993%
  [   114500,   115000)            2    0.0000%  99.9993%
  [   115000,   115500)            1    0.0000%  99.9993%
  [   115500,   116000)            1    0.0000%  99.9993%
  [   117000,   117500)            1    0.0000%  99.9993%
  [   117500,   118000)            2    0.0000%  99.9993%
  [   118000,   118500)            1    0.0000%  99.9993%
  [   118500,   119000)            2    0.0000%  99.9993%
  [   119000,   119500)            1    0.0000%  99.9993%
  [   119500,   120000)            1    0.0000%  99.9993%
  [   120000,   120500)            3    0.0000%  99.9993%
  [   121000,   121500)            1    0.0000%  99.9993%
  [   121500,   122000)            1    0.0000%  99.9993%
  [   122000,   122500)            2    0.0000%  99.9993%
  [   122500,   123000)            2    0.0000%  99.9993%
  [   123000,   123500)            1    0.0000%  99.9993%
  [   123500,   124000)            1    0.0000%  99.9993%
  [   124000,   124500)            1    0.0000%  99.9993%
  [   125500,   126000)            1    0.0000%  99.9993%
  [   126000,   126500)            2    0.0000%  99.9994%
  [   126500,   127000)            5    0.0000%  99.9994%
  [   127000,   127500)            2    0.0000%  99.9994%
  [   127500,   128000)            2    0.0000%  99.9994%
  [   128000,   128500)            2    0.0000%  99.9994%
  [   128500,   129000)            3    0.0000%  99.9994%
  [   129000,   129500)            1    0.0000%  99.9994%
  [   130000,   130500)            2    0.0000%  99.9994%
  [   130500,   131000)            1    0.0000%  99.9994%
  [   131500,   132000)            4    0.0000%  99.9994%
  [   132000,   132500)            1    0.0000%  99.9994%
  [   132500,   133000)            1    0.0000%  99.9994%
  [   133000,   133500)            5    0.0000%  99.9995%
  [   133500,   134000)            3    0.0000%  99.9995%
  [   134000,   134500)            2    0.0000%  99.9995%
  [   134500,   135000)            2    0.0000%  99.9995%
  [   135500,   136000)            2    0.0000%  99.9995%
  [   136000,   136500)            1    0.0000%  99.9995%
  [   137000,   137500)            4    0.0000%  99.9995%
  [   138000,   138500)            1    0.0000%  99.9995%
  [   138500,   139000)            2    0.0000%  99.9995%
  [   139000,   139500)            3    0.0000%  99.9995%
  [   141500,   142000)            1    0.0000%  99.9995%
  [   142000,   142500)            2    0.0000%  99.9995%
  [   142500,   143000)            1    0.0000%  99.9995%
  [   145500,   146000)            2    0.0000%  99.9995%
  [   147000,   147500)            1    0.0000%  99.9995%
  [   150500,   151000)            3    0.0000%  99.9996%
  [   151500,   152000)            1    0.0000%  99.9996%
  [   152500,   153000)            1    0.0000%  99.9996%
  [   154500,   155000)            1    0.0000%  99.9996%
  [   155000,   155500)            1    0.0000%  99.9996%
  [   156000,   156500)            1    0.0000%  99.9996%
  [   157000,   157500)            1    0.0000%  99.9996%
  [   158000,   158500)            1    0.0000%  99.9996%
  [   158500,   159000)            1    0.0000%  99.9996%
  [   160500,   161000)            1    0.0000%  99.9996%
  [   161500,   162000)            1    0.0000%  99.9996%
  [   163000,   163500)            1    0.0000%  99.9996%
  [   165500,   166000)            1    0.0000%  99.9996%
  [   166500,   167000)            1    0.0000%  99.9996%
  [   169500,   170000)            1    0.0000%  99.9996%
  [   171000,   171500)            2    0.0000%  99.9996%
  [   174500,   175000)            1    0.0000%  99.9996%
  [   175000,   175500)            1    0.0000%  99.9996%
  [   179500,   180000)            1    0.0000%  99.9996%
  [   182000,   182500)            1    0.0000%  99.9996%
  [   187500,   188000)            1    0.0000%  99.9996%
  [   189500,   190000)            1    0.0000%  99.9996%
  [   191500,   192000)            1    0.0000%  99.9996%
  [   192500,   193000)            2    0.0000%  99.9996%
  [   193500,   194000)            1    0.0000%  99.9996%
  [   195500,   196000)            1    0.0000%  99.9996%
  [   202500,   203000)            1    0.0000%  99.9997%
  [   204500,   205000)            1    0.0000%  99.9997%
  [   209500,   210000)            1    0.0000%  99.9997%
  [   210500,   211000)            1    0.0000%  99.9997%
  [   218500,   219000)            1    0.0000%  99.9997%
  [   243500,   244000)            1    0.0000%  99.9997%
  [   249500,   250000)            1    0.0000%  99.9997%
  [   260000,   260500)            1    0.0000%  99.9997%
  [   260500,   261000)            2    0.0000%  99.9997%
  [   264500,   265000)            1    0.0000%  99.9997%
  [   266500,   267000)            2    0.0000%  99.9997%
  [   267000,   267500)            1    0.0000%  99.9997%
  [   268500,   269000)            1    0.0000%  99.9997%
  [   269000,   269500)            1    0.0000%  99.9997%
  [   270500,   271000)            1    0.0000%  99.9997%
  [   274000,   274500)            1    0.0000%  99.9997%
  [   278000,   278500)            1    0.0000%  99.9997%
  [   279000,   279500)            1    0.0000%  99.9997%
  [   281500,   282000)            1    0.0000%  99.9997%
  [   282500,   283000)            1    0.0000%  99.9997%
  [   319000,   319500)            1    0.0000%  99.9997%
  [   324000,   324500)            1    0.0000%  99.9997%
  [   328500,   329000)            1    0.0000%  99.9997%
  [   333000,   333500)            1    0.0000%  99.9997%
  [   334000,   334500)            1    0.0000%  99.9997%
  [   340000,   340500)            1    0.0000%  99.9997%
  [   357000,   357500)            1    0.0000%  99.9998%
  [   427500,   428000)            1    0.0000%  99.9998%
  [   459500,   460000)            1    0.0000%  99.9998%
  [   466500,   467000)            1    0.0000%  99.9998%
  [   504000,   504500)            1    0.0000%  99.9998%
  [   566000,   566500)            1    0.0000%  99.9998%
  [   572000,   572500)            1    0.0000%  99.9998%
  [   580000,   580500)            2    0.0000%  99.9998%
  [   581500,   582000)            1    0.0000%  99.9998%
  [   588500,   589000)            1    0.0000%  99.9998%
  [   594500,   595000)            1    0.0000%  99.9998%
  [   611000,   611500)            1    0.0000%  99.9998%
  [   625500,   626000)            1    0.0000%  99.9998%
  [   638500,   639000)            1    0.0000%  99.9998%
  [   645500,   646000)            1    0.0000%  99.9998%
  [   658500,   659000)            1    0.0000%  99.9998%
  [   659000,   659500)            1    0.0000%  99.9998%
  [   667500,   668000)            1    0.0000%  99.9998%
  [   670000,   670500)            1    0.0000%  99.9998%
  [   697500,   698000)            1    0.0000%  99.9998%
  [   707000,   707500)            1    0.0000%  99.9998%
  [   711000,   711500)            1    0.0000%  99.9998%
  [   712000,   712500)            2    0.0000%  99.9998%
  [   715500,   716000)            1    0.0000%  99.9998%
  [   722000,   722500)            1    0.0000%  99.9998%
  [   722500,   723000)            1    0.0000%  99.9998%
  [   724500,   725000)            1    0.0000%  99.9998%
  [   729500,   730000)            1    0.0000%  99.9999%
  [   730000,   730500)            1    0.0000%  99.9999%
  [   739000,   739500)            1    0.0000%  99.9999%
  [   740500,   741000)            2    0.0000%  99.9999%
  [   748000,   748500)            1    0.0000%  99.9999%
  [   754000,   754500)            1    0.0000%  99.9999%
  [   763500,   764000)            1    0.0000%  99.9999%
  [   776500,   777000)            1    0.0000%  99.9999%
  [   781000,   781500)            1    0.0000%  99.9999%
  [   788000,   788500)            1    0.0000%  99.9999%
  [   808000,   808500)            1    0.0000%  99.9999%
  [   817000,   817500)            1    0.0000%  99.9999%
  [   826500,   827000)            1    0.0000%  99.9999%
  [   836000,   836500)            1    0.0000%  99.9999%
  [   842000,   842500)            1    0.0000%  99.9999%
  [   847000,   847500)            2    0.0000%  99.9999%
  [   865500,   866000)            1    0.0000%  99.9999%
  [   879500,   880000)            1    0.0000%  99.9999%
  [   881000,   881500)            1    0.0000%  99.9999%
  [   899000,   899500)            1    0.0000%  99.9999%
  [   912000,   912500)            1    0.0000%  99.9999%
  [   927000,   927500)            1    0.0000%  99.9999%
  [   931000,   931500)            1    0.0000%  99.9999%
  [   937500,   938000)            1    0.0000%  99.9999%
  [   958000,   958500)            1    0.0000%  99.9999%
  [   964000,   964500)            1    0.0000%  99.9999%
  [   968500,   969000)            1    0.0000%  99.9999%
  [   970500,   971000)            1    0.0000% 100.0000%
  [   998000,   998500)            1    0.0000% 100.0000%
  [   999500, +inf)                  13    0.0000% 100.0000%

----- REMOTE OPERATIONS [node 0] -----
  ops total                = 28836904
  ops local  (cache hit)   = 0 (0.00%)
  ops remote (>=1 net op)  = 28836904 (100.00%)
  remote ops total         = 256448475
    rdma read              = 227611571
    rdma write             = 0
    rdma cas               = 0
    rpc pushdown           = 28836904
  remote ops / op          = 8.8931
  remote ops / remote op   = 8.8931

----- OFFLOADED TASKS [node 0] -----
  lookup pushdowns         = 0
  scan    pushdowns (RPC)  = 28836902
    kv pairs returned      = 2883686739
    leaves scanned remotely= 248444591
    kv / scan pushdown     = 100.00
    leaves / scan pushdown = 8.62
  per-thread breakdown (tid: lookups | scans | kv | leaves):
    t0             0 |     826731 |   82673009 |    7123729
    t1             0 |     770631 |   77062965 |    6639525
    t2             0 |     827002 |   82700023 |    7124568
    t3             0 |     769616 |   76961289 |    6630933
    t4             0 |     829102 |   82910060 |    7142817
    t5             0 |     775985 |   77598449 |    6685437
    t6             0 |     831180 |   83117924 |    7160547
    t7             0 |     771952 |   77195103 |    6650391
    t8             0 |     833333 |   83333203 |    7178978
    t9             0 |     773049 |   77304826 |    6660207
    t10            0 |     832088 |   83208786 |    7169251
    t11            0 |     772373 |   77237170 |    6654984
    t12            0 |     830450 |   83044909 |    7154967
    t13            0 |     774610 |   77460958 |    6673481
    t14            0 |     826603 |   82660216 |    7122048
    t15            0 |     767236 |   76723600 |    6609719
    t16            0 |     830537 |   83053573 |    7155466
    t17            0 |     774285 |   77428371 |    6670147
    t18            0 |     828931 |   82892989 |    7141630
    t19            0 |     771802 |   77180085 |    6649158
    t20            0 |     833088 |   83308751 |    7177305
    t21            0 |     775296 |   77529375 |    6680112
    t22            0 |     828692 |   82869149 |    7139471
    t23            0 |     768600 |   76859958 |    6621911
    t24            0 |     831303 |   83130030 |    7162196
    t25            0 |     772586 |   77258536 |    6656860
    t26            0 |     826757 |   82675461 |    7123356
    t27            0 |     769192 |   76919158 |    6626734
    t28            0 |     833139 |   83313900 |    7177974
    t29            0 |     773371 |   77336870 |    6662604
    t30            0 |     833170 |   83317000 |    7178340
    t31            0 |     772960 |   77295992 |    6659189
    t32            0 |     831671 |   83167017 |    7165610
    t33            0 |     772672 |   77267200 |    6657335
    t34            0 |     828217 |   82821669 |    7135236
    t35            0 |     768692 |   76869165 |    6622375

----- PATH-AWARE CACHE MISS RATE [node 0] -----
  node accesses (hit+miss) = 611716745
  node cache hits          = 384110160 (62.79%)
  MISS RATE                = 37.2078%  (227606585 / 611716745)
  inner-node miss          = 198769681 (87.33% of misses, 32.4937% rate)
  leaf-node  miss          = 28836904 (12.67% of misses, 4.7141% rate)
  total miss               = 227606585
  cache writebacks         = 0
=========================================================================

Round 0 (max_throughput): 0.916 Mops/s
Round 0 (straggler_throughput): 0.915984 Mops/s
Before barrier finish
Avg. rdma read time(ms) = 0
Avg. rdma write time(ms) = -nan
Avg. rdma read / op = 7.89307
Avg. rdma write / op = 0
Avg. rdma cas / op = 0
Avg. rdma rpc / op = 1
Avg. all rdma / op = 8.89307
Avg. rdma read size/ op = 5162.16
Avg. rdma write size / op = 0
Avg. rdma RW size / op = 5162.16
------------------------------------------
Node 0 average throughput = 0.9005
Node 0 total throughput = 0.916
All CN throughput (Max) = 0.916
All CN throughput (Straggler) = 0.915984
Final throughput = 0.915984
[CORRECTNESS node 0] ops ok 28836902 / 28836904 = 100.0000%; scans 28836904, rows 2883686739 (100.00 per scan)
------------------------------------------
