nodes 2, threads 36, mix R/I/U/S=0/0/0/100, zipf-0.99, bulk 50M warmup 10M op 30M, offload 0%, scan_range 100
[4mshared memory size: 64GB, 0x7feeda800000[0m
[4mrdma cache size: 4GB[0m
[4mMachine NR: 2[0m
[4mCompute server 1 start up [10.30.1.6]
[0m
I connect server 0
[CONFIG node 1] bulk load: bottom-up build, 8 keys per leaf, 6 children per inner node (CHIME_BULK_BUILD / CHIME_BUILD_LEAF_KEYS / CHIME_BUILD_INNER_FANOUT)
[CONFIG node 1] clients on this node: yes (CHIME_MN_CLIENTS)
[CONFIG node 1] leaf cache by key=0 owner=0 admit_push=0.00 granule=16 (CHIME_LEAF_BY_KEY / CHIME_LEAF_OWNER / CHIME_LEAF_ADMIT_PUSH / CHIME_LEAF_KEY_GRANULE)
[CONFIG node 1] scan path: from_cache=1 offload_always=1 (CHIME_SCAN_FROM_CACHE / CHIME_SCAN_OFFLOAD_ALWAYS)
[CONFIG node 1] push ops: both (CHIME_PUSH_OPS; applies only with offloading on)
[CACHE node 1] total=32 MB index=32 MB leaf=0 MB
[CONFIG node 1] dir threads = 1 (CHIME_DIR_THREADS, max 16) -- MUST match the other node
[CORES node 1] linear pinning: app threads -> CPUs 0..35, main -> 79, dir threads -> 79 (REV_DIR_CPUS)
[CONFIG] hotspot buffer + speculative read: off (CHIME_HOTSPOT; stock CHIME: on above 50 MB)
workload generated: keyspace=50001000 bulk=50000000 warmup=9999972 op=29999988
[4mKey space set: keySpaceSize=50000000[0m
I am 36
I am 52
I am 57
I am 41
I am 69
I am 47
I am 40
I am 43
I am 61
I am 42
I am 66
I am 46
I am 59
I am 65
I am 56
I am 51
I am 44
I am 48
I am 63
I am 37
I am 45
I am 60
I am 62
I am 58
I am 64
I am 55
I am 49
I am 50
I am 53
I am 54
I am 67
I am 68
I am 70
I am 39
I am 71
I am 38
[build] leaves: 10% (625001/6250000)
[build] leaves: 20% (1250002/6250000)
[build] leaves: 30% (1875003/6250000)
[build] leaves: 40% (2500004/6250000)
[build] leaves: 50% (3125005/6250000)
[build] leaves: 60% (3750006/6250000)
[build] leaves: 70% (4375007/6250000)
[build] leaves: 80% (5000008/6250000)
[build] leaves: 90% (5625009/6250000)
[build] inner level 1: 1041667 nodes
[build] inner level 2: 173611 nodes
[build] inner level 3: 28935 nodes
[build] inner level 4: 4823 nodes
[build] inner level 5: 804 nodes
[build] inner level 6: 134 nodes
[build] inner level 7: 23 nodes
[build] inner level 8: 4 nodes
[build] inner level 9: 1 nodes
[build] done in 18.9s: height=10 leaves=6250000 inner_nodes=1250002 (8 keys per leaf, 6 children per inner node)
[TREE] height=10 leaves=6250000 inner_nodes=1250002 keys_per_leaf=8.00 inner_MB=399.4 leaf_MB=2104.0 total_MB=2503.4 (internal span 16, leaf span 16, node bytes inner=335 leaf=353)
node 1 warmup done in 131s
[INDEX] --- post-bulk-load cache occupancy (cache = 32 MB) ---
 ----- [TreeCache]:  cache size=32 MB free_size=0.000 MB skiplist_node_cnt=1249785 ----- 
consumed cache size = 32.000 MB
 ----- [IdxCache]:  cache size=0 MB free_size=0.000 MB ---- 
consumed hotspot buffer size = 0.000000 MB

[LEAFCACHE] off
1, throughput 0.0775 Mops
1, throughput 0.0774 Mops
1, throughput 0.0766 Mops
1, throughput 0.0775 Mops
1, throughput 0.0768 Mops
1, throughput 0.0769 Mops
1, throughput 0.0774 Mops
1, throughput 0.0771 Mops
1, throughput 0.0765 Mops
1, throughput 0.0765 Mops
1, throughput 0.0769 Mops
1, throughput 0.0761 Mops
1, throughput 0.0768 Mops
1, throughput 0.0761 Mops
1, throughput 0.0771 Mops
1, throughput 0.0768 Mops
1, throughput 0.0765 Mops
1, throughput 0.0770 Mops
1, throughput 0.0763 Mops
1, throughput 0.0767 Mops
1, throughput 0.0767 Mops
1, throughput 0.0771 Mops
1, throughput 0.0767 Mops
1, throughput 0.0766 Mops
1, throughput 0.0765 Mops
1, throughput 0.0770 Mops
1, throughput 0.0763 Mops
1, throughput 0.0775 Mops
1, throughput 0.0772 Mops
1, throughput 0.0768 Mops
1, throughput 0.0770 Mops
1, throughput 0.0768 Mops
1, throughput 0.0765 Mops
1, throughput 0.0771 Mops
1, throughput 0.0766 Mops
1, throughput 0.0767 Mops
1, throughput 0.0764 Mops
1, throughput 0.0758 Mops
1, throughput 0.0773 Mops
1, throughput 0.0760 Mops
1, throughput 0.0760 Mops
1, throughput 0.0770 Mops
1, throughput 0.0772 Mops
1, throughput 0.0769 Mops
1, throughput 0.0763 Mops
1, throughput 0.0759 Mops
1, throughput 0.0768 Mops
1, throughput 0.0768 Mops
1, throughput 0.0767 Mops
1, throughput 0.0765 Mops
1, throughput 0.0767 Mops
1, throughput 0.0770 Mops
1, throughput 0.0764 Mops
1, throughput 0.0769 Mops
1, throughput 0.0766 Mops
1, throughput 0.0762 Mops
1, throughput 0.0759 Mops
1, throughput 0.0771 Mops
1, throughput 0.0765 Mops
1, throughput 0.0769 Mops
1, throughput 0.0772 Mops
1, throughput 0.0770 Mops
1, throughput 0.0767 Mops
1, throughput 0.0765 Mops
1, throughput 0.0766 Mops
1, throughput 0.0762 Mops
1, throughput 0.0767 Mops
1, throughput 0.0767 Mops
1, throughput 0.0770 Mops
1, throughput 0.0771 Mops
1, throughput 0.0763 Mops
1, throughput 0.0768 Mops
1, throughput 0.0765 Mops
1, throughput 0.0765 Mops
1, throughput 0.0762 Mops
1, throughput 0.0763 Mops
1, throughput 0.0769 Mops
1, throughput 0.0766 Mops
1, throughput 0.0759 Mops
1, throughput 0.0764 Mops
1, throughput 0.0770 Mops
1, throughput 0.0764 Mops
1, throughput 0.0763 Mops
1, throughput 0.0761 Mops
1, throughput 0.0769 Mops
1, throughput 0.0767 Mops
1, throughput 0.0768 Mops
1, throughput 0.0765 Mops
1, throughput 0.0767 Mops
1, throughput 0.0764 Mops
1, throughput 0.0760 Mops
1, throughput 0.0772 Mops
1, throughput 0.0762 Mops
1, throughput 0.0770 Mops
1, throughput 0.0764 Mops
1, throughput 0.0766 Mops
1, throughput 0.0769 Mops
1, throughput 0.0763 Mops
1, throughput 0.0763 Mops
1, throughput 0.0759 Mops
1, throughput 0.0764 Mops
1, throughput 0.0763 Mops
1, throughput 0.0764 Mops
1, throughput 0.0765 Mops
1, throughput 0.0759 Mops
1, throughput 0.0761 Mops
1, throughput 0.0764 Mops
1, throughput 0.0773 Mops
1, throughput 0.0758 Mops
1, throughput 0.0764 Mops
1, throughput 0.0770 Mops
1, throughput 0.0760 Mops
1, throughput 0.0763 Mops
1, throughput 0.0770 Mops
1, throughput 0.0757 Mops
1, throughput 0.0762 Mops
1, throughput 0.0764 Mops
1, throughput 0.0765 Mops
1, throughput 0.0870 Mops
1, throughput 0.0923 Mops
1, throughput 0.0904 Mops
1, throughput 0.0921 Mops
1, throughput 0.0926 Mops
1, throughput 0.0929 Mops
1, throughput 0.0929 Mops
1, throughput 0.0929 Mops
1, throughput 0.0929 Mops
1, throughput 0.0921 Mops
1, throughput 0.0925 Mops
1, throughput 0.0929 Mops
1, throughput 0.0935 Mops
1, throughput 0.0928 Mops
1, throughput 0.0927 Mops
1, throughput 0.0926 Mops
1, throughput 0.0926 Mops
1, throughput 0.0923 Mops
1, throughput 0.0936 Mops
1, throughput 0.0927 Mops
1, throughput 0.0923 Mops
1, throughput 0.0929 Mops
1, throughput 0.0921 Mops
1, throughput 0.0922 Mops
1, throughput 0.0921 Mops
1, throughput 0.0923 Mops
1, throughput 0.0922 Mops
1, throughput 0.0924 Mops
1, throughput 0.0921 Mops
1, throughput 0.0929 Mops
1, throughput 0.0933 Mops
1, throughput 0.0929 Mops
1, throughput 0.0922 Mops
1, throughput 0.0929 Mops
1, throughput 0.0935 Mops
1, throughput 0.0929 Mops
1, throughput 0.0929 Mops
1, throughput 0.0930 Mops
1, throughput 0.0923 Mops
1, throughput 0.0928 Mops
1, throughput 0.0937 Mops
1, throughput 0.0925 Mops
1, throughput 0.0933 Mops
1, throughput 0.0915 Mops
1, throughput 0.0928 Mops
1, throughput 0.0932 Mops
1, throughput 0.0936 Mops
1, throughput 0.0923 Mops
1, throughput 0.0923 Mops
1, throughput 0.0928 Mops
1, throughput 0.0933 Mops
1, throughput 0.0929 Mops
1, throughput 0.0926 Mops
1, throughput 0.0936 Mops
1, throughput 0.0929 Mops
1, throughput 0.0932 Mops
1, throughput 0.0926 Mops
1, throughput 0.0930 Mops
1, throughput 0.0931 Mops
1, throughput 0.0923 Mops
1, throughput 0.0931 Mops
1, throughput 0.0922 Mops
1, throughput 0.0933 Mops
1, throughput 0.0923 Mops
1, throughput 0.0920 Mops
1, throughput 0.0926 Mops
1, throughput 0.0927 Mops
1, throughput 0.0927 Mops
1, throughput 0.0932 Mops
1, throughput 0.0922 Mops
1, throughput 0.0937 Mops
1, throughput 0.0927 Mops
1, throughput 0.0934 Mops
1, throughput 0.0932 Mops
1, throughput 0.0926 Mops
1, throughput 0.0929 Mops
1, throughput 0.0918 Mops
1, throughput 0.0925 Mops
1, throughput 0.0925 Mops
1, throughput 0.0925 Mops
1, throughput 0.0929 Mops
1, throughput 0.0921 Mops
1, throughput 0.0923 Mops
1, throughput 0.0939 Mops
1, throughput 0.0910 Mops
1, throughput 0.0932 Mops
1, throughput 0.0923 Mops
1, throughput 0.0929 Mops
1, throughput 0.0934 Mops
1, throughput 0.0925 Mops
1, throughput 0.0923 Mops
1, throughput 0.0925 Mops
1, throughput 0.0934 Mops
1, throughput 0.0922 Mops
1, throughput 0.0924 Mops
1, throughput 0.0930 Mops
1, throughput 0.0930 Mops
1, throughput 0.0930 Mops
1, throughput 0.0930 Mops
1, throughput 0.0923 Mops
1, throughput 0.0927 Mops
1, throughput 0.0929 Mops
1, throughput 0.0931 Mops
1, throughput 0.0931 Mops
1, throughput 0.0927 Mops
1, throughput 0.0917 Mops
1, throughput 0.0924 Mops
1, throughput 0.0924 Mops
1, throughput 0.0923 Mops
1, throughput 0.0933 Mops
1, throughput 0.0932 Mops
1, throughput 0.0931 Mops
1, throughput 0.0926 Mops
1, throughput 0.0921 Mops
1, throughput 0.0939 Mops
1, throughput 0.0935 Mops
1, throughput 0.0926 Mops
1, throughput 0.0932 Mops
1, throughput 0.0923 Mops
1, throughput 0.0928 Mops
1, throughput 0.0934 Mops
1, throughput 0.0932 Mops
1, throughput 0.0930 Mops
1, throughput 0.0927 Mops
1, throughput 0.0932 Mops
1, throughput 0.0922 Mops
1, throughput 0.0921 Mops
1, throughput 0.0930 Mops
1, throughput 0.0933 Mops
1, throughput 0.0941 Mops
1, throughput 0.0923 Mops
1, throughput 0.0921 Mops
1, throughput 0.0923 Mops
1, throughput 0.0925 Mops
1, throughput 0.0932 Mops
1, throughput 0.0932 Mops
1, throughput 0.0926 Mops
1, throughput 0.0935 Mops
1, throughput 0.0930 Mops
1, throughput 0.0922 Mops
1, throughput 0.0922 Mops
1, throughput 0.0924 Mops
1, throughput 0.0927 Mops
1, throughput 0.0930 Mops
1, throughput 0.0924 Mops
1, throughput 0.0930 Mops
1, throughput 0.0923 Mops
1, throughput 0.0929 Mops
1, throughput 0.0931 Mops
1, throughput 0.0928 Mops
1, throughput 0.0934 Mops
1, throughput 0.0926 Mops
1, throughput 0.0930 Mops
1, throughput 0.0925 Mops
1, throughput 0.0931 Mops
1, throughput 0.0928 Mops
1, throughput 0.0929 Mops
1, throughput 0.0928 Mops
1, throughput 0.0932 Mops
1, throughput 0.0927 Mops
1, throughput 0.0931 Mops
1, throughput 0.0923 Mops
1, throughput 0.0922 Mops
1, throughput 0.0927 Mops
1, throughput 0.0928 Mops
1, throughput 0.0930 Mops
1, throughput 0.0924 Mops
1, throughput 0.0919 Mops
1, throughput 0.0931 Mops
1, throughput 0.0928 Mops
1, throughput 0.0927 Mops
1, throughput 0.0934 Mops
1, throughput 0.0928 Mops
1, throughput 0.0933 Mops
1, throughput 0.0930 Mops
1, throughput 0.0927 Mops
1, throughput 0.0928 Mops
1, throughput 0.0933 Mops
1, throughput 0.0926 Mops
1, throughput 0.0925 Mops
1, throughput 0.0935 Mops
1, throughput 0.0926 Mops
1, throughput 0.0928 Mops
1, throughput 0.0933 Mops
1, throughput 0.0929 Mops
1, throughput 0.0920 Mops
1, throughput 0.0928 Mops
1, throughput 0.0916 Mops
1, throughput 0.0927 Mops
1, throughput 0.0928 Mops
1, throughput 0.0936 Mops
1, throughput 0.0930 Mops
1, throughput 0.0920 Mops
1, throughput 0.0926 Mops
1, throughput 0.0934 Mops
1, throughput 0.0927 Mops
1, throughput 0.0926 Mops
1, throughput 0.0934 Mops
1, throughput 0.0930 Mops
1, throughput 0.0927 Mops
1, throughput 0.0936 Mops
1, throughput 0.0924 Mops
1, throughput 0.0936 Mops
1, throughput 0.0936 Mops
1, throughput 0.0931 Mops
1, throughput 0.0932 Mops
1, throughput 0.0931 Mops
1, throughput 0.0922 Mops
1, throughput 0.0917 Mops
1, throughput 0.0932 Mops
1, throughput 0.0935 Mops
1, throughput 0.0931 Mops
1, throughput 0.0928 Mops
1, throughput 0.0934 Mops
1, throughput 0.0925 Mops
1, throughput 0.0928 Mops
1, throughput 0.0926 Mops
1, throughput 0.0930 Mops
1, throughput 0.0926 Mops
1, throughput 0.0933 Mops
1, throughput 0.0927 Mops
1, throughput 0.0929 Mops
1, throughput 0.0933 Mops
1, throughput 0.0930 Mops
1, throughput 0.0922 Mops
1, throughput 0.0934 Mops
1, throughput 0.0922 Mops
1, throughput 0.0925 Mops
1, throughput 0.0917 Mops
1, throughput 0.0921 Mops
1, throughput 0.0925 Mops
1, throughput 0.0938 Mops
1, throughput 0.0930 Mops
1, throughput 0.0934 Mops
1, throughput 0.0922 Mops
1, throughput 0.0926 Mops
1, throughput 0.0921 Mops
1, throughput 0.0926 Mops
1, throughput 0.0925 Mops
1, throughput 0.0926 Mops
1, throughput 0.0922 Mops
1, throughput 0.0934 Mops
1, throughput 0.0923 Mops
1, throughput 0.0931 Mops
1, throughput 0.0936 Mops
1, throughput 0.0925 Mops
1, throughput 0.0916 Mops
1, throughput 0.0925 Mops
1, throughput 0.0919 Mops
1, throughput 0.0905 Mops
1, throughput 0.0847 Mops
1, throughput 0.0751 Mops
1, throughput 0.0755 Mops
1, throughput 0.0737 Mops
1, throughput 0.0790 Mops
1, throughput 0.0801 Mops
1, throughput 0.0756 Mops
1, throughput 0.0883 Mops
1, throughput 0.0929 Mops
1, throughput 0.0914 Mops
1, throughput 0.0804 Mops
1, throughput 0.0771 Mops
1, throughput 0.0761 Mops
1, throughput 0.0759 Mops
1, throughput 0.0756 Mops
1, throughput 0.0768 Mops
1, throughput 0.0762 Mops
1, throughput 0.0762 Mops
1, throughput 0.0765 Mops
1, throughput 0.0755 Mops
1, throughput 0.0759 Mops
1, throughput 0.0763 Mops
1, throughput 0.0765 Mops
1, throughput 0.0758 Mops
1, throughput 0.0772 Mops
1, throughput 0.0764 Mops
1, throughput 0.0761 Mops
1, throughput 0.0757 Mops
1, throughput 0.0755 Mops
1, throughput 0.0771 Mops
1, throughput 0.0763 Mops
1, throughput 0.0763 Mops
1, throughput 0.0763 Mops
1, throughput 0.0767 Mops
1, throughput 0.0765 Mops
1, throughput 0.0770 Mops
1, throughput 0.0769 Mops
1, throughput 0.0764 Mops
1, throughput 0.0759 Mops
1, throughput 0.0766 Mops
1, throughput 0.0758 Mops
1, throughput 0.0763 Mops
1, throughput 0.0766 Mops
1, throughput 0.0766 Mops
1, throughput 0.0761 Mops
1, throughput 0.0767 Mops
1, throughput 0.0759 Mops
1, throughput 0.0762 Mops
1, throughput 0.0766 Mops
1, throughput 0.0761 Mops
1, throughput 0.0764 Mops
1, throughput 0.0767 Mops
1, throughput 0.0763 Mops
1, throughput 0.0758 Mops
1, throughput 0.0764 Mops
1, throughput 0.0763 Mops
1, throughput 0.0767 Mops
1, throughput 0.0761 Mops
1, throughput 0.0759 Mops
1, throughput 0.0765 Mops
1, throughput 0.0765 Mops
1, throughput 0.0754 Mops
1, throughput 0.0758 Mops
1, throughput 0.0764 Mops
1, throughput 0.0762 Mops
1, throughput 0.0767 Mops
1, throughput 0.0766 Mops
1, throughput 0.0764 Mops
1, throughput 0.0761 Mops
1, throughput 0.0763 Mops
1, throughput 0.0766 Mops
1, throughput 0.0765 Mops
1, throughput 0.0754 Mops
1, throughput 0.0761 Mops
1, throughput 0.0760 Mops
1, throughput 0.0755 Mops
1, throughput 0.0760 Mops
1, throughput 0.0764 Mops
1, throughput 0.0753 Mops
1, throughput 0.0757 Mops
1, throughput 0.0758 Mops
1, throughput 0.0762 Mops
1, throughput 0.0764 Mops
1, throughput 0.0764 Mops
1, throughput 0.0760 Mops
1, throughput 0.0759 Mops
1, throughput 0.0760 Mops
1, throughput 0.0758 Mops
1, throughput 0.0763 Mops
1, throughput 0.0760 Mops
1, throughput 0.0762 Mops
1, throughput 0.0760 Mops
1, throughput 0.0761 Mops
1, throughput 0.0764 Mops
1, throughput 0.0759 Mops
1, throughput 0.0757 Mops
1, throughput 0.0760 Mops
1, throughput 0.0763 Mops
1, throughput 0.0756 Mops
1, throughput 0.0759 Mops
1, throughput 0.0761 Mops
1, throughput 0.0763 Mops
1, throughput 0.0766 Mops
1, throughput 0.0761 Mops
1, throughput 0.0765 Mops
1, throughput 0.0760 Mops
1, throughput 0.0765 Mops
1, throughput 0.0761 Mops
1, throughput 0.0758 Mops
1, throughput 0.0749 Mops
1, throughput 0.0764 Mops
1, throughput 0.0764 Mops
1, throughput 0.0764 Mops
1, throughput 0.0763 Mops
1, throughput 0.0764 Mops
1, throughput 0.0760 Mops
1, throughput 0.0756 Mops
1, throughput 0.0764 Mops
1, throughput 0.0759 Mops
1, throughput 0.0759 Mops
1, throughput 0.0756 Mops
1, throughput 0.0760 Mops
1, throughput 0.0765 Mops
1, throughput 0.0763 Mops
1, throughput 0.0761 Mops
1, throughput 0.0759 Mops
1, throughput 0.0768 Mops
1, throughput 0.0756 Mops
1, throughput 0.0753 Mops
1, throughput 0.0782 Mops
1, throughput 0.0922 Mops
1, throughput 0.0917 Mops
1, throughput 0.0924 Mops
1, throughput 0.0925 Mops
1, throughput 0.0936 Mops
1, throughput 0.0925 Mops
1, throughput 0.0924 Mops
1, throughput 0.0923 Mops
1, throughput 0.0929 Mops
1, throughput 0.0933 Mops
1, throughput 0.0936 Mops
1, throughput 0.0932 Mops
1, throughput 0.0929 Mops
1, throughput 0.0926 Mops
1, throughput 0.0918 Mops
1, throughput 0.0929 Mops
1, throughput 0.0922 Mops
1, throughput 0.0923 Mops
1, throughput 0.0934 Mops
1, throughput 0.0933 Mops
1, throughput 0.0929 Mops
1, throughput 0.0924 Mops
1, throughput 0.0931 Mops
1, throughput 0.0931 Mops
1, throughput 0.0930 Mops
1, throughput 0.0931 Mops
1, throughput 0.0927 Mops
1, throughput 0.0927 Mops
1, throughput 0.0929 Mops
1, throughput 0.0932 Mops
1, throughput 0.0931 Mops
1, throughput 0.0930 Mops
1, throughput 0.0930 Mops
1, throughput 0.0931 Mops
1, throughput 0.0920 Mops
1, throughput 0.0925 Mops
1, throughput 0.0927 Mops
1, throughput 0.0934 Mops
1, throughput 0.0931 Mops
1, throughput 0.0928 Mops
1, throughput 0.0928 Mops
1, throughput 0.0935 Mops
1, throughput 0.0926 Mops
1, throughput 0.0939 Mops
1, throughput 0.0929 Mops
1, throughput 0.0930 Mops
1, throughput 0.0929 Mops
1, throughput 0.0920 Mops
1, throughput 0.0928 Mops
1, throughput 0.0934 Mops
1, throughput 0.0932 Mops
1, throughput 0.0931 Mops
1, throughput 0.0925 Mops
1, throughput 0.0926 Mops
1, throughput 0.0931 Mops
1, throughput 0.0908 Mops
1, throughput 0.0925 Mops
1, throughput 0.0926 Mops
1, throughput 0.0925 Mops
1, throughput 0.0926 Mops
1, throughput 0.0931 Mops
1, throughput 0.0929 Mops
1, throughput 0.0930 Mops
1, throughput 0.0934 Mops
1, throughput 0.0936 Mops
1, throughput 0.0926 Mops
1, throughput 0.0924 Mops
1, throughput 0.0927 Mops
1, throughput 0.0935 Mops
1, throughput 0.0929 Mops
1, throughput 0.0934 Mops
1, throughput 0.0924 Mops
1, throughput 0.0927 Mops
1, throughput 0.0927 Mops
1, throughput 0.0937 Mops
1, throughput 0.0923 Mops
1, throughput 0.0925 Mops
1, throughput 0.0928 Mops
1, throughput 0.0933 Mops
1, throughput 0.0928 Mops
1, throughput 0.0923 Mops
1, throughput 0.0929 Mops
1, throughput 0.0923 Mops
1, throughput 0.0933 Mops
1, throughput 0.0937 Mops
1, throughput 0.0939 Mops
1, throughput 0.0928 Mops
1, throughput 0.0919 Mops
1, throughput 0.0928 Mops
1, throughput 0.0926 Mops
1, throughput 0.0923 Mops
1, throughput 0.0930 Mops
1, throughput 0.0931 Mops
1, throughput 0.0927 Mops
1, throughput 0.0935 Mops
1, throughput 0.0932 Mops
1, throughput 0.0913 Mops
1, throughput 0.0923 Mops
1, throughput 0.0932 Mops
1, throughput 0.0930 Mops
1, throughput 0.0921 Mops
1, throughput 0.0933 Mops
1, throughput 0.0925 Mops
1, throughput 0.0936 Mops
1, throughput 0.0928 Mops
1, throughput 0.0932 Mops
1, throughput 0.0934 Mops
1, throughput 0.0922 Mops
1, throughput 0.0934 Mops
1, throughput 0.0930 Mops
1, throughput 0.0939 Mops
1, throughput 0.0935 Mops
1, throughput 0.0931 Mops
1, throughput 0.0930 Mops
1, throughput 0.0923 Mops
1, throughput 0.0924 Mops
1, throughput 0.0928 Mops
1, throughput 0.0920 Mops
1, throughput 0.0923 Mops
1, throughput 0.0930 Mops
1, throughput 0.0933 Mops
1, throughput 0.0931 Mops
1, throughput 0.0935 Mops
1, throughput 0.0922 Mops
1, throughput 0.0924 Mops
1, throughput 0.0930 Mops
1, throughput 0.0934 Mops
1, throughput 0.0923 Mops
1, throughput 0.0931 Mops
1, throughput 0.0926 Mops
1, throughput 0.0942 Mops
1, throughput 0.0932 Mops
1, throughput 0.0926 Mops
1, throughput 0.0935 Mops
1, throughput 0.0928 Mops
1, throughput 0.0934 Mops
1, throughput 0.0933 Mops
1, throughput 0.0914 Mops
1, throughput 0.0918 Mops
1, throughput 0.0930 Mops
1, throughput 0.0925 Mops
1, throughput 0.0926 Mops
1, throughput 0.0931 Mops
1, throughput 0.0925 Mops
1, throughput 0.0924 Mops
1, throughput 0.0939 Mops
1, throughput 0.0931 Mops
1, throughput 0.0931 Mops
1, throughput 0.0931 Mops
1, throughput 0.0924 Mops
1, throughput 0.0931 Mops
1, throughput 0.0927 Mops
1, throughput 0.0935 Mops
1, throughput 0.0926 Mops
1, throughput 0.0927 Mops
1, throughput 0.0926 Mops
1, throughput 0.0930 Mops
1, throughput 0.0934 Mops
1, throughput 0.0911 Mops
1, throughput 0.0929 Mops
1, throughput 0.0926 Mops
1, throughput 0.0921 Mops
1, throughput 0.0924 Mops
1, throughput 0.0931 Mops
1, throughput 0.0918 Mops
1, throughput 0.0935 Mops
1, throughput 0.0922 Mops
1, throughput 0.0929 Mops
1, throughput 0.0926 Mops
1, throughput 0.0929 Mops
1, throughput 0.0929 Mops
1, throughput 0.0936 Mops
1, throughput 0.0934 Mops
1, throughput 0.0927 Mops
1, throughput 0.0934 Mops
1, throughput 0.0902 Mops
1, throughput 0.0876 Mops
1, throughput 0.0799 Mops
1, throughput 0.0679 Mops
1, throughput 0.0632 Mops
1, throughput 0.0595 Mops
1, throughput 0.0559 Mops
1, throughput 0.0546 Mops
1, throughput 0.0539 Mops
1, throughput 0.0539 Mops
1, throughput 0.0538 Mops
1, throughput 0.0542 Mops
1, throughput 0.0546 Mops
1, throughput 0.0540 Mops
1, throughput 0.0543 Mops
1, throughput 0.0543 Mops
1, throughput 0.0539 Mops
1, throughput 0.0544 Mops
1, throughput 0.0541 Mops
1, throughput 0.0542 Mops
1, throughput 0.0541 Mops
1, throughput 0.0544 Mops
1, throughput 0.0535 Mops
1, throughput 0.0517 Mops
1, throughput 0.0472 Mops
1, throughput 0.0338 Mops
1, throughput 0.0218 Mops
1, throughput 0.0149 Mops
1, throughput 0.0094 Mops
1, throughput 0.0056 Mops
[RESULT node 1] ops=29999988 elapsed=351.515s throughput=0.0853 Mops mode=op-bounded
[RDMA node 1] ops=29999988 posts=1800767473 read_wr=2412106974 read_bytes=360646901085 write_wr=0 write_bytes=0 atomic_wr=0 send_wr=0 send_bytes=0
[RDMA node 1] per_op: round_trips=60.0256 reads=80.4036 writes=0.0000 atomics=0.0000 sends=0.0000 verbs=80.4036 bytes=12021.6

==================== LATENCY BUCKETS (500 ns) [node 1] ====================
[RANGE]
  ALL                n=29999988   mean=  409.83us  p50=  97.00us  p90= 899.50us  p99=1000.00us  p99.9=1000.00us  max>=1000.00us
  DIRECT (1-sided)   n=29999988   mean=  409.83us  p50=  97.00us  p90= 899.50us  p99=1000.00us  p99.9=1000.00us  max>=1000.00us
  OFFLOAD (rpc)             (no samples)
[ALL OPS]
  ALL                n=29999988   mean=  409.83us  p50=  97.00us  p90= 899.50us  p99=1000.00us  p99.9=1000.00us  max>=1000.00us
  DIRECT (1-sided)   n=29999988   mean=  409.83us  p50=  97.00us  p90= 899.50us  p99=1000.00us  p99.9=1000.00us  max>=1000.00us
  OFFLOAD (rpc)             (no samples)

----- 500 ns bucket CDF (all ops) [node 1] -----
  bucket [lo,hi) ns             count        pct       cdf
  [    45500,    46000)            3    0.0000%   0.0000%
  [    46000,    46500)           23    0.0001%   0.0001%
  [    46500,    47000)          115    0.0004%   0.0005%
  [    47000,    47500)          310    0.0010%   0.0015%
  [    47500,    48000)          850    0.0028%   0.0043%
  [    48000,    48500)         1874    0.0062%   0.0106%
  [    48500,    49000)         3151    0.0105%   0.0211%
  [    49000,    49500)         5092    0.0170%   0.0381%
  [    49500,    50000)         7609    0.0254%   0.0634%
  [    50000,    50500)        11929    0.0398%   0.1032%
  [    50500,    51000)        19215    0.0641%   0.1672%
  [    51000,    51500)        32449    0.1082%   0.2754%
  [    51500,    52000)        54975    0.1833%   0.4587%
  [    52000,    52500)        87299    0.2910%   0.7496%
  [    52500,    53000)       125296    0.4177%   1.1673%
  [    53000,    53500)       163704    0.5457%   1.7130%
  [    53500,    54000)       196639    0.6555%   2.3684%
  [    54000,    54500)       223472    0.7449%   3.1134%
  [    54500,    55000)       250758    0.8359%   3.9492%
  [    55000,    55500)       285166    0.9506%   4.8998%
  [    55500,    56000)       326917    1.0897%   5.9895%
  [    56000,    56500)       377943    1.2598%   7.2493%
  [    56500,    57000)       426274    1.4209%   8.6702%
  [    57000,    57500)       466828    1.5561%  10.2263%
  [    57500,    58000)       494691    1.6490%  11.8753%
  [    58000,    58500)       509810    1.6994%  13.5746%
  [    58500,    59000)       509623    1.6987%  15.2734%
  [    59000,    59500)       488277    1.6276%  16.9010%
  [    59500,    60000)       472244    1.5741%  18.4751%
  [    60000,    60500)       458862    1.5295%  20.0047%
  [    60500,    61000)       446225    1.4874%  21.4921%
  [    61000,    61500)       435368    1.4512%  22.9433%
  [    61500,    62000)       421400    1.4047%  24.3480%
  [    62000,    62500)       401146    1.3372%  25.6851%
  [    62500,    63000)       361096    1.2037%  26.8888%
  [    63000,    63500)       321145    1.0705%  27.9593%
  [    63500,    64000)       286177    0.9539%  28.9132%
  [    64000,    64500)       254738    0.8491%  29.7623%
  [    64500,    65000)       228118    0.7604%  30.5227%
  [    65000,    65500)       204688    0.6823%  31.2050%
  [    65500,    66000)       185475    0.6183%  31.8233%
  [    66000,    66500)       168286    0.5610%  32.3842%
  [    66500,    67000)       153576    0.5119%  32.8961%
  [    67000,    67500)       141154    0.4705%  33.3666%
  [    67500,    68000)       132756    0.4425%  33.8092%
  [    68000,    68500)       126184    0.4206%  34.2298%
  [    68500,    69000)       121241    0.4041%  34.6339%
  [    69000,    69500)       118761    0.3959%  35.0298%
  [    69500,    70000)       117376    0.3913%  35.4210%
  [    70000,    70500)       119035    0.3968%  35.8178%
  [    70500,    71000)       121180    0.4039%  36.2218%
  [    71000,    71500)       124640    0.4155%  36.6372%
  [    71500,    72000)       128374    0.4279%  37.0651%
  [    72000,    72500)       133396    0.4447%  37.5098%
  [    72500,    73000)       137000    0.4567%  37.9665%
  [    73000,    73500)       141694    0.4723%  38.4388%
  [    73500,    74000)       145113    0.4837%  38.9225%
  [    74000,    74500)       148090    0.4936%  39.4161%
  [    74500,    75000)       149447    0.4982%  39.9143%
  [    75000,    75500)       151053    0.5035%  40.4178%
  [    75500,    76000)       150762    0.5025%  40.9203%
  [    76000,    76500)       150401    0.5013%  41.4217%
  [    76500,    77000)       149555    0.4985%  41.9202%
  [    77000,    77500)       146542    0.4885%  42.4087%
  [    77500,    78000)       143030    0.4768%  42.8854%
  [    78000,    78500)       139555    0.4652%  43.3506%
  [    78500,    79000)       134811    0.4494%  43.8000%
  [    79000,    79500)       129102    0.4303%  44.2303%
  [    79500,    80000)       122842    0.4095%  44.6398%
  [    80000,    80500)       117226    0.3908%  45.0305%
  [    80500,    81000)       110163    0.3672%  45.3977%
  [    81000,    81500)       104349    0.3478%  45.7456%
  [    81500,    82000)        96518    0.3217%  46.0673%
  [    82000,    82500)        90315    0.3011%  46.3684%
  [    82500,    83000)        84275    0.2809%  46.6493%
  [    83000,    83500)        78496    0.2617%  46.9109%
  [    83500,    84000)        73309    0.2444%  47.1553%
  [    84000,    84500)        67780    0.2259%  47.3812%
  [    84500,    85000)        63378    0.2113%  47.5925%
  [    85000,    85500)        59015    0.1967%  47.7892%
  [    85500,    86000)        55336    0.1845%  47.9737%
  [    86000,    86500)        51520    0.1717%  48.1454%
  [    86500,    87000)        48637    0.1621%  48.3075%
  [    87000,    87500)        45377    0.1513%  48.4588%
  [    87500,    88000)        42895    0.1430%  48.6017%
  [    88000,    88500)        40020    0.1334%  48.7351%
  [    88500,    89000)        37519    0.1251%  48.8602%
  [    89000,    89500)        35113    0.1170%  48.9773%
  [    89500,    90000)        33078    0.1103%  49.0875%
  [    90000,    90500)        30920    0.1031%  49.1906%
  [    90500,    91000)        29062    0.0969%  49.2875%
  [    91000,    91500)        27113    0.0904%  49.3778%
  [    91500,    92000)        25239    0.0841%  49.4620%
  [    92000,    92500)        23837    0.0795%  49.5414%
  [    92500,    93000)        22061    0.0735%  49.6150%
  [    93000,    93500)        20337    0.0678%  49.6827%
  [    93500,    94000)        18472    0.0616%  49.7443%
  [    94000,    94500)        17225    0.0574%  49.8017%
  [    94500,    95000)        15830    0.0528%  49.8545%
  [    95000,    95500)        14732    0.0491%  49.9036%
  [    95500,    96000)        13485    0.0450%  49.9486%
  [    96000,    96500)        12247    0.0408%  49.9894%
  [    96500,    97000)        11320    0.0377%  50.0271%
  [    97000,    97500)        10320    0.0344%  50.0615%
  [    97500,    98000)         9299    0.0310%  50.0925%
  [    98000,    98500)         8351    0.0278%  50.1204%
  [    98500,    99000)         7611    0.0254%  50.1457%
  [    99000,    99500)         7032    0.0234%  50.1692%
  [    99500,   100000)         6330    0.0211%  50.1903%
  [   100000,   100500)         5849    0.0195%  50.2098%
  [   100500,   101000)         5316    0.0177%  50.2275%
  [   101000,   101500)         4881    0.0163%  50.2437%
  [   101500,   102000)         4415    0.0147%  50.2585%
  [   102000,   102500)         4048    0.0135%  50.2720%
  [   102500,   103000)         3818    0.0127%  50.2847%
  [   103000,   103500)         3476    0.0116%  50.2963%
  [   103500,   104000)         3244    0.0108%  50.3071%
  [   104000,   104500)         3127    0.0104%  50.3175%
  [   104500,   105000)         2838    0.0095%  50.3270%
  [   105000,   105500)         2603    0.0087%  50.3356%
  [   105500,   106000)         2419    0.0081%  50.3437%
  [   106000,   106500)         2286    0.0076%  50.3513%
  [   106500,   107000)         2136    0.0071%  50.3584%
  [   107000,   107500)         2019    0.0067%  50.3652%
  [   107500,   108000)         1879    0.0063%  50.3714%
  [   108000,   108500)         1779    0.0059%  50.3774%
  [   108500,   109000)         1750    0.0058%  50.3832%
  [   109000,   109500)         1597    0.0053%  50.3885%
  [   109500,   110000)         1563    0.0052%  50.3937%
  [   110000,   110500)         1455    0.0049%  50.3986%
  [   110500,   111000)         1350    0.0045%  50.4031%
  [   111000,   111500)         1225    0.0041%  50.4072%
  [   111500,   112000)         1274    0.0042%  50.4114%
  [   112000,   112500)         1107    0.0037%  50.4151%
  [   112500,   113000)         1058    0.0035%  50.4186%
  [   113000,   113500)         1121    0.0037%  50.4224%
  [   113500,   114000)          998    0.0033%  50.4257%
  [   114000,   114500)          973    0.0032%  50.4289%
  [   114500,   115000)          963    0.0032%  50.4322%
  [   115000,   115500)          890    0.0030%  50.4351%
  [   115500,   116000)          917    0.0031%  50.4382%
  [   116000,   116500)          838    0.0028%  50.4410%
  [   116500,   117000)          863    0.0029%  50.4438%
  [   117000,   117500)          859    0.0029%  50.4467%
  [   117500,   118000)          809    0.0027%  50.4494%
  [   118000,   118500)          835    0.0028%  50.4522%
  [   118500,   119000)          836    0.0028%  50.4550%
  [   119000,   119500)          825    0.0028%  50.4577%
  [   119500,   120000)          832    0.0028%  50.4605%
  [   120000,   120500)          735    0.0025%  50.4629%
  [   120500,   121000)          805    0.0027%  50.4656%
  [   121000,   121500)          743    0.0025%  50.4681%
  [   121500,   122000)          741    0.0025%  50.4706%
  [   122000,   122500)          763    0.0025%  50.4731%
  [   122500,   123000)          745    0.0025%  50.4756%
  [   123000,   123500)          743    0.0025%  50.4781%
  [   123500,   124000)          712    0.0024%  50.4805%
  [   124000,   124500)          741    0.0025%  50.4829%
  [   124500,   125000)          750    0.0025%  50.4854%
  [   125000,   125500)          741    0.0025%  50.4879%
  [   125500,   126000)          722    0.0024%  50.4903%
  [   126000,   126500)          795    0.0027%  50.4930%
  [   126500,   127000)          728    0.0024%  50.4954%
  [   127000,   127500)          708    0.0024%  50.4977%
  [   127500,   128000)          677    0.0023%  50.5000%
  [   128000,   128500)          758    0.0025%  50.5025%
  [   128500,   129000)          757    0.0025%  50.5050%
  [   129000,   129500)          735    0.0025%  50.5075%
  [   129500,   130000)          764    0.0025%  50.5100%
  [   130000,   130500)          778    0.0026%  50.5126%
  [   130500,   131000)          706    0.0024%  50.5150%
  [   131000,   131500)          801    0.0027%  50.5177%
  [   131500,   132000)          772    0.0026%  50.5202%
  [   132000,   132500)          788    0.0026%  50.5229%
  [   132500,   133000)          732    0.0024%  50.5253%
  [   133000,   133500)          753    0.0025%  50.5278%
  [   133500,   134000)          765    0.0026%  50.5304%
  [   134000,   134500)          779    0.0026%  50.5330%
  [   134500,   135000)          820    0.0027%  50.5357%
  [   135000,   135500)          755    0.0025%  50.5382%
  [   135500,   136000)          785    0.0026%  50.5408%
  [   136000,   136500)          771    0.0026%  50.5434%
  [   136500,   137000)          766    0.0026%  50.5459%
  [   137000,   137500)          805    0.0027%  50.5486%
  [   137500,   138000)          795    0.0027%  50.5513%
  [   138000,   138500)          761    0.0025%  50.5538%
  [   138500,   139000)          784    0.0026%  50.5564%
  [   139000,   139500)          787    0.0026%  50.5591%
  [   139500,   140000)          732    0.0024%  50.5615%
  [   140000,   140500)          765    0.0026%  50.5640%
  [   140500,   141000)          826    0.0028%  50.5668%
  [   141000,   141500)          778    0.0026%  50.5694%
  [   141500,   142000)          781    0.0026%  50.5720%
  [   142000,   142500)          787    0.0026%  50.5746%
  [   142500,   143000)          782    0.0026%  50.5772%
  [   143000,   143500)          803    0.0027%  50.5799%
  [   143500,   144000)          777    0.0026%  50.5825%
  [   144000,   144500)          774    0.0026%  50.5851%
  [   144500,   145000)          790    0.0026%  50.5877%
  [   145000,   145500)          836    0.0028%  50.5905%
  [   145500,   146000)          808    0.0027%  50.5932%
  [   146000,   146500)          803    0.0027%  50.5959%
  [   146500,   147000)          844    0.0028%  50.5987%
  [   147000,   147500)          816    0.0027%  50.6014%
  [   147500,   148000)          809    0.0027%  50.6041%
  [   148000,   148500)          856    0.0029%  50.6069%
  [   148500,   149000)          806    0.0027%  50.6096%
  [   149000,   149500)          856    0.0029%  50.6125%
  [   149500,   150000)          840    0.0028%  50.6153%
  [   150000,   150500)          795    0.0027%  50.6179%
  [   150500,   151000)          894    0.0030%  50.6209%
  [   151000,   151500)          842    0.0028%  50.6237%
  [   151500,   152000)          898    0.0030%  50.6267%
  [   152000,   152500)          848    0.0028%  50.6295%
  [   152500,   153000)          906    0.0030%  50.6326%
  [   153000,   153500)          898    0.0030%  50.6356%
  [   153500,   154000)          922    0.0031%  50.6386%
  [   154000,   154500)          880    0.0029%  50.6416%
  [   154500,   155000)          894    0.0030%  50.6445%
  [   155000,   155500)          928    0.0031%  50.6476%
  [   155500,   156000)          899    0.0030%  50.6506%
  [   156000,   156500)          923    0.0031%  50.6537%
  [   156500,   157000)          923    0.0031%  50.6568%
  [   157000,   157500)          885    0.0030%  50.6597%
  [   157500,   158000)          886    0.0030%  50.6627%
  [   158000,   158500)          904    0.0030%  50.6657%
  [   158500,   159000)          948    0.0032%  50.6689%
  [   159000,   159500)          971    0.0032%  50.6721%
  [   159500,   160000)          955    0.0032%  50.6753%
  [   160000,   160500)          926    0.0031%  50.6784%
  [   160500,   161000)          948    0.0032%  50.6815%
  [   161000,   161500)          924    0.0031%  50.6846%
  [   161500,   162000)          957    0.0032%  50.6878%
  [   162000,   162500)          933    0.0031%  50.6909%
  [   162500,   163000)          970    0.0032%  50.6941%
  [   163000,   163500)          967    0.0032%  50.6974%
  [   163500,   164000)          991    0.0033%  50.7007%
  [   164000,   164500)          920    0.0031%  50.7037%
  [   164500,   165000)          946    0.0032%  50.7069%
  [   165000,   165500)         1000    0.0033%  50.7102%
  [   165500,   166000)         1024    0.0034%  50.7136%
  [   166000,   166500)          978    0.0033%  50.7169%
  [   166500,   167000)          968    0.0032%  50.7201%
  [   167000,   167500)         1021    0.0034%  50.7235%
  [   167500,   168000)         1064    0.0035%  50.7271%
  [   168000,   168500)          998    0.0033%  50.7304%
  [   168500,   169000)         1062    0.0035%  50.7339%
  [   169000,   169500)         1021    0.0034%  50.7373%
  [   169500,   170000)         1034    0.0034%  50.7408%
  [   170000,   170500)         1061    0.0035%  50.7443%
  [   170500,   171000)         1019    0.0034%  50.7477%
  [   171000,   171500)         1049    0.0035%  50.7512%
  [   171500,   172000)         1049    0.0035%  50.7547%
  [   172000,   172500)         1017    0.0034%  50.7581%
  [   172500,   173000)         1093    0.0036%  50.7617%
  [   173000,   173500)         1033    0.0034%  50.7652%
  [   173500,   174000)         1123    0.0037%  50.7689%
  [   174000,   174500)         1062    0.0035%  50.7725%
  [   174500,   175000)         1023    0.0034%  50.7759%
  [   175000,   175500)         1078    0.0036%  50.7795%
  [   175500,   176000)         1123    0.0037%  50.7832%
  [   176000,   176500)         1106    0.0037%  50.7869%
  [   176500,   177000)         1116    0.0037%  50.7906%
  [   177000,   177500)         1142    0.0038%  50.7944%
  [   177500,   178000)         1097    0.0037%  50.7981%
  [   178000,   178500)         1141    0.0038%  50.8019%
  [   178500,   179000)         1187    0.0040%  50.8058%
  [   179000,   179500)         1143    0.0038%  50.8097%
  [   179500,   180000)         1131    0.0038%  50.8134%
  [   180000,   180500)         1188    0.0040%  50.8174%
  [   180500,   181000)         1266    0.0042%  50.8216%
  [   181000,   181500)         1203    0.0040%  50.8256%
  [   181500,   182000)         1164    0.0039%  50.8295%
  [   182000,   182500)         1239    0.0041%  50.8336%
  [   182500,   183000)         1192    0.0040%  50.8376%
  [   183000,   183500)         1189    0.0040%  50.8416%
  [   183500,   184000)         1226    0.0041%  50.8457%
  [   184000,   184500)         1245    0.0042%  50.8498%
  [   184500,   185000)         1258    0.0042%  50.8540%
  [   185000,   185500)         1287    0.0043%  50.8583%
  [   185500,   186000)         1253    0.0042%  50.8625%
  [   186000,   186500)         1295    0.0043%  50.8668%
  [   186500,   187000)         1287    0.0043%  50.8711%
  [   187000,   187500)         1309    0.0044%  50.8754%
  [   187500,   188000)         1293    0.0043%  50.8797%
  [   188000,   188500)         1302    0.0043%  50.8841%
  [   188500,   189000)         1315    0.0044%  50.8885%
  [   189000,   189500)         1334    0.0044%  50.8929%
  [   189500,   190000)         1349    0.0045%  50.8974%
  [   190000,   190500)         1320    0.0044%  50.9018%
  [   190500,   191000)         1340    0.0045%  50.9063%
  [   191000,   191500)         1328    0.0044%  50.9107%
  [   191500,   192000)         1355    0.0045%  50.9152%
  [   192000,   192500)         1355    0.0045%  50.9197%
  [   192500,   193000)         1389    0.0046%  50.9244%
  [   193000,   193500)         1351    0.0045%  50.9289%
  [   193500,   194000)         1354    0.0045%  50.9334%
  [   194000,   194500)         1372    0.0046%  50.9380%
  [   194500,   195000)         1417    0.0047%  50.9427%
  [   195000,   195500)         1365    0.0046%  50.9472%
  [   195500,   196000)         1400    0.0047%  50.9519%
  [   196000,   196500)         1371    0.0046%  50.9565%
  [   196500,   197000)         1393    0.0046%  50.9611%
  [   197000,   197500)         1415    0.0047%  50.9658%
  [   197500,   198000)         1364    0.0045%  50.9704%
  [   198000,   198500)         1403    0.0047%  50.9750%
  [   198500,   199000)         1434    0.0048%  50.9798%
  [   199000,   199500)         1411    0.0047%  50.9845%
  [   199500,   200000)         1460    0.0049%  50.9894%
  [   200000,   200500)         1422    0.0047%  50.9941%
  [   200500,   201000)         1513    0.0050%  50.9992%
  [   201000,   201500)         1376    0.0046%  51.0038%
  [   201500,   202000)         1459    0.0049%  51.0086%
  [   202000,   202500)         1436    0.0048%  51.0134%
  [   202500,   203000)         1432    0.0048%  51.0182%
  [   203000,   203500)         1411    0.0047%  51.0229%
  [   203500,   204000)         1528    0.0051%  51.0280%
  [   204000,   204500)         1493    0.0050%  51.0330%
  [   204500,   205000)         1520    0.0051%  51.0380%
  [   205000,   205500)         1544    0.0051%  51.0432%
  [   205500,   206000)         1440    0.0048%  51.0480%
  [   206000,   206500)         1497    0.0050%  51.0530%
  [   206500,   207000)         1541    0.0051%  51.0581%
  [   207000,   207500)         1464    0.0049%  51.0630%
  [   207500,   208000)         1452    0.0048%  51.0678%
  [   208000,   208500)         1549    0.0052%  51.0730%
  [   208500,   209000)         1537    0.0051%  51.0781%
  [   209000,   209500)         1514    0.0050%  51.0832%
  [   209500,   210000)         1551    0.0052%  51.0883%
  [   210000,   210500)         1531    0.0051%  51.0934%
  [   210500,   211000)         1502    0.0050%  51.0984%
  [   211000,   211500)         1522    0.0051%  51.1035%
  [   211500,   212000)         1564    0.0052%  51.1087%
  [   212000,   212500)         1529    0.0051%  51.1138%
  [   212500,   213000)         1602    0.0053%  51.1192%
  [   213000,   213500)         1517    0.0051%  51.1242%
  [   213500,   214000)         1521    0.0051%  51.1293%
  [   214000,   214500)         1469    0.0049%  51.1342%
  [   214500,   215000)         1530    0.0051%  51.1393%
  [   215000,   215500)         1584    0.0053%  51.1446%
  [   215500,   216000)         1695    0.0057%  51.1502%
  [   216000,   216500)         1553    0.0052%  51.1554%
  [   216500,   217000)         1598    0.0053%  51.1607%
  [   217000,   217500)         1552    0.0052%  51.1659%
  [   217500,   218000)         1611    0.0054%  51.1713%
  [   218000,   218500)         1516    0.0051%  51.1763%
  [   218500,   219000)         1558    0.0052%  51.1815%
  [   219000,   219500)         1517    0.0051%  51.1866%
  [   219500,   220000)         1580    0.0053%  51.1918%
  [   220000,   220500)         1583    0.0053%  51.1971%
  [   220500,   221000)         1537    0.0051%  51.2022%
  [   221000,   221500)         1559    0.0052%  51.2074%
  [   221500,   222000)         1573    0.0052%  51.2127%
  [   222000,   222500)         1581    0.0053%  51.2179%
  [   222500,   223000)         1583    0.0053%  51.2232%
  [   223000,   223500)         1569    0.0052%  51.2284%
  [   223500,   224000)         1647    0.0055%  51.2339%
  [   224000,   224500)         1638    0.0055%  51.2394%
  [   224500,   225000)         1626    0.0054%  51.2448%
  [   225000,   225500)         1675    0.0056%  51.2504%
  [   225500,   226000)         1585    0.0053%  51.2557%
  [   226000,   226500)         1637    0.0055%  51.2611%
  [   226500,   227000)         1612    0.0054%  51.2665%
  [   227000,   227500)         1605    0.0054%  51.2719%
  [   227500,   228000)         1643    0.0055%  51.2773%
  [   228000,   228500)         1626    0.0054%  51.2828%
  [   228500,   229000)         1538    0.0051%  51.2879%
  [   229000,   229500)         1596    0.0053%  51.2932%
  [   229500,   230000)         1626    0.0054%  51.2986%
  [   230000,   230500)         1703    0.0057%  51.3043%
  [   230500,   231000)         1586    0.0053%  51.3096%
  [   231000,   231500)         1662    0.0055%  51.3151%
  [   231500,   232000)         1643    0.0055%  51.3206%
  [   232000,   232500)         1644    0.0055%  51.3261%
  [   232500,   233000)         1631    0.0054%  51.3315%
  [   233000,   233500)         1597    0.0053%  51.3368%
  [   233500,   234000)         1611    0.0054%  51.3422%
  [   234000,   234500)         1610    0.0054%  51.3476%
  [   234500,   235000)         1651    0.0055%  51.3531%
  [   235000,   235500)         1724    0.0057%  51.3588%
  [   235500,   236000)         1646    0.0055%  51.3643%
  [   236000,   236500)         1622    0.0054%  51.3697%
  [   236500,   237000)         1621    0.0054%  51.3751%
  [   237000,   237500)         1671    0.0056%  51.3807%
  [   237500,   238000)         1639    0.0055%  51.3862%
  [   238000,   238500)         1662    0.0055%  51.3917%
  [   238500,   239000)         1627    0.0054%  51.3971%
  [   239000,   239500)         1623    0.0054%  51.4025%
  [   239500,   240000)         1671    0.0056%  51.4081%
  [   240000,   240500)         1637    0.0055%  51.4136%
  [   240500,   241000)         1653    0.0055%  51.4191%
  [   241000,   241500)         1656    0.0055%  51.4246%
  [   241500,   242000)         1690    0.0056%  51.4302%
  [   242000,   242500)         1698    0.0057%  51.4359%
  [   242500,   243000)         1703    0.0057%  51.4416%
  [   243000,   243500)         1694    0.0056%  51.4472%
  [   243500,   244000)         1633    0.0054%  51.4527%
  [   244000,   244500)         1724    0.0057%  51.4584%
  [   244500,   245000)         1623    0.0054%  51.4638%
  [   245000,   245500)         1610    0.0054%  51.4692%
  [   245500,   246000)         1582    0.0053%  51.4745%
  [   246000,   246500)         1614    0.0054%  51.4798%
  [   246500,   247000)         1710    0.0057%  51.4855%
  [   247000,   247500)         1647    0.0055%  51.4910%
  [   247500,   248000)         1648    0.0055%  51.4965%
  [   248000,   248500)         1682    0.0056%  51.5021%
  [   248500,   249000)         1646    0.0055%  51.5076%
  [   249000,   249500)         1634    0.0054%  51.5131%
  [   249500,   250000)         1668    0.0056%  51.5186%
  [   250000,   250500)         1672    0.0056%  51.5242%
  [   250500,   251000)         1622    0.0054%  51.5296%
  [   251000,   251500)         1719    0.0057%  51.5353%
  [   251500,   252000)         1720    0.0057%  51.5411%
  [   252000,   252500)         1636    0.0055%  51.5465%
  [   252500,   253000)         1662    0.0055%  51.5521%
  [   253000,   253500)         1628    0.0054%  51.5575%
  [   253500,   254000)         1738    0.0058%  51.5633%
  [   254000,   254500)         1687    0.0056%  51.5689%
  [   254500,   255000)         1668    0.0056%  51.5745%
  [   255000,   255500)         1607    0.0054%  51.5798%
  [   255500,   256000)         1723    0.0057%  51.5856%
  [   256000,   256500)         1644    0.0055%  51.5910%
  [   256500,   257000)         1642    0.0055%  51.5965%
  [   257000,   257500)         1595    0.0053%  51.6018%
  [   257500,   258000)         1676    0.0056%  51.6074%
  [   258000,   258500)         1689    0.0056%  51.6130%
  [   258500,   259000)         1652    0.0055%  51.6185%
  [   259000,   259500)         1652    0.0055%  51.6241%
  [   259500,   260000)         1615    0.0054%  51.6294%
  [   260000,   260500)         1689    0.0056%  51.6351%
  [   260500,   261000)         1612    0.0054%  51.6404%
  [   261000,   261500)         1626    0.0054%  51.6459%
  [   261500,   262000)         1683    0.0056%  51.6515%
  [   262000,   262500)         1671    0.0056%  51.6570%
  [   262500,   263000)         1589    0.0053%  51.6623%
  [   263000,   263500)         1561    0.0052%  51.6675%
  [   263500,   264000)         1703    0.0057%  51.6732%
  [   264000,   264500)         1611    0.0054%  51.6786%
  [   264500,   265000)         1649    0.0055%  51.6841%
  [   265000,   265500)         1608    0.0054%  51.6894%
  [   265500,   266000)         1620    0.0054%  51.6948%
  [   266000,   266500)         1640    0.0055%  51.7003%
  [   266500,   267000)         1673    0.0056%  51.7059%
  [   267000,   267500)         1600    0.0053%  51.7112%
  [   267500,   268000)         1624    0.0054%  51.7166%
  [   268000,   268500)         1631    0.0054%  51.7221%
  [   268500,   269000)         1628    0.0054%  51.7275%
  [   269000,   269500)         1664    0.0055%  51.7330%
  [   269500,   270000)         1684    0.0056%  51.7387%
  [   270000,   270500)         1641    0.0055%  51.7441%
  [   270500,   271000)         1605    0.0054%  51.7495%
  [   271000,   271500)         1649    0.0055%  51.7550%
  [   271500,   272000)         1643    0.0055%  51.7605%
  [   272000,   272500)         1580    0.0053%  51.7657%
  [   272500,   273000)         1614    0.0054%  51.7711%
  [   273000,   273500)         1628    0.0054%  51.7765%
  [   273500,   274000)         1583    0.0053%  51.7818%
  [   274000,   274500)         1618    0.0054%  51.7872%
  [   274500,   275000)         1647    0.0055%  51.7927%
  [   275000,   275500)         1611    0.0054%  51.7981%
  [   275500,   276000)         1637    0.0055%  51.8035%
  [   276000,   276500)         1576    0.0053%  51.8088%
  [   276500,   277000)         1580    0.0053%  51.8140%
  [   277000,   277500)         1592    0.0053%  51.8193%
  [   277500,   278000)         1561    0.0052%  51.8245%
  [   278000,   278500)         1577    0.0053%  51.8298%
  [   278500,   279000)         1603    0.0053%  51.8351%
  [   279000,   279500)         1629    0.0054%  51.8406%
  [   279500,   280000)         1634    0.0054%  51.8460%
  [   280000,   280500)         1599    0.0053%  51.8513%
  [   280500,   281000)         1625    0.0054%  51.8568%
  [   281000,   281500)         1652    0.0055%  51.8623%
  [   281500,   282000)         1563    0.0052%  51.8675%
  [   282000,   282500)         1550    0.0052%  51.8726%
  [   282500,   283000)         1605    0.0054%  51.8780%
  [   283000,   283500)         1594    0.0053%  51.8833%
  [   283500,   284000)         1568    0.0052%  51.8885%
  [   284000,   284500)         1519    0.0051%  51.8936%
  [   284500,   285000)         1615    0.0054%  51.8990%
  [   285000,   285500)         1592    0.0053%  51.9043%
  [   285500,   286000)         1623    0.0054%  51.9097%
  [   286000,   286500)         1555    0.0052%  51.9149%
  [   286500,   287000)         1600    0.0053%  51.9202%
  [   287000,   287500)         1582    0.0053%  51.9255%
  [   287500,   288000)         1625    0.0054%  51.9309%
  [   288000,   288500)         1548    0.0052%  51.9361%
  [   288500,   289000)         1590    0.0053%  51.9414%
  [   289000,   289500)         1523    0.0051%  51.9464%
  [   289500,   290000)         1530    0.0051%  51.9515%
  [   290000,   290500)         1546    0.0052%  51.9567%
  [   290500,   291000)         1572    0.0052%  51.9619%
  [   291000,   291500)         1532    0.0051%  51.9670%
  [   291500,   292000)         1584    0.0053%  51.9723%
  [   292000,   292500)         1533    0.0051%  51.9774%
  [   292500,   293000)         1595    0.0053%  51.9828%
  [   293000,   293500)         1535    0.0051%  51.9879%
  [   293500,   294000)         1559    0.0052%  51.9931%
  [   294000,   294500)         1552    0.0052%  51.9982%
  [   294500,   295000)         1599    0.0053%  52.0036%
  [   295000,   295500)         1560    0.0052%  52.0088%
  [   295500,   296000)         1550    0.0052%  52.0139%
  [   296000,   296500)         1537    0.0051%  52.0191%
  [   296500,   297000)         1519    0.0051%  52.0241%
  [   297000,   297500)         1558    0.0052%  52.0293%
  [   297500,   298000)         1546    0.0052%  52.0345%
  [   298000,   298500)         1504    0.0050%  52.0395%
  [   298500,   299000)         1588    0.0053%  52.0448%
  [   299000,   299500)         1552    0.0052%  52.0499%
  [   299500,   300000)         1553    0.0052%  52.0551%
  [   300000,   300500)         1573    0.0052%  52.0604%
  [   300500,   301000)         1518    0.0051%  52.0654%
  [   301000,   301500)         1537    0.0051%  52.0706%
  [   301500,   302000)         1565    0.0052%  52.0758%
  [   302000,   302500)         1558    0.0052%  52.0810%
  [   302500,   303000)         1506    0.0050%  52.0860%
  [   303000,   303500)         1543    0.0051%  52.0911%
  [   303500,   304000)         1498    0.0050%  52.0961%
  [   304000,   304500)         1560    0.0052%  52.1013%
  [   304500,   305000)         1528    0.0051%  52.1064%
  [   305000,   305500)         1518    0.0051%  52.1115%
  [   305500,   306000)         1455    0.0049%  52.1163%
  [   306000,   306500)         1538    0.0051%  52.1214%
  [   306500,   307000)         1511    0.0050%  52.1265%
  [   307000,   307500)         1470    0.0049%  52.1314%
  [   307500,   308000)         1548    0.0052%  52.1365%
  [   308000,   308500)         1487    0.0050%  52.1415%
  [   308500,   309000)         1475    0.0049%  52.1464%
  [   309000,   309500)         1487    0.0050%  52.1514%
  [   309500,   310000)         1519    0.0051%  52.1564%
  [   310000,   310500)         1481    0.0049%  52.1614%
  [   310500,   311000)         1459    0.0049%  52.1662%
  [   311000,   311500)         1528    0.0051%  52.1713%
  [   311500,   312000)         1531    0.0051%  52.1764%
  [   312000,   312500)         1496    0.0050%  52.1814%
  [   312500,   313000)         1473    0.0049%  52.1863%
  [   313000,   313500)         1483    0.0049%  52.1913%
  [   313500,   314000)         1438    0.0048%  52.1961%
  [   314000,   314500)         1476    0.0049%  52.2010%
  [   314500,   315000)         1486    0.0050%  52.2059%
  [   315000,   315500)         1476    0.0049%  52.2109%
  [   315500,   316000)         1508    0.0050%  52.2159%
  [   316000,   316500)         1408    0.0047%  52.2206%
  [   316500,   317000)         1411    0.0047%  52.2253%
  [   317000,   317500)         1470    0.0049%  52.2302%
  [   317500,   318000)         1448    0.0048%  52.2350%
  [   318000,   318500)         1463    0.0049%  52.2399%
  [   318500,   319000)         1472    0.0049%  52.2448%
  [   319000,   319500)         1452    0.0048%  52.2496%
  [   319500,   320000)         1429    0.0048%  52.2544%
  [   320000,   320500)         1465    0.0049%  52.2593%
  [   320500,   321000)         1439    0.0048%  52.2641%
  [   321000,   321500)         1449    0.0048%  52.2689%
  [   321500,   322000)         1432    0.0048%  52.2737%
  [   322000,   322500)         1443    0.0048%  52.2785%
  [   322500,   323000)         1420    0.0047%  52.2832%
  [   323000,   323500)         1381    0.0046%  52.2878%
  [   323500,   324000)         1422    0.0047%  52.2926%
  [   324000,   324500)         1467    0.0049%  52.2975%
  [   324500,   325000)         1378    0.0046%  52.3021%
  [   325000,   325500)         1411    0.0047%  52.3068%
  [   325500,   326000)         1394    0.0046%  52.3114%
  [   326000,   326500)         1452    0.0048%  52.3162%
  [   326500,   327000)         1398    0.0047%  52.3209%
  [   327000,   327500)         1461    0.0049%  52.3258%
  [   327500,   328000)         1367    0.0046%  52.3303%
  [   328000,   328500)         1453    0.0048%  52.3352%
  [   328500,   329000)         1388    0.0046%  52.3398%
  [   329000,   329500)         1414    0.0047%  52.3445%
  [   329500,   330000)         1482    0.0049%  52.3495%
  [   330000,   330500)         1397    0.0047%  52.3541%
  [   330500,   331000)         1382    0.0046%  52.3587%
  [   331000,   331500)         1380    0.0046%  52.3633%
  [   331500,   332000)         1424    0.0047%  52.3681%
  [   332000,   332500)         1397    0.0047%  52.3727%
  [   332500,   333000)         1461    0.0049%  52.3776%
  [   333000,   333500)         1466    0.0049%  52.3825%
  [   333500,   334000)         1369    0.0046%  52.3870%
  [   334000,   334500)         1482    0.0049%  52.3920%
  [   334500,   335000)         1456    0.0049%  52.3968%
  [   335000,   335500)         1421    0.0047%  52.4016%
  [   335500,   336000)         1347    0.0045%  52.4061%
  [   336000,   336500)         1441    0.0048%  52.4109%
  [   336500,   337000)         1394    0.0046%  52.4155%
  [   337000,   337500)         1358    0.0045%  52.4200%
  [   337500,   338000)         1368    0.0046%  52.4246%
  [   338000,   338500)         1398    0.0047%  52.4293%
  [   338500,   339000)         1323    0.0044%  52.4337%
  [   339000,   339500)         1349    0.0045%  52.4382%
  [   339500,   340000)         1325    0.0044%  52.4426%
  [   340000,   340500)         1364    0.0045%  52.4471%
  [   340500,   341000)         1341    0.0045%  52.4516%
  [   341000,   341500)         1414    0.0047%  52.4563%
  [   341500,   342000)         1351    0.0045%  52.4608%
  [   342000,   342500)         1335    0.0045%  52.4653%
  [   342500,   343000)         1348    0.0045%  52.4698%
  [   343000,   343500)         1389    0.0046%  52.4744%
  [   343500,   344000)         1355    0.0045%  52.4789%
  [   344000,   344500)         1348    0.0045%  52.4834%
  [   344500,   345000)         1334    0.0044%  52.4878%
  [   345000,   345500)         1414    0.0047%  52.4926%
  [   345500,   346000)         1367    0.0046%  52.4971%
  [   346000,   346500)         1354    0.0045%  52.5016%
  [   346500,   347000)         1311    0.0044%  52.5060%
  [   347000,   347500)         1330    0.0044%  52.5104%
  [   347500,   348000)         1335    0.0045%  52.5149%
  [   348000,   348500)         1295    0.0043%  52.5192%
  [   348500,   349000)         1372    0.0046%  52.5238%
  [   349000,   349500)         1358    0.0045%  52.5283%
  [   349500,   350000)         1407    0.0047%  52.5330%
  [   350000,   350500)         1276    0.0043%  52.5372%
  [   350500,   351000)         1320    0.0044%  52.5416%
  [   351000,   351500)         1366    0.0046%  52.5462%
  [   351500,   352000)         1248    0.0042%  52.5504%
  [   352000,   352500)         1385    0.0046%  52.5550%
  [   352500,   353000)         1331    0.0044%  52.5594%
  [   353000,   353500)         1427    0.0048%  52.5642%
  [   353500,   354000)         1383    0.0046%  52.5688%
  [   354000,   354500)         1387    0.0046%  52.5734%
  [   354500,   355000)         1316    0.0044%  52.5778%
  [   355000,   355500)         1297    0.0043%  52.5821%
  [   355500,   356000)         1323    0.0044%  52.5865%
  [   356000,   356500)         1302    0.0043%  52.5909%
  [   356500,   357000)         1269    0.0042%  52.5951%
  [   357000,   357500)         1278    0.0043%  52.5993%
  [   357500,   358000)         1342    0.0045%  52.6038%
  [   358000,   358500)         1328    0.0044%  52.6082%
  [   358500,   359000)         1333    0.0044%  52.6127%
  [   359000,   359500)         1301    0.0043%  52.6170%
  [   359500,   360000)         1328    0.0044%  52.6215%
  [   360000,   360500)         1346    0.0045%  52.6259%
  [   360500,   361000)         1379    0.0046%  52.6305%
  [   361000,   361500)         1348    0.0045%  52.6350%
  [   361500,   362000)         1272    0.0042%  52.6393%
  [   362000,   362500)         1306    0.0044%  52.6436%
  [   362500,   363000)         1294    0.0043%  52.6479%
  [   363000,   363500)         1271    0.0042%  52.6522%
  [   363500,   364000)         1261    0.0042%  52.6564%
  [   364000,   364500)         1260    0.0042%  52.6606%
  [   364500,   365000)         1301    0.0043%  52.6649%
  [   365000,   365500)         1335    0.0045%  52.6694%
  [   365500,   366000)         1298    0.0043%  52.6737%
  [   366000,   366500)         1280    0.0043%  52.6780%
  [   366500,   367000)         1308    0.0044%  52.6823%
  [   367000,   367500)         1359    0.0045%  52.6868%
  [   367500,   368000)         1286    0.0043%  52.6911%
  [   368000,   368500)         1283    0.0043%  52.6954%
  [   368500,   369000)         1331    0.0044%  52.6998%
  [   369000,   369500)         1273    0.0042%  52.7041%
  [   369500,   370000)         1280    0.0043%  52.7084%
  [   370000,   370500)         1308    0.0044%  52.7127%
  [   370500,   371000)         1283    0.0043%  52.7170%
  [   371000,   371500)         1265    0.0042%  52.7212%
  [   371500,   372000)         1279    0.0043%  52.7255%
  [   372000,   372500)         1298    0.0043%  52.7298%
  [   372500,   373000)         1360    0.0045%  52.7343%
  [   373000,   373500)         1231    0.0041%  52.7384%
  [   373500,   374000)         1260    0.0042%  52.7426%
  [   374000,   374500)         1254    0.0042%  52.7468%
  [   374500,   375000)         1273    0.0042%  52.7511%
  [   375000,   375500)         1332    0.0044%  52.7555%
  [   375500,   376000)         1278    0.0043%  52.7598%
  [   376000,   376500)         1210    0.0040%  52.7638%
  [   376500,   377000)         1322    0.0044%  52.7682%
  [   377000,   377500)         1254    0.0042%  52.7724%
  [   377500,   378000)         1357    0.0045%  52.7769%
  [   378000,   378500)         1288    0.0043%  52.7812%
  [   378500,   379000)         1323    0.0044%  52.7856%
  [   379000,   379500)         1326    0.0044%  52.7900%
  [   379500,   380000)         1224    0.0041%  52.7941%
  [   380000,   380500)         1286    0.0043%  52.7984%
  [   380500,   381000)         1241    0.0041%  52.8025%
  [   381000,   381500)         1274    0.0042%  52.8068%
  [   381500,   382000)         1293    0.0043%  52.8111%
  [   382000,   382500)         1260    0.0042%  52.8153%
  [   382500,   383000)         1314    0.0044%  52.8197%
  [   383000,   383500)         1271    0.0042%  52.8239%
  [   383500,   384000)         1266    0.0042%  52.8281%
  [   384000,   384500)         1277    0.0043%  52.8324%
  [   384500,   385000)         1302    0.0043%  52.8367%
  [   385000,   385500)         1244    0.0041%  52.8409%
  [   385500,   386000)         1295    0.0043%  52.8452%
  [   386000,   386500)         1252    0.0042%  52.8494%
  [   386500,   387000)         1295    0.0043%  52.8537%
  [   387000,   387500)         1285    0.0043%  52.8580%
  [   387500,   388000)         1281    0.0043%  52.8622%
  [   388000,   388500)         1348    0.0045%  52.8667%
  [   388500,   389000)         1309    0.0044%  52.8711%
  [   389000,   389500)         1253    0.0042%  52.8753%
  [   389500,   390000)         1248    0.0042%  52.8794%
  [   390000,   390500)         1253    0.0042%  52.8836%
  [   390500,   391000)         1240    0.0041%  52.8877%
  [   391000,   391500)         1293    0.0043%  52.8920%
  [   391500,   392000)         1264    0.0042%  52.8963%
  [   392000,   392500)         1225    0.0041%  52.9003%
  [   392500,   393000)         1278    0.0043%  52.9046%
  [   393000,   393500)         1275    0.0043%  52.9088%
  [   393500,   394000)         1204    0.0040%  52.9129%
  [   394000,   394500)         1250    0.0042%  52.9170%
  [   394500,   395000)         1246    0.0042%  52.9212%
  [   395000,   395500)         1234    0.0041%  52.9253%
  [   395500,   396000)         1267    0.0042%  52.9295%
  [   396000,   396500)         1264    0.0042%  52.9337%
  [   396500,   397000)         1218    0.0041%  52.9378%
  [   397000,   397500)         1271    0.0042%  52.9420%
  [   397500,   398000)         1198    0.0040%  52.9460%
  [   398000,   398500)         1205    0.0040%  52.9500%
  [   398500,   399000)         1297    0.0043%  52.9544%
  [   399000,   399500)         1232    0.0041%  52.9585%
  [   399500,   400000)         1253    0.0042%  52.9626%
  [   400000,   400500)         1209    0.0040%  52.9667%
  [   400500,   401000)         1263    0.0042%  52.9709%
  [   401000,   401500)         1280    0.0043%  52.9751%
  [   401500,   402000)         1246    0.0042%  52.9793%
  [   402000,   402500)         1256    0.0042%  52.9835%
  [   402500,   403000)         1215    0.0041%  52.9875%
  [   403000,   403500)         1221    0.0041%  52.9916%
  [   403500,   404000)         1242    0.0041%  52.9957%
  [   404000,   404500)         1215    0.0041%  52.9998%
  [   404500,   405000)         1247    0.0042%  53.0040%
  [   405000,   405500)         1258    0.0042%  53.0081%
  [   405500,   406000)         1277    0.0043%  53.0124%
  [   406000,   406500)         1290    0.0043%  53.0167%
  [   406500,   407000)         1206    0.0040%  53.0207%
  [   407000,   407500)         1285    0.0043%  53.0250%
  [   407500,   408000)         1267    0.0042%  53.0292%
  [   408000,   408500)         1271    0.0042%  53.0335%
  [   408500,   409000)         1267    0.0042%  53.0377%
  [   409000,   409500)         1244    0.0041%  53.0418%
  [   409500,   410000)         1193    0.0040%  53.0458%
  [   410000,   410500)         1204    0.0040%  53.0498%
  [   410500,   411000)         1252    0.0042%  53.0540%
  [   411000,   411500)         1321    0.0044%  53.0584%
  [   411500,   412000)         1259    0.0042%  53.0626%
  [   412000,   412500)         1240    0.0041%  53.0667%
  [   412500,   413000)         1285    0.0043%  53.0710%
  [   413000,   413500)         1283    0.0043%  53.0753%
  [   413500,   414000)         1254    0.0042%  53.0795%
  [   414000,   414500)         1318    0.0044%  53.0839%
  [   414500,   415000)         1300    0.0043%  53.0882%
  [   415000,   415500)         1244    0.0041%  53.0923%
  [   415500,   416000)         1241    0.0041%  53.0965%
  [   416000,   416500)         1254    0.0042%  53.1007%
  [   416500,   417000)         1216    0.0041%  53.1047%
  [   417000,   417500)         1244    0.0041%  53.1089%
  [   417500,   418000)         1254    0.0042%  53.1130%
  [   418000,   418500)         1302    0.0043%  53.1174%
  [   418500,   419000)         1206    0.0040%  53.1214%
  [   419000,   419500)         1318    0.0044%  53.1258%
  [   419500,   420000)         1309    0.0044%  53.1302%
  [   420000,   420500)         1271    0.0042%  53.1344%
  [   420500,   421000)         1203    0.0040%  53.1384%
  [   421000,   421500)         1267    0.0042%  53.1426%
  [   421500,   422000)         1261    0.0042%  53.1468%
  [   422000,   422500)         1294    0.0043%  53.1511%
  [   422500,   423000)         1285    0.0043%  53.1554%
  [   423000,   423500)         1325    0.0044%  53.1598%
  [   423500,   424000)         1269    0.0042%  53.1641%
  [   424000,   424500)         1229    0.0041%  53.1682%
  [   424500,   425000)         1223    0.0041%  53.1723%
  [   425000,   425500)         1208    0.0040%  53.1763%
  [   425500,   426000)         1203    0.0040%  53.1803%
  [   426000,   426500)         1265    0.0042%  53.1845%
  [   426500,   427000)         1221    0.0041%  53.1886%
  [   427000,   427500)         1271    0.0042%  53.1928%
  [   427500,   428000)         1230    0.0041%  53.1969%
  [   428000,   428500)         1298    0.0043%  53.2012%
  [   428500,   429000)         1290    0.0043%  53.2055%
  [   429000,   429500)         1253    0.0042%  53.2097%
  [   429500,   430000)         1287    0.0043%  53.2140%
  [   430000,   430500)         1267    0.0042%  53.2182%
  [   430500,   431000)         1324    0.0044%  53.2226%
  [   431000,   431500)         1312    0.0044%  53.2270%
  [   431500,   432000)         1230    0.0041%  53.2311%
  [   432000,   432500)         1226    0.0041%  53.2352%
  [   432500,   433000)         1233    0.0041%  53.2393%
  [   433000,   433500)         1264    0.0042%  53.2435%
  [   433500,   434000)         1276    0.0043%  53.2478%
  [   434000,   434500)         1248    0.0042%  53.2519%
  [   434500,   435000)         1242    0.0041%  53.2561%
  [   435000,   435500)         1269    0.0042%  53.2603%
  [   435500,   436000)         1203    0.0040%  53.2643%
  [   436000,   436500)         1286    0.0043%  53.2686%
  [   436500,   437000)         1338    0.0045%  53.2731%
  [   437000,   437500)         1240    0.0041%  53.2772%
  [   437500,   438000)         1311    0.0044%  53.2816%
  [   438000,   438500)         1286    0.0043%  53.2859%
  [   438500,   439000)         1290    0.0043%  53.2902%
  [   439000,   439500)         1325    0.0044%  53.2946%
  [   439500,   440000)         1334    0.0044%  53.2990%
  [   440000,   440500)         1286    0.0043%  53.3033%
  [   440500,   441000)         1312    0.0044%  53.3077%
  [   441000,   441500)         1288    0.0043%  53.3120%
  [   441500,   442000)         1274    0.0042%  53.3162%
  [   442000,   442500)         1352    0.0045%  53.3207%
  [   442500,   443000)         1334    0.0044%  53.3252%
  [   443000,   443500)         1288    0.0043%  53.3295%
  [   443500,   444000)         1307    0.0044%  53.3338%
  [   444000,   444500)         1325    0.0044%  53.3382%
  [   444500,   445000)         1233    0.0041%  53.3423%
  [   445000,   445500)         1251    0.0042%  53.3465%
  [   445500,   446000)         1343    0.0045%  53.3510%
  [   446000,   446500)         1352    0.0045%  53.3555%
  [   446500,   447000)         1315    0.0044%  53.3599%
  [   447000,   447500)         1277    0.0043%  53.3641%
  [   447500,   448000)         1302    0.0043%  53.3685%
  [   448000,   448500)         1286    0.0043%  53.3728%
  [   448500,   449000)         1242    0.0041%  53.3769%
  [   449000,   449500)         1357    0.0045%  53.3814%
  [   449500,   450000)         1319    0.0044%  53.3858%
  [   450000,   450500)         1321    0.0044%  53.3902%
  [   450500,   451000)         1342    0.0045%  53.3947%
  [   451000,   451500)         1389    0.0046%  53.3993%
  [   451500,   452000)         1271    0.0042%  53.4036%
  [   452000,   452500)         1316    0.0044%  53.4080%
  [   452500,   453000)         1317    0.0044%  53.4123%
  [   453000,   453500)         1300    0.0043%  53.4167%
  [   453500,   454000)         1337    0.0045%  53.4211%
  [   454000,   454500)         1327    0.0044%  53.4256%
  [   454500,   455000)         1335    0.0045%  53.4300%
  [   455000,   455500)         1348    0.0045%  53.4345%
  [   455500,   456000)         1324    0.0044%  53.4389%
  [   456000,   456500)         1391    0.0046%  53.4436%
  [   456500,   457000)         1354    0.0045%  53.4481%
  [   457000,   457500)         1368    0.0046%  53.4526%
  [   457500,   458000)         1391    0.0046%  53.4573%
  [   458000,   458500)         1290    0.0043%  53.4616%
  [   458500,   459000)         1343    0.0045%  53.4660%
  [   459000,   459500)         1391    0.0046%  53.4707%
  [   459500,   460000)         1388    0.0046%  53.4753%
  [   460000,   460500)         1384    0.0046%  53.4799%
  [   460500,   461000)         1403    0.0047%  53.4846%
  [   461000,   461500)         1323    0.0044%  53.4890%
  [   461500,   462000)         1352    0.0045%  53.4935%
  [   462000,   462500)         1404    0.0047%  53.4982%
  [   462500,   463000)         1443    0.0048%  53.5030%
  [   463000,   463500)         1394    0.0046%  53.5076%
  [   463500,   464000)         1430    0.0048%  53.5124%
  [   464000,   464500)         1424    0.0047%  53.5172%
  [   464500,   465000)         1398    0.0047%  53.5218%
  [   465000,   465500)         1308    0.0044%  53.5262%
  [   465500,   466000)         1431    0.0048%  53.5310%
  [   466000,   466500)         1453    0.0048%  53.5358%
  [   466500,   467000)         1322    0.0044%  53.5402%
  [   467000,   467500)         1388    0.0046%  53.5448%
  [   467500,   468000)         1398    0.0047%  53.5495%
  [   468000,   468500)         1414    0.0047%  53.5542%
  [   468500,   469000)         1449    0.0048%  53.5590%
  [   469000,   469500)         1391    0.0046%  53.5637%
  [   469500,   470000)         1424    0.0047%  53.5684%
  [   470000,   470500)         1432    0.0048%  53.5732%
  [   470500,   471000)         1435    0.0048%  53.5780%
  [   471000,   471500)         1429    0.0048%  53.5827%
  [   471500,   472000)         1499    0.0050%  53.5877%
  [   472000,   472500)         1442    0.0048%  53.5925%
  [   472500,   473000)         1414    0.0047%  53.5973%
  [   473000,   473500)         1342    0.0045%  53.6017%
  [   473500,   474000)         1411    0.0047%  53.6064%
  [   474000,   474500)         1410    0.0047%  53.6111%
  [   474500,   475000)         1401    0.0047%  53.6158%
  [   475000,   475500)         1379    0.0046%  53.6204%
  [   475500,   476000)         1464    0.0049%  53.6253%
  [   476000,   476500)         1470    0.0049%  53.6302%
  [   476500,   477000)         1460    0.0049%  53.6350%
  [   477000,   477500)         1482    0.0049%  53.6400%
  [   477500,   478000)         1483    0.0049%  53.6449%
  [   478000,   478500)         1486    0.0050%  53.6499%
  [   478500,   479000)         1451    0.0048%  53.6547%
  [   479000,   479500)         1524    0.0051%  53.6598%
  [   479500,   480000)         1493    0.0050%  53.6648%
  [   480000,   480500)         1546    0.0052%  53.6699%
  [   480500,   481000)         1482    0.0049%  53.6749%
  [   481000,   481500)         1518    0.0051%  53.6799%
  [   481500,   482000)         1468    0.0049%  53.6848%
  [   482000,   482500)         1511    0.0050%  53.6899%
  [   482500,   483000)         1517    0.0051%  53.6949%
  [   483000,   483500)         1468    0.0049%  53.6998%
  [   483500,   484000)         1447    0.0048%  53.7046%
  [   484000,   484500)         1544    0.0051%  53.7098%
  [   484500,   485000)         1514    0.0050%  53.7148%
  [   485000,   485500)         1522    0.0051%  53.7199%
  [   485500,   486000)         1532    0.0051%  53.7250%
  [   486000,   486500)         1513    0.0050%  53.7300%
  [   486500,   487000)         1494    0.0050%  53.7350%
  [   487000,   487500)         1551    0.0052%  53.7402%
  [   487500,   488000)         1597    0.0053%  53.7455%
  [   488000,   488500)         1549    0.0052%  53.7507%
  [   488500,   489000)         1513    0.0050%  53.7557%
  [   489000,   489500)         1506    0.0050%  53.7607%
  [   489500,   490000)         1473    0.0049%  53.7657%
  [   490000,   490500)         1622    0.0054%  53.7711%
  [   490500,   491000)         1593    0.0053%  53.7764%
  [   491000,   491500)         1597    0.0053%  53.7817%
  [   491500,   492000)         1597    0.0053%  53.7870%
  [   492000,   492500)         1625    0.0054%  53.7924%
  [   492500,   493000)         1611    0.0054%  53.7978%
  [   493000,   493500)         1598    0.0053%  53.8031%
  [   493500,   494000)         1588    0.0053%  53.8084%
  [   494000,   494500)         1602    0.0053%  53.8138%
  [   494500,   495000)         1685    0.0056%  53.8194%
  [   495000,   495500)         1547    0.0052%  53.8245%
  [   495500,   496000)         1559    0.0052%  53.8297%
  [   496000,   496500)         1600    0.0053%  53.8351%
  [   496500,   497000)         1641    0.0055%  53.8405%
  [   497000,   497500)         1650    0.0055%  53.8460%
  [   497500,   498000)         1667    0.0056%  53.8516%
  [   498000,   498500)         1677    0.0056%  53.8572%
  [   498500,   499000)         1647    0.0055%  53.8627%
  [   499000,   499500)         1643    0.0055%  53.8682%
  [   499500,   500000)         1659    0.0055%  53.8737%
  [   500000,   500500)         1663    0.0055%  53.8792%
  [   500500,   501000)         1699    0.0057%  53.8849%
  [   501000,   501500)         1672    0.0056%  53.8905%
  [   501500,   502000)         1700    0.0057%  53.8961%
  [   502000,   502500)         1726    0.0058%  53.9019%
  [   502500,   503000)         1732    0.0058%  53.9077%
  [   503000,   503500)         1740    0.0058%  53.9135%
  [   503500,   504000)         1691    0.0056%  53.9191%
  [   504000,   504500)         1842    0.0061%  53.9252%
  [   504500,   505000)         1799    0.0060%  53.9312%
  [   505000,   505500)         1753    0.0058%  53.9371%
  [   505500,   506000)         1757    0.0059%  53.9429%
  [   506000,   506500)         1793    0.0060%  53.9489%
  [   506500,   507000)         1796    0.0060%  53.9549%
  [   507000,   507500)         1729    0.0058%  53.9607%
  [   507500,   508000)         1778    0.0059%  53.9666%
  [   508000,   508500)         1870    0.0062%  53.9728%
  [   508500,   509000)         1851    0.0062%  53.9790%
  [   509000,   509500)         1773    0.0059%  53.9849%
  [   509500,   510000)         1845    0.0062%  53.9910%
  [   510000,   510500)         1927    0.0064%  53.9975%
  [   510500,   511000)         1818    0.0061%  54.0035%
  [   511000,   511500)         1859    0.0062%  54.0097%
  [   511500,   512000)         1891    0.0063%  54.0160%
  [   512000,   512500)         1891    0.0063%  54.0223%
  [   512500,   513000)         1838    0.0061%  54.0285%
  [   513000,   513500)         1931    0.0064%  54.0349%
  [   513500,   514000)         1842    0.0061%  54.0410%
  [   514000,   514500)         1902    0.0063%  54.0474%
  [   514500,   515000)         1967    0.0066%  54.0539%
  [   515000,   515500)         1889    0.0063%  54.0602%
  [   515500,   516000)         1949    0.0065%  54.0667%
  [   516000,   516500)         1957    0.0065%  54.0732%
  [   516500,   517000)         1903    0.0063%  54.0796%
  [   517000,   517500)         1930    0.0064%  54.0860%
  [   517500,   518000)         2031    0.0068%  54.0928%
  [   518000,   518500)         1964    0.0065%  54.0993%
  [   518500,   519000)         2043    0.0068%  54.1062%
  [   519000,   519500)         2007    0.0067%  54.1128%
  [   519500,   520000)         2049    0.0068%  54.1197%
  [   520000,   520500)         2026    0.0068%  54.1264%
  [   520500,   521000)         2001    0.0067%  54.1331%
  [   521000,   521500)         1979    0.0066%  54.1397%
  [   521500,   522000)         2061    0.0069%  54.1466%
  [   522000,   522500)         2066    0.0069%  54.1534%
  [   522500,   523000)         2081    0.0069%  54.1604%
  [   523000,   523500)         2106    0.0070%  54.1674%
  [   523500,   524000)         2073    0.0069%  54.1743%
  [   524000,   524500)         2183    0.0073%  54.1816%
  [   524500,   525000)         2156    0.0072%  54.1888%
  [   525000,   525500)         2153    0.0072%  54.1960%
  [   525500,   526000)         2188    0.0073%  54.2032%
  [   526000,   526500)         2186    0.0073%  54.2105%
  [   526500,   527000)         2190    0.0073%  54.2178%
  [   527000,   527500)         2229    0.0074%  54.2253%
  [   527500,   528000)         2280    0.0076%  54.2329%
  [   528000,   528500)         2280    0.0076%  54.2405%
  [   528500,   529000)         2253    0.0075%  54.2480%
  [   529000,   529500)         2305    0.0077%  54.2557%
  [   529500,   530000)         2371    0.0079%  54.2636%
  [   530000,   530500)         2272    0.0076%  54.2711%
  [   530500,   531000)         2373    0.0079%  54.2790%
  [   531000,   531500)         2377    0.0079%  54.2870%
  [   531500,   532000)         2330    0.0078%  54.2947%
  [   532000,   532500)         2382    0.0079%  54.3027%
  [   532500,   533000)         2346    0.0078%  54.3105%
  [   533000,   533500)         2351    0.0078%  54.3183%
  [   533500,   534000)         2368    0.0079%  54.3262%
  [   534000,   534500)         2456    0.0082%  54.3344%
  [   534500,   535000)         2435    0.0081%  54.3425%
  [   535000,   535500)         2356    0.0079%  54.3504%
  [   535500,   536000)         2494    0.0083%  54.3587%
  [   536000,   536500)         2471    0.0082%  54.3669%
  [   536500,   537000)         2502    0.0083%  54.3753%
  [   537000,   537500)         2492    0.0083%  54.3836%
  [   537500,   538000)         2551    0.0085%  54.3921%
  [   538000,   538500)         2602    0.0087%  54.4008%
  [   538500,   539000)         2653    0.0088%  54.4096%
  [   539000,   539500)         2576    0.0086%  54.4182%
  [   539500,   540000)         2633    0.0088%  54.4270%
  [   540000,   540500)         2708    0.0090%  54.4360%
  [   540500,   541000)         2665    0.0089%  54.4449%
  [   541000,   541500)         2672    0.0089%  54.4538%
  [   541500,   542000)         2795    0.0093%  54.4631%
  [   542000,   542500)         2677    0.0089%  54.4720%
  [   542500,   543000)         2703    0.0090%  54.4810%
  [   543000,   543500)         2761    0.0092%  54.4902%
  [   543500,   544000)         2851    0.0095%  54.4997%
  [   544000,   544500)         2801    0.0093%  54.5091%
  [   544500,   545000)         2845    0.0095%  54.5186%
  [   545000,   545500)         2884    0.0096%  54.5282%
  [   545500,   546000)         2795    0.0093%  54.5375%
  [   546000,   546500)         2855    0.0095%  54.5470%
  [   546500,   547000)         2912    0.0097%  54.5567%
  [   547000,   547500)         2926    0.0098%  54.5665%
  [   547500,   548000)         2975    0.0099%  54.5764%
  [   548000,   548500)         3007    0.0100%  54.5864%
  [   548500,   549000)         3044    0.0101%  54.5965%
  [   549000,   549500)         2978    0.0099%  54.6065%
  [   549500,   550000)         3026    0.0101%  54.6166%
  [   550000,   550500)         3041    0.0101%  54.6267%
  [   550500,   551000)         3039    0.0101%  54.6368%
  [   551000,   551500)         3129    0.0104%  54.6473%
  [   551500,   552000)         3171    0.0106%  54.6578%
  [   552000,   552500)         3143    0.0105%  54.6683%
  [   552500,   553000)         3285    0.0110%  54.6793%
  [   553000,   553500)         3182    0.0106%  54.6899%
  [   553500,   554000)         3236    0.0108%  54.7006%
  [   554000,   554500)         3322    0.0111%  54.7117%
  [   554500,   555000)         3388    0.0113%  54.7230%
  [   555000,   555500)         3320    0.0111%  54.7341%
  [   555500,   556000)         3345    0.0112%  54.7452%
  [   556000,   556500)         3370    0.0112%  54.7565%
  [   556500,   557000)         3394    0.0113%  54.7678%
  [   557000,   557500)         3603    0.0120%  54.7798%
  [   557500,   558000)         3521    0.0117%  54.7915%
  [   558000,   558500)         3404    0.0113%  54.8029%
  [   558500,   559000)         3640    0.0121%  54.8150%
  [   559000,   559500)         3546    0.0118%  54.8268%
  [   559500,   560000)         3489    0.0116%  54.8385%
  [   560000,   560500)         3535    0.0118%  54.8502%
  [   560500,   561000)         3598    0.0120%  54.8622%
  [   561000,   561500)         3663    0.0122%  54.8744%
  [   561500,   562000)         3637    0.0121%  54.8866%
  [   562000,   562500)         3733    0.0124%  54.8990%
  [   562500,   563000)         3760    0.0125%  54.9115%
  [   563000,   563500)         3834    0.0128%  54.9243%
  [   563500,   564000)         3724    0.0124%  54.9367%
  [   564000,   564500)         3855    0.0129%  54.9496%
  [   564500,   565000)         3839    0.0128%  54.9624%
  [   565000,   565500)         3885    0.0130%  54.9753%
  [   565500,   566000)         3990    0.0133%  54.9886%
  [   566000,   566500)         3966    0.0132%  55.0019%
  [   566500,   567000)         4077    0.0136%  55.0154%
  [   567000,   567500)         3981    0.0133%  55.0287%
  [   567500,   568000)         3948    0.0132%  55.0419%
  [   568000,   568500)         3966    0.0132%  55.0551%
  [   568500,   569000)         4128    0.0138%  55.0689%
  [   569000,   569500)         4095    0.0137%  55.0825%
  [   569500,   570000)         4138    0.0138%  55.0963%
  [   570000,   570500)         4247    0.0142%  55.1105%
  [   570500,   571000)         4336    0.0145%  55.1249%
  [   571000,   571500)         4239    0.0141%  55.1390%
  [   571500,   572000)         4461    0.0149%  55.1539%
  [   572000,   572500)         4336    0.0145%  55.1684%
  [   572500,   573000)         4435    0.0148%  55.1831%
  [   573000,   573500)         4477    0.0149%  55.1981%
  [   573500,   574000)         4455    0.0149%  55.2129%
  [   574000,   574500)         4553    0.0152%  55.2281%
  [   574500,   575000)         4563    0.0152%  55.2433%
  [   575000,   575500)         4466    0.0149%  55.2582%
  [   575500,   576000)         4611    0.0154%  55.2736%
  [   576000,   576500)         4693    0.0156%  55.2892%
  [   576500,   577000)         4715    0.0157%  55.3049%
  [   577000,   577500)         4839    0.0161%  55.3210%
  [   577500,   578000)         4821    0.0161%  55.3371%
  [   578000,   578500)         4958    0.0165%  55.3536%
  [   578500,   579000)         4740    0.0158%  55.3694%
  [   579000,   579500)         4838    0.0161%  55.3856%
  [   579500,   580000)         5021    0.0167%  55.4023%
  [   580000,   580500)         4987    0.0166%  55.4189%
  [   580500,   581000)         4953    0.0165%  55.4354%
  [   581000,   581500)         5045    0.0168%  55.4523%
  [   581500,   582000)         5133    0.0171%  55.4694%
  [   582000,   582500)         5077    0.0169%  55.4863%
  [   582500,   583000)         5212    0.0174%  55.5037%
  [   583000,   583500)         5201    0.0173%  55.5210%
  [   583500,   584000)         5362    0.0179%  55.5389%
  [   584000,   584500)         5297    0.0177%  55.5565%
  [   584500,   585000)         5374    0.0179%  55.5744%
  [   585000,   585500)         5529    0.0184%  55.5929%
  [   585500,   586000)         5433    0.0181%  55.6110%
  [   586000,   586500)         5371    0.0179%  55.6289%
  [   586500,   587000)         5473    0.0182%  55.6471%
  [   587000,   587500)         5604    0.0187%  55.6658%
  [   587500,   588000)         5680    0.0189%  55.6847%
  [   588000,   588500)         5671    0.0189%  55.7036%
  [   588500,   589000)         5830    0.0194%  55.7231%
  [   589000,   589500)         5768    0.0192%  55.7423%
  [   589500,   590000)         5948    0.0198%  55.7621%
  [   590000,   590500)         5766    0.0192%  55.7814%
  [   590500,   591000)         5914    0.0197%  55.8011%
  [   591000,   591500)         5886    0.0196%  55.8207%
  [   591500,   592000)         5880    0.0196%  55.8403%
  [   592000,   592500)         6187    0.0206%  55.8609%
  [   592500,   593000)         6085    0.0203%  55.8812%
  [   593000,   593500)         6244    0.0208%  55.9020%
  [   593500,   594000)         6276    0.0209%  55.9229%
  [   594000,   594500)         6133    0.0204%  55.9434%
  [   594500,   595000)         6291    0.0210%  55.9643%
  [   595000,   595500)         6326    0.0211%  55.9854%
  [   595500,   596000)         6410    0.0214%  56.0068%
  [   596000,   596500)         6431    0.0214%  56.0282%
  [   596500,   597000)         6456    0.0215%  56.0498%
  [   597000,   597500)         6546    0.0218%  56.0716%
  [   597500,   598000)         6697    0.0223%  56.0939%
  [   598000,   598500)         6826    0.0228%  56.1166%
  [   598500,   599000)         6663    0.0222%  56.1389%
  [   599000,   599500)         6778    0.0226%  56.1615%
  [   599500,   600000)         6920    0.0231%  56.1845%
  [   600000,   600500)         6790    0.0226%  56.2072%
  [   600500,   601000)         7054    0.0235%  56.2307%
  [   601000,   601500)         6911    0.0230%  56.2537%
  [   601500,   602000)         7208    0.0240%  56.2777%
  [   602000,   602500)         7020    0.0234%  56.3011%
  [   602500,   603000)         7209    0.0240%  56.3252%
  [   603000,   603500)         7241    0.0241%  56.3493%
  [   603500,   604000)         7287    0.0243%  56.3736%
  [   604000,   604500)         7304    0.0243%  56.3979%
  [   604500,   605000)         7346    0.0245%  56.4224%
  [   605000,   605500)         7257    0.0242%  56.4466%
  [   605500,   606000)         7414    0.0247%  56.4713%
  [   606000,   606500)         7535    0.0251%  56.4964%
  [   606500,   607000)         7598    0.0253%  56.5218%
  [   607000,   607500)         7627    0.0254%  56.5472%
  [   607500,   608000)         7684    0.0256%  56.5728%
  [   608000,   608500)         7820    0.0261%  56.5989%
  [   608500,   609000)         8016    0.0267%  56.6256%
  [   609000,   609500)         7921    0.0264%  56.6520%
  [   609500,   610000)         8022    0.0267%  56.6787%
  [   610000,   610500)         8078    0.0269%  56.7057%
  [   610500,   611000)         7966    0.0266%  56.7322%
  [   611000,   611500)         8276    0.0276%  56.7598%
  [   611500,   612000)         8109    0.0270%  56.7868%
  [   612000,   612500)         8296    0.0277%  56.8145%
  [   612500,   613000)         8308    0.0277%  56.8422%
  [   613000,   613500)         8417    0.0281%  56.8702%
  [   613500,   614000)         8428    0.0281%  56.8983%
  [   614000,   614500)         8560    0.0285%  56.9269%
  [   614500,   615000)         8543    0.0285%  56.9553%
  [   615000,   615500)         8571    0.0286%  56.9839%
  [   615500,   616000)         8615    0.0287%  57.0126%
  [   616000,   616500)         8748    0.0292%  57.0418%
  [   616500,   617000)         8778    0.0293%  57.0710%
  [   617000,   617500)         8762    0.0292%  57.1002%
  [   617500,   618000)         8906    0.0297%  57.1299%
  [   618000,   618500)         8946    0.0298%  57.1598%
  [   618500,   619000)         8972    0.0299%  57.1897%
  [   619000,   619500)         9179    0.0306%  57.2203%
  [   619500,   620000)         9139    0.0305%  57.2507%
  [   620000,   620500)         9362    0.0312%  57.2819%
  [   620500,   621000)         9062    0.0302%  57.3121%
  [   621000,   621500)         9404    0.0313%  57.3435%
  [   621500,   622000)         9415    0.0314%  57.3749%
  [   622000,   622500)         9512    0.0317%  57.4066%
  [   622500,   623000)         9712    0.0324%  57.4389%
  [   623000,   623500)         9498    0.0317%  57.4706%
  [   623500,   624000)         9779    0.0326%  57.5032%
  [   624000,   624500)         9724    0.0324%  57.5356%
  [   624500,   625000)         9824    0.0327%  57.5684%
  [   625000,   625500)         9892    0.0330%  57.6013%
  [   625500,   626000)         9959    0.0332%  57.6345%
  [   626000,   626500)         9960    0.0332%  57.6677%
  [   626500,   627000)        10011    0.0334%  57.7011%
  [   627000,   627500)        10132    0.0338%  57.7349%
  [   627500,   628000)        10269    0.0342%  57.7691%
  [   628000,   628500)        10218    0.0341%  57.8032%
  [   628500,   629000)        10318    0.0344%  57.8376%
  [   629000,   629500)        10347    0.0345%  57.8720%
  [   629500,   630000)        10421    0.0347%  57.9068%
  [   630000,   630500)        10548    0.0352%  57.9419%
  [   630500,   631000)        10569    0.0352%  57.9772%
  [   631000,   631500)        10689    0.0356%  58.0128%
  [   631500,   632000)        10820    0.0361%  58.0489%
  [   632000,   632500)        10815    0.0361%  58.0849%
  [   632500,   633000)        10642    0.0355%  58.1204%
  [   633000,   633500)        10975    0.0366%  58.1570%
  [   633500,   634000)        11042    0.0368%  58.1938%
  [   634000,   634500)        11223    0.0374%  58.2312%
  [   634500,   635000)        10987    0.0366%  58.2678%
  [   635000,   635500)        11171    0.0372%  58.3051%
  [   635500,   636000)        11175    0.0373%  58.3423%
  [   636000,   636500)        11180    0.0373%  58.3796%
  [   636500,   637000)        11335    0.0378%  58.4174%
  [   637000,   637500)        11255    0.0375%  58.4549%
  [   637500,   638000)        11580    0.0386%  58.4935%
  [   638000,   638500)        11597    0.0387%  58.5321%
  [   638500,   639000)        11818    0.0394%  58.5715%
  [   639000,   639500)        11573    0.0386%  58.6101%
  [   639500,   640000)        11893    0.0396%  58.6497%
  [   640000,   640500)        11670    0.0389%  58.6886%
  [   640500,   641000)        11960    0.0399%  58.7285%
  [   641000,   641500)        12051    0.0402%  58.7687%
  [   641500,   642000)        11978    0.0399%  58.8086%
  [   642000,   642500)        12056    0.0402%  58.8488%
  [   642500,   643000)        12185    0.0406%  58.8894%
  [   643000,   643500)        12241    0.0408%  58.9302%
  [   643500,   644000)        12359    0.0412%  58.9714%
  [   644000,   644500)        12420    0.0414%  59.0128%
  [   644500,   645000)        12401    0.0413%  59.0541%
  [   645000,   645500)        12673    0.0422%  59.0964%
  [   645500,   646000)        12660    0.0422%  59.1386%
  [   646000,   646500)        12818    0.0427%  59.1813%
  [   646500,   647000)        12631    0.0421%  59.2234%
  [   647000,   647500)        12900    0.0430%  59.2664%
  [   647500,   648000)        12732    0.0424%  59.3089%
  [   648000,   648500)        12952    0.0432%  59.3520%
  [   648500,   649000)        12919    0.0431%  59.3951%
  [   649000,   649500)        13172    0.0439%  59.4390%
  [   649500,   650000)        13206    0.0440%  59.4830%
  [   650000,   650500)        13133    0.0438%  59.5268%
  [   650500,   651000)        13251    0.0442%  59.5710%
  [   651000,   651500)        13459    0.0449%  59.6158%
  [   651500,   652000)        13308    0.0444%  59.6602%
  [   652000,   652500)        13515    0.0451%  59.7052%
  [   652500,   653000)        13423    0.0447%  59.7500%
  [   653000,   653500)        13649    0.0455%  59.7955%
  [   653500,   654000)        13739    0.0458%  59.8413%
  [   654000,   654500)        13807    0.0460%  59.8873%
  [   654500,   655000)        13797    0.0460%  59.9333%
  [   655000,   655500)        13908    0.0464%  59.9797%
  [   655500,   656000)        14069    0.0469%  60.0266%
  [   656000,   656500)        14098    0.0470%  60.0735%
  [   656500,   657000)        14234    0.0474%  60.1210%
  [   657000,   657500)        14077    0.0469%  60.1679%
  [   657500,   658000)        14392    0.0480%  60.2159%
  [   658000,   658500)        14196    0.0473%  60.2632%
  [   658500,   659000)        14149    0.0472%  60.3104%
  [   659000,   659500)        14354    0.0478%  60.3582%
  [   659500,   660000)        14556    0.0485%  60.4067%
  [   660000,   660500)        14558    0.0485%  60.4553%
  [   660500,   661000)        14602    0.0487%  60.5039%
  [   661000,   661500)        14886    0.0496%  60.5536%
  [   661500,   662000)        14924    0.0497%  60.6033%
  [   662000,   662500)        14945    0.0498%  60.6531%
  [   662500,   663000)        14771    0.0492%  60.7024%
  [   663000,   663500)        14925    0.0498%  60.7521%
  [   663500,   664000)        14973    0.0499%  60.8020%
  [   664000,   664500)        15078    0.0503%  60.8523%
  [   664500,   665000)        15175    0.0506%  60.9029%
  [   665000,   665500)        15195    0.0507%  60.9535%
  [   665500,   666000)        15362    0.0512%  61.0047%
  [   666000,   666500)        15509    0.0517%  61.0564%
  [   666500,   667000)        15358    0.0512%  61.1076%
  [   667000,   667500)        15394    0.0513%  61.1589%
  [   667500,   668000)        15716    0.0524%  61.2113%
  [   668000,   668500)        15589    0.0520%  61.2633%
  [   668500,   669000)        15655    0.0522%  61.3155%
  [   669000,   669500)        15687    0.0523%  61.3677%
  [   669500,   670000)        15930    0.0531%  61.4208%
  [   670000,   670500)        15969    0.0532%  61.4741%
  [   670500,   671000)        15811    0.0527%  61.5268%
  [   671000,   671500)        15998    0.0533%  61.5801%
  [   671500,   672000)        16064    0.0535%  61.6337%
  [   672000,   672500)        16139    0.0538%  61.6874%
  [   672500,   673000)        16152    0.0538%  61.7413%
  [   673000,   673500)        16113    0.0537%  61.7950%
  [   673500,   674000)        16287    0.0543%  61.8493%
  [   674000,   674500)        16523    0.0551%  61.9044%
  [   674500,   675000)        16489    0.0550%  61.9593%
  [   675000,   675500)        16258    0.0542%  62.0135%
  [   675500,   676000)        16473    0.0549%  62.0684%
  [   676000,   676500)        16685    0.0556%  62.1240%
  [   676500,   677000)        16678    0.0556%  62.1796%
  [   677000,   677500)        16884    0.0563%  62.2359%
  [   677500,   678000)        17054    0.0568%  62.2928%
  [   678000,   678500)        16813    0.0560%  62.3488%
  [   678500,   679000)        17196    0.0573%  62.4061%
  [   679000,   679500)        17114    0.0570%  62.4632%
  [   679500,   680000)        17143    0.0571%  62.5203%
  [   680000,   680500)        17110    0.0570%  62.5774%
  [   680500,   681000)        16997    0.0567%  62.6340%
  [   681000,   681500)        17311    0.0577%  62.6917%
  [   681500,   682000)        17408    0.0580%  62.7497%
  [   682000,   682500)        17202    0.0573%  62.8071%
  [   682500,   683000)        17415    0.0581%  62.8651%
  [   683000,   683500)        17500    0.0583%  62.9235%
  [   683500,   684000)        17429    0.0581%  62.9816%
  [   684000,   684500)        17377    0.0579%  63.0395%
  [   684500,   685000)        17732    0.0591%  63.0986%
  [   685000,   685500)        17709    0.0590%  63.1576%
  [   685500,   686000)        17751    0.0592%  63.2168%
  [   686000,   686500)        17384    0.0579%  63.2747%
  [   686500,   687000)        18064    0.0602%  63.3350%
  [   687000,   687500)        17845    0.0595%  63.3944%
  [   687500,   688000)        17941    0.0598%  63.4542%
  [   688000,   688500)        18098    0.0603%  63.5146%
  [   688500,   689000)        17869    0.0596%  63.5741%
  [   689000,   689500)        17881    0.0596%  63.6337%
  [   689500,   690000)        18083    0.0603%  63.6940%
  [   690000,   690500)        18089    0.0603%  63.7543%
  [   690500,   691000)        18016    0.0601%  63.8144%
  [   691000,   691500)        18142    0.0605%  63.8748%
  [   691500,   692000)        18232    0.0608%  63.9356%
  [   692000,   692500)        18436    0.0615%  63.9971%
  [   692500,   693000)        18412    0.0614%  64.0584%
  [   693000,   693500)        18629    0.0621%  64.1205%
  [   693500,   694000)        18447    0.0615%  64.1820%
  [   694000,   694500)        18585    0.0620%  64.2440%
  [   694500,   695000)        18692    0.0623%  64.3063%
  [   695000,   695500)        18802    0.0627%  64.3689%
  [   695500,   696000)        18734    0.0624%  64.4314%
  [   696000,   696500)        18658    0.0622%  64.4936%
  [   696500,   697000)        18949    0.0632%  64.5568%
  [   697000,   697500)        18803    0.0627%  64.6194%
  [   697500,   698000)        18906    0.0630%  64.6824%
  [   698000,   698500)        19103    0.0637%  64.7461%
  [   698500,   699000)        19056    0.0635%  64.8096%
  [   699000,   699500)        18847    0.0628%  64.8725%
  [   699500,   700000)        19103    0.0637%  64.9361%
  [   700000,   700500)        19132    0.0638%  64.9999%
  [   700500,   701000)        19164    0.0639%  65.0638%
  [   701000,   701500)        19185    0.0640%  65.1277%
  [   701500,   702000)        19221    0.0641%  65.1918%
  [   702000,   702500)        19208    0.0640%  65.2558%
  [   702500,   703000)        19449    0.0648%  65.3207%
  [   703000,   703500)        19419    0.0647%  65.3854%
  [   703500,   704000)        19603    0.0653%  65.4507%
  [   704000,   704500)        19616    0.0654%  65.5161%
  [   704500,   705000)        19547    0.0652%  65.5813%
  [   705000,   705500)        19650    0.0655%  65.6468%
  [   705500,   706000)        19539    0.0651%  65.7119%
  [   706000,   706500)        19643    0.0655%  65.7774%
  [   706500,   707000)        19444    0.0648%  65.8422%
  [   707000,   707500)        19711    0.0657%  65.9079%
  [   707500,   708000)        19899    0.0663%  65.9742%
  [   708000,   708500)        19529    0.0651%  66.0393%
  [   708500,   709000)        19955    0.0665%  66.1059%
  [   709000,   709500)        20164    0.0672%  66.1731%
  [   709500,   710000)        19978    0.0666%  66.2397%
  [   710000,   710500)        20174    0.0672%  66.3069%
  [   710500,   711000)        20385    0.0680%  66.3749%
  [   711000,   711500)        20252    0.0675%  66.4424%
  [   711500,   712000)        19903    0.0663%  66.5087%
  [   712000,   712500)        20089    0.0670%  66.5757%
  [   712500,   713000)        20024    0.0667%  66.6424%
  [   713000,   713500)        19920    0.0664%  66.7088%
  [   713500,   714000)        20189    0.0673%  66.7761%
  [   714000,   714500)        20274    0.0676%  66.8437%
  [   714500,   715000)        20317    0.0677%  66.9114%
  [   715000,   715500)        20471    0.0682%  66.9797%
  [   715500,   716000)        20271    0.0676%  67.0472%
  [   716000,   716500)        20452    0.0682%  67.1154%
  [   716500,   717000)        20615    0.0687%  67.1841%
  [   717000,   717500)        20413    0.0680%  67.2522%
  [   717500,   718000)        20662    0.0689%  67.3210%
  [   718000,   718500)        20440    0.0681%  67.3892%
  [   718500,   719000)        20514    0.0684%  67.4576%
  [   719000,   719500)        20596    0.0687%  67.5262%
  [   719500,   720000)        20450    0.0682%  67.5944%
  [   720000,   720500)        20411    0.0680%  67.6624%
  [   720500,   721000)        20688    0.0690%  67.7314%
  [   721000,   721500)        20627    0.0688%  67.8001%
  [   721500,   722000)        20633    0.0688%  67.8689%
  [   722000,   722500)        20513    0.0684%  67.9373%
  [   722500,   723000)        20640    0.0688%  68.0061%
  [   723000,   723500)        20849    0.0695%  68.0756%
  [   723500,   724000)        20904    0.0697%  68.1453%
  [   724000,   724500)        20752    0.0692%  68.2144%
  [   724500,   725000)        21087    0.0703%  68.2847%
  [   725000,   725500)        20919    0.0697%  68.3544%
  [   725500,   726000)        20702    0.0690%  68.4235%
  [   726000,   726500)        21046    0.0702%  68.4936%
  [   726500,   727000)        21062    0.0702%  68.5638%
  [   727000,   727500)        20705    0.0690%  68.6328%
  [   727500,   728000)        21214    0.0707%  68.7035%
  [   728000,   728500)        21073    0.0702%  68.7738%
  [   728500,   729000)        21363    0.0712%  68.8450%
  [   729000,   729500)        20943    0.0698%  68.9148%
  [   729500,   730000)        20961    0.0699%  68.9847%
  [   730000,   730500)        20846    0.0695%  69.0542%
  [   730500,   731000)        20927    0.0698%  69.1239%
  [   731000,   731500)        21097    0.0703%  69.1942%
  [   731500,   732000)        21200    0.0707%  69.2649%
  [   732000,   732500)        21020    0.0701%  69.3350%
  [   732500,   733000)        21300    0.0710%  69.4060%
  [   733000,   733500)        21320    0.0711%  69.4770%
  [   733500,   734000)        21304    0.0710%  69.5481%
  [   734000,   734500)        21254    0.0708%  69.6189%
  [   734500,   735000)        21319    0.0711%  69.6900%
  [   735000,   735500)        21380    0.0713%  69.7612%
  [   735500,   736000)        20924    0.0697%  69.8310%
  [   736000,   736500)        21220    0.0707%  69.9017%
  [   736500,   737000)        21255    0.0709%  69.9726%
  [   737000,   737500)        21167    0.0706%  70.0431%
  [   737500,   738000)        21285    0.0710%  70.1141%
  [   738000,   738500)        21177    0.0706%  70.1847%
  [   738500,   739000)        21154    0.0705%  70.2552%
  [   739000,   739500)        21179    0.0706%  70.3258%
  [   739500,   740000)        21221    0.0707%  70.3965%
  [   740000,   740500)        21427    0.0714%  70.4679%
  [   740500,   741000)        21336    0.0711%  70.5391%
  [   741000,   741500)        21395    0.0713%  70.6104%
  [   741500,   742000)        21317    0.0711%  70.6814%
  [   742000,   742500)        21408    0.0714%  70.7528%
  [   742500,   743000)        21162    0.0705%  70.8233%
  [   743000,   743500)        21363    0.0712%  70.8945%
  [   743500,   744000)        21349    0.0712%  70.9657%
  [   744000,   744500)        21199    0.0707%  71.0364%
  [   744500,   745000)        21280    0.0709%  71.1073%
  [   745000,   745500)        21538    0.0718%  71.1791%
  [   745500,   746000)        21565    0.0719%  71.2510%
  [   746000,   746500)        21307    0.0710%  71.3220%
  [   746500,   747000)        21601    0.0720%  71.3940%
  [   747000,   747500)        21305    0.0710%  71.4650%
  [   747500,   748000)        21398    0.0713%  71.5363%
  [   748000,   748500)        21470    0.0716%  71.6079%
  [   748500,   749000)        21481    0.0716%  71.6795%
  [   749000,   749500)        21578    0.0719%  71.7514%
  [   749500,   750000)        21214    0.0707%  71.8222%
  [   750000,   750500)        21690    0.0723%  71.8945%
  [   750500,   751000)        21672    0.0722%  71.9667%
  [   751000,   751500)        21639    0.0721%  72.0388%
  [   751500,   752000)        21205    0.0707%  72.1095%
  [   752000,   752500)        21586    0.0720%  72.1815%
  [   752500,   753000)        21409    0.0714%  72.2528%
  [   753000,   753500)        21714    0.0724%  72.3252%
  [   753500,   754000)        21337    0.0711%  72.3963%
  [   754000,   754500)        21483    0.0716%  72.4679%
  [   754500,   755000)        21488    0.0716%  72.5396%
  [   755000,   755500)        21480    0.0716%  72.6112%
  [   755500,   756000)        21437    0.0715%  72.6826%
  [   756000,   756500)        21488    0.0716%  72.7542%
  [   756500,   757000)        21334    0.0711%  72.8254%
  [   757000,   757500)        21623    0.0721%  72.8974%
  [   757500,   758000)        21370    0.0712%  72.9687%
  [   758000,   758500)        21652    0.0722%  73.0408%
  [   758500,   759000)        21198    0.0707%  73.1115%
  [   759000,   759500)        21340    0.0711%  73.1826%
  [   759500,   760000)        21840    0.0728%  73.2554%
  [   760000,   760500)        21551    0.0718%  73.3273%
  [   760500,   761000)        21475    0.0716%  73.3989%
  [   761000,   761500)        21617    0.0721%  73.4709%
  [   761500,   762000)        21583    0.0719%  73.5429%
  [   762000,   762500)        21477    0.0716%  73.6144%
  [   762500,   763000)        21492    0.0716%  73.6861%
  [   763000,   763500)        21187    0.0706%  73.7567%
  [   763500,   764000)        21026    0.0701%  73.8268%
  [   764000,   764500)        21284    0.0709%  73.8977%
  [   764500,   765000)        21352    0.0712%  73.9689%
  [   765000,   765500)        21253    0.0708%  74.0398%
  [   765500,   766000)        21192    0.0706%  74.1104%
  [   766000,   766500)        21378    0.0713%  74.1817%
  [   766500,   767000)        21641    0.0721%  74.2538%
  [   767000,   767500)        21205    0.0707%  74.3245%
  [   767500,   768000)        21400    0.0713%  74.3958%
  [   768000,   768500)        21162    0.0705%  74.4664%
  [   768500,   769000)        21434    0.0714%  74.5378%
  [   769000,   769500)        21311    0.0710%  74.6088%
  [   769500,   770000)        21394    0.0713%  74.6801%
  [   770000,   770500)        21243    0.0708%  74.7510%
  [   770500,   771000)        21548    0.0718%  74.8228%
  [   771000,   771500)        21253    0.0708%  74.8936%
  [   771500,   772000)        21303    0.0710%  74.9646%
  [   772000,   772500)        21337    0.0711%  75.0358%
  [   772500,   773000)        21219    0.0707%  75.1065%
  [   773000,   773500)        21159    0.0705%  75.1770%
  [   773500,   774000)        21112    0.0704%  75.2474%
  [   774000,   774500)        21214    0.0707%  75.3181%
  [   774500,   775000)        21246    0.0708%  75.3889%
  [   775000,   775500)        21384    0.0713%  75.4602%
  [   775500,   776000)        21325    0.0711%  75.5313%
  [   776000,   776500)        21037    0.0701%  75.6014%
  [   776500,   777000)        21290    0.0710%  75.6724%
  [   777000,   777500)        21104    0.0703%  75.7427%
  [   777500,   778000)        21209    0.0707%  75.8134%
  [   778000,   778500)        20985    0.0700%  75.8834%
  [   778500,   779000)        20909    0.0697%  75.9531%
  [   779000,   779500)        20925    0.0698%  76.0228%
  [   779500,   780000)        21093    0.0703%  76.0931%
  [   780000,   780500)        21009    0.0700%  76.1632%
  [   780500,   781000)        20762    0.0692%  76.2324%
  [   781000,   781500)        20770    0.0692%  76.3016%
  [   781500,   782000)        20905    0.0697%  76.3713%
  [   782000,   782500)        20882    0.0696%  76.4409%
  [   782500,   783000)        20970    0.0699%  76.5108%
  [   783000,   783500)        20822    0.0694%  76.5802%
  [   783500,   784000)        21009    0.0700%  76.6502%
  [   784000,   784500)        20783    0.0693%  76.7195%
  [   784500,   785000)        20669    0.0689%  76.7884%
  [   785000,   785500)        20904    0.0697%  76.8581%
  [   785500,   786000)        20732    0.0691%  76.9272%
  [   786000,   786500)        20677    0.0689%  76.9961%
  [   786500,   787000)        20750    0.0692%  77.0653%
  [   787000,   787500)        20714    0.0690%  77.1343%
  [   787500,   788000)        20382    0.0679%  77.2023%
  [   788000,   788500)        20713    0.0690%  77.2713%
  [   788500,   789000)        20595    0.0687%  77.3400%
  [   789000,   789500)        20383    0.0679%  77.4079%
  [   789500,   790000)        20706    0.0690%  77.4769%
  [   790000,   790500)        20457    0.0682%  77.5451%
  [   790500,   791000)        20623    0.0687%  77.6139%
  [   791000,   791500)        20675    0.0689%  77.6828%
  [   791500,   792000)        20618    0.0687%  77.7515%
  [   792000,   792500)        20224    0.0674%  77.8189%
  [   792500,   793000)        20758    0.0692%  77.8881%
  [   793000,   793500)        20336    0.0678%  77.9559%
  [   793500,   794000)        20329    0.0678%  78.0237%
  [   794000,   794500)        20424    0.0681%  78.0917%
  [   794500,   795000)        20293    0.0676%  78.1594%
  [   795000,   795500)        20102    0.0670%  78.2264%
  [   795500,   796000)        20583    0.0686%  78.2950%
  [   796000,   796500)        20455    0.0682%  78.3632%
  [   796500,   797000)        20365    0.0679%  78.4311%
  [   797000,   797500)        20406    0.0680%  78.4991%
  [   797500,   798000)        20470    0.0682%  78.5673%
  [   798000,   798500)        19934    0.0664%  78.6338%
  [   798500,   799000)        20133    0.0671%  78.7009%
  [   799000,   799500)        19952    0.0665%  78.7674%
  [   799500,   800000)        20250    0.0675%  78.8349%
  [   800000,   800500)        20169    0.0672%  78.9021%
  [   800500,   801000)        20169    0.0672%  78.9693%
  [   801000,   801500)        20013    0.0667%  79.0361%
  [   801500,   802000)        20004    0.0667%  79.1027%
  [   802000,   802500)        19766    0.0659%  79.1686%
  [   802500,   803000)        19854    0.0662%  79.2348%
  [   803000,   803500)        19885    0.0663%  79.3011%
  [   803500,   804000)        20137    0.0671%  79.3682%
  [   804000,   804500)        19881    0.0663%  79.4345%
  [   804500,   805000)        19608    0.0654%  79.4998%
  [   805000,   805500)        19937    0.0665%  79.5663%
  [   805500,   806000)        19880    0.0663%  79.6326%
  [   806000,   806500)        19674    0.0656%  79.6981%
  [   806500,   807000)        19724    0.0657%  79.7639%
  [   807000,   807500)        19717    0.0657%  79.8296%
  [   807500,   808000)        19712    0.0657%  79.8953%
  [   808000,   808500)        19816    0.0661%  79.9614%
  [   808500,   809000)        19733    0.0658%  80.0271%
  [   809000,   809500)        19964    0.0665%  80.0937%
  [   809500,   810000)        19373    0.0646%  80.1583%
  [   810000,   810500)        19404    0.0647%  80.2229%
  [   810500,   811000)        19554    0.0652%  80.2881%
  [   811000,   811500)        19489    0.0650%  80.3531%
  [   811500,   812000)        19462    0.0649%  80.4180%
  [   812000,   812500)        19522    0.0651%  80.4830%
  [   812500,   813000)        19239    0.0641%  80.5472%
  [   813000,   813500)        19351    0.0645%  80.6117%
  [   813500,   814000)        19426    0.0648%  80.6764%
  [   814000,   814500)        19424    0.0647%  80.7412%
  [   814500,   815000)        19149    0.0638%  80.8050%
  [   815000,   815500)        18888    0.0630%  80.8680%
  [   815500,   816000)        19221    0.0641%  80.9320%
  [   816000,   816500)        19219    0.0641%  80.9961%
  [   816500,   817000)        19298    0.0643%  81.0604%
  [   817000,   817500)        18846    0.0628%  81.1232%
  [   817500,   818000)        19014    0.0634%  81.1866%
  [   818000,   818500)        19144    0.0638%  81.2504%
  [   818500,   819000)        18949    0.0632%  81.3136%
  [   819000,   819500)        18994    0.0633%  81.3769%
  [   819500,   820000)        19020    0.0634%  81.4403%
  [   820000,   820500)        19259    0.0642%  81.5045%
  [   820500,   821000)        18816    0.0627%  81.5672%
  [   821000,   821500)        18792    0.0626%  81.6299%
  [   821500,   822000)        19018    0.0634%  81.6933%
  [   822000,   822500)        19043    0.0635%  81.7567%
  [   822500,   823000)        18951    0.0632%  81.8199%
  [   823000,   823500)        18724    0.0624%  81.8823%
  [   823500,   824000)        18851    0.0628%  81.9452%
  [   824000,   824500)        18634    0.0621%  82.0073%
  [   824500,   825000)        18588    0.0620%  82.0692%
  [   825000,   825500)        18667    0.0622%  82.1315%
  [   825500,   826000)        18577    0.0619%  82.1934%
  [   826000,   826500)        18573    0.0619%  82.2553%
  [   826500,   827000)        18715    0.0624%  82.3177%
  [   827000,   827500)        18488    0.0616%  82.3793%
  [   827500,   828000)        18659    0.0622%  82.4415%
  [   828000,   828500)        18685    0.0623%  82.5038%
  [   828500,   829000)        18415    0.0614%  82.5652%
  [   829000,   829500)        18395    0.0613%  82.6265%
  [   829500,   830000)        18184    0.0606%  82.6871%
  [   830000,   830500)        18499    0.0617%  82.7488%
  [   830500,   831000)        18024    0.0601%  82.8088%
  [   831000,   831500)        18004    0.0600%  82.8688%
  [   831500,   832000)        17917    0.0597%  82.9286%
  [   832000,   832500)        18065    0.0602%  82.9888%
  [   832500,   833000)        17915    0.0597%  83.0485%
  [   833000,   833500)        18165    0.0606%  83.1091%
  [   833500,   834000)        17875    0.0596%  83.1686%
  [   834000,   834500)        18107    0.0604%  83.2290%
  [   834500,   835000)        17771    0.0592%  83.2882%
  [   835000,   835500)        18143    0.0605%  83.3487%
  [   835500,   836000)        18035    0.0601%  83.4088%
  [   836000,   836500)        18010    0.0600%  83.4689%
  [   836500,   837000)        17871    0.0596%  83.5284%
  [   837000,   837500)        18042    0.0601%  83.5886%
  [   837500,   838000)        17772    0.0592%  83.6478%
  [   838000,   838500)        17583    0.0586%  83.7064%
  [   838500,   839000)        17660    0.0589%  83.7653%
  [   839000,   839500)        17624    0.0587%  83.8240%
  [   839500,   840000)        17454    0.0582%  83.8822%
  [   840000,   840500)        17359    0.0579%  83.9401%
  [   840500,   841000)        17708    0.0590%  83.9991%
  [   841000,   841500)        17645    0.0588%  84.0579%
  [   841500,   842000)        17415    0.0581%  84.1160%
  [   842000,   842500)        17273    0.0576%  84.1735%
  [   842500,   843000)        17456    0.0582%  84.2317%
  [   843000,   843500)        17274    0.0576%  84.2893%
  [   843500,   844000)        17354    0.0578%  84.3472%
  [   844000,   844500)        17313    0.0577%  84.4049%
  [   844500,   845000)        17321    0.0577%  84.4626%
  [   845000,   845500)        17104    0.0570%  84.5196%
  [   845500,   846000)        17156    0.0572%  84.5768%
  [   846000,   846500)        17047    0.0568%  84.6336%
  [   846500,   847000)        17022    0.0567%  84.6904%
  [   847000,   847500)        17135    0.0571%  84.7475%
  [   847500,   848000)        17041    0.0568%  84.8043%
  [   848000,   848500)        17023    0.0567%  84.8610%
  [   848500,   849000)        17106    0.0570%  84.9181%
  [   849000,   849500)        17011    0.0567%  84.9748%
  [   849500,   850000)        16946    0.0565%  85.0312%
  [   850000,   850500)        16715    0.0557%  85.0870%
  [   850500,   851000)        16858    0.0562%  85.1432%
  [   851000,   851500)        16807    0.0560%  85.1992%
  [   851500,   852000)        16691    0.0556%  85.2548%
  [   852000,   852500)        16913    0.0564%  85.3112%
  [   852500,   853000)        16487    0.0550%  85.3661%
  [   853000,   853500)        16674    0.0556%  85.4217%
  [   853500,   854000)        16701    0.0557%  85.4774%
  [   854000,   854500)        16538    0.0551%  85.5325%
  [   854500,   855000)        16485    0.0550%  85.5875%
  [   855000,   855500)        16662    0.0555%  85.6430%
  [   855500,   856000)        16655    0.0555%  85.6985%
  [   856000,   856500)        16106    0.0537%  85.7522%
  [   856500,   857000)        16639    0.0555%  85.8077%
  [   857000,   857500)        16180    0.0539%  85.8616%
  [   857500,   858000)        16303    0.0543%  85.9160%
  [   858000,   858500)        16528    0.0551%  85.9711%
  [   858500,   859000)        16509    0.0550%  86.0261%
  [   859000,   859500)        16203    0.0540%  86.0801%
  [   859500,   860000)        16136    0.0538%  86.1339%
  [   860000,   860500)        16306    0.0544%  86.1882%
  [   860500,   861000)        16052    0.0535%  86.2417%
  [   861000,   861500)        16201    0.0540%  86.2957%
  [   861500,   862000)        16005    0.0534%  86.3491%
  [   862000,   862500)        15958    0.0532%  86.4023%
  [   862500,   863000)        16086    0.0536%  86.4559%
  [   863000,   863500)        15845    0.0528%  86.5087%
  [   863500,   864000)        15858    0.0529%  86.5616%
  [   864000,   864500)        15741    0.0525%  86.6141%
  [   864500,   865000)        15761    0.0525%  86.6666%
  [   865000,   865500)        15686    0.0523%  86.7189%
  [   865500,   866000)        15735    0.0525%  86.7713%
  [   866000,   866500)        15631    0.0521%  86.8234%
  [   866500,   867000)        15749    0.0525%  86.8759%
  [   867000,   867500)        15686    0.0523%  86.9282%
  [   867500,   868000)        15391    0.0513%  86.9795%
  [   868000,   868500)        15558    0.0519%  87.0314%
  [   868500,   869000)        15334    0.0511%  87.0825%
  [   869000,   869500)        15626    0.0521%  87.1346%
  [   869500,   870000)        15383    0.0513%  87.1859%
  [   870000,   870500)        15335    0.0511%  87.2370%
  [   870500,   871000)        15199    0.0507%  87.2876%
  [   871000,   871500)        15366    0.0512%  87.3389%
  [   871500,   872000)        15381    0.0513%  87.3901%
  [   872000,   872500)        15202    0.0507%  87.4408%
  [   872500,   873000)        15172    0.0506%  87.4914%
  [   873000,   873500)        15361    0.0512%  87.5426%
  [   873500,   874000)        15263    0.0509%  87.5934%
  [   874000,   874500)        15035    0.0501%  87.6436%
  [   874500,   875000)        14906    0.0497%  87.6933%
  [   875000,   875500)        15228    0.0508%  87.7440%
  [   875500,   876000)        15075    0.0503%  87.7943%
  [   876000,   876500)        14886    0.0496%  87.8439%
  [   876500,   877000)        14940    0.0498%  87.8937%
  [   877000,   877500)        14898    0.0497%  87.9433%
  [   877500,   878000)        15027    0.0501%  87.9934%
  [   878000,   878500)        14925    0.0498%  88.0432%
  [   878500,   879000)        14738    0.0491%  88.0923%
  [   879000,   879500)        14791    0.0493%  88.1416%
  [   879500,   880000)        14768    0.0492%  88.1908%
  [   880000,   880500)        14547    0.0485%  88.2393%
  [   880500,   881000)        14587    0.0486%  88.2880%
  [   881000,   881500)        14620    0.0487%  88.3367%
  [   881500,   882000)        14590    0.0486%  88.3853%
  [   882000,   882500)        14637    0.0488%  88.4341%
  [   882500,   883000)        14397    0.0480%  88.4821%
  [   883000,   883500)        14499    0.0483%  88.5304%
  [   883500,   884000)        14400    0.0480%  88.5784%
  [   884000,   884500)        14304    0.0477%  88.6261%
  [   884500,   885000)        14295    0.0477%  88.6738%
  [   885000,   885500)        14304    0.0477%  88.7214%
  [   885500,   886000)        14297    0.0477%  88.7691%
  [   886000,   886500)        14157    0.0472%  88.8163%
  [   886500,   887000)        14304    0.0477%  88.8640%
  [   887000,   887500)        14271    0.0476%  88.9115%
  [   887500,   888000)        14107    0.0470%  88.9586%
  [   888000,   888500)        14145    0.0472%  89.0057%
  [   888500,   889000)        14259    0.0475%  89.0532%
  [   889000,   889500)        13843    0.0461%  89.0994%
  [   889500,   890000)        13793    0.0460%  89.1454%
  [   890000,   890500)        13949    0.0465%  89.1919%
  [   890500,   891000)        14072    0.0469%  89.2388%
  [   891000,   891500)        13665    0.0456%  89.2843%
  [   891500,   892000)        13726    0.0458%  89.3301%
  [   892000,   892500)        13554    0.0452%  89.3752%
  [   892500,   893000)        13612    0.0454%  89.4206%
  [   893000,   893500)        13725    0.0458%  89.4664%
  [   893500,   894000)        13736    0.0458%  89.5122%
  [   894000,   894500)        13649    0.0455%  89.5577%
  [   894500,   895000)        13731    0.0458%  89.6034%
  [   895000,   895500)        13353    0.0445%  89.6479%
  [   895500,   896000)        13436    0.0448%  89.6927%
  [   896000,   896500)        13357    0.0445%  89.7372%
  [   896500,   897000)        13491    0.0450%  89.7822%
  [   897000,   897500)        13274    0.0442%  89.8265%
  [   897500,   898000)        13297    0.0443%  89.8708%
  [   898000,   898500)        13474    0.0449%  89.9157%
  [   898500,   899000)        13100    0.0437%  89.9594%
  [   899000,   899500)        13235    0.0441%  90.0035%
  [   899500,   900000)        13009    0.0434%  90.0468%
  [   900000,   900500)        13076    0.0436%  90.0904%
  [   900500,   901000)        13371    0.0446%  90.1350%
  [   901000,   901500)        13216    0.0441%  90.1791%
  [   901500,   902000)        12802    0.0427%  90.2217%
  [   902000,   902500)        12878    0.0429%  90.2647%
  [   902500,   903000)        12621    0.0421%  90.3067%
  [   903000,   903500)        12859    0.0429%  90.3496%
  [   903500,   904000)        12888    0.0430%  90.3925%
  [   904000,   904500)        12869    0.0429%  90.4354%
  [   904500,   905000)        12728    0.0424%  90.4779%
  [   905000,   905500)        12701    0.0423%  90.5202%
  [   905500,   906000)        12752    0.0425%  90.5627%
  [   906000,   906500)        12648    0.0422%  90.6049%
  [   906500,   907000)        12544    0.0418%  90.6467%
  [   907000,   907500)        12592    0.0420%  90.6887%
  [   907500,   908000)        12635    0.0421%  90.7308%
  [   908000,   908500)        12390    0.0413%  90.7721%
  [   908500,   909000)        12273    0.0409%  90.8130%
  [   909000,   909500)        12240    0.0408%  90.8538%
  [   909500,   910000)        12326    0.0411%  90.8949%
  [   910000,   910500)        12437    0.0415%  90.9363%
  [   910500,   911000)        12456    0.0415%  90.9778%
  [   911000,   911500)        12255    0.0409%  91.0187%
  [   911500,   912000)        12311    0.0410%  91.0597%
  [   912000,   912500)        12267    0.0409%  91.1006%
  [   912500,   913000)        12231    0.0408%  91.1414%
  [   913000,   913500)        12023    0.0401%  91.1815%
  [   913500,   914000)        11976    0.0399%  91.2214%
  [   914000,   914500)        12026    0.0401%  91.2615%
  [   914500,   915000)        11667    0.0389%  91.3004%
  [   915000,   915500)        11697    0.0390%  91.3394%
  [   915500,   916000)        12018    0.0401%  91.3794%
  [   916000,   916500)        11723    0.0391%  91.4185%
  [   916500,   917000)        11887    0.0396%  91.4581%
  [   917000,   917500)        11736    0.0391%  91.4972%
  [   917500,   918000)        11565    0.0386%  91.5358%
  [   918000,   918500)        11774    0.0392%  91.5750%
  [   918500,   919000)        11829    0.0394%  91.6145%
  [   919000,   919500)        11612    0.0387%  91.6532%
  [   919500,   920000)        11625    0.0388%  91.6919%
  [   920000,   920500)        11602    0.0387%  91.7306%
  [   920500,   921000)        11529    0.0384%  91.7690%
  [   921000,   921500)        11558    0.0385%  91.8076%
  [   921500,   922000)        11481    0.0383%  91.8458%
  [   922000,   922500)        11278    0.0376%  91.8834%
  [   922500,   923000)        11591    0.0386%  91.9221%
  [   923000,   923500)        11245    0.0375%  91.9595%
  [   923500,   924000)        11436    0.0381%  91.9977%
  [   924000,   924500)        11167    0.0372%  92.0349%
  [   924500,   925000)        11115    0.0371%  92.0719%
  [   925000,   925500)        11179    0.0373%  92.1092%
  [   925500,   926000)        11270    0.0376%  92.1468%
  [   926000,   926500)        11136    0.0371%  92.1839%
  [   926500,   927000)        11240    0.0375%  92.2213%
  [   927000,   927500)        10989    0.0366%  92.2580%
  [   927500,   928000)        11005    0.0367%  92.2947%
  [   928000,   928500)        10770    0.0359%  92.3306%
  [   928500,   929000)        10806    0.0360%  92.3666%
  [   929000,   929500)        10917    0.0364%  92.4030%
  [   929500,   930000)        11043    0.0368%  92.4398%
  [   930000,   930500)        10858    0.0362%  92.4760%
  [   930500,   931000)        10812    0.0360%  92.5120%
  [   931000,   931500)        10594    0.0353%  92.5473%
  [   931500,   932000)        10706    0.0357%  92.5830%
  [   932000,   932500)        10756    0.0359%  92.6189%
  [   932500,   933000)        10797    0.0360%  92.6549%
  [   933000,   933500)        10553    0.0352%  92.6900%
  [   933500,   934000)        10618    0.0354%  92.7254%
  [   934000,   934500)        10604    0.0353%  92.7608%
  [   934500,   935000)        10641    0.0355%  92.7962%
  [   935000,   935500)        10537    0.0351%  92.8314%
  [   935500,   936000)        10479    0.0349%  92.8663%
  [   936000,   936500)        10393    0.0346%  92.9009%
  [   936500,   937000)        10397    0.0347%  92.9356%
  [   937000,   937500)        10214    0.0340%  92.9696%
  [   937500,   938000)        10254    0.0342%  93.0038%
  [   938000,   938500)        10371    0.0346%  93.0384%
  [   938500,   939000)        10363    0.0345%  93.0729%
  [   939000,   939500)        10081    0.0336%  93.1065%
  [   939500,   940000)        10027    0.0334%  93.1400%
  [   940000,   940500)        10136    0.0338%  93.1738%
  [   940500,   941000)        10120    0.0337%  93.2075%
  [   941000,   941500)         9785    0.0326%  93.2401%
  [   941500,   942000)         9920    0.0331%  93.2732%
  [   942000,   942500)         9687    0.0323%  93.3055%
  [   942500,   943000)         9884    0.0329%  93.3384%
  [   943000,   943500)         9864    0.0329%  93.3713%
  [   943500,   944000)         9750    0.0325%  93.4038%
  [   944000,   944500)         9766    0.0326%  93.4363%
  [   944500,   945000)         9617    0.0321%  93.4684%
  [   945000,   945500)         9783    0.0326%  93.5010%
  [   945500,   946000)         9559    0.0319%  93.5329%
  [   946000,   946500)         9694    0.0323%  93.5652%
  [   946500,   947000)         9494    0.0316%  93.5968%
  [   947000,   947500)         9647    0.0322%  93.6290%
  [   947500,   948000)         9533    0.0318%  93.6608%
  [   948000,   948500)         9592    0.0320%  93.6927%
  [   948500,   949000)         9486    0.0316%  93.7244%
  [   949000,   949500)         9392    0.0313%  93.7557%
  [   949500,   950000)         9415    0.0314%  93.7870%
  [   950000,   950500)         9363    0.0312%  93.8183%
  [   950500,   951000)         9199    0.0307%  93.8489%
  [   951000,   951500)         9197    0.0307%  93.8796%
  [   951500,   952000)         9155    0.0305%  93.9101%
  [   952000,   952500)         9354    0.0312%  93.9413%
  [   952500,   953000)         9153    0.0305%  93.9718%
  [   953000,   953500)         9221    0.0307%  94.0025%
  [   953500,   954000)         9006    0.0300%  94.0325%
  [   954000,   954500)         9104    0.0303%  94.0629%
  [   954500,   955000)         9076    0.0303%  94.0931%
  [   955000,   955500)         9174    0.0306%  94.1237%
  [   955500,   956000)         8835    0.0295%  94.1532%
  [   956000,   956500)         8926    0.0298%  94.1829%
  [   956500,   957000)         8925    0.0298%  94.2127%
  [   957000,   957500)         8949    0.0298%  94.2425%
  [   957500,   958000)         8816    0.0294%  94.2719%
  [   958000,   958500)         8781    0.0293%  94.3012%
  [   958500,   959000)         8604    0.0287%  94.3298%
  [   959000,   959500)         8714    0.0290%  94.3589%
  [   959500,   960000)         8764    0.0292%  94.3881%
  [   960000,   960500)         8674    0.0289%  94.4170%
  [   960500,   961000)         8609    0.0287%  94.4457%
  [   961000,   961500)         8615    0.0287%  94.4744%
  [   961500,   962000)         8596    0.0287%  94.5031%
  [   962000,   962500)         8513    0.0284%  94.5315%
  [   962500,   963000)         8586    0.0286%  94.5601%
  [   963000,   963500)         8532    0.0284%  94.5885%
  [   963500,   964000)         8320    0.0277%  94.6162%
  [   964000,   964500)         8401    0.0280%  94.6443%
  [   964500,   965000)         8358    0.0279%  94.6721%
  [   965000,   965500)         8256    0.0275%  94.6996%
  [   965500,   966000)         8169    0.0272%  94.7269%
  [   966000,   966500)         8286    0.0276%  94.7545%
  [   966500,   967000)         8193    0.0273%  94.7818%
  [   967000,   967500)         8168    0.0272%  94.8090%
  [   967500,   968000)         8050    0.0268%  94.8359%
  [   968000,   968500)         8141    0.0271%  94.8630%
  [   968500,   969000)         7994    0.0266%  94.8896%
  [   969000,   969500)         8001    0.0267%  94.9163%
  [   969500,   970000)         8120    0.0271%  94.9434%
  [   970000,   970500)         7910    0.0264%  94.9697%
  [   970500,   971000)         8076    0.0269%  94.9967%
  [   971000,   971500)         8052    0.0268%  95.0235%
  [   971500,   972000)         7826    0.0261%  95.0496%
  [   972000,   972500)         7822    0.0261%  95.0757%
  [   972500,   973000)         7807    0.0260%  95.1017%
  [   973000,   973500)         7726    0.0258%  95.1274%
  [   973500,   974000)         7659    0.0255%  95.1530%
  [   974000,   974500)         7668    0.0256%  95.1785%
  [   974500,   975000)         7710    0.0257%  95.2042%
  [   975000,   975500)         7763    0.0259%  95.2301%
  [   975500,   976000)         7719    0.0257%  95.2558%
  [   976000,   976500)         7809    0.0260%  95.2819%
  [   976500,   977000)         7478    0.0249%  95.3068%
  [   977000,   977500)         7614    0.0254%  95.3322%
  [   977500,   978000)         7672    0.0256%  95.3577%
  [   978000,   978500)         7424    0.0247%  95.3825%
  [   978500,   979000)         7451    0.0248%  95.4073%
  [   979000,   979500)         7374    0.0246%  95.4319%
  [   979500,   980000)         7430    0.0248%  95.4567%
  [   980000,   980500)         7391    0.0246%  95.4813%
  [   980500,   981000)         7347    0.0245%  95.5058%
  [   981000,   981500)         7258    0.0242%  95.5300%
  [   981500,   982000)         7210    0.0240%  95.5540%
  [   982000,   982500)         7138    0.0238%  95.5778%
  [   982500,   983000)         7150    0.0238%  95.6017%
  [   983000,   983500)         7309    0.0244%  95.6260%
  [   983500,   984000)         7016    0.0234%  95.6494%
  [   984000,   984500)         7179    0.0239%  95.6733%
  [   984500,   985000)         7056    0.0235%  95.6969%
  [   985000,   985500)         7002    0.0233%  95.7202%
  [   985500,   986000)         6960    0.0232%  95.7434%
  [   986000,   986500)         7045    0.0235%  95.7669%
  [   986500,   987000)         6855    0.0229%  95.7897%
  [   987000,   987500)         6817    0.0227%  95.8124%
  [   987500,   988000)         6831    0.0228%  95.8352%
  [   988000,   988500)         6823    0.0227%  95.8580%
  [   988500,   989000)         6811    0.0227%  95.8807%
  [   989000,   989500)         6815    0.0227%  95.9034%
  [   989500,   990000)         6818    0.0227%  95.9261%
  [   990000,   990500)         6732    0.0224%  95.9485%
  [   990500,   991000)         6733    0.0224%  95.9710%
  [   991000,   991500)         6714    0.0224%  95.9934%
  [   991500,   992000)         6637    0.0221%  96.0155%
  [   992000,   992500)         6678    0.0223%  96.0378%
  [   992500,   993000)         6665    0.0222%  96.0600%
  [   993000,   993500)         6717    0.0224%  96.0824%
  [   993500,   994000)         6562    0.0219%  96.1042%
  [   994000,   994500)         6501    0.0217%  96.1259%
  [   994500,   995000)         6512    0.0217%  96.1476%
  [   995000,   995500)         6474    0.0216%  96.1692%
  [   995500,   996000)         6330    0.0211%  96.1903%
  [   996000,   996500)         6463    0.0215%  96.2118%
  [   996500,   997000)         6309    0.0210%  96.2329%
  [   997000,   997500)         6246    0.0208%  96.2537%
  [   997500,   998000)         6168    0.0206%  96.2742%
  [   998000,   998500)         6254    0.0208%  96.2951%
  [   998500,   999000)         6406    0.0214%  96.3164%
  [   999000,   999500)         6332    0.0211%  96.3376%
  [   999500, +inf)             1098734    3.6624% 100.0000%

----- OFFLOADED TASKS [node 1] -----
  ops total                = 29999988
  ops direct (1-sided)     = 29999988 (100.00%)
  ops offload (rpc)        = 0 (0.00%)
  lookup pushdowns         = 0
  scan   pushdowns (RPC)   = 0
    kv pairs returned      = 0
    leaves scanned remotely= 0
    kv / scan pushdown     = 0.00
    leaves / scan pushdown = 0.00
=========================================================================

[CORRECTNESS node 1] scan rows returned = 2999976413
[READPATH node 1] lookups=1397779443  index-cache hit=49.3%  per lookup: leaf=1.000 speculative=0.000 (right 0.0%) hop-reads=1.000 (two-segment 0.437) retries=0.000 invalid=0.000 sibling=0.000  => est. leaf round trips/lookup=1.000
[LEAFCACHE] off

----- PER-LEVEL CACHE HITS [node 1] (lookups; level 0 = leaf) -----
[KIND node 1] lookups=0 inner_visits=0 inner_hits=0 inner_hit_pct=0.00 leaf_visits=0 leaf_hits=0 leaf_hit_pct=0.00
[SCANLEAF node 1] scans=29999988 inner_complete_miss=9475650 inner_partial=5419378 leaf_cache_hits=0 leaf_reads=214412619 cn_leaves_per_scan=7.15 leaf_hit_pct=0.00
[END]
