nodes 2, threads 24, mix R/I/U/S=100/0/0/0, zipf-0.99, bulk 50M warmup 10M op 50M, offload 0%, scan_range 100
[4mshared memory size: 64GB, 0x7fbbffe00000[0m
[4mrdma cache size: 4GB[0m
[4mMachine NR: 2[0m
[4mCompute server 0 start up [254.127.0.0]
[0m
I connect server 1
[4mMemory server 0 start up[0m
[0;31mcan't bind core![0m
[4mdir 0 launch!
[0m
index cache = 8 MB (CHIME_CACHE_MB)

----- REMOTE CPU LOAD (memory node dir-threads, 2s window) -----
  dir 0: active=  0.00%  msgs=1           2990 ns/msg
  AGGREGATE active = 0.00% (of 1 dir-threads; 0.00% per-thread avg)  msgs=1
workload generated: keyspace=50001000 bulk=50000000 warmup=9999984 op=49999992
[4mKey space set: keySpaceSize=50000000[0m

----- REMOTE CPU LOAD (memory node dir-threads, 2s window) -----
  dir 0: active=  0.00%  msgs=0           0 ns/msg
  AGGREGATE active = 0.00% (of 1 dir-threads; 0.00% per-thread avg)  msgs=0
I am 1
I am 0
[INFO] new root level 2
I am 18
I am 2
I am 4
I am 6
I am 20
I am 15
I am 17
I am 3
I am 8
I am 14
I am 11
I am 10
I am 12
I am 13
I am 9
I am 5
I am 22
I am 23
I am 7
I am 19
I am 16
I am 21
[INFO] new root level 3
[INFO] new root level 4

----- REMOTE CPU LOAD (memory node dir-threads, 2s window) -----
  dir 0: active=  0.00%  msgs=2           580 ns/msg
  AGGREGATE active = 0.00% (of 1 dir-threads; 0.00% per-thread avg)  msgs=2

----- REMOTE CPU LOAD (memory node dir-threads, 2s window) -----
  dir 0: active=  0.00%  msgs=0           0 ns/msg
  AGGREGATE active = 0.00% (of 1 dir-threads; 0.00% per-thread avg)  msgs=0

----- REMOTE CPU LOAD (memory node dir-threads, 2s window) -----
  dir 0: active=  0.00%  msgs=0           0 ns/msg
  AGGREGATE active = 0.00% (of 1 dir-threads; 0.00% per-thread avg)  msgs=0

----- REMOTE CPU LOAD (memory node dir-threads, 2s window) -----
  dir 0: active=  0.00%  msgs=2           758 ns/msg
  AGGREGATE active = 0.00% (of 1 dir-threads; 0.00% per-thread avg)  msgs=2

----- REMOTE CPU LOAD (memory node dir-threads, 2s window) -----
  dir 0: active=  0.00%  msgs=0           0 ns/msg
  AGGREGATE active = 0.00% (of 1 dir-threads; 0.00% per-thread avg)  msgs=0

----- REMOTE CPU LOAD (memory node dir-threads, 2s window) -----
  dir 0: active=  0.00%  msgs=0           0 ns/msg
  AGGREGATE active = 0.00% (of 1 dir-threads; 0.00% per-thread avg)  msgs=0

----- REMOTE CPU LOAD (memory node dir-threads, 2s window) -----
  dir 0: active=  0.00%  msgs=1           832 ns/msg
  AGGREGATE active = 0.00% (of 1 dir-threads; 0.00% per-thread avg)  msgs=1

----- REMOTE CPU LOAD (memory node dir-threads, 2s window) -----
  dir 0: active=  0.00%  msgs=1           789 ns/msg
  AGGREGATE active = 0.00% (of 1 dir-threads; 0.00% per-thread avg)  msgs=1

----- REMOTE CPU LOAD (memory node dir-threads, 2s window) -----
  dir 0: active=  0.00%  msgs=0           0 ns/msg
  AGGREGATE active = 0.00% (of 1 dir-threads; 0.00% per-thread avg)  msgs=0

----- REMOTE CPU LOAD (memory node dir-threads, 2s window) -----
  dir 0: active=  0.00%  msgs=0           0 ns/msg
  AGGREGATE active = 0.00% (of 1 dir-threads; 0.00% per-thread avg)  msgs=0

----- REMOTE CPU LOAD (memory node dir-threads, 2s window) -----
  dir 0: active=  0.00%  msgs=1           862 ns/msg
  AGGREGATE active = 0.00% (of 1 dir-threads; 0.00% per-thread avg)  msgs=1

----- REMOTE CPU LOAD (memory node dir-threads, 2s window) -----
  dir 0: active=  0.00%  msgs=1           886 ns/msg
  AGGREGATE active = 0.00% (of 1 dir-threads; 0.00% per-thread avg)  msgs=1

----- REMOTE CPU LOAD (memory node dir-threads, 2s window) -----
  dir 0: active=  0.00%  msgs=0           0 ns/msg
  AGGREGATE active = 0.00% (of 1 dir-threads; 0.00% per-thread avg)  msgs=0

----- REMOTE CPU LOAD (memory node dir-threads, 2s window) -----
  dir 0: active=  0.00%  msgs=1           523 ns/msg
  AGGREGATE active = 0.00% (of 1 dir-threads; 0.00% per-thread avg)  msgs=1

----- REMOTE CPU LOAD (memory node dir-threads, 2s window) -----
  dir 0: active=  0.00%  msgs=0           0 ns/msg
  AGGREGATE active = 0.00% (of 1 dir-threads; 0.00% per-thread avg)  msgs=0

----- REMOTE CPU LOAD (memory node dir-threads, 2s window) -----
  dir 0: active=  0.00%  msgs=1           867 ns/msg
  AGGREGATE active = 0.00% (of 1 dir-threads; 0.00% per-thread avg)  msgs=1

----- REMOTE CPU LOAD (memory node dir-threads, 2s window) -----
  dir 0: active=  0.00%  msgs=0           0 ns/msg
  AGGREGATE active = 0.00% (of 1 dir-threads; 0.00% per-thread avg)  msgs=0

----- REMOTE CPU LOAD (memory node dir-threads, 2s window) -----
  dir 0: active=  0.00%  msgs=1           638 ns/msg
  AGGREGATE active = 0.00% (of 1 dir-threads; 0.00% per-thread avg)  msgs=1

----- REMOTE CPU LOAD (memory node dir-threads, 2s window) -----
  dir 0: active=  0.00%  msgs=0           0 ns/msg
  AGGREGATE active = 0.00% (of 1 dir-threads; 0.00% per-thread avg)  msgs=0

----- REMOTE CPU LOAD (memory node dir-threads, 2s window) -----
  dir 0: active=  0.00%  msgs=0           0 ns/msg
  AGGREGATE active = 0.00% (of 1 dir-threads; 0.00% per-thread avg)  msgs=0

----- REMOTE CPU LOAD (memory node dir-threads, 2s window) -----
  dir 0: active=  0.00%  msgs=2           755 ns/msg
  AGGREGATE active = 0.00% (of 1 dir-threads; 0.00% per-thread avg)  msgs=2

----- REMOTE CPU LOAD (memory node dir-threads, 2s window) -----
  dir 0: active=  0.00%  msgs=0           0 ns/msg
  AGGREGATE active = 0.00% (of 1 dir-threads; 0.00% per-thread avg)  msgs=0

----- REMOTE CPU LOAD (memory node dir-threads, 2s window) -----
  dir 0: active=  0.00%  msgs=0           0 ns/msg
  AGGREGATE active = 0.00% (of 1 dir-threads; 0.00% per-thread avg)  msgs=0

----- REMOTE CPU LOAD (memory node dir-threads, 2s window) -----
  dir 0: active=  0.00%  msgs=0           0 ns/msg
  AGGREGATE active = 0.00% (of 1 dir-threads; 0.00% per-thread avg)  msgs=0

----- REMOTE CPU LOAD (memory node dir-threads, 2s window) -----
  dir 0: active=  0.00%  msgs=2           594 ns/msg
  AGGREGATE active = 0.00% (of 1 dir-threads; 0.00% per-thread avg)  msgs=2

----- REMOTE CPU LOAD (memory node dir-threads, 2s window) -----
  dir 0: active=  0.00%  msgs=0           0 ns/msg
  AGGREGATE active = 0.00% (of 1 dir-threads; 0.00% per-thread avg)  msgs=0

----- REMOTE CPU LOAD (memory node dir-threads, 2s window) -----
  dir 0: active=  0.00%  msgs=0           0 ns/msg
  AGGREGATE active = 0.00% (of 1 dir-threads; 0.00% per-thread avg)  msgs=0

----- REMOTE CPU LOAD (memory node dir-threads, 2s window) -----
  dir 0: active=  0.00%  msgs=0           0 ns/msg
  AGGREGATE active = 0.00% (of 1 dir-threads; 0.00% per-thread avg)  msgs=0

----- REMOTE CPU LOAD (memory node dir-threads, 2s window) -----
  dir 0: active=  0.00%  msgs=1           396 ns/msg
  AGGREGATE active = 0.00% (of 1 dir-threads; 0.00% per-thread avg)  msgs=1

----- REMOTE CPU LOAD (memory node dir-threads, 2s window) -----
  dir 0: active=  0.00%  msgs=1           475 ns/msg
  AGGREGATE active = 0.00% (of 1 dir-threads; 0.00% per-thread avg)  msgs=1

----- REMOTE CPU LOAD (memory node dir-threads, 2s window) -----
  dir 0: active=  0.00%  msgs=0           0 ns/msg
  AGGREGATE active = 0.00% (of 1 dir-threads; 0.00% per-thread avg)  msgs=0

----- REMOTE CPU LOAD (memory node dir-threads, 2s window) -----
  dir 0: active=  0.00%  msgs=0           0 ns/msg
  AGGREGATE active = 0.00% (of 1 dir-threads; 0.00% per-thread avg)  msgs=0

----- REMOTE CPU LOAD (memory node dir-threads, 2s window) -----
  dir 0: active=  0.00%  msgs=0           0 ns/msg
  AGGREGATE active = 0.00% (of 1 dir-threads; 0.00% per-thread avg)  msgs=0

----- REMOTE CPU LOAD (memory node dir-threads, 2s window) -----
  dir 0: active=  0.00%  msgs=1           1278 ns/msg
  AGGREGATE active = 0.00% (of 1 dir-threads; 0.00% per-thread avg)  msgs=1

----- REMOTE CPU LOAD (memory node dir-threads, 2s window) -----
  dir 0: active=  0.00%  msgs=0           0 ns/msg
  AGGREGATE active = 0.00% (of 1 dir-threads; 0.00% per-thread avg)  msgs=0

----- REMOTE CPU LOAD (memory node dir-threads, 2s window) -----
  dir 0: active=  0.00%  msgs=1           787 ns/msg
  AGGREGATE active = 0.00% (of 1 dir-threads; 0.00% per-thread avg)  msgs=1

----- REMOTE CPU LOAD (memory node dir-threads, 2s window) -----
  dir 0: active=  0.00%  msgs=0           0 ns/msg
  AGGREGATE active = 0.00% (of 1 dir-threads; 0.00% per-thread avg)  msgs=0

----- REMOTE CPU LOAD (memory node dir-threads, 2s window) -----
  dir 0: active=  0.00%  msgs=0           0 ns/msg
  AGGREGATE active = 0.00% (of 1 dir-threads; 0.00% per-thread avg)  msgs=0

----- REMOTE CPU LOAD (memory node dir-threads, 2s window) -----
  dir 0: active=  0.00%  msgs=1           964 ns/msg
  AGGREGATE active = 0.00% (of 1 dir-threads; 0.00% per-thread avg)  msgs=1

----- REMOTE CPU LOAD (memory node dir-threads, 2s window) -----
  dir 0: active=  0.00%  msgs=0           0 ns/msg
  AGGREGATE active = 0.00% (of 1 dir-threads; 0.00% per-thread avg)  msgs=0

----- REMOTE CPU LOAD (memory node dir-threads, 2s window) -----
  dir 0: active=  0.00%  msgs=0           0 ns/msg
  AGGREGATE active = 0.00% (of 1 dir-threads; 0.00% per-thread avg)  msgs=0

----- REMOTE CPU LOAD (memory node dir-threads, 2s window) -----
  dir 0: active=  0.00%  msgs=1           979 ns/msg
  AGGREGATE active = 0.00% (of 1 dir-threads; 0.00% per-thread avg)  msgs=1

----- REMOTE CPU LOAD (memory node dir-threads, 2s window) -----
  dir 0: active=  0.00%  msgs=0           0 ns/msg
  AGGREGATE active = 0.00% (of 1 dir-threads; 0.00% per-thread avg)  msgs=0

----- REMOTE CPU LOAD (memory node dir-threads, 2s window) -----
  dir 0: active=  0.00%  msgs=0           0 ns/msg
  AGGREGATE active = 0.00% (of 1 dir-threads; 0.00% per-thread avg)  msgs=0

----- REMOTE CPU LOAD (memory node dir-threads, 2s window) -----
  dir 0: active=  0.00%  msgs=1           1037 ns/msg
  AGGREGATE active = 0.00% (of 1 dir-threads; 0.00% per-thread avg)  msgs=1

----- REMOTE CPU LOAD (memory node dir-threads, 2s window) -----
  dir 0: active=  0.00%  msgs=0           0 ns/msg
  AGGREGATE active = 0.00% (of 1 dir-threads; 0.00% per-thread avg)  msgs=0

----- REMOTE CPU LOAD (memory node dir-threads, 2s window) -----
  dir 0: active=  0.00%  msgs=0           0 ns/msg
  AGGREGATE active = 0.00% (of 1 dir-threads; 0.00% per-thread avg)  msgs=0

----- REMOTE CPU LOAD (memory node dir-threads, 2s window) -----
  dir 0: active=  0.00%  msgs=0           0 ns/msg
  AGGREGATE active = 0.00% (of 1 dir-threads; 0.00% per-thread avg)  msgs=0

----- REMOTE CPU LOAD (memory node dir-threads, 2s window) -----
  dir 0: active=  0.00%  msgs=1           1122 ns/msg
  AGGREGATE active = 0.00% (of 1 dir-threads; 0.00% per-thread avg)  msgs=1

----- REMOTE CPU LOAD (memory node dir-threads, 2s window) -----
  dir 0: active=  0.00%  msgs=0           0 ns/msg
  AGGREGATE active = 0.00% (of 1 dir-threads; 0.00% per-thread avg)  msgs=0

----- REMOTE CPU LOAD (memory node dir-threads, 2s window) -----
  dir 0: active=  0.00%  msgs=1           723 ns/msg
  AGGREGATE active = 0.00% (of 1 dir-threads; 0.00% per-thread avg)  msgs=1

----- REMOTE CPU LOAD (memory node dir-threads, 2s window) -----
  dir 0: active=  0.00%  msgs=0           0 ns/msg
  AGGREGATE active = 0.00% (of 1 dir-threads; 0.00% per-thread avg)  msgs=0

----- REMOTE CPU LOAD (memory node dir-threads, 2s window) -----
  dir 0: active=  0.00%  msgs=0           0 ns/msg
  AGGREGATE active = 0.00% (of 1 dir-threads; 0.00% per-thread avg)  msgs=0

----- REMOTE CPU LOAD (memory node dir-threads, 2s window) -----
  dir 0: active=  0.00%  msgs=0           0 ns/msg
  AGGREGATE active = 0.00% (of 1 dir-threads; 0.00% per-thread avg)  msgs=0

----- REMOTE CPU LOAD (memory node dir-threads, 2s window) -----
  dir 0: active=  0.00%  msgs=0           0 ns/msg
  AGGREGATE active = 0.00% (of 1 dir-threads; 0.00% per-thread avg)  msgs=0

----- REMOTE CPU LOAD (memory node dir-threads, 2s window) -----
  dir 0: active=  0.00%  msgs=1           1783 ns/msg
  AGGREGATE active = 0.00% (of 1 dir-threads; 0.00% per-thread avg)  msgs=1

----- REMOTE CPU LOAD (memory node dir-threads, 2s window) -----
  dir 0: active=  0.00%  msgs=1           653 ns/msg
  AGGREGATE active = 0.00% (of 1 dir-threads; 0.00% per-thread avg)  msgs=1

----- REMOTE CPU LOAD (memory node dir-threads, 2s window) -----
  dir 0: active=  0.00%  msgs=0           0 ns/msg
  AGGREGATE active = 0.00% (of 1 dir-threads; 0.00% per-thread avg)  msgs=0

----- REMOTE CPU LOAD (memory node dir-threads, 2s window) -----
  dir 0: active=  0.00%  msgs=0           0 ns/msg
  AGGREGATE active = 0.00% (of 1 dir-threads; 0.00% per-thread avg)  msgs=0

----- REMOTE CPU LOAD (memory node dir-threads, 2s window) -----
  dir 0: active=  0.00%  msgs=0           0 ns/msg
  AGGREGATE active = 0.00% (of 1 dir-threads; 0.00% per-thread avg)  msgs=0

----- REMOTE CPU LOAD (memory node dir-threads, 2s window) -----
  dir 0: active=  0.00%  msgs=0           0 ns/msg
  AGGREGATE active = 0.00% (of 1 dir-threads; 0.00% per-thread avg)  msgs=0

----- REMOTE CPU LOAD (memory node dir-threads, 2s window) -----
  dir 0: active=  0.00%  msgs=0           0 ns/msg
  AGGREGATE active = 0.00% (of 1 dir-threads; 0.00% per-thread avg)  msgs=0

----- REMOTE CPU LOAD (memory node dir-threads, 2s window) -----
  dir 0: active=  0.00%  msgs=2           646 ns/msg
  AGGREGATE active = 0.00% (of 1 dir-threads; 0.00% per-thread avg)  msgs=2

----- REMOTE CPU LOAD (memory node dir-threads, 2s window) -----
  dir 0: active=  0.00%  msgs=0           0 ns/msg
  AGGREGATE active = 0.00% (of 1 dir-threads; 0.00% per-thread avg)  msgs=0

----- REMOTE CPU LOAD (memory node dir-threads, 2s window) -----
  dir 0: active=  0.00%  msgs=0           0 ns/msg
  AGGREGATE active = 0.00% (of 1 dir-threads; 0.00% per-thread avg)  msgs=0

----- REMOTE CPU LOAD (memory node dir-threads, 2s window) -----
  dir 0: active=  0.00%  msgs=0           0 ns/msg
  AGGREGATE active = 0.00% (of 1 dir-threads; 0.00% per-thread avg)  msgs=0

----- REMOTE CPU LOAD (memory node dir-threads, 2s window) -----
  dir 0: active=  0.00%  msgs=0           0 ns/msg
  AGGREGATE active = 0.00% (of 1 dir-threads; 0.00% per-thread avg)  msgs=0

----- REMOTE CPU LOAD (memory node dir-threads, 2s window) -----
  dir 0: active=  0.00%  msgs=0           0 ns/msg
  AGGREGATE active = 0.00% (of 1 dir-threads; 0.00% per-thread avg)  msgs=0

----- REMOTE CPU LOAD (memory node dir-threads, 2s window) -----
  dir 0: active=  0.00%  msgs=0           0 ns/msg
  AGGREGATE active = 0.00% (of 1 dir-threads; 0.00% per-thread avg)  msgs=0

----- REMOTE CPU LOAD (memory node dir-threads, 2s window) -----
  dir 0: active=  0.00%  msgs=1           1132 ns/msg
  AGGREGATE active = 0.00% (of 1 dir-threads; 0.00% per-thread avg)  msgs=1

----- REMOTE CPU LOAD (memory node dir-threads, 2s window) -----
  dir 0: active=  0.00%  msgs=1           1122 ns/msg
  AGGREGATE active = 0.00% (of 1 dir-threads; 0.00% per-thread avg)  msgs=1

----- REMOTE CPU LOAD (memory node dir-threads, 2s window) -----
  dir 0: active=  0.00%  msgs=0           0 ns/msg
  AGGREGATE active = 0.00% (of 1 dir-threads; 0.00% per-thread avg)  msgs=0

----- REMOTE CPU LOAD (memory node dir-threads, 2s window) -----
  dir 0: active=  0.00%  msgs=0           0 ns/msg
  AGGREGATE active = 0.00% (of 1 dir-threads; 0.00% per-thread avg)  msgs=0

----- REMOTE CPU LOAD (memory node dir-threads, 2s window) -----
  dir 0: active=  0.00%  msgs=0           0 ns/msg
  AGGREGATE active = 0.00% (of 1 dir-threads; 0.00% per-thread avg)  msgs=0

----- REMOTE CPU LOAD (memory node dir-threads, 2s window) -----
  dir 0: active=  0.00%  msgs=0           0 ns/msg
  AGGREGATE active = 0.00% (of 1 dir-threads; 0.00% per-thread avg)  msgs=0

----- REMOTE CPU LOAD (memory node dir-threads, 2s window) -----
  dir 0: active=  0.00%  msgs=1           827 ns/msg
  AGGREGATE active = 0.00% (of 1 dir-threads; 0.00% per-thread avg)  msgs=1

----- REMOTE CPU LOAD (memory node dir-threads, 2s window) -----
  dir 0: active=  0.00%  msgs=0           0 ns/msg
  AGGREGATE active = 0.00% (of 1 dir-threads; 0.00% per-thread avg)  msgs=0

----- REMOTE CPU LOAD (memory node dir-threads, 2s window) -----
  dir 0: active=  0.00%  msgs=0           0 ns/msg
  AGGREGATE active = 0.00% (of 1 dir-threads; 0.00% per-thread avg)  msgs=0

----- REMOTE CPU LOAD (memory node dir-threads, 2s window) -----
  dir 0: active=  0.00%  msgs=1           1622 ns/msg
  AGGREGATE active = 0.00% (of 1 dir-threads; 0.00% per-thread avg)  msgs=1

----- REMOTE CPU LOAD (memory node dir-threads, 2s window) -----
  dir 0: active=  0.00%  msgs=0           0 ns/msg
  AGGREGATE active = 0.00% (of 1 dir-threads; 0.00% per-thread avg)  msgs=0

----- REMOTE CPU LOAD (memory node dir-threads, 2s window) -----
  dir 0: active=  0.00%  msgs=0           0 ns/msg
  AGGREGATE active = 0.00% (of 1 dir-threads; 0.00% per-thread avg)  msgs=0

----- REMOTE CPU LOAD (memory node dir-threads, 2s window) -----
  dir 0: active=  0.00%  msgs=0           0 ns/msg
  AGGREGATE active = 0.00% (of 1 dir-threads; 0.00% per-thread avg)  msgs=0

----- REMOTE CPU LOAD (memory node dir-threads, 2s window) -----
  dir 0: active=  0.00%  msgs=1           560 ns/msg
  AGGREGATE active = 0.00% (of 1 dir-threads; 0.00% per-thread avg)  msgs=1

----- REMOTE CPU LOAD (memory node dir-threads, 2s window) -----
  dir 0: active=  0.00%  msgs=0           0 ns/msg
  AGGREGATE active = 0.00% (of 1 dir-threads; 0.00% per-thread avg)  msgs=0

----- REMOTE CPU LOAD (memory node dir-threads, 2s window) -----
  dir 0: active=  0.00%  msgs=0           0 ns/msg
  AGGREGATE active = 0.00% (of 1 dir-threads; 0.00% per-thread avg)  msgs=0

----- REMOTE CPU LOAD (memory node dir-threads, 2s window) -----
  dir 0: active=  0.00%  msgs=0           0 ns/msg
  AGGREGATE active = 0.00% (of 1 dir-threads; 0.00% per-thread avg)  msgs=0

----- REMOTE CPU LOAD (memory node dir-threads, 2s window) -----
  dir 0: active=  0.00%  msgs=1           829 ns/msg
  AGGREGATE active = 0.00% (of 1 dir-threads; 0.00% per-thread avg)  msgs=1

----- REMOTE CPU LOAD (memory node dir-threads, 2s window) -----
  dir 0: active=  0.00%  msgs=0           0 ns/msg
  AGGREGATE active = 0.00% (of 1 dir-threads; 0.00% per-thread avg)  msgs=0

----- REMOTE CPU LOAD (memory node dir-threads, 2s window) -----
  dir 0: active=  0.00%  msgs=0           0 ns/msg
  AGGREGATE active = 0.00% (of 1 dir-threads; 0.00% per-thread avg)  msgs=0

----- REMOTE CPU LOAD (memory node dir-threads, 2s window) -----
  dir 0: active=  0.00%  msgs=1           829 ns/msg
  AGGREGATE active = 0.00% (of 1 dir-threads; 0.00% per-thread avg)  msgs=1

----- REMOTE CPU LOAD (memory node dir-threads, 2s window) -----
  dir 0: active=  0.00%  msgs=0           0 ns/msg
  AGGREGATE active = 0.00% (of 1 dir-threads; 0.00% per-thread avg)  msgs=0

----- REMOTE CPU LOAD (memory node dir-threads, 2s window) -----
  dir 0: active=  0.00%  msgs=0           0 ns/msg
  AGGREGATE active = 0.00% (of 1 dir-threads; 0.00% per-thread avg)  msgs=0

----- REMOTE CPU LOAD (memory node dir-threads, 2s window) -----
  dir 0: active=  0.00%  msgs=0           0 ns/msg
  AGGREGATE active = 0.00% (of 1 dir-threads; 0.00% per-thread avg)  msgs=0

----- REMOTE CPU LOAD (memory node dir-threads, 2s window) -----
  dir 0: active=  0.00%  msgs=0           0 ns/msg
  AGGREGATE active = 0.00% (of 1 dir-threads; 0.00% per-thread avg)  msgs=0

----- REMOTE CPU LOAD (memory node dir-threads, 2s window) -----
  dir 0: active=  0.00%  msgs=0           0 ns/msg
  AGGREGATE active = 0.00% (of 1 dir-threads; 0.00% per-thread avg)  msgs=0

----- REMOTE CPU LOAD (memory node dir-threads, 2s window) -----
  dir 0: active=  0.00%  msgs=1           579 ns/msg
  AGGREGATE active = 0.00% (of 1 dir-threads; 0.00% per-thread avg)  msgs=1

----- REMOTE CPU LOAD (memory node dir-threads, 2s window) -----
  dir 0: active=  0.00%  msgs=0           0 ns/msg
  AGGREGATE active = 0.00% (of 1 dir-threads; 0.00% per-thread avg)  msgs=0

----- REMOTE CPU LOAD (memory node dir-threads, 2s window) -----
  dir 0: active=  0.00%  msgs=1           472 ns/msg
  AGGREGATE active = 0.00% (of 1 dir-threads; 0.00% per-thread avg)  msgs=1

----- REMOTE CPU LOAD (memory node dir-threads, 2s window) -----
  dir 0: active=  0.00%  msgs=0           0 ns/msg
  AGGREGATE active = 0.00% (of 1 dir-threads; 0.00% per-thread avg)  msgs=0

----- REMOTE CPU LOAD (memory node dir-threads, 2s window) -----
  dir 0: active=  0.00%  msgs=0           0 ns/msg
  AGGREGATE active = 0.00% (of 1 dir-threads; 0.00% per-thread avg)  msgs=0

----- REMOTE CPU LOAD (memory node dir-threads, 2s window) -----
  dir 0: active=  0.00%  msgs=0           0 ns/msg
  AGGREGATE active = 0.00% (of 1 dir-threads; 0.00% per-thread avg)  msgs=0

----- REMOTE CPU LOAD (memory node dir-threads, 2s window) -----
  dir 0: active=  0.00%  msgs=0           0 ns/msg
  AGGREGATE active = 0.00% (of 1 dir-threads; 0.00% per-thread avg)  msgs=0

----- REMOTE CPU LOAD (memory node dir-threads, 2s window) -----
  dir 0: active=  0.00%  msgs=0           0 ns/msg
  AGGREGATE active = 0.00% (of 1 dir-threads; 0.00% per-thread avg)  msgs=0

----- REMOTE CPU LOAD (memory node dir-threads, 2s window) -----
  dir 0: active=  0.00%  msgs=1           584 ns/msg
  AGGREGATE active = 0.00% (of 1 dir-threads; 0.00% per-thread avg)  msgs=1

----- REMOTE CPU LOAD (memory node dir-threads, 2s window) -----
  dir 0: active=  0.00%  msgs=1           471 ns/msg
  AGGREGATE active = 0.00% (of 1 dir-threads; 0.00% per-thread avg)  msgs=1

----- REMOTE CPU LOAD (memory node dir-threads, 2s window) -----
  dir 0: active=  0.00%  msgs=0           0 ns/msg
  AGGREGATE active = 0.00% (of 1 dir-threads; 0.00% per-thread avg)  msgs=0

----- REMOTE CPU LOAD (memory node dir-threads, 2s window) -----
  dir 0: active=  0.00%  msgs=0           0 ns/msg
  AGGREGATE active = 0.00% (of 1 dir-threads; 0.00% per-thread avg)  msgs=0

----- REMOTE CPU LOAD (memory node dir-threads, 2s window) -----
  dir 0: active=  0.00%  msgs=0           0 ns/msg
  AGGREGATE active = 0.00% (of 1 dir-threads; 0.00% per-thread avg)  msgs=0

----- REMOTE CPU LOAD (memory node dir-threads, 2s window) -----
  dir 0: active=  0.00%  msgs=0           0 ns/msg
  AGGREGATE active = 0.00% (of 1 dir-threads; 0.00% per-thread avg)  msgs=0

----- REMOTE CPU LOAD (memory node dir-threads, 2s window) -----
  dir 0: active=  0.00%  msgs=0           0 ns/msg
  AGGREGATE active = 0.00% (of 1 dir-threads; 0.00% per-thread avg)  msgs=0

----- REMOTE CPU LOAD (memory node dir-threads, 2s window) -----
  dir 0: active=  0.00%  msgs=0           0 ns/msg
  AGGREGATE active = 0.00% (of 1 dir-threads; 0.00% per-thread avg)  msgs=0

----- REMOTE CPU LOAD (memory node dir-threads, 2s window) -----
  dir 0: active=  0.00%  msgs=0           0 ns/msg
  AGGREGATE active = 0.00% (of 1 dir-threads; 0.00% per-thread avg)  msgs=0

----- REMOTE CPU LOAD (memory node dir-threads, 2s window) -----
  dir 0: active=  0.00%  msgs=2           1179 ns/msg
  AGGREGATE active = 0.00% (of 1 dir-threads; 0.00% per-thread avg)  msgs=2

----- REMOTE CPU LOAD (memory node dir-threads, 2s window) -----
  dir 0: active=  0.00%  msgs=0           0 ns/msg
  AGGREGATE active = 0.00% (of 1 dir-threads; 0.00% per-thread avg)  msgs=0

----- REMOTE CPU LOAD (memory node dir-threads, 2s window) -----
  dir 0: active=  0.00%  msgs=0           0 ns/msg
  AGGREGATE active = 0.00% (of 1 dir-threads; 0.00% per-thread avg)  msgs=0

----- REMOTE CPU LOAD (memory node dir-threads, 2s window) -----
  dir 0: active=  0.00%  msgs=0           0 ns/msg
  AGGREGATE active = 0.00% (of 1 dir-threads; 0.00% per-thread avg)  msgs=0

----- REMOTE CPU LOAD (memory node dir-threads, 2s window) -----
  dir 0: active=  0.00%  msgs=0           0 ns/msg
  AGGREGATE active = 0.00% (of 1 dir-threads; 0.00% per-thread avg)  msgs=0

----- REMOTE CPU LOAD (memory node dir-threads, 2s window) -----
  dir 0: active=  0.00%  msgs=0           0 ns/msg
  AGGREGATE active = 0.00% (of 1 dir-threads; 0.00% per-thread avg)  msgs=0

----- REMOTE CPU LOAD (memory node dir-threads, 2s window) -----
  dir 0: active=  0.00%  msgs=0           0 ns/msg
  AGGREGATE active = 0.00% (of 1 dir-threads; 0.00% per-thread avg)  msgs=0

----- REMOTE CPU LOAD (memory node dir-threads, 2s window) -----
  dir 0: active=  0.00%  msgs=1           1424 ns/msg
  AGGREGATE active = 0.00% (of 1 dir-threads; 0.00% per-thread avg)  msgs=1

----- REMOTE CPU LOAD (memory node dir-threads, 2s window) -----
  dir 0: active=  0.00%  msgs=1           593 ns/msg
  AGGREGATE active = 0.00% (of 1 dir-threads; 0.00% per-thread avg)  msgs=1

----- REMOTE CPU LOAD (memory node dir-threads, 2s window) -----
  dir 0: active=  0.00%  msgs=0           0 ns/msg
  AGGREGATE active = 0.00% (of 1 dir-threads; 0.00% per-thread avg)  msgs=0

----- REMOTE CPU LOAD (memory node dir-threads, 2s window) -----
  dir 0: active=  0.00%  msgs=0           0 ns/msg
  AGGREGATE active = 0.00% (of 1 dir-threads; 0.00% per-thread avg)  msgs=0

----- REMOTE CPU LOAD (memory node dir-threads, 2s window) -----
  dir 0: active=  0.00%  msgs=0           0 ns/msg
  AGGREGATE active = 0.00% (of 1 dir-threads; 0.00% per-thread avg)  msgs=0

----- REMOTE CPU LOAD (memory node dir-threads, 2s window) -----
  dir 0: active=  0.00%  msgs=0           0 ns/msg
  AGGREGATE active = 0.00% (of 1 dir-threads; 0.00% per-thread avg)  msgs=0

----- REMOTE CPU LOAD (memory node dir-threads, 2s window) -----
  dir 0: active=  0.00%  msgs=0           0 ns/msg
  AGGREGATE active = 0.00% (of 1 dir-threads; 0.00% per-thread avg)  msgs=0

----- REMOTE CPU LOAD (memory node dir-threads, 2s window) -----
  dir 0: active=  0.00%  msgs=1           950 ns/msg
  AGGREGATE active = 0.00% (of 1 dir-threads; 0.00% per-thread avg)  msgs=1

----- REMOTE CPU LOAD (memory node dir-threads, 2s window) -----
  dir 0: active=  0.00%  msgs=0           0 ns/msg
  AGGREGATE active = 0.00% (of 1 dir-threads; 0.00% per-thread avg)  msgs=0

----- REMOTE CPU LOAD (memory node dir-threads, 2s window) -----
  dir 0: active=  0.00%  msgs=0           0 ns/msg
  AGGREGATE active = 0.00% (of 1 dir-threads; 0.00% per-thread avg)  msgs=0

----- REMOTE CPU LOAD (memory node dir-threads, 2s window) -----
  dir 0: active=  0.00%  msgs=1           834 ns/msg
  AGGREGATE active = 0.00% (of 1 dir-threads; 0.00% per-thread avg)  msgs=1

----- REMOTE CPU LOAD (memory node dir-threads, 2s window) -----
  dir 0: active=  0.00%  msgs=0           0 ns/msg
  AGGREGATE active = 0.00% (of 1 dir-threads; 0.00% per-thread avg)  msgs=0

----- REMOTE CPU LOAD (memory node dir-threads, 2s window) -----
  dir 0: active=  0.00%  msgs=0           0 ns/msg
  AGGREGATE active = 0.00% (of 1 dir-threads; 0.00% per-thread avg)  msgs=0

----- REMOTE CPU LOAD (memory node dir-threads, 2s window) -----
  dir 0: active=  0.00%  msgs=0           0 ns/msg
  AGGREGATE active = 0.00% (of 1 dir-threads; 0.00% per-thread avg)  msgs=0

----- REMOTE CPU LOAD (memory node dir-threads, 2s window) -----
  dir 0: active=  0.00%  msgs=0           0 ns/msg
  AGGREGATE active = 0.00% (of 1 dir-threads; 0.00% per-thread avg)  msgs=0

----- REMOTE CPU LOAD (memory node dir-threads, 2s window) -----
  dir 0: active=  0.00%  msgs=1           703 ns/msg
  AGGREGATE active = 0.00% (of 1 dir-threads; 0.00% per-thread avg)  msgs=1

----- REMOTE CPU LOAD (memory node dir-threads, 2s window) -----
  dir 0: active=  0.00%  msgs=0           0 ns/msg
  AGGREGATE active = 0.00% (of 1 dir-threads; 0.00% per-thread avg)  msgs=0

----- REMOTE CPU LOAD (memory node dir-threads, 2s window) -----
  dir 0: active=  0.00%  msgs=0           0 ns/msg
  AGGREGATE active = 0.00% (of 1 dir-threads; 0.00% per-thread avg)  msgs=0

----- REMOTE CPU LOAD (memory node dir-threads, 2s window) -----
  dir 0: active=  0.00%  msgs=0           0 ns/msg
  AGGREGATE active = 0.00% (of 1 dir-threads; 0.00% per-thread avg)  msgs=0

----- REMOTE CPU LOAD (memory node dir-threads, 2s window) -----
  dir 0: active=  0.00%  msgs=1           1088 ns/msg
  AGGREGATE active = 0.00% (of 1 dir-threads; 0.00% per-thread avg)  msgs=1

----- REMOTE CPU LOAD (memory node dir-threads, 2s window) -----
  dir 0: active=  0.00%  msgs=0           0 ns/msg
  AGGREGATE active = 0.00% (of 1 dir-threads; 0.00% per-thread avg)  msgs=0

----- REMOTE CPU LOAD (memory node dir-threads, 2s window) -----
  dir 0: active=  0.00%  msgs=0           0 ns/msg
  AGGREGATE active = 0.00% (of 1 dir-threads; 0.00% per-thread avg)  msgs=0

----- REMOTE CPU LOAD (memory node dir-threads, 2s window) -----
  dir 0: active=  0.00%  msgs=1           827 ns/msg
  AGGREGATE active = 0.00% (of 1 dir-threads; 0.00% per-thread avg)  msgs=1

----- REMOTE CPU LOAD (memory node dir-threads, 2s window) -----
  dir 0: active=  0.00%  msgs=0           0 ns/msg
  AGGREGATE active = 0.00% (of 1 dir-threads; 0.00% per-thread avg)  msgs=0

----- REMOTE CPU LOAD (memory node dir-threads, 2s window) -----
  dir 0: active=  0.00%  msgs=0           0 ns/msg
  AGGREGATE active = 0.00% (of 1 dir-threads; 0.00% per-thread avg)  msgs=0

----- REMOTE CPU LOAD (memory node dir-threads, 2s window) -----
  dir 0: active=  0.00%  msgs=0           0 ns/msg
  AGGREGATE active = 0.00% (of 1 dir-threads; 0.00% per-thread avg)  msgs=0

----- REMOTE CPU LOAD (memory node dir-threads, 2s window) -----
  dir 0: active=  0.00%  msgs=0           0 ns/msg
  AGGREGATE active = 0.00% (of 1 dir-threads; 0.00% per-thread avg)  msgs=0

----- REMOTE CPU LOAD (memory node dir-threads, 2s window) -----
  dir 0: active=  0.00%  msgs=1           925 ns/msg
  AGGREGATE active = 0.00% (of 1 dir-threads; 0.00% per-thread avg)  msgs=1

----- REMOTE CPU LOAD (memory node dir-threads, 2s window) -----
  dir 0: active=  0.00%  msgs=0           0 ns/msg
  AGGREGATE active = 0.00% (of 1 dir-threads; 0.00% per-thread avg)  msgs=0

----- REMOTE CPU LOAD (memory node dir-threads, 2s window) -----
  dir 0: active=  0.00%  msgs=0           0 ns/msg
  AGGREGATE active = 0.00% (of 1 dir-threads; 0.00% per-thread avg)  msgs=0

----- REMOTE CPU LOAD (memory node dir-threads, 2s window) -----
  dir 0: active=  0.00%  msgs=1           628 ns/msg
  AGGREGATE active = 0.00% (of 1 dir-threads; 0.00% per-thread avg)  msgs=1

----- REMOTE CPU LOAD (memory node dir-threads, 2s window) -----
  dir 0: active=  0.00%  msgs=0           0 ns/msg
  AGGREGATE active = 0.00% (of 1 dir-threads; 0.00% per-thread avg)  msgs=0

----- REMOTE CPU LOAD (memory node dir-threads, 2s window) -----
  dir 0: active=  0.00%  msgs=0           0 ns/msg
  AGGREGATE active = 0.00% (of 1 dir-threads; 0.00% per-thread avg)  msgs=0

----- REMOTE CPU LOAD (memory node dir-threads, 2s window) -----
  dir 0: active=  0.00%  msgs=0           0 ns/msg
  AGGREGATE active = 0.00% (of 1 dir-threads; 0.00% per-thread avg)  msgs=0

----- REMOTE CPU LOAD (memory node dir-threads, 2s window) -----
  dir 0: active=  0.00%  msgs=0           0 ns/msg
  AGGREGATE active = 0.00% (of 1 dir-threads; 0.00% per-thread avg)  msgs=0

----- REMOTE CPU LOAD (memory node dir-threads, 2s window) -----
  dir 0: active=  0.00%  msgs=0           0 ns/msg
  AGGREGATE active = 0.00% (of 1 dir-threads; 0.00% per-thread avg)  msgs=0

----- REMOTE CPU LOAD (memory node dir-threads, 2s window) -----
  dir 0: active=  0.00%  msgs=1           579 ns/msg
  AGGREGATE active = 0.00% (of 1 dir-threads; 0.00% per-thread avg)  msgs=1

----- REMOTE CPU LOAD (memory node dir-threads, 2s window) -----
  dir 0: active=  0.00%  msgs=1           471 ns/msg
  AGGREGATE active = 0.00% (of 1 dir-threads; 0.00% per-thread avg)  msgs=1

----- REMOTE CPU LOAD (memory node dir-threads, 2s window) -----
  dir 0: active=  0.00%  msgs=0           0 ns/msg
  AGGREGATE active = 0.00% (of 1 dir-threads; 0.00% per-thread avg)  msgs=0

----- REMOTE CPU LOAD (memory node dir-threads, 2s window) -----
  dir 0: active=  0.00%  msgs=0           0 ns/msg
  AGGREGATE active = 0.00% (of 1 dir-threads; 0.00% per-thread avg)  msgs=0

----- REMOTE CPU LOAD (memory node dir-threads, 2s window) -----
  dir 0: active=  0.00%  msgs=0           0 ns/msg
  AGGREGATE active = 0.00% (of 1 dir-threads; 0.00% per-thread avg)  msgs=0

----- REMOTE CPU LOAD (memory node dir-threads, 2s window) -----
  dir 0: active=  0.00%  msgs=0           0 ns/msg
  AGGREGATE active = 0.00% (of 1 dir-threads; 0.00% per-thread avg)  msgs=0

----- REMOTE CPU LOAD (memory node dir-threads, 2s window) -----
  dir 0: active=  0.00%  msgs=0           0 ns/msg
  AGGREGATE active = 0.00% (of 1 dir-threads; 0.00% per-thread avg)  msgs=0

----- REMOTE CPU LOAD (memory node dir-threads, 2s window) -----
  dir 0: active=  0.00%  msgs=0           0 ns/msg
  AGGREGATE active = 0.00% (of 1 dir-threads; 0.00% per-thread avg)  msgs=0

----- REMOTE CPU LOAD (memory node dir-threads, 2s window) -----
  dir 0: active=  0.00%  msgs=0           0 ns/msg
  AGGREGATE active = 0.00% (of 1 dir-threads; 0.00% per-thread avg)  msgs=0

----- REMOTE CPU LOAD (memory node dir-threads, 2s window) -----
  dir 0: active=  0.00%  msgs=2           708 ns/msg
  AGGREGATE active = 0.00% (of 1 dir-threads; 0.00% per-thread avg)  msgs=2

----- REMOTE CPU LOAD (memory node dir-threads, 2s window) -----
  dir 0: active=  0.00%  msgs=0           0 ns/msg
  AGGREGATE active = 0.00% (of 1 dir-threads; 0.00% per-thread avg)  msgs=0

----- REMOTE CPU LOAD (memory node dir-threads, 2s window) -----
  dir 0: active=  0.00%  msgs=0           0 ns/msg
  AGGREGATE active = 0.00% (of 1 dir-threads; 0.00% per-thread avg)  msgs=0

----- REMOTE CPU LOAD (memory node dir-threads, 2s window) -----
  dir 0: active=  0.00%  msgs=0           0 ns/msg
  AGGREGATE active = 0.00% (of 1 dir-threads; 0.00% per-thread avg)  msgs=0

----- REMOTE CPU LOAD (memory node dir-threads, 2s window) -----
  dir 0: active=  0.00%  msgs=0           0 ns/msg
  AGGREGATE active = 0.00% (of 1 dir-threads; 0.00% per-thread avg)  msgs=0

----- REMOTE CPU LOAD (memory node dir-threads, 2s window) -----
  dir 0: active=  0.00%  msgs=0           0 ns/msg
  AGGREGATE active = 0.00% (of 1 dir-threads; 0.00% per-thread avg)  msgs=0

----- REMOTE CPU LOAD (memory node dir-threads, 2s window) -----
  dir 0: active=  0.00%  msgs=0           0 ns/msg
  AGGREGATE active = 0.00% (of 1 dir-threads; 0.00% per-thread avg)  msgs=0

----- REMOTE CPU LOAD (memory node dir-threads, 2s window) -----
  dir 0: active=  0.00%  msgs=0           0 ns/msg
  AGGREGATE active = 0.00% (of 1 dir-threads; 0.00% per-thread avg)  msgs=0

----- REMOTE CPU LOAD (memory node dir-threads, 2s window) -----
  dir 0: active=  0.00%  msgs=2           515 ns/msg
  AGGREGATE active = 0.00% (of 1 dir-threads; 0.00% per-thread avg)  msgs=2

----- REMOTE CPU LOAD (memory node dir-threads, 2s window) -----
  dir 0: active=  0.00%  msgs=0           0 ns/msg
  AGGREGATE active = 0.00% (of 1 dir-threads; 0.00% per-thread avg)  msgs=0

----- REMOTE CPU LOAD (memory node dir-threads, 2s window) -----
  dir 0: active=  0.00%  msgs=0           0 ns/msg
  AGGREGATE active = 0.00% (of 1 dir-threads; 0.00% per-thread avg)  msgs=0

----- REMOTE CPU LOAD (memory node dir-threads, 2s window) -----
  dir 0: active=  0.00%  msgs=0           0 ns/msg
  AGGREGATE active = 0.00% (of 1 dir-threads; 0.00% per-thread avg)  msgs=0

----- REMOTE CPU LOAD (memory node dir-threads, 2s window) -----
  dir 0: active=  0.00%  msgs=0           0 ns/msg
  AGGREGATE active = 0.00% (of 1 dir-threads; 0.00% per-thread avg)  msgs=0

----- REMOTE CPU LOAD (memory node dir-threads, 2s window) -----
  dir 0: active=  0.00%  msgs=0           0 ns/msg
  AGGREGATE active = 0.00% (of 1 dir-threads; 0.00% per-thread avg)  msgs=0

----- REMOTE CPU LOAD (memory node dir-threads, 2s window) -----
  dir 0: active=  0.00%  msgs=0           0 ns/msg
  AGGREGATE active = 0.00% (of 1 dir-threads; 0.00% per-thread avg)  msgs=0

----- REMOTE CPU LOAD (memory node dir-threads, 2s window) -----
  dir 0: active=  0.00%  msgs=1           1862 ns/msg
  AGGREGATE active = 0.00% (of 1 dir-threads; 0.00% per-thread avg)  msgs=1

----- REMOTE CPU LOAD (memory node dir-threads, 2s window) -----
  dir 0: active=  0.00%  msgs=0           0 ns/msg
  AGGREGATE active = 0.00% (of 1 dir-threads; 0.00% per-thread avg)  msgs=0

----- REMOTE CPU LOAD (memory node dir-threads, 2s window) -----
  dir 0: active=  0.00%  msgs=1           779 ns/msg
  AGGREGATE active = 0.00% (of 1 dir-threads; 0.00% per-thread avg)  msgs=1

----- REMOTE CPU LOAD (memory node dir-threads, 2s window) -----
  dir 0: active=  0.00%  msgs=0           0 ns/msg
  AGGREGATE active = 0.00% (of 1 dir-threads; 0.00% per-thread avg)  msgs=0

----- REMOTE CPU LOAD (memory node dir-threads, 2s window) -----
  dir 0: active=  0.00%  msgs=0           0 ns/msg
  AGGREGATE active = 0.00% (of 1 dir-threads; 0.00% per-thread avg)  msgs=0

----- REMOTE CPU LOAD (memory node dir-threads, 2s window) -----
  dir 0: active=  0.00%  msgs=0           0 ns/msg
  AGGREGATE active = 0.00% (of 1 dir-threads; 0.00% per-thread avg)  msgs=0

----- REMOTE CPU LOAD (memory node dir-threads, 2s window) -----
  dir 0: active=  0.00%  msgs=0           0 ns/msg
  AGGREGATE active = 0.00% (of 1 dir-threads; 0.00% per-thread avg)  msgs=0

----- REMOTE CPU LOAD (memory node dir-threads, 2s window) -----
  dir 0: active=  0.00%  msgs=0           0 ns/msg
  AGGREGATE active = 0.00% (of 1 dir-threads; 0.00% per-thread avg)  msgs=0

----- REMOTE CPU LOAD (memory node dir-threads, 2s window) -----
  dir 0: active=  0.00%  msgs=1           1526 ns/msg
  AGGREGATE active = 0.00% (of 1 dir-threads; 0.00% per-thread avg)  msgs=1

----- REMOTE CPU LOAD (memory node dir-threads, 2s window) -----
  dir 0: active=  0.00%  msgs=0           0 ns/msg
  AGGREGATE active = 0.00% (of 1 dir-threads; 0.00% per-thread avg)  msgs=0

----- REMOTE CPU LOAD (memory node dir-threads, 2s window) -----
  dir 0: active=  0.00%  msgs=0           0 ns/msg
  AGGREGATE active = 0.00% (of 1 dir-threads; 0.00% per-thread avg)  msgs=0

----- REMOTE CPU LOAD (memory node dir-threads, 2s window) -----
  dir 0: active=  0.00%  msgs=0           0 ns/msg
  AGGREGATE active = 0.00% (of 1 dir-threads; 0.00% per-thread avg)  msgs=0

----- REMOTE CPU LOAD (memory node dir-threads, 2s window) -----
  dir 0: active=  0.00%  msgs=1           517 ns/msg
  AGGREGATE active = 0.00% (of 1 dir-threads; 0.00% per-thread avg)  msgs=1

----- REMOTE CPU LOAD (memory node dir-threads, 2s window) -----
  dir 0: active=  0.00%  msgs=0           0 ns/msg
  AGGREGATE active = 0.00% (of 1 dir-threads; 0.00% per-thread avg)  msgs=0

----- REMOTE CPU LOAD (memory node dir-threads, 2s window) -----
  dir 0: active=  0.00%  msgs=0           0 ns/msg
  AGGREGATE active = 0.00% (of 1 dir-threads; 0.00% per-thread avg)  msgs=0

----- REMOTE CPU LOAD (memory node dir-threads, 2s window) -----
  dir 0: active=  0.00%  msgs=0           0 ns/msg
  AGGREGATE active = 0.00% (of 1 dir-threads; 0.00% per-thread avg)  msgs=0

----- REMOTE CPU LOAD (memory node dir-threads, 2s window) -----
  dir 0: active=  0.00%  msgs=1           1302 ns/msg
  AGGREGATE active = 0.00% (of 1 dir-threads; 0.00% per-thread avg)  msgs=1

----- REMOTE CPU LOAD (memory node dir-threads, 2s window) -----
  dir 0: active=  0.00%  msgs=0           0 ns/msg
  AGGREGATE active = 0.00% (of 1 dir-threads; 0.00% per-thread avg)  msgs=0

----- REMOTE CPU LOAD (memory node dir-threads, 2s window) -----
  dir 0: active=  0.00%  msgs=0           0 ns/msg
  AGGREGATE active = 0.00% (of 1 dir-threads; 0.00% per-thread avg)  msgs=0

----- REMOTE CPU LOAD (memory node dir-threads, 2s window) -----
  dir 0: active=  0.00%  msgs=0           0 ns/msg
  AGGREGATE active = 0.00% (of 1 dir-threads; 0.00% per-thread avg)  msgs=0

----- REMOTE CPU LOAD (memory node dir-threads, 2s window) -----
  dir 0: active=  0.00%  msgs=0           0 ns/msg
  AGGREGATE active = 0.00% (of 1 dir-threads; 0.00% per-thread avg)  msgs=0

----- REMOTE CPU LOAD (memory node dir-threads, 2s window) -----
  dir 0: active=  0.00%  msgs=1           576 ns/msg
  AGGREGATE active = 0.00% (of 1 dir-threads; 0.00% per-thread avg)  msgs=1

----- REMOTE CPU LOAD (memory node dir-threads, 2s window) -----
  dir 0: active=  0.00%  msgs=0           0 ns/msg
  AGGREGATE active = 0.00% (of 1 dir-threads; 0.00% per-thread avg)  msgs=0

----- REMOTE CPU LOAD (memory node dir-threads, 2s window) -----
  dir 0: active=  0.00%  msgs=0           0 ns/msg
  AGGREGATE active = 0.00% (of 1 dir-threads; 0.00% per-thread avg)  msgs=0

----- REMOTE CPU LOAD (memory node dir-threads, 2s window) -----
  dir 0: active=  0.00%  msgs=1           587 ns/msg
  AGGREGATE active = 0.00% (of 1 dir-threads; 0.00% per-thread avg)  msgs=1

----- REMOTE CPU LOAD (memory node dir-threads, 2s window) -----
  dir 0: active=  0.00%  msgs=0           0 ns/msg
  AGGREGATE active = 0.00% (of 1 dir-threads; 0.00% per-thread avg)  msgs=0

----- REMOTE CPU LOAD (memory node dir-threads, 2s window) -----
  dir 0: active=  0.00%  msgs=0           0 ns/msg
  AGGREGATE active = 0.00% (of 1 dir-threads; 0.00% per-thread avg)  msgs=0

----- REMOTE CPU LOAD (memory node dir-threads, 2s window) -----
  dir 0: active=  0.00%  msgs=0           0 ns/msg
  AGGREGATE active = 0.00% (of 1 dir-threads; 0.00% per-thread avg)  msgs=0

----- REMOTE CPU LOAD (memory node dir-threads, 2s window) -----
  dir 0: active=  0.00%  msgs=0           0 ns/msg
  AGGREGATE active = 0.00% (of 1 dir-threads; 0.00% per-thread avg)  msgs=0

----- REMOTE CPU LOAD (memory node dir-threads, 2s window) -----
  dir 0: active=  0.00%  msgs=0           0 ns/msg
  AGGREGATE active = 0.00% (of 1 dir-threads; 0.00% per-thread avg)  msgs=0

----- REMOTE CPU LOAD (memory node dir-threads, 2s window) -----
  dir 0: active=  0.00%  msgs=1           1271 ns/msg
  AGGREGATE active = 0.00% (of 1 dir-threads; 0.00% per-thread avg)  msgs=1

----- REMOTE CPU LOAD (memory node dir-threads, 2s window) -----
  dir 0: active=  0.00%  msgs=0           0 ns/msg
  AGGREGATE active = 0.00% (of 1 dir-threads; 0.00% per-thread avg)  msgs=0

----- REMOTE CPU LOAD (memory node dir-threads, 2s window) -----
  dir 0: active=  0.00%  msgs=1           893 ns/msg
  AGGREGATE active = 0.00% (of 1 dir-threads; 0.00% per-thread avg)  msgs=1

----- REMOTE CPU LOAD (memory node dir-threads, 2s window) -----
  dir 0: active=  0.00%  msgs=0           0 ns/msg
  AGGREGATE active = 0.00% (of 1 dir-threads; 0.00% per-thread avg)  msgs=0

----- REMOTE CPU LOAD (memory node dir-threads, 2s window) -----
  dir 0: active=  0.00%  msgs=0           0 ns/msg
  AGGREGATE active = 0.00% (of 1 dir-threads; 0.00% per-thread avg)  msgs=0

----- REMOTE CPU LOAD (memory node dir-threads, 2s window) -----
  dir 0: active=  0.00%  msgs=0           0 ns/msg
  AGGREGATE active = 0.00% (of 1 dir-threads; 0.00% per-thread avg)  msgs=0

----- REMOTE CPU LOAD (memory node dir-threads, 2s window) -----
  dir 0: active=  0.00%  msgs=0           0 ns/msg
  AGGREGATE active = 0.00% (of 1 dir-threads; 0.00% per-thread avg)  msgs=0

----- REMOTE CPU LOAD (memory node dir-threads, 2s window) -----
  dir 0: active=  0.00%  msgs=0           0 ns/msg
  AGGREGATE active = 0.00% (of 1 dir-threads; 0.00% per-thread avg)  msgs=0

----- REMOTE CPU LOAD (memory node dir-threads, 2s window) -----
  dir 0: active=  0.00%  msgs=0           0 ns/msg
  AGGREGATE active = 0.00% (of 1 dir-threads; 0.00% per-thread avg)  msgs=0

----- REMOTE CPU LOAD (memory node dir-threads, 2s window) -----
  dir 0: active=  0.00%  msgs=0           0 ns/msg
  AGGREGATE active = 0.00% (of 1 dir-threads; 0.00% per-thread avg)  msgs=0

----- REMOTE CPU LOAD (memory node dir-threads, 2s window) -----
  dir 0: active=  0.00%  msgs=2           561 ns/msg
  AGGREGATE active = 0.00% (of 1 dir-threads; 0.00% per-thread avg)  msgs=2

----- REMOTE CPU LOAD (memory node dir-threads, 2s window) -----
  dir 0: active=  0.00%  msgs=0           0 ns/msg
  AGGREGATE active = 0.00% (of 1 dir-threads; 0.00% per-thread avg)  msgs=0

----- REMOTE CPU LOAD (memory node dir-threads, 2s window) -----
  dir 0: active=  0.00%  msgs=0           0 ns/msg
  AGGREGATE active = 0.00% (of 1 dir-threads; 0.00% per-thread avg)  msgs=0

----- REMOTE CPU LOAD (memory node dir-threads, 2s window) -----
  dir 0: active=  0.00%  msgs=0           0 ns/msg
  AGGREGATE active = 0.00% (of 1 dir-threads; 0.00% per-thread avg)  msgs=0

----- REMOTE CPU LOAD (memory node dir-threads, 2s window) -----
  dir 0: active=  0.00%  msgs=0           0 ns/msg
  AGGREGATE active = 0.00% (of 1 dir-threads; 0.00% per-thread avg)  msgs=0

----- REMOTE CPU LOAD (memory node dir-threads, 2s window) -----
  dir 0: active=  0.00%  msgs=0           0 ns/msg
  AGGREGATE active = 0.00% (of 1 dir-threads; 0.00% per-thread avg)  msgs=0

----- REMOTE CPU LOAD (memory node dir-threads, 2s window) -----
  dir 0: active=  0.00%  msgs=0           0 ns/msg
  AGGREGATE active = 0.00% (of 1 dir-threads; 0.00% per-thread avg)  msgs=0

----- REMOTE CPU LOAD (memory node dir-threads, 2s window) -----
  dir 0: active=  0.00%  msgs=0           0 ns/msg
  AGGREGATE active = 0.00% (of 1 dir-threads; 0.00% per-thread avg)  msgs=0

----- REMOTE CPU LOAD (memory node dir-threads, 2s window) -----
  dir 0: active=  0.00%  msgs=0           0 ns/msg
  AGGREGATE active = 0.00% (of 1 dir-threads; 0.00% per-thread avg)  msgs=0

----- REMOTE CPU LOAD (memory node dir-threads, 2s window) -----
  dir 0: active=  0.00%  msgs=2           944 ns/msg
  AGGREGATE active = 0.00% (of 1 dir-threads; 0.00% per-thread avg)  msgs=2

----- REMOTE CPU LOAD (memory node dir-threads, 2s window) -----
  dir 0: active=  0.00%  msgs=0           0 ns/msg
  AGGREGATE active = 0.00% (of 1 dir-threads; 0.00% per-thread avg)  msgs=0

----- REMOTE CPU LOAD (memory node dir-threads, 2s window) -----
  dir 0: active=  0.00%  msgs=0           0 ns/msg
  AGGREGATE active = 0.00% (of 1 dir-threads; 0.00% per-thread avg)  msgs=0

----- REMOTE CPU LOAD (memory node dir-threads, 2s window) -----
  dir 0: active=  0.00%  msgs=0           0 ns/msg
  AGGREGATE active = 0.00% (of 1 dir-threads; 0.00% per-thread avg)  msgs=0

----- REMOTE CPU LOAD (memory node dir-threads, 2s window) -----
  dir 0: active=  0.00%  msgs=0           0 ns/msg
  AGGREGATE active = 0.00% (of 1 dir-threads; 0.00% per-thread avg)  msgs=0

----- REMOTE CPU LOAD (memory node dir-threads, 2s window) -----
  dir 0: active=  0.00%  msgs=0           0 ns/msg
  AGGREGATE active = 0.00% (of 1 dir-threads; 0.00% per-thread avg)  msgs=0

----- REMOTE CPU LOAD (memory node dir-threads, 2s window) -----
  dir 0: active=  0.00%  msgs=0           0 ns/msg
  AGGREGATE active = 0.00% (of 1 dir-threads; 0.00% per-thread avg)  msgs=0

----- REMOTE CPU LOAD (memory node dir-threads, 2s window) -----
  dir 0: active=  0.00%  msgs=0           0 ns/msg
  AGGREGATE active = 0.00% (of 1 dir-threads; 0.00% per-thread avg)  msgs=0

----- REMOTE CPU LOAD (memory node dir-threads, 2s window) -----
  dir 0: active=  0.00%  msgs=1           1020 ns/msg
  AGGREGATE active = 0.00% (of 1 dir-threads; 0.00% per-thread avg)  msgs=1

----- REMOTE CPU LOAD (memory node dir-threads, 2s window) -----
  dir 0: active=  0.00%  msgs=0           0 ns/msg
  AGGREGATE active = 0.00% (of 1 dir-threads; 0.00% per-thread avg)  msgs=0

----- REMOTE CPU LOAD (memory node dir-threads, 2s window) -----
  dir 0: active=  0.00%  msgs=1           704 ns/msg
  AGGREGATE active = 0.00% (of 1 dir-threads; 0.00% per-thread avg)  msgs=1

----- REMOTE CPU LOAD (memory node dir-threads, 2s window) -----
  dir 0: active=  0.00%  msgs=0           0 ns/msg
  AGGREGATE active = 0.00% (of 1 dir-threads; 0.00% per-thread avg)  msgs=0

----- REMOTE CPU LOAD (memory node dir-threads, 2s window) -----
  dir 0: active=  0.00%  msgs=0           0 ns/msg
  AGGREGATE active = 0.00% (of 1 dir-threads; 0.00% per-thread avg)  msgs=0

----- REMOTE CPU LOAD (memory node dir-threads, 2s window) -----
  dir 0: active=  0.00%  msgs=0           0 ns/msg
  AGGREGATE active = 0.00% (of 1 dir-threads; 0.00% per-thread avg)  msgs=0

----- REMOTE CPU LOAD (memory node dir-threads, 2s window) -----
  dir 0: active=  0.00%  msgs=0           0 ns/msg
  AGGREGATE active = 0.00% (of 1 dir-threads; 0.00% per-thread avg)  msgs=0

----- REMOTE CPU LOAD (memory node dir-threads, 2s window) -----
  dir 0: active=  0.00%  msgs=0           0 ns/msg
  AGGREGATE active = 0.00% (of 1 dir-threads; 0.00% per-thread avg)  msgs=0

----- REMOTE CPU LOAD (memory node dir-threads, 2s window) -----
  dir 0: active=  0.00%  msgs=1           1470 ns/msg
  AGGREGATE active = 0.00% (of 1 dir-threads; 0.00% per-thread avg)  msgs=1

----- REMOTE CPU LOAD (memory node dir-threads, 2s window) -----
  dir 0: active=  0.00%  msgs=0           0 ns/msg
  AGGREGATE active = 0.00% (of 1 dir-threads; 0.00% per-thread avg)  msgs=0

----- REMOTE CPU LOAD (memory node dir-threads, 2s window) -----
  dir 0: active=  0.00%  msgs=0           0 ns/msg
  AGGREGATE active = 0.00% (of 1 dir-threads; 0.00% per-thread avg)  msgs=0

----- REMOTE CPU LOAD (memory node dir-threads, 2s window) -----
  dir 0: active=  0.00%  msgs=0           0 ns/msg
  AGGREGATE active = 0.00% (of 1 dir-threads; 0.00% per-thread avg)  msgs=0

----- REMOTE CPU LOAD (memory node dir-threads, 2s window) -----
  dir 0: active=  0.00%  msgs=1           1278 ns/msg
  AGGREGATE active = 0.00% (of 1 dir-threads; 0.00% per-thread avg)  msgs=1

----- REMOTE CPU LOAD (memory node dir-threads, 2s window) -----
  dir 0: active=  0.00%  msgs=0           0 ns/msg
  AGGREGATE active = 0.00% (of 1 dir-threads; 0.00% per-thread avg)  msgs=0

----- REMOTE CPU LOAD (memory node dir-threads, 2s window) -----
  dir 0: active=  0.00%  msgs=0           0 ns/msg
  AGGREGATE active = 0.00% (of 1 dir-threads; 0.00% per-thread avg)  msgs=0

----- REMOTE CPU LOAD (memory node dir-threads, 2s window) -----
  dir 0: active=  0.00%  msgs=0           0 ns/msg
  AGGREGATE active = 0.00% (of 1 dir-threads; 0.00% per-thread avg)  msgs=0

----- REMOTE CPU LOAD (memory node dir-threads, 2s window) -----
  dir 0: active=  0.00%  msgs=0           0 ns/msg
  AGGREGATE active = 0.00% (of 1 dir-threads; 0.00% per-thread avg)  msgs=0

----- REMOTE CPU LOAD (memory node dir-threads, 2s window) -----
  dir 0: active=  0.00%  msgs=1           650 ns/msg
  AGGREGATE active = 0.00% (of 1 dir-threads; 0.00% per-thread avg)  msgs=1

----- REMOTE CPU LOAD (memory node dir-threads, 2s window) -----
  dir 0: active=  0.00%  msgs=0           0 ns/msg
  AGGREGATE active = 0.00% (of 1 dir-threads; 0.00% per-thread avg)  msgs=0

----- REMOTE CPU LOAD (memory node dir-threads, 2s window) -----
  dir 0: active=  0.00%  msgs=0           0 ns/msg
  AGGREGATE active = 0.00% (of 1 dir-threads; 0.00% per-thread avg)  msgs=0

----- REMOTE CPU LOAD (memory node dir-threads, 2s window) -----
  dir 0: active=  0.00%  msgs=0           0 ns/msg
  AGGREGATE active = 0.00% (of 1 dir-threads; 0.00% per-thread avg)  msgs=0

----- REMOTE CPU LOAD (memory node dir-threads, 2s window) -----
  dir 0: active=  0.00%  msgs=1           1496 ns/msg
  AGGREGATE active = 0.00% (of 1 dir-threads; 0.00% per-thread avg)  msgs=1

----- REMOTE CPU LOAD (memory node dir-threads, 2s window) -----
  dir 0: active=  0.00%  msgs=0           0 ns/msg
  AGGREGATE active = 0.00% (of 1 dir-threads; 0.00% per-thread avg)  msgs=0

----- REMOTE CPU LOAD (memory node dir-threads, 2s window) -----
  dir 0: active=  0.00%  msgs=0           0 ns/msg
  AGGREGATE active = 0.00% (of 1 dir-threads; 0.00% per-thread avg)  msgs=0

----- REMOTE CPU LOAD (memory node dir-threads, 2s window) -----
  dir 0: active=  0.00%  msgs=0           0 ns/msg
  AGGREGATE active = 0.00% (of 1 dir-threads; 0.00% per-thread avg)  msgs=0

----- REMOTE CPU LOAD (memory node dir-threads, 2s window) -----
  dir 0: active=  0.00%  msgs=1           625 ns/msg
  AGGREGATE active = 0.00% (of 1 dir-threads; 0.00% per-thread avg)  msgs=1

----- REMOTE CPU LOAD (memory node dir-threads, 2s window) -----
  dir 0: active=  0.00%  msgs=0           0 ns/msg
  AGGREGATE active = 0.00% (of 1 dir-threads; 0.00% per-thread avg)  msgs=0

----- REMOTE CPU LOAD (memory node dir-threads, 2s window) -----
  dir 0: active=  0.00%  msgs=0           0 ns/msg
  AGGREGATE active = 0.00% (of 1 dir-threads; 0.00% per-thread avg)  msgs=0

----- REMOTE CPU LOAD (memory node dir-threads, 2s window) -----
  dir 0: active=  0.00%  msgs=0           0 ns/msg
  AGGREGATE active = 0.00% (of 1 dir-threads; 0.00% per-thread avg)  msgs=0

----- REMOTE CPU LOAD (memory node dir-threads, 2s window) -----
  dir 0: active=  0.00%  msgs=0           0 ns/msg
  AGGREGATE active = 0.00% (of 1 dir-threads; 0.00% per-thread avg)  msgs=0

----- REMOTE CPU LOAD (memory node dir-threads, 2s window) -----
  dir 0: active=  0.00%  msgs=0           0 ns/msg
  AGGREGATE active = 0.00% (of 1 dir-threads; 0.00% per-thread avg)  msgs=0

----- REMOTE CPU LOAD (memory node dir-threads, 2s window) -----
  dir 0: active=  0.00%  msgs=1           736 ns/msg
  AGGREGATE active = 0.00% (of 1 dir-threads; 0.00% per-thread avg)  msgs=1

----- REMOTE CPU LOAD (memory node dir-threads, 2s window) -----
  dir 0: active=  0.00%  msgs=0           0 ns/msg
  AGGREGATE active = 0.00% (of 1 dir-threads; 0.00% per-thread avg)  msgs=0

----- REMOTE CPU LOAD (memory node dir-threads, 2s window) -----
  dir 0: active=  0.00%  msgs=0           0 ns/msg
  AGGREGATE active = 0.00% (of 1 dir-threads; 0.00% per-thread avg)  msgs=0

----- REMOTE CPU LOAD (memory node dir-threads, 2s window) -----
  dir 0: active=  0.00%  msgs=1           1099 ns/msg
  AGGREGATE active = 0.00% (of 1 dir-threads; 0.00% per-thread avg)  msgs=1

----- REMOTE CPU LOAD (memory node dir-threads, 2s window) -----
  dir 0: active=  0.00%  msgs=0           0 ns/msg
  AGGREGATE active = 0.00% (of 1 dir-threads; 0.00% per-thread avg)  msgs=0

----- REMOTE CPU LOAD (memory node dir-threads, 2s window) -----
  dir 0: active=  0.00%  msgs=0           0 ns/msg
  AGGREGATE active = 0.00% (of 1 dir-threads; 0.00% per-thread avg)  msgs=0

----- REMOTE CPU LOAD (memory node dir-threads, 2s window) -----
  dir 0: active=  0.00%  msgs=0           0 ns/msg
  AGGREGATE active = 0.00% (of 1 dir-threads; 0.00% per-thread avg)  msgs=0

----- REMOTE CPU LOAD (memory node dir-threads, 2s window) -----
  dir 0: active=  0.00%  msgs=0           0 ns/msg
  AGGREGATE active = 0.00% (of 1 dir-threads; 0.00% per-thread avg)  msgs=0

----- REMOTE CPU LOAD (memory node dir-threads, 2s window) -----
  dir 0: active=  0.00%  msgs=0           0 ns/msg
  AGGREGATE active = 0.00% (of 1 dir-threads; 0.00% per-thread avg)  msgs=0

----- REMOTE CPU LOAD (memory node dir-threads, 2s window) -----
  dir 0: active=  0.00%  msgs=0           0 ns/msg
  AGGREGATE active = 0.00% (of 1 dir-threads; 0.00% per-thread avg)  msgs=0

----- REMOTE CPU LOAD (memory node dir-threads, 2s window) -----
  dir 0: active=  0.00%  msgs=1           1040 ns/msg
  AGGREGATE active = 0.00% (of 1 dir-threads; 0.00% per-thread avg)  msgs=1

----- REMOTE CPU LOAD (memory node dir-threads, 2s window) -----
  dir 0: active=  0.00%  msgs=1           529 ns/msg
  AGGREGATE active = 0.00% (of 1 dir-threads; 0.00% per-thread avg)  msgs=1

----- REMOTE CPU LOAD (memory node dir-threads, 2s window) -----
  dir 0: active=  0.00%  msgs=0           0 ns/msg
  AGGREGATE active = 0.00% (of 1 dir-threads; 0.00% per-thread avg)  msgs=0

----- REMOTE CPU LOAD (memory node dir-threads, 2s window) -----
  dir 0: active=  0.00%  msgs=0           0 ns/msg
  AGGREGATE active = 0.00% (of 1 dir-threads; 0.00% per-thread avg)  msgs=0

----- REMOTE CPU LOAD (memory node dir-threads, 2s window) -----
  dir 0: active=  0.00%  msgs=0           0 ns/msg
  AGGREGATE active = 0.00% (of 1 dir-threads; 0.00% per-thread avg)  msgs=0

----- REMOTE CPU LOAD (memory node dir-threads, 2s window) -----
  dir 0: active=  0.00%  msgs=0           0 ns/msg
  AGGREGATE active = 0.00% (of 1 dir-threads; 0.00% per-thread avg)  msgs=0

----- REMOTE CPU LOAD (memory node dir-threads, 2s window) -----
  dir 0: active=  0.00%  msgs=0           0 ns/msg
  AGGREGATE active = 0.00% (of 1 dir-threads; 0.00% per-thread avg)  msgs=0

----- REMOTE CPU LOAD (memory node dir-threads, 2s window) -----
  dir 0: active=  0.00%  msgs=0           0 ns/msg
  AGGREGATE active = 0.00% (of 1 dir-threads; 0.00% per-thread avg)  msgs=0

----- REMOTE CPU LOAD (memory node dir-threads, 2s window) -----
  dir 0: active=  0.00%  msgs=0           0 ns/msg
  AGGREGATE active = 0.00% (of 1 dir-threads; 0.00% per-thread avg)  msgs=0

----- REMOTE CPU LOAD (memory node dir-threads, 2s window) -----
  dir 0: active=  0.00%  msgs=0           0 ns/msg
  AGGREGATE active = 0.00% (of 1 dir-threads; 0.00% per-thread avg)  msgs=0

----- REMOTE CPU LOAD (memory node dir-threads, 2s window) -----
  dir 0: active=  0.00%  msgs=2           466 ns/msg
  AGGREGATE active = 0.00% (of 1 dir-threads; 0.00% per-thread avg)  msgs=2

----- REMOTE CPU LOAD (memory node dir-threads, 2s window) -----
  dir 0: active=  0.00%  msgs=0           0 ns/msg
  AGGREGATE active = 0.00% (of 1 dir-threads; 0.00% per-thread avg)  msgs=0

----- REMOTE CPU LOAD (memory node dir-threads, 2s window) -----
  dir 0: active=  0.00%  msgs=0           0 ns/msg
  AGGREGATE active = 0.00% (of 1 dir-threads; 0.00% per-thread avg)  msgs=0

----- REMOTE CPU LOAD (memory node dir-threads, 2s window) -----
  dir 0: active=  0.00%  msgs=0           0 ns/msg
  AGGREGATE active = 0.00% (of 1 dir-threads; 0.00% per-thread avg)  msgs=0

----- REMOTE CPU LOAD (memory node dir-threads, 2s window) -----
  dir 0: active=  0.00%  msgs=0           0 ns/msg
  AGGREGATE active = 0.00% (of 1 dir-threads; 0.00% per-thread avg)  msgs=0

----- REMOTE CPU LOAD (memory node dir-threads, 2s window) -----
  dir 0: active=  0.00%  msgs=0           0 ns/msg
  AGGREGATE active = 0.00% (of 1 dir-threads; 0.00% per-thread avg)  msgs=0

----- REMOTE CPU LOAD (memory node dir-threads, 2s window) -----
  dir 0: active=  0.00%  msgs=0           0 ns/msg
  AGGREGATE active = 0.00% (of 1 dir-threads; 0.00% per-thread avg)  msgs=0

----- REMOTE CPU LOAD (memory node dir-threads, 2s window) -----
  dir 0: active=  0.00%  msgs=0           0 ns/msg
  AGGREGATE active = 0.00% (of 1 dir-threads; 0.00% per-thread avg)  msgs=0

----- REMOTE CPU LOAD (memory node dir-threads, 2s window) -----
  dir 0: active=  0.00%  msgs=0           0 ns/msg
  AGGREGATE active = 0.00% (of 1 dir-threads; 0.00% per-thread avg)  msgs=0

----- REMOTE CPU LOAD (memory node dir-threads, 2s window) -----
  dir 0: active=  0.00%  msgs=2           817 ns/msg
  AGGREGATE active = 0.00% (of 1 dir-threads; 0.00% per-thread avg)  msgs=2

----- REMOTE CPU LOAD (memory node dir-threads, 2s window) -----
  dir 0: active=  0.00%  msgs=0           0 ns/msg
  AGGREGATE active = 0.00% (of 1 dir-threads; 0.00% per-thread avg)  msgs=0

----- REMOTE CPU LOAD (memory node dir-threads, 2s window) -----
  dir 0: active=  0.00%  msgs=0           0 ns/msg
  AGGREGATE active = 0.00% (of 1 dir-threads; 0.00% per-thread avg)  msgs=0

----- REMOTE CPU LOAD (memory node dir-threads, 2s window) -----
  dir 0: active=  0.00%  msgs=0           0 ns/msg
  AGGREGATE active = 0.00% (of 1 dir-threads; 0.00% per-thread avg)  msgs=0

----- REMOTE CPU LOAD (memory node dir-threads, 2s window) -----
  dir 0: active=  0.00%  msgs=0           0 ns/msg
  AGGREGATE active = 0.00% (of 1 dir-threads; 0.00% per-thread avg)  msgs=0

----- REMOTE CPU LOAD (memory node dir-threads, 2s window) -----
  dir 0: active=  0.00%  msgs=0           0 ns/msg
  AGGREGATE active = 0.00% (of 1 dir-threads; 0.00% per-thread avg)  msgs=0

----- REMOTE CPU LOAD (memory node dir-threads, 2s window) -----
  dir 0: active=  0.00%  msgs=0           0 ns/msg
  AGGREGATE active = 0.00% (of 1 dir-threads; 0.00% per-thread avg)  msgs=0

----- REMOTE CPU LOAD (memory node dir-threads, 2s window) -----
  dir 0: active=  0.00%  msgs=0           0 ns/msg
  AGGREGATE active = 0.00% (of 1 dir-threads; 0.00% per-thread avg)  msgs=0

----- REMOTE CPU LOAD (memory node dir-threads, 2s window) -----
  dir 0: active=  0.00%  msgs=1           770 ns/msg
  AGGREGATE active = 0.00% (of 1 dir-threads; 0.00% per-thread avg)  msgs=1

----- REMOTE CPU LOAD (memory node dir-threads, 2s window) -----
  dir 0: active=  0.00%  msgs=0           0 ns/msg
  AGGREGATE active = 0.00% (of 1 dir-threads; 0.00% per-thread avg)  msgs=0

----- REMOTE CPU LOAD (memory node dir-threads, 2s window) -----
  dir 0: active=  0.00%  msgs=1           620 ns/msg
  AGGREGATE active = 0.00% (of 1 dir-threads; 0.00% per-thread avg)  msgs=1

----- REMOTE CPU LOAD (memory node dir-threads, 2s window) -----
  dir 0: active=  0.00%  msgs=0           0 ns/msg
  AGGREGATE active = 0.00% (of 1 dir-threads; 0.00% per-thread avg)  msgs=0

----- REMOTE CPU LOAD (memory node dir-threads, 2s window) -----
  dir 0: active=  0.00%  msgs=0           0 ns/msg
  AGGREGATE active = 0.00% (of 1 dir-threads; 0.00% per-thread avg)  msgs=0

----- REMOTE CPU LOAD (memory node dir-threads, 2s window) -----
  dir 0: active=  0.00%  msgs=0           0 ns/msg
  AGGREGATE active = 0.00% (of 1 dir-threads; 0.00% per-thread avg)  msgs=0

----- REMOTE CPU LOAD (memory node dir-threads, 2s window) -----
  dir 0: active=  0.00%  msgs=0           0 ns/msg
  AGGREGATE active = 0.00% (of 1 dir-threads; 0.00% per-thread avg)  msgs=0

----- REMOTE CPU LOAD (memory node dir-threads, 2s window) -----
  dir 0: active=  0.00%  msgs=0           0 ns/msg
  AGGREGATE active = 0.00% (of 1 dir-threads; 0.00% per-thread avg)  msgs=0

----- REMOTE CPU LOAD (memory node dir-threads, 2s window) -----
  dir 0: active=  0.00%  msgs=0           0 ns/msg
  AGGREGATE active = 0.00% (of 1 dir-threads; 0.00% per-thread avg)  msgs=0

----- REMOTE CPU LOAD (memory node dir-threads, 2s window) -----
  dir 0: active=  0.00%  msgs=1           1118 ns/msg
  AGGREGATE active = 0.00% (of 1 dir-threads; 0.00% per-thread avg)  msgs=1

----- REMOTE CPU LOAD (memory node dir-threads, 2s window) -----
  dir 0: active=  0.00%  msgs=0           0 ns/msg
  AGGREGATE active = 0.00% (of 1 dir-threads; 0.00% per-thread avg)  msgs=0

----- REMOTE CPU LOAD (memory node dir-threads, 2s window) -----
  dir 0: active=  0.00%  msgs=0           0 ns/msg
  AGGREGATE active = 0.00% (of 1 dir-threads; 0.00% per-thread avg)  msgs=0

----- REMOTE CPU LOAD (memory node dir-threads, 2s window) -----
  dir 0: active=  0.00%  msgs=1           523 ns/msg
  AGGREGATE active = 0.00% (of 1 dir-threads; 0.00% per-thread avg)  msgs=1

----- REMOTE CPU LOAD (memory node dir-threads, 2s window) -----
  dir 0: active=  0.00%  msgs=0           0 ns/msg
  AGGREGATE active = 0.00% (of 1 dir-threads; 0.00% per-thread avg)  msgs=0

----- REMOTE CPU LOAD (memory node dir-threads, 2s window) -----
  dir 0: active=  0.00%  msgs=0           0 ns/msg
  AGGREGATE active = 0.00% (of 1 dir-threads; 0.00% per-thread avg)  msgs=0

----- REMOTE CPU LOAD (memory node dir-threads, 2s window) -----
  dir 0: active=  0.00%  msgs=0           0 ns/msg
  AGGREGATE active = 0.00% (of 1 dir-threads; 0.00% per-thread avg)  msgs=0

----- REMOTE CPU LOAD (memory node dir-threads, 2s window) -----
  dir 0: active=  0.00%  msgs=0           0 ns/msg
  AGGREGATE active = 0.00% (of 1 dir-threads; 0.00% per-thread avg)  msgs=0

----- REMOTE CPU LOAD (memory node dir-threads, 2s window) -----
  dir 0: active=  0.00%  msgs=1           941 ns/msg
  AGGREGATE active = 0.00% (of 1 dir-threads; 0.00% per-thread avg)  msgs=1

----- REMOTE CPU LOAD (memory node dir-threads, 2s window) -----
  dir 0: active=  0.00%  msgs=0           0 ns/msg
  AGGREGATE active = 0.00% (of 1 dir-threads; 0.00% per-thread avg)  msgs=0

----- REMOTE CPU LOAD (memory node dir-threads, 2s window) -----
  dir 0: active=  0.00%  msgs=0           0 ns/msg
  AGGREGATE active = 0.00% (of 1 dir-threads; 0.00% per-thread avg)  msgs=0

----- REMOTE CPU LOAD (memory node dir-threads, 2s window) -----
  dir 0: active=  0.00%  msgs=0           0 ns/msg
  AGGREGATE active = 0.00% (of 1 dir-threads; 0.00% per-thread avg)  msgs=0

----- REMOTE CPU LOAD (memory node dir-threads, 2s window) -----
  dir 0: active=  0.00%  msgs=0           0 ns/msg
  AGGREGATE active = 0.00% (of 1 dir-threads; 0.00% per-thread avg)  msgs=0

----- REMOTE CPU LOAD (memory node dir-threads, 2s window) -----
  dir 0: active=  0.00%  msgs=1           979 ns/msg
  AGGREGATE active = 0.00% (of 1 dir-threads; 0.00% per-thread avg)  msgs=1

----- REMOTE CPU LOAD (memory node dir-threads, 2s window) -----
  dir 0: active=  0.00%  msgs=0           0 ns/msg
  AGGREGATE active = 0.00% (of 1 dir-threads; 0.00% per-thread avg)  msgs=0

----- REMOTE CPU LOAD (memory node dir-threads, 2s window) -----
  dir 0: active=  0.00%  msgs=0           0 ns/msg
  AGGREGATE active = 0.00% (of 1 dir-threads; 0.00% per-thread avg)  msgs=0

----- REMOTE CPU LOAD (memory node dir-threads, 2s window) -----
  dir 0: active=  0.00%  msgs=0           0 ns/msg
  AGGREGATE active = 0.00% (of 1 dir-threads; 0.00% per-thread avg)  msgs=0

----- REMOTE CPU LOAD (memory node dir-threads, 2s window) -----
  dir 0: active=  0.00%  msgs=1           677 ns/msg
  AGGREGATE active = 0.00% (of 1 dir-threads; 0.00% per-thread avg)  msgs=1

----- REMOTE CPU LOAD (memory node dir-threads, 2s window) -----
  dir 0: active=  0.00%  msgs=0           0 ns/msg
  AGGREGATE active = 0.00% (of 1 dir-threads; 0.00% per-thread avg)  msgs=0

----- REMOTE CPU LOAD (memory node dir-threads, 2s window) -----
  dir 0: active=  0.00%  msgs=0           0 ns/msg
  AGGREGATE active = 0.00% (of 1 dir-threads; 0.00% per-thread avg)  msgs=0

----- REMOTE CPU LOAD (memory node dir-threads, 2s window) -----
  dir 0: active=  0.00%  msgs=0           0 ns/msg
  AGGREGATE active = 0.00% (of 1 dir-threads; 0.00% per-thread avg)  msgs=0

----- REMOTE CPU LOAD (memory node dir-threads, 2s window) -----
  dir 0: active=  0.00%  msgs=0           0 ns/msg
  AGGREGATE active = 0.00% (of 1 dir-threads; 0.00% per-thread avg)  msgs=0

----- REMOTE CPU LOAD (memory node dir-threads, 2s window) -----
  dir 0: active=  0.00%  msgs=1           569 ns/msg
  AGGREGATE active = 0.00% (of 1 dir-threads; 0.00% per-thread avg)  msgs=1

----- REMOTE CPU LOAD (memory node dir-threads, 2s window) -----
  dir 0: active=  0.00%  msgs=0           0 ns/msg
  AGGREGATE active = 0.00% (of 1 dir-threads; 0.00% per-thread avg)  msgs=0

----- REMOTE CPU LOAD (memory node dir-threads, 2s window) -----
  dir 0: active=  0.00%  msgs=0           0 ns/msg
  AGGREGATE active = 0.00% (of 1 dir-threads; 0.00% per-thread avg)  msgs=0

----- REMOTE CPU LOAD (memory node dir-threads, 2s window) -----
  dir 0: active=  0.00%  msgs=0           0 ns/msg
  AGGREGATE active = 0.00% (of 1 dir-threads; 0.00% per-thread avg)  msgs=0

----- REMOTE CPU LOAD (memory node dir-threads, 2s window) -----
  dir 0: active=  0.00%  msgs=1           506 ns/msg
  AGGREGATE active = 0.00% (of 1 dir-threads; 0.00% per-thread avg)  msgs=1

----- REMOTE CPU LOAD (memory node dir-threads, 2s window) -----
  dir 0: active=  0.00%  msgs=0           0 ns/msg
  AGGREGATE active = 0.00% (of 1 dir-threads; 0.00% per-thread avg)  msgs=0

----- REMOTE CPU LOAD (memory node dir-threads, 2s window) -----
  dir 0: active=  0.00%  msgs=0           0 ns/msg
  AGGREGATE active = 0.00% (of 1 dir-threads; 0.00% per-thread avg)  msgs=0

----- REMOTE CPU LOAD (memory node dir-threads, 2s window) -----
  dir 0: active=  0.00%  msgs=0           0 ns/msg
  AGGREGATE active = 0.00% (of 1 dir-threads; 0.00% per-thread avg)  msgs=0

----- REMOTE CPU LOAD (memory node dir-threads, 2s window) -----
  dir 0: active=  0.00%  msgs=0           0 ns/msg
  AGGREGATE active = 0.00% (of 1 dir-threads; 0.00% per-thread avg)  msgs=0

----- REMOTE CPU LOAD (memory node dir-threads, 2s window) -----
  dir 0: active=  0.00%  msgs=0           0 ns/msg
  AGGREGATE active = 0.00% (of 1 dir-threads; 0.00% per-thread avg)  msgs=0

----- REMOTE CPU LOAD (memory node dir-threads, 2s window) -----
  dir 0: active=  0.00%  msgs=1           1120 ns/msg
  AGGREGATE active = 0.00% (of 1 dir-threads; 0.00% per-thread avg)  msgs=1

----- REMOTE CPU LOAD (memory node dir-threads, 2s window) -----
  dir 0: active=  0.00%  msgs=0           0 ns/msg
  AGGREGATE active = 0.00% (of 1 dir-threads; 0.00% per-thread avg)  msgs=0

----- REMOTE CPU LOAD (memory node dir-threads, 2s window) -----
  dir 0: active=  0.00%  msgs=1           490 ns/msg
  AGGREGATE active = 0.00% (of 1 dir-threads; 0.00% per-thread avg)  msgs=1

----- REMOTE CPU LOAD (memory node dir-threads, 2s window) -----
  dir 0: active=  0.00%  msgs=0           0 ns/msg
  AGGREGATE active = 0.00% (of 1 dir-threads; 0.00% per-thread avg)  msgs=0

----- REMOTE CPU LOAD (memory node dir-threads, 2s window) -----
  dir 0: active=  0.00%  msgs=0           0 ns/msg
  AGGREGATE active = 0.00% (of 1 dir-threads; 0.00% per-thread avg)  msgs=0

----- REMOTE CPU LOAD (memory node dir-threads, 2s window) -----
  dir 0: active=  0.00%  msgs=0           0 ns/msg
  AGGREGATE active = 0.00% (of 1 dir-threads; 0.00% per-thread avg)  msgs=0

----- REMOTE CPU LOAD (memory node dir-threads, 2s window) -----
  dir 0: active=  0.00%  msgs=0           0 ns/msg
  AGGREGATE active = 0.00% (of 1 dir-threads; 0.00% per-thread avg)  msgs=0

----- REMOTE CPU LOAD (memory node dir-threads, 2s window) -----
  dir 0: active=  0.00%  msgs=0           0 ns/msg
  AGGREGATE active = 0.00% (of 1 dir-threads; 0.00% per-thread avg)  msgs=0

----- REMOTE CPU LOAD (memory node dir-threads, 2s window) -----
  dir 0: active=  0.00%  msgs=0           0 ns/msg
  AGGREGATE active = 0.00% (of 1 dir-threads; 0.00% per-thread avg)  msgs=0

----- REMOTE CPU LOAD (memory node dir-threads, 2s window) -----
  dir 0: active=  0.00%  msgs=0           0 ns/msg
  AGGREGATE active = 0.00% (of 1 dir-threads; 0.00% per-thread avg)  msgs=0

----- REMOTE CPU LOAD (memory node dir-threads, 2s window) -----
  dir 0: active=  0.00%  msgs=1           2273 ns/msg
  AGGREGATE active = 0.00% (of 1 dir-threads; 0.00% per-thread avg)  msgs=1

----- REMOTE CPU LOAD (memory node dir-threads, 2s window) -----
  dir 0: active=  0.00%  msgs=1           647 ns/msg
  AGGREGATE active = 0.00% (of 1 dir-threads; 0.00% per-thread avg)  msgs=1

----- REMOTE CPU LOAD (memory node dir-threads, 2s window) -----
  dir 0: active=  0.00%  msgs=0           0 ns/msg
  AGGREGATE active = 0.00% (of 1 dir-threads; 0.00% per-thread avg)  msgs=0

----- REMOTE CPU LOAD (memory node dir-threads, 2s window) -----
  dir 0: active=  0.00%  msgs=0           0 ns/msg
  AGGREGATE active = 0.00% (of 1 dir-threads; 0.00% per-thread avg)  msgs=0

----- REMOTE CPU LOAD (memory node dir-threads, 2s window) -----
  dir 0: active=  0.00%  msgs=0           0 ns/msg
  AGGREGATE active = 0.00% (of 1 dir-threads; 0.00% per-thread avg)  msgs=0

----- REMOTE CPU LOAD (memory node dir-threads, 2s window) -----
  dir 0: active=  0.00%  msgs=0           0 ns/msg
  AGGREGATE active = 0.00% (of 1 dir-threads; 0.00% per-thread avg)  msgs=0

----- REMOTE CPU LOAD (memory node dir-threads, 2s window) -----
  dir 0: active=  0.00%  msgs=0           0 ns/msg
  AGGREGATE active = 0.00% (of 1 dir-threads; 0.00% per-thread avg)  msgs=0

----- REMOTE CPU LOAD (memory node dir-threads, 2s window) -----
  dir 0: active=  0.00%  msgs=0           0 ns/msg
  AGGREGATE active = 0.00% (of 1 dir-threads; 0.00% per-thread avg)  msgs=0

----- REMOTE CPU LOAD (memory node dir-threads, 2s window) -----
  dir 0: active=  0.00%  msgs=0           0 ns/msg
  AGGREGATE active = 0.00% (of 1 dir-threads; 0.00% per-thread avg)  msgs=0

----- REMOTE CPU LOAD (memory node dir-threads, 2s window) -----
  dir 0: active=  0.00%  msgs=0           0 ns/msg
  AGGREGATE active = 0.00% (of 1 dir-threads; 0.00% per-thread avg)  msgs=0

----- REMOTE CPU LOAD (memory node dir-threads, 2s window) -----
  dir 0: active=  0.00%  msgs=2           688 ns/msg
  AGGREGATE active = 0.00% (of 1 dir-threads; 0.00% per-thread avg)  msgs=2

----- REMOTE CPU LOAD (memory node dir-threads, 2s window) -----
  dir 0: active=  0.00%  msgs=0           0 ns/msg
  AGGREGATE active = 0.00% (of 1 dir-threads; 0.00% per-thread avg)  msgs=0

----- REMOTE CPU LOAD (memory node dir-threads, 2s window) -----
  dir 0: active=  0.00%  msgs=0           0 ns/msg
  AGGREGATE active = 0.00% (of 1 dir-threads; 0.00% per-thread avg)  msgs=0

----- REMOTE CPU LOAD (memory node dir-threads, 2s window) -----
  dir 0: active=  0.00%  msgs=0           0 ns/msg
  AGGREGATE active = 0.00% (of 1 dir-threads; 0.00% per-thread avg)  msgs=0

----- REMOTE CPU LOAD (memory node dir-threads, 2s window) -----
  dir 0: active=  0.00%  msgs=0           0 ns/msg
  AGGREGATE active = 0.00% (of 1 dir-threads; 0.00% per-thread avg)  msgs=0

----- REMOTE CPU LOAD (memory node dir-threads, 2s window) -----
  dir 0: active=  0.00%  msgs=0           0 ns/msg
  AGGREGATE active = 0.00% (of 1 dir-threads; 0.00% per-thread avg)  msgs=0

----- REMOTE CPU LOAD (memory node dir-threads, 2s window) -----
  dir 0: active=  0.00%  msgs=0           0 ns/msg
  AGGREGATE active = 0.00% (of 1 dir-threads; 0.00% per-thread avg)  msgs=0

----- REMOTE CPU LOAD (memory node dir-threads, 2s window) -----
  dir 0: active=  0.00%  msgs=0           0 ns/msg
  AGGREGATE active = 0.00% (of 1 dir-threads; 0.00% per-thread avg)  msgs=0

----- REMOTE CPU LOAD (memory node dir-threads, 2s window) -----
  dir 0: active=  0.00%  msgs=1           1054 ns/msg
  AGGREGATE active = 0.00% (of 1 dir-threads; 0.00% per-thread avg)  msgs=1

----- REMOTE CPU LOAD (memory node dir-threads, 2s window) -----
  dir 0: active=  0.00%  msgs=0           0 ns/msg
  AGGREGATE active = 0.00% (of 1 dir-threads; 0.00% per-thread avg)  msgs=0

----- REMOTE CPU LOAD (memory node dir-threads, 2s window) -----
  dir 0: active=  0.00%  msgs=1           1051 ns/msg
  AGGREGATE active = 0.00% (of 1 dir-threads; 0.00% per-thread avg)  msgs=1

----- REMOTE CPU LOAD (memory node dir-threads, 2s window) -----
  dir 0: active=  0.00%  msgs=0           0 ns/msg
  AGGREGATE active = 0.00% (of 1 dir-threads; 0.00% per-thread avg)  msgs=0

----- REMOTE CPU LOAD (memory node dir-threads, 2s window) -----
  dir 0: active=  0.00%  msgs=0           0 ns/msg
  AGGREGATE active = 0.00% (of 1 dir-threads; 0.00% per-thread avg)  msgs=0

----- REMOTE CPU LOAD (memory node dir-threads, 2s window) -----
  dir 0: active=  0.00%  msgs=0           0 ns/msg
  AGGREGATE active = 0.00% (of 1 dir-threads; 0.00% per-thread avg)  msgs=0

----- REMOTE CPU LOAD (memory node dir-threads, 2s window) -----
  dir 0: active=  0.00%  msgs=0           0 ns/msg
  AGGREGATE active = 0.00% (of 1 dir-threads; 0.00% per-thread avg)  msgs=0

----- REMOTE CPU LOAD (memory node dir-threads, 2s window) -----
  dir 0: active=  0.00%  msgs=0           0 ns/msg
  AGGREGATE active = 0.00% (of 1 dir-threads; 0.00% per-thread avg)  msgs=0

----- REMOTE CPU LOAD (memory node dir-threads, 2s window) -----
  dir 0: active=  0.00%  msgs=0           0 ns/msg
  AGGREGATE active = 0.00% (of 1 dir-threads; 0.00% per-thread avg)  msgs=0

----- REMOTE CPU LOAD (memory node dir-threads, 2s window) -----
  dir 0: active=  0.00%  msgs=1           1213 ns/msg
  AGGREGATE active = 0.00% (of 1 dir-threads; 0.00% per-thread avg)  msgs=1

----- REMOTE CPU LOAD (memory node dir-threads, 2s window) -----
  dir 0: active=  0.00%  msgs=0           0 ns/msg
  AGGREGATE active = 0.00% (of 1 dir-threads; 0.00% per-thread avg)  msgs=0

----- REMOTE CPU LOAD (memory node dir-threads, 2s window) -----
  dir 0: active=  0.00%  msgs=0           0 ns/msg
  AGGREGATE active = 0.00% (of 1 dir-threads; 0.00% per-thread avg)  msgs=0

----- REMOTE CPU LOAD (memory node dir-threads, 2s window) -----
  dir 0: active=  0.00%  msgs=1           866 ns/msg
  AGGREGATE active = 0.00% (of 1 dir-threads; 0.00% per-thread avg)  msgs=1

----- REMOTE CPU LOAD (memory node dir-threads, 2s window) -----
  dir 0: active=  0.00%  msgs=0           0 ns/msg
  AGGREGATE active = 0.00% (of 1 dir-threads; 0.00% per-thread avg)  msgs=0

----- REMOTE CPU LOAD (memory node dir-threads, 2s window) -----
  dir 0: active=  0.00%  msgs=0           0 ns/msg
  AGGREGATE active = 0.00% (of 1 dir-threads; 0.00% per-thread avg)  msgs=0

----- REMOTE CPU LOAD (memory node dir-threads, 2s window) -----
  dir 0: active=  0.00%  msgs=0           0 ns/msg
  AGGREGATE active = 0.00% (of 1 dir-threads; 0.00% per-thread avg)  msgs=0

----- REMOTE CPU LOAD (memory node dir-threads, 2s window) -----
  dir 0: active=  0.00%  msgs=0           0 ns/msg
  AGGREGATE active = 0.00% (of 1 dir-threads; 0.00% per-thread avg)  msgs=0

----- REMOTE CPU LOAD (memory node dir-threads, 2s window) -----
  dir 0: active=  0.00%  msgs=0           0 ns/msg
  AGGREGATE active = 0.00% (of 1 dir-threads; 0.00% per-thread avg)  msgs=0

----- REMOTE CPU LOAD (memory node dir-threads, 2s window) -----
  dir 0: active=  0.00%  msgs=0           0 ns/msg
  AGGREGATE active = 0.00% (of 1 dir-threads; 0.00% per-thread avg)  msgs=0

----- REMOTE CPU LOAD (memory node dir-threads, 2s window) -----
  dir 0: active=  0.00%  msgs=0           0 ns/msg
  AGGREGATE active = 0.00% (of 1 dir-threads; 0.00% per-thread avg)  msgs=0

----- REMOTE CPU LOAD (memory node dir-threads, 2s window) -----
  dir 0: active=  0.00%  msgs=0           0 ns/msg
  AGGREGATE active = 0.00% (of 1 dir-threads; 0.00% per-thread avg)  msgs=0

----- REMOTE CPU LOAD (memory node dir-threads, 2s window) -----
  dir 0: active=  0.00%  msgs=0           0 ns/msg
  AGGREGATE active = 0.00% (of 1 dir-threads; 0.00% per-thread avg)  msgs=0

----- REMOTE CPU LOAD (memory node dir-threads, 2s window) -----
  dir 0: active=  0.00%  msgs=1           823 ns/msg
  AGGREGATE active = 0.00% (of 1 dir-threads; 0.00% per-thread avg)  msgs=1

----- REMOTE CPU LOAD (memory node dir-threads, 2s window) -----
  dir 0: active=  0.00%  msgs=0           0 ns/msg
  AGGREGATE active = 0.00% (of 1 dir-threads; 0.00% per-thread avg)  msgs=0

----- REMOTE CPU LOAD (memory node dir-threads, 2s window) -----
  dir 0: active=  0.00%  msgs=0           0 ns/msg
  AGGREGATE active = 0.00% (of 1 dir-threads; 0.00% per-thread avg)  msgs=0

----- REMOTE CPU LOAD (memory node dir-threads, 2s window) -----
  dir 0: active=  0.00%  msgs=0           0 ns/msg
  AGGREGATE active = 0.00% (of 1 dir-threads; 0.00% per-thread avg)  msgs=0

----- REMOTE CPU LOAD (memory node dir-threads, 2s window) -----
  dir 0: active=  0.00%  msgs=0           0 ns/msg
  AGGREGATE active = 0.00% (of 1 dir-threads; 0.00% per-thread avg)  msgs=0

----- REMOTE CPU LOAD (memory node dir-threads, 2s window) -----
  dir 0: active=  0.00%  msgs=0           0 ns/msg
  AGGREGATE active = 0.00% (of 1 dir-threads; 0.00% per-thread avg)  msgs=0

----- REMOTE CPU LOAD (memory node dir-threads, 2s window) -----
  dir 0: active=  0.00%  msgs=0           0 ns/msg
  AGGREGATE active = 0.00% (of 1 dir-threads; 0.00% per-thread avg)  msgs=0

----- REMOTE CPU LOAD (memory node dir-threads, 2s window) -----
  dir 0: active=  0.00%  msgs=0           0 ns/msg
  AGGREGATE active = 0.00% (of 1 dir-threads; 0.00% per-thread avg)  msgs=0

----- REMOTE CPU LOAD (memory node dir-threads, 2s window) -----
  dir 0: active=  0.00%  msgs=0           0 ns/msg
  AGGREGATE active = 0.00% (of 1 dir-threads; 0.00% per-thread avg)  msgs=0

----- REMOTE CPU LOAD (memory node dir-threads, 2s window) -----
  dir 0: active=  0.00%  msgs=0           0 ns/msg
  AGGREGATE active = 0.00% (of 1 dir-threads; 0.00% per-thread avg)  msgs=0

----- REMOTE CPU LOAD (memory node dir-threads, 2s window) -----
  dir 0: active=  0.00%  msgs=1           880 ns/msg
  AGGREGATE active = 0.00% (of 1 dir-threads; 0.00% per-thread avg)  msgs=1

----- REMOTE CPU LOAD (memory node dir-threads, 2s window) -----
  dir 0: active=  0.00%  msgs=0           0 ns/msg
  AGGREGATE active = 0.00% (of 1 dir-threads; 0.00% per-thread avg)  msgs=0

----- REMOTE CPU LOAD (memory node dir-threads, 2s window) -----
  dir 0: active=  0.00%  msgs=0           0 ns/msg
  AGGREGATE active = 0.00% (of 1 dir-threads; 0.00% per-thread avg)  msgs=0

----- REMOTE CPU LOAD (memory node dir-threads, 2s window) -----
  dir 0: active=  0.00%  msgs=0           0 ns/msg
  AGGREGATE active = 0.00% (of 1 dir-threads; 0.00% per-thread avg)  msgs=0

----- REMOTE CPU LOAD (memory node dir-threads, 2s window) -----
  dir 0: active=  0.00%  msgs=0           0 ns/msg
  AGGREGATE active = 0.00% (of 1 dir-threads; 0.00% per-thread avg)  msgs=0

----- REMOTE CPU LOAD (memory node dir-threads, 2s window) -----
  dir 0: active=  0.00%  msgs=0           0 ns/msg
  AGGREGATE active = 0.00% (of 1 dir-threads; 0.00% per-thread avg)  msgs=0

----- REMOTE CPU LOAD (memory node dir-threads, 2s window) -----
  dir 0: active=  0.00%  msgs=0           0 ns/msg
  AGGREGATE active = 0.00% (of 1 dir-threads; 0.00% per-thread avg)  msgs=0

----- REMOTE CPU LOAD (memory node dir-threads, 2s window) -----
  dir 0: active=  0.00%  msgs=0           0 ns/msg
  AGGREGATE active = 0.00% (of 1 dir-threads; 0.00% per-thread avg)  msgs=0

----- REMOTE CPU LOAD (memory node dir-threads, 2s window) -----
  dir 0: active=  0.00%  msgs=0           0 ns/msg
  AGGREGATE active = 0.00% (of 1 dir-threads; 0.00% per-thread avg)  msgs=0

----- REMOTE CPU LOAD (memory node dir-threads, 2s window) -----
  dir 0: active=  0.00%  msgs=0           0 ns/msg
  AGGREGATE active = 0.00% (of 1 dir-threads; 0.00% per-thread avg)  msgs=0

----- REMOTE CPU LOAD (memory node dir-threads, 2s window) -----
  dir 0: active=  0.00%  msgs=1           1558 ns/msg
  AGGREGATE active = 0.00% (of 1 dir-threads; 0.00% per-thread avg)  msgs=1

----- REMOTE CPU LOAD (memory node dir-threads, 2s window) -----
  dir 0: active=  0.00%  msgs=0           0 ns/msg
  AGGREGATE active = 0.00% (of 1 dir-threads; 0.00% per-thread avg)  msgs=0

----- REMOTE CPU LOAD (memory node dir-threads, 2s window) -----
  dir 0: active=  0.00%  msgs=0           0 ns/msg
  AGGREGATE active = 0.00% (of 1 dir-threads; 0.00% per-thread avg)  msgs=0

----- REMOTE CPU LOAD (memory node dir-threads, 2s window) -----
  dir 0: active=  0.00%  msgs=0           0 ns/msg
  AGGREGATE active = 0.00% (of 1 dir-threads; 0.00% per-thread avg)  msgs=0

----- REMOTE CPU LOAD (memory node dir-threads, 2s window) -----
  dir 0: active=  0.00%  msgs=0           0 ns/msg
  AGGREGATE active = 0.00% (of 1 dir-threads; 0.00% per-thread avg)  msgs=0

----- REMOTE CPU LOAD (memory node dir-threads, 2s window) -----
  dir 0: active=  0.00%  msgs=0           0 ns/msg
  AGGREGATE active = 0.00% (of 1 dir-threads; 0.00% per-thread avg)  msgs=0

----- REMOTE CPU LOAD (memory node dir-threads, 2s window) -----
  dir 0: active=  0.00%  msgs=0           0 ns/msg
  AGGREGATE active = 0.00% (of 1 dir-threads; 0.00% per-thread avg)  msgs=0

----- REMOTE CPU LOAD (memory node dir-threads, 2s window) -----
  dir 0: active=  0.00%  msgs=0           0 ns/msg
  AGGREGATE active = 0.00% (of 1 dir-threads; 0.00% per-thread avg)  msgs=0

----- REMOTE CPU LOAD (memory node dir-threads, 2s window) -----
  dir 0: active=  0.00%  msgs=0           0 ns/msg
  AGGREGATE active = 0.00% (of 1 dir-threads; 0.00% per-thread avg)  msgs=0

----- REMOTE CPU LOAD (memory node dir-threads, 2s window) -----
  dir 0: active=  0.00%  msgs=0           0 ns/msg
  AGGREGATE active = 0.00% (of 1 dir-threads; 0.00% per-thread avg)  msgs=0

----- REMOTE CPU LOAD (memory node dir-threads, 2s window) -----
  dir 0: active=  0.00%  msgs=1           1798 ns/msg
  AGGREGATE active = 0.00% (of 1 dir-threads; 0.00% per-thread avg)  msgs=1

----- REMOTE CPU LOAD (memory node dir-threads, 2s window) -----
  dir 0: active=  0.00%  msgs=0           0 ns/msg
  AGGREGATE active = 0.00% (of 1 dir-threads; 0.00% per-thread avg)  msgs=0

----- REMOTE CPU LOAD (memory node dir-threads, 2s window) -----
  dir 0: active=  0.00%  msgs=0           0 ns/msg
  AGGREGATE active = 0.00% (of 1 dir-threads; 0.00% per-thread avg)  msgs=0

----- REMOTE CPU LOAD (memory node dir-threads, 2s window) -----
  dir 0: active=  0.00%  msgs=0           0 ns/msg
  AGGREGATE active = 0.00% (of 1 dir-threads; 0.00% per-thread avg)  msgs=0

----- REMOTE CPU LOAD (memory node dir-threads, 2s window) -----
  dir 0: active=  0.00%  msgs=0           0 ns/msg
  AGGREGATE active = 0.00% (of 1 dir-threads; 0.00% per-thread avg)  msgs=0

----- REMOTE CPU LOAD (memory node dir-threads, 2s window) -----
  dir 0: active=  0.00%  msgs=0           0 ns/msg
  AGGREGATE active = 0.00% (of 1 dir-threads; 0.00% per-thread avg)  msgs=0

----- REMOTE CPU LOAD (memory node dir-threads, 2s window) -----
  dir 0: active=  0.00%  msgs=0           0 ns/msg
  AGGREGATE active = 0.00% (of 1 dir-threads; 0.00% per-thread avg)  msgs=0

----- REMOTE CPU LOAD (memory node dir-threads, 2s window) -----
  dir 0: active=  0.00%  msgs=0           0 ns/msg
  AGGREGATE active = 0.00% (of 1 dir-threads; 0.00% per-thread avg)  msgs=0

----- REMOTE CPU LOAD (memory node dir-threads, 2s window) -----
  dir 0: active=  0.00%  msgs=0           0 ns/msg
  AGGREGATE active = 0.00% (of 1 dir-threads; 0.00% per-thread avg)  msgs=0

----- REMOTE CPU LOAD (memory node dir-threads, 2s window) -----
  dir 0: active=  0.00%  msgs=0           0 ns/msg
  AGGREGATE active = 0.00% (of 1 dir-threads; 0.00% per-thread avg)  msgs=0

----- REMOTE CPU LOAD (memory node dir-threads, 2s window) -----
  dir 0: active=  0.00%  msgs=0           0 ns/msg
  AGGREGATE active = 0.00% (of 1 dir-threads; 0.00% per-thread avg)  msgs=0

----- REMOTE CPU LOAD (memory node dir-threads, 2s window) -----
  dir 0: active=  0.00%  msgs=1           1448 ns/msg
  AGGREGATE active = 0.00% (of 1 dir-threads; 0.00% per-thread avg)  msgs=1

----- REMOTE CPU LOAD (memory node dir-threads, 2s window) -----
  dir 0: active=  0.00%  msgs=0           0 ns/msg
  AGGREGATE active = 0.00% (of 1 dir-threads; 0.00% per-thread avg)  msgs=0

----- REMOTE CPU LOAD (memory node dir-threads, 2s window) -----
  dir 0: active=  0.00%  msgs=0           0 ns/msg
  AGGREGATE active = 0.00% (of 1 dir-threads; 0.00% per-thread avg)  msgs=0

----- REMOTE CPU LOAD (memory node dir-threads, 2s window) -----
  dir 0: active=  0.00%  msgs=0           0 ns/msg
  AGGREGATE active = 0.00% (of 1 dir-threads; 0.00% per-thread avg)  msgs=0

----- REMOTE CPU LOAD (memory node dir-threads, 2s window) -----
  dir 0: active=  0.00%  msgs=0           0 ns/msg
  AGGREGATE active = 0.00% (of 1 dir-threads; 0.00% per-thread avg)  msgs=0

----- REMOTE CPU LOAD (memory node dir-threads, 2s window) -----
  dir 0: active=  0.00%  msgs=0           0 ns/msg
  AGGREGATE active = 0.00% (of 1 dir-threads; 0.00% per-thread avg)  msgs=0

----- REMOTE CPU LOAD (memory node dir-threads, 2s window) -----
  dir 0: active=  0.00%  msgs=0           0 ns/msg
  AGGREGATE active = 0.00% (of 1 dir-threads; 0.00% per-thread avg)  msgs=0

----- REMOTE CPU LOAD (memory node dir-threads, 2s window) -----
  dir 0: active=  0.00%  msgs=0           0 ns/msg
  AGGREGATE active = 0.00% (of 1 dir-threads; 0.00% per-thread avg)  msgs=0

----- REMOTE CPU LOAD (memory node dir-threads, 2s window) -----
  dir 0: active=  0.00%  msgs=0           0 ns/msg
  AGGREGATE active = 0.00% (of 1 dir-threads; 0.00% per-thread avg)  msgs=0

----- REMOTE CPU LOAD (memory node dir-threads, 2s window) -----
  dir 0: active=  0.00%  msgs=0           0 ns/msg
  AGGREGATE active = 0.00% (of 1 dir-threads; 0.00% per-thread avg)  msgs=0

----- REMOTE CPU LOAD (memory node dir-threads, 2s window) -----
  dir 0: active=  0.00%  msgs=1           940 ns/msg
  AGGREGATE active = 0.00% (of 1 dir-threads; 0.00% per-thread avg)  msgs=1

----- REMOTE CPU LOAD (memory node dir-threads, 2s window) -----
  dir 0: active=  0.00%  msgs=0           0 ns/msg
  AGGREGATE active = 0.00% (of 1 dir-threads; 0.00% per-thread avg)  msgs=0

----- REMOTE CPU LOAD (memory node dir-threads, 2s window) -----
  dir 0: active=  0.00%  msgs=0           0 ns/msg
  AGGREGATE active = 0.00% (of 1 dir-threads; 0.00% per-thread avg)  msgs=0

----- REMOTE CPU LOAD (memory node dir-threads, 2s window) -----
  dir 0: active=  0.00%  msgs=0           0 ns/msg
  AGGREGATE active = 0.00% (of 1 dir-threads; 0.00% per-thread avg)  msgs=0

----- REMOTE CPU LOAD (memory node dir-threads, 2s window) -----
  dir 0: active=  0.00%  msgs=0           0 ns/msg
  AGGREGATE active = 0.00% (of 1 dir-threads; 0.00% per-thread avg)  msgs=0

----- REMOTE CPU LOAD (memory node dir-threads, 2s window) -----
  dir 0: active=  0.00%  msgs=0           0 ns/msg
  AGGREGATE active = 0.00% (of 1 dir-threads; 0.00% per-thread avg)  msgs=0

----- REMOTE CPU LOAD (memory node dir-threads, 2s window) -----
  dir 0: active=  0.00%  msgs=0           0 ns/msg
  AGGREGATE active = 0.00% (of 1 dir-threads; 0.00% per-thread avg)  msgs=0

----- REMOTE CPU LOAD (memory node dir-threads, 2s window) -----
  dir 0: active=  0.00%  msgs=0           0 ns/msg
  AGGREGATE active = 0.00% (of 1 dir-threads; 0.00% per-thread avg)  msgs=0

----- REMOTE CPU LOAD (memory node dir-threads, 2s window) -----
  dir 0: active=  0.00%  msgs=0           0 ns/msg
  AGGREGATE active = 0.00% (of 1 dir-threads; 0.00% per-thread avg)  msgs=0

----- REMOTE CPU LOAD (memory node dir-threads, 2s window) -----
  dir 0: active=  0.00%  msgs=0           0 ns/msg
  AGGREGATE active = 0.00% (of 1 dir-threads; 0.00% per-thread avg)  msgs=0

----- REMOTE CPU LOAD (memory node dir-threads, 2s window) -----
  dir 0: active=  0.00%  msgs=1           1510 ns/msg
  AGGREGATE active = 0.00% (of 1 dir-threads; 0.00% per-thread avg)  msgs=1

----- REMOTE CPU LOAD (memory node dir-threads, 2s window) -----
  dir 0: active=  0.00%  msgs=0           0 ns/msg
  AGGREGATE active = 0.00% (of 1 dir-threads; 0.00% per-thread avg)  msgs=0

----- REMOTE CPU LOAD (memory node dir-threads, 2s window) -----
  dir 0: active=  0.00%  msgs=0           0 ns/msg
  AGGREGATE active = 0.00% (of 1 dir-threads; 0.00% per-thread avg)  msgs=0

----- REMOTE CPU LOAD (memory node dir-threads, 2s window) -----
  dir 0: active=  0.00%  msgs=0           0 ns/msg
  AGGREGATE active = 0.00% (of 1 dir-threads; 0.00% per-thread avg)  msgs=0

----- REMOTE CPU LOAD (memory node dir-threads, 2s window) -----
  dir 0: active=  0.00%  msgs=0           0 ns/msg
  AGGREGATE active = 0.00% (of 1 dir-threads; 0.00% per-thread avg)  msgs=0

----- REMOTE CPU LOAD (memory node dir-threads, 2s window) -----
  dir 0: active=  0.00%  msgs=0           0 ns/msg
  AGGREGATE active = 0.00% (of 1 dir-threads; 0.00% per-thread avg)  msgs=0

----- REMOTE CPU LOAD (memory node dir-threads, 2s window) -----
  dir 0: active=  0.00%  msgs=0           0 ns/msg
  AGGREGATE active = 0.00% (of 1 dir-threads; 0.00% per-thread avg)  msgs=0

----- REMOTE CPU LOAD (memory node dir-threads, 2s window) -----
  dir 0: active=  0.00%  msgs=0           0 ns/msg
  AGGREGATE active = 0.00% (of 1 dir-threads; 0.00% per-thread avg)  msgs=0

----- REMOTE CPU LOAD (memory node dir-threads, 2s window) -----
  dir 0: active=  0.00%  msgs=0           0 ns/msg
  AGGREGATE active = 0.00% (of 1 dir-threads; 0.00% per-thread avg)  msgs=0

----- REMOTE CPU LOAD (memory node dir-threads, 2s window) -----
  dir 0: active=  0.00%  msgs=0           0 ns/msg
  AGGREGATE active = 0.00% (of 1 dir-threads; 0.00% per-thread avg)  msgs=0

----- REMOTE CPU LOAD (memory node dir-threads, 2s window) -----
  dir 0: active=  0.00%  msgs=0           0 ns/msg
  AGGREGATE active = 0.00% (of 1 dir-threads; 0.00% per-thread avg)  msgs=0

----- REMOTE CPU LOAD (memory node dir-threads, 2s window) -----
  dir 0: active=  0.00%  msgs=0           0 ns/msg
  AGGREGATE active = 0.00% (of 1 dir-threads; 0.00% per-thread avg)  msgs=0
node 0 warmup done in 937s
0, throughput 0.0896 Mops
epoch 1: cluster throughput 0.241 Mops
0, throughput 0.4608 Mops
epoch 2: cluster throughput 1.034 Mops
0, throughput 0.5577 Mops
epoch 3: cluster throughput 1.260 Mops
0, throughput 0.5786 Mops
epoch 4: cluster throughput 1.336 Mops
0, throughput 0.7068 Mops
epoch 5: cluster throughput 1.540 Mops
0, throughput 0.7200 Mops
epoch 6: cluster throughput 1.386 Mops
0, throughput 0.5035 Mops
epoch 7: cluster throughput 1.165 Mops
0, throughput 0.7673 Mops
epoch 8: cluster throughput 1.511 Mops
0, throughput 0.5968 Mops
epoch 9: cluster throughput 1.516 Mops
0, throughput 0.6949 Mops
epoch 10: cluster throughput 1.319 Mops

==================== LATENCY BUCKETS (500 ns) [node 0] ====================
[LOOKUP]
  ALL                n=913        mean=   41.59us  p50=  29.00us  p90=  91.50us  p99= 136.50us  p99.9= 167.00us  max>=224.00us
  DIRECT (1-sided)   n=913        mean=   41.59us  p50=  29.00us  p90=  91.50us  p99= 136.50us  p99.9= 167.00us  max>=224.00us
  OFFLOAD (rpc)             (no samples)
[ALL OPS]
  ALL                n=913        mean=   41.59us  p50=  29.00us  p90=  91.50us  p99= 136.50us  p99.9= 167.00us  max>=224.00us
  DIRECT (1-sided)   n=913        mean=   41.59us  p50=  29.00us  p90=  91.50us  p99= 136.50us  p99.9= 167.00us  max>=224.00us
  OFFLOAD (rpc)             (no samples)

----- 500 ns bucket CDF (all ops) [node 0] -----
  bucket [lo,hi) ns             count        pct       cdf
  [     1500,     2000)            2    0.2191%   0.2191%
  [     2000,     2500)            1    0.1095%   0.3286%
  [     3500,     4000)            2    0.2191%   0.5476%
  [     4000,     4500)            7    0.7667%   1.3143%
  [     4500,     5000)           25    2.7382%   4.0526%
  [     5000,     5500)           37    4.0526%   8.1051%
  [     5500,     6000)           39    4.2716%  12.3768%
  [     6000,     6500)           41    4.4907%  16.8675%
  [     6500,     7000)           22    2.4096%  19.2771%
  [     7000,     7500)           34    3.7240%  23.0011%
  [     7500,     8000)           31    3.3954%  26.3965%
  [     8000,     8500)           37    4.0526%  30.4491%
  [     8500,     9000)           23    2.5192%  32.9682%
  [     9000,     9500)           23    2.5192%  35.4874%
  [     9500,    10000)           15    1.6429%  37.1303%
  [    10000,    10500)            8    0.8762%  38.0066%
  [    10500,    11000)            5    0.5476%  38.5542%
  [    11000,    11500)           10    1.0953%  39.6495%
  [    12000,    12500)            1    0.1095%  39.7590%
  [    12500,    13000)            3    0.3286%  40.0876%
  [    13000,    13500)            1    0.1095%  40.1972%
  [    14000,    14500)            3    0.3286%  40.5257%
  [    14500,    15000)            2    0.2191%  40.7448%
  [    15000,    15500)            3    0.3286%  41.0734%
  [    15500,    16000)            2    0.2191%  41.2924%
  [    16000,    16500)            7    0.7667%  42.0591%
  [    16500,    17000)            6    0.6572%  42.7163%
  [    17000,    17500)            6    0.6572%  43.3735%
  [    17500,    18000)           10    1.0953%  44.4688%
  [    18000,    18500)            4    0.4381%  44.9069%
  [    18500,    19000)            3    0.3286%  45.2355%
  [    19000,    19500)            4    0.4381%  45.6736%
  [    19500,    20000)            6    0.6572%  46.3308%
  [    20000,    20500)            2    0.2191%  46.5498%
  [    20500,    21000)            2    0.2191%  46.7689%
  [    21000,    21500)            9    0.9858%  47.7547%
  [    22000,    22500)            1    0.1095%  47.8642%
  [    22500,    23000)            2    0.2191%  48.0832%
  [    23000,    23500)            1    0.1095%  48.1928%
  [    23500,    24000)            2    0.2191%  48.4118%
  [    24000,    24500)            1    0.1095%  48.5214%
  [    24500,    25000)            2    0.2191%  48.7404%
  [    25000,    25500)            1    0.1095%  48.8499%
  [    25500,    26000)            1    0.1095%  48.9595%
  [    26000,    26500)            1    0.1095%  49.0690%
  [    26500,    27000)            2    0.2191%  49.2881%
  [    27500,    28000)            2    0.2191%  49.5071%
  [    28000,    28500)            3    0.3286%  49.8357%
  [    28500,    29000)            2    0.2191%  50.0548%
  [    29000,    29500)            2    0.2191%  50.2738%
  [    30000,    30500)            1    0.1095%  50.3834%
  [    30500,    31000)            1    0.1095%  50.4929%
  [    31500,    32000)            1    0.1095%  50.6024%
  [    32000,    32500)            1    0.1095%  50.7119%
  [    32500,    33000)            1    0.1095%  50.8215%
  [    33500,    34000)            2    0.2191%  51.0405%
  [    34000,    34500)            1    0.1095%  51.1501%
  [    35000,    35500)            1    0.1095%  51.2596%
  [    35500,    36000)            2    0.2191%  51.4786%
  [    36000,    36500)            1    0.1095%  51.5882%
  [    36500,    37000)            2    0.2191%  51.8072%
  [    37000,    37500)            1    0.1095%  51.9168%
  [    37500,    38000)            2    0.2191%  52.1358%
  [    38500,    39000)            1    0.1095%  52.2453%
  [    39500,    40000)            2    0.2191%  52.4644%
  [    40500,    41000)            2    0.2191%  52.6835%
  [    41000,    41500)            1    0.1095%  52.7930%
  [    41500,    42000)            2    0.2191%  53.0120%
  [    42000,    42500)            2    0.2191%  53.2311%
  [    42500,    43000)            2    0.2191%  53.4502%
  [    43000,    43500)            4    0.4381%  53.8883%
  [    43500,    44000)            1    0.1095%  53.9978%
  [    44000,    44500)            7    0.7667%  54.7645%
  [    44500,    45000)            3    0.3286%  55.0931%
  [    45000,    45500)            3    0.3286%  55.4217%
  [    46000,    46500)            2    0.2191%  55.6407%
  [    46500,    47000)            3    0.3286%  55.9693%
  [    47000,    47500)            5    0.5476%  56.5170%
  [    47500,    48000)            5    0.5476%  57.0646%
  [    48000,    48500)            2    0.2191%  57.2837%
  [    48500,    49000)            9    0.9858%  58.2694%
  [    49000,    49500)            3    0.3286%  58.5980%
  [    49500,    50000)            7    0.7667%  59.3647%
  [    50000,    50500)            1    0.1095%  59.4743%
  [    50500,    51000)            2    0.2191%  59.6933%
  [    51000,    51500)            5    0.5476%  60.2410%
  [    51500,    52000)            5    0.5476%  60.7886%
  [    52000,    52500)            2    0.2191%  61.0077%
  [    52500,    53000)            7    0.7667%  61.7744%
  [    53000,    53500)            6    0.6572%  62.4315%
  [    53500,    54000)            3    0.3286%  62.7601%
  [    54000,    54500)            3    0.3286%  63.0887%
  [    54500,    55000)            5    0.5476%  63.6364%
  [    55000,    55500)            2    0.2191%  63.8554%
  [    55500,    56000)            2    0.2191%  64.0745%
  [    56000,    56500)            1    0.1095%  64.1840%
  [    56500,    57000)            5    0.5476%  64.7317%
  [    57000,    57500)            1    0.1095%  64.8412%
  [    57500,    58000)            5    0.5476%  65.3888%
  [    58000,    58500)            4    0.4381%  65.8269%
  [    58500,    59000)            5    0.5476%  66.3746%
  [    59000,    59500)            1    0.1095%  66.4841%
  [    59500,    60000)            2    0.2191%  66.7032%
  [    60000,    60500)            1    0.1095%  66.8127%
  [    60500,    61000)            1    0.1095%  66.9222%
  [    61000,    61500)            2    0.2191%  67.1413%
  [    61500,    62000)            4    0.4381%  67.5794%
  [    62000,    62500)            3    0.3286%  67.9080%
  [    62500,    63000)            1    0.1095%  68.0175%
  [    63000,    63500)            4    0.4381%  68.4556%
  [    63500,    64000)            3    0.3286%  68.7842%
  [    64000,    64500)            4    0.4381%  69.2223%
  [    64500,    65000)            2    0.2191%  69.4414%
  [    65000,    65500)            2    0.2191%  69.6605%
  [    65500,    66000)            2    0.2191%  69.8795%
  [    66000,    66500)            5    0.5476%  70.4272%
  [    66500,    67000)            5    0.5476%  70.9748%
  [    67000,    67500)            1    0.1095%  71.0843%
  [    67500,    68000)            2    0.2191%  71.3034%
  [    68000,    68500)            3    0.3286%  71.6320%
  [    68500,    69000)            7    0.7667%  72.3987%
  [    69000,    69500)            5    0.5476%  72.9463%
  [    69500,    70000)            6    0.6572%  73.6035%
  [    70000,    70500)            5    0.5476%  74.1512%
  [    70500,    71000)            4    0.4381%  74.5893%
  [    71000,    71500)            2    0.2191%  74.8083%
  [    71500,    72000)            3    0.3286%  75.1369%
  [    72000,    72500)            6    0.6572%  75.7941%
  [    72500,    73000)            3    0.3286%  76.1227%
  [    73000,    73500)            2    0.2191%  76.3417%
  [    73500,    74000)            4    0.4381%  76.7798%
  [    74000,    74500)            3    0.3286%  77.1084%
  [    74500,    75000)            2    0.2191%  77.3275%
  [    75000,    75500)            3    0.3286%  77.6561%
  [    76000,    76500)            6    0.6572%  78.3133%
  [    76500,    77000)            5    0.5476%  78.8609%
  [    77000,    77500)            2    0.2191%  79.0800%
  [    77500,    78000)            5    0.5476%  79.6276%
  [    78000,    78500)            3    0.3286%  79.9562%
  [    78500,    79000)            8    0.8762%  80.8324%
  [    79000,    79500)            3    0.3286%  81.1610%
  [    79500,    80000)            2    0.2191%  81.3801%
  [    80000,    80500)            8    0.8762%  82.2563%
  [    80500,    81000)            6    0.6572%  82.9135%
  [    81000,    81500)            4    0.4381%  83.3516%
  [    81500,    82000)            2    0.2191%  83.5706%
  [    82000,    82500)            1    0.1095%  83.6802%
  [    82500,    83000)            6    0.6572%  84.3373%
  [    83000,    83500)            3    0.3286%  84.6659%
  [    83500,    84000)            2    0.2191%  84.8850%
  [    84000,    84500)            5    0.5476%  85.4326%
  [    85000,    85500)            4    0.4381%  85.8708%
  [    85500,    86000)            3    0.3286%  86.1993%
  [    86000,    86500)            4    0.4381%  86.6375%
  [    86500,    87000)            1    0.1095%  86.7470%
  [    87000,    87500)            4    0.4381%  87.1851%
  [    87500,    88000)            4    0.4381%  87.6232%
  [    88000,    88500)            4    0.4381%  88.0613%
  [    88500,    89000)            2    0.2191%  88.2804%
  [    89000,    89500)            1    0.1095%  88.3899%
  [    89500,    90000)            2    0.2191%  88.6090%
  [    90000,    90500)            5    0.5476%  89.1566%
  [    90500,    91000)            5    0.5476%  89.7043%
  [    91000,    91500)            5    0.5476%  90.2519%
  [    91500,    92000)            1    0.1095%  90.3614%
  [    92000,    92500)            3    0.3286%  90.6900%
  [    92500,    93000)            3    0.3286%  91.0186%
  [    93000,    93500)            3    0.3286%  91.3472%
  [    93500,    94000)            2    0.2191%  91.5663%
  [    94000,    94500)            3    0.3286%  91.8949%
  [    95000,    95500)            2    0.2191%  92.1139%
  [    95500,    96000)            3    0.3286%  92.4425%
  [    96000,    96500)            1    0.1095%  92.5520%
  [    96500,    97000)            7    0.7667%  93.3187%
  [    97000,    97500)            1    0.1095%  93.4283%
  [    97500,    98000)            3    0.3286%  93.7568%
  [    98000,    98500)            3    0.3286%  94.0854%
  [    98500,    99000)            1    0.1095%  94.1950%
  [    99500,   100000)            2    0.2191%  94.4140%
  [   100500,   101000)            2    0.2191%  94.6331%
  [   101500,   102000)            2    0.2191%  94.8521%
  [   102000,   102500)            2    0.2191%  95.0712%
  [   102500,   103000)            3    0.3286%  95.3998%
  [   103000,   103500)            2    0.2191%  95.6188%
  [   104000,   104500)            1    0.1095%  95.7284%
  [   104500,   105000)            1    0.1095%  95.8379%
  [   105000,   105500)            1    0.1095%  95.9474%
  [   108000,   108500)            1    0.1095%  96.0570%
  [   108500,   109000)            3    0.3286%  96.3855%
  [   109500,   110000)            1    0.1095%  96.4951%
  [   110000,   110500)            3    0.3286%  96.8237%
  [   110500,   111000)            1    0.1095%  96.9332%
  [   112500,   113000)            2    0.2191%  97.1522%
  [   113500,   114000)            3    0.3286%  97.4808%
  [   115000,   115500)            2    0.2191%  97.6999%
  [   115500,   116000)            1    0.1095%  97.8094%
  [   119000,   119500)            1    0.1095%  97.9189%
  [   121000,   121500)            1    0.1095%  98.0285%
  [   124000,   124500)            1    0.1095%  98.1380%
  [   124500,   125000)            1    0.1095%  98.2475%
  [   125500,   126000)            1    0.1095%  98.3571%
  [   128000,   128500)            1    0.1095%  98.4666%
  [   128500,   129000)            1    0.1095%  98.5761%
  [   130500,   131000)            1    0.1095%  98.6857%
  [   133500,   134000)            1    0.1095%  98.7952%
  [   136000,   136500)            1    0.1095%  98.9047%
  [   138000,   138500)            1    0.1095%  99.0142%
  [   140000,   140500)            1    0.1095%  99.1238%
  [   140500,   141000)            1    0.1095%  99.2333%
  [   142000,   142500)            1    0.1095%  99.3428%
  [   143000,   143500)            1    0.1095%  99.4524%
  [   148500,   149000)            1    0.1095%  99.5619%
  [   149000,   149500)            1    0.1095%  99.6714%
  [   150000,   150500)            1    0.1095%  99.7809%
  [   166500,   167000)            1    0.1095%  99.8905%
  [   223500,   224000)            1    0.1095% 100.0000%

----- OFFLOADED TASKS [node 0] -----
  ops total                = 913
  ops direct (1-sided)     = 913 (100.00%)
  ops offload (rpc)        = 0 (0.00%)
  lookup pushdowns         = 0
  scan   pushdowns (RPC)   = 0
    kv pairs returned      = 0
    leaves scanned remotely= 0
    kv / scan pushdown     = 0.00
    leaves / scan pushdown = 0.00
=========================================================================

[CORRECTNESS node 0] lookup found 912 / 913 = 99.8905%
[END]
