nodes 2, threads 24, mix R/I/U/S=0/0/0/100, zipf-0.99, bulk 50M warmup 10M op 50M, offload 0%, scan_range 100
[4mshared memory size: 64GB, 0x7feeda800000[0m
[4mrdma cache size: 4GB[0m
[4mMachine NR: 2[0m
[4mCompute server 1 start up [255.127.0.0]
[0m
I connect server 0
[CONFIG node 1] dir threads = 4 (CHIME_DIR_THREADS, max 8) -- MUST match the other node
workload generated: keyspace=50001000 bulk=50000000 warmup=9999984 op=49999992
[4mKey space set: keySpaceSize=50000000[0m
I am 39
I am 47
I am 25
I am 35
I am 34
I am 28
I am 30
I am 27
I am 29
I am 24
I am 36
I am 33
I am 31
I am 41
I am 37
I am 42
[INFO] new root level 2
I am 43
I am 40
I am 44
I am 38
I am 32
I am 46
I am 45
I am 26
[INFO] new root level 3
[INFO] new root level 4
[INFO] new root level 5
[INFO] new root level 6
[INFO] new root level 7
[bulk] loader node: 10% (625001/6250000 keys)
[bulk] loader node: 20% (1250002/6250000 keys)
[bulk] loader node: 30% (1875003/6250000 keys)
[bulk] loader node: 40% (2500004/6250000 keys)
[bulk] loader node: 50% (3125005/6250000 keys)
[bulk] loader node: 60% (3750006/6250000 keys)
[bulk] loader node: 70% (4375007/6250000 keys)
[bulk] loader node: 80% (5000008/6250000 keys)
[bulk] loader node: 90% (5625009/6250000 keys)
node 1 warmup done in 410s
1, throughput 0.0688 Mops
1, throughput 0.0684 Mops
1, throughput 0.0669 Mops
1, throughput 0.0682 Mops
1, throughput 0.0679 Mops
1, throughput 0.0675 Mops
1, throughput 0.0665 Mops
1, throughput 0.0672 Mops
1, throughput 0.0679 Mops
1, throughput 0.0672 Mops
1, throughput 0.0679 Mops
1, throughput 0.0672 Mops
1, throughput 0.0674 Mops
1, throughput 0.0682 Mops
1, throughput 0.0678 Mops
1, throughput 0.0679 Mops
1, throughput 0.0668 Mops
1, throughput 0.0670 Mops
1, throughput 0.0670 Mops
1, throughput 0.0677 Mops
1, throughput 0.0670 Mops
1, throughput 0.0675 Mops
1, throughput 0.0667 Mops
1, throughput 0.0669 Mops
1, throughput 0.0672 Mops
1, throughput 0.0677 Mops
1, throughput 0.0685 Mops
1, throughput 0.0679 Mops
1, throughput 0.0676 Mops
1, throughput 0.0670 Mops
1, throughput 0.0669 Mops
1, throughput 0.0676 Mops
1, throughput 0.0672 Mops
1, throughput 0.0673 Mops
1, throughput 0.0676 Mops
1, throughput 0.0674 Mops
1, throughput 0.0673 Mops
1, throughput 0.0671 Mops
1, throughput 0.0671 Mops
1, throughput 0.0670 Mops
1, throughput 0.0678 Mops
1, throughput 0.0679 Mops
1, throughput 0.0675 Mops
1, throughput 0.0675 Mops
1, throughput 0.0675 Mops
1, throughput 0.0676 Mops
1, throughput 0.0673 Mops
1, throughput 0.0676 Mops
1, throughput 0.0672 Mops
1, throughput 0.0680 Mops
1, throughput 0.0675 Mops
1, throughput 0.0669 Mops
1, throughput 0.0674 Mops
1, throughput 0.0678 Mops
1, throughput 0.0671 Mops
1, throughput 0.0674 Mops
1, throughput 0.0678 Mops
1, throughput 0.0678 Mops
1, throughput 0.0678 Mops
1, throughput 0.0672 Mops
1, throughput 0.0675 Mops
1, throughput 0.0676 Mops
1, throughput 0.0674 Mops
1, throughput 0.0675 Mops
1, throughput 0.0675 Mops
1, throughput 0.0676 Mops
1, throughput 0.0674 Mops
1, throughput 0.0674 Mops
1, throughput 0.0671 Mops
1, throughput 0.0678 Mops
1, throughput 0.0675 Mops
1, throughput 0.0675 Mops
1, throughput 0.0675 Mops
1, throughput 0.0671 Mops
1, throughput 0.0671 Mops
1, throughput 0.0675 Mops
1, throughput 0.0675 Mops
1, throughput 0.0670 Mops
1, throughput 0.0673 Mops
1, throughput 0.0672 Mops
1, throughput 0.0668 Mops
1, throughput 0.0670 Mops
1, throughput 0.0675 Mops
1, throughput 0.0679 Mops
1, throughput 0.0674 Mops
1, throughput 0.0676 Mops
1, throughput 0.0672 Mops
1, throughput 0.0673 Mops
1, throughput 0.0676 Mops
1, throughput 0.0668 Mops
1, throughput 0.0672 Mops
1, throughput 0.0680 Mops
1, throughput 0.0676 Mops
1, throughput 0.0675 Mops
1, throughput 0.0673 Mops
1, throughput 0.0677 Mops
1, throughput 0.0676 Mops
1, throughput 0.0678 Mops
1, throughput 0.0669 Mops
1, throughput 0.0678 Mops
1, throughput 0.0680 Mops
1, throughput 0.0670 Mops
1, throughput 0.0675 Mops
1, throughput 0.0671 Mops
1, throughput 0.0670 Mops
1, throughput 0.0673 Mops
1, throughput 0.0669 Mops
1, throughput 0.0677 Mops
1, throughput 0.0676 Mops
1, throughput 0.0673 Mops
1, throughput 0.0670 Mops
1, throughput 0.0679 Mops
1, throughput 0.0672 Mops
1, throughput 0.0679 Mops
1, throughput 0.0681 Mops
1, throughput 0.0668 Mops
1, throughput 0.0676 Mops
1, throughput 0.0671 Mops
1, throughput 0.0675 Mops
1, throughput 0.0674 Mops
1, throughput 0.0671 Mops
1, throughput 0.0671 Mops
1, throughput 0.0669 Mops
1, throughput 0.0667 Mops
1, throughput 0.0668 Mops
1, throughput 0.0673 Mops
1, throughput 0.0667 Mops
1, throughput 0.0668 Mops
1, throughput 0.0667 Mops
1, throughput 0.0674 Mops
1, throughput 0.0678 Mops
1, throughput 0.0668 Mops
1, throughput 0.0670 Mops
1, throughput 0.0674 Mops
1, throughput 0.0679 Mops
1, throughput 0.0676 Mops
1, throughput 0.0668 Mops
1, throughput 0.0673 Mops
1, throughput 0.0672 Mops
1, throughput 0.0674 Mops
1, throughput 0.0670 Mops
1, throughput 0.0666 Mops
1, throughput 0.0669 Mops
1, throughput 0.0680 Mops
1, throughput 0.0679 Mops
1, throughput 0.0672 Mops
1, throughput 0.0677 Mops
1, throughput 0.0671 Mops
1, throughput 0.0676 Mops
1, throughput 0.0673 Mops
1, throughput 0.0671 Mops
1, throughput 0.0672 Mops
1, throughput 0.0672 Mops
1, throughput 0.0676 Mops
1, throughput 0.0676 Mops
1, throughput 0.0676 Mops
1, throughput 0.0678 Mops
1, throughput 0.0672 Mops
1, throughput 0.0674 Mops
1, throughput 0.0672 Mops
1, throughput 0.0674 Mops
1, throughput 0.0674 Mops
1, throughput 0.0669 Mops
1, throughput 0.0665 Mops
1, throughput 0.0679 Mops
1, throughput 0.0672 Mops
1, throughput 0.0669 Mops
1, throughput 0.0676 Mops
1, throughput 0.0671 Mops
1, throughput 0.0672 Mops
1, throughput 0.0673 Mops
1, throughput 0.0675 Mops
1, throughput 0.0678 Mops
1, throughput 0.0679 Mops
1, throughput 0.0673 Mops
1, throughput 0.0674 Mops
1, throughput 0.0679 Mops
1, throughput 0.0676 Mops
1, throughput 0.0671 Mops
1, throughput 0.0677 Mops
1, throughput 0.0676 Mops
1, throughput 0.0677 Mops
1, throughput 0.0672 Mops
1, throughput 0.0666 Mops
1, throughput 0.0671 Mops
1, throughput 0.0672 Mops
1, throughput 0.0677 Mops
1, throughput 0.0669 Mops
1, throughput 0.0674 Mops
1, throughput 0.0680 Mops
1, throughput 0.0671 Mops
1, throughput 0.0673 Mops
1, throughput 0.0671 Mops
1, throughput 0.0673 Mops
1, throughput 0.0674 Mops
1, throughput 0.0672 Mops
1, throughput 0.0668 Mops
1, throughput 0.0671 Mops
1, throughput 0.0678 Mops
1, throughput 0.0675 Mops
1, throughput 0.0678 Mops
1, throughput 0.0672 Mops
1, throughput 0.0679 Mops
1, throughput 0.0674 Mops
1, throughput 0.0670 Mops
1, throughput 0.0675 Mops
1, throughput 0.0674 Mops
1, throughput 0.0675 Mops
1, throughput 0.0677 Mops
1, throughput 0.0676 Mops
1, throughput 0.0667 Mops
1, throughput 0.0669 Mops
1, throughput 0.0679 Mops
1, throughput 0.0681 Mops
1, throughput 0.0676 Mops
1, throughput 0.0672 Mops
1, throughput 0.0675 Mops
1, throughput 0.0677 Mops
1, throughput 0.0677 Mops
1, throughput 0.0669 Mops
1, throughput 0.0672 Mops
1, throughput 0.0674 Mops
1, throughput 0.0671 Mops
1, throughput 0.0681 Mops
1, throughput 0.0675 Mops
1, throughput 0.0666 Mops
1, throughput 0.0668 Mops
1, throughput 0.0669 Mops
1, throughput 0.0670 Mops
1, throughput 0.0677 Mops
1, throughput 0.0675 Mops
1, throughput 0.0665 Mops
1, throughput 0.0674 Mops
1, throughput 0.0676 Mops
1, throughput 0.0669 Mops
1, throughput 0.0677 Mops
1, throughput 0.0678 Mops
1, throughput 0.0668 Mops
1, throughput 0.0673 Mops
1, throughput 0.0679 Mops
1, throughput 0.0672 Mops
1, throughput 0.0678 Mops
1, throughput 0.0678 Mops
1, throughput 0.0672 Mops
1, throughput 0.0670 Mops
1, throughput 0.0665 Mops
1, throughput 0.0674 Mops
1, throughput 0.0678 Mops
1, throughput 0.0676 Mops
1, throughput 0.0672 Mops
1, throughput 0.0677 Mops
1, throughput 0.0674 Mops
1, throughput 0.0669 Mops
1, throughput 0.0671 Mops
1, throughput 0.0670 Mops
1, throughput 0.0669 Mops
1, throughput 0.0677 Mops
1, throughput 0.0673 Mops
1, throughput 0.0667 Mops
1, throughput 0.0674 Mops
1, throughput 0.0675 Mops
1, throughput 0.0680 Mops
1, throughput 0.0675 Mops
1, throughput 0.0674 Mops
1, throughput 0.0679 Mops
1, throughput 0.0678 Mops
1, throughput 0.0663 Mops
1, throughput 0.0671 Mops
1, throughput 0.0678 Mops
1, throughput 0.0674 Mops
1, throughput 0.0682 Mops
1, throughput 0.0678 Mops
1, throughput 0.0680 Mops
1, throughput 0.0673 Mops
1, throughput 0.0669 Mops
1, throughput 0.0675 Mops
1, throughput 0.0675 Mops
1, throughput 0.0678 Mops
1, throughput 0.0674 Mops
1, throughput 0.0679 Mops
1, throughput 0.0670 Mops
1, throughput 0.0670 Mops
1, throughput 0.0671 Mops
1, throughput 0.0677 Mops
1, throughput 0.0674 Mops
1, throughput 0.0675 Mops
1, throughput 0.0672 Mops
1, throughput 0.0674 Mops
1, throughput 0.0674 Mops
1, throughput 0.0671 Mops
1, throughput 0.0671 Mops
1, throughput 0.0672 Mops
1, throughput 0.0675 Mops
1, throughput 0.0675 Mops
1, throughput 0.0675 Mops
1, throughput 0.0675 Mops
1, throughput 0.0677 Mops
1, throughput 0.0674 Mops
1, throughput 0.0669 Mops
1, throughput 0.0675 Mops
1, throughput 0.0667 Mops
1, throughput 0.0676 Mops
1, throughput 0.0678 Mops
1, throughput 0.0677 Mops
1, throughput 0.0671 Mops
1, throughput 0.0677 Mops
1, throughput 0.0673 Mops
1, throughput 0.0669 Mops
1, throughput 0.0676 Mops
1, throughput 0.0673 Mops
1, throughput 0.0672 Mops
1, throughput 0.0677 Mops
1, throughput 0.0672 Mops
1, throughput 0.0676 Mops
1, throughput 0.0673 Mops
1, throughput 0.0676 Mops
1, throughput 0.0678 Mops
1, throughput 0.0670 Mops
1, throughput 0.0674 Mops
1, throughput 0.0678 Mops
1, throughput 0.0676 Mops
1, throughput 0.0677 Mops
1, throughput 0.0682 Mops
1, throughput 0.0674 Mops
1, throughput 0.0669 Mops
1, throughput 0.0676 Mops
1, throughput 0.0679 Mops
1, throughput 0.0674 Mops
1, throughput 0.0662 Mops
1, throughput 0.0678 Mops
1, throughput 0.0672 Mops
1, throughput 0.0679 Mops
1, throughput 0.0675 Mops
1, throughput 0.0676 Mops
1, throughput 0.0677 Mops
1, throughput 0.0678 Mops
1, throughput 0.0674 Mops
1, throughput 0.0671 Mops
1, throughput 0.0670 Mops
1, throughput 0.0672 Mops
1, throughput 0.0675 Mops
1, throughput 0.0678 Mops
1, throughput 0.0674 Mops
1, throughput 0.0667 Mops
1, throughput 0.0676 Mops
1, throughput 0.0672 Mops
1, throughput 0.0678 Mops
1, throughput 0.0675 Mops
1, throughput 0.0674 Mops
1, throughput 0.0670 Mops
1, throughput 0.0670 Mops
1, throughput 0.0673 Mops
1, throughput 0.0672 Mops
1, throughput 0.0679 Mops
1, throughput 0.0675 Mops
1, throughput 0.0670 Mops
1, throughput 0.0671 Mops
1, throughput 0.0670 Mops
1, throughput 0.0673 Mops
1, throughput 0.0670 Mops
1, throughput 0.0669 Mops
1, throughput 0.0670 Mops
1, throughput 0.0672 Mops
1, throughput 0.0670 Mops
1, throughput 0.0670 Mops
1, throughput 0.0675 Mops
1, throughput 0.0668 Mops
1, throughput 0.0676 Mops
1, throughput 0.0682 Mops
1, throughput 0.0662 Mops
1, throughput 0.0669 Mops
1, throughput 0.0672 Mops
1, throughput 0.0669 Mops
1, throughput 0.0671 Mops
1, throughput 0.0667 Mops
1, throughput 0.0672 Mops
1, throughput 0.0672 Mops
1, throughput 0.0672 Mops
1, throughput 0.0671 Mops
1, throughput 0.0673 Mops
1, throughput 0.0669 Mops
1, throughput 0.0677 Mops
1, throughput 0.0670 Mops
1, throughput 0.0669 Mops
1, throughput 0.0673 Mops
1, throughput 0.0672 Mops
1, throughput 0.0674 Mops
1, throughput 0.0675 Mops
1, throughput 0.0678 Mops
1, throughput 0.0675 Mops
1, throughput 0.0663 Mops
1, throughput 0.0674 Mops
1, throughput 0.0674 Mops
1, throughput 0.0674 Mops
1, throughput 0.0671 Mops
1, throughput 0.0672 Mops
1, throughput 0.0675 Mops
1, throughput 0.0680 Mops
1, throughput 0.0675 Mops
1, throughput 0.0668 Mops
1, throughput 0.0674 Mops
1, throughput 0.0675 Mops
1, throughput 0.0675 Mops
1, throughput 0.0667 Mops
1, throughput 0.0671 Mops
1, throughput 0.0680 Mops
1, throughput 0.0670 Mops
1, throughput 0.0674 Mops
1, throughput 0.0670 Mops
1, throughput 0.0673 Mops
1, throughput 0.0669 Mops
1, throughput 0.0668 Mops
1, throughput 0.0682 Mops
1, throughput 0.0675 Mops
1, throughput 0.0672 Mops
1, throughput 0.0673 Mops
1, throughput 0.0676 Mops
1, throughput 0.0676 Mops
1, throughput 0.0682 Mops
1, throughput 0.0680 Mops
1, throughput 0.0675 Mops
1, throughput 0.0670 Mops
1, throughput 0.0675 Mops
1, throughput 0.0674 Mops
1, throughput 0.0673 Mops
1, throughput 0.0675 Mops
1, throughput 0.0674 Mops
1, throughput 0.0675 Mops
1, throughput 0.0675 Mops
1, throughput 0.0675 Mops
1, throughput 0.0672 Mops
1, throughput 0.0674 Mops
1, throughput 0.0672 Mops
1, throughput 0.0677 Mops
1, throughput 0.0675 Mops
1, throughput 0.0679 Mops
1, throughput 0.0672 Mops
1, throughput 0.0669 Mops
1, throughput 0.0669 Mops
1, throughput 0.0675 Mops
1, throughput 0.0676 Mops
1, throughput 0.0684 Mops
1, throughput 0.0675 Mops
1, throughput 0.0672 Mops
1, throughput 0.0674 Mops
1, throughput 0.0677 Mops
1, throughput 0.0670 Mops
1, throughput 0.0682 Mops
1, throughput 0.0672 Mops
1, throughput 0.0674 Mops
1, throughput 0.0673 Mops
1, throughput 0.0670 Mops
1, throughput 0.0668 Mops
1, throughput 0.0677 Mops
1, throughput 0.0670 Mops
1, throughput 0.0673 Mops
1, throughput 0.0678 Mops
1, throughput 0.0671 Mops
1, throughput 0.0677 Mops
1, throughput 0.0670 Mops
1, throughput 0.0669 Mops
1, throughput 0.0668 Mops
1, throughput 0.0671 Mops
1, throughput 0.0676 Mops
1, throughput 0.0673 Mops
1, throughput 0.0680 Mops
1, throughput 0.0670 Mops
1, throughput 0.0670 Mops
1, throughput 0.0672 Mops
1, throughput 0.0673 Mops
1, throughput 0.0673 Mops
1, throughput 0.0686 Mops
1, throughput 0.0670 Mops
1, throughput 0.0668 Mops
1, throughput 0.0677 Mops
1, throughput 0.0677 Mops
1, throughput 0.0675 Mops
1, throughput 0.0678 Mops
1, throughput 0.0672 Mops
1, throughput 0.0676 Mops
1, throughput 0.0673 Mops
1, throughput 0.0673 Mops
1, throughput 0.0673 Mops
1, throughput 0.0672 Mops
1, throughput 0.0671 Mops
1, throughput 0.0673 Mops
1, throughput 0.0679 Mops
1, throughput 0.0674 Mops
1, throughput 0.0675 Mops
1, throughput 0.0676 Mops
1, throughput 0.0676 Mops
1, throughput 0.0674 Mops
1, throughput 0.0677 Mops
1, throughput 0.0670 Mops
1, throughput 0.0669 Mops
1, throughput 0.0683 Mops
1, throughput 0.0675 Mops
1, throughput 0.0678 Mops
1, throughput 0.0672 Mops
1, throughput 0.0676 Mops
1, throughput 0.0676 Mops
1, throughput 0.0667 Mops
1, throughput 0.0676 Mops
1, throughput 0.0671 Mops
1, throughput 0.0675 Mops
1, throughput 0.0674 Mops
1, throughput 0.0675 Mops
1, throughput 0.0674 Mops
1, throughput 0.0675 Mops
1, throughput 0.0671 Mops
1, throughput 0.0675 Mops
1, throughput 0.0673 Mops
1, throughput 0.0666 Mops
1, throughput 0.0672 Mops
1, throughput 0.0666 Mops
1, throughput 0.0677 Mops
1, throughput 0.0669 Mops
1, throughput 0.0677 Mops
1, throughput 0.0673 Mops
1, throughput 0.0674 Mops
1, throughput 0.0674 Mops
1, throughput 0.0669 Mops
1, throughput 0.0676 Mops
1, throughput 0.0678 Mops
1, throughput 0.0678 Mops
1, throughput 0.0675 Mops
1, throughput 0.0673 Mops
1, throughput 0.0678 Mops
1, throughput 0.0673 Mops
1, throughput 0.0670 Mops
1, throughput 0.0671 Mops
1, throughput 0.0674 Mops
1, throughput 0.0670 Mops
1, throughput 0.0672 Mops
1, throughput 0.0672 Mops
1, throughput 0.0659 Mops
1, throughput 0.0672 Mops
1, throughput 0.0673 Mops
1, throughput 0.0669 Mops
1, throughput 0.0671 Mops
1, throughput 0.0676 Mops
1, throughput 0.0671 Mops
1, throughput 0.0681 Mops
1, throughput 0.0675 Mops
1, throughput 0.0672 Mops
1, throughput 0.0674 Mops
1, throughput 0.0676 Mops
1, throughput 0.0680 Mops
1, throughput 0.0676 Mops
1, throughput 0.0671 Mops
1, throughput 0.0684 Mops
1, throughput 0.0670 Mops
1, throughput 0.0671 Mops
1, throughput 0.0672 Mops
1, throughput 0.0670 Mops
1, throughput 0.0673 Mops
1, throughput 0.0664 Mops
1, throughput 0.0673 Mops
1, throughput 0.0675 Mops
1, throughput 0.0671 Mops
1, throughput 0.0673 Mops
1, throughput 0.0678 Mops
1, throughput 0.0669 Mops
1, throughput 0.0674 Mops
1, throughput 0.0674 Mops
1, throughput 0.0676 Mops
1, throughput 0.0678 Mops
1, throughput 0.0672 Mops
1, throughput 0.0669 Mops
1, throughput 0.0669 Mops
1, throughput 0.0671 Mops
1, throughput 0.0672 Mops
1, throughput 0.0674 Mops
1, throughput 0.0673 Mops
1, throughput 0.0671 Mops
1, throughput 0.0672 Mops
1, throughput 0.0665 Mops
1, throughput 0.0676 Mops
1, throughput 0.0672 Mops
1, throughput 0.0672 Mops
1, throughput 0.0673 Mops
1, throughput 0.0677 Mops
1, throughput 0.0670 Mops
1, throughput 0.0676 Mops
1, throughput 0.0676 Mops
1, throughput 0.0673 Mops
1, throughput 0.0672 Mops
1, throughput 0.0673 Mops
1, throughput 0.0676 Mops
1, throughput 0.0679 Mops
1, throughput 0.0677 Mops
1, throughput 0.0673 Mops
1, throughput 0.0678 Mops
1, throughput 0.0673 Mops
1, throughput 0.0677 Mops
1, throughput 0.0674 Mops
1, throughput 0.0672 Mops
1, throughput 0.0669 Mops
1, throughput 0.0676 Mops
1, throughput 0.0674 Mops
1, throughput 0.0670 Mops
1, throughput 0.0673 Mops
1, throughput 0.0673 Mops
1, throughput 0.0673 Mops
1, throughput 0.0665 Mops
1, throughput 0.0669 Mops
1, throughput 0.0675 Mops
1, throughput 0.0678 Mops
1, throughput 0.0678 Mops
1, throughput 0.0679 Mops
1, throughput 0.0677 Mops
1, throughput 0.0670 Mops
1, throughput 0.0673 Mops
1, throughput 0.0680 Mops
1, throughput 0.0672 Mops
1, throughput 0.0669 Mops
1, throughput 0.0669 Mops
1, throughput 0.0670 Mops
1, throughput 0.0671 Mops
1, throughput 0.0678 Mops
1, throughput 0.0673 Mops
1, throughput 0.0674 Mops
1, throughput 0.0676 Mops
1, throughput 0.0672 Mops
1, throughput 0.0671 Mops
1, throughput 0.0678 Mops
1, throughput 0.0674 Mops
1, throughput 0.0674 Mops
1, throughput 0.0674 Mops
1, throughput 0.0674 Mops
1, throughput 0.0676 Mops
1, throughput 0.0675 Mops
1, throughput 0.0674 Mops
1, throughput 0.0675 Mops
1, throughput 0.0674 Mops
1, throughput 0.0672 Mops
1, throughput 0.0672 Mops
1, throughput 0.0669 Mops
1, throughput 0.0667 Mops
1, throughput 0.0674 Mops
1, throughput 0.0674 Mops
1, throughput 0.0678 Mops
1, throughput 0.0666 Mops
1, throughput 0.0671 Mops
1, throughput 0.0676 Mops
1, throughput 0.0676 Mops
1, throughput 0.0680 Mops
1, throughput 0.0670 Mops
1, throughput 0.0672 Mops
1, throughput 0.0677 Mops
1, throughput 0.0675 Mops
1, throughput 0.0674 Mops
1, throughput 0.0676 Mops
1, throughput 0.0668 Mops
1, throughput 0.0675 Mops
1, throughput 0.0686 Mops
1, throughput 0.0678 Mops
1, throughput 0.0683 Mops
1, throughput 0.0675 Mops
1, throughput 0.0668 Mops
1, throughput 0.0681 Mops
1, throughput 0.0667 Mops
1, throughput 0.0674 Mops
1, throughput 0.0673 Mops
1, throughput 0.0676 Mops
1, throughput 0.0669 Mops
1, throughput 0.0679 Mops
1, throughput 0.0668 Mops
1, throughput 0.0678 Mops
1, throughput 0.0669 Mops
1, throughput 0.0670 Mops
1, throughput 0.0674 Mops
1, throughput 0.0668 Mops
1, throughput 0.0671 Mops
1, throughput 0.0675 Mops
1, throughput 0.0672 Mops
1, throughput 0.0672 Mops
1, throughput 0.0676 Mops
1, throughput 0.0676 Mops
1, throughput 0.0679 Mops
1, throughput 0.0673 Mops
1, throughput 0.0672 Mops
1, throughput 0.0681 Mops
1, throughput 0.0671 Mops
1, throughput 0.0672 Mops
1, throughput 0.0678 Mops
1, throughput 0.0672 Mops
1, throughput 0.0671 Mops
1, throughput 0.0671 Mops
1, throughput 0.0678 Mops
1, throughput 0.0672 Mops
1, throughput 0.0682 Mops
1, throughput 0.0677 Mops
1, throughput 0.0677 Mops
1, throughput 0.0671 Mops
1, throughput 0.0672 Mops
1, throughput 0.0675 Mops
1, throughput 0.0674 Mops
1, throughput 0.0680 Mops
1, throughput 0.0669 Mops
1, throughput 0.0669 Mops
1, throughput 0.0671 Mops
1, throughput 0.0673 Mops
1, throughput 0.0672 Mops
1, throughput 0.0678 Mops
1, throughput 0.0675 Mops
1, throughput 0.0671 Mops
1, throughput 0.0677 Mops
1, throughput 0.0678 Mops
1, throughput 0.0672 Mops
1, throughput 0.0673 Mops
1, throughput 0.0680 Mops
1, throughput 0.0668 Mops
1, throughput 0.0679 Mops
1, throughput 0.0678 Mops
1, throughput 0.0681 Mops
1, throughput 0.0684 Mops
1, throughput 0.0669 Mops
1, throughput 0.0675 Mops
1, throughput 0.0670 Mops
1, throughput 0.0668 Mops
1, throughput 0.0670 Mops
1, throughput 0.0672 Mops
1, throughput 0.0676 Mops
1, throughput 0.0673 Mops
1, throughput 0.0674 Mops
1, throughput 0.0678 Mops
1, throughput 0.0676 Mops
1, throughput 0.0676 Mops
1, throughput 0.0675 Mops
1, throughput 0.0675 Mops
1, throughput 0.0675 Mops
1, throughput 0.0679 Mops
1, throughput 0.0675 Mops
1, throughput 0.0678 Mops
1, throughput 0.0672 Mops
1, throughput 0.0676 Mops
1, throughput 0.0671 Mops
1, throughput 0.0674 Mops
1, throughput 0.0671 Mops
1, throughput 0.0678 Mops
1, throughput 0.0671 Mops
1, throughput 0.0668 Mops
1, throughput 0.0671 Mops
1, throughput 0.0671 Mops
1, throughput 0.0670 Mops
1, throughput 0.0677 Mops
1, throughput 0.0673 Mops
1, throughput 0.0677 Mops
1, throughput 0.0670 Mops
1, throughput 0.0672 Mops
1, throughput 0.0670 Mops
1, throughput 0.0670 Mops
1, throughput 0.0675 Mops
1, throughput 0.0674 Mops
1, throughput 0.0674 Mops
1, throughput 0.0674 Mops
1, throughput 0.0676 Mops
1, throughput 0.0670 Mops
1, throughput 0.0673 Mops
1, throughput 0.0673 Mops
1, throughput 0.0675 Mops
1, throughput 0.0663 Mops
1, throughput 0.0673 Mops
1, throughput 0.0672 Mops
1, throughput 0.0677 Mops
1, throughput 0.0677 Mops
1, throughput 0.0674 Mops
1, throughput 0.0673 Mops
1, throughput 0.0678 Mops
1, throughput 0.0673 Mops
1, throughput 0.0674 Mops
1, throughput 0.0676 Mops
1, throughput 0.0670 Mops
1, throughput 0.0671 Mops
1, throughput 0.0670 Mops
1, throughput 0.0676 Mops
1, throughput 0.0670 Mops
1, throughput 0.0683 Mops
1, throughput 0.0679 Mops
1, throughput 0.0673 Mops
1, throughput 0.0676 Mops
1, throughput 0.0676 Mops
1, throughput 0.0662 Mops
1, throughput 0.0672 Mops
1, throughput 0.0677 Mops
1, throughput 0.0671 Mops
1, throughput 0.0673 Mops
1, throughput 0.0676 Mops
1, throughput 0.0671 Mops
1, throughput 0.0677 Mops
1, throughput 0.0673 Mops
1, throughput 0.0672 Mops
1, throughput 0.0676 Mops
1, throughput 0.0673 Mops
1, throughput 0.0672 Mops
1, throughput 0.0670 Mops
1, throughput 0.0680 Mops
1, throughput 0.0671 Mops
1, throughput 0.0677 Mops
1, throughput 0.0671 Mops
1, throughput 0.0676 Mops
1, throughput 0.0671 Mops
1, throughput 0.0678 Mops
1, throughput 0.0666 Mops
1, throughput 0.0675 Mops
1, throughput 0.0676 Mops
1, throughput 0.0674 Mops
1, throughput 0.0679 Mops
1, throughput 0.0672 Mops
1, throughput 0.0677 Mops
1, throughput 0.0681 Mops
1, throughput 0.0673 Mops
1, throughput 0.0673 Mops
1, throughput 0.0675 Mops
1, throughput 0.0672 Mops
1, throughput 0.0673 Mops
1, throughput 0.0673 Mops
1, throughput 0.0672 Mops
1, throughput 0.0671 Mops
1, throughput 0.0677 Mops
1, throughput 0.0671 Mops
1, throughput 0.0669 Mops
1, throughput 0.0674 Mops
1, throughput 0.0667 Mops
1, throughput 0.0669 Mops
1, throughput 0.0685 Mops
1, throughput 0.0668 Mops
1, throughput 0.0676 Mops
1, throughput 0.0675 Mops
1, throughput 0.0675 Mops
1, throughput 0.0675 Mops
1, throughput 0.0678 Mops
1, throughput 0.0674 Mops
1, throughput 0.0678 Mops
1, throughput 0.0674 Mops
1, throughput 0.0677 Mops
1, throughput 0.0674 Mops
1, throughput 0.0676 Mops
1, throughput 0.0673 Mops
1, throughput 0.0669 Mops
1, throughput 0.0671 Mops
1, throughput 0.0675 Mops
1, throughput 0.0673 Mops
1, throughput 0.0673 Mops
1, throughput 0.0671 Mops
1, throughput 0.0676 Mops
1, throughput 0.0673 Mops
1, throughput 0.0675 Mops
1, throughput 0.0675 Mops
1, throughput 0.0680 Mops
1, throughput 0.0666 Mops
1, throughput 0.0673 Mops
1, throughput 0.0676 Mops
1, throughput 0.0679 Mops
1, throughput 0.0672 Mops
1, throughput 0.0676 Mops
1, throughput 0.0672 Mops
1, throughput 0.0674 Mops
1, throughput 0.0672 Mops
1, throughput 0.0678 Mops
1, throughput 0.0672 Mops
1, throughput 0.0671 Mops
1, throughput 0.0673 Mops
1, throughput 0.0674 Mops
1, throughput 0.0673 Mops
1, throughput 0.0665 Mops
1, throughput 0.0676 Mops
1, throughput 0.0678 Mops
1, throughput 0.0678 Mops
1, throughput 0.0672 Mops
1, throughput 0.0674 Mops
1, throughput 0.0673 Mops
1, throughput 0.0677 Mops
1, throughput 0.0682 Mops
1, throughput 0.0676 Mops
1, throughput 0.0672 Mops
1, throughput 0.0675 Mops
1, throughput 0.0674 Mops
1, throughput 0.0671 Mops
1, throughput 0.0674 Mops
1, throughput 0.0679 Mops
1, throughput 0.0668 Mops
1, throughput 0.0677 Mops
1, throughput 0.0678 Mops
1, throughput 0.0670 Mops
1, throughput 0.0674 Mops
1, throughput 0.0669 Mops
1, throughput 0.0669 Mops
1, throughput 0.0676 Mops
1, throughput 0.0675 Mops
1, throughput 0.0671 Mops
1, throughput 0.0678 Mops
1, throughput 0.0664 Mops
1, throughput 0.0669 Mops
1, throughput 0.0675 Mops
1, throughput 0.0678 Mops
1, throughput 0.0673 Mops
1, throughput 0.0686 Mops
1, throughput 0.0672 Mops
1, throughput 0.0669 Mops
1, throughput 0.0677 Mops
1, throughput 0.0680 Mops
1, throughput 0.0673 Mops
1, throughput 0.0676 Mops
1, throughput 0.0675 Mops
1, throughput 0.0674 Mops
1, throughput 0.0669 Mops
1, throughput 0.0676 Mops
1, throughput 0.0674 Mops
1, throughput 0.0672 Mops
1, throughput 0.0675 Mops
1, throughput 0.0676 Mops
1, throughput 0.0677 Mops
1, throughput 0.0679 Mops
1, throughput 0.0677 Mops
1, throughput 0.0676 Mops
1, throughput 0.0675 Mops
1, throughput 0.0676 Mops
1, throughput 0.0679 Mops
1, throughput 0.0679 Mops
1, throughput 0.0678 Mops
1, throughput 0.0675 Mops
1, throughput 0.0673 Mops
1, throughput 0.0675 Mops
1, throughput 0.0671 Mops
1, throughput 0.0668 Mops
1, throughput 0.0677 Mops
1, throughput 0.0667 Mops
1, throughput 0.0674 Mops
1, throughput 0.0672 Mops
1, throughput 0.0671 Mops
1, throughput 0.0677 Mops
1, throughput 0.0675 Mops
1, throughput 0.0677 Mops
1, throughput 0.0679 Mops
1, throughput 0.0672 Mops
1, throughput 0.0678 Mops
1, throughput 0.0674 Mops
1, throughput 0.0673 Mops
1, throughput 0.0677 Mops
1, throughput 0.0677 Mops
1, throughput 0.0674 Mops
1, throughput 0.0670 Mops
1, throughput 0.0676 Mops
1, throughput 0.0672 Mops
1, throughput 0.0676 Mops
1, throughput 0.0674 Mops
1, throughput 0.0669 Mops
1, throughput 0.0674 Mops
1, throughput 0.0674 Mops
1, throughput 0.0680 Mops
1, throughput 0.0671 Mops
1, throughput 0.0675 Mops
1, throughput 0.0681 Mops
1, throughput 0.0675 Mops
1, throughput 0.0676 Mops
1, throughput 0.0676 Mops
1, throughput 0.0676 Mops
1, throughput 0.0667 Mops
1, throughput 0.0673 Mops
1, throughput 0.0675 Mops
1, throughput 0.0671 Mops
1, throughput 0.0674 Mops
1, throughput 0.0677 Mops
1, throughput 0.0673 Mops
1, throughput 0.0673 Mops
1, throughput 0.0677 Mops
1, throughput 0.0673 Mops
1, throughput 0.0673 Mops
1, throughput 0.0675 Mops
1, throughput 0.0676 Mops
1, throughput 0.0673 Mops
1, throughput 0.0672 Mops
1, throughput 0.0679 Mops
1, throughput 0.0670 Mops
1, throughput 0.0673 Mops
1, throughput 0.0673 Mops
1, throughput 0.0676 Mops
1, throughput 0.0675 Mops
1, throughput 0.0678 Mops
1, throughput 0.0672 Mops
1, throughput 0.0668 Mops
1, throughput 0.0673 Mops
1, throughput 0.0670 Mops
1, throughput 0.0672 Mops
1, throughput 0.0667 Mops
1, throughput 0.0672 Mops
1, throughput 0.0670 Mops
1, throughput 0.0676 Mops
1, throughput 0.0671 Mops
1, throughput 0.0669 Mops
1, throughput 0.0674 Mops
1, throughput 0.0673 Mops
1, throughput 0.0671 Mops
1, throughput 0.0673 Mops
1, throughput 0.0675 Mops
1, throughput 0.0672 Mops
1, throughput 0.0672 Mops
1, throughput 0.0677 Mops
1, throughput 0.0669 Mops
1, throughput 0.0674 Mops
1, throughput 0.0674 Mops
1, throughput 0.0677 Mops
1, throughput 0.0676 Mops
1, throughput 0.0673 Mops
1, throughput 0.0669 Mops
1, throughput 0.0683 Mops
1, throughput 0.0670 Mops
1, throughput 0.0678 Mops
1, throughput 0.0673 Mops
1, throughput 0.0675 Mops
1, throughput 0.0676 Mops
1, throughput 0.0671 Mops
1, throughput 0.0667 Mops
1, throughput 0.0673 Mops
1, throughput 0.0672 Mops
1, throughput 0.0672 Mops
1, throughput 0.0674 Mops
1, throughput 0.0678 Mops
1, throughput 0.0673 Mops
1, throughput 0.0675 Mops
1, throughput 0.0677 Mops
1, throughput 0.0667 Mops
1, throughput 0.0669 Mops
1, throughput 0.0674 Mops
1, throughput 0.0674 Mops
1, throughput 0.0677 Mops
1, throughput 0.0673 Mops
1, throughput 0.0674 Mops
1, throughput 0.0679 Mops
1, throughput 0.0671 Mops
1, throughput 0.0667 Mops
1, throughput 0.0675 Mops
1, throughput 0.0676 Mops
1, throughput 0.0681 Mops
1, throughput 0.0671 Mops
1, throughput 0.0670 Mops
1, throughput 0.0675 Mops
1, throughput 0.0674 Mops
1, throughput 0.0677 Mops
1, throughput 0.0678 Mops
1, throughput 0.0675 Mops
1, throughput 0.0671 Mops
1, throughput 0.0671 Mops
1, throughput 0.0674 Mops
1, throughput 0.0679 Mops
1, throughput 0.0673 Mops
1, throughput 0.0676 Mops
1, throughput 0.0672 Mops
1, throughput 0.0674 Mops
1, throughput 0.0673 Mops
1, throughput 0.0668 Mops
1, throughput 0.0677 Mops
1, throughput 0.0674 Mops
1, throughput 0.0672 Mops
1, throughput 0.0673 Mops
1, throughput 0.0671 Mops
1, throughput 0.0669 Mops
1, throughput 0.0677 Mops
1, throughput 0.0677 Mops
1, throughput 0.0668 Mops
1, throughput 0.0676 Mops
1, throughput 0.0674 Mops
1, throughput 0.0676 Mops
1, throughput 0.0679 Mops
1, throughput 0.0675 Mops
1, throughput 0.0679 Mops
1, throughput 0.0679 Mops
1, throughput 0.0680 Mops
1, throughput 0.0670 Mops
1, throughput 0.0675 Mops
1, throughput 0.0668 Mops
1, throughput 0.0667 Mops
1, throughput 0.0680 Mops
1, throughput 0.0676 Mops
1, throughput 0.0675 Mops
1, throughput 0.0674 Mops
1, throughput 0.0673 Mops
1, throughput 0.0671 Mops
1, throughput 0.0672 Mops
1, throughput 0.0680 Mops
1, throughput 0.0676 Mops
1, throughput 0.0667 Mops
1, throughput 0.0674 Mops
1, throughput 0.0668 Mops
1, throughput 0.0673 Mops
1, throughput 0.0672 Mops
1, throughput 0.0674 Mops
1, throughput 0.0673 Mops
1, throughput 0.0673 Mops
1, throughput 0.0677 Mops
1, throughput 0.0671 Mops
1, throughput 0.0674 Mops
1, throughput 0.0671 Mops
1, throughput 0.0676 Mops
1, throughput 0.0677 Mops
1, throughput 0.0674 Mops
1, throughput 0.0675 Mops
1, throughput 0.0673 Mops
1, throughput 0.0676 Mops
1, throughput 0.0670 Mops
1, throughput 0.0683 Mops
1, throughput 0.0676 Mops
1, throughput 0.0673 Mops
1, throughput 0.0675 Mops
1, throughput 0.0677 Mops
1, throughput 0.0673 Mops
1, throughput 0.0667 Mops
1, throughput 0.0678 Mops
1, throughput 0.0672 Mops
1, throughput 0.0672 Mops
1, throughput 0.0677 Mops
1, throughput 0.0676 Mops
1, throughput 0.0674 Mops
1, throughput 0.0673 Mops
1, throughput 0.0671 Mops
1, throughput 0.0671 Mops
1, throughput 0.0669 Mops
1, throughput 0.0677 Mops
1, throughput 0.0671 Mops
1, throughput 0.0674 Mops
1, throughput 0.0680 Mops
1, throughput 0.0676 Mops
1, throughput 0.0670 Mops
1, throughput 0.0677 Mops
1, throughput 0.0667 Mops
1, throughput 0.0675 Mops
1, throughput 0.0670 Mops
1, throughput 0.0671 Mops
1, throughput 0.0677 Mops
1, throughput 0.0673 Mops
1, throughput 0.0674 Mops
1, throughput 0.0674 Mops
1, throughput 0.0672 Mops
1, throughput 0.0677 Mops
1, throughput 0.0678 Mops
1, throughput 0.0673 Mops
1, throughput 0.0675 Mops
1, throughput 0.0676 Mops
1, throughput 0.0669 Mops
1, throughput 0.0679 Mops
1, throughput 0.0678 Mops
1, throughput 0.0678 Mops
1, throughput 0.0671 Mops
1, throughput 0.0676 Mops
1, throughput 0.0669 Mops
1, throughput 0.0673 Mops
1, throughput 0.0677 Mops
1, throughput 0.0676 Mops
1, throughput 0.0679 Mops
1, throughput 0.0683 Mops
1, throughput 0.0676 Mops
1, throughput 0.0672 Mops
1, throughput 0.0672 Mops
1, throughput 0.0666 Mops
1, throughput 0.0676 Mops
1, throughput 0.0678 Mops
1, throughput 0.0675 Mops
1, throughput 0.0672 Mops
1, throughput 0.0677 Mops
1, throughput 0.0677 Mops
1, throughput 0.0673 Mops
1, throughput 0.0669 Mops
1, throughput 0.0675 Mops
1, throughput 0.0679 Mops
1, throughput 0.0676 Mops
1, throughput 0.0672 Mops
1, throughput 0.0681 Mops
1, throughput 0.0677 Mops
1, throughput 0.0678 Mops
1, throughput 0.0676 Mops
1, throughput 0.0680 Mops
1, throughput 0.0674 Mops
1, throughput 0.0677 Mops
1, throughput 0.0678 Mops
1, throughput 0.0666 Mops
1, throughput 0.0674 Mops
1, throughput 0.0674 Mops
1, throughput 0.0680 Mops
1, throughput 0.0673 Mops
1, throughput 0.0670 Mops
1, throughput 0.0671 Mops
1, throughput 0.0670 Mops
1, throughput 0.0678 Mops
1, throughput 0.0676 Mops
1, throughput 0.0681 Mops
1, throughput 0.0680 Mops
1, throughput 0.0677 Mops
1, throughput 0.0674 Mops
1, throughput 0.0679 Mops
1, throughput 0.0671 Mops
1, throughput 0.0674 Mops
1, throughput 0.0671 Mops
1, throughput 0.0672 Mops
1, throughput 0.0674 Mops
1, throughput 0.0675 Mops
1, throughput 0.0664 Mops
1, throughput 0.0670 Mops
1, throughput 0.0672 Mops
1, throughput 0.0671 Mops
1, throughput 0.0675 Mops
1, throughput 0.0676 Mops
1, throughput 0.0675 Mops
1, throughput 0.0670 Mops
1, throughput 0.0675 Mops
1, throughput 0.0671 Mops
1, throughput 0.0673 Mops
1, throughput 0.0675 Mops
1, throughput 0.0678 Mops
1, throughput 0.0672 Mops
1, throughput 0.0676 Mops
1, throughput 0.0683 Mops
1, throughput 0.0673 Mops
1, throughput 0.0674 Mops
1, throughput 0.0675 Mops
1, throughput 0.0672 Mops
1, throughput 0.0665 Mops
1, throughput 0.0672 Mops
1, throughput 0.0675 Mops
1, throughput 0.0678 Mops
1, throughput 0.0674 Mops
1, throughput 0.0677 Mops
1, throughput 0.0678 Mops
1, throughput 0.0675 Mops
1, throughput 0.0677 Mops
1, throughput 0.0673 Mops
1, throughput 0.0672 Mops
1, throughput 0.0680 Mops
1, throughput 0.0672 Mops
1, throughput 0.0678 Mops
1, throughput 0.0682 Mops
1, throughput 0.0675 Mops
1, throughput 0.0673 Mops
1, throughput 0.0673 Mops
1, throughput 0.0672 Mops
1, throughput 0.0669 Mops
1, throughput 0.0673 Mops
1, throughput 0.0675 Mops
1, throughput 0.0676 Mops
1, throughput 0.0673 Mops
1, throughput 0.0675 Mops
1, throughput 0.0671 Mops
1, throughput 0.0680 Mops
1, throughput 0.0674 Mops
1, throughput 0.0672 Mops
1, throughput 0.0683 Mops
1, throughput 0.0673 Mops
1, throughput 0.0679 Mops
1, throughput 0.0674 Mops
1, throughput 0.0673 Mops
1, throughput 0.0676 Mops
1, throughput 0.0675 Mops
1, throughput 0.0670 Mops
1, throughput 0.0677 Mops
1, throughput 0.0672 Mops
1, throughput 0.0680 Mops
1, throughput 0.0681 Mops
1, throughput 0.0668 Mops
1, throughput 0.0660 Mops
1, throughput 0.0674 Mops
1, throughput 0.0677 Mops
1, throughput 0.0672 Mops
1, throughput 0.0675 Mops
1, throughput 0.0676 Mops
1, throughput 0.0677 Mops
1, throughput 0.0670 Mops
1, throughput 0.0678 Mops
1, throughput 0.0674 Mops
1, throughput 0.0678 Mops
1, throughput 0.0675 Mops
1, throughput 0.0679 Mops
1, throughput 0.0678 Mops
1, throughput 0.0677 Mops
1, throughput 0.0670 Mops
1, throughput 0.0667 Mops
1, throughput 0.0672 Mops
1, throughput 0.0675 Mops
1, throughput 0.0672 Mops
1, throughput 0.0670 Mops
1, throughput 0.0672 Mops
1, throughput 0.0676 Mops
1, throughput 0.0673 Mops
1, throughput 0.0676 Mops
1, throughput 0.0672 Mops
1, throughput 0.0674 Mops
1, throughput 0.0675 Mops
1, throughput 0.0681 Mops
1, throughput 0.0669 Mops
1, throughput 0.0679 Mops
1, throughput 0.0680 Mops
1, throughput 0.0678 Mops
1, throughput 0.0667 Mops
1, throughput 0.0669 Mops
1, throughput 0.0672 Mops
1, throughput 0.0678 Mops
1, throughput 0.0680 Mops
1, throughput 0.0674 Mops
1, throughput 0.0670 Mops
1, throughput 0.0677 Mops
1, throughput 0.0668 Mops
1, throughput 0.0680 Mops
1, throughput 0.0679 Mops
1, throughput 0.0674 Mops
1, throughput 0.0674 Mops
1, throughput 0.0679 Mops
1, throughput 0.0678 Mops
1, throughput 0.0670 Mops
1, throughput 0.0675 Mops
1, throughput 0.0674 Mops
1, throughput 0.0676 Mops
1, throughput 0.0676 Mops
1, throughput 0.0675 Mops
1, throughput 0.0674 Mops
1, throughput 0.0685 Mops
1, throughput 0.0667 Mops
1, throughput 0.0673 Mops
1, throughput 0.0670 Mops
1, throughput 0.0675 Mops
1, throughput 0.0679 Mops
1, throughput 0.0669 Mops
1, throughput 0.0672 Mops
1, throughput 0.0673 Mops
1, throughput 0.0673 Mops
1, throughput 0.0670 Mops
1, throughput 0.0678 Mops
1, throughput 0.0676 Mops
1, throughput 0.0679 Mops
1, throughput 0.0677 Mops
1, throughput 0.0671 Mops
1, throughput 0.0669 Mops
1, throughput 0.0677 Mops
1, throughput 0.0675 Mops
1, throughput 0.0671 Mops
1, throughput 0.0673 Mops
1, throughput 0.0673 Mops
1, throughput 0.0676 Mops
1, throughput 0.0667 Mops
1, throughput 0.0668 Mops
1, throughput 0.0674 Mops
1, throughput 0.0677 Mops
1, throughput 0.0674 Mops
1, throughput 0.0672 Mops
1, throughput 0.0671 Mops
1, throughput 0.0676 Mops
1, throughput 0.0678 Mops
1, throughput 0.0677 Mops
1, throughput 0.0672 Mops
1, throughput 0.0675 Mops
1, throughput 0.0681 Mops
1, throughput 0.0676 Mops
1, throughput 0.0678 Mops
1, throughput 0.0673 Mops
1, throughput 0.0680 Mops
1, throughput 0.0675 Mops
1, throughput 0.0670 Mops
1, throughput 0.0676 Mops
1, throughput 0.0667 Mops
1, throughput 0.0675 Mops
1, throughput 0.0677 Mops
1, throughput 0.0671 Mops
1, throughput 0.0672 Mops
1, throughput 0.0664 Mops
1, throughput 0.0674 Mops
1, throughput 0.0677 Mops
1, throughput 0.0675 Mops
1, throughput 0.0677 Mops
1, throughput 0.0672 Mops
1, throughput 0.0670 Mops
1, throughput 0.0674 Mops
1, throughput 0.0676 Mops
1, throughput 0.0680 Mops
1, throughput 0.0675 Mops
1, throughput 0.0677 Mops
1, throughput 0.0679 Mops
1, throughput 0.0674 Mops
1, throughput 0.0674 Mops
1, throughput 0.0670 Mops
1, throughput 0.0678 Mops
1, throughput 0.0674 Mops
1, throughput 0.0676 Mops
1, throughput 0.0667 Mops
1, throughput 0.0669 Mops
1, throughput 0.0674 Mops
1, throughput 0.0673 Mops
1, throughput 0.0685 Mops
1, throughput 0.0677 Mops
1, throughput 0.0672 Mops
1, throughput 0.0676 Mops
1, throughput 0.0671 Mops
1, throughput 0.0682 Mops
1, throughput 0.0677 Mops
1, throughput 0.0672 Mops
1, throughput 0.0675 Mops
1, throughput 0.0671 Mops
1, throughput 0.0675 Mops
1, throughput 0.0669 Mops
1, throughput 0.0683 Mops
1, throughput 0.0674 Mops
1, throughput 0.0678 Mops
1, throughput 0.0685 Mops
1, throughput 0.0691 Mops
1, throughput 0.0682 Mops
1, throughput 0.0675 Mops
1, throughput 0.0682 Mops
1, throughput 0.0685 Mops
1, throughput 0.0688 Mops
1, throughput 0.0695 Mops
1, throughput 0.0686 Mops
1, throughput 0.0692 Mops
1, throughput 0.0690 Mops
1, throughput 0.0687 Mops
1, throughput 0.0689 Mops
1, throughput 0.0699 Mops
1, throughput 0.0699 Mops
1, throughput 0.0696 Mops
1, throughput 0.0690 Mops
1, throughput 0.0690 Mops
1, throughput 0.0690 Mops
1, throughput 0.0698 Mops
1, throughput 0.0693 Mops
1, throughput 0.0695 Mops
1, throughput 0.0695 Mops
1, throughput 0.0693 Mops
1, throughput 0.0683 Mops
1, throughput 0.0693 Mops
1, throughput 0.0701 Mops
1, throughput 0.0678 Mops
1, throughput 0.0668 Mops
1, throughput 0.0646 Mops
1, throughput 0.0623 Mops
1, throughput 0.0575 Mops
1, throughput 0.0491 Mops
1, throughput 0.0437 Mops
1, throughput 0.0404 Mops
1, throughput 0.0381 Mops
1, throughput 0.0369 Mops
1, throughput 0.0353 Mops
1, throughput 0.0292 Mops
1, throughput 0.0259 Mops
1, throughput 0.0261 Mops
1, throughput 0.0241 Mops
1, throughput 0.0228 Mops
1, throughput 0.0228 Mops
1, throughput 0.0229 Mops
1, throughput 0.0226 Mops
1, throughput 0.0230 Mops
1, throughput 0.0231 Mops
1, throughput 0.0228 Mops
1, throughput 0.0226 Mops
1, throughput 0.0231 Mops
1, throughput 0.0227 Mops
1, throughput 0.0227 Mops
1, throughput 0.0227 Mops
1, throughput 0.0226 Mops
1, throughput 0.0229 Mops
1, throughput 0.0227 Mops
1, throughput 0.0227 Mops
1, throughput 0.0223 Mops
1, throughput 0.0227 Mops
1, throughput 0.0227 Mops
1, throughput 0.0230 Mops
1, throughput 0.0227 Mops
1, throughput 0.0226 Mops
1, throughput 0.0226 Mops
1, throughput 0.0228 Mops
1, throughput 0.0225 Mops
1, throughput 0.0233 Mops
1, throughput 0.0227 Mops
1, throughput 0.0227 Mops
1, throughput 0.0223 Mops
1, throughput 0.0226 Mops
1, throughput 0.0229 Mops
1, throughput 0.0227 Mops
1, throughput 0.0227 Mops
1, throughput 0.0225 Mops
1, throughput 0.0223 Mops
1, throughput 0.0225 Mops
1, throughput 0.0227 Mops
1, throughput 0.0223 Mops
1, throughput 0.0224 Mops
1, throughput 0.0227 Mops
1, throughput 0.0223 Mops
1, throughput 0.0225 Mops
1, throughput 0.0227 Mops
1, throughput 0.0229 Mops
1, throughput 0.0225 Mops
1, throughput 0.0232 Mops
1, throughput 0.0227 Mops
1, throughput 0.0229 Mops
1, throughput 0.0227 Mops
1, throughput 0.0228 Mops
1, throughput 0.0232 Mops
1, throughput 0.0227 Mops
1, throughput 0.0227 Mops
1, throughput 0.0229 Mops
1, throughput 0.0228 Mops
1, throughput 0.0229 Mops
1, throughput 0.0228 Mops
1, throughput 0.0233 Mops
1, throughput 0.0230 Mops
1, throughput 0.0224 Mops
1, throughput 0.0226 Mops
1, throughput 0.0226 Mops
1, throughput 0.0226 Mops
1, throughput 0.0227 Mops
1, throughput 0.0230 Mops
1, throughput 0.0227 Mops
1, throughput 0.0228 Mops
1, throughput 0.0231 Mops
1, throughput 0.0226 Mops
1, throughput 0.0225 Mops
1, throughput 0.0226 Mops
1, throughput 0.0231 Mops
1, throughput 0.0229 Mops
1, throughput 0.0225 Mops
1, throughput 0.0226 Mops
1, throughput 0.0226 Mops
1, throughput 0.0227 Mops
1, throughput 0.0229 Mops
1, throughput 0.0230 Mops
1, throughput 0.0231 Mops
1, throughput 0.0230 Mops
1, throughput 0.0225 Mops
1, throughput 0.0227 Mops
1, throughput 0.0227 Mops
1, throughput 0.0231 Mops
1, throughput 0.0227 Mops
1, throughput 0.0230 Mops
1, throughput 0.0227 Mops
1, throughput 0.0229 Mops
1, throughput 0.0230 Mops
1, throughput 0.0230 Mops
1, throughput 0.0231 Mops
1, throughput 0.0230 Mops
1, throughput 0.0237 Mops
1, throughput 0.0235 Mops
1, throughput 0.0234 Mops
1, throughput 0.0232 Mops
1, throughput 0.0236 Mops
1, throughput 0.0235 Mops
1, throughput 0.0234 Mops
1, throughput 0.0233 Mops
1, throughput 0.0236 Mops
1, throughput 0.0237 Mops
1, throughput 0.0230 Mops
1, throughput 0.0238 Mops
1, throughput 0.0237 Mops
1, throughput 0.0234 Mops
1, throughput 0.0236 Mops
1, throughput 0.0237 Mops
1, throughput 0.0234 Mops
1, throughput 0.0233 Mops
1, throughput 0.0231 Mops
1, throughput 0.0235 Mops
1, throughput 0.0235 Mops
1, throughput 0.0232 Mops
1, throughput 0.0236 Mops
1, throughput 0.0234 Mops
1, throughput 0.0223 Mops
1, throughput 0.0207 Mops
1, throughput 0.0212 Mops
1, throughput 0.0206 Mops
1, throughput 0.0208 Mops
1, throughput 0.0212 Mops
1, throughput 0.0208 Mops
1, throughput 0.0203 Mops
1, throughput 0.0209 Mops
1, throughput 0.0206 Mops
1, throughput 0.0208 Mops
1, throughput 0.0209 Mops
1, throughput 0.0208 Mops
1, throughput 0.0208 Mops
1, throughput 0.0213 Mops
1, throughput 0.0207 Mops
1, throughput 0.0186 Mops
1, throughput 0.0145 Mops
1, throughput 0.0128 Mops
1, throughput 0.0104 Mops
1, throughput 0.0076 Mops
1, throughput 0.0063 Mops
1, throughput 0.0063 Mops
1, throughput 0.0063 Mops
1, throughput 0.0042 Mops
1, throughput 0.0030 Mops
[RESULT node 1] ops=49999992 elapsed=792.645s throughput=0.0631 Mops mode=op-bounded

==================== LATENCY BUCKETS (500 ns) [node 1] ====================
[RANGE]
  ALL                n=47916659   mean=  354.65us  p50=  75.50us  p90= 784.50us  p99= 887.00us  p99.9= 962.00us  max>=1000.00us
  DIRECT (1-sided)   n=47916659   mean=  354.65us  p50=  75.50us  p90= 784.50us  p99= 887.00us  p99.9= 962.00us  max>=1000.00us
  OFFLOAD (rpc)             (no samples)
[ALL OPS]
  ALL                n=47916659   mean=  354.65us  p50=  75.50us  p90= 784.50us  p99= 887.00us  p99.9= 962.00us  max>=1000.00us
  DIRECT (1-sided)   n=47916659   mean=  354.65us  p50=  75.50us  p90= 784.50us  p99= 887.00us  p99.9= 962.00us  max>=1000.00us
  OFFLOAD (rpc)             (no samples)

----- 500 ns bucket CDF (all ops) [node 1] -----
  bucket [lo,hi) ns             count        pct       cdf
  [    10000,    10500)            1    0.0000%   0.0000%
  [    10500,    11000)            2    0.0000%   0.0000%
  [    11000,    11500)            1    0.0000%   0.0000%
  [    25500,    26000)            1    0.0000%   0.0000%
  [    40500,    41000)            2    0.0000%   0.0000%
  [    41500,    42000)            4    0.0000%   0.0000%
  [    42000,    42500)           10    0.0000%   0.0000%
  [    42500,    43000)           27    0.0001%   0.0001%
  [    43000,    43500)           94    0.0002%   0.0003%
  [    43500,    44000)          236    0.0005%   0.0008%
  [    44000,    44500)          576    0.0012%   0.0020%
  [    44500,    45000)         1125    0.0023%   0.0043%
  [    45000,    45500)         2137    0.0045%   0.0088%
  [    45500,    46000)         4432    0.0092%   0.0180%
  [    46000,    46500)         8311    0.0173%   0.0354%
  [    46500,    47000)        13273    0.0277%   0.0631%
  [    47000,    47500)        19391    0.0405%   0.1036%
  [    47500,    48000)        29051    0.0606%   0.1642%
  [    48000,    48500)        43622    0.0910%   0.2552%
  [    48500,    49000)        62097    0.1296%   0.3848%
  [    49000,    49500)        83695    0.1747%   0.5595%
  [    49500,    50000)       107364    0.2241%   0.7836%
  [    50000,    50500)       136615    0.2851%   1.0687%
  [    50500,    51000)       180525    0.3767%   1.4454%
  [    51000,    51500)       246122    0.5136%   1.9591%
  [    51500,    52000)       330358    0.6894%   2.6485%
  [    52000,    52500)       413593    0.8632%   3.5116%
  [    52500,    53000)       481981    1.0059%   4.5175%
  [    53000,    53500)       524188    1.0940%   5.6115%
  [    53500,    54000)       534230    1.1149%   6.7264%
  [    54000,    54500)       527032    1.0999%   7.8263%
  [    54500,    55000)       512363    1.0693%   8.8956%
  [    55000,    55500)       515132    1.0751%   9.9706%
  [    55500,    56000)       550634    1.1491%  11.1198%
  [    56000,    56500)       622142    1.2984%  12.4182%
  [    56500,    57000)       709856    1.4814%  13.8996%
  [    57000,    57500)       782370    1.6328%  15.5324%
  [    57500,    58000)       829636    1.7314%  17.2638%
  [    58000,    58500)       836482    1.7457%  19.0095%
  [    58500,    59000)       809275    1.6889%  20.6984%
  [    59000,    59500)       763919    1.5943%  22.2927%
  [    59500,    60000)       717897    1.4982%  23.7909%
  [    60000,    60500)       682326    1.4240%  25.2149%
  [    60500,    61000)       665949    1.3898%  26.6047%
  [    61000,    61500)       651609    1.3599%  27.9646%
  [    61500,    62000)       631643    1.3182%  29.2828%
  [    62000,    62500)       602437    1.2573%  30.5400%
  [    62500,    63000)       563620    1.1763%  31.7163%
  [    63000,    63500)       525692    1.0971%  32.8134%
  [    63500,    64000)       493397    1.0297%  33.8431%
  [    64000,    64500)       465724    0.9719%  34.8150%
  [    64500,    65000)       447047    0.9330%  35.7480%
  [    65000,    65500)       427315    0.8918%  36.6398%
  [    65500,    66000)       411726    0.8593%  37.4990%
  [    66000,    66500)       394048    0.8224%  38.3214%
  [    66500,    67000)       376100    0.7849%  39.1063%
  [    67000,    67500)       358460    0.7481%  39.8544%
  [    67500,    68000)       344159    0.7182%  40.5726%
  [    68000,    68500)       334241    0.6975%  41.2702%
  [    68500,    69000)       331874    0.6926%  41.9628%
  [    69000,    69500)       333234    0.6954%  42.6582%
  [    69500,    70000)       338593    0.7066%  43.3649%
  [    70000,    70500)       342670    0.7151%  44.0800%
  [    70500,    71000)       342378    0.7145%  44.7945%
  [    71000,    71500)       339519    0.7086%  45.5031%
  [    71500,    72000)       331466    0.6918%  46.1949%
  [    72000,    72500)       317499    0.6626%  46.8575%
  [    72500,    73000)       303267    0.6329%  47.4904%
  [    73000,    73500)       288938    0.6030%  48.0934%
  [    73500,    74000)       273363    0.5705%  48.6639%
  [    74000,    74500)       258741    0.5400%  49.2038%
  [    74500,    75000)       244966    0.5112%  49.7151%
  [    75000,    75500)       229102    0.4781%  50.1932%
  [    75500,    76000)       213211    0.4450%  50.6382%
  [    76000,    76500)       196213    0.4095%  51.0477%
  [    76500,    77000)       179111    0.3738%  51.4214%
  [    77000,    77500)       162218    0.3385%  51.7600%
  [    77500,    78000)       146503    0.3057%  52.0657%
  [    78000,    78500)       132762    0.2771%  52.3428%
  [    78500,    79000)       119598    0.2496%  52.5924%
  [    79000,    79500)       107627    0.2246%  52.8170%
  [    79500,    80000)        96894    0.2022%  53.0192%
  [    80000,    80500)        87338    0.1823%  53.2015%
  [    80500,    81000)        78746    0.1643%  53.3658%
  [    81000,    81500)        70824    0.1478%  53.5136%
  [    81500,    82000)        64722    0.1351%  53.6487%
  [    82000,    82500)        57611    0.1202%  53.7689%
  [    82500,    83000)        51924    0.1084%  53.8773%
  [    83000,    83500)        46703    0.0975%  53.9748%
  [    83500,    84000)        41857    0.0874%  54.0621%
  [    84000,    84500)        37482    0.0782%  54.1404%
  [    84500,    85000)        33088    0.0691%  54.2094%
  [    85000,    85500)        29692    0.0620%  54.2714%
  [    85500,    86000)        26258    0.0548%  54.3262%
  [    86000,    86500)        23310    0.0486%  54.3748%
  [    86500,    87000)        20283    0.0423%  54.4171%
  [    87000,    87500)        17788    0.0371%  54.4543%
  [    87500,    88000)        15726    0.0328%  54.4871%
  [    88000,    88500)        13585    0.0284%  54.5154%
  [    88500,    89000)        11883    0.0248%  54.5402%
  [    89000,    89500)        10452    0.0218%  54.5621%
  [    89500,    90000)         9017    0.0188%  54.5809%
  [    90000,    90500)         7887    0.0165%  54.5973%
  [    90500,    91000)         6753    0.0141%  54.6114%
  [    91000,    91500)         5910    0.0123%  54.6238%
  [    91500,    92000)         5139    0.0107%  54.6345%
  [    92000,    92500)         4512    0.0094%  54.6439%
  [    92500,    93000)         3972    0.0083%  54.6522%
  [    93000,    93500)         3567    0.0074%  54.6596%
  [    93500,    94000)         3016    0.0063%  54.6659%
  [    94000,    94500)         2701    0.0056%  54.6716%
  [    94500,    95000)         2454    0.0051%  54.6767%
  [    95000,    95500)         2140    0.0045%  54.6812%
  [    95500,    96000)         1981    0.0041%  54.6853%
  [    96000,    96500)         1765    0.0037%  54.6890%
  [    96500,    97000)         1552    0.0032%  54.6922%
  [    97000,    97500)         1477    0.0031%  54.6953%
  [    97500,    98000)         1292    0.0027%  54.6980%
  [    98000,    98500)         1168    0.0024%  54.7004%
  [    98500,    99000)         1091    0.0023%  54.7027%
  [    99000,    99500)          978    0.0020%  54.7047%
  [    99500,   100000)          923    0.0019%  54.7067%
  [   100000,   100500)          835    0.0017%  54.7084%
  [   100500,   101000)          809    0.0017%  54.7101%
  [   101000,   101500)          774    0.0016%  54.7117%
  [   101500,   102000)          729    0.0015%  54.7132%
  [   102000,   102500)          716    0.0015%  54.7147%
  [   102500,   103000)          676    0.0014%  54.7161%
  [   103000,   103500)          673    0.0014%  54.7175%
  [   103500,   104000)          683    0.0014%  54.7190%
  [   104000,   104500)          686    0.0014%  54.7204%
  [   104500,   105000)          670    0.0014%  54.7218%
  [   105000,   105500)          696    0.0015%  54.7233%
  [   105500,   106000)          666    0.0014%  54.7246%
  [   106000,   106500)          653    0.0014%  54.7260%
  [   106500,   107000)          690    0.0014%  54.7274%
  [   107000,   107500)          662    0.0014%  54.7288%
  [   107500,   108000)          677    0.0014%  54.7302%
  [   108000,   108500)          693    0.0014%  54.7317%
  [   108500,   109000)          762    0.0016%  54.7333%
  [   109000,   109500)          741    0.0015%  54.7348%
  [   109500,   110000)          724    0.0015%  54.7363%
  [   110000,   110500)          754    0.0016%  54.7379%
  [   110500,   111000)          793    0.0017%  54.7396%
  [   111000,   111500)          798    0.0017%  54.7412%
  [   111500,   112000)          857    0.0018%  54.7430%
  [   112000,   112500)          829    0.0017%  54.7447%
  [   112500,   113000)          785    0.0016%  54.7464%
  [   113000,   113500)          794    0.0017%  54.7480%
  [   113500,   114000)          853    0.0018%  54.7498%
  [   114000,   114500)          840    0.0018%  54.7516%
  [   114500,   115000)          828    0.0017%  54.7533%
  [   115000,   115500)          805    0.0017%  54.7550%
  [   115500,   116000)          936    0.0020%  54.7569%
  [   116000,   116500)          897    0.0019%  54.7588%
  [   116500,   117000)          907    0.0019%  54.7607%
  [   117000,   117500)          887    0.0019%  54.7626%
  [   117500,   118000)          864    0.0018%  54.7644%
  [   118000,   118500)          908    0.0019%  54.7663%
  [   118500,   119000)          913    0.0019%  54.7682%
  [   119000,   119500)          935    0.0020%  54.7701%
  [   119500,   120000)          904    0.0019%  54.7720%
  [   120000,   120500)          976    0.0020%  54.7740%
  [   120500,   121000)          936    0.0020%  54.7760%
  [   121000,   121500)         1027    0.0021%  54.7781%
  [   121500,   122000)          989    0.0021%  54.7802%
  [   122000,   122500)         1065    0.0022%  54.7824%
  [   122500,   123000)         1083    0.0023%  54.7847%
  [   123000,   123500)         1066    0.0022%  54.7869%
  [   123500,   124000)         1092    0.0023%  54.7892%
  [   124000,   124500)         1103    0.0023%  54.7915%
  [   124500,   125000)         1194    0.0025%  54.7940%
  [   125000,   125500)         1173    0.0024%  54.7964%
  [   125500,   126000)         1124    0.0023%  54.7988%
  [   126000,   126500)         1132    0.0024%  54.8011%
  [   126500,   127000)         1218    0.0025%  54.8037%
  [   127000,   127500)         1198    0.0025%  54.8062%
  [   127500,   128000)         1239    0.0026%  54.8088%
  [   128000,   128500)         1280    0.0027%  54.8114%
  [   128500,   129000)         1227    0.0026%  54.8140%
  [   129000,   129500)         1268    0.0026%  54.8166%
  [   129500,   130000)         1301    0.0027%  54.8194%
  [   130000,   130500)         1312    0.0027%  54.8221%
  [   130500,   131000)         1326    0.0028%  54.8249%
  [   131000,   131500)         1354    0.0028%  54.8277%
  [   131500,   132000)         1445    0.0030%  54.8307%
  [   132000,   132500)         1445    0.0030%  54.8337%
  [   132500,   133000)         1330    0.0028%  54.8365%
  [   133000,   133500)         1423    0.0030%  54.8395%
  [   133500,   134000)         1434    0.0030%  54.8425%
  [   134000,   134500)         1424    0.0030%  54.8454%
  [   134500,   135000)         1432    0.0030%  54.8484%
  [   135000,   135500)         1479    0.0031%  54.8515%
  [   135500,   136000)         1460    0.0030%  54.8545%
  [   136000,   136500)         1501    0.0031%  54.8577%
  [   136500,   137000)         1532    0.0032%  54.8609%
  [   137000,   137500)         1569    0.0033%  54.8642%
  [   137500,   138000)         1536    0.0032%  54.8674%
  [   138000,   138500)         1623    0.0034%  54.8707%
  [   138500,   139000)         1596    0.0033%  54.8741%
  [   139000,   139500)         1556    0.0032%  54.8773%
  [   139500,   140000)         1628    0.0034%  54.8807%
  [   140000,   140500)         1609    0.0034%  54.8841%
  [   140500,   141000)         1617    0.0034%  54.8875%
  [   141000,   141500)         1719    0.0036%  54.8910%
  [   141500,   142000)         1723    0.0036%  54.8946%
  [   142000,   142500)         1690    0.0035%  54.8982%
  [   142500,   143000)         1698    0.0035%  54.9017%
  [   143000,   143500)         1744    0.0036%  54.9053%
  [   143500,   144000)         1762    0.0037%  54.9090%
  [   144000,   144500)         1782    0.0037%  54.9127%
  [   144500,   145000)         1810    0.0038%  54.9165%
  [   145000,   145500)         1804    0.0038%  54.9203%
  [   145500,   146000)         1729    0.0036%  54.9239%
  [   146000,   146500)         1686    0.0035%  54.9274%
  [   146500,   147000)         1838    0.0038%  54.9312%
  [   147000,   147500)         1810    0.0038%  54.9350%
  [   147500,   148000)         1769    0.0037%  54.9387%
  [   148000,   148500)         1892    0.0039%  54.9427%
  [   148500,   149000)         1901    0.0040%  54.9466%
  [   149000,   149500)         1888    0.0039%  54.9506%
  [   149500,   150000)         1850    0.0039%  54.9544%
  [   150000,   150500)         1837    0.0038%  54.9583%
  [   150500,   151000)         1848    0.0039%  54.9621%
  [   151000,   151500)         1858    0.0039%  54.9660%
  [   151500,   152000)         1905    0.0040%  54.9700%
  [   152000,   152500)         1878    0.0039%  54.9739%
  [   152500,   153000)         1924    0.0040%  54.9779%
  [   153000,   153500)         1847    0.0039%  54.9818%
  [   153500,   154000)         1995    0.0042%  54.9859%
  [   154000,   154500)         1962    0.0041%  54.9900%
  [   154500,   155000)         1930    0.0040%  54.9941%
  [   155000,   155500)         1948    0.0041%  54.9981%
  [   155500,   156000)         1967    0.0041%  55.0022%
  [   156000,   156500)         1998    0.0042%  55.0064%
  [   156500,   157000)         2002    0.0042%  55.0106%
  [   157000,   157500)         1979    0.0041%  55.0147%
  [   157500,   158000)         2001    0.0042%  55.0189%
  [   158000,   158500)         2029    0.0042%  55.0231%
  [   158500,   159000)         1956    0.0041%  55.0272%
  [   159000,   159500)         1965    0.0041%  55.0313%
  [   159500,   160000)         2071    0.0043%  55.0356%
  [   160000,   160500)         2068    0.0043%  55.0399%
  [   160500,   161000)         2018    0.0042%  55.0441%
  [   161000,   161500)         2053    0.0043%  55.0484%
  [   161500,   162000)         2098    0.0044%  55.0528%
  [   162000,   162500)         2050    0.0043%  55.0571%
  [   162500,   163000)         1920    0.0040%  55.0611%
  [   163000,   163500)         2066    0.0043%  55.0654%
  [   163500,   164000)         2108    0.0044%  55.0698%
  [   164000,   164500)         2157    0.0045%  55.0743%
  [   164500,   165000)         2054    0.0043%  55.0786%
  [   165000,   165500)         2099    0.0044%  55.0830%
  [   165500,   166000)         2061    0.0043%  55.0873%
  [   166000,   166500)         2034    0.0042%  55.0915%
  [   166500,   167000)         2135    0.0045%  55.0960%
  [   167000,   167500)         2113    0.0044%  55.1004%
  [   167500,   168000)         2115    0.0044%  55.1048%
  [   168000,   168500)         2082    0.0043%  55.1091%
  [   168500,   169000)         2121    0.0044%  55.1136%
  [   169000,   169500)         2137    0.0045%  55.1180%
  [   169500,   170000)         2180    0.0045%  55.1226%
  [   170000,   170500)         2144    0.0045%  55.1271%
  [   170500,   171000)         2060    0.0043%  55.1314%
  [   171000,   171500)         2204    0.0046%  55.1359%
  [   171500,   172000)         2213    0.0046%  55.1406%
  [   172000,   172500)         2057    0.0043%  55.1449%
  [   172500,   173000)         2060    0.0043%  55.1492%
  [   173000,   173500)         2138    0.0045%  55.1536%
  [   173500,   174000)         2155    0.0045%  55.1581%
  [   174000,   174500)         2165    0.0045%  55.1626%
  [   174500,   175000)         2090    0.0044%  55.1670%
  [   175000,   175500)         2176    0.0045%  55.1715%
  [   175500,   176000)         2189    0.0046%  55.1761%
  [   176000,   176500)         2138    0.0045%  55.1806%
  [   176500,   177000)         2135    0.0045%  55.1850%
  [   177000,   177500)         2115    0.0044%  55.1894%
  [   177500,   178000)         2185    0.0046%  55.1940%
  [   178000,   178500)         2117    0.0044%  55.1984%
  [   178500,   179000)         2169    0.0045%  55.2029%
  [   179000,   179500)         2125    0.0044%  55.2074%
  [   179500,   180000)         2134    0.0045%  55.2118%
  [   180000,   180500)         2204    0.0046%  55.2164%
  [   180500,   181000)         2268    0.0047%  55.2212%
  [   181000,   181500)         2103    0.0044%  55.2256%
  [   181500,   182000)         2241    0.0047%  55.2302%
  [   182000,   182500)         2035    0.0042%  55.2345%
  [   182500,   183000)         2106    0.0044%  55.2389%
  [   183000,   183500)         2206    0.0046%  55.2435%
  [   183500,   184000)         2077    0.0043%  55.2478%
  [   184000,   184500)         2251    0.0047%  55.2525%
  [   184500,   185000)         2122    0.0044%  55.2569%
  [   185000,   185500)         2159    0.0045%  55.2614%
  [   185500,   186000)         2165    0.0045%  55.2660%
  [   186000,   186500)         2182    0.0046%  55.2705%
  [   186500,   187000)         2154    0.0045%  55.2750%
  [   187000,   187500)         2109    0.0044%  55.2794%
  [   187500,   188000)         2153    0.0045%  55.2839%
  [   188000,   188500)         2204    0.0046%  55.2885%
  [   188500,   189000)         2103    0.0044%  55.2929%
  [   189000,   189500)         2011    0.0042%  55.2971%
  [   189500,   190000)         2100    0.0044%  55.3015%
  [   190000,   190500)         2129    0.0044%  55.3059%
  [   190500,   191000)         2181    0.0046%  55.3105%
  [   191000,   191500)         2175    0.0045%  55.3150%
  [   191500,   192000)         2156    0.0045%  55.3195%
  [   192000,   192500)         2150    0.0045%  55.3240%
  [   192500,   193000)         2072    0.0043%  55.3283%
  [   193000,   193500)         2018    0.0042%  55.3325%
  [   193500,   194000)         2064    0.0043%  55.3368%
  [   194000,   194500)         2087    0.0044%  55.3412%
  [   194500,   195000)         2108    0.0044%  55.3456%
  [   195000,   195500)         2181    0.0046%  55.3501%
  [   195500,   196000)         2127    0.0044%  55.3546%
  [   196000,   196500)         2166    0.0045%  55.3591%
  [   196500,   197000)         2197    0.0046%  55.3637%
  [   197000,   197500)         2136    0.0045%  55.3681%
  [   197500,   198000)         2076    0.0043%  55.3725%
  [   198000,   198500)         2105    0.0044%  55.3769%
  [   198500,   199000)         2132    0.0044%  55.3813%
  [   199000,   199500)         2117    0.0044%  55.3857%
  [   199500,   200000)         2121    0.0044%  55.3902%
  [   200000,   200500)         2264    0.0047%  55.3949%
  [   200500,   201000)         2111    0.0044%  55.3993%
  [   201000,   201500)         2045    0.0043%  55.4036%
  [   201500,   202000)         2199    0.0046%  55.4082%
  [   202000,   202500)         2126    0.0044%  55.4126%
  [   202500,   203000)         2171    0.0045%  55.4171%
  [   203000,   203500)         2151    0.0045%  55.4216%
  [   203500,   204000)         2084    0.0043%  55.4260%
  [   204000,   204500)         2177    0.0045%  55.4305%
  [   204500,   205000)         2226    0.0046%  55.4351%
  [   205000,   205500)         2102    0.0044%  55.4395%
  [   205500,   206000)         2221    0.0046%  55.4442%
  [   206000,   206500)         2087    0.0044%  55.4485%
  [   206500,   207000)         2195    0.0046%  55.4531%
  [   207000,   207500)         2088    0.0044%  55.4575%
  [   207500,   208000)         2080    0.0043%  55.4618%
  [   208000,   208500)         2133    0.0045%  55.4663%
  [   208500,   209000)         2114    0.0044%  55.4707%
  [   209000,   209500)         2209    0.0046%  55.4753%
  [   209500,   210000)         2122    0.0044%  55.4797%
  [   210000,   210500)         2120    0.0044%  55.4841%
  [   210500,   211000)         2178    0.0045%  55.4887%
  [   211000,   211500)         2129    0.0044%  55.4931%
  [   211500,   212000)         2071    0.0043%  55.4974%
  [   212000,   212500)         2069    0.0043%  55.5018%
  [   212500,   213000)         2153    0.0045%  55.5063%
  [   213000,   213500)         2117    0.0044%  55.5107%
  [   213500,   214000)         2079    0.0043%  55.5150%
  [   214000,   214500)         1984    0.0041%  55.5192%
  [   214500,   215000)         2232    0.0047%  55.5238%
  [   215000,   215500)         2210    0.0046%  55.5284%
  [   215500,   216000)         2131    0.0044%  55.5329%
  [   216000,   216500)         2038    0.0043%  55.5371%
  [   216500,   217000)         2141    0.0045%  55.5416%
  [   217000,   217500)         2091    0.0044%  55.5460%
  [   217500,   218000)         2171    0.0045%  55.5505%
  [   218000,   218500)         2068    0.0043%  55.5548%
  [   218500,   219000)         2035    0.0042%  55.5590%
  [   219000,   219500)         2150    0.0045%  55.5635%
  [   219500,   220000)         2137    0.0045%  55.5680%
  [   220000,   220500)         2218    0.0046%  55.5726%
  [   220500,   221000)         2095    0.0044%  55.5770%
  [   221000,   221500)         2109    0.0044%  55.5814%
  [   221500,   222000)         2124    0.0044%  55.5858%
  [   222000,   222500)         2060    0.0043%  55.5901%
  [   222500,   223000)         2155    0.0045%  55.5946%
  [   223000,   223500)         2119    0.0044%  55.5990%
  [   223500,   224000)         2195    0.0046%  55.6036%
  [   224000,   224500)         2111    0.0044%  55.6080%
  [   224500,   225000)         2038    0.0043%  55.6123%
  [   225000,   225500)         2114    0.0044%  55.6167%
  [   225500,   226000)         2162    0.0045%  55.6212%
  [   226000,   226500)         2100    0.0044%  55.6256%
  [   226500,   227000)         2112    0.0044%  55.6300%
  [   227000,   227500)         2070    0.0043%  55.6343%
  [   227500,   228000)         2024    0.0042%  55.6385%
  [   228000,   228500)         2126    0.0044%  55.6430%
  [   228500,   229000)         2023    0.0042%  55.6472%
  [   229000,   229500)         2204    0.0046%  55.6518%
  [   229500,   230000)         2129    0.0044%  55.6562%
  [   230000,   230500)         2097    0.0044%  55.6606%
  [   230500,   231000)         2083    0.0043%  55.6650%
  [   231000,   231500)         2122    0.0044%  55.6694%
  [   231500,   232000)         2085    0.0044%  55.6738%
  [   232000,   232500)         2071    0.0043%  55.6781%
  [   232500,   233000)         2089    0.0044%  55.6824%
  [   233000,   233500)         2064    0.0043%  55.6867%
  [   233500,   234000)         2106    0.0044%  55.6911%
  [   234000,   234500)         2069    0.0043%  55.6955%
  [   234500,   235000)         2110    0.0044%  55.6999%
  [   235000,   235500)         2161    0.0045%  55.7044%
  [   235500,   236000)         2098    0.0044%  55.7087%
  [   236000,   236500)         2125    0.0044%  55.7132%
  [   236500,   237000)         2114    0.0044%  55.7176%
  [   237000,   237500)         2098    0.0044%  55.7220%
  [   237500,   238000)         2088    0.0044%  55.7263%
  [   238000,   238500)         2091    0.0044%  55.7307%
  [   238500,   239000)         2021    0.0042%  55.7349%
  [   239000,   239500)         2135    0.0045%  55.7394%
  [   239500,   240000)         2069    0.0043%  55.7437%
  [   240000,   240500)         2058    0.0043%  55.7480%
  [   240500,   241000)         2035    0.0042%  55.7522%
  [   241000,   241500)         2075    0.0043%  55.7566%
  [   241500,   242000)         2075    0.0043%  55.7609%
  [   242000,   242500)         2034    0.0042%  55.7651%
  [   242500,   243000)         2041    0.0043%  55.7694%
  [   243000,   243500)         2006    0.0042%  55.7736%
  [   243500,   244000)         2128    0.0044%  55.7780%
  [   244000,   244500)         2057    0.0043%  55.7823%
  [   244500,   245000)         2216    0.0046%  55.7869%
  [   245000,   245500)         2095    0.0044%  55.7913%
  [   245500,   246000)         2066    0.0043%  55.7956%
  [   246000,   246500)         2043    0.0043%  55.7999%
  [   246500,   247000)         1972    0.0041%  55.8040%
  [   247000,   247500)         2032    0.0042%  55.8082%
  [   247500,   248000)         2084    0.0043%  55.8126%
  [   248000,   248500)         2052    0.0043%  55.8169%
  [   248500,   249000)         1969    0.0041%  55.8210%
  [   249000,   249500)         2086    0.0044%  55.8253%
  [   249500,   250000)         2066    0.0043%  55.8296%
  [   250000,   250500)         2126    0.0044%  55.8341%
  [   250500,   251000)         1971    0.0041%  55.8382%
  [   251000,   251500)         2032    0.0042%  55.8424%
  [   251500,   252000)         1999    0.0042%  55.8466%
  [   252000,   252500)         2066    0.0043%  55.8509%
  [   252500,   253000)         2078    0.0043%  55.8553%
  [   253000,   253500)         2076    0.0043%  55.8596%
  [   253500,   254000)         2045    0.0043%  55.8639%
  [   254000,   254500)         2037    0.0043%  55.8681%
  [   254500,   255000)         2034    0.0042%  55.8724%
  [   255000,   255500)         2054    0.0043%  55.8766%
  [   255500,   256000)         2026    0.0042%  55.8809%
  [   256000,   256500)         1990    0.0042%  55.8850%
  [   256500,   257000)         2004    0.0042%  55.8892%
  [   257000,   257500)         2020    0.0042%  55.8934%
  [   257500,   258000)         2028    0.0042%  55.8976%
  [   258000,   258500)         1972    0.0041%  55.9018%
  [   258500,   259000)         1953    0.0041%  55.9058%
  [   259000,   259500)         1965    0.0041%  55.9099%
  [   259500,   260000)         1983    0.0041%  55.9141%
  [   260000,   260500)         1993    0.0042%  55.9182%
  [   260500,   261000)         2091    0.0044%  55.9226%
  [   261000,   261500)         2023    0.0042%  55.9268%
  [   261500,   262000)         1948    0.0041%  55.9309%
  [   262000,   262500)         2014    0.0042%  55.9351%
  [   262500,   263000)         2023    0.0042%  55.9393%
  [   263000,   263500)         1984    0.0041%  55.9435%
  [   263500,   264000)         2069    0.0043%  55.9478%
  [   264000,   264500)         1998    0.0042%  55.9519%
  [   264500,   265000)         2063    0.0043%  55.9562%
  [   265000,   265500)         1940    0.0040%  55.9603%
  [   265500,   266000)         2025    0.0042%  55.9645%
  [   266000,   266500)         2089    0.0044%  55.9689%
  [   266500,   267000)         2020    0.0042%  55.9731%
  [   267000,   267500)         2046    0.0043%  55.9774%
  [   267500,   268000)         1992    0.0042%  55.9815%
  [   268000,   268500)         1957    0.0041%  55.9856%
  [   268500,   269000)         1953    0.0041%  55.9897%
  [   269000,   269500)         2051    0.0043%  55.9940%
  [   269500,   270000)         2044    0.0043%  55.9982%
  [   270000,   270500)         2033    0.0042%  56.0025%
  [   270500,   271000)         2036    0.0042%  56.0067%
  [   271000,   271500)         1997    0.0042%  56.0109%
  [   271500,   272000)         1975    0.0041%  56.0150%
  [   272000,   272500)         1969    0.0041%  56.0191%
  [   272500,   273000)         1888    0.0039%  56.0231%
  [   273000,   273500)         1988    0.0041%  56.0272%
  [   273500,   274000)         1952    0.0041%  56.0313%
  [   274000,   274500)         1978    0.0041%  56.0354%
  [   274500,   275000)         1974    0.0041%  56.0395%
  [   275000,   275500)         1960    0.0041%  56.0436%
  [   275500,   276000)         1874    0.0039%  56.0475%
  [   276000,   276500)         1956    0.0041%  56.0516%
  [   276500,   277000)         1914    0.0040%  56.0556%
  [   277000,   277500)         1844    0.0038%  56.0595%
  [   277500,   278000)         1911    0.0040%  56.0634%
  [   278000,   278500)         2005    0.0042%  56.0676%
  [   278500,   279000)         1951    0.0041%  56.0717%
  [   279000,   279500)         1982    0.0041%  56.0758%
  [   279500,   280000)         2086    0.0044%  56.0802%
  [   280000,   280500)         1980    0.0041%  56.0843%
  [   280500,   281000)         2045    0.0043%  56.0886%
  [   281000,   281500)         1977    0.0041%  56.0927%
  [   281500,   282000)         1975    0.0041%  56.0968%
  [   282000,   282500)         2000    0.0042%  56.1010%
  [   282500,   283000)         1917    0.0040%  56.1050%
  [   283000,   283500)         1998    0.0042%  56.1092%
  [   283500,   284000)         1932    0.0040%  56.1132%
  [   284000,   284500)         1949    0.0041%  56.1173%
  [   284500,   285000)         1878    0.0039%  56.1212%
  [   285000,   285500)         1961    0.0041%  56.1253%
  [   285500,   286000)         1982    0.0041%  56.1294%
  [   286000,   286500)         1930    0.0040%  56.1335%
  [   286500,   287000)         1909    0.0040%  56.1374%
  [   287000,   287500)         1991    0.0042%  56.1416%
  [   287500,   288000)         2028    0.0042%  56.1458%
  [   288000,   288500)         1968    0.0041%  56.1499%
  [   288500,   289000)         1980    0.0041%  56.1541%
  [   289000,   289500)         1965    0.0041%  56.1582%
  [   289500,   290000)         1943    0.0041%  56.1622%
  [   290000,   290500)         1960    0.0041%  56.1663%
  [   290500,   291000)         1907    0.0040%  56.1703%
  [   291000,   291500)         1879    0.0039%  56.1742%
  [   291500,   292000)         1971    0.0041%  56.1783%
  [   292000,   292500)         1967    0.0041%  56.1824%
  [   292500,   293000)         1930    0.0040%  56.1865%
  [   293000,   293500)         1941    0.0041%  56.1905%
  [   293500,   294000)         1892    0.0039%  56.1945%
  [   294000,   294500)         1943    0.0041%  56.1985%
  [   294500,   295000)         1963    0.0041%  56.2026%
  [   295000,   295500)         1935    0.0040%  56.2067%
  [   295500,   296000)         1876    0.0039%  56.2106%
  [   296000,   296500)         1867    0.0039%  56.2145%
  [   296500,   297000)         1983    0.0041%  56.2186%
  [   297000,   297500)         1903    0.0040%  56.2226%
  [   297500,   298000)         1932    0.0040%  56.2266%
  [   298000,   298500)         1904    0.0040%  56.2306%
  [   298500,   299000)         1944    0.0041%  56.2346%
  [   299000,   299500)         1947    0.0041%  56.2387%
  [   299500,   300000)         1958    0.0041%  56.2428%
  [   300000,   300500)         1985    0.0041%  56.2469%
  [   300500,   301000)         1958    0.0041%  56.2510%
  [   301000,   301500)         1973    0.0041%  56.2551%
  [   301500,   302000)         1921    0.0040%  56.2591%
  [   302000,   302500)         1871    0.0039%  56.2630%
  [   302500,   303000)         1968    0.0041%  56.2672%
  [   303000,   303500)         1940    0.0040%  56.2712%
  [   303500,   304000)         1916    0.0040%  56.2752%
  [   304000,   304500)         1812    0.0038%  56.2790%
  [   304500,   305000)         1883    0.0039%  56.2829%
  [   305000,   305500)         1867    0.0039%  56.2868%
  [   305500,   306000)         1878    0.0039%  56.2907%
  [   306000,   306500)         1914    0.0040%  56.2947%
  [   306500,   307000)         1933    0.0040%  56.2988%
  [   307000,   307500)         1905    0.0040%  56.3027%
  [   307500,   308000)         1922    0.0040%  56.3067%
  [   308000,   308500)         1914    0.0040%  56.3107%
  [   308500,   309000)         1875    0.0039%  56.3147%
  [   309000,   309500)         1901    0.0040%  56.3186%
  [   309500,   310000)         1985    0.0041%  56.3228%
  [   310000,   310500)         1890    0.0039%  56.3267%
  [   310500,   311000)         1853    0.0039%  56.3306%
  [   311000,   311500)         1849    0.0039%  56.3344%
  [   311500,   312000)         1912    0.0040%  56.3384%
  [   312000,   312500)         1939    0.0040%  56.3425%
  [   312500,   313000)         1917    0.0040%  56.3465%
  [   313000,   313500)         1887    0.0039%  56.3504%
  [   313500,   314000)         1861    0.0039%  56.3543%
  [   314000,   314500)         1852    0.0039%  56.3582%
  [   314500,   315000)         1875    0.0039%  56.3621%
  [   315000,   315500)         1876    0.0039%  56.3660%
  [   315500,   316000)         1888    0.0039%  56.3699%
  [   316000,   316500)         1927    0.0040%  56.3739%
  [   316500,   317000)         1901    0.0040%  56.3779%
  [   317000,   317500)         1861    0.0039%  56.3818%
  [   317500,   318000)         1935    0.0040%  56.3858%
  [   318000,   318500)         1896    0.0040%  56.3898%
  [   318500,   319000)         1831    0.0038%  56.3936%
  [   319000,   319500)         1831    0.0038%  56.3974%
  [   319500,   320000)         1826    0.0038%  56.4012%
  [   320000,   320500)         1869    0.0039%  56.4051%
  [   320500,   321000)         1848    0.0039%  56.4090%
  [   321000,   321500)         1939    0.0040%  56.4131%
  [   321500,   322000)         1894    0.0040%  56.4170%
  [   322000,   322500)         1912    0.0040%  56.4210%
  [   322500,   323000)         1925    0.0040%  56.4250%
  [   323000,   323500)         1974    0.0041%  56.4291%
  [   323500,   324000)         1843    0.0038%  56.4330%
  [   324000,   324500)         1883    0.0039%  56.4369%
  [   324500,   325000)         1893    0.0040%  56.4409%
  [   325000,   325500)         1829    0.0038%  56.4447%
  [   325500,   326000)         1898    0.0040%  56.4486%
  [   326000,   326500)         1849    0.0039%  56.4525%
  [   326500,   327000)         1867    0.0039%  56.4564%
  [   327000,   327500)         1911    0.0040%  56.4604%
  [   327500,   328000)         1866    0.0039%  56.4643%
  [   328000,   328500)         1870    0.0039%  56.4682%
  [   328500,   329000)         1965    0.0041%  56.4723%
  [   329000,   329500)         1909    0.0040%  56.4763%
  [   329500,   330000)         1920    0.0040%  56.4803%
  [   330000,   330500)         1862    0.0039%  56.4842%
  [   330500,   331000)         1866    0.0039%  56.4880%
  [   331000,   331500)         1836    0.0038%  56.4919%
  [   331500,   332000)         1902    0.0040%  56.4958%
  [   332000,   332500)         1878    0.0039%  56.4998%
  [   332500,   333000)         1842    0.0038%  56.5036%
  [   333000,   333500)         1842    0.0038%  56.5075%
  [   333500,   334000)         1849    0.0039%  56.5113%
  [   334000,   334500)         1834    0.0038%  56.5151%
  [   334500,   335000)         1904    0.0040%  56.5191%
  [   335000,   335500)         1874    0.0039%  56.5230%
  [   335500,   336000)         1819    0.0038%  56.5268%
  [   336000,   336500)         1881    0.0039%  56.5307%
  [   336500,   337000)         1854    0.0039%  56.5346%
  [   337000,   337500)         1829    0.0038%  56.5384%
  [   337500,   338000)         1941    0.0041%  56.5425%
  [   338000,   338500)         1803    0.0038%  56.5462%
  [   338500,   339000)         1832    0.0038%  56.5501%
  [   339000,   339500)         1855    0.0039%  56.5539%
  [   339500,   340000)         1812    0.0038%  56.5577%
  [   340000,   340500)         1848    0.0039%  56.5616%
  [   340500,   341000)         1834    0.0038%  56.5654%
  [   341000,   341500)         1826    0.0038%  56.5692%
  [   341500,   342000)         1841    0.0038%  56.5731%
  [   342000,   342500)         1876    0.0039%  56.5770%
  [   342500,   343000)         1898    0.0040%  56.5809%
  [   343000,   343500)         1782    0.0037%  56.5847%
  [   343500,   344000)         1767    0.0037%  56.5883%
  [   344000,   344500)         1854    0.0039%  56.5922%
  [   344500,   345000)         1771    0.0037%  56.5959%
  [   345000,   345500)         1900    0.0040%  56.5999%
  [   345500,   346000)         1849    0.0039%  56.6037%
  [   346000,   346500)         1837    0.0038%  56.6076%
  [   346500,   347000)         1858    0.0039%  56.6114%
  [   347000,   347500)         1824    0.0038%  56.6153%
  [   347500,   348000)         1791    0.0037%  56.6190%
  [   348000,   348500)         1908    0.0040%  56.6230%
  [   348500,   349000)         1837    0.0038%  56.6268%
  [   349000,   349500)         1796    0.0037%  56.6306%
  [   349500,   350000)         1852    0.0039%  56.6344%
  [   350000,   350500)         1784    0.0037%  56.6381%
  [   350500,   351000)         1820    0.0038%  56.6419%
  [   351000,   351500)         1850    0.0039%  56.6458%
  [   351500,   352000)         1730    0.0036%  56.6494%
  [   352000,   352500)         1801    0.0038%  56.6532%
  [   352500,   353000)         1823    0.0038%  56.6570%
  [   353000,   353500)         1831    0.0038%  56.6608%
  [   353500,   354000)         1847    0.0039%  56.6646%
  [   354000,   354500)         1782    0.0037%  56.6684%
  [   354500,   355000)         1935    0.0040%  56.6724%
  [   355000,   355500)         1839    0.0038%  56.6762%
  [   355500,   356000)         1766    0.0037%  56.6799%
  [   356000,   356500)         1789    0.0037%  56.6837%
  [   356500,   357000)         1883    0.0039%  56.6876%
  [   357000,   357500)         1809    0.0038%  56.6914%
  [   357500,   358000)         1784    0.0037%  56.6951%
  [   358000,   358500)         1806    0.0038%  56.6989%
  [   358500,   359000)         1814    0.0038%  56.7026%
  [   359000,   359500)         1795    0.0037%  56.7064%
  [   359500,   360000)         1814    0.0038%  56.7102%
  [   360000,   360500)         1778    0.0037%  56.7139%
  [   360500,   361000)         1772    0.0037%  56.7176%
  [   361000,   361500)         1866    0.0039%  56.7215%
  [   361500,   362000)         1767    0.0037%  56.7252%
  [   362000,   362500)         1773    0.0037%  56.7289%
  [   362500,   363000)         1774    0.0037%  56.7326%
  [   363000,   363500)         1868    0.0039%  56.7365%
  [   363500,   364000)         1823    0.0038%  56.7403%
  [   364000,   364500)         1790    0.0037%  56.7440%
  [   364500,   365000)         1735    0.0036%  56.7476%
  [   365000,   365500)         1711    0.0036%  56.7512%
  [   365500,   366000)         1718    0.0036%  56.7548%
  [   366000,   366500)         1758    0.0037%  56.7585%
  [   366500,   367000)         1749    0.0037%  56.7621%
  [   367000,   367500)         1799    0.0038%  56.7659%
  [   367500,   368000)         1818    0.0038%  56.7697%
  [   368000,   368500)         1888    0.0039%  56.7736%
  [   368500,   369000)         1802    0.0038%  56.7774%
  [   369000,   369500)         1724    0.0036%  56.7810%
  [   369500,   370000)         1799    0.0038%  56.7847%
  [   370000,   370500)         1758    0.0037%  56.7884%
  [   370500,   371000)         1807    0.0038%  56.7921%
  [   371000,   371500)         1837    0.0038%  56.7960%
  [   371500,   372000)         1820    0.0038%  56.7998%
  [   372000,   372500)         1746    0.0036%  56.8034%
  [   372500,   373000)         1823    0.0038%  56.8072%
  [   373000,   373500)         1766    0.0037%  56.8109%
  [   373500,   374000)         1753    0.0037%  56.8146%
  [   374000,   374500)         1763    0.0037%  56.8183%
  [   374500,   375000)         1766    0.0037%  56.8219%
  [   375000,   375500)         1725    0.0036%  56.8255%
  [   375500,   376000)         1865    0.0039%  56.8294%
  [   376000,   376500)         1799    0.0038%  56.8332%
  [   376500,   377000)         1731    0.0036%  56.8368%
  [   377000,   377500)         1750    0.0037%  56.8404%
  [   377500,   378000)         1799    0.0038%  56.8442%
  [   378000,   378500)         1725    0.0036%  56.8478%
  [   378500,   379000)         1783    0.0037%  56.8515%
  [   379000,   379500)         1835    0.0038%  56.8554%
  [   379500,   380000)         1742    0.0036%  56.8590%
  [   380000,   380500)         1724    0.0036%  56.8626%
  [   380500,   381000)         1807    0.0038%  56.8664%
  [   381000,   381500)         1793    0.0037%  56.8701%
  [   381500,   382000)         1788    0.0037%  56.8738%
  [   382000,   382500)         1771    0.0037%  56.8775%
  [   382500,   383000)         1728    0.0036%  56.8811%
  [   383000,   383500)         1771    0.0037%  56.8848%
  [   383500,   384000)         1779    0.0037%  56.8885%
  [   384000,   384500)         1815    0.0038%  56.8923%
  [   384500,   385000)         1704    0.0036%  56.8959%
  [   385000,   385500)         1732    0.0036%  56.8995%
  [   385500,   386000)         1756    0.0037%  56.9032%
  [   386000,   386500)         1711    0.0036%  56.9067%
  [   386500,   387000)         1785    0.0037%  56.9105%
  [   387000,   387500)         1738    0.0036%  56.9141%
  [   387500,   388000)         1666    0.0035%  56.9176%
  [   388000,   388500)         1746    0.0036%  56.9212%
  [   388500,   389000)         1746    0.0036%  56.9249%
  [   389000,   389500)         1781    0.0037%  56.9286%
  [   389500,   390000)         1737    0.0036%  56.9322%
  [   390000,   390500)         1787    0.0037%  56.9359%
  [   390500,   391000)         1768    0.0037%  56.9396%
  [   391000,   391500)         1755    0.0037%  56.9433%
  [   391500,   392000)         1721    0.0036%  56.9469%
  [   392000,   392500)         1722    0.0036%  56.9505%
  [   392500,   393000)         1760    0.0037%  56.9541%
  [   393000,   393500)         1748    0.0036%  56.9578%
  [   393500,   394000)         1706    0.0036%  56.9613%
  [   394000,   394500)         1763    0.0037%  56.9650%
  [   394500,   395000)         1650    0.0034%  56.9685%
  [   395000,   395500)         1698    0.0035%  56.9720%
  [   395500,   396000)         1813    0.0038%  56.9758%
  [   396000,   396500)         1766    0.0037%  56.9795%
  [   396500,   397000)         1702    0.0036%  56.9830%
  [   397000,   397500)         1721    0.0036%  56.9866%
  [   397500,   398000)         1763    0.0037%  56.9903%
  [   398000,   398500)         1754    0.0037%  56.9940%
  [   398500,   399000)         1756    0.0037%  56.9976%
  [   399000,   399500)         1696    0.0035%  57.0012%
  [   399500,   400000)         1690    0.0035%  57.0047%
  [   400000,   400500)         1771    0.0037%  57.0084%
  [   400500,   401000)         1752    0.0037%  57.0120%
  [   401000,   401500)         1710    0.0036%  57.0156%
  [   401500,   402000)         1694    0.0035%  57.0192%
  [   402000,   402500)         1701    0.0035%  57.0227%
  [   402500,   403000)         1744    0.0036%  57.0263%
  [   403000,   403500)         1719    0.0036%  57.0299%
  [   403500,   404000)         1765    0.0037%  57.0336%
  [   404000,   404500)         1713    0.0036%  57.0372%
  [   404500,   405000)         1827    0.0038%  57.0410%
  [   405000,   405500)         1692    0.0035%  57.0445%
  [   405500,   406000)         1741    0.0036%  57.0482%
  [   406000,   406500)         1715    0.0036%  57.0517%
  [   406500,   407000)         1758    0.0037%  57.0554%
  [   407000,   407500)         1681    0.0035%  57.0589%
  [   407500,   408000)         1752    0.0037%  57.0626%
  [   408000,   408500)         1688    0.0035%  57.0661%
  [   408500,   409000)         1684    0.0035%  57.0696%
  [   409000,   409500)         1720    0.0036%  57.0732%
  [   409500,   410000)         1745    0.0036%  57.0768%
  [   410000,   410500)         1623    0.0034%  57.0802%
  [   410500,   411000)         1697    0.0035%  57.0838%
  [   411000,   411500)         1705    0.0036%  57.0873%
  [   411500,   412000)         1680    0.0035%  57.0908%
  [   412000,   412500)         1698    0.0035%  57.0944%
  [   412500,   413000)         1762    0.0037%  57.0981%
  [   413000,   413500)         1690    0.0035%  57.1016%
  [   413500,   414000)         1649    0.0034%  57.1050%
  [   414000,   414500)         1688    0.0035%  57.1085%
  [   414500,   415000)         1805    0.0038%  57.1123%
  [   415000,   415500)         1717    0.0036%  57.1159%
  [   415500,   416000)         1802    0.0038%  57.1197%
  [   416000,   416500)         1631    0.0034%  57.1231%
  [   416500,   417000)         1686    0.0035%  57.1266%
  [   417000,   417500)         1656    0.0035%  57.1300%
  [   417500,   418000)         1757    0.0037%  57.1337%
  [   418000,   418500)         1736    0.0036%  57.1373%
  [   418500,   419000)         1662    0.0035%  57.1408%
  [   419000,   419500)         1678    0.0035%  57.1443%
  [   419500,   420000)         1688    0.0035%  57.1478%
  [   420000,   420500)         1653    0.0034%  57.1513%
  [   420500,   421000)         1682    0.0035%  57.1548%
  [   421000,   421500)         1665    0.0035%  57.1583%
  [   421500,   422000)         1658    0.0035%  57.1617%
  [   422000,   422500)         1700    0.0035%  57.1653%
  [   422500,   423000)         1658    0.0035%  57.1687%
  [   423000,   423500)         1727    0.0036%  57.1723%
  [   423500,   424000)         1603    0.0033%  57.1757%
  [   424000,   424500)         1697    0.0035%  57.1792%
  [   424500,   425000)         1629    0.0034%  57.1826%
  [   425000,   425500)         1656    0.0035%  57.1861%
  [   425500,   426000)         1703    0.0036%  57.1896%
  [   426000,   426500)         1705    0.0036%  57.1932%
  [   426500,   427000)         1650    0.0034%  57.1966%
  [   427000,   427500)         1736    0.0036%  57.2003%
  [   427500,   428000)         1709    0.0036%  57.2038%
  [   428000,   428500)         1708    0.0036%  57.2074%
  [   428500,   429000)         1730    0.0036%  57.2110%
  [   429000,   429500)         1743    0.0036%  57.2146%
  [   429500,   430000)         1662    0.0035%  57.2181%
  [   430000,   430500)         1647    0.0034%  57.2215%
  [   430500,   431000)         1624    0.0034%  57.2249%
  [   431000,   431500)         1671    0.0035%  57.2284%
  [   431500,   432000)         1631    0.0034%  57.2318%
  [   432000,   432500)         1694    0.0035%  57.2354%
  [   432500,   433000)         1664    0.0035%  57.2388%
  [   433000,   433500)         1678    0.0035%  57.2423%
  [   433500,   434000)         1630    0.0034%  57.2457%
  [   434000,   434500)         1693    0.0035%  57.2493%
  [   434500,   435000)         1583    0.0033%  57.2526%
  [   435000,   435500)         1657    0.0035%  57.2560%
  [   435500,   436000)         1661    0.0035%  57.2595%
  [   436000,   436500)         1657    0.0035%  57.2629%
  [   436500,   437000)         1660    0.0035%  57.2664%
  [   437000,   437500)         1623    0.0034%  57.2698%
  [   437500,   438000)         1642    0.0034%  57.2732%
  [   438000,   438500)         1686    0.0035%  57.2767%
  [   438500,   439000)         1649    0.0034%  57.2802%
  [   439000,   439500)         1638    0.0034%  57.2836%
  [   439500,   440000)         1646    0.0034%  57.2870%
  [   440000,   440500)         1663    0.0035%  57.2905%
  [   440500,   441000)         1743    0.0036%  57.2941%
  [   441000,   441500)         1628    0.0034%  57.2975%
  [   441500,   442000)         1634    0.0034%  57.3010%
  [   442000,   442500)         1617    0.0034%  57.3043%
  [   442500,   443000)         1665    0.0035%  57.3078%
  [   443000,   443500)         1535    0.0032%  57.3110%
  [   443500,   444000)         1634    0.0034%  57.3144%
  [   444000,   444500)         1583    0.0033%  57.3177%
  [   444500,   445000)         1641    0.0034%  57.3211%
  [   445000,   445500)         1703    0.0036%  57.3247%
  [   445500,   446000)         1649    0.0034%  57.3281%
  [   446000,   446500)         1610    0.0034%  57.3315%
  [   446500,   447000)         1601    0.0033%  57.3348%
  [   447000,   447500)         1666    0.0035%  57.3383%
  [   447500,   448000)         1698    0.0035%  57.3419%
  [   448000,   448500)         1570    0.0033%  57.3451%
  [   448500,   449000)         1617    0.0034%  57.3485%
  [   449000,   449500)         1700    0.0035%  57.3521%
  [   449500,   450000)         1628    0.0034%  57.3555%
  [   450000,   450500)         1612    0.0034%  57.3588%
  [   450500,   451000)         1564    0.0033%  57.3621%
  [   451000,   451500)         1656    0.0035%  57.3655%
  [   451500,   452000)         1656    0.0035%  57.3690%
  [   452000,   452500)         1669    0.0035%  57.3725%
  [   452500,   453000)         1616    0.0034%  57.3759%
  [   453000,   453500)         1688    0.0035%  57.3794%
  [   453500,   454000)         1641    0.0034%  57.3828%
  [   454000,   454500)         1701    0.0035%  57.3864%
  [   454500,   455000)         1680    0.0035%  57.3899%
  [   455000,   455500)         1629    0.0034%  57.3933%
  [   455500,   456000)         1664    0.0035%  57.3967%
  [   456000,   456500)         1586    0.0033%  57.4000%
  [   456500,   457000)         1602    0.0033%  57.4034%
  [   457000,   457500)         1632    0.0034%  57.4068%
  [   457500,   458000)         1568    0.0033%  57.4101%
  [   458000,   458500)         1653    0.0034%  57.4135%
  [   458500,   459000)         1562    0.0033%  57.4168%
  [   459000,   459500)         1563    0.0033%  57.4200%
  [   459500,   460000)         1643    0.0034%  57.4235%
  [   460000,   460500)         1638    0.0034%  57.4269%
  [   460500,   461000)         1597    0.0033%  57.4302%
  [   461000,   461500)         1575    0.0033%  57.4335%
  [   461500,   462000)         1625    0.0034%  57.4369%
  [   462000,   462500)         1553    0.0032%  57.4401%
  [   462500,   463000)         1568    0.0033%  57.4434%
  [   463000,   463500)         1619    0.0034%  57.4468%
  [   463500,   464000)         1635    0.0034%  57.4502%
  [   464000,   464500)         1649    0.0034%  57.4536%
  [   464500,   465000)         1626    0.0034%  57.4570%
  [   465000,   465500)         1617    0.0034%  57.4604%
  [   465500,   466000)         1666    0.0035%  57.4639%
  [   466000,   466500)         1554    0.0032%  57.4671%
  [   466500,   467000)         1669    0.0035%  57.4706%
  [   467000,   467500)         1594    0.0033%  57.4739%
  [   467500,   468000)         1640    0.0034%  57.4774%
  [   468000,   468500)         1690    0.0035%  57.4809%
  [   468500,   469000)         1593    0.0033%  57.4842%
  [   469000,   469500)         1572    0.0033%  57.4875%
  [   469500,   470000)         1617    0.0034%  57.4909%
  [   470000,   470500)         1485    0.0031%  57.4940%
  [   470500,   471000)         1604    0.0033%  57.4973%
  [   471000,   471500)         1609    0.0034%  57.5007%
  [   471500,   472000)         1532    0.0032%  57.5039%
  [   472000,   472500)         1660    0.0035%  57.5073%
  [   472500,   473000)         1674    0.0035%  57.5108%
  [   473000,   473500)         1598    0.0033%  57.5142%
  [   473500,   474000)         1603    0.0033%  57.5175%
  [   474000,   474500)         1649    0.0034%  57.5209%
  [   474500,   475000)         1666    0.0035%  57.5244%
  [   475000,   475500)         1586    0.0033%  57.5277%
  [   475500,   476000)         1561    0.0033%  57.5310%
  [   476000,   476500)         1581    0.0033%  57.5343%
  [   476500,   477000)         1531    0.0032%  57.5375%
  [   477000,   477500)         1698    0.0035%  57.5410%
  [   477500,   478000)         1588    0.0033%  57.5443%
  [   478000,   478500)         1562    0.0033%  57.5476%
  [   478500,   479000)         1597    0.0033%  57.5509%
  [   479000,   479500)         1581    0.0033%  57.5542%
  [   479500,   480000)         1531    0.0032%  57.5574%
  [   480000,   480500)         1605    0.0033%  57.5608%
  [   480500,   481000)         1590    0.0033%  57.5641%
  [   481000,   481500)         1558    0.0033%  57.5674%
  [   481500,   482000)         1614    0.0034%  57.5707%
  [   482000,   482500)         1607    0.0034%  57.5741%
  [   482500,   483000)         1574    0.0033%  57.5774%
  [   483000,   483500)         1542    0.0032%  57.5806%
  [   483500,   484000)         1561    0.0033%  57.5838%
  [   484000,   484500)         1540    0.0032%  57.5870%
  [   484500,   485000)         1562    0.0033%  57.5903%
  [   485000,   485500)         1541    0.0032%  57.5935%
  [   485500,   486000)         1634    0.0034%  57.5969%
  [   486000,   486500)         1623    0.0034%  57.6003%
  [   486500,   487000)         1561    0.0033%  57.6036%
  [   487000,   487500)         1585    0.0033%  57.6069%
  [   487500,   488000)         1602    0.0033%  57.6102%
  [   488000,   488500)         1581    0.0033%  57.6135%
  [   488500,   489000)         1548    0.0032%  57.6168%
  [   489000,   489500)         1606    0.0034%  57.6201%
  [   489500,   490000)         1592    0.0033%  57.6234%
  [   490000,   490500)         1561    0.0033%  57.6267%
  [   490500,   491000)         1531    0.0032%  57.6299%
  [   491000,   491500)         1649    0.0034%  57.6333%
  [   491500,   492000)         1562    0.0033%  57.6366%
  [   492000,   492500)         1517    0.0032%  57.6398%
  [   492500,   493000)         1581    0.0033%  57.6431%
  [   493000,   493500)         1524    0.0032%  57.6462%
  [   493500,   494000)         1576    0.0033%  57.6495%
  [   494000,   494500)         1588    0.0033%  57.6528%
  [   494500,   495000)         1502    0.0031%  57.6560%
  [   495000,   495500)         1598    0.0033%  57.6593%
  [   495500,   496000)         1565    0.0033%  57.6626%
  [   496000,   496500)         1534    0.0032%  57.6658%
  [   496500,   497000)         1483    0.0031%  57.6689%
  [   497000,   497500)         1621    0.0034%  57.6723%
  [   497500,   498000)         1592    0.0033%  57.6756%
  [   498000,   498500)         1595    0.0033%  57.6789%
  [   498500,   499000)         1558    0.0033%  57.6822%
  [   499000,   499500)         1586    0.0033%  57.6855%
  [   499500,   500000)         1528    0.0032%  57.6887%
  [   500000,   500500)         1568    0.0033%  57.6919%
  [   500500,   501000)         1565    0.0033%  57.6952%
  [   501000,   501500)         1536    0.0032%  57.6984%
  [   501500,   502000)         1607    0.0034%  57.7018%
  [   502000,   502500)         1513    0.0032%  57.7049%
  [   502500,   503000)         1588    0.0033%  57.7082%
  [   503000,   503500)         1595    0.0033%  57.7116%
  [   503500,   504000)         1529    0.0032%  57.7147%
  [   504000,   504500)         1554    0.0032%  57.7180%
  [   504500,   505000)         1558    0.0033%  57.7212%
  [   505000,   505500)         1578    0.0033%  57.7245%
  [   505500,   506000)         1631    0.0034%  57.7279%
  [   506000,   506500)         1510    0.0032%  57.7311%
  [   506500,   507000)         1527    0.0032%  57.7343%
  [   507000,   507500)         1506    0.0031%  57.7374%
  [   507500,   508000)         1556    0.0032%  57.7407%
  [   508000,   508500)         1497    0.0031%  57.7438%
  [   508500,   509000)         1484    0.0031%  57.7469%
  [   509000,   509500)         1630    0.0034%  57.7503%
  [   509500,   510000)         1595    0.0033%  57.7536%
  [   510000,   510500)         1626    0.0034%  57.7570%
  [   510500,   511000)         1568    0.0033%  57.7603%
  [   511000,   511500)         1510    0.0032%  57.7634%
  [   511500,   512000)         1455    0.0030%  57.7665%
  [   512000,   512500)         1576    0.0033%  57.7698%
  [   512500,   513000)         1557    0.0032%  57.7730%
  [   513000,   513500)         1589    0.0033%  57.7763%
  [   513500,   514000)         1519    0.0032%  57.7795%
  [   514000,   514500)         1471    0.0031%  57.7826%
  [   514500,   515000)         1611    0.0034%  57.7859%
  [   515000,   515500)         1545    0.0032%  57.7891%
  [   515500,   516000)         1604    0.0033%  57.7925%
  [   516000,   516500)         1514    0.0032%  57.7957%
  [   516500,   517000)         1541    0.0032%  57.7989%
  [   517000,   517500)         1560    0.0033%  57.8021%
  [   517500,   518000)         1585    0.0033%  57.8054%
  [   518000,   518500)         1550    0.0032%  57.8087%
  [   518500,   519000)         1500    0.0031%  57.8118%
  [   519000,   519500)         1520    0.0032%  57.8150%
  [   519500,   520000)         1462    0.0031%  57.8180%
  [   520000,   520500)         1567    0.0033%  57.8213%
  [   520500,   521000)         1603    0.0033%  57.8246%
  [   521000,   521500)         1501    0.0031%  57.8278%
  [   521500,   522000)         1534    0.0032%  57.8310%
  [   522000,   522500)         1596    0.0033%  57.8343%
  [   522500,   523000)         1537    0.0032%  57.8375%
  [   523000,   523500)         1566    0.0033%  57.8408%
  [   523500,   524000)         1620    0.0034%  57.8442%
  [   524000,   524500)         1566    0.0033%  57.8474%
  [   524500,   525000)         1597    0.0033%  57.8508%
  [   525000,   525500)         1612    0.0034%  57.8541%
  [   525500,   526000)         1542    0.0032%  57.8573%
  [   526000,   526500)         1525    0.0032%  57.8605%
  [   526500,   527000)         1589    0.0033%  57.8638%
  [   527000,   527500)         1532    0.0032%  57.8670%
  [   527500,   528000)         1540    0.0032%  57.8703%
  [   528000,   528500)         1536    0.0032%  57.8735%
  [   528500,   529000)         1532    0.0032%  57.8767%
  [   529000,   529500)         1543    0.0032%  57.8799%
  [   529500,   530000)         1621    0.0034%  57.8833%
  [   530000,   530500)         1533    0.0032%  57.8865%
  [   530500,   531000)         1605    0.0033%  57.8898%
  [   531000,   531500)         1553    0.0032%  57.8930%
  [   531500,   532000)         1585    0.0033%  57.8964%
  [   532000,   532500)         1588    0.0033%  57.8997%
  [   532500,   533000)         1538    0.0032%  57.9029%
  [   533000,   533500)         1603    0.0033%  57.9062%
  [   533500,   534000)         1612    0.0034%  57.9096%
  [   534000,   534500)         1453    0.0030%  57.9126%
  [   534500,   535000)         1606    0.0034%  57.9160%
  [   535000,   535500)         1539    0.0032%  57.9192%
  [   535500,   536000)         1546    0.0032%  57.9224%
  [   536000,   536500)         1614    0.0034%  57.9258%
  [   536500,   537000)         1617    0.0034%  57.9292%
  [   537000,   537500)         1564    0.0033%  57.9324%
  [   537500,   538000)         1607    0.0034%  57.9358%
  [   538000,   538500)         1587    0.0033%  57.9391%
  [   538500,   539000)         1598    0.0033%  57.9424%
  [   539000,   539500)         1617    0.0034%  57.9458%
  [   539500,   540000)         1551    0.0032%  57.9490%
  [   540000,   540500)         1576    0.0033%  57.9523%
  [   540500,   541000)         1623    0.0034%  57.9557%
  [   541000,   541500)         1512    0.0032%  57.9589%
  [   541500,   542000)         1590    0.0033%  57.9622%
  [   542000,   542500)         1574    0.0033%  57.9655%
  [   542500,   543000)         1621    0.0034%  57.9688%
  [   543000,   543500)         1619    0.0034%  57.9722%
  [   543500,   544000)         1544    0.0032%  57.9755%
  [   544000,   544500)         1559    0.0033%  57.9787%
  [   544500,   545000)         1597    0.0033%  57.9820%
  [   545000,   545500)         1598    0.0033%  57.9854%
  [   545500,   546000)         1676    0.0035%  57.9889%
  [   546000,   546500)         1622    0.0034%  57.9923%
  [   546500,   547000)         1627    0.0034%  57.9957%
  [   547000,   547500)         1640    0.0034%  57.9991%
  [   547500,   548000)         1619    0.0034%  58.0025%
  [   548000,   548500)         1671    0.0035%  58.0059%
  [   548500,   549000)         1675    0.0035%  58.0094%
  [   549000,   549500)         1674    0.0035%  58.0129%
  [   549500,   550000)         1610    0.0034%  58.0163%
  [   550000,   550500)         1683    0.0035%  58.0198%
  [   550500,   551000)         1651    0.0034%  58.0232%
  [   551000,   551500)         1633    0.0034%  58.0267%
  [   551500,   552000)         1691    0.0035%  58.0302%
  [   552000,   552500)         1677    0.0035%  58.0337%
  [   552500,   553000)         1760    0.0037%  58.0374%
  [   553000,   553500)         1776    0.0037%  58.0411%
  [   553500,   554000)         1718    0.0036%  58.0446%
  [   554000,   554500)         1700    0.0035%  58.0482%
  [   554500,   555000)         1715    0.0036%  58.0518%
  [   555000,   555500)         1714    0.0036%  58.0554%
  [   555500,   556000)         1818    0.0038%  58.0591%
  [   556000,   556500)         1807    0.0038%  58.0629%
  [   556500,   557000)         1741    0.0036%  58.0666%
  [   557000,   557500)         1843    0.0038%  58.0704%
  [   557500,   558000)         1793    0.0037%  58.0741%
  [   558000,   558500)         1795    0.0037%  58.0779%
  [   558500,   559000)         1798    0.0038%  58.0816%
  [   559000,   559500)         1843    0.0038%  58.0855%
  [   559500,   560000)         1843    0.0038%  58.0893%
  [   560000,   560500)         1775    0.0037%  58.0930%
  [   560500,   561000)         1844    0.0038%  58.0969%
  [   561000,   561500)         1881    0.0039%  58.1008%
  [   561500,   562000)         1944    0.0041%  58.1049%
  [   562000,   562500)         1953    0.0041%  58.1089%
  [   562500,   563000)         1906    0.0040%  58.1129%
  [   563000,   563500)         1935    0.0040%  58.1170%
  [   563500,   564000)         1927    0.0040%  58.1210%
  [   564000,   564500)         2030    0.0042%  58.1252%
  [   564500,   565000)         2026    0.0042%  58.1294%
  [   565000,   565500)         1908    0.0040%  58.1334%
  [   565500,   566000)         2053    0.0043%  58.1377%
  [   566000,   566500)         2075    0.0043%  58.1420%
  [   566500,   567000)         2052    0.0043%  58.1463%
  [   567000,   567500)         2061    0.0043%  58.1506%
  [   567500,   568000)         2136    0.0045%  58.1551%
  [   568000,   568500)         2275    0.0047%  58.1598%
  [   568500,   569000)         2158    0.0045%  58.1643%
  [   569000,   569500)         2197    0.0046%  58.1689%
  [   569500,   570000)         2114    0.0044%  58.1733%
  [   570000,   570500)         2326    0.0049%  58.1782%
  [   570500,   571000)         2252    0.0047%  58.1829%
  [   571000,   571500)         2232    0.0047%  58.1875%
  [   571500,   572000)         2415    0.0050%  58.1926%
  [   572000,   572500)         2365    0.0049%  58.1975%
  [   572500,   573000)         2296    0.0048%  58.2023%
  [   573000,   573500)         2396    0.0050%  58.2073%
  [   573500,   574000)         2454    0.0051%  58.2124%
  [   574000,   574500)         2496    0.0052%  58.2176%
  [   574500,   575000)         2509    0.0052%  58.2229%
  [   575000,   575500)         2662    0.0056%  58.2284%
  [   575500,   576000)         2582    0.0054%  58.2338%
  [   576000,   576500)         2650    0.0055%  58.2394%
  [   576500,   577000)         2695    0.0056%  58.2450%
  [   577000,   577500)         2767    0.0058%  58.2507%
  [   577500,   578000)         2687    0.0056%  58.2564%
  [   578000,   578500)         2846    0.0059%  58.2623%
  [   578500,   579000)         2837    0.0059%  58.2682%
  [   579000,   579500)         2843    0.0059%  58.2742%
  [   579500,   580000)         2977    0.0062%  58.2804%
  [   580000,   580500)         2936    0.0061%  58.2865%
  [   580500,   581000)         2936    0.0061%  58.2926%
  [   581000,   581500)         2922    0.0061%  58.2987%
  [   581500,   582000)         3204    0.0067%  58.3054%
  [   582000,   582500)         3244    0.0068%  58.3122%
  [   582500,   583000)         3192    0.0067%  58.3188%
  [   583000,   583500)         3197    0.0067%  58.3255%
  [   583500,   584000)         3318    0.0069%  58.3324%
  [   584000,   584500)         3498    0.0073%  58.3397%
  [   584500,   585000)         3416    0.0071%  58.3469%
  [   585000,   585500)         3533    0.0074%  58.3542%
  [   585500,   586000)         3558    0.0074%  58.3617%
  [   586000,   586500)         3556    0.0074%  58.3691%
  [   586500,   587000)         3677    0.0077%  58.3768%
  [   587000,   587500)         3714    0.0078%  58.3845%
  [   587500,   588000)         3872    0.0081%  58.3926%
  [   588000,   588500)         3847    0.0080%  58.4006%
  [   588500,   589000)         3933    0.0082%  58.4088%
  [   589000,   589500)         3994    0.0083%  58.4172%
  [   589500,   590000)         4082    0.0085%  58.4257%
  [   590000,   590500)         4183    0.0087%  58.4344%
  [   590500,   591000)         4191    0.0087%  58.4432%
  [   591000,   591500)         4244    0.0089%  58.4520%
  [   591500,   592000)         4392    0.0092%  58.4612%
  [   592000,   592500)         4431    0.0092%  58.4704%
  [   592500,   593000)         4536    0.0095%  58.4799%
  [   593000,   593500)         4691    0.0098%  58.4897%
  [   593500,   594000)         4682    0.0098%  58.4995%
  [   594000,   594500)         4853    0.0101%  58.5096%
  [   594500,   595000)         4979    0.0104%  58.5200%
  [   595000,   595500)         5070    0.0106%  58.5305%
  [   595500,   596000)         5045    0.0105%  58.5411%
  [   596000,   596500)         5154    0.0108%  58.5518%
  [   596500,   597000)         5344    0.0112%  58.5630%
  [   597000,   597500)         5317    0.0111%  58.5741%
  [   597500,   598000)         5465    0.0114%  58.5855%
  [   598000,   598500)         5570    0.0116%  58.5971%
  [   598500,   599000)         5661    0.0118%  58.6089%
  [   599000,   599500)         5733    0.0120%  58.6209%
  [   599500,   600000)         5978    0.0125%  58.6334%
  [   600000,   600500)         6036    0.0126%  58.6460%
  [   600500,   601000)         6242    0.0130%  58.6590%
  [   601000,   601500)         6204    0.0129%  58.6719%
  [   601500,   602000)         6480    0.0135%  58.6855%
  [   602000,   602500)         6562    0.0137%  58.6992%
  [   602500,   603000)         6675    0.0139%  58.7131%
  [   603000,   603500)         6667    0.0139%  58.7270%
  [   603500,   604000)         7014    0.0146%  58.7416%
  [   604000,   604500)         7069    0.0148%  58.7564%
  [   604500,   605000)         7224    0.0151%  58.7715%
  [   605000,   605500)         7123    0.0149%  58.7863%
  [   605500,   606000)         7627    0.0159%  58.8023%
  [   606000,   606500)         7398    0.0154%  58.8177%
  [   606500,   607000)         7782    0.0162%  58.8339%
  [   607000,   607500)         7907    0.0165%  58.8504%
  [   607500,   608000)         8125    0.0170%  58.8674%
  [   608000,   608500)         8120    0.0169%  58.8843%
  [   608500,   609000)         8259    0.0172%  58.9016%
  [   609000,   609500)         8337    0.0174%  58.9190%
  [   609500,   610000)         8664    0.0181%  58.9371%
  [   610000,   610500)         8615    0.0180%  58.9550%
  [   610500,   611000)         8693    0.0181%  58.9732%
  [   611000,   611500)         9220    0.0192%  58.9924%
  [   611500,   612000)         9091    0.0190%  59.0114%
  [   612000,   612500)         9524    0.0199%  59.0313%
  [   612500,   613000)         9570    0.0200%  59.0512%
  [   613000,   613500)         9824    0.0205%  59.0717%
  [   613500,   614000)         9725    0.0203%  59.0920%
  [   614000,   614500)         9911    0.0207%  59.1127%
  [   614500,   615000)        10246    0.0214%  59.1341%
  [   615000,   615500)        10528    0.0220%  59.1561%
  [   615500,   616000)        10728    0.0224%  59.1785%
  [   616000,   616500)        10898    0.0227%  59.2012%
  [   616500,   617000)        11111    0.0232%  59.2244%
  [   617000,   617500)        11228    0.0234%  59.2478%
  [   617500,   618000)        11318    0.0236%  59.2714%
  [   618000,   618500)        11670    0.0244%  59.2958%
  [   618500,   619000)        11762    0.0245%  59.3203%
  [   619000,   619500)        12180    0.0254%  59.3458%
  [   619500,   620000)        12348    0.0258%  59.3715%
  [   620000,   620500)        12454    0.0260%  59.3975%
  [   620500,   621000)        12762    0.0266%  59.4242%
  [   621000,   621500)        13018    0.0272%  59.4513%
  [   621500,   622000)        13170    0.0275%  59.4788%
  [   622000,   622500)        13331    0.0278%  59.5066%
  [   622500,   623000)        13349    0.0279%  59.5345%
  [   623000,   623500)        14006    0.0292%  59.5637%
  [   623500,   624000)        14128    0.0295%  59.5932%
  [   624000,   624500)        14299    0.0298%  59.6230%
  [   624500,   625000)        14583    0.0304%  59.6535%
  [   625000,   625500)        14649    0.0306%  59.6841%
  [   625500,   626000)        15069    0.0314%  59.7155%
  [   626000,   626500)        15329    0.0320%  59.7475%
  [   626500,   627000)        15351    0.0320%  59.7795%
  [   627000,   627500)        15526    0.0324%  59.8119%
  [   627500,   628000)        15921    0.0332%  59.8452%
  [   628000,   628500)        16229    0.0339%  59.8790%
  [   628500,   629000)        16449    0.0343%  59.9134%
  [   629000,   629500)        16727    0.0349%  59.9483%
  [   629500,   630000)        16935    0.0353%  59.9836%
  [   630000,   630500)        17021    0.0355%  60.0191%
  [   630500,   631000)        17296    0.0361%  60.0552%
  [   631000,   631500)        17677    0.0369%  60.0921%
  [   631500,   632000)        18172    0.0379%  60.1300%
  [   632000,   632500)        18370    0.0383%  60.1684%
  [   632500,   633000)        18478    0.0386%  60.2069%
  [   633000,   633500)        18786    0.0392%  60.2461%
  [   633500,   634000)        19043    0.0397%  60.2859%
  [   634000,   634500)        19309    0.0403%  60.3262%
  [   634500,   635000)        19480    0.0407%  60.3668%
  [   635000,   635500)        19745    0.0412%  60.4080%
  [   635500,   636000)        19896    0.0415%  60.4496%
  [   636000,   636500)        20358    0.0425%  60.4921%
  [   636500,   637000)        20462    0.0427%  60.5348%
  [   637000,   637500)        20741    0.0433%  60.5780%
  [   637500,   638000)        21067    0.0440%  60.6220%
  [   638000,   638500)        21345    0.0445%  60.6666%
  [   638500,   639000)        22002    0.0459%  60.7125%
  [   639000,   639500)        22056    0.0460%  60.7585%
  [   639500,   640000)        22488    0.0469%  60.8054%
  [   640000,   640500)        23015    0.0480%  60.8535%
  [   640500,   641000)        22995    0.0480%  60.9015%
  [   641000,   641500)        23305    0.0486%  60.9501%
  [   641500,   642000)        23819    0.0497%  60.9998%
  [   642000,   642500)        23763    0.0496%  61.0494%
  [   642500,   643000)        24215    0.0505%  61.0999%
  [   643000,   643500)        24540    0.0512%  61.1511%
  [   643500,   644000)        24640    0.0514%  61.2026%
  [   644000,   644500)        24812    0.0518%  61.2543%
  [   644500,   645000)        25479    0.0532%  61.3075%
  [   645000,   645500)        25430    0.0531%  61.3606%
  [   645500,   646000)        25909    0.0541%  61.4147%
  [   646000,   646500)        26543    0.0554%  61.4701%
  [   646500,   647000)        26659    0.0556%  61.5257%
  [   647000,   647500)        27167    0.0567%  61.5824%
  [   647500,   648000)        27111    0.0566%  61.6390%
  [   648000,   648500)        27283    0.0569%  61.6959%
  [   648500,   649000)        28102    0.0586%  61.7546%
  [   649000,   649500)        28382    0.0592%  61.8138%
  [   649500,   650000)        28581    0.0596%  61.8734%
  [   650000,   650500)        28556    0.0596%  61.9330%
  [   650500,   651000)        29288    0.0611%  61.9942%
  [   651000,   651500)        29396    0.0613%  62.0555%
  [   651500,   652000)        29922    0.0624%  62.1179%
  [   652000,   652500)        30002    0.0626%  62.1806%
  [   652500,   653000)        30536    0.0637%  62.2443%
  [   653000,   653500)        30511    0.0637%  62.3080%
  [   653500,   654000)        31133    0.0650%  62.3729%
  [   654000,   654500)        31002    0.0647%  62.4376%
  [   654500,   655000)        31818    0.0664%  62.5040%
  [   655000,   655500)        31774    0.0663%  62.5703%
  [   655500,   656000)        32229    0.0673%  62.6376%
  [   656000,   656500)        32684    0.0682%  62.7058%
  [   656500,   657000)        32948    0.0688%  62.7746%
  [   657000,   657500)        33329    0.0696%  62.8441%
  [   657500,   658000)        33893    0.0707%  62.9149%
  [   658000,   658500)        33852    0.0706%  62.9855%
  [   658500,   659000)        33993    0.0709%  63.0565%
  [   659000,   659500)        34437    0.0719%  63.1283%
  [   659500,   660000)        34865    0.0728%  63.2011%
  [   660000,   660500)        35139    0.0733%  63.2744%
  [   660500,   661000)        35150    0.0734%  63.3478%
  [   661000,   661500)        35934    0.0750%  63.4228%
  [   661500,   662000)        36356    0.0759%  63.4986%
  [   662000,   662500)        36460    0.0761%  63.5747%
  [   662500,   663000)        36851    0.0769%  63.6516%
  [   663000,   663500)        37072    0.0774%  63.7290%
  [   663500,   664000)        37486    0.0782%  63.8072%
  [   664000,   664500)        37749    0.0788%  63.8860%
  [   664500,   665000)        37967    0.0792%  63.9653%
  [   665000,   665500)        38443    0.0802%  64.0455%
  [   665500,   666000)        38514    0.0804%  64.1259%
  [   666000,   666500)        38998    0.0814%  64.2073%
  [   666500,   667000)        39155    0.0817%  64.2890%
  [   667000,   667500)        39507    0.0824%  64.3714%
  [   667500,   668000)        39763    0.0830%  64.4544%
  [   668000,   668500)        39973    0.0834%  64.5378%
  [   668500,   669000)        40682    0.0849%  64.6227%
  [   669000,   669500)        40802    0.0852%  64.7079%
  [   669500,   670000)        41158    0.0859%  64.7938%
  [   670000,   670500)        41191    0.0860%  64.8797%
  [   670500,   671000)        41673    0.0870%  64.9667%
  [   671000,   671500)        42148    0.0880%  65.0547%
  [   671500,   672000)        42571    0.0888%  65.1435%
  [   672000,   672500)        42998    0.0897%  65.2332%
  [   672500,   673000)        42859    0.0894%  65.3227%
  [   673000,   673500)        43389    0.0906%  65.4132%
  [   673500,   674000)        43635    0.0911%  65.5043%
  [   674000,   674500)        43950    0.0917%  65.5960%
  [   674500,   675000)        43912    0.0916%  65.6877%
  [   675000,   675500)        44441    0.0927%  65.7804%
  [   675500,   676000)        44852    0.0936%  65.8740%
  [   676000,   676500)        45182    0.0943%  65.9683%
  [   676500,   677000)        45349    0.0946%  66.0630%
  [   677000,   677500)        45856    0.0957%  66.1587%
  [   677500,   678000)        45780    0.0955%  66.2542%
  [   678000,   678500)        46178    0.0964%  66.3506%
  [   678500,   679000)        46963    0.0980%  66.4486%
  [   679000,   679500)        46498    0.0970%  66.5456%
  [   679500,   680000)        47248    0.0986%  66.6442%
  [   680000,   680500)        47515    0.0992%  66.7434%
  [   680500,   681000)        47627    0.0994%  66.8428%
  [   681000,   681500)        47600    0.0993%  66.9421%
  [   681500,   682000)        48100    0.1004%  67.0425%
  [   682000,   682500)        48075    0.1003%  67.1428%
  [   682500,   683000)        48608    0.1014%  67.2443%
  [   683000,   683500)        49010    0.1023%  67.3466%
  [   683500,   684000)        49067    0.1024%  67.4490%
  [   684000,   684500)        49551    0.1034%  67.5524%
  [   684500,   685000)        49632    0.1036%  67.6559%
  [   685000,   685500)        49687    0.1037%  67.7596%
  [   685500,   686000)        49996    0.1043%  67.8640%
  [   686000,   686500)        50374    0.1051%  67.9691%
  [   686500,   687000)        50426    0.1052%  68.0743%
  [   687000,   687500)        50751    0.1059%  68.1803%
  [   687500,   688000)        50980    0.1064%  68.2867%
  [   688000,   688500)        51144    0.1067%  68.3934%
  [   688500,   689000)        51249    0.1070%  68.5003%
  [   689000,   689500)        51810    0.1081%  68.6085%
  [   689500,   690000)        51698    0.1079%  68.7164%
  [   690000,   690500)        52505    0.1096%  68.8259%
  [   690500,   691000)        52349    0.1093%  68.9352%
  [   691000,   691500)        52601    0.1098%  69.0450%
  [   691500,   692000)        53134    0.1109%  69.1558%
  [   692000,   692500)        53127    0.1109%  69.2667%
  [   692500,   693000)        52938    0.1105%  69.3772%
  [   693000,   693500)        53229    0.1111%  69.4883%
  [   693500,   694000)        53967    0.1126%  69.6009%
  [   694000,   694500)        54255    0.1132%  69.7141%
  [   694500,   695000)        54058    0.1128%  69.8270%
  [   695000,   695500)        54025    0.1127%  69.9397%
  [   695500,   696000)        54392    0.1135%  70.0532%
  [   696000,   696500)        54818    0.1144%  70.1676%
  [   696500,   697000)        54891    0.1146%  70.2822%
  [   697000,   697500)        55097    0.1150%  70.3972%
  [   697500,   698000)        55401    0.1156%  70.5128%
  [   698000,   698500)        54823    0.1144%  70.6272%
  [   698500,   699000)        55326    0.1155%  70.7427%
  [   699000,   699500)        55257    0.1153%  70.8580%
  [   699500,   700000)        55620    0.1161%  70.9741%
  [   700000,   700500)        55480    0.1158%  71.0898%
  [   700500,   701000)        55954    0.1168%  71.2066%
  [   701000,   701500)        56132    0.1171%  71.3238%
  [   701500,   702000)        56825    0.1186%  71.4423%
  [   702000,   702500)        56587    0.1181%  71.5604%
  [   702500,   703000)        56506    0.1179%  71.6784%
  [   703000,   703500)        56591    0.1181%  71.7965%
  [   703500,   704000)        57013    0.1190%  71.9155%
  [   704000,   704500)        57146    0.1193%  72.0347%
  [   704500,   705000)        57564    0.1201%  72.1549%
  [   705000,   705500)        57525    0.1201%  72.2749%
  [   705500,   706000)        57402    0.1198%  72.3947%
  [   706000,   706500)        57492    0.1200%  72.5147%
  [   706500,   707000)        57463    0.1199%  72.6346%
  [   707000,   707500)        57593    0.1202%  72.7548%
  [   707500,   708000)        58055    0.1212%  72.8760%
  [   708000,   708500)        58206    0.1215%  72.9974%
  [   708500,   709000)        58467    0.1220%  73.1194%
  [   709000,   709500)        58627    0.1224%  73.2418%
  [   709500,   710000)        58088    0.1212%  73.3630%
  [   710000,   710500)        58321    0.1217%  73.4847%
  [   710500,   711000)        58345    0.1218%  73.6065%
  [   711000,   711500)        58556    0.1222%  73.7287%
  [   711500,   712000)        58913    0.1229%  73.8517%
  [   712000,   712500)        58542    0.1222%  73.9738%
  [   712500,   713000)        58754    0.1226%  74.0964%
  [   713000,   713500)        58825    0.1228%  74.2192%
  [   713500,   714000)        59198    0.1235%  74.3428%
  [   714000,   714500)        58986    0.1231%  74.4659%
  [   714500,   715000)        58985    0.1231%  74.5890%
  [   715000,   715500)        59208    0.1236%  74.7125%
  [   715500,   716000)        59263    0.1237%  74.8362%
  [   716000,   716500)        59279    0.1237%  74.9599%
  [   716500,   717000)        59714    0.1246%  75.0845%
  [   717000,   717500)        59310    0.1238%  75.2083%
  [   717500,   718000)        59479    0.1241%  75.3324%
  [   718000,   718500)        59629    0.1244%  75.4569%
  [   718500,   719000)        59942    0.1251%  75.5820%
  [   719000,   719500)        59408    0.1240%  75.7060%
  [   719500,   720000)        59362    0.1239%  75.8299%
  [   720000,   720500)        59443    0.1241%  75.9539%
  [   720500,   721000)        59621    0.1244%  76.0783%
  [   721000,   721500)        59437    0.1240%  76.2024%
  [   721500,   722000)        59060    0.1233%  76.3256%
  [   722000,   722500)        59475    0.1241%  76.4498%
  [   722500,   723000)        59350    0.1239%  76.5736%
  [   723000,   723500)        59297    0.1238%  76.6974%
  [   723500,   724000)        59571    0.1243%  76.8217%
  [   724000,   724500)        59243    0.1236%  76.9453%
  [   724500,   725000)        59247    0.1236%  77.0690%
  [   725000,   725500)        59337    0.1238%  77.1928%
  [   725500,   726000)        59190    0.1235%  77.3163%
  [   726000,   726500)        59622    0.1244%  77.4408%
  [   726500,   727000)        59723    0.1246%  77.5654%
  [   727000,   727500)        59227    0.1236%  77.6890%
  [   727500,   728000)        59095    0.1233%  77.8123%
  [   728000,   728500)        58963    0.1231%  77.9354%
  [   728500,   729000)        59225    0.1236%  78.0590%
  [   729000,   729500)        59501    0.1242%  78.1832%
  [   729500,   730000)        58692    0.1225%  78.3056%
  [   730000,   730500)        58933    0.1230%  78.4286%
  [   730500,   731000)        58735    0.1226%  78.5512%
  [   731000,   731500)        59023    0.1232%  78.6744%
  [   731500,   732000)        58597    0.1223%  78.7967%
  [   732000,   732500)        58936    0.1230%  78.9197%
  [   732500,   733000)        58607    0.1223%  79.0420%
  [   733000,   733500)        59141    0.1234%  79.1654%
  [   733500,   734000)        58746    0.1226%  79.2880%
  [   734000,   734500)        58776    0.1227%  79.4107%
  [   734500,   735000)        58785    0.1227%  79.5334%
  [   735000,   735500)        58367    0.1218%  79.6552%
  [   735500,   736000)        58400    0.1219%  79.7770%
  [   736000,   736500)        58174    0.1214%  79.8985%
  [   736500,   737000)        57814    0.1207%  80.0191%
  [   737000,   737500)        57648    0.1203%  80.1394%
  [   737500,   738000)        58191    0.1214%  80.2609%
  [   738000,   738500)        57996    0.1210%  80.3819%
  [   738500,   739000)        57647    0.1203%  80.5022%
  [   739000,   739500)        57665    0.1203%  80.6225%
  [   739500,   740000)        57325    0.1196%  80.7422%
  [   740000,   740500)        57480    0.1200%  80.8621%
  [   740500,   741000)        56913    0.1188%  80.9809%
  [   741000,   741500)        57702    0.1204%  81.1013%
  [   741500,   742000)        57194    0.1194%  81.2207%
  [   742000,   742500)        56944    0.1188%  81.3395%
  [   742500,   743000)        57199    0.1194%  81.4589%
  [   743000,   743500)        56773    0.1185%  81.5774%
  [   743500,   744000)        56531    0.1180%  81.6954%
  [   744000,   744500)        56308    0.1175%  81.8129%
  [   744500,   745000)        56320    0.1175%  81.9304%
  [   745000,   745500)        56145    0.1172%  82.0476%
  [   745500,   746000)        55857    0.1166%  82.1642%
  [   746000,   746500)        56012    0.1169%  82.2811%
  [   746500,   747000)        55575    0.1160%  82.3970%
  [   747000,   747500)        55452    0.1157%  82.5128%
  [   747500,   748000)        55546    0.1159%  82.6287%
  [   748000,   748500)        55448    0.1157%  82.7444%
  [   748500,   749000)        55319    0.1154%  82.8599%
  [   749000,   749500)        55011    0.1148%  82.9747%
  [   749500,   750000)        55567    0.1160%  83.0906%
  [   750000,   750500)        55241    0.1153%  83.2059%
  [   750500,   751000)        54506    0.1138%  83.3197%
  [   751000,   751500)        54552    0.1138%  83.4335%
  [   751500,   752000)        54223    0.1132%  83.5467%
  [   752000,   752500)        54507    0.1138%  83.6604%
  [   752500,   753000)        54020    0.1127%  83.7732%
  [   753000,   753500)        53070    0.1108%  83.8839%
  [   753500,   754000)        53500    0.1117%  83.9956%
  [   754000,   754500)        53116    0.1109%  84.1064%
  [   754500,   755000)        52955    0.1105%  84.2169%
  [   755000,   755500)        52749    0.1101%  84.3270%
  [   755500,   756000)        53142    0.1109%  84.4379%
  [   756000,   756500)        52833    0.1103%  84.5482%
  [   756500,   757000)        52768    0.1101%  84.6583%
  [   757000,   757500)        52873    0.1103%  84.7687%
  [   757500,   758000)        52172    0.1089%  84.8775%
  [   758000,   758500)        52214    0.1090%  84.9865%
  [   758500,   759000)        51883    0.1083%  85.0948%
  [   759000,   759500)        51361    0.1072%  85.2020%
  [   759500,   760000)        51793    0.1081%  85.3101%
  [   760000,   760500)        51133    0.1067%  85.4168%
  [   760500,   761000)        50993    0.1064%  85.5232%
  [   761000,   761500)        50870    0.1062%  85.6294%
  [   761500,   762000)        50816    0.1061%  85.7354%
  [   762000,   762500)        50430    0.1052%  85.8407%
  [   762500,   763000)        50303    0.1050%  85.9456%
  [   763000,   763500)        50229    0.1048%  86.0505%
  [   763500,   764000)        49536    0.1034%  86.1538%
  [   764000,   764500)        49767    0.1039%  86.2577%
  [   764500,   765000)        49303    0.1029%  86.3606%
  [   765000,   765500)        49091    0.1025%  86.4630%
  [   765500,   766000)        49307    0.1029%  86.5659%
  [   766000,   766500)        49087    0.1024%  86.6684%
  [   766500,   767000)        48991    0.1022%  86.7706%
  [   767000,   767500)        48537    0.1013%  86.8719%
  [   767500,   768000)        48005    0.1002%  86.9721%
  [   768000,   768500)        48171    0.1005%  87.0726%
  [   768500,   769000)        47886    0.0999%  87.1726%
  [   769000,   769500)        47811    0.0998%  87.2724%
  [   769500,   770000)        47551    0.0992%  87.3716%
  [   770000,   770500)        47533    0.0992%  87.4708%
  [   770500,   771000)        47051    0.0982%  87.5690%
  [   771000,   771500)        46573    0.0972%  87.6662%
  [   771500,   772000)        46974    0.0980%  87.7642%
  [   772000,   772500)        46341    0.0967%  87.8609%
  [   772500,   773000)        46402    0.0968%  87.9578%
  [   773000,   773500)        46230    0.0965%  88.0542%
  [   773500,   774000)        46204    0.0964%  88.1507%
  [   774000,   774500)        45781    0.0955%  88.2462%
  [   774500,   775000)        45594    0.0952%  88.3414%
  [   775000,   775500)        45400    0.0947%  88.4361%
  [   775500,   776000)        45104    0.0941%  88.5302%
  [   776000,   776500)        45103    0.0941%  88.6244%
  [   776500,   777000)        44366    0.0926%  88.7170%
  [   777000,   777500)        44647    0.0932%  88.8101%
  [   777500,   778000)        44206    0.0923%  88.9024%
  [   778000,   778500)        43900    0.0916%  88.9940%
  [   778500,   779000)        43694    0.0912%  89.0852%
  [   779000,   779500)        43081    0.0899%  89.1751%
  [   779500,   780000)        43555    0.0909%  89.2660%
  [   780000,   780500)        42729    0.0892%  89.3552%
  [   780500,   781000)        42830    0.0894%  89.4446%
  [   781000,   781500)        42739    0.0892%  89.5338%
  [   781500,   782000)        42456    0.0886%  89.6224%
  [   782000,   782500)        42304    0.0883%  89.7106%
  [   782500,   783000)        41804    0.0872%  89.7979%
  [   783000,   783500)        41406    0.0864%  89.8843%
  [   783500,   784000)        41182    0.0859%  89.9702%
  [   784000,   784500)        41323    0.0862%  90.0565%
  [   784500,   785000)        40871    0.0853%  90.1418%
  [   785000,   785500)        40682    0.0849%  90.2267%
  [   785500,   786000)        40428    0.0844%  90.3111%
  [   786000,   786500)        40419    0.0844%  90.3954%
  [   786500,   787000)        40148    0.0838%  90.4792%
  [   787000,   787500)        39864    0.0832%  90.5624%
  [   787500,   788000)        39840    0.0831%  90.6455%
  [   788000,   788500)        39490    0.0824%  90.7279%
  [   788500,   789000)        39364    0.0822%  90.8101%
  [   789000,   789500)        39061    0.0815%  90.8916%
  [   789500,   790000)        38524    0.0804%  90.9720%
  [   790000,   790500)        38298    0.0799%  91.0519%
  [   790500,   791000)        38392    0.0801%  91.1321%
  [   791000,   791500)        37855    0.0790%  91.2111%
  [   791500,   792000)        37661    0.0786%  91.2897%
  [   792000,   792500)        37605    0.0785%  91.3681%
  [   792500,   793000)        37516    0.0783%  91.4464%
  [   793000,   793500)        37050    0.0773%  91.5238%
  [   793500,   794000)        36701    0.0766%  91.6004%
  [   794000,   794500)        36611    0.0764%  91.6768%
  [   794500,   795000)        36524    0.0762%  91.7530%
  [   795000,   795500)        36086    0.0753%  91.8283%
  [   795500,   796000)        36058    0.0753%  91.9035%
  [   796000,   796500)        35459    0.0740%  91.9775%
  [   796500,   797000)        35831    0.0748%  92.0523%
  [   797000,   797500)        35808    0.0747%  92.1271%
  [   797500,   798000)        35048    0.0731%  92.2002%
  [   798000,   798500)        34803    0.0726%  92.2728%
  [   798500,   799000)        34744    0.0725%  92.3453%
  [   799000,   799500)        33986    0.0709%  92.4163%
  [   799500,   800000)        34140    0.0712%  92.4875%
  [   800000,   800500)        33915    0.0708%  92.5583%
  [   800500,   801000)        33555    0.0700%  92.6283%
  [   801000,   801500)        33528    0.0700%  92.6983%
  [   801500,   802000)        33283    0.0695%  92.7678%
  [   802000,   802500)        32915    0.0687%  92.8364%
  [   802500,   803000)        32587    0.0680%  92.9045%
  [   803000,   803500)        32849    0.0686%  92.9730%
  [   803500,   804000)        32372    0.0676%  93.0406%
  [   804000,   804500)        32217    0.0672%  93.1078%
  [   804500,   805000)        31852    0.0665%  93.1743%
  [   805000,   805500)        32111    0.0670%  93.2413%
  [   805500,   806000)        31264    0.0652%  93.3065%
  [   806000,   806500)        31191    0.0651%  93.3716%
  [   806500,   807000)        31153    0.0650%  93.4366%
  [   807000,   807500)        30706    0.0641%  93.5007%
  [   807500,   808000)        30422    0.0635%  93.5642%
  [   808000,   808500)        30678    0.0640%  93.6282%
  [   808500,   809000)        30150    0.0629%  93.6912%
  [   809000,   809500)        29820    0.0622%  93.7534%
  [   809500,   810000)        29798    0.0622%  93.8156%
  [   810000,   810500)        29768    0.0621%  93.8777%
  [   810500,   811000)        29101    0.0607%  93.9384%
  [   811000,   811500)        28885    0.0603%  93.9987%
  [   811500,   812000)        28784    0.0601%  94.0588%
  [   812000,   812500)        28569    0.0596%  94.1184%
  [   812500,   813000)        28386    0.0592%  94.1777%
  [   813000,   813500)        27866    0.0582%  94.2358%
  [   813500,   814000)        28263    0.0590%  94.2948%
  [   814000,   814500)        27781    0.0580%  94.3528%
  [   814500,   815000)        27390    0.0572%  94.4099%
  [   815000,   815500)        27548    0.0575%  94.4674%
  [   815500,   816000)        26995    0.0563%  94.5238%
  [   816000,   816500)        26786    0.0559%  94.5797%
  [   816500,   817000)        26567    0.0554%  94.6351%
  [   817000,   817500)        26460    0.0552%  94.6903%
  [   817500,   818000)        26167    0.0546%  94.7449%
  [   818000,   818500)        26100    0.0545%  94.7994%
  [   818500,   819000)        25739    0.0537%  94.8531%
  [   819000,   819500)        25574    0.0534%  94.9065%
  [   819500,   820000)        25154    0.0525%  94.9590%
  [   820000,   820500)        24942    0.0521%  95.0110%
  [   820500,   821000)        24857    0.0519%  95.0629%
  [   821000,   821500)        24891    0.0519%  95.1149%
  [   821500,   822000)        24766    0.0517%  95.1665%
  [   822000,   822500)        24646    0.0514%  95.2180%
  [   822500,   823000)        24319    0.0508%  95.2687%
  [   823000,   823500)        23965    0.0500%  95.3188%
  [   823500,   824000)        23848    0.0498%  95.3685%
  [   824000,   824500)        23541    0.0491%  95.4177%
  [   824500,   825000)        23250    0.0485%  95.4662%
  [   825000,   825500)        23168    0.0484%  95.5145%
  [   825500,   826000)        22770    0.0475%  95.5620%
  [   826000,   826500)        22796    0.0476%  95.6096%
  [   826500,   827000)        22481    0.0469%  95.6565%
  [   827000,   827500)        22529    0.0470%  95.7036%
  [   827500,   828000)        22285    0.0465%  95.7501%
  [   828000,   828500)        21982    0.0459%  95.7959%
  [   828500,   829000)        21690    0.0453%  95.8412%
  [   829000,   829500)        21691    0.0453%  95.8865%
  [   829500,   830000)        21593    0.0451%  95.9315%
  [   830000,   830500)        21303    0.0445%  95.9760%
  [   830500,   831000)        20997    0.0438%  96.0198%
  [   831000,   831500)        20904    0.0436%  96.0634%
  [   831500,   832000)        20425    0.0426%  96.1061%
  [   832000,   832500)        20629    0.0431%  96.1491%
  [   832500,   833000)        20329    0.0424%  96.1915%
  [   833000,   833500)        20033    0.0418%  96.2333%
  [   833500,   834000)        19983    0.0417%  96.2751%
  [   834000,   834500)        19924    0.0416%  96.3166%
  [   834500,   835000)        19573    0.0408%  96.3575%
  [   835000,   835500)        19413    0.0405%  96.3980%
  [   835500,   836000)        19177    0.0400%  96.4380%
  [   836000,   836500)        19358    0.0404%  96.4784%
  [   836500,   837000)        19005    0.0397%  96.5181%
  [   837000,   837500)        18790    0.0392%  96.5573%
  [   837500,   838000)        18724    0.0391%  96.5964%
  [   838000,   838500)        18485    0.0386%  96.6349%
  [   838500,   839000)        18345    0.0383%  96.6732%
  [   839000,   839500)        18145    0.0379%  96.7111%
  [   839500,   840000)        17798    0.0371%  96.7482%
  [   840000,   840500)        17578    0.0367%  96.7849%
  [   840500,   841000)        17892    0.0373%  96.8223%
  [   841000,   841500)        17439    0.0364%  96.8587%
  [   841500,   842000)        17267    0.0360%  96.8947%
  [   842000,   842500)        17393    0.0363%  96.9310%
  [   842500,   843000)        16968    0.0354%  96.9664%
  [   843000,   843500)        16908    0.0353%  97.0017%
  [   843500,   844000)        16778    0.0350%  97.0367%
  [   844000,   844500)        16577    0.0346%  97.0713%
  [   844500,   845000)        16325    0.0341%  97.1054%
  [   845000,   845500)        16152    0.0337%  97.1391%
  [   845500,   846000)        16091    0.0336%  97.1727%
  [   846000,   846500)        15897    0.0332%  97.2058%
  [   846500,   847000)        15669    0.0327%  97.2385%
  [   847000,   847500)        15674    0.0327%  97.2712%
  [   847500,   848000)        15212    0.0317%  97.3030%
  [   848000,   848500)        15270    0.0319%  97.3349%
  [   848500,   849000)        15151    0.0316%  97.3665%
  [   849000,   849500)        14907    0.0311%  97.3976%
  [   849500,   850000)        14768    0.0308%  97.4284%
  [   850000,   850500)        14430    0.0301%  97.4585%
  [   850500,   851000)        14547    0.0304%  97.4889%
  [   851000,   851500)        14377    0.0300%  97.5189%
  [   851500,   852000)        14114    0.0295%  97.5483%
  [   852000,   852500)        14128    0.0295%  97.5778%
  [   852500,   853000)        14023    0.0293%  97.6071%
  [   853000,   853500)        13641    0.0285%  97.6356%
  [   853500,   854000)        13729    0.0287%  97.6642%
  [   854000,   854500)        13582    0.0283%  97.6926%
  [   854500,   855000)        13461    0.0281%  97.7207%
  [   855000,   855500)        13313    0.0278%  97.7484%
  [   855500,   856000)        13347    0.0279%  97.7763%
  [   856000,   856500)        12935    0.0270%  97.8033%
  [   856500,   857000)        12944    0.0270%  97.8303%
  [   857000,   857500)        12690    0.0265%  97.8568%
  [   857500,   858000)        12730    0.0266%  97.8834%
  [   858000,   858500)        12632    0.0264%  97.9097%
  [   858500,   859000)        12607    0.0263%  97.9360%
  [   859000,   859500)        12209    0.0255%  97.9615%
  [   859500,   860000)        12225    0.0255%  97.9870%
  [   860000,   860500)        11862    0.0248%  98.0118%
  [   860500,   861000)        11945    0.0249%  98.0367%
  [   861000,   861500)        11990    0.0250%  98.0617%
  [   861500,   862000)        11647    0.0243%  98.0860%
  [   862000,   862500)        11550    0.0241%  98.1101%
  [   862500,   863000)        11299    0.0236%  98.1337%
  [   863000,   863500)        11011    0.0230%  98.1567%
  [   863500,   864000)        11038    0.0230%  98.1797%
  [   864000,   864500)        10973    0.0229%  98.2026%
  [   864500,   865000)        11002    0.0230%  98.2256%
  [   865000,   865500)        10663    0.0223%  98.2478%
  [   865500,   866000)        10723    0.0224%  98.2702%
  [   866000,   866500)        10541    0.0220%  98.2922%
  [   866500,   867000)        10207    0.0213%  98.3135%
  [   867000,   867500)        10137    0.0212%  98.3347%
  [   867500,   868000)        10271    0.0214%  98.3561%
  [   868000,   868500)        10034    0.0209%  98.3771%
  [   868500,   869000)        10076    0.0210%  98.3981%
  [   869000,   869500)        10041    0.0210%  98.4190%
  [   869500,   870000)         9636    0.0201%  98.4391%
  [   870000,   870500)         9426    0.0197%  98.4588%
  [   870500,   871000)         9554    0.0199%  98.4788%
  [   871000,   871500)         9459    0.0197%  98.4985%
  [   871500,   872000)         9420    0.0197%  98.5182%
  [   872000,   872500)         9191    0.0192%  98.5373%
  [   872500,   873000)         9234    0.0193%  98.5566%
  [   873000,   873500)         9016    0.0188%  98.5754%
  [   873500,   874000)         8926    0.0186%  98.5941%
  [   874000,   874500)         8733    0.0182%  98.6123%
  [   874500,   875000)         8719    0.0182%  98.6305%
  [   875000,   875500)         8760    0.0183%  98.6488%
  [   875500,   876000)         8635    0.0180%  98.6668%
  [   876000,   876500)         8490    0.0177%  98.6845%
  [   876500,   877000)         8174    0.0171%  98.7016%
  [   877000,   877500)         8292    0.0173%  98.7189%
  [   877500,   878000)         8172    0.0171%  98.7359%
  [   878000,   878500)         8199    0.0171%  98.7530%
  [   878500,   879000)         8010    0.0167%  98.7697%
  [   879000,   879500)         7829    0.0163%  98.7861%
  [   879500,   880000)         7829    0.0163%  98.8024%
  [   880000,   880500)         7713    0.0161%  98.8185%
  [   880500,   881000)         7602    0.0159%  98.8344%
  [   881000,   881500)         7778    0.0162%  98.8506%
  [   881500,   882000)         7371    0.0154%  98.8660%
  [   882000,   882500)         7233    0.0151%  98.8811%
  [   882500,   883000)         7123    0.0149%  98.8960%
  [   883000,   883500)         7235    0.0151%  98.9111%
  [   883500,   884000)         7152    0.0149%  98.9260%
  [   884000,   884500)         6957    0.0145%  98.9405%
  [   884500,   885000)         6912    0.0144%  98.9549%
  [   885000,   885500)         6777    0.0141%  98.9691%
  [   885500,   886000)         6600    0.0138%  98.9828%
  [   886000,   886500)         6761    0.0141%  98.9970%
  [   886500,   887000)         6585    0.0137%  99.0107%
  [   887000,   887500)         6536    0.0136%  99.0243%
  [   887500,   888000)         6309    0.0132%  99.0375%
  [   888000,   888500)         6351    0.0133%  99.0508%
  [   888500,   889000)         6164    0.0129%  99.0636%
  [   889000,   889500)         6320    0.0132%  99.0768%
  [   889500,   890000)         6148    0.0128%  99.0896%
  [   890000,   890500)         6064    0.0127%  99.1023%
  [   890500,   891000)         5928    0.0124%  99.1147%
  [   891000,   891500)         5957    0.0124%  99.1271%
  [   891500,   892000)         5849    0.0122%  99.1393%
  [   892000,   892500)         5685    0.0119%  99.1512%
  [   892500,   893000)         5850    0.0122%  99.1634%
  [   893000,   893500)         5634    0.0118%  99.1751%
  [   893500,   894000)         5586    0.0117%  99.1868%
  [   894000,   894500)         5485    0.0114%  99.1982%
  [   894500,   895000)         5324    0.0111%  99.2094%
  [   895000,   895500)         5210    0.0109%  99.2202%
  [   895500,   896000)         5341    0.0111%  99.2314%
  [   896000,   896500)         5254    0.0110%  99.2423%
  [   896500,   897000)         5012    0.0105%  99.2528%
  [   897000,   897500)         5192    0.0108%  99.2636%
  [   897500,   898000)         5050    0.0105%  99.2742%
  [   898000,   898500)         4991    0.0104%  99.2846%
  [   898500,   899000)         4969    0.0104%  99.2950%
  [   899000,   899500)         4846    0.0101%  99.3051%
  [   899500,   900000)         4638    0.0097%  99.3148%
  [   900000,   900500)         4723    0.0099%  99.3246%
  [   900500,   901000)         4605    0.0096%  99.3342%
  [   901000,   901500)         4545    0.0095%  99.3437%
  [   901500,   902000)         4496    0.0094%  99.3531%
  [   902000,   902500)         4464    0.0093%  99.3624%
  [   902500,   903000)         4361    0.0091%  99.3715%
  [   903000,   903500)         4176    0.0087%  99.3802%
  [   903500,   904000)         4375    0.0091%  99.3894%
  [   904000,   904500)         4262    0.0089%  99.3982%
  [   904500,   905000)         4180    0.0087%  99.4070%
  [   905000,   905500)         4138    0.0086%  99.4156%
  [   905500,   906000)         4190    0.0087%  99.4243%
  [   906000,   906500)         3984    0.0083%  99.4327%
  [   906500,   907000)         4103    0.0086%  99.4412%
  [   907000,   907500)         3907    0.0082%  99.4494%
  [   907500,   908000)         3929    0.0082%  99.4576%
  [   908000,   908500)         3819    0.0080%  99.4655%
  [   908500,   909000)         3641    0.0076%  99.4731%
  [   909000,   909500)         3674    0.0077%  99.4808%
  [   909500,   910000)         3658    0.0076%  99.4884%
  [   910000,   910500)         3523    0.0074%  99.4958%
  [   910500,   911000)         3576    0.0075%  99.5033%
  [   911000,   911500)         3375    0.0070%  99.5103%
  [   911500,   912000)         3451    0.0072%  99.5175%
  [   912000,   912500)         3438    0.0072%  99.5247%
  [   912500,   913000)         3410    0.0071%  99.5318%
  [   913000,   913500)         3383    0.0071%  99.5389%
  [   913500,   914000)         3313    0.0069%  99.5458%
  [   914000,   914500)         3281    0.0068%  99.5526%
  [   914500,   915000)         3256    0.0068%  99.5594%
  [   915000,   915500)         3195    0.0067%  99.5661%
  [   915500,   916000)         3066    0.0064%  99.5725%
  [   916000,   916500)         3120    0.0065%  99.5790%
  [   916500,   917000)         2908    0.0061%  99.5851%
  [   917000,   917500)         3020    0.0063%  99.5914%
  [   917500,   918000)         2973    0.0062%  99.5976%
  [   918000,   918500)         2948    0.0062%  99.6037%
  [   918500,   919000)         2776    0.0058%  99.6095%
  [   919000,   919500)         2863    0.0060%  99.6155%
  [   919500,   920000)         2709    0.0057%  99.6211%
  [   920000,   920500)         2773    0.0058%  99.6269%
  [   920500,   921000)         2714    0.0057%  99.6326%
  [   921000,   921500)         2602    0.0054%  99.6380%
  [   921500,   922000)         2695    0.0056%  99.6437%
  [   922000,   922500)         2621    0.0055%  99.6491%
  [   922500,   923000)         2614    0.0055%  99.6546%
  [   923000,   923500)         2516    0.0053%  99.6598%
  [   923500,   924000)         2454    0.0051%  99.6649%
  [   924000,   924500)         2438    0.0051%  99.6700%
  [   924500,   925000)         2495    0.0052%  99.6752%
  [   925000,   925500)         2475    0.0052%  99.6804%
  [   925500,   926000)         2315    0.0048%  99.6852%
  [   926000,   926500)         2249    0.0047%  99.6899%
  [   926500,   927000)         2326    0.0049%  99.6948%
  [   927000,   927500)         2228    0.0046%  99.6994%
  [   927500,   928000)         2205    0.0046%  99.7040%
  [   928000,   928500)         2263    0.0047%  99.7088%
  [   928500,   929000)         2168    0.0045%  99.7133%
  [   929000,   929500)         2125    0.0044%  99.7177%
  [   929500,   930000)         2130    0.0044%  99.7222%
  [   930000,   930500)         2043    0.0043%  99.7264%
  [   930500,   931000)         2057    0.0043%  99.7307%
  [   931000,   931500)         1980    0.0041%  99.7349%
  [   931500,   932000)         1916    0.0040%  99.7389%
  [   932000,   932500)         1947    0.0041%  99.7429%
  [   932500,   933000)         1893    0.0040%  99.7469%
  [   933000,   933500)         1841    0.0038%  99.7507%
  [   933500,   934000)         1844    0.0038%  99.7546%
  [   934000,   934500)         1859    0.0039%  99.7584%
  [   934500,   935000)         1732    0.0036%  99.7621%
  [   935000,   935500)         1769    0.0037%  99.7657%
  [   935500,   936000)         1777    0.0037%  99.7695%
  [   936000,   936500)         1833    0.0038%  99.7733%
  [   936500,   937000)         1666    0.0035%  99.7768%
  [   937000,   937500)         1717    0.0036%  99.7803%
  [   937500,   938000)         1660    0.0035%  99.7838%
  [   938000,   938500)         1623    0.0034%  99.7872%
  [   938500,   939000)         1642    0.0034%  99.7906%
  [   939000,   939500)         1591    0.0033%  99.7939%
  [   939500,   940000)         1508    0.0031%  99.7971%
  [   940000,   940500)         1542    0.0032%  99.8003%
  [   940500,   941000)         1526    0.0032%  99.8035%
  [   941000,   941500)         1515    0.0032%  99.8066%
  [   941500,   942000)         1472    0.0031%  99.8097%
  [   942000,   942500)         1477    0.0031%  99.8128%
  [   942500,   943000)         1449    0.0030%  99.8158%
  [   943000,   943500)         1501    0.0031%  99.8190%
  [   943500,   944000)         1422    0.0030%  99.8219%
  [   944000,   944500)         1376    0.0029%  99.8248%
  [   944500,   945000)         1295    0.0027%  99.8275%
  [   945000,   945500)         1291    0.0027%  99.8302%
  [   945500,   946000)         1327    0.0028%  99.8330%
  [   946000,   946500)         1241    0.0026%  99.8356%
  [   946500,   947000)         1232    0.0026%  99.8381%
  [   947000,   947500)         1246    0.0026%  99.8407%
  [   947500,   948000)         1220    0.0025%  99.8433%
  [   948000,   948500)         1228    0.0026%  99.8458%
  [   948500,   949000)         1165    0.0024%  99.8483%
  [   949000,   949500)         1165    0.0024%  99.8507%
  [   949500,   950000)         1135    0.0024%  99.8531%
  [   950000,   950500)         1089    0.0023%  99.8553%
  [   950500,   951000)         1106    0.0023%  99.8576%
  [   951000,   951500)         1036    0.0022%  99.8598%
  [   951500,   952000)         1132    0.0024%  99.8622%
  [   952000,   952500)         1107    0.0023%  99.8645%
  [   952500,   953000)         1017    0.0021%  99.8666%
  [   953000,   953500)         1112    0.0023%  99.8689%
  [   953500,   954000)         1036    0.0022%  99.8711%
  [   954000,   954500)         1073    0.0022%  99.8733%
  [   954500,   955000)         1035    0.0022%  99.8755%
  [   955000,   955500)          990    0.0021%  99.8776%
  [   955500,   956000)          965    0.0020%  99.8796%
  [   956000,   956500)          974    0.0020%  99.8816%
  [   956500,   957000)          944    0.0020%  99.8836%
  [   957000,   957500)          869    0.0018%  99.8854%
  [   957500,   958000)          961    0.0020%  99.8874%
  [   958000,   958500)          886    0.0018%  99.8892%
  [   958500,   959000)          834    0.0017%  99.8910%
  [   959000,   959500)          849    0.0018%  99.8928%
  [   959500,   960000)          897    0.0019%  99.8946%
  [   960000,   960500)          819    0.0017%  99.8963%
  [   960500,   961000)          832    0.0017%  99.8981%
  [   961000,   961500)          802    0.0017%  99.8997%
  [   961500,   962000)          803    0.0017%  99.9014%
  [   962000,   962500)          722    0.0015%  99.9029%
  [   962500,   963000)          800    0.0017%  99.9046%
  [   963000,   963500)          776    0.0016%  99.9062%
  [   963500,   964000)          760    0.0016%  99.9078%
  [   964000,   964500)          719    0.0015%  99.9093%
  [   964500,   965000)          764    0.0016%  99.9109%
  [   965000,   965500)          743    0.0016%  99.9124%
  [   965500,   966000)          665    0.0014%  99.9138%
  [   966000,   966500)          695    0.0015%  99.9153%
  [   966500,   967000)          662    0.0014%  99.9167%
  [   967000,   967500)          660    0.0014%  99.9180%
  [   967500,   968000)          642    0.0013%  99.9194%
  [   968000,   968500)          678    0.0014%  99.9208%
  [   968500,   969000)          629    0.0013%  99.9221%
  [   969000,   969500)          640    0.0013%  99.9234%
  [   969500,   970000)          612    0.0013%  99.9247%
  [   970000,   970500)          626    0.0013%  99.9260%
  [   970500,   971000)          627    0.0013%  99.9273%
  [   971000,   971500)          595    0.0012%  99.9286%
  [   971500,   972000)          590    0.0012%  99.9298%
  [   972000,   972500)          592    0.0012%  99.9310%
  [   972500,   973000)          549    0.0011%  99.9322%
  [   973000,   973500)          553    0.0012%  99.9333%
  [   973500,   974000)          547    0.0011%  99.9345%
  [   974000,   974500)          518    0.0011%  99.9356%
  [   974500,   975000)          448    0.0009%  99.9365%
  [   975000,   975500)          518    0.0011%  99.9376%
  [   975500,   976000)          536    0.0011%  99.9387%
  [   976000,   976500)          503    0.0010%  99.9398%
  [   976500,   977000)          479    0.0010%  99.9408%
  [   977000,   977500)          531    0.0011%  99.9419%
  [   977500,   978000)          482    0.0010%  99.9429%
  [   978000,   978500)          480    0.0010%  99.9439%
  [   978500,   979000)          480    0.0010%  99.9449%
  [   979000,   979500)          468    0.0010%  99.9458%
  [   979500,   980000)          437    0.0009%  99.9468%
  [   980000,   980500)          448    0.0009%  99.9477%
  [   980500,   981000)          399    0.0008%  99.9485%
  [   981000,   981500)          455    0.0009%  99.9495%
  [   981500,   982000)          394    0.0008%  99.9503%
  [   982000,   982500)          402    0.0008%  99.9511%
  [   982500,   983000)          362    0.0008%  99.9519%
  [   983000,   983500)          372    0.0008%  99.9527%
  [   983500,   984000)          396    0.0008%  99.9535%
  [   984000,   984500)          393    0.0008%  99.9543%
  [   984500,   985000)          348    0.0007%  99.9550%
  [   985000,   985500)          413    0.0009%  99.9559%
  [   985500,   986000)          339    0.0007%  99.9566%
  [   986000,   986500)          345    0.0007%  99.9573%
  [   986500,   987000)          343    0.0007%  99.9580%
  [   987000,   987500)          342    0.0007%  99.9588%
  [   987500,   988000)          358    0.0007%  99.9595%
  [   988000,   988500)          354    0.0007%  99.9602%
  [   988500,   989000)          331    0.0007%  99.9609%
  [   989000,   989500)          336    0.0007%  99.9616%
  [   989500,   990000)          324    0.0007%  99.9623%
  [   990000,   990500)          323    0.0007%  99.9630%
  [   990500,   991000)          309    0.0006%  99.9636%
  [   991000,   991500)          278    0.0006%  99.9642%
  [   991500,   992000)          305    0.0006%  99.9649%
  [   992000,   992500)          296    0.0006%  99.9655%
  [   992500,   993000)          293    0.0006%  99.9661%
  [   993000,   993500)          272    0.0006%  99.9666%
  [   993500,   994000)          253    0.0005%  99.9672%
  [   994000,   994500)          261    0.0005%  99.9677%
  [   994500,   995000)          279    0.0006%  99.9683%
  [   995000,   995500)          255    0.0005%  99.9688%
  [   995500,   996000)          239    0.0005%  99.9693%
  [   996000,   996500)          239    0.0005%  99.9698%
  [   996500,   997000)          241    0.0005%  99.9703%
  [   997000,   997500)          271    0.0006%  99.9709%
  [   997500,   998000)          217    0.0005%  99.9714%
  [   998000,   998500)          248    0.0005%  99.9719%
  [   998500,   999000)          228    0.0005%  99.9723%
  [   999000,   999500)          222    0.0005%  99.9728%
  [   999500, +inf)               13028    0.0272% 100.0000%

----- OFFLOADED TASKS [node 1] -----
  ops total                = 47916659
  ops direct (1-sided)     = 47916659 (100.00%)
  ops offload (rpc)        = 0 (0.00%)
  lookup pushdowns         = 0
  scan   pushdowns (RPC)   = 0
    kv pairs returned      = 0
    leaves scanned remotely= 0
    kv / scan pushdown     = 0.00
    leaves / scan pushdown = 0.00
=========================================================================

[CORRECTNESS node 1] scan rows returned = 4791624001
[END]
