nodes 2, threads 36, mix R/I/U/S=50/0/0/50, zipf-0.99, bulk 50M warmup 10M op 30M, offload 100%, scan_range 100
[4mshared memory size: 64GB, 0x7feeda800000[0m
[4mrdma cache size: 4GB[0m
[4mMachine NR: 2[0m
[4mCompute server 1 start up [10.30.1.6]
[0m
I connect server 0
[CONFIG node 1] bulk load: bottom-up build, 8 keys per leaf, 6 children per inner node (CHIME_BULK_BUILD / CHIME_BUILD_LEAF_KEYS / CHIME_BUILD_INNER_FANOUT)
[CONFIG node 1] clients on this node: yes (CHIME_MN_CLIENTS)
[CONFIG node 1] scan path: from_cache=1 offload_always=0 (CHIME_SCAN_FROM_CACHE / CHIME_SCAN_OFFLOAD_ALWAYS)
[CONFIG node 1] push ops: lookup (CHIME_PUSH_OPS; applies only with offloading on)
[CACHE node 1] total=128 MB index=128 MB leaf=0 MB
[CONFIG node 1] dir threads = 16 (CHIME_DIR_THREADS, max 16) -- MUST match the other node
[CORES node 1] linear pinning: app threads -> CPUs 0..35, main -> 79, dir threads -> 79 (REV_DIR_CPUS)
[CONFIG] hotspot buffer + speculative read: off (CHIME_HOTSPOT; stock CHIME: on above 50 MB)
workload generated: keyspace=50001000 bulk=50000000 warmup=9999972 op=29999988
[4mKey space set: keySpaceSize=50000000[0m
I am 36
I am 38
I am 51
I am 43
I am 37
I am 41
I am 39
I am 44
I am 40
I am 45
I am 49
I am 64
I am 46
I am 47
I am 52
I am 55
I am 59
I am 68
I am 50
I am 62
I am 53
I am 67
I am 65
I am 61
I am 54
I am 66
I am 58
I am 70
I am 71
I am 69
I am 57
I am 56
I am 63
I am 48
I am 60
I am 42
[build] leaves: 10% (625001/6250000)
[build] leaves: 20% (1250002/6250000)
[build] leaves: 30% (1875003/6250000)
[build] leaves: 40% (2500004/6250000)
[build] leaves: 50% (3125005/6250000)
[build] leaves: 60% (3750006/6250000)
[build] leaves: 70% (4375007/6250000)
[build] leaves: 80% (5000008/6250000)
[build] leaves: 90% (5625009/6250000)
[build] inner level 1: 1041667 nodes
[build] inner level 2: 173611 nodes
[build] inner level 3: 28935 nodes
[build] inner level 4: 4823 nodes
[build] inner level 5: 804 nodes
[build] inner level 6: 134 nodes
[build] inner level 7: 23 nodes
[build] inner level 8: 4 nodes
[build] inner level 9: 1 nodes
[build] done in 18.9s: height=10 leaves=6250000 inner_nodes=1250002 (8 keys per leaf, 6 children per inner node)
[TREE] height=10 leaves=6250000 inner_nodes=1250002 keys_per_leaf=8.00 inner_MB=399.4 leaf_MB=2104.0 total_MB=2503.4 (internal span 16, leaf span 16, node bytes inner=335 leaf=353)
node 1 warmup done in 43s
[INDEX] --- post-bulk-load cache occupancy (cache = 128 MB) ---
 ----- [TreeCache]:  cache size=128 MB free_size=-0.000 MB skiplist_node_cnt=1247589 ----- 
consumed cache size = 128.000 MB
 ----- [IdxCache]:  cache size=0 MB free_size=0.000 MB ---- 
consumed hotspot buffer size = 0.000000 MB

[LEAFCACHE] off
1, throughput 0.3865 Mops
1, throughput 0.3844 Mops
1, throughput 0.3885 Mops
1, throughput 0.3917 Mops
1, throughput 0.3897 Mops
1, throughput 0.3905 Mops
1, throughput 0.3872 Mops
1, throughput 0.3889 Mops
1, throughput 0.3864 Mops
1, throughput 0.3913 Mops
1, throughput 0.3886 Mops
1, throughput 0.3891 Mops
1, throughput 0.3887 Mops
1, throughput 0.3915 Mops
1, throughput 0.3923 Mops
1, throughput 0.3918 Mops
1, throughput 0.3923 Mops
1, throughput 0.3924 Mops
1, throughput 0.3904 Mops
1, throughput 0.3925 Mops
1, throughput 0.3895 Mops
1, throughput 0.3921 Mops
1, throughput 0.3913 Mops
1, throughput 0.3918 Mops
1, throughput 0.3887 Mops
1, throughput 0.3926 Mops
1, throughput 0.3922 Mops
1, throughput 0.3907 Mops
1, throughput 0.3890 Mops
1, throughput 0.3912 Mops
1, throughput 0.3920 Mops
1, throughput 0.3897 Mops
1, throughput 0.3981 Mops
1, throughput 0.3881 Mops
1, throughput 0.3928 Mops
1, throughput 0.3919 Mops
1, throughput 0.3904 Mops
1, throughput 0.3889 Mops
1, throughput 0.3900 Mops
1, throughput 0.3894 Mops
1, throughput 0.3907 Mops
1, throughput 0.3916 Mops
1, throughput 0.3926 Mops
1, throughput 0.3902 Mops
1, throughput 0.3903 Mops
1, throughput 0.3893 Mops
1, throughput 0.3932 Mops
1, throughput 0.3929 Mops
1, throughput 0.3916 Mops
1, throughput 0.3884 Mops
1, throughput 0.3903 Mops
1, throughput 0.3925 Mops
1, throughput 0.3917 Mops
1, throughput 0.3952 Mops
1, throughput 0.3910 Mops
1, throughput 0.3924 Mops
1, throughput 0.3921 Mops
1, throughput 0.3894 Mops
1, throughput 0.3947 Mops
1, throughput 0.3889 Mops
1, throughput 0.3922 Mops
1, throughput 0.3918 Mops
1, throughput 0.3942 Mops
1, throughput 0.3902 Mops
1, throughput 0.3920 Mops
1, throughput 0.3909 Mops
1, throughput 0.3912 Mops
1, throughput 0.3898 Mops
1, throughput 0.3876 Mops
1, throughput 0.3851 Mops
1, throughput 0.3853 Mops
1, throughput 0.3902 Mops
1, throughput 0.3910 Mops
1, throughput 0.3871 Mops
1, throughput 0.3921 Mops
1, throughput 0.3903 Mops
1, throughput 0.3918 Mops
1, throughput 0.3892 Mops
1, throughput 0.3861 Mops
1, throughput 0.3920 Mops
1, throughput 0.3934 Mops
1, throughput 0.3928 Mops
1, throughput 0.3920 Mops
1, throughput 0.3885 Mops
1, throughput 0.3921 Mops
1, throughput 0.3898 Mops
1, throughput 0.3895 Mops
1, throughput 0.3931 Mops
1, throughput 0.3971 Mops
1, throughput 0.3914 Mops
1, throughput 0.3825 Mops
1, throughput 0.3909 Mops
1, throughput 0.3899 Mops
1, throughput 0.3918 Mops
1, throughput 0.3870 Mops
1, throughput 0.3867 Mops
1, throughput 0.3900 Mops
1, throughput 0.3872 Mops
1, throughput 0.3926 Mops
1, throughput 0.3896 Mops
1, throughput 0.3899 Mops
1, throughput 0.3938 Mops
1, throughput 0.3893 Mops
1, throughput 0.3869 Mops
1, throughput 0.3870 Mops
1, throughput 0.3919 Mops
1, throughput 0.3943 Mops
1, throughput 0.3877 Mops
1, throughput 0.3877 Mops
1, throughput 0.3906 Mops
1, throughput 0.3916 Mops
1, throughput 0.3857 Mops
1, throughput 0.3930 Mops
1, throughput 0.3921 Mops
1, throughput 0.3890 Mops
1, throughput 0.3886 Mops
1, throughput 0.3884 Mops
1, throughput 0.3928 Mops
1, throughput 0.3921 Mops
1, throughput 0.3895 Mops
1, throughput 0.3918 Mops
1, throughput 0.3899 Mops
1, throughput 0.3892 Mops
1, throughput 0.3903 Mops
1, throughput 0.3917 Mops
1, throughput 0.3911 Mops
1, throughput 0.3953 Mops
1, throughput 0.3913 Mops
1, throughput 0.3937 Mops
1, throughput 0.3901 Mops
1, throughput 0.3897 Mops
1, throughput 0.3829 Mops
1, throughput 0.3857 Mops
1, throughput 0.3891 Mops
1, throughput 0.3886 Mops
1, throughput 0.3903 Mops
1, throughput 0.3862 Mops
1, throughput 0.3839 Mops
1, throughput 0.3896 Mops
1, throughput 0.3880 Mops
1, throughput 0.3888 Mops
1, throughput 0.3880 Mops
1, throughput 0.3893 Mops
1, throughput 0.3871 Mops
1, throughput 0.3913 Mops
1, throughput 0.3882 Mops
1, throughput 0.3885 Mops
1, throughput 0.3584 Mops
1, throughput 0.2443 Mops
1, throughput 0.2084 Mops
1, throughput 0.2126 Mops
1, throughput 0.2109 Mops
1, throughput 0.2072 Mops
1, throughput 0.2122 Mops
1, throughput 0.2114 Mops
1, throughput 0.2132 Mops
1, throughput 0.2121 Mops
1, throughput 0.2020 Mops
1, throughput 0.1188 Mops
1, throughput 0.0145 Mops
[RESULT node 1] ops=29999988 elapsed=79.784s throughput=0.3760 Mops mode=op-bounded
[RDMA node 1] ops=29999988 posts=523682183 read_wr=426851065 read_bytes=77688846939 write_wr=0 write_bytes=0 atomic_wr=0 send_wr=140664699 send_bytes=5767252659
[RDMA node 1] per_op: round_trips=17.4561 reads=14.2284 writes=0.0000 atomics=0.0000 sends=4.6888 verbs=18.9172 bytes=2781.9

==================== LATENCY BUCKETS (500 ns) [node 1] ====================
[LOOKUP]
  ALL                n=14997948   mean=    7.89us  p50=   8.00us  p90=  11.00us  p99=  15.00us  p99.9=  17.50us  max>=247.50us
  DIRECT (1-sided)   n=13588313   mean=    7.38us  p50=   7.50us  p90=  10.00us  p99=  12.00us  p99.9=  14.00us  max>= 67.50us
  OFFLOAD (rpc)      n=1409635    mean=   12.76us  p50=  13.00us  p90=  15.50us  p99=  17.50us  p99.9=  20.00us  max>=247.50us
[RANGE]
  ALL                n=15002040   mean=  175.38us  p50=  64.00us  p90= 655.00us  p99= 986.00us  p99.9=1000.00us  max>=1000.00us
  DIRECT (1-sided)   n=11892587   mean=   62.40us  p50=  62.50us  p90=  67.50us  p99=  72.50us  p99.9=  79.50us  max>=230.00us
  OFFLOAD (rpc)      n=3109453    mean=  607.47us  p50= 647.50us  p90= 903.00us  p99=1000.00us  p99.9=1000.00us  max>=1000.00us
[ALL OPS]
  ALL                n=29999988   mean=   91.64us  p50=  50.00us  p90= 123.50us  p99= 908.00us  p99.9=1000.00us  max>=1000.00us
  DIRECT (1-sided)   n=25480900   mean=   33.06us  p50=  10.00us  p90=  65.50us  p99=  71.00us  p99.9=  76.50us  max>=230.00us
  OFFLOAD (rpc)      n=4519088    mean=  421.96us  p50= 501.50us  p90= 849.50us  p99=1000.00us  p99.9=1000.00us  max>=1000.00us

----- 500 ns bucket CDF (all ops) [node 1] -----
  bucket [lo,hi) ns             count        pct       cdf
  [      500,     1000)           20    0.0001%   0.0001%
  [     1000,     1500)         1381    0.0046%   0.0047%
  [     1500,     2000)         2601    0.0087%   0.0133%
  [     2000,     2500)         3509    0.0117%   0.0250%
  [     2500,     3000)         4671    0.0156%   0.0406%
  [     3000,     3500)        22576    0.0753%   0.1159%
  [     3500,     4000)       156176    0.5206%   0.6364%
  [     4000,     4500)       296735    0.9891%   1.6256%
  [     4500,     5000)       446186    1.4873%   3.1129%
  [     5000,     5500)       769127    2.5638%   5.6766%
  [     5500,     6000)      1163895    3.8797%   9.5563%
  [     6000,     6500)      1416056    4.7202%  14.2764%
  [     6500,     7000)      1507717    5.0257%  19.3022%
  [     7000,     7500)      1535815    5.1194%  24.4216%
  [     7500,     8000)      1519453    5.0648%  29.4864%
  [     8000,     8500)      1400168    4.6672%  34.1536%
  [     8500,     9000)      1174794    3.9160%  38.0696%
  [     9000,     9500)       889222    2.9641%  41.0337%
  [     9500,    10000)       618745    2.0625%  43.0962%
  [    10000,    10500)       398415    1.3281%  44.4242%
  [    10500,    11000)       256412    0.8547%  45.2789%
  [    11000,    11500)       184243    0.6141%  45.8931%
  [    11500,    12000)       166305    0.5544%  46.4474%
  [    12000,    12500)       175466    0.5849%  47.0323%
  [    12500,    13000)       186191    0.6206%  47.6529%
  [    13000,    13500)       181237    0.6041%  48.2571%
  [    13500,    14000)       158944    0.5298%  48.7869%
  [    14000,    14500)       124362    0.4145%  49.2014%
  [    14500,    15000)        89529    0.2984%  49.4999%
  [    15000,    15500)        58954    0.1965%  49.6964%
  [    15500,    16000)        36698    0.1223%  49.8187%
  [    16000,    16500)        21919    0.0731%  49.8918%
  [    16500,    17000)        12616    0.0421%  49.9338%
  [    17000,    17500)         7164    0.0239%  49.9577%
  [    17500,    18000)         4075    0.0136%  49.9713%
  [    18000,    18500)         2435    0.0081%  49.9794%
  [    18500,    19000)         1468    0.0049%  49.9843%
  [    19000,    19500)          904    0.0030%  49.9873%
  [    19500,    20000)          562    0.0019%  49.9892%
  [    20000,    20500)          358    0.0012%  49.9904%
  [    20500,    21000)          212    0.0007%  49.9911%
  [    21000,    21500)          136    0.0005%  49.9915%
  [    21500,    22000)           82    0.0003%  49.9918%
  [    22000,    22500)           65    0.0002%  49.9920%
  [    22500,    23000)           56    0.0002%  49.9922%
  [    23000,    23500)           44    0.0001%  49.9923%
  [    23500,    24000)           29    0.0001%  49.9924%
  [    24000,    24500)           28    0.0001%  49.9925%
  [    24500,    25000)           25    0.0001%  49.9926%
  [    25000,    25500)           13    0.0000%  49.9927%
  [    25500,    26000)           10    0.0000%  49.9927%
  [    26000,    26500)           14    0.0000%  49.9927%
  [    26500,    27000)           13    0.0000%  49.9928%
  [    27000,    27500)           10    0.0000%  49.9928%
  [    27500,    28000)            9    0.0000%  49.9929%
  [    28000,    28500)            7    0.0000%  49.9929%
  [    28500,    29000)            7    0.0000%  49.9929%
  [    29000,    29500)            5    0.0000%  49.9929%
  [    29500,    30000)            2    0.0000%  49.9929%
  [    30000,    30500)            4    0.0000%  49.9929%
  [    31000,    31500)            3    0.0000%  49.9929%
  [    31500,    32000)            2    0.0000%  49.9930%
  [    32000,    32500)            2    0.0000%  49.9930%
  [    32500,    33000)            1    0.0000%  49.9930%
  [    33000,    33500)            2    0.0000%  49.9930%
  [    33500,    34000)            1    0.0000%  49.9930%
  [    34000,    34500)            1    0.0000%  49.9930%
  [    34500,    35000)            2    0.0000%  49.9930%
  [    35000,    35500)            1    0.0000%  49.9930%
  [    35500,    36000)            1    0.0000%  49.9930%
  [    36000,    36500)            1    0.0000%  49.9930%
  [    36500,    37000)            2    0.0000%  49.9930%
  [    37000,    37500)            2    0.0000%  49.9930%
  [    37500,    38000)            2    0.0000%  49.9930%
  [    38000,    38500)            1    0.0000%  49.9930%
  [    39000,    39500)            1    0.0000%  49.9930%
  [    39500,    40000)            3    0.0000%  49.9930%
  [    40000,    40500)            1    0.0000%  49.9930%
  [    40500,    41000)            1    0.0000%  49.9930%
  [    41000,    41500)            2    0.0000%  49.9930%
  [    41500,    42000)            1    0.0000%  49.9930%
  [    42000,    42500)            2    0.0000%  49.9931%
  [    42500,    43000)            1    0.0000%  49.9931%
  [    43000,    43500)            1    0.0000%  49.9931%
  [    43500,    44000)            1    0.0000%  49.9931%
  [    44000,    44500)            1    0.0000%  49.9931%
  [    44500,    45000)            2    0.0000%  49.9931%
  [    45000,    45500)            2    0.0000%  49.9931%
  [    45500,    46000)            4    0.0000%  49.9931%
  [    46000,    46500)            4    0.0000%  49.9931%
  [    46500,    47000)            6    0.0000%  49.9931%
  [    47000,    47500)           21    0.0001%  49.9932%
  [    47500,    48000)           66    0.0002%  49.9934%
  [    48000,    48500)          171    0.0006%  49.9940%
  [    48500,    49000)          375    0.0013%  49.9952%
  [    49000,    49500)          681    0.0023%  49.9975%
  [    49500,    50000)         1215    0.0041%  50.0016%
  [    50000,    50500)         1968    0.0066%  50.0081%
  [    50500,    51000)         3118    0.0104%  50.0185%
  [    51000,    51500)         4908    0.0164%  50.0349%
  [    51500,    52000)         7866    0.0262%  50.0611%
  [    52000,    52500)        13016    0.0434%  50.1045%
  [    52500,    53000)        20412    0.0680%  50.1725%
  [    53000,    53500)        30517    0.1017%  50.2742%
  [    53500,    54000)        43006    0.1434%  50.4176%
  [    54000,    54500)        57952    0.1932%  50.6108%
  [    54500,    55000)        75175    0.2506%  50.8614%
  [    55000,    55500)        97749    0.3258%  51.1872%
  [    55500,    56000)       127047    0.4235%  51.6107%
  [    56000,    56500)       164560    0.5485%  52.1592%
  [    56500,    57000)       209470    0.6982%  52.8574%
  [    57000,    57500)       263741    0.8791%  53.7366%
  [    57500,    58000)       323175    1.0773%  54.8138%
  [    58000,    58500)       380926    1.2698%  56.0836%
  [    58500,    59000)       435119    1.4504%  57.5340%
  [    59000,    59500)       481868    1.6062%  59.1402%
  [    59500,    60000)       518979    1.7299%  60.8701%
  [    60000,    60500)       550436    1.8348%  62.7049%
  [    60500,    61000)       581318    1.9377%  64.6426%
  [    61000,    61500)       603269    2.0109%  66.6535%
  [    61500,    62000)       618683    2.0623%  68.7158%
  [    62000,    62500)       627102    2.0903%  70.8062%
  [    62500,    63000)       618634    2.0621%  72.8683%
  [    63000,    63500)       597631    1.9921%  74.8604%
  [    63500,    64000)       566046    1.8868%  76.7472%
  [    64000,    64500)       522851    1.7428%  78.4900%
  [    64500,    65000)       479855    1.5995%  80.0896%
  [    65000,    65500)       435528    1.4518%  81.5413%
  [    65500,    66000)       392487    1.3083%  82.8496%
  [    66000,    66500)       349908    1.1664%  84.0160%
  [    66500,    67000)       305484    1.0183%  85.0343%
  [    67000,    67500)       265233    0.8841%  85.9184%
  [    67500,    68000)       225459    0.7515%  86.6699%
  [    68000,    68500)       187497    0.6250%  87.2949%
  [    68500,    69000)       152117    0.5071%  87.8019%
  [    69000,    69500)       122296    0.4077%  88.2096%
  [    69500,    70000)        96186    0.3206%  88.5302%
  [    70000,    70500)        74581    0.2486%  88.7788%
  [    70500,    71000)        57447    0.1915%  88.9703%
  [    71000,    71500)        43942    0.1465%  89.1168%
  [    71500,    72000)        34059    0.1135%  89.2303%
  [    72000,    72500)        26596    0.0887%  89.3190%
  [    72500,    73000)        20764    0.0692%  89.3882%
  [    73000,    73500)        16093    0.0536%  89.4418%
  [    73500,    74000)        12703    0.0423%  89.4842%
  [    74000,    74500)        10087    0.0336%  89.5178%
  [    74500,    75000)         8070    0.0269%  89.5447%
  [    75000,    75500)         6528    0.0218%  89.5664%
  [    75500,    76000)         5387    0.0180%  89.5844%
  [    76000,    76500)         4365    0.0146%  89.5990%
  [    76500,    77000)         3841    0.0128%  89.6118%
  [    77000,    77500)         3221    0.0107%  89.6225%
  [    77500,    78000)         2729    0.0091%  89.6316%
  [    78000,    78500)         2415    0.0081%  89.6396%
  [    78500,    79000)         2181    0.0073%  89.6469%
  [    79000,    79500)         2016    0.0067%  89.6536%
  [    79500,    80000)         1849    0.0062%  89.6598%
  [    80000,    80500)         1750    0.0058%  89.6656%
  [    80500,    81000)         1642    0.0055%  89.6711%
  [    81000,    81500)         1530    0.0051%  89.6762%
  [    81500,    82000)         1448    0.0048%  89.6810%
  [    82000,    82500)         1537    0.0051%  89.6861%
  [    82500,    83000)         1473    0.0049%  89.6911%
  [    83000,    83500)         1387    0.0046%  89.6957%
  [    83500,    84000)         1477    0.0049%  89.7006%
  [    84000,    84500)         1310    0.0044%  89.7050%
  [    84500,    85000)         1241    0.0041%  89.7091%
  [    85000,    85500)         1189    0.0040%  89.7131%
  [    85500,    86000)         1247    0.0042%  89.7172%
  [    86000,    86500)         1288    0.0043%  89.7215%
  [    86500,    87000)         1206    0.0040%  89.7255%
  [    87000,    87500)         1243    0.0041%  89.7297%
  [    87500,    88000)         1231    0.0041%  89.7338%
  [    88000,    88500)         1277    0.0043%  89.7380%
  [    88500,    89000)         1272    0.0042%  89.7423%
  [    89000,    89500)         1299    0.0043%  89.7466%
  [    89500,    90000)         1223    0.0041%  89.7507%
  [    90000,    90500)         1226    0.0041%  89.7548%
  [    90500,    91000)         1190    0.0040%  89.7587%
  [    91000,    91500)         1180    0.0039%  89.7627%
  [    91500,    92000)         1103    0.0037%  89.7664%
  [    92000,    92500)         1220    0.0041%  89.7704%
  [    92500,    93000)         1137    0.0038%  89.7742%
  [    93000,    93500)         1107    0.0037%  89.7779%
  [    93500,    94000)         1150    0.0038%  89.7817%
  [    94000,    94500)         1166    0.0039%  89.7856%
  [    94500,    95000)         1164    0.0039%  89.7895%
  [    95000,    95500)         1176    0.0039%  89.7934%
  [    95500,    96000)         1221    0.0041%  89.7975%
  [    96000,    96500)         1300    0.0043%  89.8018%
  [    96500,    97000)         1280    0.0043%  89.8061%
  [    97000,    97500)         1251    0.0042%  89.8103%
  [    97500,    98000)         1296    0.0043%  89.8146%
  [    98000,    98500)         1246    0.0042%  89.8187%
  [    98500,    99000)         1253    0.0042%  89.8229%
  [    99000,    99500)         1246    0.0042%  89.8271%
  [    99500,   100000)         1229    0.0041%  89.8312%
  [   100000,   100500)         1222    0.0041%  89.8352%
  [   100500,   101000)         1230    0.0041%  89.8393%
  [   101000,   101500)         1220    0.0041%  89.8434%
  [   101500,   102000)         1260    0.0042%  89.8476%
  [   102000,   102500)         1220    0.0041%  89.8517%
  [   102500,   103000)         1235    0.0041%  89.8558%
  [   103000,   103500)         1220    0.0041%  89.8599%
  [   103500,   104000)         1190    0.0040%  89.8638%
  [   104000,   104500)         1204    0.0040%  89.8678%
  [   104500,   105000)         1272    0.0042%  89.8721%
  [   105000,   105500)         1180    0.0039%  89.8760%
  [   105500,   106000)         1192    0.0040%  89.8800%
  [   106000,   106500)         1216    0.0041%  89.8840%
  [   106500,   107000)         1201    0.0040%  89.8880%
  [   107000,   107500)         1146    0.0038%  89.8919%
  [   107500,   108000)         1114    0.0037%  89.8956%
  [   108000,   108500)         1159    0.0039%  89.8994%
  [   108500,   109000)         1039    0.0035%  89.9029%
  [   109000,   109500)         1002    0.0033%  89.9062%
  [   109500,   110000)         1058    0.0035%  89.9098%
  [   110000,   110500)         1000    0.0033%  89.9131%
  [   110500,   111000)          982    0.0033%  89.9164%
  [   111000,   111500)         1019    0.0034%  89.9198%
  [   111500,   112000)         1060    0.0035%  89.9233%
  [   112000,   112500)          996    0.0033%  89.9266%
  [   112500,   113000)         1019    0.0034%  89.9300%
  [   113000,   113500)         1031    0.0034%  89.9335%
  [   113500,   114000)         1017    0.0034%  89.9368%
  [   114000,   114500)         1056    0.0035%  89.9404%
  [   114500,   115000)         1042    0.0035%  89.9438%
  [   115000,   115500)         1086    0.0036%  89.9475%
  [   115500,   116000)          978    0.0033%  89.9507%
  [   116000,   116500)          988    0.0033%  89.9540%
  [   116500,   117000)         1092    0.0036%  89.9576%
  [   117000,   117500)         1033    0.0034%  89.9611%
  [   117500,   118000)         1061    0.0035%  89.9646%
  [   118000,   118500)          969    0.0032%  89.9679%
  [   118500,   119000)         1084    0.0036%  89.9715%
  [   119000,   119500)          956    0.0032%  89.9747%
  [   119500,   120000)         1019    0.0034%  89.9781%
  [   120000,   120500)          982    0.0033%  89.9813%
  [   120500,   121000)          997    0.0033%  89.9847%
  [   121000,   121500)          995    0.0033%  89.9880%
  [   121500,   122000)          984    0.0033%  89.9912%
  [   122000,   122500)         1015    0.0034%  89.9946%
  [   122500,   123000)         1024    0.0034%  89.9980%
  [   123000,   123500)         1100    0.0037%  90.0017%
  [   123500,   124000)          999    0.0033%  90.0050%
  [   124000,   124500)         1001    0.0033%  90.0084%
  [   124500,   125000)         1028    0.0034%  90.0118%
  [   125000,   125500)         1026    0.0034%  90.0152%
  [   125500,   126000)         1027    0.0034%  90.0186%
  [   126000,   126500)         1033    0.0034%  90.0221%
  [   126500,   127000)          976    0.0033%  90.0253%
  [   127000,   127500)         1083    0.0036%  90.0290%
  [   127500,   128000)         1039    0.0035%  90.0324%
  [   128000,   128500)         1063    0.0035%  90.0360%
  [   128500,   129000)         1076    0.0036%  90.0395%
  [   129000,   129500)         1074    0.0036%  90.0431%
  [   129500,   130000)         1037    0.0035%  90.0466%
  [   130000,   130500)         1114    0.0037%  90.0503%
  [   130500,   131000)         1051    0.0035%  90.0538%
  [   131000,   131500)         1070    0.0036%  90.0574%
  [   131500,   132000)         1124    0.0037%  90.0611%
  [   132000,   132500)         1070    0.0036%  90.0647%
  [   132500,   133000)         1042    0.0035%  90.0682%
  [   133000,   133500)         1027    0.0034%  90.0716%
  [   133500,   134000)         1177    0.0039%  90.0755%
  [   134000,   134500)         1050    0.0035%  90.0790%
  [   134500,   135000)         1052    0.0035%  90.0825%
  [   135000,   135500)         1028    0.0034%  90.0859%
  [   135500,   136000)         1067    0.0036%  90.0895%
  [   136000,   136500)         1037    0.0035%  90.0929%
  [   136500,   137000)         1040    0.0035%  90.0964%
  [   137000,   137500)         1053    0.0035%  90.0999%
  [   137500,   138000)         1091    0.0036%  90.1036%
  [   138000,   138500)         1043    0.0035%  90.1070%
  [   138500,   139000)         1089    0.0036%  90.1107%
  [   139000,   139500)         1023    0.0034%  90.1141%
  [   139500,   140000)         1085    0.0036%  90.1177%
  [   140000,   140500)          973    0.0032%  90.1209%
  [   140500,   141000)         1037    0.0035%  90.1244%
  [   141000,   141500)         1012    0.0034%  90.1278%
  [   141500,   142000)          973    0.0032%  90.1310%
  [   142000,   142500)         1031    0.0034%  90.1344%
  [   142500,   143000)         1015    0.0034%  90.1378%
  [   143000,   143500)         1035    0.0035%  90.1413%
  [   143500,   144000)         1024    0.0034%  90.1447%
  [   144000,   144500)         1049    0.0035%  90.1482%
  [   144500,   145000)         1009    0.0034%  90.1516%
  [   145000,   145500)         1034    0.0034%  90.1550%
  [   145500,   146000)          996    0.0033%  90.1583%
  [   146000,   146500)         1041    0.0035%  90.1618%
  [   146500,   147000)         1034    0.0034%  90.1652%
  [   147000,   147500)         1026    0.0034%  90.1687%
  [   147500,   148000)         1036    0.0035%  90.1721%
  [   148000,   148500)         1000    0.0033%  90.1754%
  [   148500,   149000)         1013    0.0034%  90.1788%
  [   149000,   149500)         1020    0.0034%  90.1822%
  [   149500,   150000)         1008    0.0034%  90.1856%
  [   150000,   150500)         1031    0.0034%  90.1890%
  [   150500,   151000)          973    0.0032%  90.1923%
  [   151000,   151500)         1030    0.0034%  90.1957%
  [   151500,   152000)         1006    0.0034%  90.1990%
  [   152000,   152500)         1020    0.0034%  90.2024%
  [   152500,   153000)         1015    0.0034%  90.2058%
  [   153000,   153500)         1009    0.0034%  90.2092%
  [   153500,   154000)          985    0.0033%  90.2125%
  [   154000,   154500)          995    0.0033%  90.2158%
  [   154500,   155000)         1025    0.0034%  90.2192%
  [   155000,   155500)          958    0.0032%  90.2224%
  [   155500,   156000)         1006    0.0034%  90.2258%
  [   156000,   156500)         1002    0.0033%  90.2291%
  [   156500,   157000)         1088    0.0036%  90.2327%
  [   157000,   157500)         1039    0.0035%  90.2362%
  [   157500,   158000)         1058    0.0035%  90.2397%
  [   158000,   158500)         1005    0.0034%  90.2431%
  [   158500,   159000)         1070    0.0036%  90.2466%
  [   159000,   159500)         1093    0.0036%  90.2503%
  [   159500,   160000)         1025    0.0034%  90.2537%
  [   160000,   160500)         1067    0.0036%  90.2572%
  [   160500,   161000)          999    0.0033%  90.2606%
  [   161000,   161500)         1097    0.0037%  90.2642%
  [   161500,   162000)         1093    0.0036%  90.2679%
  [   162000,   162500)         1061    0.0035%  90.2714%
  [   162500,   163000)         1095    0.0037%  90.2751%
  [   163000,   163500)         1026    0.0034%  90.2785%
  [   163500,   164000)         1106    0.0037%  90.2822%
  [   164000,   164500)         1123    0.0037%  90.2859%
  [   164500,   165000)         1108    0.0037%  90.2896%
  [   165000,   165500)         1034    0.0034%  90.2931%
  [   165500,   166000)         1111    0.0037%  90.2968%
  [   166000,   166500)         1147    0.0038%  90.3006%
  [   166500,   167000)         1122    0.0037%  90.3043%
  [   167000,   167500)         1077    0.0036%  90.3079%
  [   167500,   168000)         1123    0.0037%  90.3117%
  [   168000,   168500)         1085    0.0036%  90.3153%
  [   168500,   169000)         1151    0.0038%  90.3191%
  [   169000,   169500)         1138    0.0038%  90.3229%
  [   169500,   170000)         1138    0.0038%  90.3267%
  [   170000,   170500)         1082    0.0036%  90.3303%
  [   170500,   171000)         1044    0.0035%  90.3338%
  [   171000,   171500)         1155    0.0039%  90.3376%
  [   171500,   172000)         1088    0.0036%  90.3413%
  [   172000,   172500)         1116    0.0037%  90.3450%
  [   172500,   173000)         1091    0.0036%  90.3486%
  [   173000,   173500)         1120    0.0037%  90.3523%
  [   173500,   174000)         1131    0.0038%  90.3561%
  [   174000,   174500)         1201    0.0040%  90.3601%
  [   174500,   175000)         1094    0.0036%  90.3638%
  [   175000,   175500)         1155    0.0039%  90.3676%
  [   175500,   176000)         1131    0.0038%  90.3714%
  [   176000,   176500)         1079    0.0036%  90.3750%
  [   176500,   177000)         1093    0.0036%  90.3786%
  [   177000,   177500)         1062    0.0035%  90.3822%
  [   177500,   178000)         1129    0.0038%  90.3859%
  [   178000,   178500)         1169    0.0039%  90.3898%
  [   178500,   179000)         1111    0.0037%  90.3935%
  [   179000,   179500)         1159    0.0039%  90.3974%
  [   179500,   180000)         1127    0.0038%  90.4012%
  [   180000,   180500)         1131    0.0038%  90.4049%
  [   180500,   181000)         1162    0.0039%  90.4088%
  [   181000,   181500)         1173    0.0039%  90.4127%
  [   181500,   182000)         1165    0.0039%  90.4166%
  [   182000,   182500)         1132    0.0038%  90.4204%
  [   182500,   183000)         1110    0.0037%  90.4241%
  [   183000,   183500)         1098    0.0037%  90.4277%
  [   183500,   184000)         1118    0.0037%  90.4314%
  [   184000,   184500)         1082    0.0036%  90.4351%
  [   184500,   185000)         1084    0.0036%  90.4387%
  [   185000,   185500)         1091    0.0036%  90.4423%
  [   185500,   186000)         1113    0.0037%  90.4460%
  [   186000,   186500)         1125    0.0038%  90.4498%
  [   186500,   187000)         1078    0.0036%  90.4534%
  [   187000,   187500)         1094    0.0036%  90.4570%
  [   187500,   188000)         1112    0.0037%  90.4607%
  [   188000,   188500)         1100    0.0037%  90.4644%
  [   188500,   189000)         1082    0.0036%  90.4680%
  [   189000,   189500)         1090    0.0036%  90.4716%
  [   189500,   190000)         1155    0.0039%  90.4755%
  [   190000,   190500)         1099    0.0037%  90.4791%
  [   190500,   191000)         1088    0.0036%  90.4828%
  [   191000,   191500)         1141    0.0038%  90.4866%
  [   191500,   192000)         1063    0.0035%  90.4901%
  [   192000,   192500)         1113    0.0037%  90.4938%
  [   192500,   193000)         1090    0.0036%  90.4974%
  [   193000,   193500)         1048    0.0035%  90.5009%
  [   193500,   194000)         1088    0.0036%  90.5046%
  [   194000,   194500)         1036    0.0035%  90.5080%
  [   194500,   195000)         1048    0.0035%  90.5115%
  [   195000,   195500)         1015    0.0034%  90.5149%
  [   195500,   196000)         1066    0.0036%  90.5185%
  [   196000,   196500)         1026    0.0034%  90.5219%
  [   196500,   197000)         1047    0.0035%  90.5254%
  [   197000,   197500)          992    0.0033%  90.5287%
  [   197500,   198000)         1064    0.0035%  90.5322%
  [   198000,   198500)         1079    0.0036%  90.5358%
  [   198500,   199000)         1026    0.0034%  90.5392%
  [   199000,   199500)         1015    0.0034%  90.5426%
  [   199500,   200000)         1032    0.0034%  90.5461%
  [   200000,   200500)         1009    0.0034%  90.5494%
  [   200500,   201000)         1024    0.0034%  90.5528%
  [   201000,   201500)          937    0.0031%  90.5560%
  [   201500,   202000)         1061    0.0035%  90.5595%
  [   202000,   202500)         1042    0.0035%  90.5630%
  [   202500,   203000)          998    0.0033%  90.5663%
  [   203000,   203500)         1045    0.0035%  90.5698%
  [   203500,   204000)         1057    0.0035%  90.5733%
  [   204000,   204500)         1097    0.0037%  90.5770%
  [   204500,   205000)         1010    0.0034%  90.5803%
  [   205000,   205500)         1027    0.0034%  90.5837%
  [   205500,   206000)         1009    0.0034%  90.5871%
  [   206000,   206500)         1026    0.0034%  90.5905%
  [   206500,   207000)          984    0.0033%  90.5938%
  [   207000,   207500)         1005    0.0034%  90.5972%
  [   207500,   208000)         1006    0.0034%  90.6005%
  [   208000,   208500)          953    0.0032%  90.6037%
  [   208500,   209000)         1010    0.0034%  90.6071%
  [   209000,   209500)         1036    0.0035%  90.6105%
  [   209500,   210000)          990    0.0033%  90.6138%
  [   210000,   210500)         1039    0.0035%  90.6173%
  [   210500,   211000)          993    0.0033%  90.6206%
  [   211000,   211500)          962    0.0032%  90.6238%
  [   211500,   212000)          970    0.0032%  90.6270%
  [   212000,   212500)          933    0.0031%  90.6301%
  [   212500,   213000)          933    0.0031%  90.6332%
  [   213000,   213500)         1017    0.0034%  90.6366%
  [   213500,   214000)         1032    0.0034%  90.6401%
  [   214000,   214500)         1018    0.0034%  90.6435%
  [   214500,   215000)          994    0.0033%  90.6468%
  [   215000,   215500)          998    0.0033%  90.6501%
  [   215500,   216000)          992    0.0033%  90.6534%
  [   216000,   216500)          966    0.0032%  90.6566%
  [   216500,   217000)          908    0.0030%  90.6597%
  [   217000,   217500)          993    0.0033%  90.6630%
  [   217500,   218000)         1008    0.0034%  90.6663%
  [   218000,   218500)          969    0.0032%  90.6696%
  [   218500,   219000)          959    0.0032%  90.6728%
  [   219000,   219500)         1034    0.0034%  90.6762%
  [   219500,   220000)          942    0.0031%  90.6793%
  [   220000,   220500)         1008    0.0034%  90.6827%
  [   220500,   221000)          989    0.0033%  90.6860%
  [   221000,   221500)          950    0.0032%  90.6892%
  [   221500,   222000)          962    0.0032%  90.6924%
  [   222000,   222500)          981    0.0033%  90.6956%
  [   222500,   223000)          958    0.0032%  90.6988%
  [   223000,   223500)          953    0.0032%  90.7020%
  [   223500,   224000)          913    0.0030%  90.7051%
  [   224000,   224500)          942    0.0031%  90.7082%
  [   224500,   225000)          966    0.0032%  90.7114%
  [   225000,   225500)         1043    0.0035%  90.7149%
  [   225500,   226000)          988    0.0033%  90.7182%
  [   226000,   226500)          938    0.0031%  90.7213%
  [   226500,   227000)          970    0.0032%  90.7245%
  [   227000,   227500)          993    0.0033%  90.7279%
  [   227500,   228000)          941    0.0031%  90.7310%
  [   228000,   228500)          991    0.0033%  90.7343%
  [   228500,   229000)         1064    0.0035%  90.7378%
  [   229000,   229500)         1034    0.0034%  90.7413%
  [   229500,   230000)          977    0.0033%  90.7445%
  [   230000,   230500)          971    0.0032%  90.7478%
  [   230500,   231000)         1015    0.0034%  90.7512%
  [   231000,   231500)          944    0.0031%  90.7543%
  [   231500,   232000)          938    0.0031%  90.7574%
  [   232000,   232500)          985    0.0033%  90.7607%
  [   232500,   233000)          984    0.0033%  90.7640%
  [   233000,   233500)          972    0.0032%  90.7672%
  [   233500,   234000)         1029    0.0034%  90.7707%
  [   234000,   234500)          983    0.0033%  90.7739%
  [   234500,   235000)         1001    0.0033%  90.7773%
  [   235000,   235500)         1029    0.0034%  90.7807%
  [   235500,   236000)         1059    0.0035%  90.7842%
  [   236000,   236500)         1004    0.0033%  90.7876%
  [   236500,   237000)         1002    0.0033%  90.7909%
  [   237000,   237500)          999    0.0033%  90.7943%
  [   237500,   238000)          999    0.0033%  90.7976%
  [   238000,   238500)          984    0.0033%  90.8009%
  [   238500,   239000)          945    0.0032%  90.8040%
  [   239000,   239500)          975    0.0033%  90.8073%
  [   239500,   240000)         1037    0.0035%  90.8107%
  [   240000,   240500)         1005    0.0034%  90.8141%
  [   240500,   241000)         1048    0.0035%  90.8176%
  [   241000,   241500)          975    0.0033%  90.8208%
  [   241500,   242000)          979    0.0033%  90.8241%
  [   242000,   242500)         1014    0.0034%  90.8275%
  [   242500,   243000)          990    0.0033%  90.8308%
  [   243000,   243500)         1036    0.0035%  90.8342%
  [   243500,   244000)         1012    0.0034%  90.8376%
  [   244000,   244500)          991    0.0033%  90.8409%
  [   244500,   245000)          966    0.0032%  90.8441%
  [   245000,   245500)          993    0.0033%  90.8474%
  [   245500,   246000)         1010    0.0034%  90.8508%
  [   246000,   246500)          996    0.0033%  90.8541%
  [   246500,   247000)         1006    0.0034%  90.8575%
  [   247000,   247500)         1055    0.0035%  90.8610%
  [   247500,   248000)         1015    0.0034%  90.8644%
  [   248000,   248500)         1013    0.0034%  90.8677%
  [   248500,   249000)         1013    0.0034%  90.8711%
  [   249000,   249500)         1028    0.0034%  90.8745%
  [   249500,   250000)          994    0.0033%  90.8779%
  [   250000,   250500)          993    0.0033%  90.8812%
  [   250500,   251000)          979    0.0033%  90.8844%
  [   251000,   251500)          982    0.0033%  90.8877%
  [   251500,   252000)          961    0.0032%  90.8909%
  [   252000,   252500)         1046    0.0035%  90.8944%
  [   252500,   253000)          956    0.0032%  90.8976%
  [   253000,   253500)         1053    0.0035%  90.9011%
  [   253500,   254000)          999    0.0033%  90.9044%
  [   254000,   254500)         1015    0.0034%  90.9078%
  [   254500,   255000)         1032    0.0034%  90.9112%
  [   255000,   255500)         1009    0.0034%  90.9146%
  [   255500,   256000)          992    0.0033%  90.9179%
  [   256000,   256500)         1043    0.0035%  90.9214%
  [   256500,   257000)          966    0.0032%  90.9246%
  [   257000,   257500)         1005    0.0034%  90.9280%
  [   257500,   258000)          955    0.0032%  90.9311%
  [   258000,   258500)         1014    0.0034%  90.9345%
  [   258500,   259000)          956    0.0032%  90.9377%
  [   259000,   259500)         1026    0.0034%  90.9411%
  [   259500,   260000)         1063    0.0035%  90.9447%
  [   260000,   260500)         1071    0.0036%  90.9482%
  [   260500,   261000)         1056    0.0035%  90.9518%
  [   261000,   261500)          993    0.0033%  90.9551%
  [   261500,   262000)         1068    0.0036%  90.9586%
  [   262000,   262500)         1055    0.0035%  90.9622%
  [   262500,   263000)         1015    0.0034%  90.9655%
  [   263000,   263500)          987    0.0033%  90.9688%
  [   263500,   264000)         1016    0.0034%  90.9722%
  [   264000,   264500)          988    0.0033%  90.9755%
  [   264500,   265000)         1021    0.0034%  90.9789%
  [   265000,   265500)          945    0.0032%  90.9821%
  [   265500,   266000)          989    0.0033%  90.9854%
  [   266000,   266500)         1049    0.0035%  90.9889%
  [   266500,   267000)         1029    0.0034%  90.9923%
  [   267000,   267500)         1040    0.0035%  90.9957%
  [   267500,   268000)          983    0.0033%  90.9990%
  [   268000,   268500)          999    0.0033%  91.0024%
  [   268500,   269000)          974    0.0032%  91.0056%
  [   269000,   269500)          980    0.0033%  91.0089%
  [   269500,   270000)         1018    0.0034%  91.0123%
  [   270000,   270500)          928    0.0031%  91.0154%
  [   270500,   271000)          988    0.0033%  91.0186%
  [   271000,   271500)          974    0.0032%  91.0219%
  [   271500,   272000)          969    0.0032%  91.0251%
  [   272000,   272500)         1073    0.0036%  91.0287%
  [   272500,   273000)         1066    0.0036%  91.0323%
  [   273000,   273500)         1018    0.0034%  91.0356%
  [   273500,   274000)          972    0.0032%  91.0389%
  [   274000,   274500)          928    0.0031%  91.0420%
  [   274500,   275000)         1012    0.0034%  91.0454%
  [   275000,   275500)          965    0.0032%  91.0486%
  [   275500,   276000)          954    0.0032%  91.0518%
  [   276000,   276500)          983    0.0033%  91.0550%
  [   276500,   277000)         1026    0.0034%  91.0584%
  [   277000,   277500)         1022    0.0034%  91.0619%
  [   277500,   278000)          999    0.0033%  91.0652%
  [   278000,   278500)          996    0.0033%  91.0685%
  [   278500,   279000)          996    0.0033%  91.0718%
  [   279000,   279500)         1007    0.0034%  91.0752%
  [   279500,   280000)          947    0.0032%  91.0783%
  [   280000,   280500)          976    0.0033%  91.0816%
  [   280500,   281000)          979    0.0033%  91.0849%
  [   281000,   281500)          969    0.0032%  91.0881%
  [   281500,   282000)          939    0.0031%  91.0912%
  [   282000,   282500)          990    0.0033%  91.0945%
  [   282500,   283000)          983    0.0033%  91.0978%
  [   283000,   283500)          964    0.0032%  91.1010%
  [   283500,   284000)          969    0.0032%  91.1042%
  [   284000,   284500)          991    0.0033%  91.1075%
  [   284500,   285000)          991    0.0033%  91.1108%
  [   285000,   285500)          945    0.0032%  91.1140%
  [   285500,   286000)          913    0.0030%  91.1170%
  [   286000,   286500)          929    0.0031%  91.1201%
  [   286500,   287000)         1040    0.0035%  91.1236%
  [   287000,   287500)          989    0.0033%  91.1269%
  [   287500,   288000)          932    0.0031%  91.1300%
  [   288000,   288500)          914    0.0030%  91.1330%
  [   288500,   289000)          972    0.0032%  91.1363%
  [   289000,   289500)          916    0.0031%  91.1393%
  [   289500,   290000)          919    0.0031%  91.1424%
  [   290000,   290500)          959    0.0032%  91.1456%
  [   290500,   291000)          988    0.0033%  91.1489%
  [   291000,   291500)          979    0.0033%  91.1522%
  [   291500,   292000)          912    0.0030%  91.1552%
  [   292000,   292500)          901    0.0030%  91.1582%
  [   292500,   293000)          935    0.0031%  91.1613%
  [   293000,   293500)          933    0.0031%  91.1644%
  [   293500,   294000)          921    0.0031%  91.1675%
  [   294000,   294500)          945    0.0032%  91.1706%
  [   294500,   295000)          948    0.0032%  91.1738%
  [   295000,   295500)          953    0.0032%  91.1770%
  [   295500,   296000)          926    0.0031%  91.1801%
  [   296000,   296500)          954    0.0032%  91.1833%
  [   296500,   297000)          983    0.0033%  91.1865%
  [   297000,   297500)          983    0.0033%  91.1898%
  [   297500,   298000)          929    0.0031%  91.1929%
  [   298000,   298500)          986    0.0033%  91.1962%
  [   298500,   299000)          960    0.0032%  91.1994%
  [   299000,   299500)         1001    0.0033%  91.2027%
  [   299500,   300000)          991    0.0033%  91.2060%
  [   300000,   300500)          905    0.0030%  91.2090%
  [   300500,   301000)          955    0.0032%  91.2122%
  [   301000,   301500)          896    0.0030%  91.2152%
  [   301500,   302000)          953    0.0032%  91.2184%
  [   302000,   302500)          995    0.0033%  91.2217%
  [   302500,   303000)          962    0.0032%  91.2249%
  [   303000,   303500)          993    0.0033%  91.2282%
  [   303500,   304000)          950    0.0032%  91.2314%
  [   304000,   304500)          955    0.0032%  91.2346%
  [   304500,   305000)          970    0.0032%  91.2378%
  [   305000,   305500)          963    0.0032%  91.2410%
  [   305500,   306000)          954    0.0032%  91.2442%
  [   306000,   306500)         1006    0.0034%  91.2476%
  [   306500,   307000)          988    0.0033%  91.2508%
  [   307000,   307500)          956    0.0032%  91.2540%
  [   307500,   308000)          984    0.0033%  91.2573%
  [   308000,   308500)          996    0.0033%  91.2606%
  [   308500,   309000)          926    0.0031%  91.2637%
  [   309000,   309500)          916    0.0031%  91.2668%
  [   309500,   310000)          957    0.0032%  91.2700%
  [   310000,   310500)          981    0.0033%  91.2732%
  [   310500,   311000)          978    0.0033%  91.2765%
  [   311000,   311500)          954    0.0032%  91.2797%
  [   311500,   312000)          911    0.0030%  91.2827%
  [   312000,   312500)          914    0.0030%  91.2858%
  [   312500,   313000)          940    0.0031%  91.2889%
  [   313000,   313500)          935    0.0031%  91.2920%
  [   313500,   314000)          913    0.0030%  91.2950%
  [   314000,   314500)          999    0.0033%  91.2984%
  [   314500,   315000)          937    0.0031%  91.3015%
  [   315000,   315500)          969    0.0032%  91.3047%
  [   315500,   316000)         1012    0.0034%  91.3081%
  [   316000,   316500)          969    0.0032%  91.3113%
  [   316500,   317000)          934    0.0031%  91.3144%
  [   317000,   317500)          970    0.0032%  91.3177%
  [   317500,   318000)          929    0.0031%  91.3208%
  [   318000,   318500)          926    0.0031%  91.3239%
  [   318500,   319000)          921    0.0031%  91.3269%
  [   319000,   319500)          935    0.0031%  91.3301%
  [   319500,   320000)          961    0.0032%  91.3333%
  [   320000,   320500)         1005    0.0034%  91.3366%
  [   320500,   321000)          910    0.0030%  91.3396%
  [   321000,   321500)          940    0.0031%  91.3428%
  [   321500,   322000)          991    0.0033%  91.3461%
  [   322000,   322500)          908    0.0030%  91.3491%
  [   322500,   323000)          988    0.0033%  91.3524%
  [   323000,   323500)          928    0.0031%  91.3555%
  [   323500,   324000)          899    0.0030%  91.3585%
  [   324000,   324500)          947    0.0032%  91.3616%
  [   324500,   325000)          974    0.0032%  91.3649%
  [   325000,   325500)          944    0.0031%  91.3680%
  [   325500,   326000)          872    0.0029%  91.3709%
  [   326000,   326500)          941    0.0031%  91.3741%
  [   326500,   327000)          959    0.0032%  91.3773%
  [   327000,   327500)          923    0.0031%  91.3804%
  [   327500,   328000)          953    0.0032%  91.3835%
  [   328000,   328500)          937    0.0031%  91.3867%
  [   328500,   329000)          929    0.0031%  91.3897%
  [   329000,   329500)          880    0.0029%  91.3927%
  [   329500,   330000)          923    0.0031%  91.3958%
  [   330000,   330500)          884    0.0029%  91.3987%
  [   330500,   331000)          938    0.0031%  91.4018%
  [   331000,   331500)          920    0.0031%  91.4049%
  [   331500,   332000)          940    0.0031%  91.4080%
  [   332000,   332500)          943    0.0031%  91.4112%
  [   332500,   333000)          945    0.0032%  91.4143%
  [   333000,   333500)          879    0.0029%  91.4173%
  [   333500,   334000)          933    0.0031%  91.4204%
  [   334000,   334500)          918    0.0031%  91.4234%
  [   334500,   335000)          895    0.0030%  91.4264%
  [   335000,   335500)          934    0.0031%  91.4295%
  [   335500,   336000)          978    0.0033%  91.4328%
  [   336000,   336500)          892    0.0030%  91.4358%
  [   336500,   337000)          886    0.0030%  91.4387%
  [   337000,   337500)          961    0.0032%  91.4419%
  [   337500,   338000)          918    0.0031%  91.4450%
  [   338000,   338500)          929    0.0031%  91.4481%
  [   338500,   339000)          949    0.0032%  91.4512%
  [   339000,   339500)          939    0.0031%  91.4544%
  [   339500,   340000)          907    0.0030%  91.4574%
  [   340000,   340500)          906    0.0030%  91.4604%
  [   340500,   341000)          902    0.0030%  91.4634%
  [   341000,   341500)          829    0.0028%  91.4662%
  [   341500,   342000)          901    0.0030%  91.4692%
  [   342000,   342500)          879    0.0029%  91.4721%
  [   342500,   343000)          917    0.0031%  91.4752%
  [   343000,   343500)          907    0.0030%  91.4782%
  [   343500,   344000)          911    0.0030%  91.4812%
  [   344000,   344500)          983    0.0033%  91.4845%
  [   344500,   345000)          938    0.0031%  91.4876%
  [   345000,   345500)          866    0.0029%  91.4905%
  [   345500,   346000)          920    0.0031%  91.4936%
  [   346000,   346500)          931    0.0031%  91.4967%
  [   346500,   347000)          930    0.0031%  91.4998%
  [   347000,   347500)          929    0.0031%  91.5029%
  [   347500,   348000)          918    0.0031%  91.5059%
  [   348000,   348500)          953    0.0032%  91.5091%
  [   348500,   349000)          890    0.0030%  91.5121%
  [   349000,   349500)          912    0.0030%  91.5151%
  [   349500,   350000)          898    0.0030%  91.5181%
  [   350000,   350500)          906    0.0030%  91.5211%
  [   350500,   351000)          856    0.0029%  91.5240%
  [   351000,   351500)          941    0.0031%  91.5271%
  [   351500,   352000)          896    0.0030%  91.5301%
  [   352000,   352500)          888    0.0030%  91.5331%
  [   352500,   353000)          911    0.0030%  91.5361%
  [   353000,   353500)          887    0.0030%  91.5391%
  [   353500,   354000)          936    0.0031%  91.5422%
  [   354000,   354500)          873    0.0029%  91.5451%
  [   354500,   355000)          965    0.0032%  91.5483%
  [   355000,   355500)          917    0.0031%  91.5514%
  [   355500,   356000)          893    0.0030%  91.5543%
  [   356000,   356500)          923    0.0031%  91.5574%
  [   356500,   357000)          966    0.0032%  91.5606%
  [   357000,   357500)          917    0.0031%  91.5637%
  [   357500,   358000)          876    0.0029%  91.5666%
  [   358000,   358500)          919    0.0031%  91.5697%
  [   358500,   359000)          942    0.0031%  91.5728%
  [   359000,   359500)          903    0.0030%  91.5758%
  [   359500,   360000)          919    0.0031%  91.5789%
  [   360000,   360500)          870    0.0029%  91.5818%
  [   360500,   361000)          925    0.0031%  91.5849%
  [   361000,   361500)          906    0.0030%  91.5879%
  [   361500,   362000)          846    0.0028%  91.5907%
  [   362000,   362500)          944    0.0031%  91.5939%
  [   362500,   363000)          897    0.0030%  91.5969%
  [   363000,   363500)          910    0.0030%  91.5999%
  [   363500,   364000)          939    0.0031%  91.6030%
  [   364000,   364500)          862    0.0029%  91.6059%
  [   364500,   365000)          886    0.0030%  91.6088%
  [   365000,   365500)          880    0.0029%  91.6118%
  [   365500,   366000)          919    0.0031%  91.6148%
  [   366000,   366500)          874    0.0029%  91.6178%
  [   366500,   367000)          916    0.0031%  91.6208%
  [   367000,   367500)          930    0.0031%  91.6239%
  [   367500,   368000)          872    0.0029%  91.6268%
  [   368000,   368500)          927    0.0031%  91.6299%
  [   368500,   369000)          870    0.0029%  91.6328%
  [   369000,   369500)          908    0.0030%  91.6358%
  [   369500,   370000)          871    0.0029%  91.6387%
  [   370000,   370500)          868    0.0029%  91.6416%
  [   370500,   371000)          845    0.0028%  91.6444%
  [   371000,   371500)          905    0.0030%  91.6475%
  [   371500,   372000)          868    0.0029%  91.6504%
  [   372000,   372500)          912    0.0030%  91.6534%
  [   372500,   373000)          839    0.0028%  91.6562%
  [   373000,   373500)          862    0.0029%  91.6591%
  [   373500,   374000)          847    0.0028%  91.6619%
  [   374000,   374500)          878    0.0029%  91.6648%
  [   374500,   375000)          884    0.0029%  91.6678%
  [   375000,   375500)          866    0.0029%  91.6707%
  [   375500,   376000)          937    0.0031%  91.6738%
  [   376000,   376500)          969    0.0032%  91.6770%
  [   376500,   377000)          917    0.0031%  91.6801%
  [   377000,   377500)          889    0.0030%  91.6830%
  [   377500,   378000)          913    0.0030%  91.6861%
  [   378000,   378500)          923    0.0031%  91.6891%
  [   378500,   379000)          899    0.0030%  91.6921%
  [   379000,   379500)          981    0.0033%  91.6954%
  [   379500,   380000)          942    0.0031%  91.6986%
  [   380000,   380500)          955    0.0032%  91.7017%
  [   380500,   381000)          895    0.0030%  91.7047%
  [   381000,   381500)          906    0.0030%  91.7077%
  [   381500,   382000)          891    0.0030%  91.7107%
  [   382000,   382500)          918    0.0031%  91.7138%
  [   382500,   383000)          859    0.0029%  91.7166%
  [   383000,   383500)          918    0.0031%  91.7197%
  [   383500,   384000)          914    0.0030%  91.7227%
  [   384000,   384500)          875    0.0029%  91.7257%
  [   384500,   385000)          932    0.0031%  91.7288%
  [   385000,   385500)          900    0.0030%  91.7318%
  [   385500,   386000)          913    0.0030%  91.7348%
  [   386000,   386500)          904    0.0030%  91.7378%
  [   386500,   387000)          910    0.0030%  91.7409%
  [   387000,   387500)          923    0.0031%  91.7439%
  [   387500,   388000)          913    0.0030%  91.7470%
  [   388000,   388500)          908    0.0030%  91.7500%
  [   388500,   389000)          882    0.0029%  91.7529%
  [   389000,   389500)          880    0.0029%  91.7559%
  [   389500,   390000)          891    0.0030%  91.7588%
  [   390000,   390500)          860    0.0029%  91.7617%
  [   390500,   391000)          940    0.0031%  91.7648%
  [   391000,   391500)          907    0.0030%  91.7679%
  [   391500,   392000)          885    0.0030%  91.7708%
  [   392000,   392500)          895    0.0030%  91.7738%
  [   392500,   393000)          869    0.0029%  91.7767%
  [   393000,   393500)          888    0.0030%  91.7797%
  [   393500,   394000)          917    0.0031%  91.7827%
  [   394000,   394500)          885    0.0030%  91.7857%
  [   394500,   395000)          906    0.0030%  91.7887%
  [   395000,   395500)          896    0.0030%  91.7917%
  [   395500,   396000)          873    0.0029%  91.7946%
  [   396000,   396500)          884    0.0029%  91.7975%
  [   396500,   397000)          904    0.0030%  91.8005%
  [   397000,   397500)          894    0.0030%  91.8035%
  [   397500,   398000)          845    0.0028%  91.8063%
  [   398000,   398500)          927    0.0031%  91.8094%
  [   398500,   399000)          885    0.0030%  91.8124%
  [   399000,   399500)          923    0.0031%  91.8155%
  [   399500,   400000)          928    0.0031%  91.8185%
  [   400000,   400500)          829    0.0028%  91.8213%
  [   400500,   401000)          920    0.0031%  91.8244%
  [   401000,   401500)          942    0.0031%  91.8275%
  [   401500,   402000)          865    0.0029%  91.8304%
  [   402000,   402500)          901    0.0030%  91.8334%
  [   402500,   403000)          950    0.0032%  91.8366%
  [   403000,   403500)          942    0.0031%  91.8397%
  [   403500,   404000)          922    0.0031%  91.8428%
  [   404000,   404500)          927    0.0031%  91.8459%
  [   404500,   405000)          843    0.0028%  91.8487%
  [   405000,   405500)          884    0.0029%  91.8516%
  [   405500,   406000)          903    0.0030%  91.8546%
  [   406000,   406500)          939    0.0031%  91.8578%
  [   406500,   407000)          876    0.0029%  91.8607%
  [   407000,   407500)          939    0.0031%  91.8638%
  [   407500,   408000)          964    0.0032%  91.8670%
  [   408000,   408500)          954    0.0032%  91.8702%
  [   408500,   409000)          914    0.0030%  91.8733%
  [   409000,   409500)          997    0.0033%  91.8766%
  [   409500,   410000)          888    0.0030%  91.8795%
  [   410000,   410500)          959    0.0032%  91.8827%
  [   410500,   411000)          886    0.0030%  91.8857%
  [   411000,   411500)          896    0.0030%  91.8887%
  [   411500,   412000)          875    0.0029%  91.8916%
  [   412000,   412500)          866    0.0029%  91.8945%
  [   412500,   413000)          960    0.0032%  91.8977%
  [   413000,   413500)          933    0.0031%  91.9008%
  [   413500,   414000)          926    0.0031%  91.9039%
  [   414000,   414500)          971    0.0032%  91.9071%
  [   414500,   415000)          931    0.0031%  91.9102%
  [   415000,   415500)          902    0.0030%  91.9132%
  [   415500,   416000)          910    0.0030%  91.9163%
  [   416000,   416500)          845    0.0028%  91.9191%
  [   416500,   417000)          963    0.0032%  91.9223%
  [   417000,   417500)          926    0.0031%  91.9254%
  [   417500,   418000)          925    0.0031%  91.9285%
  [   418000,   418500)          906    0.0030%  91.9315%
  [   418500,   419000)          956    0.0032%  91.9347%
  [   419000,   419500)          906    0.0030%  91.9377%
  [   419500,   420000)          950    0.0032%  91.9409%
  [   420000,   420500)          876    0.0029%  91.9438%
  [   420500,   421000)          924    0.0031%  91.9469%
  [   421000,   421500)          968    0.0032%  91.9501%
  [   421500,   422000)          959    0.0032%  91.9533%
  [   422000,   422500)          921    0.0031%  91.9563%
  [   422500,   423000)          969    0.0032%  91.9596%
  [   423000,   423500)          924    0.0031%  91.9627%
  [   423500,   424000)          928    0.0031%  91.9657%
  [   424000,   424500)          962    0.0032%  91.9690%
  [   424500,   425000)          985    0.0033%  91.9722%
  [   425000,   425500)          978    0.0033%  91.9755%
  [   425500,   426000)          937    0.0031%  91.9786%
  [   426000,   426500)          876    0.0029%  91.9815%
  [   426500,   427000)          994    0.0033%  91.9849%
  [   427000,   427500)          948    0.0032%  91.9880%
  [   427500,   428000)          996    0.0033%  91.9913%
  [   428000,   428500)          944    0.0031%  91.9945%
  [   428500,   429000)          923    0.0031%  91.9976%
  [   429000,   429500)          910    0.0030%  92.0006%
  [   429500,   430000)          965    0.0032%  92.0038%
  [   430000,   430500)          899    0.0030%  92.0068%
  [   430500,   431000)          899    0.0030%  92.0098%
  [   431000,   431500)          954    0.0032%  92.0130%
  [   431500,   432000)          941    0.0031%  92.0161%
  [   432000,   432500)          944    0.0031%  92.0193%
  [   432500,   433000)          959    0.0032%  92.0225%
  [   433000,   433500)          910    0.0030%  92.0255%
  [   433500,   434000)          911    0.0030%  92.0285%
  [   434000,   434500)          933    0.0031%  92.0316%
  [   434500,   435000)          915    0.0031%  92.0347%
  [   435000,   435500)          900    0.0030%  92.0377%
  [   435500,   436000)          939    0.0031%  92.0408%
  [   436000,   436500)          933    0.0031%  92.0439%
  [   436500,   437000)          857    0.0029%  92.0468%
  [   437000,   437500)          929    0.0031%  92.0499%
  [   437500,   438000)          964    0.0032%  92.0531%
  [   438000,   438500)          865    0.0029%  92.0560%
  [   438500,   439000)          950    0.0032%  92.0591%
  [   439000,   439500)          939    0.0031%  92.0623%
  [   439500,   440000)          955    0.0032%  92.0655%
  [   440000,   440500)          917    0.0031%  92.0685%
  [   440500,   441000)          905    0.0030%  92.0715%
  [   441000,   441500)          954    0.0032%  92.0747%
  [   441500,   442000)          902    0.0030%  92.0777%
  [   442000,   442500)          936    0.0031%  92.0808%
  [   442500,   443000)          961    0.0032%  92.0840%
  [   443000,   443500)          974    0.0032%  92.0873%
  [   443500,   444000)          958    0.0032%  92.0905%
  [   444000,   444500)          982    0.0033%  92.0938%
  [   444500,   445000)          928    0.0031%  92.0969%
  [   445000,   445500)          933    0.0031%  92.1000%
  [   445500,   446000)          951    0.0032%  92.1031%
  [   446000,   446500)          929    0.0031%  92.1062%
  [   446500,   447000)         1027    0.0034%  92.1097%
  [   447000,   447500)          923    0.0031%  92.1127%
  [   447500,   448000)          940    0.0031%  92.1159%
  [   448000,   448500)          947    0.0032%  92.1190%
  [   448500,   449000)          965    0.0032%  92.1222%
  [   449000,   449500)          870    0.0029%  92.1251%
  [   449500,   450000)          929    0.0031%  92.1282%
  [   450000,   450500)          950    0.0032%  92.1314%
  [   450500,   451000)          902    0.0030%  92.1344%
  [   451000,   451500)          954    0.0032%  92.1376%
  [   451500,   452000)          952    0.0032%  92.1408%
  [   452000,   452500)          931    0.0031%  92.1439%
  [   452500,   453000)          910    0.0030%  92.1469%
  [   453000,   453500)          921    0.0031%  92.1500%
  [   453500,   454000)          974    0.0032%  92.1532%
  [   454000,   454500)          915    0.0031%  92.1563%
  [   454500,   455000)          908    0.0030%  92.1593%
  [   455000,   455500)          928    0.0031%  92.1624%
  [   455500,   456000)          935    0.0031%  92.1655%
  [   456000,   456500)          991    0.0033%  92.1688%
  [   456500,   457000)          951    0.0032%  92.1720%
  [   457000,   457500)          949    0.0032%  92.1751%
  [   457500,   458000)          917    0.0031%  92.1782%
  [   458000,   458500)          992    0.0033%  92.1815%
  [   458500,   459000)          912    0.0030%  92.1845%
  [   459000,   459500)          916    0.0031%  92.1876%
  [   459500,   460000)          969    0.0032%  92.1908%
  [   460000,   460500)          902    0.0030%  92.1938%
  [   460500,   461000)          944    0.0031%  92.1970%
  [   461000,   461500)          903    0.0030%  92.2000%
  [   461500,   462000)          902    0.0030%  92.2030%
  [   462000,   462500)          926    0.0031%  92.2061%
  [   462500,   463000)          946    0.0032%  92.2092%
  [   463000,   463500)          935    0.0031%  92.2123%
  [   463500,   464000)          979    0.0033%  92.2156%
  [   464000,   464500)          994    0.0033%  92.2189%
  [   464500,   465000)          904    0.0030%  92.2219%
  [   465000,   465500)          926    0.0031%  92.2250%
  [   465500,   466000)          992    0.0033%  92.2283%
  [   466000,   466500)          933    0.0031%  92.2314%
  [   466500,   467000)          965    0.0032%  92.2347%
  [   467000,   467500)          938    0.0031%  92.2378%
  [   467500,   468000)          971    0.0032%  92.2410%
  [   468000,   468500)          967    0.0032%  92.2442%
  [   468500,   469000)          966    0.0032%  92.2475%
  [   469000,   469500)          882    0.0029%  92.2504%
  [   469500,   470000)          881    0.0029%  92.2533%
  [   470000,   470500)          967    0.0032%  92.2566%
  [   470500,   471000)          999    0.0033%  92.2599%
  [   471000,   471500)          979    0.0033%  92.2632%
  [   471500,   472000)          907    0.0030%  92.2662%
  [   472000,   472500)         1029    0.0034%  92.2696%
  [   472500,   473000)         1009    0.0034%  92.2730%
  [   473000,   473500)          983    0.0033%  92.2763%
  [   473500,   474000)          974    0.0032%  92.2795%
  [   474000,   474500)          973    0.0032%  92.2827%
  [   474500,   475000)          971    0.0032%  92.2860%
  [   475000,   475500)          903    0.0030%  92.2890%
  [   475500,   476000)          976    0.0033%  92.2922%
  [   476000,   476500)          977    0.0033%  92.2955%
  [   476500,   477000)          982    0.0033%  92.2988%
  [   477000,   477500)          998    0.0033%  92.3021%
  [   477500,   478000)          966    0.0032%  92.3053%
  [   478000,   478500)         1004    0.0033%  92.3087%
  [   478500,   479000)         1031    0.0034%  92.3121%
  [   479000,   479500)         1013    0.0034%  92.3155%
  [   479500,   480000)         1018    0.0034%  92.3189%
  [   480000,   480500)          972    0.0032%  92.3221%
  [   480500,   481000)         1017    0.0034%  92.3255%
  [   481000,   481500)         1007    0.0034%  92.3289%
  [   481500,   482000)         1054    0.0035%  92.3324%
  [   482000,   482500)         1057    0.0035%  92.3359%
  [   482500,   483000)          983    0.0033%  92.3392%
  [   483000,   483500)          987    0.0033%  92.3425%
  [   483500,   484000)         1004    0.0033%  92.3458%
  [   484000,   484500)         1052    0.0035%  92.3493%
  [   484500,   485000)          980    0.0033%  92.3526%
  [   485000,   485500)          889    0.0030%  92.3555%
  [   485500,   486000)         1103    0.0037%  92.3592%
  [   486000,   486500)          988    0.0033%  92.3625%
  [   486500,   487000)         1031    0.0034%  92.3660%
  [   487000,   487500)         1104    0.0037%  92.3696%
  [   487500,   488000)         1022    0.0034%  92.3730%
  [   488000,   488500)         1027    0.0034%  92.3765%
  [   488500,   489000)         1091    0.0036%  92.3801%
  [   489000,   489500)         1020    0.0034%  92.3835%
  [   489500,   490000)         1086    0.0036%  92.3871%
  [   490000,   490500)         1040    0.0035%  92.3906%
  [   490500,   491000)         1048    0.0035%  92.3941%
  [   491000,   491500)          970    0.0032%  92.3973%
  [   491500,   492000)         1059    0.0035%  92.4008%
  [   492000,   492500)         1069    0.0036%  92.4044%
  [   492500,   493000)         1027    0.0034%  92.4078%
  [   493000,   493500)         1057    0.0035%  92.4114%
  [   493500,   494000)         1154    0.0038%  92.4152%
  [   494000,   494500)         1144    0.0038%  92.4190%
  [   494500,   495000)         1075    0.0036%  92.4226%
  [   495000,   495500)         1125    0.0038%  92.4263%
  [   495500,   496000)         1139    0.0038%  92.4301%
  [   496000,   496500)         1090    0.0036%  92.4338%
  [   496500,   497000)         1135    0.0038%  92.4376%
  [   497000,   497500)         1074    0.0036%  92.4411%
  [   497500,   498000)         1090    0.0036%  92.4448%
  [   498000,   498500)         1085    0.0036%  92.4484%
  [   498500,   499000)         1121    0.0037%  92.4521%
  [   499000,   499500)         1121    0.0037%  92.4559%
  [   499500,   500000)         1203    0.0040%  92.4599%
  [   500000,   500500)         1143    0.0038%  92.4637%
  [   500500,   501000)         1151    0.0038%  92.4675%
  [   501000,   501500)         1149    0.0038%  92.4713%
  [   501500,   502000)         1177    0.0039%  92.4753%
  [   502000,   502500)         1178    0.0039%  92.4792%
  [   502500,   503000)         1216    0.0041%  92.4833%
  [   503000,   503500)         1129    0.0038%  92.4870%
  [   503500,   504000)         1179    0.0039%  92.4909%
  [   504000,   504500)         1178    0.0039%  92.4949%
  [   504500,   505000)         1178    0.0039%  92.4988%
  [   505000,   505500)         1220    0.0041%  92.5029%
  [   505500,   506000)         1187    0.0040%  92.5068%
  [   506000,   506500)         1188    0.0040%  92.5108%
  [   506500,   507000)         1234    0.0041%  92.5149%
  [   507000,   507500)         1190    0.0040%  92.5189%
  [   507500,   508000)         1260    0.0042%  92.5231%
  [   508000,   508500)         1253    0.0042%  92.5272%
  [   508500,   509000)         1265    0.0042%  92.5315%
  [   509000,   509500)         1221    0.0041%  92.5355%
  [   509500,   510000)         1291    0.0043%  92.5398%
  [   510000,   510500)         1194    0.0040%  92.5438%
  [   510500,   511000)         1283    0.0043%  92.5481%
  [   511000,   511500)         1327    0.0044%  92.5525%
  [   511500,   512000)         1246    0.0042%  92.5567%
  [   512000,   512500)         1309    0.0044%  92.5610%
  [   512500,   513000)         1233    0.0041%  92.5651%
  [   513000,   513500)         1292    0.0043%  92.5694%
  [   513500,   514000)         1303    0.0043%  92.5738%
  [   514000,   514500)         1277    0.0043%  92.5780%
  [   514500,   515000)         1263    0.0042%  92.5823%
  [   515000,   515500)         1283    0.0043%  92.5865%
  [   515500,   516000)         1361    0.0045%  92.5911%
  [   516000,   516500)         1331    0.0044%  92.5955%
  [   516500,   517000)         1403    0.0047%  92.6002%
  [   517000,   517500)         1317    0.0044%  92.6046%
  [   517500,   518000)         1381    0.0046%  92.6092%
  [   518000,   518500)         1319    0.0044%  92.6136%
  [   518500,   519000)         1386    0.0046%  92.6182%
  [   519000,   519500)         1385    0.0046%  92.6228%
  [   519500,   520000)         1331    0.0044%  92.6272%
  [   520000,   520500)         1308    0.0044%  92.6316%
  [   520500,   521000)         1359    0.0045%  92.6361%
  [   521000,   521500)         1358    0.0045%  92.6407%
  [   521500,   522000)         1319    0.0044%  92.6451%
  [   522000,   522500)         1425    0.0048%  92.6498%
  [   522500,   523000)         1433    0.0048%  92.6546%
  [   523000,   523500)         1430    0.0048%  92.6593%
  [   523500,   524000)         1442    0.0048%  92.6642%
  [   524000,   524500)         1445    0.0048%  92.6690%
  [   524500,   525000)         1502    0.0050%  92.6740%
  [   525000,   525500)         1441    0.0048%  92.6788%
  [   525500,   526000)         1416    0.0047%  92.6835%
  [   526000,   526500)         1453    0.0048%  92.6883%
  [   526500,   527000)         1417    0.0047%  92.6931%
  [   527000,   527500)         1516    0.0051%  92.6981%
  [   527500,   528000)         1472    0.0049%  92.7030%
  [   528000,   528500)         1450    0.0048%  92.7079%
  [   528500,   529000)         1525    0.0051%  92.7129%
  [   529000,   529500)         1533    0.0051%  92.7181%
  [   529500,   530000)         1501    0.0050%  92.7231%
  [   530000,   530500)         1463    0.0049%  92.7279%
  [   530500,   531000)         1587    0.0053%  92.7332%
  [   531000,   531500)         1577    0.0053%  92.7385%
  [   531500,   532000)         1580    0.0053%  92.7437%
  [   532000,   532500)         1509    0.0050%  92.7488%
  [   532500,   533000)         1637    0.0055%  92.7542%
  [   533000,   533500)         1599    0.0053%  92.7596%
  [   533500,   534000)         1633    0.0054%  92.7650%
  [   534000,   534500)         1720    0.0057%  92.7707%
  [   534500,   535000)         1649    0.0055%  92.7762%
  [   535000,   535500)         1605    0.0054%  92.7816%
  [   535500,   536000)         1627    0.0054%  92.7870%
  [   536000,   536500)         1630    0.0054%  92.7924%
  [   536500,   537000)         1661    0.0055%  92.7980%
  [   537000,   537500)         1631    0.0054%  92.8034%
  [   537500,   538000)         1725    0.0058%  92.8092%
  [   538000,   538500)         1695    0.0057%  92.8148%
  [   538500,   539000)         1726    0.0058%  92.8206%
  [   539000,   539500)         1699    0.0057%  92.8262%
  [   539500,   540000)         1669    0.0056%  92.8318%
  [   540000,   540500)         1742    0.0058%  92.8376%
  [   540500,   541000)         1664    0.0055%  92.8432%
  [   541000,   541500)         1702    0.0057%  92.8488%
  [   541500,   542000)         1846    0.0062%  92.8550%
  [   542000,   542500)         1708    0.0057%  92.8607%
  [   542500,   543000)         1762    0.0059%  92.8665%
  [   543000,   543500)         1800    0.0060%  92.8725%
  [   543500,   544000)         1791    0.0060%  92.8785%
  [   544000,   544500)         1837    0.0061%  92.8846%
  [   544500,   545000)         1846    0.0062%  92.8908%
  [   545000,   545500)         1863    0.0062%  92.8970%
  [   545500,   546000)         1810    0.0060%  92.9030%
  [   546000,   546500)         1848    0.0062%  92.9092%
  [   546500,   547000)         1863    0.0062%  92.9154%
  [   547000,   547500)         1897    0.0063%  92.9217%
  [   547500,   548000)         1871    0.0062%  92.9280%
  [   548000,   548500)         1961    0.0065%  92.9345%
  [   548500,   549000)         1917    0.0064%  92.9409%
  [   549000,   549500)         1904    0.0063%  92.9472%
  [   549500,   550000)         1921    0.0064%  92.9536%
  [   550000,   550500)         1935    0.0065%  92.9601%
  [   550500,   551000)         1953    0.0065%  92.9666%
  [   551000,   551500)         2009    0.0067%  92.9733%
  [   551500,   552000)         2001    0.0067%  92.9800%
  [   552000,   552500)         2007    0.0067%  92.9867%
  [   552500,   553000)         1975    0.0066%  92.9932%
  [   553000,   553500)         2028    0.0068%  93.0000%
  [   553500,   554000)         1978    0.0066%  93.0066%
  [   554000,   554500)         1924    0.0064%  93.0130%
  [   554500,   555000)         1985    0.0066%  93.0196%
  [   555000,   555500)         2033    0.0068%  93.0264%
  [   555500,   556000)         2019    0.0067%  93.0331%
  [   556000,   556500)         1998    0.0067%  93.0398%
  [   556500,   557000)         2027    0.0068%  93.0465%
  [   557000,   557500)         2070    0.0069%  93.0534%
  [   557500,   558000)         2137    0.0071%  93.0606%
  [   558000,   558500)         2044    0.0068%  93.0674%
  [   558500,   559000)         2090    0.0070%  93.0744%
  [   559000,   559500)         2155    0.0072%  93.0815%
  [   559500,   560000)         2155    0.0072%  93.0887%
  [   560000,   560500)         2196    0.0073%  93.0960%
  [   560500,   561000)         2191    0.0073%  93.1033%
  [   561000,   561500)         2212    0.0074%  93.1107%
  [   561500,   562000)         2228    0.0074%  93.1181%
  [   562000,   562500)         2219    0.0074%  93.1255%
  [   562500,   563000)         2195    0.0073%  93.1329%
  [   563000,   563500)         2225    0.0074%  93.1403%
  [   563500,   564000)         2255    0.0075%  93.1478%
  [   564000,   564500)         2253    0.0075%  93.1553%
  [   564500,   565000)         2268    0.0076%  93.1629%
  [   565000,   565500)         2318    0.0077%  93.1706%
  [   565500,   566000)         2325    0.0078%  93.1783%
  [   566000,   566500)         2321    0.0077%  93.1861%
  [   566500,   567000)         2409    0.0080%  93.1941%
  [   567000,   567500)         2328    0.0078%  93.2019%
  [   567500,   568000)         2307    0.0077%  93.2096%
  [   568000,   568500)         2367    0.0079%  93.2174%
  [   568500,   569000)         2421    0.0081%  93.2255%
  [   569000,   569500)         2376    0.0079%  93.2334%
  [   569500,   570000)         2427    0.0081%  93.2415%
  [   570000,   570500)         2421    0.0081%  93.2496%
  [   570500,   571000)         2342    0.0078%  93.2574%
  [   571000,   571500)         2391    0.0080%  93.2654%
  [   571500,   572000)         2460    0.0082%  93.2736%
  [   572000,   572500)         2398    0.0080%  93.2816%
  [   572500,   573000)         2440    0.0081%  93.2897%
  [   573000,   573500)         2472    0.0082%  93.2979%
  [   573500,   574000)         2408    0.0080%  93.3060%
  [   574000,   574500)         2565    0.0086%  93.3145%
  [   574500,   575000)         2432    0.0081%  93.3226%
  [   575000,   575500)         2514    0.0084%  93.3310%
  [   575500,   576000)         2484    0.0083%  93.3393%
  [   576000,   576500)         2613    0.0087%  93.3480%
  [   576500,   577000)         2540    0.0085%  93.3565%
  [   577000,   577500)         2590    0.0086%  93.3651%
  [   577500,   578000)         2557    0.0085%  93.3736%
  [   578000,   578500)         2521    0.0084%  93.3820%
  [   578500,   579000)         2652    0.0088%  93.3909%
  [   579000,   579500)         2674    0.0089%  93.3998%
  [   579500,   580000)         2589    0.0086%  93.4084%
  [   580000,   580500)         2652    0.0088%  93.4172%
  [   580500,   581000)         2724    0.0091%  93.4263%
  [   581000,   581500)         2643    0.0088%  93.4351%
  [   581500,   582000)         2677    0.0089%  93.4441%
  [   582000,   582500)         2711    0.0090%  93.4531%
  [   582500,   583000)         2690    0.0090%  93.4621%
  [   583000,   583500)         2719    0.0091%  93.4711%
  [   583500,   584000)         2675    0.0089%  93.4800%
  [   584000,   584500)         2674    0.0089%  93.4889%
  [   584500,   585000)         2710    0.0090%  93.4980%
  [   585000,   585500)         2693    0.0090%  93.5070%
  [   585500,   586000)         2678    0.0089%  93.5159%
  [   586000,   586500)         2747    0.0092%  93.5250%
  [   586500,   587000)         2808    0.0094%  93.5344%
  [   587000,   587500)         2709    0.0090%  93.5434%
  [   587500,   588000)         2832    0.0094%  93.5529%
  [   588000,   588500)         2783    0.0093%  93.5621%
  [   588500,   589000)         2808    0.0094%  93.5715%
  [   589000,   589500)         2784    0.0093%  93.5808%
  [   589500,   590000)         2871    0.0096%  93.5904%
  [   590000,   590500)         2806    0.0094%  93.5997%
  [   590500,   591000)         2877    0.0096%  93.6093%
  [   591000,   591500)         2921    0.0097%  93.6190%
  [   591500,   592000)         2847    0.0095%  93.6285%
  [   592000,   592500)         2915    0.0097%  93.6382%
  [   592500,   593000)         2962    0.0099%  93.6481%
  [   593000,   593500)         2841    0.0095%  93.6576%
  [   593500,   594000)         2928    0.0098%  93.6673%
  [   594000,   594500)         2884    0.0096%  93.6770%
  [   594500,   595000)         2958    0.0099%  93.6868%
  [   595000,   595500)         2971    0.0099%  93.6967%
  [   595500,   596000)         2911    0.0097%  93.7064%
  [   596000,   596500)         2943    0.0098%  93.7162%
  [   596500,   597000)         2956    0.0099%  93.7261%
  [   597000,   597500)         2930    0.0098%  93.7359%
  [   597500,   598000)         2928    0.0098%  93.7456%
  [   598000,   598500)         3037    0.0101%  93.7557%
  [   598500,   599000)         3132    0.0104%  93.7662%
  [   599000,   599500)         2918    0.0097%  93.7759%
  [   599500,   600000)         2996    0.0100%  93.7859%
  [   600000,   600500)         2899    0.0097%  93.7956%
  [   600500,   601000)         2994    0.0100%  93.8055%
  [   601000,   601500)         3100    0.0103%  93.8159%
  [   601500,   602000)         3088    0.0103%  93.8262%
  [   602000,   602500)         3050    0.0102%  93.8363%
  [   602500,   603000)         3071    0.0102%  93.8466%
  [   603000,   603500)         3104    0.0103%  93.8569%
  [   603500,   604000)         3048    0.0102%  93.8671%
  [   604000,   604500)         3112    0.0104%  93.8774%
  [   604500,   605000)         3075    0.0103%  93.8877%
  [   605000,   605500)         3057    0.0102%  93.8979%
  [   605500,   606000)         3035    0.0101%  93.9080%
  [   606000,   606500)         3190    0.0106%  93.9186%
  [   606500,   607000)         3221    0.0107%  93.9294%
  [   607000,   607500)         3089    0.0103%  93.9397%
  [   607500,   608000)         3162    0.0105%  93.9502%
  [   608000,   608500)         3082    0.0103%  93.9605%
  [   608500,   609000)         3165    0.0106%  93.9710%
  [   609000,   609500)         3105    0.0104%  93.9814%
  [   609500,   610000)         3177    0.0106%  93.9920%
  [   610000,   610500)         3117    0.0104%  94.0024%
  [   610500,   611000)         3149    0.0105%  94.0129%
  [   611000,   611500)         3188    0.0106%  94.0235%
  [   611500,   612000)         3115    0.0104%  94.0339%
  [   612000,   612500)         3289    0.0110%  94.0448%
  [   612500,   613000)         3159    0.0105%  94.0554%
  [   613000,   613500)         3271    0.0109%  94.0663%
  [   613500,   614000)         3148    0.0105%  94.0768%
  [   614000,   614500)         3155    0.0105%  94.0873%
  [   614500,   615000)         3308    0.0110%  94.0983%
  [   615000,   615500)         3200    0.0107%  94.1090%
  [   615500,   616000)         3251    0.0108%  94.1198%
  [   616000,   616500)         3357    0.0112%  94.1310%
  [   616500,   617000)         3243    0.0108%  94.1418%
  [   617000,   617500)         3301    0.0110%  94.1528%
  [   617500,   618000)         3302    0.0110%  94.1638%
  [   618000,   618500)         3389    0.0113%  94.1751%
  [   618500,   619000)         3236    0.0108%  94.1859%
  [   619000,   619500)         3324    0.0111%  94.1970%
  [   619500,   620000)         3189    0.0106%  94.2076%
  [   620000,   620500)         3272    0.0109%  94.2185%
  [   620500,   621000)         3321    0.0111%  94.2296%
  [   621000,   621500)         3337    0.0111%  94.2407%
  [   621500,   622000)         3298    0.0110%  94.2517%
  [   622000,   622500)         3319    0.0111%  94.2628%
  [   622500,   623000)         3368    0.0112%  94.2740%
  [   623000,   623500)         3240    0.0108%  94.2848%
  [   623500,   624000)         3275    0.0109%  94.2957%
  [   624000,   624500)         3374    0.0112%  94.3070%
  [   624500,   625000)         3290    0.0110%  94.3179%
  [   625000,   625500)         3396    0.0113%  94.3292%
  [   625500,   626000)         3284    0.0109%  94.3402%
  [   626000,   626500)         3398    0.0113%  94.3515%
  [   626500,   627000)         3285    0.0110%  94.3625%
  [   627000,   627500)         3388    0.0113%  94.3738%
  [   627500,   628000)         3470    0.0116%  94.3853%
  [   628000,   628500)         3337    0.0111%  94.3965%
  [   628500,   629000)         3399    0.0113%  94.4078%
  [   629000,   629500)         3371    0.0112%  94.4190%
  [   629500,   630000)         3374    0.0112%  94.4303%
  [   630000,   630500)         3445    0.0115%  94.4417%
  [   630500,   631000)         3360    0.0112%  94.4529%
  [   631000,   631500)         3340    0.0111%  94.4641%
  [   631500,   632000)         3411    0.0114%  94.4755%
  [   632000,   632500)         3389    0.0113%  94.4867%
  [   632500,   633000)         3419    0.0114%  94.4981%
  [   633000,   633500)         3380    0.0113%  94.5094%
  [   633500,   634000)         3421    0.0114%  94.5208%
  [   634000,   634500)         3376    0.0113%  94.5321%
  [   634500,   635000)         3343    0.0111%  94.5432%
  [   635000,   635500)         3484    0.0116%  94.5548%
  [   635500,   636000)         3524    0.0117%  94.5666%
  [   636000,   636500)         3445    0.0115%  94.5781%
  [   636500,   637000)         3413    0.0114%  94.5894%
  [   637000,   637500)         3448    0.0115%  94.6009%
  [   637500,   638000)         3535    0.0118%  94.6127%
  [   638000,   638500)         3285    0.0110%  94.6237%
  [   638500,   639000)         3406    0.0114%  94.6350%
  [   639000,   639500)         3442    0.0115%  94.6465%
  [   639500,   640000)         3443    0.0115%  94.6580%
  [   640000,   640500)         3416    0.0114%  94.6693%
  [   640500,   641000)         3452    0.0115%  94.6809%
  [   641000,   641500)         3425    0.0114%  94.6923%
  [   641500,   642000)         3418    0.0114%  94.7037%
  [   642000,   642500)         3322    0.0111%  94.7147%
  [   642500,   643000)         3460    0.0115%  94.7263%
  [   643000,   643500)         3418    0.0114%  94.7377%
  [   643500,   644000)         3226    0.0108%  94.7484%
  [   644000,   644500)         3385    0.0113%  94.7597%
  [   644500,   645000)         3443    0.0115%  94.7712%
  [   645000,   645500)         3450    0.0115%  94.7827%
  [   645500,   646000)         3489    0.0116%  94.7943%
  [   646000,   646500)         3318    0.0111%  94.8054%
  [   646500,   647000)         3388    0.0113%  94.8167%
  [   647000,   647500)         3456    0.0115%  94.8282%
  [   647500,   648000)         3434    0.0114%  94.8396%
  [   648000,   648500)         3460    0.0115%  94.8512%
  [   648500,   649000)         3411    0.0114%  94.8625%
  [   649000,   649500)         3477    0.0116%  94.8741%
  [   649500,   650000)         3487    0.0116%  94.8857%
  [   650000,   650500)         3435    0.0115%  94.8972%
  [   650500,   651000)         3362    0.0112%  94.9084%
  [   651000,   651500)         3459    0.0115%  94.9199%
  [   651500,   652000)         3380    0.0113%  94.9312%
  [   652000,   652500)         3455    0.0115%  94.9427%
  [   652500,   653000)         3318    0.0111%  94.9538%
  [   653000,   653500)         3444    0.0115%  94.9653%
  [   653500,   654000)         3417    0.0114%  94.9766%
  [   654000,   654500)         3477    0.0116%  94.9882%
  [   654500,   655000)         3402    0.0113%  94.9996%
  [   655000,   655500)         3395    0.0113%  95.0109%
  [   655500,   656000)         3434    0.0114%  95.0223%
  [   656000,   656500)         3380    0.0113%  95.0336%
  [   656500,   657000)         3337    0.0111%  95.0447%
  [   657000,   657500)         3375    0.0113%  95.0560%
  [   657500,   658000)         3394    0.0113%  95.0673%
  [   658000,   658500)         3576    0.0119%  95.0792%
  [   658500,   659000)         3399    0.0113%  95.0905%
  [   659000,   659500)         3436    0.0115%  95.1020%
  [   659500,   660000)         3382    0.0113%  95.1133%
  [   660000,   660500)         3397    0.0113%  95.1246%
  [   660500,   661000)         3468    0.0116%  95.1362%
  [   661000,   661500)         3422    0.0114%  95.1476%
  [   661500,   662000)         3464    0.0115%  95.1591%
  [   662000,   662500)         3328    0.0111%  95.1702%
  [   662500,   663000)         3425    0.0114%  95.1816%
  [   663000,   663500)         3397    0.0113%  95.1929%
  [   663500,   664000)         3456    0.0115%  95.2045%
  [   664000,   664500)         3382    0.0113%  95.2157%
  [   664500,   665000)         3350    0.0112%  95.2269%
  [   665000,   665500)         3502    0.0117%  95.2386%
  [   665500,   666000)         3353    0.0112%  95.2497%
  [   666000,   666500)         3385    0.0113%  95.2610%
  [   666500,   667000)         3404    0.0113%  95.2724%
  [   667000,   667500)         3318    0.0111%  95.2834%
  [   667500,   668000)         3395    0.0113%  95.2948%
  [   668000,   668500)         3459    0.0115%  95.3063%
  [   668500,   669000)         3421    0.0114%  95.3177%
  [   669000,   669500)         3376    0.0113%  95.3289%
  [   669500,   670000)         3373    0.0112%  95.3402%
  [   670000,   670500)         3483    0.0116%  95.3518%
  [   670500,   671000)         3421    0.0114%  95.3632%
  [   671000,   671500)         3351    0.0112%  95.3744%
  [   671500,   672000)         3472    0.0116%  95.3859%
  [   672000,   672500)         3415    0.0114%  95.3973%
  [   672500,   673000)         3363    0.0112%  95.4085%
  [   673000,   673500)         3436    0.0115%  95.4200%
  [   673500,   674000)         3435    0.0115%  95.4314%
  [   674000,   674500)         3344    0.0111%  95.4426%
  [   674500,   675000)         3503    0.0117%  95.4543%
  [   675000,   675500)         3508    0.0117%  95.4660%
  [   675500,   676000)         3408    0.0114%  95.4773%
  [   676000,   676500)         3326    0.0111%  95.4884%
  [   676500,   677000)         3361    0.0112%  95.4996%
  [   677000,   677500)         3288    0.0110%  95.5106%
  [   677500,   678000)         3449    0.0115%  95.5221%
  [   678000,   678500)         3479    0.0116%  95.5337%
  [   678500,   679000)         3300    0.0110%  95.5447%
  [   679000,   679500)         3425    0.0114%  95.5561%
  [   679500,   680000)         3389    0.0113%  95.5674%
  [   680000,   680500)         3316    0.0111%  95.5784%
  [   680500,   681000)         3474    0.0116%  95.5900%
  [   681000,   681500)         3391    0.0113%  95.6013%
  [   681500,   682000)         3355    0.0112%  95.6125%
  [   682000,   682500)         3430    0.0114%  95.6239%
  [   682500,   683000)         3376    0.0113%  95.6352%
  [   683000,   683500)         3384    0.0113%  95.6465%
  [   683500,   684000)         3344    0.0111%  95.6576%
  [   684000,   684500)         3305    0.0110%  95.6686%
  [   684500,   685000)         3260    0.0109%  95.6795%
  [   685000,   685500)         3359    0.0112%  95.6907%
  [   685500,   686000)         3327    0.0111%  95.7018%
  [   686000,   686500)         3425    0.0114%  95.7132%
  [   686500,   687000)         3358    0.0112%  95.7244%
  [   687000,   687500)         3279    0.0109%  95.7353%
  [   687500,   688000)         3336    0.0111%  95.7464%
  [   688000,   688500)         3353    0.0112%  95.7576%
  [   688500,   689000)         3335    0.0111%  95.7687%
  [   689000,   689500)         3395    0.0113%  95.7800%
  [   689500,   690000)         3375    0.0113%  95.7913%
  [   690000,   690500)         3336    0.0111%  95.8024%
  [   690500,   691000)         3366    0.0112%  95.8136%
  [   691000,   691500)         3368    0.0112%  95.8249%
  [   691500,   692000)         3313    0.0110%  95.8359%
  [   692000,   692500)         3253    0.0108%  95.8467%
  [   692500,   693000)         3294    0.0110%  95.8577%
  [   693000,   693500)         3360    0.0112%  95.8689%
  [   693500,   694000)         3325    0.0111%  95.8800%
  [   694000,   694500)         3350    0.0112%  95.8912%
  [   694500,   695000)         3362    0.0112%  95.9024%
  [   695000,   695500)         3263    0.0109%  95.9133%
  [   695500,   696000)         3302    0.0110%  95.9243%
  [   696000,   696500)         3298    0.0110%  95.9353%
  [   696500,   697000)         3228    0.0108%  95.9460%
  [   697000,   697500)         3196    0.0107%  95.9567%
  [   697500,   698000)         3296    0.0110%  95.9677%
  [   698000,   698500)         3223    0.0107%  95.9784%
  [   698500,   699000)         3286    0.0110%  95.9894%
  [   699000,   699500)         3293    0.0110%  96.0003%
  [   699500,   700000)         3237    0.0108%  96.0111%
  [   700000,   700500)         3300    0.0110%  96.0221%
  [   700500,   701000)         3275    0.0109%  96.0330%
  [   701000,   701500)         3189    0.0106%  96.0437%
  [   701500,   702000)         3163    0.0105%  96.0542%
  [   702000,   702500)         3246    0.0108%  96.0650%
  [   702500,   703000)         3233    0.0108%  96.0758%
  [   703000,   703500)         3140    0.0105%  96.0863%
  [   703500,   704000)         3216    0.0107%  96.0970%
  [   704000,   704500)         3239    0.0108%  96.1078%
  [   704500,   705000)         3263    0.0109%  96.1187%
  [   705000,   705500)         3200    0.0107%  96.1293%
  [   705500,   706000)         3262    0.0109%  96.1402%
  [   706000,   706500)         3172    0.0106%  96.1508%
  [   706500,   707000)         3207    0.0107%  96.1615%
  [   707000,   707500)         3274    0.0109%  96.1724%
  [   707500,   708000)         3235    0.0108%  96.1832%
  [   708000,   708500)         3296    0.0110%  96.1942%
  [   708500,   709000)         3164    0.0105%  96.2047%
  [   709000,   709500)         3247    0.0108%  96.2155%
  [   709500,   710000)         3225    0.0108%  96.2263%
  [   710000,   710500)         3272    0.0109%  96.2372%
  [   710500,   711000)         3212    0.0107%  96.2479%
  [   711000,   711500)         3108    0.0104%  96.2583%
  [   711500,   712000)         3104    0.0103%  96.2686%
  [   712000,   712500)         3239    0.0108%  96.2794%
  [   712500,   713000)         3065    0.0102%  96.2896%
  [   713000,   713500)         3159    0.0105%  96.3001%
  [   713500,   714000)         3095    0.0103%  96.3105%
  [   714000,   714500)         3164    0.0105%  96.3210%
  [   714500,   715000)         3264    0.0109%  96.3319%
  [   715000,   715500)         3192    0.0106%  96.3425%
  [   715500,   716000)         3172    0.0106%  96.3531%
  [   716000,   716500)         3272    0.0109%  96.3640%
  [   716500,   717000)         3132    0.0104%  96.3744%
  [   717000,   717500)         3182    0.0106%  96.3851%
  [   717500,   718000)         3214    0.0107%  96.3958%
  [   718000,   718500)         3208    0.0107%  96.4065%
  [   718500,   719000)         3125    0.0104%  96.4169%
  [   719000,   719500)         3220    0.0107%  96.4276%
  [   719500,   720000)         3231    0.0108%  96.4384%
  [   720000,   720500)         3133    0.0104%  96.4488%
  [   720500,   721000)         3156    0.0105%  96.4593%
  [   721000,   721500)         3189    0.0106%  96.4700%
  [   721500,   722000)         3137    0.0105%  96.4804%
  [   722000,   722500)         3100    0.0103%  96.4908%
  [   722500,   723000)         3151    0.0105%  96.5013%
  [   723000,   723500)         3000    0.0100%  96.5113%
  [   723500,   724000)         3197    0.0107%  96.5219%
  [   724000,   724500)         3133    0.0104%  96.5324%
  [   724500,   725000)         3126    0.0104%  96.5428%
  [   725000,   725500)         3007    0.0100%  96.5528%
  [   725500,   726000)         3108    0.0104%  96.5632%
  [   726000,   726500)         3054    0.0102%  96.5733%
  [   726500,   727000)         3075    0.0103%  96.5836%
  [   727000,   727500)         3139    0.0105%  96.5941%
  [   727500,   728000)         3071    0.0102%  96.6043%
  [   728000,   728500)         3073    0.0102%  96.6145%
  [   728500,   729000)         3125    0.0104%  96.6250%
  [   729000,   729500)         2984    0.0099%  96.6349%
  [   729500,   730000)         3089    0.0103%  96.6452%
  [   730000,   730500)         3061    0.0102%  96.6554%
  [   730500,   731000)         2981    0.0099%  96.6653%
  [   731000,   731500)         3086    0.0103%  96.6756%
  [   731500,   732000)         3112    0.0104%  96.6860%
  [   732000,   732500)         3001    0.0100%  96.6960%
  [   732500,   733000)         3061    0.0102%  96.7062%
  [   733000,   733500)         3052    0.0102%  96.7164%
  [   733500,   734000)         2984    0.0099%  96.7263%
  [   734000,   734500)         3056    0.0102%  96.7365%
  [   734500,   735000)         2970    0.0099%  96.7464%
  [   735000,   735500)         3166    0.0106%  96.7570%
  [   735500,   736000)         2975    0.0099%  96.7669%
  [   736000,   736500)         2992    0.0100%  96.7769%
  [   736500,   737000)         2981    0.0099%  96.7868%
  [   737000,   737500)         3031    0.0101%  96.7969%
  [   737500,   738000)         2964    0.0099%  96.8068%
  [   738000,   738500)         2951    0.0098%  96.8166%
  [   738500,   739000)         3007    0.0100%  96.8266%
  [   739000,   739500)         2992    0.0100%  96.8366%
  [   739500,   740000)         2928    0.0098%  96.8464%
  [   740000,   740500)         2978    0.0099%  96.8563%
  [   740500,   741000)         2961    0.0099%  96.8662%
  [   741000,   741500)         2946    0.0098%  96.8760%
  [   741500,   742000)         2909    0.0097%  96.8857%
  [   742000,   742500)         2946    0.0098%  96.8955%
  [   742500,   743000)         2991    0.0100%  96.9055%
  [   743000,   743500)         2947    0.0098%  96.9153%
  [   743500,   744000)         2857    0.0095%  96.9248%
  [   744000,   744500)         2883    0.0096%  96.9344%
  [   744500,   745000)         2910    0.0097%  96.9441%
  [   745000,   745500)         2806    0.0094%  96.9535%
  [   745500,   746000)         2797    0.0093%  96.9628%
  [   746000,   746500)         2884    0.0096%  96.9724%
  [   746500,   747000)         2972    0.0099%  96.9823%
  [   747000,   747500)         2881    0.0096%  96.9919%
  [   747500,   748000)         2993    0.0100%  97.0019%
  [   748000,   748500)         2954    0.0098%  97.0118%
  [   748500,   749000)         2877    0.0096%  97.0213%
  [   749000,   749500)         2886    0.0096%  97.0310%
  [   749500,   750000)         2804    0.0093%  97.0403%
  [   750000,   750500)         2864    0.0095%  97.0499%
  [   750500,   751000)         2838    0.0095%  97.0593%
  [   751000,   751500)         2844    0.0095%  97.0688%
  [   751500,   752000)         2866    0.0096%  97.0784%
  [   752000,   752500)         2826    0.0094%  97.0878%
  [   752500,   753000)         2762    0.0092%  97.0970%
  [   753000,   753500)         2883    0.0096%  97.1066%
  [   753500,   754000)         2841    0.0095%  97.1161%
  [   754000,   754500)         2770    0.0092%  97.1253%
  [   754500,   755000)         2792    0.0093%  97.1346%
  [   755000,   755500)         2717    0.0091%  97.1437%
  [   755500,   756000)         2738    0.0091%  97.1528%
  [   756000,   756500)         2740    0.0091%  97.1619%
  [   756500,   757000)         2747    0.0092%  97.1711%
  [   757000,   757500)         2730    0.0091%  97.1802%
  [   757500,   758000)         2676    0.0089%  97.1891%
  [   758000,   758500)         2799    0.0093%  97.1984%
  [   758500,   759000)         2746    0.0092%  97.2076%
  [   759000,   759500)         2707    0.0090%  97.2166%
  [   759500,   760000)         2749    0.0092%  97.2258%
  [   760000,   760500)         2697    0.0090%  97.2348%
  [   760500,   761000)         2697    0.0090%  97.2437%
  [   761000,   761500)         2751    0.0092%  97.2529%
  [   761500,   762000)         2702    0.0090%  97.2619%
  [   762000,   762500)         2718    0.0091%  97.2710%
  [   762500,   763000)         2687    0.0090%  97.2799%
  [   763000,   763500)         2686    0.0090%  97.2889%
  [   763500,   764000)         2568    0.0086%  97.2974%
  [   764000,   764500)         2685    0.0090%  97.3064%
  [   764500,   765000)         2553    0.0085%  97.3149%
  [   765000,   765500)         2577    0.0086%  97.3235%
  [   765500,   766000)         2734    0.0091%  97.3326%
  [   766000,   766500)         2571    0.0086%  97.3412%
  [   766500,   767000)         2633    0.0088%  97.3500%
  [   767000,   767500)         2679    0.0089%  97.3589%
  [   767500,   768000)         2569    0.0086%  97.3675%
  [   768000,   768500)         2614    0.0087%  97.3762%
  [   768500,   769000)         2537    0.0085%  97.3846%
  [   769000,   769500)         2601    0.0087%  97.3933%
  [   769500,   770000)         2569    0.0086%  97.4019%
  [   770000,   770500)         2657    0.0089%  97.4107%
  [   770500,   771000)         2606    0.0087%  97.4194%
  [   771000,   771500)         2540    0.0085%  97.4279%
  [   771500,   772000)         2610    0.0087%  97.4366%
  [   772000,   772500)         2585    0.0086%  97.4452%
  [   772500,   773000)         2570    0.0086%  97.4537%
  [   773000,   773500)         2642    0.0088%  97.4626%
  [   773500,   774000)         2609    0.0087%  97.4713%
  [   774000,   774500)         2550    0.0085%  97.4798%
  [   774500,   775000)         2404    0.0080%  97.4878%
  [   775000,   775500)         2667    0.0089%  97.4967%
  [   775500,   776000)         2547    0.0085%  97.5051%
  [   776000,   776500)         2442    0.0081%  97.5133%
  [   776500,   777000)         2546    0.0085%  97.5218%
  [   777000,   777500)         2575    0.0086%  97.5304%
  [   777500,   778000)         2550    0.0085%  97.5389%
  [   778000,   778500)         2508    0.0084%  97.5472%
  [   778500,   779000)         2473    0.0082%  97.5555%
  [   779000,   779500)         2528    0.0084%  97.5639%
  [   779500,   780000)         2524    0.0084%  97.5723%
  [   780000,   780500)         2457    0.0082%  97.5805%
  [   780500,   781000)         2515    0.0084%  97.5889%
  [   781000,   781500)         2443    0.0081%  97.5970%
  [   781500,   782000)         2488    0.0083%  97.6053%
  [   782000,   782500)         2447    0.0082%  97.6135%
  [   782500,   783000)         2473    0.0082%  97.6217%
  [   783000,   783500)         2442    0.0081%  97.6298%
  [   783500,   784000)         2428    0.0081%  97.6379%
  [   784000,   784500)         2443    0.0081%  97.6461%
  [   784500,   785000)         2399    0.0080%  97.6541%
  [   785000,   785500)         2412    0.0080%  97.6621%
  [   785500,   786000)         2454    0.0082%  97.6703%
  [   786000,   786500)         2434    0.0081%  97.6784%
  [   786500,   787000)         2448    0.0082%  97.6866%
  [   787000,   787500)         2381    0.0079%  97.6945%
  [   787500,   788000)         2346    0.0078%  97.7023%
  [   788000,   788500)         2399    0.0080%  97.7103%
  [   788500,   789000)         2322    0.0077%  97.7181%
  [   789000,   789500)         2268    0.0076%  97.7256%
  [   789500,   790000)         2315    0.0077%  97.7333%
  [   790000,   790500)         2299    0.0077%  97.7410%
  [   790500,   791000)         2328    0.0078%  97.7488%
  [   791000,   791500)         2321    0.0077%  97.7565%
  [   791500,   792000)         2337    0.0078%  97.7643%
  [   792000,   792500)         2239    0.0075%  97.7718%
  [   792500,   793000)         2301    0.0077%  97.7794%
  [   793000,   793500)         2335    0.0078%  97.7872%
  [   793500,   794000)         2316    0.0077%  97.7949%
  [   794000,   794500)         2294    0.0076%  97.8026%
  [   794500,   795000)         2251    0.0075%  97.8101%
  [   795000,   795500)         2239    0.0075%  97.8175%
  [   795500,   796000)         2196    0.0073%  97.8249%
  [   796000,   796500)         2278    0.0076%  97.8325%
  [   796500,   797000)         2257    0.0075%  97.8400%
  [   797000,   797500)         2206    0.0074%  97.8473%
  [   797500,   798000)         2231    0.0074%  97.8548%
  [   798000,   798500)         2176    0.0073%  97.8620%
  [   798500,   799000)         2263    0.0075%  97.8696%
  [   799000,   799500)         2360    0.0079%  97.8774%
  [   799500,   800000)         2163    0.0072%  97.8846%
  [   800000,   800500)         2175    0.0073%  97.8919%
  [   800500,   801000)         2143    0.0071%  97.8990%
  [   801000,   801500)         2148    0.0072%  97.9062%
  [   801500,   802000)         2162    0.0072%  97.9134%
  [   802000,   802500)         2104    0.0070%  97.9204%
  [   802500,   803000)         2101    0.0070%  97.9274%
  [   803000,   803500)         2162    0.0072%  97.9346%
  [   803500,   804000)         2066    0.0069%  97.9415%
  [   804000,   804500)         2220    0.0074%  97.9489%
  [   804500,   805000)         2114    0.0070%  97.9560%
  [   805000,   805500)         2167    0.0072%  97.9632%
  [   805500,   806000)         2151    0.0072%  97.9704%
  [   806000,   806500)         2043    0.0068%  97.9772%
  [   806500,   807000)         2094    0.0070%  97.9841%
  [   807000,   807500)         2039    0.0068%  97.9909%
  [   807500,   808000)         2100    0.0070%  97.9979%
  [   808000,   808500)         2041    0.0068%  98.0047%
  [   808500,   809000)         1992    0.0066%  98.0114%
  [   809000,   809500)         1994    0.0066%  98.0180%
  [   809500,   810000)         2045    0.0068%  98.0248%
  [   810000,   810500)         1991    0.0066%  98.0315%
  [   810500,   811000)         1973    0.0066%  98.0381%
  [   811000,   811500)         1969    0.0066%  98.0446%
  [   811500,   812000)         1970    0.0066%  98.0512%
  [   812000,   812500)         2034    0.0068%  98.0580%
  [   812500,   813000)         1998    0.0067%  98.0646%
  [   813000,   813500)         1980    0.0066%  98.0712%
  [   813500,   814000)         2038    0.0068%  98.0780%
  [   814000,   814500)         1994    0.0066%  98.0847%
  [   814500,   815000)         2052    0.0068%  98.0915%
  [   815000,   815500)         1964    0.0065%  98.0981%
  [   815500,   816000)         1934    0.0064%  98.1045%
  [   816000,   816500)         2024    0.0067%  98.1113%
  [   816500,   817000)         1922    0.0064%  98.1177%
  [   817000,   817500)         1984    0.0066%  98.1243%
  [   817500,   818000)         1931    0.0064%  98.1307%
  [   818000,   818500)         1991    0.0066%  98.1373%
  [   818500,   819000)         1989    0.0066%  98.1440%
  [   819000,   819500)         1881    0.0063%  98.1502%
  [   819500,   820000)         1900    0.0063%  98.1566%
  [   820000,   820500)         1884    0.0063%  98.1629%
  [   820500,   821000)         1897    0.0063%  98.1692%
  [   821000,   821500)         1925    0.0064%  98.1756%
  [   821500,   822000)         1871    0.0062%  98.1818%
  [   822000,   822500)         1773    0.0059%  98.1877%
  [   822500,   823000)         1899    0.0063%  98.1941%
  [   823000,   823500)         1913    0.0064%  98.2005%
  [   823500,   824000)         1878    0.0063%  98.2067%
  [   824000,   824500)         1820    0.0061%  98.2128%
  [   824500,   825000)         1855    0.0062%  98.2190%
  [   825000,   825500)         1780    0.0059%  98.2249%
  [   825500,   826000)         1814    0.0060%  98.2309%
  [   826000,   826500)         1808    0.0060%  98.2370%
  [   826500,   827000)         1812    0.0060%  98.2430%
  [   827000,   827500)         1844    0.0061%  98.2492%
  [   827500,   828000)         1821    0.0061%  98.2552%
  [   828000,   828500)         1700    0.0057%  98.2609%
  [   828500,   829000)         1783    0.0059%  98.2668%
  [   829000,   829500)         1759    0.0059%  98.2727%
  [   829500,   830000)         1782    0.0059%  98.2786%
  [   830000,   830500)         1859    0.0062%  98.2848%
  [   830500,   831000)         1792    0.0060%  98.2908%
  [   831000,   831500)         1771    0.0059%  98.2967%
  [   831500,   832000)         1721    0.0057%  98.3024%
  [   832000,   832500)         1798    0.0060%  98.3084%
  [   832500,   833000)         1707    0.0057%  98.3141%
  [   833000,   833500)         1743    0.0058%  98.3199%
  [   833500,   834000)         1648    0.0055%  98.3254%
  [   834000,   834500)         1697    0.0057%  98.3311%
  [   834500,   835000)         1631    0.0054%  98.3365%
  [   835000,   835500)         1690    0.0056%  98.3422%
  [   835500,   836000)         1763    0.0059%  98.3480%
  [   836000,   836500)         1669    0.0056%  98.3536%
  [   836500,   837000)         1745    0.0058%  98.3594%
  [   837000,   837500)         1655    0.0055%  98.3649%
  [   837500,   838000)         1632    0.0054%  98.3704%
  [   838000,   838500)         1617    0.0054%  98.3758%
  [   838500,   839000)         1725    0.0058%  98.3815%
  [   839000,   839500)         1647    0.0055%  98.3870%
  [   839500,   840000)         1703    0.0057%  98.3927%
  [   840000,   840500)         1715    0.0057%  98.3984%
  [   840500,   841000)         1612    0.0054%  98.4038%
  [   841000,   841500)         1632    0.0054%  98.4092%
  [   841500,   842000)         1638    0.0055%  98.4147%
  [   842000,   842500)         1666    0.0056%  98.4202%
  [   842500,   843000)         1647    0.0055%  98.4257%
  [   843000,   843500)         1625    0.0054%  98.4311%
  [   843500,   844000)         1675    0.0056%  98.4367%
  [   844000,   844500)         1570    0.0052%  98.4419%
  [   844500,   845000)         1575    0.0053%  98.4472%
  [   845000,   845500)         1587    0.0053%  98.4525%
  [   845500,   846000)         1592    0.0053%  98.4578%
  [   846000,   846500)         1558    0.0052%  98.4630%
  [   846500,   847000)         1592    0.0053%  98.4683%
  [   847000,   847500)         1605    0.0054%  98.4736%
  [   847500,   848000)         1598    0.0053%  98.4790%
  [   848000,   848500)         1600    0.0053%  98.4843%
  [   848500,   849000)         1586    0.0053%  98.4896%
  [   849000,   849500)         1589    0.0053%  98.4949%
  [   849500,   850000)         1585    0.0053%  98.5002%
  [   850000,   850500)         1576    0.0053%  98.5054%
  [   850500,   851000)         1538    0.0051%  98.5106%
  [   851000,   851500)         1503    0.0050%  98.5156%
  [   851500,   852000)         1568    0.0052%  98.5208%
  [   852000,   852500)         1537    0.0051%  98.5259%
  [   852500,   853000)         1524    0.0051%  98.5310%
  [   853000,   853500)         1548    0.0052%  98.5362%
  [   853500,   854000)         1522    0.0051%  98.5412%
  [   854000,   854500)         1467    0.0049%  98.5461%
  [   854500,   855000)         1490    0.0050%  98.5511%
  [   855000,   855500)         1509    0.0050%  98.5561%
  [   855500,   856000)         1492    0.0050%  98.5611%
  [   856000,   856500)         1490    0.0050%  98.5661%
  [   856500,   857000)         1475    0.0049%  98.5710%
  [   857000,   857500)         1402    0.0047%  98.5756%
  [   857500,   858000)         1476    0.0049%  98.5806%
  [   858000,   858500)         1429    0.0048%  98.5853%
  [   858500,   859000)         1439    0.0048%  98.5901%
  [   859000,   859500)         1456    0.0049%  98.5950%
  [   859500,   860000)         1413    0.0047%  98.5997%
  [   860000,   860500)         1461    0.0049%  98.6046%
  [   860500,   861000)         1441    0.0048%  98.6094%
  [   861000,   861500)         1436    0.0048%  98.6141%
  [   861500,   862000)         1448    0.0048%  98.6190%
  [   862000,   862500)         1365    0.0046%  98.6235%
  [   862500,   863000)         1456    0.0049%  98.6284%
  [   863000,   863500)         1389    0.0046%  98.6330%
  [   863500,   864000)         1379    0.0046%  98.6376%
  [   864000,   864500)         1407    0.0047%  98.6423%
  [   864500,   865000)         1305    0.0044%  98.6466%
  [   865000,   865500)         1419    0.0047%  98.6514%
  [   865500,   866000)         1404    0.0047%  98.6561%
  [   866000,   866500)         1373    0.0046%  98.6606%
  [   866500,   867000)         1415    0.0047%  98.6653%
  [   867000,   867500)         1380    0.0046%  98.6699%
  [   867500,   868000)         1443    0.0048%  98.6748%
  [   868000,   868500)         1457    0.0049%  98.6796%
  [   868500,   869000)         1321    0.0044%  98.6840%
  [   869000,   869500)         1344    0.0045%  98.6885%
  [   869500,   870000)         1378    0.0046%  98.6931%
  [   870000,   870500)         1353    0.0045%  98.6976%
  [   870500,   871000)         1309    0.0044%  98.7020%
  [   871000,   871500)         1256    0.0042%  98.7061%
  [   871500,   872000)         1340    0.0045%  98.7106%
  [   872000,   872500)         1306    0.0044%  98.7150%
  [   872500,   873000)         1298    0.0043%  98.7193%
  [   873000,   873500)         1339    0.0045%  98.7238%
  [   873500,   874000)         1389    0.0046%  98.7284%
  [   874000,   874500)         1341    0.0045%  98.7329%
  [   874500,   875000)         1405    0.0047%  98.7375%
  [   875000,   875500)         1282    0.0043%  98.7418%
  [   875500,   876000)         1349    0.0045%  98.7463%
  [   876000,   876500)         1298    0.0043%  98.7506%
  [   876500,   877000)         1275    0.0043%  98.7549%
  [   877000,   877500)         1306    0.0044%  98.7592%
  [   877500,   878000)         1282    0.0043%  98.7635%
  [   878000,   878500)         1228    0.0041%  98.7676%
  [   878500,   879000)         1261    0.0042%  98.7718%
  [   879000,   879500)         1277    0.0043%  98.7761%
  [   879500,   880000)         1224    0.0041%  98.7801%
  [   880000,   880500)         1317    0.0044%  98.7845%
  [   880500,   881000)         1282    0.0043%  98.7888%
  [   881000,   881500)         1280    0.0043%  98.7931%
  [   881500,   882000)         1340    0.0045%  98.7975%
  [   882000,   882500)         1193    0.0040%  98.8015%
  [   882500,   883000)         1223    0.0041%  98.8056%
  [   883000,   883500)         1220    0.0041%  98.8097%
  [   883500,   884000)         1256    0.0042%  98.8139%
  [   884000,   884500)         1312    0.0044%  98.8182%
  [   884500,   885000)         1280    0.0043%  98.8225%
  [   885000,   885500)         1264    0.0042%  98.8267%
  [   885500,   886000)         1268    0.0042%  98.8309%
  [   886000,   886500)         1218    0.0041%  98.8350%
  [   886500,   887000)         1205    0.0040%  98.8390%
  [   887000,   887500)         1195    0.0040%  98.8430%
  [   887500,   888000)         1233    0.0041%  98.8471%
  [   888000,   888500)         1201    0.0040%  98.8511%
  [   888500,   889000)         1228    0.0041%  98.8552%
  [   889000,   889500)         1175    0.0039%  98.8591%
  [   889500,   890000)         1220    0.0041%  98.8632%
  [   890000,   890500)         1209    0.0040%  98.8672%
  [   890500,   891000)         1215    0.0041%  98.8713%
  [   891000,   891500)         1163    0.0039%  98.8751%
  [   891500,   892000)         1150    0.0038%  98.8790%
  [   892000,   892500)         1233    0.0041%  98.8831%
  [   892500,   893000)         1166    0.0039%  98.8870%
  [   893000,   893500)         1139    0.0038%  98.8908%
  [   893500,   894000)         1241    0.0041%  98.8949%
  [   894000,   894500)         1229    0.0041%  98.8990%
  [   894500,   895000)         1172    0.0039%  98.9029%
  [   895000,   895500)         1217    0.0041%  98.9070%
  [   895500,   896000)         1229    0.0041%  98.9111%
  [   896000,   896500)         1153    0.0038%  98.9149%
  [   896500,   897000)         1177    0.0039%  98.9188%
  [   897000,   897500)         1112    0.0037%  98.9225%
  [   897500,   898000)         1173    0.0039%  98.9264%
  [   898000,   898500)         1186    0.0040%  98.9304%
  [   898500,   899000)         1207    0.0040%  98.9344%
  [   899000,   899500)         1206    0.0040%  98.9384%
  [   899500,   900000)         1159    0.0039%  98.9423%
  [   900000,   900500)         1105    0.0037%  98.9460%
  [   900500,   901000)         1171    0.0039%  98.9499%
  [   901000,   901500)         1242    0.0041%  98.9540%
  [   901500,   902000)         1136    0.0038%  98.9578%
  [   902000,   902500)         1136    0.0038%  98.9616%
  [   902500,   903000)         1089    0.0036%  98.9652%
  [   903000,   903500)         1140    0.0038%  98.9690%
  [   903500,   904000)         1144    0.0038%  98.9728%
  [   904000,   904500)         1171    0.0039%  98.9767%
  [   904500,   905000)         1161    0.0039%  98.9806%
  [   905000,   905500)         1112    0.0037%  98.9843%
  [   905500,   906000)         1061    0.0035%  98.9879%
  [   906000,   906500)         1110    0.0037%  98.9916%
  [   906500,   907000)         1110    0.0037%  98.9953%
  [   907000,   907500)         1139    0.0038%  98.9991%
  [   907500,   908000)         1145    0.0038%  99.0029%
  [   908000,   908500)         1092    0.0036%  99.0065%
  [   908500,   909000)         1124    0.0037%  99.0103%
  [   909000,   909500)         1122    0.0037%  99.0140%
  [   909500,   910000)         1087    0.0036%  99.0176%
  [   910000,   910500)         1064    0.0035%  99.0212%
  [   910500,   911000)         1101    0.0037%  99.0248%
  [   911000,   911500)         1059    0.0035%  99.0284%
  [   911500,   912000)         1164    0.0039%  99.0323%
  [   912000,   912500)         1140    0.0038%  99.0361%
  [   912500,   913000)         1154    0.0038%  99.0399%
  [   913000,   913500)         1114    0.0037%  99.0436%
  [   913500,   914000)         1095    0.0037%  99.0473%
  [   914000,   914500)         1096    0.0037%  99.0509%
  [   914500,   915000)         1116    0.0037%  99.0546%
  [   915000,   915500)         1088    0.0036%  99.0583%
  [   915500,   916000)         1106    0.0037%  99.0619%
  [   916000,   916500)         1042    0.0035%  99.0654%
  [   916500,   917000)         1030    0.0034%  99.0689%
  [   917000,   917500)         1066    0.0036%  99.0724%
  [   917500,   918000)         1128    0.0038%  99.0762%
  [   918000,   918500)         1063    0.0035%  99.0797%
  [   918500,   919000)         1036    0.0035%  99.0832%
  [   919000,   919500)         1024    0.0034%  99.0866%
  [   919500,   920000)         1102    0.0037%  99.0903%
  [   920000,   920500)         1096    0.0037%  99.0939%
  [   920500,   921000)         1065    0.0036%  99.0975%
  [   921000,   921500)          990    0.0033%  99.1008%
  [   921500,   922000)         1005    0.0034%  99.1041%
  [   922000,   922500)         1015    0.0034%  99.1075%
  [   922500,   923000)          968    0.0032%  99.1107%
  [   923000,   923500)         1077    0.0036%  99.1143%
  [   923500,   924000)         1049    0.0035%  99.1178%
  [   924000,   924500)         1056    0.0035%  99.1213%
  [   924500,   925000)         1079    0.0036%  99.1249%
  [   925000,   925500)         1059    0.0035%  99.1284%
  [   925500,   926000)         1055    0.0035%  99.1320%
  [   926000,   926500)         1012    0.0034%  99.1353%
  [   926500,   927000)         1084    0.0036%  99.1390%
  [   927000,   927500)         1056    0.0035%  99.1425%
  [   927500,   928000)         1026    0.0034%  99.1459%
  [   928000,   928500)         1048    0.0035%  99.1494%
  [   928500,   929000)         1039    0.0035%  99.1528%
  [   929000,   929500)         1050    0.0035%  99.1563%
  [   929500,   930000)         1016    0.0034%  99.1597%
  [   930000,   930500)         1053    0.0035%  99.1632%
  [   930500,   931000)         1005    0.0034%  99.1666%
  [   931000,   931500)          934    0.0031%  99.1697%
  [   931500,   932000)         1058    0.0035%  99.1732%
  [   932000,   932500)         1038    0.0035%  99.1767%
  [   932500,   933000)         1016    0.0034%  99.1801%
  [   933000,   933500)         1006    0.0034%  99.1834%
  [   933500,   934000)         1030    0.0034%  99.1869%
  [   934000,   934500)          998    0.0033%  99.1902%
  [   934500,   935000)         1061    0.0035%  99.1937%
  [   935000,   935500)          995    0.0033%  99.1970%
  [   935500,   936000)         1027    0.0034%  99.2005%
  [   936000,   936500)          990    0.0033%  99.2038%
  [   936500,   937000)          966    0.0032%  99.2070%
  [   937000,   937500)          944    0.0031%  99.2101%
  [   937500,   938000)          998    0.0033%  99.2135%
  [   938000,   938500)         1034    0.0034%  99.2169%
  [   938500,   939000)          979    0.0033%  99.2202%
  [   939000,   939500)          976    0.0033%  99.2234%
  [   939500,   940000)          923    0.0031%  99.2265%
  [   940000,   940500)          957    0.0032%  99.2297%
  [   940500,   941000)          957    0.0032%  99.2329%
  [   941000,   941500)          948    0.0032%  99.2360%
  [   941500,   942000)          954    0.0032%  99.2392%
  [   942000,   942500)          956    0.0032%  99.2424%
  [   942500,   943000)         1010    0.0034%  99.2458%
  [   943000,   943500)         1032    0.0034%  99.2492%
  [   943500,   944000)          973    0.0032%  99.2525%
  [   944000,   944500)          921    0.0031%  99.2555%
  [   944500,   945000)          984    0.0033%  99.2588%
  [   945000,   945500)         1001    0.0033%  99.2621%
  [   945500,   946000)         1014    0.0034%  99.2655%
  [   946000,   946500)          960    0.0032%  99.2687%
  [   946500,   947000)         1029    0.0034%  99.2722%
  [   947000,   947500)          926    0.0031%  99.2752%
  [   947500,   948000)          974    0.0032%  99.2785%
  [   948000,   948500)          933    0.0031%  99.2816%
  [   948500,   949000)          927    0.0031%  99.2847%
  [   949000,   949500)         1002    0.0033%  99.2880%
  [   949500,   950000)          973    0.0032%  99.2913%
  [   950000,   950500)          944    0.0031%  99.2944%
  [   950500,   951000)          923    0.0031%  99.2975%
  [   951000,   951500)          954    0.0032%  99.3007%
  [   951500,   952000)          920    0.0031%  99.3037%
  [   952000,   952500)          950    0.0032%  99.3069%
  [   952500,   953000)          889    0.0030%  99.3099%
  [   953000,   953500)          950    0.0032%  99.3130%
  [   953500,   954000)          919    0.0031%  99.3161%
  [   954000,   954500)          937    0.0031%  99.3192%
  [   954500,   955000)          911    0.0030%  99.3223%
  [   955000,   955500)          934    0.0031%  99.3254%
  [   955500,   956000)          968    0.0032%  99.3286%
  [   956000,   956500)          923    0.0031%  99.3317%
  [   956500,   957000)          942    0.0031%  99.3348%
  [   957000,   957500)          906    0.0030%  99.3378%
  [   957500,   958000)          921    0.0031%  99.3409%
  [   958000,   958500)          906    0.0030%  99.3439%
  [   958500,   959000)          891    0.0030%  99.3469%
  [   959000,   959500)          935    0.0031%  99.3500%
  [   959500,   960000)          916    0.0031%  99.3531%
  [   960000,   960500)          890    0.0030%  99.3560%
  [   960500,   961000)          910    0.0030%  99.3591%
  [   961000,   961500)          897    0.0030%  99.3621%
  [   961500,   962000)          872    0.0029%  99.3650%
  [   962000,   962500)          870    0.0029%  99.3679%
  [   962500,   963000)          856    0.0029%  99.3707%
  [   963000,   963500)          883    0.0029%  99.3737%
  [   963500,   964000)          884    0.0029%  99.3766%
  [   964000,   964500)          892    0.0030%  99.3796%
  [   964500,   965000)          904    0.0030%  99.3826%
  [   965000,   965500)          923    0.0031%  99.3857%
  [   965500,   966000)          879    0.0029%  99.3886%
  [   966000,   966500)          895    0.0030%  99.3916%
  [   966500,   967000)          866    0.0029%  99.3945%
  [   967000,   967500)          880    0.0029%  99.3974%
  [   967500,   968000)          898    0.0030%  99.4004%
  [   968000,   968500)          902    0.0030%  99.4034%
  [   968500,   969000)          889    0.0030%  99.4064%
  [   969000,   969500)          900    0.0030%  99.4094%
  [   969500,   970000)          858    0.0029%  99.4122%
  [   970000,   970500)          870    0.0029%  99.4151%
  [   970500,   971000)          832    0.0028%  99.4179%
  [   971000,   971500)          831    0.0028%  99.4207%
  [   971500,   972000)          877    0.0029%  99.4236%
  [   972000,   972500)          883    0.0029%  99.4265%
  [   972500,   973000)          875    0.0029%  99.4295%
  [   973000,   973500)          870    0.0029%  99.4324%
  [   973500,   974000)          815    0.0027%  99.4351%
  [   974000,   974500)          871    0.0029%  99.4380%
  [   974500,   975000)          798    0.0027%  99.4406%
  [   975000,   975500)          781    0.0026%  99.4432%
  [   975500,   976000)          833    0.0028%  99.4460%
  [   976000,   976500)          864    0.0029%  99.4489%
  [   976500,   977000)          875    0.0029%  99.4518%
  [   977000,   977500)          834    0.0028%  99.4546%
  [   977500,   978000)          778    0.0026%  99.4572%
  [   978000,   978500)          845    0.0028%  99.4600%
  [   978500,   979000)          872    0.0029%  99.4629%
  [   979000,   979500)          789    0.0026%  99.4655%
  [   979500,   980000)          800    0.0027%  99.4682%
  [   980000,   980500)          774    0.0026%  99.4708%
  [   980500,   981000)          841    0.0028%  99.4736%
  [   981000,   981500)          843    0.0028%  99.4764%
  [   981500,   982000)          853    0.0028%  99.4792%
  [   982000,   982500)          847    0.0028%  99.4821%
  [   982500,   983000)          819    0.0027%  99.4848%
  [   983000,   983500)          764    0.0025%  99.4873%
  [   983500,   984000)          767    0.0026%  99.4899%
  [   984000,   984500)          779    0.0026%  99.4925%
  [   984500,   985000)          795    0.0027%  99.4951%
  [   985000,   985500)          746    0.0025%  99.4976%
  [   985500,   986000)          750    0.0025%  99.5001%
  [   986000,   986500)          792    0.0026%  99.5028%
  [   986500,   987000)          779    0.0026%  99.5054%
  [   987000,   987500)          794    0.0026%  99.5080%
  [   987500,   988000)          787    0.0026%  99.5106%
  [   988000,   988500)          793    0.0026%  99.5133%
  [   988500,   989000)          803    0.0027%  99.5160%
  [   989000,   989500)          732    0.0024%  99.5184%
  [   989500,   990000)          750    0.0025%  99.5209%
  [   990000,   990500)          782    0.0026%  99.5235%
  [   990500,   991000)          792    0.0026%  99.5261%
  [   991000,   991500)          826    0.0028%  99.5289%
  [   991500,   992000)          748    0.0025%  99.5314%
  [   992000,   992500)          762    0.0025%  99.5339%
  [   992500,   993000)          770    0.0026%  99.5365%
  [   993000,   993500)          738    0.0025%  99.5390%
  [   993500,   994000)          765    0.0026%  99.5415%
  [   994000,   994500)          745    0.0025%  99.5440%
  [   994500,   995000)          732    0.0024%  99.5464%
  [   995000,   995500)          785    0.0026%  99.5491%
  [   995500,   996000)          781    0.0026%  99.5517%
  [   996000,   996500)          737    0.0025%  99.5541%
  [   996500,   997000)          757    0.0025%  99.5566%
  [   997000,   997500)          721    0.0024%  99.5590%
  [   997500,   998000)          681    0.0023%  99.5613%
  [   998000,   998500)          733    0.0024%  99.5638%
  [   998500,   999000)          682    0.0023%  99.5660%
  [   999000,   999500)          739    0.0025%  99.5685%
  [   999500, +inf)              129453    0.4315% 100.0000%

----- OFFLOADED TASKS [node 1] -----
  ops total                = 29999988
  ops direct (1-sided)     = 25480900 (84.94%)
  ops offload (rpc)        = 4519088 (15.06%)
  lookup pushdowns         = 140664699
  scan   pushdowns (RPC)   = 0
    kv pairs returned      = 0
    leaves scanned remotely= 0
    kv / scan pushdown     = 0.00
    leaves / scan pushdown = 0.00
=========================================================================

[CORRECTNESS node 1] lookup found 14997668 / 14997948 = 99.9981%
[CORRECTNESS node 1] scan rows returned = 1500182701
[READPATH node 1] lookups=241970619  index-cache hit=27.2%  per lookup: leaf=0.418 speculative=0.000 (right 0.0%) hop-reads=0.418 (two-segment 0.181) retries=0.000 invalid=0.000 sibling=0.000  => est. leaf round trips/lookup=0.418
[LEAFCACHE] off

----- PER-LEVEL CACHE HITS [node 1] (lookups; level 0 = leaf) -----
[LEVEL] level=0 hits=0 misses=14954482 hit_rate=0.0000
[LEVEL] level=1 hits=13544847 misses=1409635 hit_rate=0.9057
[LEVEL] level=2 hits=13809171 misses=1145311 hit_rate=0.9234
[LEVEL] level=3 hits=13829344 misses=1125138 hit_rate=0.9248
[LEVEL] level=4 hits=13829893 misses=1124589 hit_rate=0.9248
[LEVEL] level=5 hits=13829893 misses=1124589 hit_rate=0.9248
[LEVEL] level=6 hits=13829893 misses=1124589 hit_rate=0.9248
[LEVEL] level=7 hits=13829893 misses=1124589 hit_rate=0.9248
[LEVEL] level=8 hits=13829893 misses=1124589 hit_rate=0.9248
[LEVEL] level=9 hits=13829893 misses=1124589 hit_rate=0.9248
[KIND node 1] lookups=14954482 inner_visits=134590338 inner_hits=124162720 inner_hit_pct=92.25 leaf_visits=14954482 leaf_hits=0 leaf_hit_pct=0.00
[SCANLEAF node 1] scans=15002040 inner_complete_miss=216548 inner_partial=2892909 leaf_cache_hits=0 leaf_reads=170370104 cn_leaves_per_scan=11.36 leaf_hit_pct=0.00
[END]
