nodes 2, threads 36, mix R/I/U/S=0/0/0/100, uniform, bulk 50M warmup 10M op 30M, offload 0%, scan_range 100
[4mshared memory size: 64GB, 0x7feeda800000[0m
[4mrdma cache size: 4GB[0m
[4mMachine NR: 2[0m
[4mCompute server 1 start up [10.30.1.6]
[0m
I connect server 0
[CONFIG node 1] bulk load: bottom-up build, 8 keys per leaf, 6 children per inner node (CHIME_BULK_BUILD / CHIME_BUILD_LEAF_KEYS / CHIME_BUILD_INNER_FANOUT)
[CONFIG node 1] clients on this node: yes (CHIME_MN_CLIENTS)
[CONFIG node 1] scan path: from_cache=1 offload_always=0 (CHIME_SCAN_FROM_CACHE / CHIME_SCAN_OFFLOAD_ALWAYS)
[CONFIG node 1] push ops: both (CHIME_PUSH_OPS; applies only with offloading on)
[CACHE node 1] total=128 MB index=64 MB leaf=64 MB
[CONFIG node 1] dir threads = 1 (CHIME_DIR_THREADS, max 16) -- MUST match the other node
[CORES node 1] linear pinning: app threads -> CPUs 0..35, main -> 79, dir threads -> 79 (REV_DIR_CPUS)
[CONFIG] hotspot buffer + speculative read: off (CHIME_HOTSPOT; stock CHIME: on above 50 MB)
 ----- [LeafCache]: budget=64 MB -> 16384 sets x 8 ways = 131072 leaves (352 B/leaf, 44.0 MB) -----
workload generated: keyspace=50001000 bulk=50000000 warmup=9999972 op=29999988
[4mKey space set: keySpaceSize=50000000[0m
I am 68
I am 40
I am 67
I am 41
I am 45
I am 55
I am 57
I am 53
I am 54
I am 42
I am 36
I am 49
I am 44
I am 58
I am 71
I am 50
I am 52
I am 37
I am 59
I am 47
I am 60
I am 51
I am 61
I am 56
I am 43
I am 48
I am 70
I am 64
I am 65
I am 62
I am 38
I am 69
I am 66
I am 46
I am 39
I am 63
[build] leaves: 10% (625001/6250000)
[build] leaves: 20% (1250002/6250000)
[build] leaves: 30% (1875003/6250000)
[build] leaves: 40% (2500004/6250000)
[build] leaves: 50% (3125005/6250000)
[build] leaves: 60% (3750006/6250000)
[build] leaves: 70% (4375007/6250000)
[build] leaves: 80% (5000008/6250000)
[build] leaves: 90% (5625009/6250000)
[build] inner level 1: 1041667 nodes
[build] inner level 2: 173611 nodes
[build] inner level 3: 28935 nodes
[build] inner level 4: 4823 nodes
[build] inner level 5: 804 nodes
[build] inner level 6: 134 nodes
[build] inner level 7: 23 nodes
[build] inner level 8: 4 nodes
[build] inner level 9: 1 nodes
[build] done in 18.9s: height=10 leaves=6250000 inner_nodes=1250002 (8 keys per leaf, 6 children per inner node)
[TREE] height=10 leaves=6250000 inner_nodes=1250002 keys_per_leaf=8.00 inner_MB=399.4 leaf_MB=2104.0 total_MB=2503.4 (internal span 16, leaf span 16, node bytes inner=335 leaf=353)
node 1 warmup done in 197s
[INDEX] --- post-bulk-load cache occupancy (cache = 64 MB) ---
 ----- [TreeCache]:  cache size=64 MB free_size=-0.000 MB skiplist_node_cnt=1250002 ----- 
consumed cache size = 64.000 MB
 ----- [IdxCache]:  cache size=0 MB free_size=0.000 MB ---- 
consumed hotspot buffer size = 0.000000 MB

 ----- [LeafCache]: capacity=131072 leaves resident=131072 (100.0% full, 44.0 MB) -----
[LEAFCACHE] hit=671142661 miss=131003493 stale=0 fill=131003493 hit_pct=83.668 admit_pct=100.000 resident=131072 capacity=131072 budget_mb=64
1, throughput 0.0564 Mops
1, throughput 0.0564 Mops
1, throughput 0.0566 Mops
1, throughput 0.0564 Mops
1, throughput 0.0566 Mops
1, throughput 0.0566 Mops
1, throughput 0.0565 Mops
1, throughput 0.0562 Mops
1, throughput 0.0567 Mops
1, throughput 0.0563 Mops
1, throughput 0.0570 Mops
1, throughput 0.0558 Mops
1, throughput 0.0562 Mops
1, throughput 0.0563 Mops
1, throughput 0.0571 Mops
1, throughput 0.0564 Mops
1, throughput 0.0565 Mops
1, throughput 0.0565 Mops
1, throughput 0.0564 Mops
1, throughput 0.0565 Mops
1, throughput 0.0568 Mops
1, throughput 0.0566 Mops
1, throughput 0.0564 Mops
1, throughput 0.0566 Mops
1, throughput 0.0565 Mops
1, throughput 0.0566 Mops
1, throughput 0.0564 Mops
1, throughput 0.0567 Mops
1, throughput 0.0566 Mops
1, throughput 0.0566 Mops
1, throughput 0.0562 Mops
1, throughput 0.0561 Mops
1, throughput 0.0560 Mops
1, throughput 0.0565 Mops
1, throughput 0.0567 Mops
1, throughput 0.0567 Mops
1, throughput 0.0563 Mops
1, throughput 0.0566 Mops
1, throughput 0.0565 Mops
1, throughput 0.0569 Mops
1, throughput 0.0567 Mops
1, throughput 0.0566 Mops
1, throughput 0.0563 Mops
1, throughput 0.0566 Mops
1, throughput 0.0563 Mops
1, throughput 0.0566 Mops
1, throughput 0.0564 Mops
1, throughput 0.0566 Mops
1, throughput 0.0565 Mops
1, throughput 0.0566 Mops
1, throughput 0.0564 Mops
1, throughput 0.0567 Mops
1, throughput 0.0556 Mops
1, throughput 0.0561 Mops
1, throughput 0.0568 Mops
1, throughput 0.0564 Mops
1, throughput 0.0565 Mops
1, throughput 0.0564 Mops
1, throughput 0.0564 Mops
1, throughput 0.0567 Mops
1, throughput 0.0564 Mops
1, throughput 0.0566 Mops
1, throughput 0.0566 Mops
1, throughput 0.0566 Mops
1, throughput 0.0565 Mops
1, throughput 0.0566 Mops
1, throughput 0.0568 Mops
1, throughput 0.0566 Mops
1, throughput 0.0565 Mops
1, throughput 0.0561 Mops
1, throughput 0.0565 Mops
1, throughput 0.0563 Mops
1, throughput 0.0565 Mops
1, throughput 0.0556 Mops
1, throughput 0.0564 Mops
1, throughput 0.0564 Mops
1, throughput 0.0565 Mops
1, throughput 0.0568 Mops
1, throughput 0.0566 Mops
1, throughput 0.0564 Mops
1, throughput 0.0569 Mops
1, throughput 0.0565 Mops
1, throughput 0.0566 Mops
1, throughput 0.0567 Mops
1, throughput 0.0566 Mops
1, throughput 0.0566 Mops
1, throughput 0.0567 Mops
1, throughput 0.0565 Mops
1, throughput 0.0565 Mops
1, throughput 0.0565 Mops
1, throughput 0.0565 Mops
1, throughput 0.0563 Mops
1, throughput 0.0566 Mops
1, throughput 0.0559 Mops
1, throughput 0.0566 Mops
1, throughput 0.0566 Mops
1, throughput 0.0567 Mops
1, throughput 0.0564 Mops
1, throughput 0.0567 Mops
1, throughput 0.0565 Mops
1, throughput 0.0567 Mops
1, throughput 0.0566 Mops
1, throughput 0.0566 Mops
1, throughput 0.0565 Mops
1, throughput 0.0565 Mops
1, throughput 0.0565 Mops
1, throughput 0.0567 Mops
1, throughput 0.0564 Mops
1, throughput 0.0566 Mops
1, throughput 0.0565 Mops
1, throughput 0.0566 Mops
1, throughput 0.0567 Mops
1, throughput 0.0567 Mops
1, throughput 0.0568 Mops
1, throughput 0.0558 Mops
1, throughput 0.0565 Mops
1, throughput 0.0566 Mops
1, throughput 0.0566 Mops
1, throughput 0.0563 Mops
1, throughput 0.0565 Mops
1, throughput 0.0567 Mops
1, throughput 0.0566 Mops
1, throughput 0.0569 Mops
1, throughput 0.0566 Mops
1, throughput 0.0564 Mops
1, throughput 0.0563 Mops
1, throughput 0.0563 Mops
1, throughput 0.0567 Mops
1, throughput 0.0565 Mops
1, throughput 0.0565 Mops
1, throughput 0.0564 Mops
1, throughput 0.0566 Mops
1, throughput 0.0565 Mops
1, throughput 0.0565 Mops
1, throughput 0.0559 Mops
1, throughput 0.0562 Mops
1, throughput 0.0565 Mops
1, throughput 0.0566 Mops
1, throughput 0.0568 Mops
1, throughput 0.0570 Mops
1, throughput 0.0565 Mops
1, throughput 0.0565 Mops
1, throughput 0.0569 Mops
1, throughput 0.0564 Mops
1, throughput 0.0566 Mops
1, throughput 0.0566 Mops
1, throughput 0.0569 Mops
1, throughput 0.0563 Mops
1, throughput 0.0564 Mops
1, throughput 0.0565 Mops
1, throughput 0.0564 Mops
1, throughput 0.0562 Mops
1, throughput 0.0565 Mops
1, throughput 0.0563 Mops
1, throughput 0.0565 Mops
1, throughput 0.0559 Mops
1, throughput 0.0566 Mops
1, throughput 0.0565 Mops
1, throughput 0.0566 Mops
1, throughput 0.0565 Mops
1, throughput 0.0563 Mops
1, throughput 0.0565 Mops
1, throughput 0.0567 Mops
1, throughput 0.0566 Mops
1, throughput 0.0564 Mops
1, throughput 0.0565 Mops
1, throughput 0.0563 Mops
1, throughput 0.0565 Mops
1, throughput 0.0564 Mops
1, throughput 0.0567 Mops
1, throughput 0.0567 Mops
1, throughput 0.0565 Mops
1, throughput 0.0566 Mops
1, throughput 0.0568 Mops
1, throughput 0.0566 Mops
1, throughput 0.0564 Mops
1, throughput 0.0558 Mops
1, throughput 0.0566 Mops
1, throughput 0.0562 Mops
1, throughput 0.0565 Mops
1, throughput 0.0564 Mops
1, throughput 0.0564 Mops
1, throughput 0.0567 Mops
1, throughput 0.0562 Mops
1, throughput 0.0566 Mops
1, throughput 0.0566 Mops
1, throughput 0.0565 Mops
1, throughput 0.0565 Mops
1, throughput 0.0565 Mops
1, throughput 0.0564 Mops
1, throughput 0.0565 Mops
1, throughput 0.0562 Mops
1, throughput 0.0565 Mops
1, throughput 0.0566 Mops
1, throughput 0.0564 Mops
1, throughput 0.0565 Mops
1, throughput 0.0559 Mops
1, throughput 0.0564 Mops
1, throughput 0.0565 Mops
1, throughput 0.0565 Mops
1, throughput 0.0565 Mops
1, throughput 0.0563 Mops
1, throughput 0.0566 Mops
1, throughput 0.0566 Mops
1, throughput 0.0565 Mops
1, throughput 0.0564 Mops
1, throughput 0.0564 Mops
1, throughput 0.0563 Mops
1, throughput 0.0563 Mops
1, throughput 0.0568 Mops
1, throughput 0.0567 Mops
1, throughput 0.0565 Mops
1, throughput 0.0564 Mops
1, throughput 0.0566 Mops
1, throughput 0.0566 Mops
1, throughput 0.0563 Mops
1, throughput 0.0569 Mops
1, throughput 0.0555 Mops
1, throughput 0.0564 Mops
1, throughput 0.0564 Mops
1, throughput 0.0565 Mops
1, throughput 0.0564 Mops
1, throughput 0.0563 Mops
1, throughput 0.0566 Mops
1, throughput 0.0563 Mops
1, throughput 0.0565 Mops
1, throughput 0.0564 Mops
1, throughput 0.0561 Mops
1, throughput 0.0566 Mops
1, throughput 0.0568 Mops
1, throughput 0.0565 Mops
1, throughput 0.0566 Mops
1, throughput 0.0566 Mops
1, throughput 0.0565 Mops
1, throughput 0.0563 Mops
1, throughput 0.0567 Mops
1, throughput 0.0567 Mops
1, throughput 0.0560 Mops
1, throughput 0.0562 Mops
1, throughput 0.0566 Mops
1, throughput 0.0566 Mops
1, throughput 0.0566 Mops
1, throughput 0.0566 Mops
1, throughput 0.0563 Mops
1, throughput 0.0565 Mops
1, throughput 0.0567 Mops
1, throughput 0.0566 Mops
1, throughput 0.0565 Mops
1, throughput 0.0565 Mops
1, throughput 0.0568 Mops
1, throughput 0.0568 Mops
1, throughput 0.0566 Mops
1, throughput 0.0563 Mops
1, throughput 0.0567 Mops
1, throughput 0.0566 Mops
1, throughput 0.0566 Mops
1, throughput 0.0568 Mops
1, throughput 0.0566 Mops
1, throughput 0.0559 Mops
1, throughput 0.0566 Mops
1, throughput 0.0565 Mops
1, throughput 0.0566 Mops
1, throughput 0.0565 Mops
1, throughput 0.0566 Mops
1, throughput 0.0566 Mops
1, throughput 0.0565 Mops
1, throughput 0.0563 Mops
1, throughput 0.0566 Mops
1, throughput 0.0564 Mops
1, throughput 0.0564 Mops
1, throughput 0.0564 Mops
1, throughput 0.0566 Mops
1, throughput 0.0562 Mops
1, throughput 0.0565 Mops
1, throughput 0.0565 Mops
1, throughput 0.0564 Mops
1, throughput 0.0563 Mops
1, throughput 0.0565 Mops
1, throughput 0.0562 Mops
1, throughput 0.0563 Mops
1, throughput 0.0563 Mops
1, throughput 0.0566 Mops
1, throughput 0.0565 Mops
1, throughput 0.0566 Mops
1, throughput 0.0563 Mops
1, throughput 0.0563 Mops
1, throughput 0.0568 Mops
1, throughput 0.0565 Mops
1, throughput 0.0566 Mops
1, throughput 0.0566 Mops
1, throughput 0.0566 Mops
1, throughput 0.0566 Mops
1, throughput 0.0564 Mops
1, throughput 0.0564 Mops
1, throughput 0.0565 Mops
1, throughput 0.0568 Mops
1, throughput 0.0564 Mops
1, throughput 0.0567 Mops
1, throughput 0.0564 Mops
1, throughput 0.0556 Mops
1, throughput 0.0565 Mops
1, throughput 0.0563 Mops
1, throughput 0.0565 Mops
1, throughput 0.0567 Mops
1, throughput 0.0564 Mops
1, throughput 0.0565 Mops
1, throughput 0.0566 Mops
1, throughput 0.0566 Mops
1, throughput 0.0563 Mops
1, throughput 0.0564 Mops
1, throughput 0.0565 Mops
1, throughput 0.0566 Mops
1, throughput 0.0565 Mops
1, throughput 0.0566 Mops
1, throughput 0.0566 Mops
1, throughput 0.0565 Mops
1, throughput 0.0565 Mops
1, throughput 0.0565 Mops
1, throughput 0.0562 Mops
1, throughput 0.0562 Mops
1, throughput 0.0557 Mops
1, throughput 0.0565 Mops
1, throughput 0.0566 Mops
1, throughput 0.0566 Mops
1, throughput 0.0563 Mops
1, throughput 0.0567 Mops
1, throughput 0.0565 Mops
1, throughput 0.0564 Mops
1, throughput 0.0566 Mops
1, throughput 0.0566 Mops
1, throughput 0.0567 Mops
1, throughput 0.0566 Mops
1, throughput 0.0563 Mops
1, throughput 0.0564 Mops
1, throughput 0.0565 Mops
1, throughput 0.0565 Mops
1, throughput 0.0562 Mops
1, throughput 0.0561 Mops
1, throughput 0.0562 Mops
1, throughput 0.0565 Mops
1, throughput 0.0559 Mops
1, throughput 0.0563 Mops
1, throughput 0.0563 Mops
1, throughput 0.0563 Mops
1, throughput 0.0565 Mops
1, throughput 0.0567 Mops
1, throughput 0.0564 Mops
1, throughput 0.0564 Mops
1, throughput 0.0563 Mops
1, throughput 0.0562 Mops
1, throughput 0.0564 Mops
1, throughput 0.0564 Mops
1, throughput 0.0565 Mops
1, throughput 0.0566 Mops
1, throughput 0.0565 Mops
1, throughput 0.0564 Mops
1, throughput 0.0565 Mops
1, throughput 0.0565 Mops
1, throughput 0.0565 Mops
1, throughput 0.0565 Mops
1, throughput 0.0568 Mops
1, throughput 0.0556 Mops
1, throughput 0.0564 Mops
1, throughput 0.0567 Mops
1, throughput 0.0567 Mops
1, throughput 0.0566 Mops
1, throughput 0.0564 Mops
1, throughput 0.0564 Mops
1, throughput 0.0562 Mops
1, throughput 0.0566 Mops
1, throughput 0.0567 Mops
1, throughput 0.0562 Mops
1, throughput 0.0565 Mops
1, throughput 0.0566 Mops
1, throughput 0.0564 Mops
1, throughput 0.0565 Mops
1, throughput 0.0563 Mops
1, throughput 0.0564 Mops
1, throughput 0.0565 Mops
1, throughput 0.0563 Mops
1, throughput 0.0566 Mops
1, throughput 0.0561 Mops
1, throughput 0.0561 Mops
1, throughput 0.0565 Mops
1, throughput 0.0562 Mops
1, throughput 0.0562 Mops
1, throughput 0.0565 Mops
1, throughput 0.0562 Mops
1, throughput 0.0563 Mops
1, throughput 0.0567 Mops
1, throughput 0.0566 Mops
1, throughput 0.0565 Mops
1, throughput 0.0567 Mops
1, throughput 0.0566 Mops
1, throughput 0.0565 Mops
1, throughput 0.0563 Mops
1, throughput 0.0565 Mops
1, throughput 0.0565 Mops
1, throughput 0.0566 Mops
1, throughput 0.0565 Mops
1, throughput 0.0564 Mops
1, throughput 0.0564 Mops
1, throughput 0.0559 Mops
1, throughput 0.0564 Mops
1, throughput 0.0565 Mops
1, throughput 0.0564 Mops
1, throughput 0.0562 Mops
1, throughput 0.0565 Mops
1, throughput 0.0561 Mops
1, throughput 0.0564 Mops
1, throughput 0.0562 Mops
1, throughput 0.0564 Mops
1, throughput 0.0561 Mops
1, throughput 0.0564 Mops
1, throughput 0.0565 Mops
1, throughput 0.0568 Mops
1, throughput 0.0562 Mops
1, throughput 0.0564 Mops
1, throughput 0.0564 Mops
1, throughput 0.0564 Mops
1, throughput 0.0563 Mops
1, throughput 0.0564 Mops
1, throughput 0.0560 Mops
1, throughput 0.0558 Mops
1, throughput 0.0564 Mops
1, throughput 0.0565 Mops
1, throughput 0.0568 Mops
1, throughput 0.0566 Mops
1, throughput 0.0562 Mops
1, throughput 0.0565 Mops
1, throughput 0.0566 Mops
1, throughput 0.0562 Mops
1, throughput 0.0563 Mops
1, throughput 0.0564 Mops
1, throughput 0.0567 Mops
1, throughput 0.0563 Mops
1, throughput 0.0566 Mops
1, throughput 0.0564 Mops
1, throughput 0.0562 Mops
1, throughput 0.0564 Mops
1, throughput 0.0566 Mops
1, throughput 0.0566 Mops
1, throughput 0.0566 Mops
1, throughput 0.0556 Mops
1, throughput 0.0567 Mops
1, throughput 0.0566 Mops
1, throughput 0.0565 Mops
1, throughput 0.0564 Mops
1, throughput 0.0565 Mops
1, throughput 0.0563 Mops
1, throughput 0.0565 Mops
1, throughput 0.0565 Mops
1, throughput 0.0561 Mops
1, throughput 0.0564 Mops
1, throughput 0.0566 Mops
1, throughput 0.0563 Mops
1, throughput 0.0565 Mops
1, throughput 0.0565 Mops
1, throughput 0.0564 Mops
1, throughput 0.0565 Mops
1, throughput 0.0565 Mops
1, throughput 0.0563 Mops
1, throughput 0.0562 Mops
1, throughput 0.0565 Mops
1, throughput 0.0555 Mops
1, throughput 0.0565 Mops
1, throughput 0.0564 Mops
1, throughput 0.0567 Mops
1, throughput 0.0565 Mops
1, throughput 0.0567 Mops
1, throughput 0.0566 Mops
1, throughput 0.0563 Mops
1, throughput 0.0569 Mops
1, throughput 0.0565 Mops
1, throughput 0.0565 Mops
1, throughput 0.0565 Mops
1, throughput 0.0566 Mops
1, throughput 0.0567 Mops
1, throughput 0.0562 Mops
1, throughput 0.0561 Mops
1, throughput 0.0563 Mops
1, throughput 0.0566 Mops
1, throughput 0.0562 Mops
1, throughput 0.0565 Mops
1, throughput 0.0558 Mops
1, throughput 0.0563 Mops
1, throughput 0.0565 Mops
1, throughput 0.0567 Mops
1, throughput 0.0564 Mops
1, throughput 0.0563 Mops
1, throughput 0.0566 Mops
1, throughput 0.0565 Mops
1, throughput 0.0564 Mops
1, throughput 0.0562 Mops
1, throughput 0.0565 Mops
1, throughput 0.0564 Mops
1, throughput 0.0564 Mops
1, throughput 0.0565 Mops
1, throughput 0.0565 Mops
1, throughput 0.0564 Mops
1, throughput 0.0565 Mops
1, throughput 0.0567 Mops
1, throughput 0.0566 Mops
1, throughput 0.0560 Mops
1, throughput 0.0560 Mops
1, throughput 0.0558 Mops
1, throughput 0.0564 Mops
1, throughput 0.0564 Mops
1, throughput 0.0566 Mops
1, throughput 0.0567 Mops
1, throughput 0.0565 Mops
1, throughput 0.0566 Mops
1, throughput 0.0564 Mops
1, throughput 0.0565 Mops
1, throughput 0.0563 Mops
1, throughput 0.0566 Mops
1, throughput 0.0563 Mops
1, throughput 0.0564 Mops
1, throughput 0.0561 Mops
1, throughput 0.0569 Mops
1, throughput 0.0565 Mops
1, throughput 0.0562 Mops
1, throughput 0.0562 Mops
1, throughput 0.0564 Mops
1, throughput 0.0564 Mops
1, throughput 0.0561 Mops
1, throughput 0.0561 Mops
1, throughput 0.0565 Mops
1, throughput 0.0563 Mops
1, throughput 0.0563 Mops
1, throughput 0.0565 Mops
1, throughput 0.0566 Mops
1, throughput 0.0565 Mops
1, throughput 0.0560 Mops
1, throughput 0.0565 Mops
1, throughput 0.0562 Mops
1, throughput 0.0563 Mops
1, throughput 0.0564 Mops
1, throughput 0.0564 Mops
1, throughput 0.0565 Mops
1, throughput 0.0565 Mops
1, throughput 0.0566 Mops
1, throughput 0.0563 Mops
1, throughput 0.0564 Mops
1, throughput 0.0563 Mops
1, throughput 0.0563 Mops
1, throughput 0.0556 Mops
1, throughput 0.0564 Mops
1, throughput 0.0563 Mops
1, throughput 0.0563 Mops
1, throughput 0.0564 Mops
1, throughput 0.0562 Mops
1, throughput 0.0563 Mops
1, throughput 0.0564 Mops
1, throughput 0.0566 Mops
1, throughput 0.0566 Mops
1, throughput 0.0564 Mops
1, throughput 0.0563 Mops
1, throughput 0.0566 Mops
1, throughput 0.0565 Mops
1, throughput 0.0563 Mops
1, throughput 0.0564 Mops
1, throughput 0.0563 Mops
1, throughput 0.0566 Mops
1, throughput 0.0564 Mops
1, throughput 0.0560 Mops
1, throughput 0.0559 Mops
1, throughput 0.0556 Mops
1, throughput 0.0565 Mops
1, throughput 0.0564 Mops
1, throughput 0.0567 Mops
1, throughput 0.0563 Mops
1, throughput 0.0565 Mops
1, throughput 0.0565 Mops
1, throughput 0.0564 Mops
1, throughput 0.0563 Mops
1, throughput 0.0562 Mops
1, throughput 0.0561 Mops
1, throughput 0.0562 Mops
1, throughput 0.0565 Mops
1, throughput 0.0566 Mops
1, throughput 0.0563 Mops
1, throughput 0.0566 Mops
1, throughput 0.0565 Mops
1, throughput 0.0563 Mops
1, throughput 0.0561 Mops
1, throughput 0.0562 Mops
1, throughput 0.0556 Mops
1, throughput 0.0566 Mops
1, throughput 0.0565 Mops
1, throughput 0.0564 Mops
1, throughput 0.0566 Mops
1, throughput 0.0568 Mops
1, throughput 0.0564 Mops
1, throughput 0.0563 Mops
1, throughput 0.0562 Mops
1, throughput 0.0566 Mops
1, throughput 0.0564 Mops
1, throughput 0.0563 Mops
1, throughput 0.0566 Mops
1, throughput 0.0566 Mops
1, throughput 0.0565 Mops
1, throughput 0.0564 Mops
1, throughput 0.0561 Mops
1, throughput 0.0565 Mops
1, throughput 0.0565 Mops
1, throughput 0.0565 Mops
1, throughput 0.0566 Mops
1, throughput 0.0555 Mops
1, throughput 0.0563 Mops
1, throughput 0.0563 Mops
1, throughput 0.0564 Mops
1, throughput 0.0566 Mops
1, throughput 0.0565 Mops
1, throughput 0.0563 Mops
1, throughput 0.0564 Mops
1, throughput 0.0569 Mops
1, throughput 0.0563 Mops
1, throughput 0.0565 Mops
1, throughput 0.0566 Mops
1, throughput 0.0564 Mops
1, throughput 0.0561 Mops
1, throughput 0.0564 Mops
1, throughput 0.0562 Mops
1, throughput 0.0565 Mops
1, throughput 0.0565 Mops
1, throughput 0.0565 Mops
1, throughput 0.0564 Mops
1, throughput 0.0556 Mops
1, throughput 0.0562 Mops
1, throughput 0.0564 Mops
1, throughput 0.0565 Mops
1, throughput 0.0566 Mops
1, throughput 0.0563 Mops
1, throughput 0.0565 Mops
1, throughput 0.0565 Mops
1, throughput 0.0565 Mops
1, throughput 0.0563 Mops
1, throughput 0.0564 Mops
1, throughput 0.0564 Mops
1, throughput 0.0564 Mops
1, throughput 0.0561 Mops
1, throughput 0.0565 Mops
1, throughput 0.0564 Mops
1, throughput 0.0562 Mops
1, throughput 0.0561 Mops
1, throughput 0.0564 Mops
1, throughput 0.0564 Mops
1, throughput 0.0563 Mops
1, throughput 0.0555 Mops
1, throughput 0.0565 Mops
1, throughput 0.0559 Mops
1, throughput 0.0565 Mops
1, throughput 0.0565 Mops
1, throughput 0.0563 Mops
1, throughput 0.0563 Mops
1, throughput 0.0561 Mops
1, throughput 0.0565 Mops
1, throughput 0.0565 Mops
1, throughput 0.0564 Mops
1, throughput 0.0563 Mops
1, throughput 0.0567 Mops
1, throughput 0.0567 Mops
1, throughput 0.0565 Mops
1, throughput 0.0567 Mops
1, throughput 0.0564 Mops
1, throughput 0.0565 Mops
1, throughput 0.0567 Mops
1, throughput 0.0565 Mops
1, throughput 0.0560 Mops
1, throughput 0.0558 Mops
1, throughput 0.0564 Mops
1, throughput 0.0565 Mops
1, throughput 0.0565 Mops
1, throughput 0.0561 Mops
1, throughput 0.0564 Mops
1, throughput 0.0564 Mops
1, throughput 0.0565 Mops
1, throughput 0.0565 Mops
1, throughput 0.0565 Mops
1, throughput 0.0565 Mops
1, throughput 0.0562 Mops
1, throughput 0.0563 Mops
1, throughput 0.0563 Mops
1, throughput 0.0565 Mops
1, throughput 0.0566 Mops
1, throughput 0.0564 Mops
1, throughput 0.0565 Mops
1, throughput 0.0565 Mops
1, throughput 0.0561 Mops
1, throughput 0.0554 Mops
1, throughput 0.0564 Mops
1, throughput 0.0562 Mops
1, throughput 0.0562 Mops
1, throughput 0.0565 Mops
1, throughput 0.0564 Mops
1, throughput 0.0563 Mops
1, throughput 0.0564 Mops
1, throughput 0.0563 Mops
1, throughput 0.0563 Mops
1, throughput 0.0565 Mops
1, throughput 0.0564 Mops
1, throughput 0.0563 Mops
1, throughput 0.0563 Mops
1, throughput 0.0564 Mops
1, throughput 0.0567 Mops
1, throughput 0.0565 Mops
1, throughput 0.0563 Mops
1, throughput 0.0563 Mops
1, throughput 0.0564 Mops
1, throughput 0.0564 Mops
1, throughput 0.0554 Mops
1, throughput 0.0565 Mops
1, throughput 0.0561 Mops
1, throughput 0.0566 Mops
1, throughput 0.0567 Mops
1, throughput 0.0562 Mops
1, throughput 0.0562 Mops
1, throughput 0.0566 Mops
1, throughput 0.0565 Mops
1, throughput 0.0562 Mops
1, throughput 0.0563 Mops
1, throughput 0.0563 Mops
1, throughput 0.0565 Mops
1, throughput 0.0566 Mops
1, throughput 0.0564 Mops
1, throughput 0.0564 Mops
1, throughput 0.0562 Mops
1, throughput 0.0565 Mops
1, throughput 0.0563 Mops
1, throughput 0.0567 Mops
1, throughput 0.0555 Mops
1, throughput 0.0567 Mops
1, throughput 0.0564 Mops
1, throughput 0.0565 Mops
1, throughput 0.0563 Mops
1, throughput 0.0562 Mops
1, throughput 0.0564 Mops
1, throughput 0.0562 Mops
1, throughput 0.0563 Mops
1, throughput 0.0561 Mops
1, throughput 0.0561 Mops
1, throughput 0.0563 Mops
1, throughput 0.0567 Mops
1, throughput 0.0563 Mops
1, throughput 0.0564 Mops
1, throughput 0.0563 Mops
1, throughput 0.0564 Mops
1, throughput 0.0563 Mops
1, throughput 0.0565 Mops
1, throughput 0.0562 Mops
1, throughput 0.0563 Mops
1, throughput 0.0556 Mops
1, throughput 0.0560 Mops
1, throughput 0.0563 Mops
1, throughput 0.0560 Mops
1, throughput 0.0565 Mops
1, throughput 0.0567 Mops
1, throughput 0.0564 Mops
1, throughput 0.0563 Mops
1, throughput 0.0563 Mops
1, throughput 0.0564 Mops
1, throughput 0.0560 Mops
1, throughput 0.0565 Mops
1, throughput 0.0564 Mops
1, throughput 0.0564 Mops
1, throughput 0.0561 Mops
1, throughput 0.0561 Mops
1, throughput 0.0561 Mops
1, throughput 0.0563 Mops
1, throughput 0.0562 Mops
1, throughput 0.0560 Mops
1, throughput 0.0556 Mops
1, throughput 0.0560 Mops
1, throughput 0.0562 Mops
1, throughput 0.0564 Mops
1, throughput 0.0561 Mops
1, throughput 0.0561 Mops
1, throughput 0.0563 Mops
1, throughput 0.0563 Mops
1, throughput 0.0562 Mops
1, throughput 0.0560 Mops
1, throughput 0.0560 Mops
1, throughput 0.0563 Mops
1, throughput 0.0564 Mops
1, throughput 0.0561 Mops
1, throughput 0.0561 Mops
1, throughput 0.0563 Mops
1, throughput 0.0561 Mops
1, throughput 0.0564 Mops
1, throughput 0.0565 Mops
1, throughput 0.0562 Mops
1, throughput 0.0561 Mops
1, throughput 0.0555 Mops
1, throughput 0.0561 Mops
1, throughput 0.0562 Mops
1, throughput 0.0562 Mops
1, throughput 0.0563 Mops
1, throughput 0.0565 Mops
1, throughput 0.0561 Mops
1, throughput 0.0563 Mops
1, throughput 0.0562 Mops
1, throughput 0.0562 Mops
1, throughput 0.0561 Mops
1, throughput 0.0563 Mops
1, throughput 0.0561 Mops
1, throughput 0.0563 Mops
1, throughput 0.0563 Mops
1, throughput 0.0561 Mops
1, throughput 0.0561 Mops
1, throughput 0.0566 Mops
1, throughput 0.0563 Mops
1, throughput 0.0561 Mops
1, throughput 0.0560 Mops
1, throughput 0.0556 Mops
1, throughput 0.0561 Mops
1, throughput 0.0560 Mops
1, throughput 0.0562 Mops
1, throughput 0.0564 Mops
1, throughput 0.0561 Mops
1, throughput 0.0563 Mops
1, throughput 0.0563 Mops
1, throughput 0.0562 Mops
1, throughput 0.0561 Mops
1, throughput 0.0562 Mops
1, throughput 0.0563 Mops
1, throughput 0.0564 Mops
1, throughput 0.0560 Mops
1, throughput 0.0562 Mops
1, throughput 0.0563 Mops
1, throughput 0.0564 Mops
1, throughput 0.0564 Mops
1, throughput 0.0562 Mops
1, throughput 0.0564 Mops
1, throughput 0.0554 Mops
1, throughput 0.0561 Mops
1, throughput 0.0563 Mops
1, throughput 0.0562 Mops
1, throughput 0.0565 Mops
1, throughput 0.0563 Mops
1, throughput 0.0562 Mops
1, throughput 0.0564 Mops
1, throughput 0.0563 Mops
1, throughput 0.0563 Mops
1, throughput 0.0564 Mops
1, throughput 0.0565 Mops
1, throughput 0.0562 Mops
1, throughput 0.0563 Mops
1, throughput 0.0563 Mops
1, throughput 0.0561 Mops
1, throughput 0.0563 Mops
1, throughput 0.0563 Mops
1, throughput 0.0565 Mops
1, throughput 0.0563 Mops
1, throughput 0.0561 Mops
1, throughput 0.0560 Mops
1, throughput 0.0563 Mops
1, throughput 0.0564 Mops
1, throughput 0.0563 Mops
1, throughput 0.0562 Mops
1, throughput 0.0565 Mops
1, throughput 0.0565 Mops
1, throughput 0.0564 Mops
1, throughput 0.0563 Mops
1, throughput 0.0564 Mops
1, throughput 0.0562 Mops
1, throughput 0.0562 Mops
1, throughput 0.0565 Mops
1, throughput 0.0566 Mops
1, throughput 0.0565 Mops
1, throughput 0.0564 Mops
1, throughput 0.0563 Mops
1, throughput 0.0562 Mops
1, throughput 0.0565 Mops
1, throughput 0.0566 Mops
1, throughput 0.0559 Mops
1, throughput 0.0565 Mops
1, throughput 0.0561 Mops
1, throughput 0.0563 Mops
1, throughput 0.0562 Mops
1, throughput 0.0564 Mops
1, throughput 0.0564 Mops
1, throughput 0.0567 Mops
1, throughput 0.0562 Mops
1, throughput 0.0565 Mops
1, throughput 0.0564 Mops
1, throughput 0.0563 Mops
1, throughput 0.0566 Mops
1, throughput 0.0564 Mops
1, throughput 0.0564 Mops
1, throughput 0.0563 Mops
1, throughput 0.0562 Mops
1, throughput 0.0562 Mops
1, throughput 0.0566 Mops
1, throughput 0.0564 Mops
1, throughput 0.0565 Mops
1, throughput 0.0556 Mops
1, throughput 0.0566 Mops
1, throughput 0.0565 Mops
1, throughput 0.0561 Mops
1, throughput 0.0563 Mops
1, throughput 0.0564 Mops
1, throughput 0.0561 Mops
1, throughput 0.0563 Mops
1, throughput 0.0566 Mops
1, throughput 0.0563 Mops
1, throughput 0.0564 Mops
1, throughput 0.0564 Mops
1, throughput 0.0562 Mops
1, throughput 0.0564 Mops
1, throughput 0.0561 Mops
1, throughput 0.0566 Mops
1, throughput 0.0563 Mops
1, throughput 0.0565 Mops
1, throughput 0.0564 Mops
1, throughput 0.0567 Mops
1, throughput 0.0560 Mops
1, throughput 0.0558 Mops
1, throughput 0.0562 Mops
1, throughput 0.0563 Mops
1, throughput 0.0565 Mops
1, throughput 0.0563 Mops
1, throughput 0.0565 Mops
1, throughput 0.0567 Mops
1, throughput 0.0563 Mops
1, throughput 0.0561 Mops
1, throughput 0.0564 Mops
1, throughput 0.0564 Mops
1, throughput 0.0565 Mops
1, throughput 0.0564 Mops
1, throughput 0.0564 Mops
1, throughput 0.0563 Mops
1, throughput 0.0564 Mops
1, throughput 0.0561 Mops
1, throughput 0.0563 Mops
1, throughput 0.0563 Mops
1, throughput 0.0564 Mops
1, throughput 0.0556 Mops
1, throughput 0.0564 Mops
1, throughput 0.0565 Mops
1, throughput 0.0566 Mops
1, throughput 0.0565 Mops
1, throughput 0.0563 Mops
1, throughput 0.0565 Mops
1, throughput 0.0565 Mops
1, throughput 0.0566 Mops
1, throughput 0.0562 Mops
1, throughput 0.0563 Mops
1, throughput 0.0566 Mops
1, throughput 0.0565 Mops
1, throughput 0.0564 Mops
1, throughput 0.0563 Mops
1, throughput 0.0562 Mops
1, throughput 0.0560 Mops
1, throughput 0.0566 Mops
1, throughput 0.0562 Mops
1, throughput 0.0564 Mops
1, throughput 0.0561 Mops
1, throughput 0.0558 Mops
1, throughput 0.0567 Mops
1, throughput 0.0563 Mops
1, throughput 0.0564 Mops
1, throughput 0.0563 Mops
1, throughput 0.0564 Mops
1, throughput 0.0564 Mops
1, throughput 0.0561 Mops
1, throughput 0.0562 Mops
1, throughput 0.0563 Mops
1, throughput 0.0565 Mops
1, throughput 0.0561 Mops
1, throughput 0.0559 Mops
1, throughput 0.0565 Mops
1, throughput 0.0562 Mops
1, throughput 0.0561 Mops
1, throughput 0.0563 Mops
1, throughput 0.0565 Mops
1, throughput 0.0563 Mops
1, throughput 0.0561 Mops
1, throughput 0.0553 Mops
1, throughput 0.0560 Mops
1, throughput 0.0562 Mops
1, throughput 0.0565 Mops
1, throughput 0.0562 Mops
1, throughput 0.0565 Mops
1, throughput 0.0564 Mops
1, throughput 0.0561 Mops
1, throughput 0.0562 Mops
1, throughput 0.0561 Mops
1, throughput 0.0559 Mops
1, throughput 0.0564 Mops
1, throughput 0.0562 Mops
1, throughput 0.0565 Mops
1, throughput 0.0563 Mops
1, throughput 0.0565 Mops
1, throughput 0.0565 Mops
1, throughput 0.0561 Mops
1, throughput 0.0564 Mops
1, throughput 0.0566 Mops
1, throughput 0.0561 Mops
1, throughput 0.0553 Mops
1, throughput 0.0564 Mops
1, throughput 0.0562 Mops
1, throughput 0.0562 Mops
1, throughput 0.0563 Mops
1, throughput 0.0562 Mops
1, throughput 0.0564 Mops
1, throughput 0.0562 Mops
1, throughput 0.0562 Mops
1, throughput 0.0563 Mops
1, throughput 0.0564 Mops
1, throughput 0.0564 Mops
1, throughput 0.0564 Mops
1, throughput 0.0562 Mops
1, throughput 0.0564 Mops
1, throughput 0.0563 Mops
1, throughput 0.0565 Mops
1, throughput 0.0565 Mops
1, throughput 0.0564 Mops
1, throughput 0.0561 Mops
1, throughput 0.0560 Mops
1, throughput 0.0559 Mops
1, throughput 0.0562 Mops
1, throughput 0.0562 Mops
1, throughput 0.0565 Mops
1, throughput 0.0562 Mops
1, throughput 0.0564 Mops
1, throughput 0.0564 Mops
1, throughput 0.0565 Mops
1, throughput 0.0564 Mops
1, throughput 0.0566 Mops
1, throughput 0.0562 Mops
1, throughput 0.0564 Mops
1, throughput 0.0563 Mops
1, throughput 0.0564 Mops
1, throughput 0.0564 Mops
1, throughput 0.0562 Mops
1, throughput 0.0563 Mops
1, throughput 0.0561 Mops
1, throughput 0.0562 Mops
1, throughput 0.0558 Mops
1, throughput 0.0537 Mops
1, throughput 0.0518 Mops
1, throughput 0.0463 Mops
1, throughput 0.0404 Mops
1, throughput 0.0364 Mops
1, throughput 0.0356 Mops
1, throughput 0.0348 Mops
1, throughput 0.0347 Mops
1, throughput 0.0351 Mops
1, throughput 0.0353 Mops
1, throughput 0.0352 Mops
1, throughput 0.0354 Mops
1, throughput 0.0353 Mops
1, throughput 0.0355 Mops
1, throughput 0.0356 Mops
1, throughput 0.0354 Mops
1, throughput 0.0351 Mops
1, throughput 0.0355 Mops
1, throughput 0.0353 Mops
1, throughput 0.0354 Mops
1, throughput 0.0351 Mops
1, throughput 0.0346 Mops
1, throughput 0.0355 Mops
1, throughput 0.0354 Mops
1, throughput 0.0352 Mops
1, throughput 0.0354 Mops
1, throughput 0.0355 Mops
1, throughput 0.0354 Mops
1, throughput 0.0351 Mops
1, throughput 0.0353 Mops
1, throughput 0.0356 Mops
1, throughput 0.0353 Mops
1, throughput 0.0355 Mops
1, throughput 0.0353 Mops
1, throughput 0.0357 Mops
1, throughput 0.0306 Mops
1, throughput 0.0200 Mops
1, throughput 0.0096 Mops
1, throughput 0.0021 Mops
[RESULT node 1] ops=29999988 elapsed=539.598s throughput=0.0556 Mops mode=op-bounded
[RDMA node 1] ops=29999988 posts=2686944423 read_wr=3552459057 read_bytes=280536593489 write_wr=0 write_bytes=0 atomic_wr=0 send_wr=0 send_bytes=0
[RDMA node 1] per_op: round_trips=89.5648 reads=118.4153 writes=0.0000 atomics=0.0000 sends=0.0000 verbs=118.4153 bytes=9351.2

==================== LATENCY BUCKETS (500 ns) [node 1] ====================
[RANGE]
  ALL                n=29999988   mean=  633.13us  p50= 716.00us  p90= 927.50us  p99=1000.00us  p99.9=1000.00us  max>=1000.00us
  DIRECT (1-sided)   n=29999988   mean=  633.13us  p50= 716.00us  p90= 927.50us  p99=1000.00us  p99.9=1000.00us  max>=1000.00us
  OFFLOAD (rpc)             (no samples)
[ALL OPS]
  ALL                n=29999988   mean=  633.13us  p50= 716.00us  p90= 927.50us  p99=1000.00us  p99.9=1000.00us  max>=1000.00us
  DIRECT (1-sided)   n=29999988   mean=  633.13us  p50= 716.00us  p90= 927.50us  p99=1000.00us  p99.9=1000.00us  max>=1000.00us
  OFFLOAD (rpc)             (no samples)

----- 500 ns bucket CDF (all ops) [node 1] -----
  bucket [lo,hi) ns             count        pct       cdf
  [     9500,    10000)            1    0.0000%   0.0000%
  [    10500,    11000)            1    0.0000%   0.0000%
  [    15500,    16000)            1    0.0000%   0.0000%
  [    20500,    21000)            1    0.0000%   0.0000%
  [    23500,    24000)            1    0.0000%   0.0000%
  [    24000,    24500)            2    0.0000%   0.0000%
  [    25000,    25500)            1    0.0000%   0.0000%
  [    27500,    28000)            3    0.0000%   0.0000%
  [    28500,    29000)            3    0.0000%   0.0000%
  [    29500,    30000)            3    0.0000%   0.0001%
  [    30000,    30500)            2    0.0000%   0.0001%
  [    30500,    31000)            9    0.0000%   0.0001%
  [    31000,    31500)            9    0.0000%   0.0001%
  [    31500,    32000)           17    0.0001%   0.0002%
  [    32000,    32500)           41    0.0001%   0.0003%
  [    32500,    33000)           46    0.0002%   0.0005%
  [    33000,    33500)           54    0.0002%   0.0007%
  [    33500,    34000)           97    0.0003%   0.0010%
  [    34000,    34500)          117    0.0004%   0.0014%
  [    34500,    35000)          141    0.0005%   0.0018%
  [    35000,    35500)          166    0.0006%   0.0024%
  [    35500,    36000)          223    0.0007%   0.0031%
  [    36000,    36500)          267    0.0009%   0.0040%
  [    36500,    37000)          302    0.0010%   0.0050%
  [    37000,    37500)          307    0.0010%   0.0061%
  [    37500,    38000)          358    0.0012%   0.0072%
  [    38000,    38500)          377    0.0013%   0.0085%
  [    38500,    39000)          421    0.0014%   0.0099%
  [    39000,    39500)          437    0.0015%   0.0114%
  [    39500,    40000)          511    0.0017%   0.0131%
  [    40000,    40500)          564    0.0019%   0.0149%
  [    40500,    41000)          631    0.0021%   0.0170%
  [    41000,    41500)          813    0.0027%   0.0198%
  [    41500,    42000)          928    0.0031%   0.0229%
  [    42000,    42500)         1081    0.0036%   0.0265%
  [    42500,    43000)         1146    0.0038%   0.0303%
  [    43000,    43500)         1423    0.0047%   0.0350%
  [    43500,    44000)         1616    0.0054%   0.0404%
  [    44000,    44500)         1733    0.0058%   0.0462%
  [    44500,    45000)         1941    0.0065%   0.0527%
  [    45000,    45500)         2154    0.0072%   0.0598%
  [    45500,    46000)         2406    0.0080%   0.0679%
  [    46000,    46500)         2576    0.0086%   0.0764%
  [    46500,    47000)         2906    0.0097%   0.0861%
  [    47000,    47500)         3222    0.0107%   0.0969%
  [    47500,    48000)         3477    0.0116%   0.1085%
  [    48000,    48500)         3767    0.0126%   0.1210%
  [    48500,    49000)         4182    0.0139%   0.1350%
  [    49000,    49500)         4582    0.0153%   0.1502%
  [    49500,    50000)         4834    0.0161%   0.1663%
  [    50000,    50500)         5256    0.0175%   0.1839%
  [    50500,    51000)         5792    0.0193%   0.2032%
  [    51000,    51500)         6188    0.0206%   0.2238%
  [    51500,    52000)         6736    0.0225%   0.2462%
  [    52000,    52500)         7298    0.0243%   0.2706%
  [    52500,    53000)         8059    0.0269%   0.2974%
  [    53000,    53500)         8545    0.0285%   0.3259%
  [    53500,    54000)         8920    0.0297%   0.3557%
  [    54000,    54500)         9337    0.0311%   0.3868%
  [    54500,    55000)         9945    0.0332%   0.4199%
  [    55000,    55500)        10277    0.0343%   0.4542%
  [    55500,    56000)        10625    0.0354%   0.4896%
  [    56000,    56500)        11312    0.0377%   0.5273%
  [    56500,    57000)        11792    0.0393%   0.5666%
  [    57000,    57500)        12694    0.0423%   0.6089%
  [    57500,    58000)        13661    0.0455%   0.6545%
  [    58000,    58500)        15009    0.0500%   0.7045%
  [    58500,    59000)        16481    0.0549%   0.7594%
  [    59000,    59500)        18695    0.0623%   0.8217%
  [    59500,    60000)        21064    0.0702%   0.8920%
  [    60000,    60500)        23884    0.0796%   0.9716%
  [    60500,    61000)        27360    0.0912%   1.0628%
  [    61000,    61500)        31612    0.1054%   1.1681%
  [    61500,    62000)        36207    0.1207%   1.2888%
  [    62000,    62500)        41210    0.1374%   1.4262%
  [    62500,    63000)        47282    0.1576%   1.5838%
  [    63000,    63500)        53577    0.1786%   1.7624%
  [    63500,    64000)        60273    0.2009%   1.9633%
  [    64000,    64500)        67050    0.2235%   2.1868%
  [    64500,    65000)        74904    0.2497%   2.4365%
  [    65000,    65500)        82446    0.2748%   2.7113%
  [    65500,    66000)        89752    0.2992%   3.0105%
  [    66000,    66500)        97414    0.3247%   3.3352%
  [    66500,    67000)       104341    0.3478%   3.6830%
  [    67000,    67500)       109586    0.3653%   4.0483%
  [    67500,    68000)       115904    0.3863%   4.4346%
  [    68000,    68500)       120186    0.4006%   4.8353%
  [    68500,    69000)       122953    0.4098%   5.2451%
  [    69000,    69500)       126157    0.4205%   5.6656%
  [    69500,    70000)       127050    0.4235%   6.0891%
  [    70000,    70500)       127599    0.4253%   6.5144%
  [    70500,    71000)       127041    0.4235%   6.9379%
  [    71000,    71500)       124963    0.4165%   7.3545%
  [    71500,    72000)       122039    0.4068%   7.7613%
  [    72000,    72500)       118539    0.3951%   8.1564%
  [    72500,    73000)       114147    0.3805%   8.5369%
  [    73000,    73500)       109249    0.3642%   8.9010%
  [    73500,    74000)       103135    0.3438%   9.2448%
  [    74000,    74500)        97211    0.3240%   9.5689%
  [    74500,    75000)        90947    0.3032%   9.8720%
  [    75000,    75500)        85212    0.2840%  10.1561%
  [    75500,    76000)        78838    0.2628%  10.4189%
  [    76000,    76500)        72303    0.2410%  10.6599%
  [    76500,    77000)        66063    0.2202%  10.8801%
  [    77000,    77500)        61065    0.2036%  11.0836%
  [    77500,    78000)        54839    0.1828%  11.2664%
  [    78000,    78500)        50079    0.1669%  11.4334%
  [    78500,    79000)        45053    0.1502%  11.5835%
  [    79000,    79500)        40929    0.1364%  11.7200%
  [    79500,    80000)        36333    0.1211%  11.8411%
  [    80000,    80500)        32330    0.1078%  11.9488%
  [    80500,    81000)        29117    0.0971%  12.0459%
  [    81000,    81500)        25573    0.0852%  12.1311%
  [    81500,    82000)        22688    0.0756%  12.2068%
  [    82000,    82500)        19800    0.0660%  12.2728%
  [    82500,    83000)        17563    0.0585%  12.3313%
  [    83000,    83500)        15716    0.0524%  12.3837%
  [    83500,    84000)        13576    0.0453%  12.4289%
  [    84000,    84500)        12131    0.0404%  12.4694%
  [    84500,    85000)        10602    0.0353%  12.5047%
  [    85000,    85500)         9262    0.0309%  12.5356%
  [    85500,    86000)         8057    0.0269%  12.5625%
  [    86000,    86500)         7148    0.0238%  12.5863%
  [    86500,    87000)         6223    0.0207%  12.6070%
  [    87000,    87500)         5431    0.0181%  12.6251%
  [    87500,    88000)         4753    0.0158%  12.6410%
  [    88000,    88500)         4238    0.0141%  12.6551%
  [    88500,    89000)         3688    0.0123%  12.6674%
  [    89000,    89500)         3261    0.0109%  12.6783%
  [    89500,    90000)         2919    0.0097%  12.6880%
  [    90000,    90500)         2681    0.0089%  12.6969%
  [    90500,    91000)         2385    0.0080%  12.7049%
  [    91000,    91500)         2201    0.0073%  12.7122%
  [    91500,    92000)         1895    0.0063%  12.7185%
  [    92000,    92500)         1722    0.0057%  12.7243%
  [    92500,    93000)         1559    0.0052%  12.7295%
  [    93000,    93500)         1442    0.0048%  12.7343%
  [    93500,    94000)         1453    0.0048%  12.7391%
  [    94000,    94500)         1303    0.0043%  12.7435%
  [    94500,    95000)         1266    0.0042%  12.7477%
  [    95000,    95500)         1210    0.0040%  12.7517%
  [    95500,    96000)         1153    0.0038%  12.7556%
  [    96000,    96500)         1149    0.0038%  12.7594%
  [    96500,    97000)         1086    0.0036%  12.7630%
  [    97000,    97500)         1040    0.0035%  12.7665%
  [    97500,    98000)         1136    0.0038%  12.7703%
  [    98000,    98500)         1066    0.0036%  12.7738%
  [    98500,    99000)         1028    0.0034%  12.7772%
  [    99000,    99500)         1028    0.0034%  12.7807%
  [    99500,   100000)         1050    0.0035%  12.7842%
  [   100000,   100500)         1052    0.0035%  12.7877%
  [   100500,   101000)         1117    0.0037%  12.7914%
  [   101000,   101500)          994    0.0033%  12.7947%
  [   101500,   102000)         1090    0.0036%  12.7983%
  [   102000,   102500)         1012    0.0034%  12.8017%
  [   102500,   103000)         1043    0.0035%  12.8052%
  [   103000,   103500)         1076    0.0036%  12.8088%
  [   103500,   104000)         1061    0.0035%  12.8123%
  [   104000,   104500)         1077    0.0036%  12.8159%
  [   104500,   105000)         1113    0.0037%  12.8196%
  [   105000,   105500)         1102    0.0037%  12.8233%
  [   105500,   106000)         1104    0.0037%  12.8270%
  [   106000,   106500)         1141    0.0038%  12.8308%
  [   106500,   107000)         1141    0.0038%  12.8346%
  [   107000,   107500)         1070    0.0036%  12.8381%
  [   107500,   108000)         1194    0.0040%  12.8421%
  [   108000,   108500)         1141    0.0038%  12.8459%
  [   108500,   109000)         1205    0.0040%  12.8499%
  [   109000,   109500)         1274    0.0042%  12.8542%
  [   109500,   110000)         1219    0.0041%  12.8583%
  [   110000,   110500)         1212    0.0040%  12.8623%
  [   110500,   111000)         1206    0.0040%  12.8663%
  [   111000,   111500)         1241    0.0041%  12.8704%
  [   111500,   112000)         1197    0.0040%  12.8744%
  [   112000,   112500)         1199    0.0040%  12.8784%
  [   112500,   113000)         1205    0.0040%  12.8825%
  [   113000,   113500)         1246    0.0042%  12.8866%
  [   113500,   114000)         1235    0.0041%  12.8907%
  [   114000,   114500)         1238    0.0041%  12.8948%
  [   114500,   115000)         1170    0.0039%  12.8987%
  [   115000,   115500)         1235    0.0041%  12.9029%
  [   115500,   116000)         1354    0.0045%  12.9074%
  [   116000,   116500)         1283    0.0043%  12.9117%
  [   116500,   117000)         1336    0.0045%  12.9161%
  [   117000,   117500)         1290    0.0043%  12.9204%
  [   117500,   118000)         1300    0.0043%  12.9247%
  [   118000,   118500)         1319    0.0044%  12.9291%
  [   118500,   119000)         1282    0.0043%  12.9334%
  [   119000,   119500)         1305    0.0044%  12.9378%
  [   119500,   120000)         1288    0.0043%  12.9421%
  [   120000,   120500)         1294    0.0043%  12.9464%
  [   120500,   121000)         1380    0.0046%  12.9510%
  [   121000,   121500)         1418    0.0047%  12.9557%
  [   121500,   122000)         1361    0.0045%  12.9602%
  [   122000,   122500)         1395    0.0047%  12.9649%
  [   122500,   123000)         1392    0.0046%  12.9695%
  [   123000,   123500)         1413    0.0047%  12.9742%
  [   123500,   124000)         1469    0.0049%  12.9791%
  [   124000,   124500)         1445    0.0048%  12.9839%
  [   124500,   125000)         1428    0.0048%  12.9887%
  [   125000,   125500)         1498    0.0050%  12.9937%
  [   125500,   126000)         1452    0.0048%  12.9985%
  [   126000,   126500)         1431    0.0048%  13.0033%
  [   126500,   127000)         1506    0.0050%  13.0083%
  [   127000,   127500)         1423    0.0047%  13.0131%
  [   127500,   128000)         1492    0.0050%  13.0180%
  [   128000,   128500)         1550    0.0052%  13.0232%
  [   128500,   129000)         1532    0.0051%  13.0283%
  [   129000,   129500)         1588    0.0053%  13.0336%
  [   129500,   130000)         1500    0.0050%  13.0386%
  [   130000,   130500)         1542    0.0051%  13.0438%
  [   130500,   131000)         1592    0.0053%  13.0491%
  [   131000,   131500)         1549    0.0052%  13.0542%
  [   131500,   132000)         1574    0.0052%  13.0595%
  [   132000,   132500)         1620    0.0054%  13.0649%
  [   132500,   133000)         1616    0.0054%  13.0703%
  [   133000,   133500)         1588    0.0053%  13.0755%
  [   133500,   134000)         1601    0.0053%  13.0809%
  [   134000,   134500)         1651    0.0055%  13.0864%
  [   134500,   135000)         1643    0.0055%  13.0919%
  [   135000,   135500)         1616    0.0054%  13.0973%
  [   135500,   136000)         1623    0.0054%  13.1027%
  [   136000,   136500)         1664    0.0055%  13.1082%
  [   136500,   137000)         1586    0.0053%  13.1135%
  [   137000,   137500)         1519    0.0051%  13.1186%
  [   137500,   138000)         1667    0.0056%  13.1241%
  [   138000,   138500)         1673    0.0056%  13.1297%
  [   138500,   139000)         1712    0.0057%  13.1354%
  [   139000,   139500)         1668    0.0056%  13.1410%
  [   139500,   140000)         1708    0.0057%  13.1467%
  [   140000,   140500)         1670    0.0056%  13.1522%
  [   140500,   141000)         1751    0.0058%  13.1581%
  [   141000,   141500)         1668    0.0056%  13.1636%
  [   141500,   142000)         1725    0.0058%  13.1694%
  [   142000,   142500)         1733    0.0058%  13.1751%
  [   142500,   143000)         1659    0.0055%  13.1807%
  [   143000,   143500)         1738    0.0058%  13.1865%
  [   143500,   144000)         1719    0.0057%  13.1922%
  [   144000,   144500)         1756    0.0059%  13.1980%
  [   144500,   145000)         1746    0.0058%  13.2039%
  [   145000,   145500)         1781    0.0059%  13.2098%
  [   145500,   146000)         1695    0.0057%  13.2155%
  [   146000,   146500)         1693    0.0056%  13.2211%
  [   146500,   147000)         1725    0.0058%  13.2268%
  [   147000,   147500)         1715    0.0057%  13.2326%
  [   147500,   148000)         1774    0.0059%  13.2385%
  [   148000,   148500)         1806    0.0060%  13.2445%
  [   148500,   149000)         1679    0.0056%  13.2501%
  [   149000,   149500)         1716    0.0057%  13.2558%
  [   149500,   150000)         1766    0.0059%  13.2617%
  [   150000,   150500)         1746    0.0058%  13.2675%
  [   150500,   151000)         1683    0.0056%  13.2731%
  [   151000,   151500)         1731    0.0058%  13.2789%
  [   151500,   152000)         1769    0.0059%  13.2848%
  [   152000,   152500)         1827    0.0061%  13.2909%
  [   152500,   153000)         1726    0.0058%  13.2966%
  [   153000,   153500)         1801    0.0060%  13.3026%
  [   153500,   154000)         1759    0.0059%  13.3085%
  [   154000,   154500)         1733    0.0058%  13.3143%
  [   154500,   155000)         1792    0.0060%  13.3203%
  [   155000,   155500)         1793    0.0060%  13.3262%
  [   155500,   156000)         1784    0.0059%  13.3322%
  [   156000,   156500)         1869    0.0062%  13.3384%
  [   156500,   157000)         1815    0.0061%  13.3445%
  [   157000,   157500)         1866    0.0062%  13.3507%
  [   157500,   158000)         1768    0.0059%  13.3566%
  [   158000,   158500)         1879    0.0063%  13.3628%
  [   158500,   159000)         1829    0.0061%  13.3689%
  [   159000,   159500)         1832    0.0061%  13.3750%
  [   159500,   160000)         1812    0.0060%  13.3811%
  [   160000,   160500)         1886    0.0063%  13.3874%
  [   160500,   161000)         1891    0.0063%  13.3937%
  [   161000,   161500)         1869    0.0062%  13.3999%
  [   161500,   162000)         1901    0.0063%  13.4062%
  [   162000,   162500)         1957    0.0065%  13.4128%
  [   162500,   163000)         1866    0.0062%  13.4190%
  [   163000,   163500)         1842    0.0061%  13.4251%
  [   163500,   164000)         1896    0.0063%  13.4314%
  [   164000,   164500)         1939    0.0065%  13.4379%
  [   164500,   165000)         1950    0.0065%  13.4444%
  [   165000,   165500)         2004    0.0067%  13.4511%
  [   165500,   166000)         1963    0.0065%  13.4576%
  [   166000,   166500)         1990    0.0066%  13.4643%
  [   166500,   167000)         2026    0.0068%  13.4710%
  [   167000,   167500)         2055    0.0069%  13.4779%
  [   167500,   168000)         2003    0.0067%  13.4845%
  [   168000,   168500)         1995    0.0067%  13.4912%
  [   168500,   169000)         2061    0.0069%  13.4981%
  [   169000,   169500)         2003    0.0067%  13.5047%
  [   169500,   170000)         2122    0.0071%  13.5118%
  [   170000,   170500)         2103    0.0070%  13.5188%
  [   170500,   171000)         2136    0.0071%  13.5259%
  [   171000,   171500)         2108    0.0070%  13.5330%
  [   171500,   172000)         2154    0.0072%  13.5401%
  [   172000,   172500)         2176    0.0073%  13.5474%
  [   172500,   173000)         2226    0.0074%  13.5548%
  [   173000,   173500)         2276    0.0076%  13.5624%
  [   173500,   174000)         2281    0.0076%  13.5700%
  [   174000,   174500)         2267    0.0076%  13.5776%
  [   174500,   175000)         2276    0.0076%  13.5852%
  [   175000,   175500)         2364    0.0079%  13.5930%
  [   175500,   176000)         2276    0.0076%  13.6006%
  [   176000,   176500)         2433    0.0081%  13.6087%
  [   176500,   177000)         2385    0.0080%  13.6167%
  [   177000,   177500)         2474    0.0082%  13.6249%
  [   177500,   178000)         2445    0.0082%  13.6331%
  [   178000,   178500)         2466    0.0082%  13.6413%
  [   178500,   179000)         2488    0.0083%  13.6496%
  [   179000,   179500)         2499    0.0083%  13.6579%
  [   179500,   180000)         2458    0.0082%  13.6661%
  [   180000,   180500)         2531    0.0084%  13.6746%
  [   180500,   181000)         2573    0.0086%  13.6831%
  [   181000,   181500)         2554    0.0085%  13.6916%
  [   181500,   182000)         2654    0.0088%  13.7005%
  [   182000,   182500)         2722    0.0091%  13.7096%
  [   182500,   183000)         2700    0.0090%  13.7186%
  [   183000,   183500)         2686    0.0090%  13.7275%
  [   183500,   184000)         2695    0.0090%  13.7365%
  [   184000,   184500)         2710    0.0090%  13.7455%
  [   184500,   185000)         2843    0.0095%  13.7550%
  [   185000,   185500)         2797    0.0093%  13.7643%
  [   185500,   186000)         2816    0.0094%  13.7737%
  [   186000,   186500)         2891    0.0096%  13.7834%
  [   186500,   187000)         3007    0.0100%  13.7934%
  [   187000,   187500)         3022    0.0101%  13.8035%
  [   187500,   188000)         2961    0.0099%  13.8133%
  [   188000,   188500)         2960    0.0099%  13.8232%
  [   188500,   189000)         3092    0.0103%  13.8335%
  [   189000,   189500)         3034    0.0101%  13.8436%
  [   189500,   190000)         3134    0.0104%  13.8541%
  [   190000,   190500)         3175    0.0106%  13.8646%
  [   190500,   191000)         3181    0.0106%  13.8752%
  [   191000,   191500)         3245    0.0108%  13.8861%
  [   191500,   192000)         3246    0.0108%  13.8969%
  [   192000,   192500)         3240    0.0108%  13.9077%
  [   192500,   193000)         3242    0.0108%  13.9185%
  [   193000,   193500)         3255    0.0109%  13.9293%
  [   193500,   194000)         3306    0.0110%  13.9404%
  [   194000,   194500)         3268    0.0109%  13.9512%
  [   194500,   195000)         3341    0.0111%  13.9624%
  [   195000,   195500)         3445    0.0115%  13.9739%
  [   195500,   196000)         3411    0.0114%  13.9852%
  [   196000,   196500)         3353    0.0112%  13.9964%
  [   196500,   197000)         3568    0.0119%  14.0083%
  [   197000,   197500)         3448    0.0115%  14.0198%
  [   197500,   198000)         3463    0.0115%  14.0313%
  [   198000,   198500)         3526    0.0118%  14.0431%
  [   198500,   199000)         3489    0.0116%  14.0547%
  [   199000,   199500)         3659    0.0122%  14.0669%
  [   199500,   200000)         3546    0.0118%  14.0787%
  [   200000,   200500)         3572    0.0119%  14.0907%
  [   200500,   201000)         3719    0.0124%  14.1030%
  [   201000,   201500)         3667    0.0122%  14.1153%
  [   201500,   202000)         3683    0.0123%  14.1275%
  [   202000,   202500)         3755    0.0125%  14.1401%
  [   202500,   203000)         3789    0.0126%  14.1527%
  [   203000,   203500)         3797    0.0127%  14.1654%
  [   203500,   204000)         3862    0.0129%  14.1782%
  [   204000,   204500)         3871    0.0129%  14.1911%
  [   204500,   205000)         3884    0.0129%  14.2041%
  [   205000,   205500)         3958    0.0132%  14.2173%
  [   205500,   206000)         3901    0.0130%  14.2303%
  [   206000,   206500)         4057    0.0135%  14.2438%
  [   206500,   207000)         3892    0.0130%  14.2568%
  [   207000,   207500)         3962    0.0132%  14.2700%
  [   207500,   208000)         3970    0.0132%  14.2832%
  [   208000,   208500)         4108    0.0137%  14.2969%
  [   208500,   209000)         4093    0.0136%  14.3105%
  [   209000,   209500)         4207    0.0140%  14.3246%
  [   209500,   210000)         4295    0.0143%  14.3389%
  [   210000,   210500)         4262    0.0142%  14.3531%
  [   210500,   211000)         4302    0.0143%  14.3674%
  [   211000,   211500)         4214    0.0140%  14.3815%
  [   211500,   212000)         4276    0.0143%  14.3957%
  [   212000,   212500)         4263    0.0142%  14.4099%
  [   212500,   213000)         4240    0.0141%  14.4241%
  [   213000,   213500)         4296    0.0143%  14.4384%
  [   213500,   214000)         4289    0.0143%  14.4527%
  [   214000,   214500)         4297    0.0143%  14.4670%
  [   214500,   215000)         4323    0.0144%  14.4814%
  [   215000,   215500)         4340    0.0145%  14.4959%
  [   215500,   216000)         4399    0.0147%  14.5106%
  [   216000,   216500)         4517    0.0151%  14.5256%
  [   216500,   217000)         4342    0.0145%  14.5401%
  [   217000,   217500)         4411    0.0147%  14.5548%
  [   217500,   218000)         4526    0.0151%  14.5699%
  [   218000,   218500)         4521    0.0151%  14.5849%
  [   218500,   219000)         4606    0.0154%  14.6003%
  [   219000,   219500)         4610    0.0154%  14.6157%
  [   219500,   220000)         4530    0.0151%  14.6308%
  [   220000,   220500)         4641    0.0155%  14.6462%
  [   220500,   221000)         4557    0.0152%  14.6614%
  [   221000,   221500)         4546    0.0152%  14.6766%
  [   221500,   222000)         4595    0.0153%  14.6919%
  [   222000,   222500)         4631    0.0154%  14.7073%
  [   222500,   223000)         4624    0.0154%  14.7227%
  [   223000,   223500)         4685    0.0156%  14.7384%
  [   223500,   224000)         4682    0.0156%  14.7540%
  [   224000,   224500)         4659    0.0155%  14.7695%
  [   224500,   225000)         4721    0.0157%  14.7852%
  [   225000,   225500)         4668    0.0156%  14.8008%
  [   225500,   226000)         4792    0.0160%  14.8168%
  [   226000,   226500)         4724    0.0157%  14.8325%
  [   226500,   227000)         4713    0.0157%  14.8482%
  [   227000,   227500)         4764    0.0159%  14.8641%
  [   227500,   228000)         4585    0.0153%  14.8794%
  [   228000,   228500)         4682    0.0156%  14.8950%
  [   228500,   229000)         4736    0.0158%  14.9108%
  [   229000,   229500)         4832    0.0161%  14.9269%
  [   229500,   230000)         4779    0.0159%  14.9428%
  [   230000,   230500)         4838    0.0161%  14.9589%
  [   230500,   231000)         4791    0.0160%  14.9749%
  [   231000,   231500)         4750    0.0158%  14.9907%
  [   231500,   232000)         4851    0.0162%  15.0069%
  [   232000,   232500)         4868    0.0162%  15.0231%
  [   232500,   233000)         4832    0.0161%  15.0393%
  [   233000,   233500)         4777    0.0159%  15.0552%
  [   233500,   234000)         4868    0.0162%  15.0714%
  [   234000,   234500)         4918    0.0164%  15.0878%
  [   234500,   235000)         5000    0.0167%  15.1045%
  [   235000,   235500)         4978    0.0166%  15.1211%
  [   235500,   236000)         4953    0.0165%  15.1376%
  [   236000,   236500)         4897    0.0163%  15.1539%
  [   236500,   237000)         4901    0.0163%  15.1702%
  [   237000,   237500)         4894    0.0163%  15.1865%
  [   237500,   238000)         4881    0.0163%  15.2028%
  [   238000,   238500)         4874    0.0162%  15.2191%
  [   238500,   239000)         4975    0.0166%  15.2356%
  [   239000,   239500)         4830    0.0161%  15.2517%
  [   239500,   240000)         4895    0.0163%  15.2681%
  [   240000,   240500)         5051    0.0168%  15.2849%
  [   240500,   241000)         4922    0.0164%  15.3013%
  [   241000,   241500)         5029    0.0168%  15.3181%
  [   241500,   242000)         4864    0.0162%  15.3343%
  [   242000,   242500)         5173    0.0172%  15.3515%
  [   242500,   243000)         4907    0.0164%  15.3679%
  [   243000,   243500)         4894    0.0163%  15.3842%
  [   243500,   244000)         4972    0.0166%  15.4008%
  [   244000,   244500)         4952    0.0165%  15.4173%
  [   244500,   245000)         5155    0.0172%  15.4345%
  [   245000,   245500)         5028    0.0168%  15.4512%
  [   245500,   246000)         4956    0.0165%  15.4677%
  [   246000,   246500)         5021    0.0167%  15.4845%
  [   246500,   247000)         5115    0.0171%  15.5015%
  [   247000,   247500)         5038    0.0168%  15.5183%
  [   247500,   248000)         5139    0.0171%  15.5354%
  [   248000,   248500)         5018    0.0167%  15.5522%
  [   248500,   249000)         5123    0.0171%  15.5692%
  [   249000,   249500)         5055    0.0169%  15.5861%
  [   249500,   250000)         5013    0.0167%  15.6028%
  [   250000,   250500)         5120    0.0171%  15.6199%
  [   250500,   251000)         5059    0.0169%  15.6367%
  [   251000,   251500)         5107    0.0170%  15.6538%
  [   251500,   252000)         5076    0.0169%  15.6707%
  [   252000,   252500)         5130    0.0171%  15.6878%
  [   252500,   253000)         5098    0.0170%  15.7048%
  [   253000,   253500)         5095    0.0170%  15.7218%
  [   253500,   254000)         5227    0.0174%  15.7392%
  [   254000,   254500)         5091    0.0170%  15.7561%
  [   254500,   255000)         5071    0.0169%  15.7731%
  [   255000,   255500)         5174    0.0172%  15.7903%
  [   255500,   256000)         5034    0.0168%  15.8071%
  [   256000,   256500)         5025    0.0168%  15.8238%
  [   256500,   257000)         5038    0.0168%  15.8406%
  [   257000,   257500)         5010    0.0167%  15.8573%
  [   257500,   258000)         5176    0.0173%  15.8746%
  [   258000,   258500)         5080    0.0169%  15.8915%
  [   258500,   259000)         5168    0.0172%  15.9087%
  [   259000,   259500)         5117    0.0171%  15.9258%
  [   259500,   260000)         5082    0.0169%  15.9427%
  [   260000,   260500)         5119    0.0171%  15.9598%
  [   260500,   261000)         5161    0.0172%  15.9770%
  [   261000,   261500)         5040    0.0168%  15.9938%
  [   261500,   262000)         5031    0.0168%  16.0106%
  [   262000,   262500)         5102    0.0170%  16.0276%
  [   262500,   263000)         5068    0.0169%  16.0445%
  [   263000,   263500)         5245    0.0175%  16.0620%
  [   263500,   264000)         5057    0.0169%  16.0788%
  [   264000,   264500)         5059    0.0169%  16.0957%
  [   264500,   265000)         5140    0.0171%  16.1128%
  [   265000,   265500)         5028    0.0168%  16.1296%
  [   265500,   266000)         5172    0.0172%  16.1468%
  [   266000,   266500)         5319    0.0177%  16.1645%
  [   266500,   267000)         5013    0.0167%  16.1812%
  [   267000,   267500)         5205    0.0174%  16.1986%
  [   267500,   268000)         5102    0.0170%  16.2156%
  [   268000,   268500)         5205    0.0174%  16.2330%
  [   268500,   269000)         5056    0.0169%  16.2498%
  [   269000,   269500)         5131    0.0171%  16.2669%
  [   269500,   270000)         5191    0.0173%  16.2842%
  [   270000,   270500)         5197    0.0173%  16.3015%
  [   270500,   271000)         5233    0.0174%  16.3190%
  [   271000,   271500)         5192    0.0173%  16.3363%
  [   271500,   272000)         5193    0.0173%  16.3536%
  [   272000,   272500)         5178    0.0173%  16.3709%
  [   272500,   273000)         5023    0.0167%  16.3876%
  [   273000,   273500)         5202    0.0173%  16.4049%
  [   273500,   274000)         5088    0.0170%  16.4219%
  [   274000,   274500)         5239    0.0175%  16.4394%
  [   274500,   275000)         5195    0.0173%  16.4567%
  [   275000,   275500)         5223    0.0174%  16.4741%
  [   275500,   276000)         5046    0.0168%  16.4909%
  [   276000,   276500)         5190    0.0173%  16.5082%
  [   276500,   277000)         5187    0.0173%  16.5255%
  [   277000,   277500)         5126    0.0171%  16.5426%
  [   277500,   278000)         5117    0.0171%  16.5596%
  [   278000,   278500)         5091    0.0170%  16.5766%
  [   278500,   279000)         5226    0.0174%  16.5940%
  [   279000,   279500)         5164    0.0172%  16.6112%
  [   279500,   280000)         5108    0.0170%  16.6283%
  [   280000,   280500)         5135    0.0171%  16.6454%
  [   280500,   281000)         5050    0.0168%  16.6622%
  [   281000,   281500)         5212    0.0174%  16.6796%
  [   281500,   282000)         5121    0.0171%  16.6967%
  [   282000,   282500)         5110    0.0170%  16.7137%
  [   282500,   283000)         5111    0.0170%  16.7307%
  [   283000,   283500)         5086    0.0170%  16.7477%
  [   283500,   284000)         5051    0.0168%  16.7645%
  [   284000,   284500)         5197    0.0173%  16.7819%
  [   284500,   285000)         5027    0.0168%  16.7986%
  [   285000,   285500)         5051    0.0168%  16.8154%
  [   285500,   286000)         5136    0.0171%  16.8326%
  [   286000,   286500)         5180    0.0173%  16.8498%
  [   286500,   287000)         5139    0.0171%  16.8670%
  [   287000,   287500)         5268    0.0176%  16.8845%
  [   287500,   288000)         5203    0.0173%  16.9019%
  [   288000,   288500)         5119    0.0171%  16.9189%
  [   288500,   289000)         5162    0.0172%  16.9361%
  [   289000,   289500)         5013    0.0167%  16.9528%
  [   289500,   290000)         5129    0.0171%  16.9699%
  [   290000,   290500)         5141    0.0171%  16.9871%
  [   290500,   291000)         5122    0.0171%  17.0042%
  [   291000,   291500)         5148    0.0172%  17.0213%
  [   291500,   292000)         5220    0.0174%  17.0387%
  [   292000,   292500)         5161    0.0172%  17.0559%
  [   292500,   293000)         5053    0.0168%  17.0728%
  [   293000,   293500)         5065    0.0169%  17.0896%
  [   293500,   294000)         5336    0.0178%  17.1074%
  [   294000,   294500)         5173    0.0172%  17.1247%
  [   294500,   295000)         5010    0.0167%  17.1414%
  [   295000,   295500)         5092    0.0170%  17.1583%
  [   295500,   296000)         5006    0.0167%  17.1750%
  [   296000,   296500)         5132    0.0171%  17.1921%
  [   296500,   297000)         5197    0.0173%  17.2095%
  [   297000,   297500)         5086    0.0170%  17.2264%
  [   297500,   298000)         5127    0.0171%  17.2435%
  [   298000,   298500)         5050    0.0168%  17.2603%
  [   298500,   299000)         4993    0.0166%  17.2770%
  [   299000,   299500)         5094    0.0170%  17.2940%
  [   299500,   300000)         5099    0.0170%  17.3110%
  [   300000,   300500)         5085    0.0170%  17.3279%
  [   300500,   301000)         4933    0.0164%  17.3444%
  [   301000,   301500)         4930    0.0164%  17.3608%
  [   301500,   302000)         5046    0.0168%  17.3776%
  [   302000,   302500)         5129    0.0171%  17.3947%
  [   302500,   303000)         5143    0.0171%  17.4118%
  [   303000,   303500)         4996    0.0167%  17.4285%
  [   303500,   304000)         5095    0.0170%  17.4455%
  [   304000,   304500)         5067    0.0169%  17.4624%
  [   304500,   305000)         5069    0.0169%  17.4793%
  [   305000,   305500)         5091    0.0170%  17.4962%
  [   305500,   306000)         5067    0.0169%  17.5131%
  [   306000,   306500)         5194    0.0173%  17.5304%
  [   306500,   307000)         4973    0.0166%  17.5470%
  [   307000,   307500)         5124    0.0171%  17.5641%
  [   307500,   308000)         5117    0.0171%  17.5812%
  [   308000,   308500)         5013    0.0167%  17.5979%
  [   308500,   309000)         5155    0.0172%  17.6150%
  [   309000,   309500)         5035    0.0168%  17.6318%
  [   309500,   310000)         5053    0.0168%  17.6487%
  [   310000,   310500)         5043    0.0168%  17.6655%
  [   310500,   311000)         5028    0.0168%  17.6822%
  [   311000,   311500)         5036    0.0168%  17.6990%
  [   311500,   312000)         5004    0.0167%  17.7157%
  [   312000,   312500)         5090    0.0170%  17.7327%
  [   312500,   313000)         4993    0.0166%  17.7493%
  [   313000,   313500)         5039    0.0168%  17.7661%
  [   313500,   314000)         5097    0.0170%  17.7831%
  [   314000,   314500)         5111    0.0170%  17.8001%
  [   314500,   315000)         5026    0.0168%  17.8169%
  [   315000,   315500)         5057    0.0169%  17.8338%
  [   315500,   316000)         4865    0.0162%  17.8500%
  [   316000,   316500)         5031    0.0168%  17.8667%
  [   316500,   317000)         5019    0.0167%  17.8835%
  [   317000,   317500)         4964    0.0165%  17.9000%
  [   317500,   318000)         4930    0.0164%  17.9165%
  [   318000,   318500)         5163    0.0172%  17.9337%
  [   318500,   319000)         4992    0.0166%  17.9503%
  [   319000,   319500)         5092    0.0170%  17.9673%
  [   319500,   320000)         4883    0.0163%  17.9836%
  [   320000,   320500)         5030    0.0168%  18.0003%
  [   320500,   321000)         5067    0.0169%  18.0172%
  [   321000,   321500)         4899    0.0163%  18.0335%
  [   321500,   322000)         5123    0.0171%  18.0506%
  [   322000,   322500)         5039    0.0168%  18.0674%
  [   322500,   323000)         4958    0.0165%  18.0839%
  [   323000,   323500)         5009    0.0167%  18.1006%
  [   323500,   324000)         4955    0.0165%  18.1172%
  [   324000,   324500)         4961    0.0165%  18.1337%
  [   324500,   325000)         4947    0.0165%  18.1502%
  [   325000,   325500)         4922    0.0164%  18.1666%
  [   325500,   326000)         4968    0.0166%  18.1831%
  [   326000,   326500)         4925    0.0164%  18.1996%
  [   326500,   327000)         4878    0.0163%  18.2158%
  [   327000,   327500)         4925    0.0164%  18.2322%
  [   327500,   328000)         4940    0.0165%  18.2487%
  [   328000,   328500)         4876    0.0163%  18.2650%
  [   328500,   329000)         4948    0.0165%  18.2815%
  [   329000,   329500)         5009    0.0167%  18.2981%
  [   329500,   330000)         4956    0.0165%  18.3147%
  [   330000,   330500)         4858    0.0162%  18.3309%
  [   330500,   331000)         4928    0.0164%  18.3473%
  [   331000,   331500)         4925    0.0164%  18.3637%
  [   331500,   332000)         4903    0.0163%  18.3800%
  [   332000,   332500)         4903    0.0163%  18.3964%
  [   332500,   333000)         4950    0.0165%  18.4129%
  [   333000,   333500)         4884    0.0163%  18.4292%
  [   333500,   334000)         4965    0.0166%  18.4457%
  [   334000,   334500)         4963    0.0165%  18.4623%
  [   334500,   335000)         4921    0.0164%  18.4787%
  [   335000,   335500)         4935    0.0165%  18.4951%
  [   335500,   336000)         4946    0.0165%  18.5116%
  [   336000,   336500)         4808    0.0160%  18.5276%
  [   336500,   337000)         4921    0.0164%  18.5440%
  [   337000,   337500)         4989    0.0166%  18.5607%
  [   337500,   338000)         4774    0.0159%  18.5766%
  [   338000,   338500)         4812    0.0160%  18.5926%
  [   338500,   339000)         4837    0.0161%  18.6087%
  [   339000,   339500)         4992    0.0166%  18.6254%
  [   339500,   340000)         4887    0.0163%  18.6417%
  [   340000,   340500)         4813    0.0160%  18.6577%
  [   340500,   341000)         4905    0.0164%  18.6741%
  [   341000,   341500)         4870    0.0162%  18.6903%
  [   341500,   342000)         4815    0.0161%  18.7063%
  [   342000,   342500)         4855    0.0162%  18.7225%
  [   342500,   343000)         4998    0.0167%  18.7392%
  [   343000,   343500)         4848    0.0162%  18.7554%
  [   343500,   344000)         4856    0.0162%  18.7715%
  [   344000,   344500)         4974    0.0166%  18.7881%
  [   344500,   345000)         4902    0.0163%  18.8045%
  [   345000,   345500)         4903    0.0163%  18.8208%
  [   345500,   346000)         4912    0.0164%  18.8372%
  [   346000,   346500)         5009    0.0167%  18.8539%
  [   346500,   347000)         4805    0.0160%  18.8699%
  [   347000,   347500)         4903    0.0163%  18.8862%
  [   347500,   348000)         4850    0.0162%  18.9024%
  [   348000,   348500)         4771    0.0159%  18.9183%
  [   348500,   349000)         4799    0.0160%  18.9343%
  [   349000,   349500)         4757    0.0159%  18.9502%
  [   349500,   350000)         4798    0.0160%  18.9661%
  [   350000,   350500)         4868    0.0162%  18.9824%
  [   350500,   351000)         4880    0.0163%  18.9986%
  [   351000,   351500)         4872    0.0162%  19.0149%
  [   351500,   352000)         4903    0.0163%  19.0312%
  [   352000,   352500)         4917    0.0164%  19.0476%
  [   352500,   353000)         4851    0.0162%  19.0638%
  [   353000,   353500)         4760    0.0159%  19.0797%
  [   353500,   354000)         4809    0.0160%  19.0957%
  [   354000,   354500)         4948    0.0165%  19.1122%
  [   354500,   355000)         4879    0.0163%  19.1284%
  [   355000,   355500)         4835    0.0161%  19.1446%
  [   355500,   356000)         4877    0.0163%  19.1608%
  [   356000,   356500)         4869    0.0162%  19.1770%
  [   356500,   357000)         4771    0.0159%  19.1929%
  [   357000,   357500)         4999    0.0167%  19.2096%
  [   357500,   358000)         4798    0.0160%  19.2256%
  [   358000,   358500)         4780    0.0159%  19.2415%
  [   358500,   359000)         4652    0.0155%  19.2570%
  [   359000,   359500)         5015    0.0167%  19.2738%
  [   359500,   360000)         4654    0.0155%  19.2893%
  [   360000,   360500)         4830    0.0161%  19.3054%
  [   360500,   361000)         4883    0.0163%  19.3216%
  [   361000,   361500)         4928    0.0164%  19.3381%
  [   361500,   362000)         4749    0.0158%  19.3539%
  [   362000,   362500)         4901    0.0163%  19.3702%
  [   362500,   363000)         4888    0.0163%  19.3865%
  [   363000,   363500)         4870    0.0162%  19.4028%
  [   363500,   364000)         4801    0.0160%  19.4188%
  [   364000,   364500)         4795    0.0160%  19.4348%
  [   364500,   365000)         4858    0.0162%  19.4509%
  [   365000,   365500)         4919    0.0164%  19.4673%
  [   365500,   366000)         4885    0.0163%  19.4836%
  [   366000,   366500)         4808    0.0160%  19.4997%
  [   366500,   367000)         4964    0.0165%  19.5162%
  [   367000,   367500)         4901    0.0163%  19.5325%
  [   367500,   368000)         4902    0.0163%  19.5489%
  [   368000,   368500)         4751    0.0158%  19.5647%
  [   368500,   369000)         4707    0.0157%  19.5804%
  [   369000,   369500)         4860    0.0162%  19.5966%
  [   369500,   370000)         4893    0.0163%  19.6129%
  [   370000,   370500)         4817    0.0161%  19.6290%
  [   370500,   371000)         4882    0.0163%  19.6452%
  [   371000,   371500)         4906    0.0164%  19.6616%
  [   371500,   372000)         4828    0.0161%  19.6777%
  [   372000,   372500)         4781    0.0159%  19.6936%
  [   372500,   373000)         4977    0.0166%  19.7102%
  [   373000,   373500)         4796    0.0160%  19.7262%
  [   373500,   374000)         4796    0.0160%  19.7422%
  [   374000,   374500)         4719    0.0157%  19.7579%
  [   374500,   375000)         4899    0.0163%  19.7743%
  [   375000,   375500)         4881    0.0163%  19.7905%
  [   375500,   376000)         4815    0.0161%  19.8066%
  [   376000,   376500)         4801    0.0160%  19.8226%
  [   376500,   377000)         4835    0.0161%  19.8387%
  [   377000,   377500)         4956    0.0165%  19.8552%
  [   377500,   378000)         4703    0.0157%  19.8709%
  [   378000,   378500)         4777    0.0159%  19.8868%
  [   378500,   379000)         4793    0.0160%  19.9028%
  [   379000,   379500)         4830    0.0161%  19.9189%
  [   379500,   380000)         4783    0.0159%  19.9348%
  [   380000,   380500)         4787    0.0160%  19.9508%
  [   380500,   381000)         4836    0.0161%  19.9669%
  [   381000,   381500)         4876    0.0163%  19.9832%
  [   381500,   382000)         4791    0.0160%  19.9991%
  [   382000,   382500)         4812    0.0160%  20.0152%
  [   382500,   383000)         4868    0.0162%  20.0314%
  [   383000,   383500)         4849    0.0162%  20.0476%
  [   383500,   384000)         4761    0.0159%  20.0634%
  [   384000,   384500)         4811    0.0160%  20.0795%
  [   384500,   385000)         4847    0.0162%  20.0956%
  [   385000,   385500)         4846    0.0162%  20.1118%
  [   385500,   386000)         4760    0.0159%  20.1276%
  [   386000,   386500)         4889    0.0163%  20.1439%
  [   386500,   387000)         4896    0.0163%  20.1603%
  [   387000,   387500)         4851    0.0162%  20.1764%
  [   387500,   388000)         4867    0.0162%  20.1927%
  [   388000,   388500)         4805    0.0160%  20.2087%
  [   388500,   389000)         4951    0.0165%  20.2252%
  [   389000,   389500)         4679    0.0156%  20.2408%
  [   389500,   390000)         4803    0.0160%  20.2568%
  [   390000,   390500)         4806    0.0160%  20.2728%
  [   390500,   391000)         4824    0.0161%  20.2889%
  [   391000,   391500)         4757    0.0159%  20.3047%
  [   391500,   392000)         4780    0.0159%  20.3207%
  [   392000,   392500)         4864    0.0162%  20.3369%
  [   392500,   393000)         4802    0.0160%  20.3529%
  [   393000,   393500)         4907    0.0164%  20.3692%
  [   393500,   394000)         4857    0.0162%  20.3854%
  [   394000,   394500)         4864    0.0162%  20.4017%
  [   394500,   395000)         4858    0.0162%  20.4178%
  [   395000,   395500)         4777    0.0159%  20.4338%
  [   395500,   396000)         4957    0.0165%  20.4503%
  [   396000,   396500)         4835    0.0161%  20.4664%
  [   396500,   397000)         4767    0.0159%  20.4823%
  [   397000,   397500)         4813    0.0160%  20.4983%
  [   397500,   398000)         4771    0.0159%  20.5142%
  [   398000,   398500)         4992    0.0166%  20.5309%
  [   398500,   399000)         4770    0.0159%  20.5468%
  [   399000,   399500)         4914    0.0164%  20.5632%
  [   399500,   400000)         4892    0.0163%  20.5795%
  [   400000,   400500)         4860    0.0162%  20.5957%
  [   400500,   401000)         4943    0.0165%  20.6121%
  [   401000,   401500)         4814    0.0160%  20.6282%
  [   401500,   402000)         4812    0.0160%  20.6442%
  [   402000,   402500)         4803    0.0160%  20.6602%
  [   402500,   403000)         4784    0.0159%  20.6762%
  [   403000,   403500)         4824    0.0161%  20.6923%
  [   403500,   404000)         4936    0.0165%  20.7087%
  [   404000,   404500)         4868    0.0162%  20.7250%
  [   404500,   405000)         4770    0.0159%  20.7409%
  [   405000,   405500)         4857    0.0162%  20.7570%
  [   405500,   406000)         4849    0.0162%  20.7732%
  [   406000,   406500)         4850    0.0162%  20.7894%
  [   406500,   407000)         4843    0.0161%  20.8055%
  [   407000,   407500)         4786    0.0160%  20.8215%
  [   407500,   408000)         4720    0.0157%  20.8372%
  [   408000,   408500)         4755    0.0159%  20.8531%
  [   408500,   409000)         4783    0.0159%  20.8690%
  [   409000,   409500)         4806    0.0160%  20.8850%
  [   409500,   410000)         4858    0.0162%  20.9012%
  [   410000,   410500)         4830    0.0161%  20.9173%
  [   410500,   411000)         4996    0.0167%  20.9340%
  [   411000,   411500)         4848    0.0162%  20.9501%
  [   411500,   412000)         4851    0.0162%  20.9663%
  [   412000,   412500)         4871    0.0162%  20.9825%
  [   412500,   413000)         4816    0.0161%  20.9986%
  [   413000,   413500)         4810    0.0160%  21.0146%
  [   413500,   414000)         4876    0.0163%  21.0309%
  [   414000,   414500)         4790    0.0160%  21.0468%
  [   414500,   415000)         4807    0.0160%  21.0629%
  [   415000,   415500)         4766    0.0159%  21.0787%
  [   415500,   416000)         4877    0.0163%  21.0950%
  [   416000,   416500)         4905    0.0164%  21.1114%
  [   416500,   417000)         5027    0.0168%  21.1281%
  [   417000,   417500)         4832    0.0161%  21.1442%
  [   417500,   418000)         4908    0.0164%  21.1606%
  [   418000,   418500)         4920    0.0164%  21.1770%
  [   418500,   419000)         4885    0.0163%  21.1933%
  [   419000,   419500)         4809    0.0160%  21.2093%
  [   419500,   420000)         4771    0.0159%  21.2252%
  [   420000,   420500)         4879    0.0163%  21.2415%
  [   420500,   421000)         5008    0.0167%  21.2581%
  [   421000,   421500)         5025    0.0168%  21.2749%
  [   421500,   422000)         4825    0.0161%  21.2910%
  [   422000,   422500)         4896    0.0163%  21.3073%
  [   422500,   423000)         4985    0.0166%  21.3239%
  [   423000,   423500)         4868    0.0162%  21.3401%
  [   423500,   424000)         4970    0.0166%  21.3567%
  [   424000,   424500)         4758    0.0159%  21.3726%
  [   424500,   425000)         4970    0.0166%  21.3891%
  [   425000,   425500)         4779    0.0159%  21.4051%
  [   425500,   426000)         4852    0.0162%  21.4212%
  [   426000,   426500)         4825    0.0161%  21.4373%
  [   426500,   427000)         4893    0.0163%  21.4536%
  [   427000,   427500)         4783    0.0159%  21.4696%
  [   427500,   428000)         4967    0.0166%  21.4861%
  [   428000,   428500)         4945    0.0165%  21.5026%
  [   428500,   429000)         4783    0.0159%  21.5186%
  [   429000,   429500)         4884    0.0163%  21.5348%
  [   429500,   430000)         4970    0.0166%  21.5514%
  [   430000,   430500)         4915    0.0164%  21.5678%
  [   430500,   431000)         4802    0.0160%  21.5838%
  [   431000,   431500)         5001    0.0167%  21.6005%
  [   431500,   432000)         4980    0.0166%  21.6171%
  [   432000,   432500)         4991    0.0166%  21.6337%
  [   432500,   433000)         4915    0.0164%  21.6501%
  [   433000,   433500)         4818    0.0161%  21.6661%
  [   433500,   434000)         4904    0.0163%  21.6825%
  [   434000,   434500)         4981    0.0166%  21.6991%
  [   434500,   435000)         4971    0.0166%  21.7157%
  [   435000,   435500)         5047    0.0168%  21.7325%
  [   435500,   436000)         5036    0.0168%  21.7493%
  [   436000,   436500)         4957    0.0165%  21.7658%
  [   436500,   437000)         4894    0.0163%  21.7821%
  [   437000,   437500)         4955    0.0165%  21.7986%
  [   437500,   438000)         5013    0.0167%  21.8153%
  [   438000,   438500)         4979    0.0166%  21.8319%
  [   438500,   439000)         4860    0.0162%  21.8481%
  [   439000,   439500)         5019    0.0167%  21.8649%
  [   439500,   440000)         5012    0.0167%  21.8816%
  [   440000,   440500)         4981    0.0166%  21.8982%
  [   440500,   441000)         5086    0.0170%  21.9151%
  [   441000,   441500)         5005    0.0167%  21.9318%
  [   441500,   442000)         5109    0.0170%  21.9488%
  [   442000,   442500)         4995    0.0167%  21.9655%
  [   442500,   443000)         5073    0.0169%  21.9824%
  [   443000,   443500)         5046    0.0168%  21.9992%
  [   443500,   444000)         5002    0.0167%  22.0159%
  [   444000,   444500)         5135    0.0171%  22.0330%
  [   444500,   445000)         5035    0.0168%  22.0498%
  [   445000,   445500)         5056    0.0169%  22.0667%
  [   445500,   446000)         5014    0.0167%  22.0834%
  [   446000,   446500)         5029    0.0168%  22.1001%
  [   446500,   447000)         5126    0.0171%  22.1172%
  [   447000,   447500)         4991    0.0166%  22.1339%
  [   447500,   448000)         5073    0.0169%  22.1508%
  [   448000,   448500)         5153    0.0172%  22.1679%
  [   448500,   449000)         5068    0.0169%  22.1848%
  [   449000,   449500)         5045    0.0168%  22.2016%
  [   449500,   450000)         5003    0.0167%  22.2183%
  [   450000,   450500)         5042    0.0168%  22.2351%
  [   450500,   451000)         5042    0.0168%  22.2519%
  [   451000,   451500)         5183    0.0173%  22.2692%
  [   451500,   452000)         5139    0.0171%  22.2863%
  [   452000,   452500)         5251    0.0175%  22.3038%
  [   452500,   453000)         5122    0.0171%  22.3209%
  [   453000,   453500)         5082    0.0169%  22.3379%
  [   453500,   454000)         5061    0.0169%  22.3547%
  [   454000,   454500)         5067    0.0169%  22.3716%
  [   454500,   455000)         5207    0.0174%  22.3890%
  [   455000,   455500)         5097    0.0170%  22.4060%
  [   455500,   456000)         5060    0.0169%  22.4228%
  [   456000,   456500)         5247    0.0175%  22.4403%
  [   456500,   457000)         5194    0.0173%  22.4576%
  [   457000,   457500)         5227    0.0174%  22.4751%
  [   457500,   458000)         5146    0.0172%  22.4922%
  [   458000,   458500)         5152    0.0172%  22.5094%
  [   458500,   459000)         5245    0.0175%  22.5269%
  [   459000,   459500)         5223    0.0174%  22.5443%
  [   459500,   460000)         5178    0.0173%  22.5615%
  [   460000,   460500)         5369    0.0179%  22.5794%
  [   460500,   461000)         5129    0.0171%  22.5965%
  [   461000,   461500)         5239    0.0175%  22.6140%
  [   461500,   462000)         5288    0.0176%  22.6316%
  [   462000,   462500)         5351    0.0178%  22.6495%
  [   462500,   463000)         5342    0.0178%  22.6673%
  [   463000,   463500)         5167    0.0172%  22.6845%
  [   463500,   464000)         5348    0.0178%  22.7023%
  [   464000,   464500)         5394    0.0180%  22.7203%
  [   464500,   465000)         5379    0.0179%  22.7382%
  [   465000,   465500)         5200    0.0173%  22.7556%
  [   465500,   466000)         5254    0.0175%  22.7731%
  [   466000,   466500)         5266    0.0176%  22.7906%
  [   466500,   467000)         5424    0.0181%  22.8087%
  [   467000,   467500)         5294    0.0176%  22.8264%
  [   467500,   468000)         5214    0.0174%  22.8437%
  [   468000,   468500)         5228    0.0174%  22.8612%
  [   468500,   469000)         5547    0.0185%  22.8797%
  [   469000,   469500)         5509    0.0184%  22.8980%
  [   469500,   470000)         5380    0.0179%  22.9159%
  [   470000,   470500)         5355    0.0179%  22.9338%
  [   470500,   471000)         5499    0.0183%  22.9521%
  [   471000,   471500)         5505    0.0184%  22.9705%
  [   471500,   472000)         5438    0.0181%  22.9886%
  [   472000,   472500)         5396    0.0180%  23.0066%
  [   472500,   473000)         5645    0.0188%  23.0254%
  [   473000,   473500)         5591    0.0186%  23.0440%
  [   473500,   474000)         5512    0.0184%  23.0624%
  [   474000,   474500)         5555    0.0185%  23.0809%
  [   474500,   475000)         5615    0.0187%  23.0997%
  [   475000,   475500)         5463    0.0182%  23.1179%
  [   475500,   476000)         5652    0.0188%  23.1367%
  [   476000,   476500)         5645    0.0188%  23.1555%
  [   476500,   477000)         5513    0.0184%  23.1739%
  [   477000,   477500)         5558    0.0185%  23.1924%
  [   477500,   478000)         5421    0.0181%  23.2105%
  [   478000,   478500)         5665    0.0189%  23.2294%
  [   478500,   479000)         5686    0.0190%  23.2483%
  [   479000,   479500)         5667    0.0189%  23.2672%
  [   479500,   480000)         5737    0.0191%  23.2863%
  [   480000,   480500)         5637    0.0188%  23.3051%
  [   480500,   481000)         5718    0.0191%  23.3242%
  [   481000,   481500)         5640    0.0188%  23.3430%
  [   481500,   482000)         5809    0.0194%  23.3624%
  [   482000,   482500)         5791    0.0193%  23.3817%
  [   482500,   483000)         5783    0.0193%  23.4009%
  [   483000,   483500)         5879    0.0196%  23.4205%
  [   483500,   484000)         5843    0.0195%  23.4400%
  [   484000,   484500)         5795    0.0193%  23.4593%
  [   484500,   485000)         5944    0.0198%  23.4791%
  [   485000,   485500)         5806    0.0194%  23.4985%
  [   485500,   486000)         5778    0.0193%  23.5178%
  [   486000,   486500)         5855    0.0195%  23.5373%
  [   486500,   487000)         5870    0.0196%  23.5568%
  [   487000,   487500)         5949    0.0198%  23.5767%
  [   487500,   488000)         5989    0.0200%  23.5966%
  [   488000,   488500)         5860    0.0195%  23.6162%
  [   488500,   489000)         5910    0.0197%  23.6359%
  [   489000,   489500)         5897    0.0197%  23.6555%
  [   489500,   490000)         5891    0.0196%  23.6752%
  [   490000,   490500)         6032    0.0201%  23.6953%
  [   490500,   491000)         6073    0.0202%  23.7155%
  [   491000,   491500)         6117    0.0204%  23.7359%
  [   491500,   492000)         6187    0.0206%  23.7565%
  [   492000,   492500)         6027    0.0201%  23.7766%
  [   492500,   493000)         6180    0.0206%  23.7972%
  [   493000,   493500)         6150    0.0205%  23.8177%
  [   493500,   494000)         6175    0.0206%  23.8383%
  [   494000,   494500)         6009    0.0200%  23.8583%
  [   494500,   495000)         6236    0.0208%  23.8791%
  [   495000,   495500)         6250    0.0208%  23.8999%
  [   495500,   496000)         6156    0.0205%  23.9205%
  [   496000,   496500)         6256    0.0209%  23.9413%
  [   496500,   497000)         6245    0.0208%  23.9621%
  [   497000,   497500)         6100    0.0203%  23.9825%
  [   497500,   498000)         6227    0.0208%  24.0032%
  [   498000,   498500)         6410    0.0214%  24.0246%
  [   498500,   499000)         6344    0.0211%  24.0457%
  [   499000,   499500)         6302    0.0210%  24.0667%
  [   499500,   500000)         6235    0.0208%  24.0875%
  [   500000,   500500)         6435    0.0215%  24.1090%
  [   500500,   501000)         6464    0.0215%  24.1305%
  [   501000,   501500)         6389    0.0213%  24.1518%
  [   501500,   502000)         6427    0.0214%  24.1732%
  [   502000,   502500)         6429    0.0214%  24.1947%
  [   502500,   503000)         6427    0.0214%  24.2161%
  [   503000,   503500)         6484    0.0216%  24.2377%
  [   503500,   504000)         6547    0.0218%  24.2595%
  [   504000,   504500)         6592    0.0220%  24.2815%
  [   504500,   505000)         6629    0.0221%  24.3036%
  [   505000,   505500)         6493    0.0216%  24.3252%
  [   505500,   506000)         6523    0.0217%  24.3470%
  [   506000,   506500)         6698    0.0223%  24.3693%
  [   506500,   507000)         6721    0.0224%  24.3917%
  [   507000,   507500)         6641    0.0221%  24.4139%
  [   507500,   508000)         6579    0.0219%  24.4358%
  [   508000,   508500)         6713    0.0224%  24.4582%
  [   508500,   509000)         6711    0.0224%  24.4805%
  [   509000,   509500)         6813    0.0227%  24.5032%
  [   509500,   510000)         6820    0.0227%  24.5260%
  [   510000,   510500)         6886    0.0230%  24.5489%
  [   510500,   511000)         6889    0.0230%  24.5719%
  [   511000,   511500)         6949    0.0232%  24.5951%
  [   511500,   512000)         6930    0.0231%  24.6182%
  [   512000,   512500)         6899    0.0230%  24.6412%
  [   512500,   513000)         6930    0.0231%  24.6643%
  [   513000,   513500)         7049    0.0235%  24.6877%
  [   513500,   514000)         7099    0.0237%  24.7114%
  [   514000,   514500)         7146    0.0238%  24.7352%
  [   514500,   515000)         7155    0.0239%  24.7591%
  [   515000,   515500)         7059    0.0235%  24.7826%
  [   515500,   516000)         7179    0.0239%  24.8065%
  [   516000,   516500)         7154    0.0238%  24.8304%
  [   516500,   517000)         7121    0.0237%  24.8541%
  [   517000,   517500)         7202    0.0240%  24.8781%
  [   517500,   518000)         7328    0.0244%  24.9026%
  [   518000,   518500)         7201    0.0240%  24.9266%
  [   518500,   519000)         7400    0.0247%  24.9512%
  [   519000,   519500)         7473    0.0249%  24.9761%
  [   519500,   520000)         7240    0.0241%  25.0003%
  [   520000,   520500)         7355    0.0245%  25.0248%
  [   520500,   521000)         7291    0.0243%  25.0491%
  [   521000,   521500)         7403    0.0247%  25.0738%
  [   521500,   522000)         7500    0.0250%  25.0988%
  [   522000,   522500)         7383    0.0246%  25.1234%
  [   522500,   523000)         7425    0.0248%  25.1481%
  [   523000,   523500)         7520    0.0251%  25.1732%
  [   523500,   524000)         7645    0.0255%  25.1987%
  [   524000,   524500)         7623    0.0254%  25.2241%
  [   524500,   525000)         7853    0.0262%  25.2503%
  [   525000,   525500)         7760    0.0259%  25.2761%
  [   525500,   526000)         7539    0.0251%  25.3013%
  [   526000,   526500)         7907    0.0264%  25.3276%
  [   526500,   527000)         7742    0.0258%  25.3534%
  [   527000,   527500)         7714    0.0257%  25.3791%
  [   527500,   528000)         7856    0.0262%  25.4053%
  [   528000,   528500)         7976    0.0266%  25.4319%
  [   528500,   529000)         7789    0.0260%  25.4579%
  [   529000,   529500)         7869    0.0262%  25.4841%
  [   529500,   530000)         7840    0.0261%  25.5102%
  [   530000,   530500)         7991    0.0266%  25.5369%
  [   530500,   531000)         7988    0.0266%  25.5635%
  [   531000,   531500)         8119    0.0271%  25.5906%
  [   531500,   532000)         8007    0.0267%  25.6173%
  [   532000,   532500)         8105    0.0270%  25.6443%
  [   532500,   533000)         8192    0.0273%  25.6716%
  [   533000,   533500)         8155    0.0272%  25.6988%
  [   533500,   534000)         8181    0.0273%  25.7260%
  [   534000,   534500)         8476    0.0283%  25.7543%
  [   534500,   535000)         8356    0.0279%  25.7821%
  [   535000,   535500)         8215    0.0274%  25.8095%
  [   535500,   536000)         8234    0.0274%  25.8370%
  [   536000,   536500)         8311    0.0277%  25.8647%
  [   536500,   537000)         8404    0.0280%  25.8927%
  [   537000,   537500)         8617    0.0287%  25.9214%
  [   537500,   538000)         8688    0.0290%  25.9504%
  [   538000,   538500)         8689    0.0290%  25.9793%
  [   538500,   539000)         8700    0.0290%  26.0083%
  [   539000,   539500)         8637    0.0288%  26.0371%
  [   539500,   540000)         8780    0.0293%  26.0664%
  [   540000,   540500)         8809    0.0294%  26.0958%
  [   540500,   541000)         8655    0.0289%  26.1246%
  [   541000,   541500)         8706    0.0290%  26.1536%
  [   541500,   542000)         8845    0.0295%  26.1831%
  [   542000,   542500)         9003    0.0300%  26.2131%
  [   542500,   543000)         8875    0.0296%  26.2427%
  [   543000,   543500)         8903    0.0297%  26.2724%
  [   543500,   544000)         8810    0.0294%  26.3017%
  [   544000,   544500)         9079    0.0303%  26.3320%
  [   544500,   545000)         9182    0.0306%  26.3626%
  [   545000,   545500)         9146    0.0305%  26.3931%
  [   545500,   546000)         9176    0.0306%  26.4237%
  [   546000,   546500)         9322    0.0311%  26.4548%
  [   546500,   547000)         9246    0.0308%  26.4856%
  [   547000,   547500)         9174    0.0306%  26.5162%
  [   547500,   548000)         9350    0.0312%  26.5473%
  [   548000,   548500)         9315    0.0311%  26.5784%
  [   548500,   549000)         9394    0.0313%  26.6097%
  [   549000,   549500)         9350    0.0312%  26.6409%
  [   549500,   550000)         9409    0.0314%  26.6722%
  [   550000,   550500)         9634    0.0321%  26.7043%
  [   550500,   551000)         9537    0.0318%  26.7361%
  [   551000,   551500)         9540    0.0318%  26.7679%
  [   551500,   552000)         9695    0.0323%  26.8002%
  [   552000,   552500)         9733    0.0324%  26.8327%
  [   552500,   553000)         9762    0.0325%  26.8652%
  [   553000,   553500)         9712    0.0324%  26.8976%
  [   553500,   554000)         9900    0.0330%  26.9306%
  [   554000,   554500)        10003    0.0333%  26.9639%
  [   554500,   555000)         9898    0.0330%  26.9969%
  [   555000,   555500)        10154    0.0338%  27.0308%
  [   555500,   556000)        10118    0.0337%  27.0645%
  [   556000,   556500)        10122    0.0337%  27.0982%
  [   556500,   557000)        10043    0.0335%  27.1317%
  [   557000,   557500)        10166    0.0339%  27.1656%
  [   557500,   558000)        10312    0.0344%  27.2000%
  [   558000,   558500)        10215    0.0341%  27.2340%
  [   558500,   559000)        10285    0.0343%  27.2683%
  [   559000,   559500)        10537    0.0351%  27.3034%
  [   559500,   560000)        10271    0.0342%  27.3377%
  [   560000,   560500)        10357    0.0345%  27.3722%
  [   560500,   561000)        10582    0.0353%  27.4075%
  [   561000,   561500)        10466    0.0349%  27.4424%
  [   561500,   562000)        10643    0.0355%  27.4778%
  [   562000,   562500)        10847    0.0362%  27.5140%
  [   562500,   563000)        10773    0.0359%  27.5499%
  [   563000,   563500)        10951    0.0365%  27.5864%
  [   563500,   564000)        10769    0.0359%  27.6223%
  [   564000,   564500)        11015    0.0367%  27.6590%
  [   564500,   565000)        10961    0.0365%  27.6956%
  [   565000,   565500)        11021    0.0367%  27.7323%
  [   565500,   566000)        10984    0.0366%  27.7689%
  [   566000,   566500)        11125    0.0371%  27.8060%
  [   566500,   567000)        10971    0.0366%  27.8426%
  [   567000,   567500)        11205    0.0374%  27.8799%
  [   567500,   568000)        11127    0.0371%  27.9170%
  [   568000,   568500)        11349    0.0378%  27.9548%
  [   568500,   569000)        11385    0.0380%  27.9928%
  [   569000,   569500)        11586    0.0386%  28.0314%
  [   569500,   570000)        11598    0.0387%  28.0701%
  [   570000,   570500)        11462    0.0382%  28.1083%
  [   570500,   571000)        11717    0.0391%  28.1473%
  [   571000,   571500)        11792    0.0393%  28.1866%
  [   571500,   572000)        11781    0.0393%  28.2259%
  [   572000,   572500)        11802    0.0393%  28.2652%
  [   572500,   573000)        11685    0.0390%  28.3042%
  [   573000,   573500)        11855    0.0395%  28.3437%
  [   573500,   574000)        11990    0.0400%  28.3837%
  [   574000,   574500)        12085    0.0403%  28.4240%
  [   574500,   575000)        12144    0.0405%  28.4644%
  [   575000,   575500)        12080    0.0403%  28.5047%
  [   575500,   576000)        12302    0.0410%  28.5457%
  [   576000,   576500)        12295    0.0410%  28.5867%
  [   576500,   577000)        12251    0.0408%  28.6275%
  [   577000,   577500)        12670    0.0422%  28.6698%
  [   577500,   578000)        12432    0.0414%  28.7112%
  [   578000,   578500)        12796    0.0427%  28.7539%
  [   578500,   579000)        12734    0.0424%  28.7963%
  [   579000,   579500)        12577    0.0419%  28.8382%
  [   579500,   580000)        12626    0.0421%  28.8803%
  [   580000,   580500)        12674    0.0422%  28.9226%
  [   580500,   581000)        12897    0.0430%  28.9656%
  [   581000,   581500)        12824    0.0427%  29.0083%
  [   581500,   582000)        13044    0.0435%  29.0518%
  [   582000,   582500)        12698    0.0423%  29.0941%
  [   582500,   583000)        12998    0.0433%  29.1374%
  [   583000,   583500)        13248    0.0442%  29.1816%
  [   583500,   584000)        13196    0.0440%  29.2256%
  [   584000,   584500)        13371    0.0446%  29.2701%
  [   584500,   585000)        13376    0.0446%  29.3147%
  [   585000,   585500)        13524    0.0451%  29.3598%
  [   585500,   586000)        13379    0.0446%  29.4044%
  [   586000,   586500)        13697    0.0457%  29.4501%
  [   586500,   587000)        13289    0.0443%  29.4944%
  [   587000,   587500)        13695    0.0457%  29.5400%
  [   587500,   588000)        13719    0.0457%  29.5857%
  [   588000,   588500)        13895    0.0463%  29.6321%
  [   588500,   589000)        13986    0.0466%  29.6787%
  [   589000,   589500)        13855    0.0462%  29.7249%
  [   589500,   590000)        13910    0.0464%  29.7712%
  [   590000,   590500)        14214    0.0474%  29.8186%
  [   590500,   591000)        14233    0.0474%  29.8661%
  [   591000,   591500)        14282    0.0476%  29.9137%
  [   591500,   592000)        14198    0.0473%  29.9610%
  [   592000,   592500)        14517    0.0484%  30.0094%
  [   592500,   593000)        14696    0.0490%  30.0584%
  [   593000,   593500)        14473    0.0482%  30.1066%
  [   593500,   594000)        14530    0.0484%  30.1550%
  [   594000,   594500)        14847    0.0495%  30.2045%
  [   594500,   595000)        14682    0.0489%  30.2535%
  [   595000,   595500)        14500    0.0483%  30.3018%
  [   595500,   596000)        15129    0.0504%  30.3522%
  [   596000,   596500)        14992    0.0500%  30.4022%
  [   596500,   597000)        15131    0.0504%  30.4526%
  [   597000,   597500)        14968    0.0499%  30.5025%
  [   597500,   598000)        15126    0.0504%  30.5530%
  [   598000,   598500)        15333    0.0511%  30.6041%
  [   598500,   599000)        15256    0.0509%  30.6549%
  [   599000,   599500)        15456    0.0515%  30.7064%
  [   599500,   600000)        15455    0.0515%  30.7580%
  [   600000,   600500)        15856    0.0529%  30.8108%
  [   600500,   601000)        15533    0.0518%  30.8626%
  [   601000,   601500)        15778    0.0526%  30.9152%
  [   601500,   602000)        15814    0.0527%  30.9679%
  [   602000,   602500)        15773    0.0526%  31.0205%
  [   602500,   603000)        16029    0.0534%  31.0739%
  [   603000,   603500)        16069    0.0536%  31.1275%
  [   603500,   604000)        16155    0.0539%  31.1813%
  [   604000,   604500)        16107    0.0537%  31.2350%
  [   604500,   605000)        16311    0.0544%  31.2894%
  [   605000,   605500)        16509    0.0550%  31.3444%
  [   605500,   606000)        16329    0.0544%  31.3988%
  [   606000,   606500)        16542    0.0551%  31.4540%
  [   606500,   607000)        16390    0.0546%  31.5086%
  [   607000,   607500)        16519    0.0551%  31.5637%
  [   607500,   608000)        16757    0.0559%  31.6195%
  [   608000,   608500)        16938    0.0565%  31.6760%
  [   608500,   609000)        16684    0.0556%  31.7316%
  [   609000,   609500)        17010    0.0567%  31.7883%
  [   609500,   610000)        17156    0.0572%  31.8455%
  [   610000,   610500)        17269    0.0576%  31.9031%
  [   610500,   611000)        17053    0.0568%  31.9599%
  [   611000,   611500)        17416    0.0581%  32.0179%
  [   611500,   612000)        17607    0.0587%  32.0766%
  [   612000,   612500)        17526    0.0584%  32.1351%
  [   612500,   613000)        17476    0.0583%  32.1933%
  [   613000,   613500)        17615    0.0587%  32.2520%
  [   613500,   614000)        17569    0.0586%  32.3106%
  [   614000,   614500)        17660    0.0589%  32.3695%
  [   614500,   615000)        17978    0.0599%  32.4294%
  [   615000,   615500)        17993    0.0600%  32.4894%
  [   615500,   616000)        18030    0.0601%  32.5495%
  [   616000,   616500)        17989    0.0600%  32.6094%
  [   616500,   617000)        18108    0.0604%  32.6698%
  [   617000,   617500)        18344    0.0611%  32.7309%
  [   617500,   618000)        18332    0.0611%  32.7920%
  [   618000,   618500)        18256    0.0609%  32.8529%
  [   618500,   619000)        18563    0.0619%  32.9148%
  [   619000,   619500)        18516    0.0617%  32.9765%
  [   619500,   620000)        18646    0.0622%  33.0386%
  [   620000,   620500)        18824    0.0627%  33.1014%
  [   620500,   621000)        18646    0.0622%  33.1635%
  [   621000,   621500)        18901    0.0630%  33.2265%
  [   621500,   622000)        18998    0.0633%  33.2899%
  [   622000,   622500)        19539    0.0651%  33.3550%
  [   622500,   623000)        19458    0.0649%  33.4199%
  [   623000,   623500)        19152    0.0638%  33.4837%
  [   623500,   624000)        19259    0.0642%  33.5479%
  [   624000,   624500)        19606    0.0654%  33.6133%
  [   624500,   625000)        19444    0.0648%  33.6781%
  [   625000,   625500)        19423    0.0647%  33.7428%
  [   625500,   626000)        19842    0.0661%  33.8090%
  [   626000,   626500)        19645    0.0655%  33.8744%
  [   626500,   627000)        19796    0.0660%  33.9404%
  [   627000,   627500)        20051    0.0668%  34.0073%
  [   627500,   628000)        19984    0.0666%  34.0739%
  [   628000,   628500)        19955    0.0665%  34.1404%
  [   628500,   629000)        20236    0.0675%  34.2078%
  [   629000,   629500)        20305    0.0677%  34.2755%
  [   629500,   630000)        20350    0.0678%  34.3434%
  [   630000,   630500)        20477    0.0683%  34.4116%
  [   630500,   631000)        20480    0.0683%  34.4799%
  [   631000,   631500)        20642    0.0688%  34.5487%
  [   631500,   632000)        20755    0.0692%  34.6179%
  [   632000,   632500)        20805    0.0694%  34.6872%
  [   632500,   633000)        20846    0.0695%  34.7567%
  [   633000,   633500)        20913    0.0697%  34.8264%
  [   633500,   634000)        21128    0.0704%  34.8968%
  [   634000,   634500)        21174    0.0706%  34.9674%
  [   634500,   635000)        21251    0.0708%  35.0383%
  [   635000,   635500)        21043    0.0701%  35.1084%
  [   635500,   636000)        21286    0.0710%  35.1794%
  [   636000,   636500)        21502    0.0717%  35.2510%
  [   636500,   637000)        21712    0.0724%  35.3234%
  [   637000,   637500)        21665    0.0722%  35.3956%
  [   637500,   638000)        21906    0.0730%  35.4686%
  [   638000,   638500)        21498    0.0717%  35.5403%
  [   638500,   639000)        21923    0.0731%  35.6134%
  [   639000,   639500)        21826    0.0728%  35.6861%
  [   639500,   640000)        22083    0.0736%  35.7597%
  [   640000,   640500)        22359    0.0745%  35.8343%
  [   640500,   641000)        22153    0.0738%  35.9081%
  [   641000,   641500)        22618    0.0754%  35.9835%
  [   641500,   642000)        22468    0.0749%  36.0584%
  [   642000,   642500)        22432    0.0748%  36.1332%
  [   642500,   643000)        22550    0.0752%  36.2083%
  [   643000,   643500)        22474    0.0749%  36.2833%
  [   643500,   644000)        22705    0.0757%  36.3589%
  [   644000,   644500)        22992    0.0766%  36.4356%
  [   644500,   645000)        23083    0.0769%  36.5125%
  [   645000,   645500)        22942    0.0765%  36.5890%
  [   645500,   646000)        23386    0.0780%  36.6669%
  [   646000,   646500)        23143    0.0771%  36.7441%
  [   646500,   647000)        23442    0.0781%  36.8222%
  [   647000,   647500)        23550    0.0785%  36.9007%
  [   647500,   648000)        23488    0.0783%  36.9790%
  [   648000,   648500)        23484    0.0783%  37.0573%
  [   648500,   649000)        23401    0.0780%  37.1353%
  [   649000,   649500)        23953    0.0798%  37.2152%
  [   649500,   650000)        23817    0.0794%  37.2945%
  [   650000,   650500)        24060    0.0802%  37.3747%
  [   650500,   651000)        24019    0.0801%  37.4548%
  [   651000,   651500)        24200    0.0807%  37.5355%
  [   651500,   652000)        24541    0.0818%  37.6173%
  [   652000,   652500)        24309    0.0810%  37.6983%
  [   652500,   653000)        24534    0.0818%  37.7801%
  [   653000,   653500)        24340    0.0811%  37.8612%
  [   653500,   654000)        24520    0.0817%  37.9430%
  [   654000,   654500)        24491    0.0816%  38.0246%
  [   654500,   655000)        24673    0.0822%  38.1068%
  [   655000,   655500)        24865    0.0829%  38.1897%
  [   655500,   656000)        25021    0.0834%  38.2731%
  [   656000,   656500)        25106    0.0837%  38.3568%
  [   656500,   657000)        25255    0.0842%  38.4410%
  [   657000,   657500)        25505    0.0850%  38.5260%
  [   657500,   658000)        25079    0.0836%  38.6096%
  [   658000,   658500)        25207    0.0840%  38.6936%
  [   658500,   659000)        25199    0.0840%  38.7776%
  [   659000,   659500)        25256    0.0842%  38.8618%
  [   659500,   660000)        25725    0.0858%  38.9476%
  [   660000,   660500)        25470    0.0849%  39.0325%
  [   660500,   661000)        25750    0.0858%  39.1183%
  [   661000,   661500)        25815    0.0861%  39.2043%
  [   661500,   662000)        25966    0.0866%  39.2909%
  [   662000,   662500)        26061    0.0869%  39.3778%
  [   662500,   663000)        26122    0.0871%  39.4648%
  [   663000,   663500)        25898    0.0863%  39.5512%
  [   663500,   664000)        26284    0.0876%  39.6388%
  [   664000,   664500)        26189    0.0873%  39.7261%
  [   664500,   665000)        26413    0.0880%  39.8141%
  [   665000,   665500)        26469    0.0882%  39.9023%
  [   665500,   666000)        26608    0.0887%  39.9910%
  [   666000,   666500)        26569    0.0886%  40.0796%
  [   666500,   667000)        26758    0.0892%  40.1688%
  [   667000,   667500)        26793    0.0893%  40.2581%
  [   667500,   668000)        26745    0.0892%  40.3473%
  [   668000,   668500)        27105    0.0904%  40.4376%
  [   668500,   669000)        27206    0.0907%  40.5283%
  [   669000,   669500)        27178    0.0906%  40.6189%
  [   669500,   670000)        27042    0.0901%  40.7090%
  [   670000,   670500)        27400    0.0913%  40.8004%
  [   670500,   671000)        27601    0.0920%  40.8924%
  [   671000,   671500)        27346    0.0912%  40.9835%
  [   671500,   672000)        27426    0.0914%  41.0749%
  [   672000,   672500)        27641    0.0921%  41.1671%
  [   672500,   673000)        27820    0.0927%  41.2598%
  [   673000,   673500)        27878    0.0929%  41.3527%
  [   673500,   674000)        27832    0.0928%  41.4455%
  [   674000,   674500)        27757    0.0925%  41.5380%
  [   674500,   675000)        28200    0.0940%  41.6320%
  [   675000,   675500)        27793    0.0926%  41.7247%
  [   675500,   676000)        28351    0.0945%  41.8192%
  [   676000,   676500)        28583    0.0953%  41.9145%
  [   676500,   677000)        28096    0.0937%  42.0081%
  [   677000,   677500)        28752    0.0958%  42.1040%
  [   677500,   678000)        28575    0.0953%  42.1992%
  [   678000,   678500)        28413    0.0947%  42.2939%
  [   678500,   679000)        28620    0.0954%  42.3893%
  [   679000,   679500)        28866    0.0962%  42.4855%
  [   679500,   680000)        28684    0.0956%  42.5811%
  [   680000,   680500)        28897    0.0963%  42.6775%
  [   680500,   681000)        29155    0.0972%  42.7747%
  [   681000,   681500)        28801    0.0960%  42.8707%
  [   681500,   682000)        28816    0.0961%  42.9667%
  [   682000,   682500)        29039    0.0968%  43.0635%
  [   682500,   683000)        29344    0.0978%  43.1613%
  [   683000,   683500)        29425    0.0981%  43.2594%
  [   683500,   684000)        29259    0.0975%  43.3569%
  [   684000,   684500)        29381    0.0979%  43.4549%
  [   684500,   685000)        29378    0.0979%  43.5528%
  [   685000,   685500)        29623    0.0987%  43.6515%
  [   685500,   686000)        29365    0.0979%  43.7494%
  [   686000,   686500)        29736    0.0991%  43.8485%
  [   686500,   687000)        29652    0.0988%  43.9474%
  [   687000,   687500)        29650    0.0988%  44.0462%
  [   687500,   688000)        30093    0.1003%  44.1465%
  [   688000,   688500)        29940    0.0998%  44.2463%
  [   688500,   689000)        30120    0.1004%  44.3467%
  [   689000,   689500)        30017    0.1001%  44.4468%
  [   689500,   690000)        29953    0.0998%  44.5466%
  [   690000,   690500)        30127    0.1004%  44.6470%
  [   690500,   691000)        30165    0.1006%  44.7476%
  [   691000,   691500)        30499    0.1017%  44.8493%
  [   691500,   692000)        30429    0.1014%  44.9507%
  [   692000,   692500)        30402    0.1013%  45.0520%
  [   692500,   693000)        30621    0.1021%  45.1541%
  [   693000,   693500)        30851    0.1028%  45.2569%
  [   693500,   694000)        30915    0.1031%  45.3600%
  [   694000,   694500)        30730    0.1024%  45.4624%
  [   694500,   695000)        31098    0.1037%  45.5661%
  [   695000,   695500)        31024    0.1034%  45.6695%
  [   695500,   696000)        31120    0.1037%  45.7732%
  [   696000,   696500)        30973    0.1032%  45.8765%
  [   696500,   697000)        30933    0.1031%  45.9796%
  [   697000,   697500)        31394    0.1046%  46.0842%
  [   697500,   698000)        31389    0.1046%  46.1889%
  [   698000,   698500)        31086    0.1036%  46.2925%
  [   698500,   699000)        30990    0.1033%  46.3958%
  [   699000,   699500)        30980    0.1033%  46.4990%
  [   699500,   700000)        31199    0.1040%  46.6030%
  [   700000,   700500)        31896    0.1063%  46.7094%
  [   700500,   701000)        31666    0.1056%  46.8149%
  [   701000,   701500)        31655    0.1055%  46.9204%
  [   701500,   702000)        31708    0.1057%  47.0261%
  [   702000,   702500)        31841    0.1061%  47.1323%
  [   702500,   703000)        31735    0.1058%  47.2380%
  [   703000,   703500)        31580    0.1053%  47.3433%
  [   703500,   704000)        31943    0.1065%  47.4498%
  [   704000,   704500)        31730    0.1058%  47.5556%
  [   704500,   705000)        31873    0.1062%  47.6618%
  [   705000,   705500)        31869    0.1062%  47.7680%
  [   705500,   706000)        32185    0.1073%  47.8753%
  [   706000,   706500)        32132    0.1071%  47.9824%
  [   706500,   707000)        31996    0.1067%  48.0891%
  [   707000,   707500)        32184    0.1073%  48.1964%
  [   707500,   708000)        32221    0.1074%  48.3038%
  [   708000,   708500)        32323    0.1077%  48.4115%
  [   708500,   709000)        32126    0.1071%  48.5186%
  [   709000,   709500)        32556    0.1085%  48.6271%
  [   709500,   710000)        32308    0.1077%  48.7348%
  [   710000,   710500)        32608    0.1087%  48.8435%
  [   710500,   711000)        32551    0.1085%  48.9520%
  [   711000,   711500)        32032    0.1068%  49.0588%
  [   711500,   712000)        32795    0.1093%  49.1681%
  [   712000,   712500)        32724    0.1091%  49.2772%
  [   712500,   713000)        32467    0.1082%  49.3854%
  [   713000,   713500)        32617    0.1087%  49.4941%
  [   713500,   714000)        32883    0.1096%  49.6037%
  [   714000,   714500)        32839    0.1095%  49.7132%
  [   714500,   715000)        32678    0.1089%  49.8221%
  [   715000,   715500)        33029    0.1101%  49.9322%
  [   715500,   716000)        33106    0.1104%  50.0426%
  [   716000,   716500)        33165    0.1106%  50.1531%
  [   716500,   717000)        32971    0.1099%  50.2630%
  [   717000,   717500)        33261    0.1109%  50.3739%
  [   717500,   718000)        33208    0.1107%  50.4846%
  [   718000,   718500)        33163    0.1105%  50.5951%
  [   718500,   719000)        33054    0.1102%  50.7053%
  [   719000,   719500)        33387    0.1113%  50.8166%
  [   719500,   720000)        33466    0.1116%  50.9281%
  [   720000,   720500)        33280    0.1109%  51.0391%
  [   720500,   721000)        33260    0.1109%  51.1499%
  [   721000,   721500)        33682    0.1123%  51.2622%
  [   721500,   722000)        33556    0.1119%  51.3741%
  [   722000,   722500)        33574    0.1119%  51.4860%
  [   722500,   723000)        33599    0.1120%  51.5980%
  [   723000,   723500)        33555    0.1119%  51.7098%
  [   723500,   724000)        33490    0.1116%  51.8215%
  [   724000,   724500)        33778    0.1126%  51.9341%
  [   724500,   725000)        33908    0.1130%  52.0471%
  [   725000,   725500)        33613    0.1120%  52.1591%
  [   725500,   726000)        33768    0.1126%  52.2717%
  [   726000,   726500)        33560    0.1119%  52.3836%
  [   726500,   727000)        33971    0.1132%  52.4968%
  [   727000,   727500)        33773    0.1126%  52.6094%
  [   727500,   728000)        34080    0.1136%  52.7230%
  [   728000,   728500)        33754    0.1125%  52.8355%
  [   728500,   729000)        33646    0.1122%  52.9476%
  [   729000,   729500)        33987    0.1133%  53.0609%
  [   729500,   730000)        33725    0.1124%  53.1733%
  [   730000,   730500)        33825    0.1128%  53.2861%
  [   730500,   731000)        33762    0.1125%  53.3986%
  [   731000,   731500)        33948    0.1132%  53.5118%
  [   731500,   732000)        34163    0.1139%  53.6257%
  [   732000,   732500)        33764    0.1125%  53.7382%
  [   732500,   733000)        34212    0.1140%  53.8523%
  [   733000,   733500)        34034    0.1134%  53.9657%
  [   733500,   734000)        33925    0.1131%  54.0788%
  [   734000,   734500)        34195    0.1140%  54.1928%
  [   734500,   735000)        34115    0.1137%  54.3065%
  [   735000,   735500)        34110    0.1137%  54.4202%
  [   735500,   736000)        34223    0.1141%  54.5343%
  [   736000,   736500)        34041    0.1135%  54.6477%
  [   736500,   737000)        34333    0.1144%  54.7622%
  [   737000,   737500)        34208    0.1140%  54.8762%
  [   737500,   738000)        34404    0.1147%  54.9909%
  [   738000,   738500)        34207    0.1140%  55.1049%
  [   738500,   739000)        34171    0.1139%  55.2188%
  [   739000,   739500)        33753    0.1125%  55.3313%
  [   739500,   740000)        34061    0.1135%  55.4449%
  [   740000,   740500)        34283    0.1143%  55.5591%
  [   740500,   741000)        34740    0.1158%  55.6749%
  [   741000,   741500)        34116    0.1137%  55.7887%
  [   741500,   742000)        34321    0.1144%  55.9031%
  [   742000,   742500)        34456    0.1149%  56.0179%
  [   742500,   743000)        34676    0.1156%  56.1335%
  [   743000,   743500)        34399    0.1147%  56.2482%
  [   743500,   744000)        34287    0.1143%  56.3625%
  [   744000,   744500)        34722    0.1157%  56.4782%
  [   744500,   745000)        34389    0.1146%  56.5928%
  [   745000,   745500)        34617    0.1154%  56.7082%
  [   745500,   746000)        34645    0.1155%  56.8237%
  [   746000,   746500)        34375    0.1146%  56.9383%
  [   746500,   747000)        34477    0.1149%  57.0532%
  [   747000,   747500)        34029    0.1134%  57.1666%
  [   747500,   748000)        34542    0.1151%  57.2818%
  [   748000,   748500)        34517    0.1151%  57.3968%
  [   748500,   749000)        34324    0.1144%  57.5112%
  [   749000,   749500)        34284    0.1143%  57.6255%
  [   749500,   750000)        34358    0.1145%  57.7400%
  [   750000,   750500)        34147    0.1138%  57.8539%
  [   750500,   751000)        34276    0.1143%  57.9681%
  [   751000,   751500)        34273    0.1142%  58.0824%
  [   751500,   752000)        34403    0.1147%  58.1970%
  [   752000,   752500)        34083    0.1136%  58.3107%
  [   752500,   753000)        34681    0.1156%  58.4263%
  [   753000,   753500)        34229    0.1141%  58.5404%
  [   753500,   754000)        34206    0.1140%  58.6544%
  [   754000,   754500)        34368    0.1146%  58.7689%
  [   754500,   755000)        34530    0.1151%  58.8840%
  [   755000,   755500)        34340    0.1145%  58.9985%
  [   755500,   756000)        34197    0.1140%  59.1125%
  [   756000,   756500)        34385    0.1146%  59.2271%
  [   756500,   757000)        34492    0.1150%  59.3421%
  [   757000,   757500)        34486    0.1150%  59.4570%
  [   757500,   758000)        34390    0.1146%  59.5717%
  [   758000,   758500)        34463    0.1149%  59.6865%
  [   758500,   759000)        34268    0.1142%  59.8008%
  [   759000,   759500)        34526    0.1151%  59.9159%
  [   759500,   760000)        34388    0.1146%  60.0305%
  [   760000,   760500)        34248    0.1142%  60.1446%
  [   760500,   761000)        34204    0.1140%  60.2587%
  [   761000,   761500)        34526    0.1151%  60.3737%
  [   761500,   762000)        34114    0.1137%  60.4875%
  [   762000,   762500)        34153    0.1138%  60.6013%
  [   762500,   763000)        34189    0.1140%  60.7153%
  [   763000,   763500)        34175    0.1139%  60.8292%
  [   763500,   764000)        33844    0.1128%  60.9420%
  [   764000,   764500)        33959    0.1132%  61.0552%
  [   764500,   765000)        34498    0.1150%  61.1702%
  [   765000,   765500)        33957    0.1132%  61.2834%
  [   765500,   766000)        34174    0.1139%  61.3973%
  [   766000,   766500)        34695    0.1157%  61.5129%
  [   766500,   767000)        34026    0.1134%  61.6264%
  [   767000,   767500)        33982    0.1133%  61.7396%
  [   767500,   768000)        34039    0.1135%  61.8531%
  [   768000,   768500)        34126    0.1138%  61.9669%
  [   768500,   769000)        34229    0.1141%  62.0809%
  [   769000,   769500)        34194    0.1140%  62.1949%
  [   769500,   770000)        33925    0.1131%  62.3080%
  [   770000,   770500)        34254    0.1142%  62.4222%
  [   770500,   771000)        33876    0.1129%  62.5351%
  [   771000,   771500)        33718    0.1124%  62.6475%
  [   771500,   772000)        33828    0.1128%  62.7603%
  [   772000,   772500)        33859    0.1129%  62.8731%
  [   772500,   773000)        34016    0.1134%  62.9865%
  [   773000,   773500)        33818    0.1127%  63.0992%
  [   773500,   774000)        34003    0.1133%  63.2126%
  [   774000,   774500)        34191    0.1140%  63.3266%
  [   774500,   775000)        33419    0.1114%  63.4380%
  [   775000,   775500)        33609    0.1120%  63.5500%
  [   775500,   776000)        33868    0.1129%  63.6629%
  [   776000,   776500)        33952    0.1132%  63.7760%
  [   776500,   777000)        33865    0.1129%  63.8889%
  [   777000,   777500)        33947    0.1132%  64.0021%
  [   777500,   778000)        33804    0.1127%  64.1148%
  [   778000,   778500)        33656    0.1122%  64.2270%
  [   778500,   779000)        33964    0.1132%  64.3402%
  [   779000,   779500)        33483    0.1116%  64.4518%
  [   779500,   780000)        33162    0.1105%  64.5623%
  [   780000,   780500)        33441    0.1115%  64.6738%
  [   780500,   781000)        33833    0.1128%  64.7866%
  [   781000,   781500)        33574    0.1119%  64.8985%
  [   781500,   782000)        33423    0.1114%  65.0099%
  [   782000,   782500)        33338    0.1111%  65.1210%
  [   782500,   783000)        33470    0.1116%  65.2326%
  [   783000,   783500)        33142    0.1105%  65.3431%
  [   783500,   784000)        33326    0.1111%  65.4541%
  [   784000,   784500)        33753    0.1125%  65.5667%
  [   784500,   785000)        33280    0.1109%  65.6776%
  [   785000,   785500)        33426    0.1114%  65.7890%
  [   785500,   786000)        33360    0.1112%  65.9002%
  [   786000,   786500)        33062    0.1102%  66.0104%
  [   786500,   787000)        33319    0.1111%  66.1215%
  [   787000,   787500)        33270    0.1109%  66.2324%
  [   787500,   788000)        33530    0.1118%  66.3441%
  [   788000,   788500)        33056    0.1102%  66.4543%
  [   788500,   789000)        33170    0.1106%  66.5649%
  [   789000,   789500)        33005    0.1100%  66.6749%
  [   789500,   790000)        32955    0.1099%  66.7848%
  [   790000,   790500)        32988    0.1100%  66.8947%
  [   790500,   791000)        32659    0.1089%  67.0036%
  [   791000,   791500)        32725    0.1091%  67.1127%
  [   791500,   792000)        32951    0.1098%  67.2225%
  [   792000,   792500)        32895    0.1097%  67.3322%
  [   792500,   793000)        32828    0.1094%  67.4416%
  [   793000,   793500)        32749    0.1092%  67.5507%
  [   793500,   794000)        32913    0.1097%  67.6605%
  [   794000,   794500)        32734    0.1091%  67.7696%
  [   794500,   795000)        32750    0.1092%  67.8787%
  [   795000,   795500)        32413    0.1080%  67.9868%
  [   795500,   796000)        32552    0.1085%  68.0953%
  [   796000,   796500)        32436    0.1081%  68.2034%
  [   796500,   797000)        32396    0.1080%  68.3114%
  [   797000,   797500)        32387    0.1080%  68.4194%
  [   797500,   798000)        32347    0.1078%  68.5272%
  [   798000,   798500)        32214    0.1074%  68.6346%
  [   798500,   799000)        32364    0.1079%  68.7424%
  [   799000,   799500)        32456    0.1082%  68.8506%
  [   799500,   800000)        32101    0.1070%  68.9576%
  [   800000,   800500)        32151    0.1072%  69.0648%
  [   800500,   801000)        32394    0.1080%  69.1728%
  [   801000,   801500)        31889    0.1063%  69.2791%
  [   801500,   802000)        32087    0.1070%  69.3860%
  [   802000,   802500)        32212    0.1074%  69.4934%
  [   802500,   803000)        31919    0.1064%  69.5998%
  [   803000,   803500)        31695    0.1057%  69.7054%
  [   803500,   804000)        31859    0.1062%  69.8116%
  [   804000,   804500)        31896    0.1063%  69.9180%
  [   804500,   805000)        31996    0.1067%  70.0246%
  [   805000,   805500)        31990    0.1066%  70.1313%
  [   805500,   806000)        31526    0.1051%  70.2363%
  [   806000,   806500)        31679    0.1056%  70.3419%
  [   806500,   807000)        31548    0.1052%  70.4471%
  [   807000,   807500)        31629    0.1054%  70.5525%
  [   807500,   808000)        31458    0.1049%  70.6574%
  [   808000,   808500)        31628    0.1054%  70.7628%
  [   808500,   809000)        31410    0.1047%  70.8675%
  [   809000,   809500)        31234    0.1041%  70.9716%
  [   809500,   810000)        31143    0.1038%  71.0754%
  [   810000,   810500)        31277    0.1043%  71.1797%
  [   810500,   811000)        31298    0.1043%  71.2840%
  [   811000,   811500)        30840    0.1028%  71.3868%
  [   811500,   812000)        31082    0.1036%  71.4904%
  [   812000,   812500)        31257    0.1042%  71.5946%
  [   812500,   813000)        30990    0.1033%  71.6979%
  [   813000,   813500)        30974    0.1032%  71.8012%
  [   813500,   814000)        31029    0.1034%  71.9046%
  [   814000,   814500)        30878    0.1029%  72.0075%
  [   814500,   815000)        30855    0.1029%  72.1104%
  [   815000,   815500)        31089    0.1036%  72.2140%
  [   815500,   816000)        30970    0.1032%  72.3172%
  [   816000,   816500)        30668    0.1022%  72.4195%
  [   816500,   817000)        30835    0.1028%  72.5222%
  [   817000,   817500)        30749    0.1025%  72.6247%
  [   817500,   818000)        30844    0.1028%  72.7276%
  [   818000,   818500)        30620    0.1021%  72.8296%
  [   818500,   819000)        30516    0.1017%  72.9313%
  [   819000,   819500)        30350    0.1012%  73.0325%
  [   819500,   820000)        30910    0.1030%  73.1355%
  [   820000,   820500)        30171    0.1006%  73.2361%
  [   820500,   821000)        30203    0.1007%  73.3368%
  [   821000,   821500)        30297    0.1010%  73.4378%
  [   821500,   822000)        30262    0.1009%  73.5386%
  [   822000,   822500)        30003    0.1000%  73.6387%
  [   822500,   823000)        29851    0.0995%  73.7382%
  [   823000,   823500)        29923    0.0997%  73.8379%
  [   823500,   824000)        29887    0.0996%  73.9375%
  [   824000,   824500)        30188    0.1006%  74.0382%
  [   824500,   825000)        29492    0.0983%  74.1365%
  [   825000,   825500)        29816    0.0994%  74.2358%
  [   825500,   826000)        29614    0.0987%  74.3346%
  [   826000,   826500)        29629    0.0988%  74.4333%
  [   826500,   827000)        29794    0.0993%  74.5326%
  [   827000,   827500)        29507    0.0984%  74.6310%
  [   827500,   828000)        29408    0.0980%  74.7290%
  [   828000,   828500)        29884    0.0996%  74.8286%
  [   828500,   829000)        29419    0.0981%  74.9267%
  [   829000,   829500)        29215    0.0974%  75.0241%
  [   829500,   830000)        29462    0.0982%  75.1223%
  [   830000,   830500)        29141    0.0971%  75.2194%
  [   830500,   831000)        29343    0.0978%  75.3172%
  [   831000,   831500)        28842    0.0961%  75.4134%
  [   831500,   832000)        28864    0.0962%  75.5096%
  [   832000,   832500)        28975    0.0966%  75.6062%
  [   832500,   833000)        28847    0.0962%  75.7023%
  [   833000,   833500)        28607    0.0954%  75.7977%
  [   833500,   834000)        28802    0.0960%  75.8937%
  [   834000,   834500)        28734    0.0958%  75.9895%
  [   834500,   835000)        28885    0.0963%  76.0858%
  [   835000,   835500)        28609    0.0954%  76.1811%
  [   835500,   836000)        28534    0.0951%  76.2762%
  [   836000,   836500)        28567    0.0952%  76.3715%
  [   836500,   837000)        28539    0.0951%  76.4666%
  [   837000,   837500)        28363    0.0945%  76.5611%
  [   837500,   838000)        28162    0.0939%  76.6550%
  [   838000,   838500)        28094    0.0936%  76.7487%
  [   838500,   839000)        27976    0.0933%  76.8419%
  [   839000,   839500)        28301    0.0943%  76.9362%
  [   839500,   840000)        28416    0.0947%  77.0310%
  [   840000,   840500)        27968    0.0932%  77.1242%
  [   840500,   841000)        27925    0.0931%  77.2173%
  [   841000,   841500)        27949    0.0932%  77.3104%
  [   841500,   842000)        28227    0.0941%  77.4045%
  [   842000,   842500)        27928    0.0931%  77.4976%
  [   842500,   843000)        27708    0.0924%  77.5900%
  [   843000,   843500)        27563    0.0919%  77.6819%
  [   843500,   844000)        27772    0.0926%  77.7744%
  [   844000,   844500)        27667    0.0922%  77.8667%
  [   844500,   845000)        27678    0.0923%  77.9589%
  [   845000,   845500)        27544    0.0918%  78.0507%
  [   845500,   846000)        27385    0.0913%  78.1420%
  [   846000,   846500)        27362    0.0912%  78.2332%
  [   846500,   847000)        27031    0.0901%  78.3233%
  [   847000,   847500)        26929    0.0898%  78.4131%
  [   847500,   848000)        27176    0.0906%  78.5037%
  [   848000,   848500)        27127    0.0904%  78.5941%
  [   848500,   849000)        27080    0.0903%  78.6844%
  [   849000,   849500)        26916    0.0897%  78.7741%
  [   849500,   850000)        26525    0.0884%  78.8625%
  [   850000,   850500)        27098    0.0903%  78.9528%
  [   850500,   851000)        26721    0.0891%  79.0419%
  [   851000,   851500)        26651    0.0888%  79.1307%
  [   851500,   852000)        26934    0.0898%  79.2205%
  [   852000,   852500)        26547    0.0885%  79.3090%
  [   852500,   853000)        26633    0.0888%  79.3978%
  [   853000,   853500)        26620    0.0887%  79.4865%
  [   853500,   854000)        26437    0.0881%  79.5746%
  [   854000,   854500)        26436    0.0881%  79.6628%
  [   854500,   855000)        26457    0.0882%  79.7509%
  [   855000,   855500)        26107    0.0870%  79.8380%
  [   855500,   856000)        25829    0.0861%  79.9241%
  [   856000,   856500)        26176    0.0873%  80.0113%
  [   856500,   857000)        26219    0.0874%  80.0987%
  [   857000,   857500)        25977    0.0866%  80.1853%
  [   857500,   858000)        26105    0.0870%  80.2723%
  [   858000,   858500)        25655    0.0855%  80.3578%
  [   858500,   859000)        25936    0.0865%  80.4443%
  [   859000,   859500)        25565    0.0852%  80.5295%
  [   859500,   860000)        25510    0.0850%  80.6145%
  [   860000,   860500)        25420    0.0847%  80.6993%
  [   860500,   861000)        25708    0.0857%  80.7850%
  [   861000,   861500)        25192    0.0840%  80.8689%
  [   861500,   862000)        25261    0.0842%  80.9531%
  [   862000,   862500)        25296    0.0843%  81.0375%
  [   862500,   863000)        24763    0.0825%  81.1200%
  [   863000,   863500)        24908    0.0830%  81.2030%
  [   863500,   864000)        24865    0.0829%  81.2859%
  [   864000,   864500)        24941    0.0831%  81.3691%
  [   864500,   865000)        25128    0.0838%  81.4528%
  [   865000,   865500)        24980    0.0833%  81.5361%
  [   865500,   866000)        24762    0.0825%  81.6186%
  [   866000,   866500)        24725    0.0824%  81.7010%
  [   866500,   867000)        24769    0.0826%  81.7836%
  [   867000,   867500)        24476    0.0816%  81.8652%
  [   867500,   868000)        24612    0.0820%  81.9472%
  [   868000,   868500)        24610    0.0820%  82.0293%
  [   868500,   869000)        24466    0.0816%  82.1108%
  [   869000,   869500)        24570    0.0819%  82.1927%
  [   869500,   870000)        23827    0.0794%  82.2721%
  [   870000,   870500)        24219    0.0807%  82.3529%
  [   870500,   871000)        23988    0.0800%  82.4328%
  [   871000,   871500)        24239    0.0808%  82.5136%
  [   871500,   872000)        23706    0.0790%  82.5926%
  [   872000,   872500)        24073    0.0802%  82.6729%
  [   872500,   873000)        24114    0.0804%  82.7533%
  [   873000,   873500)        23535    0.0785%  82.8317%
  [   873500,   874000)        23744    0.0791%  82.9109%
  [   874000,   874500)        23543    0.0785%  82.9893%
  [   874500,   875000)        23675    0.0789%  83.0683%
  [   875000,   875500)        23725    0.0791%  83.1473%
  [   875500,   876000)        23487    0.0783%  83.2256%
  [   876000,   876500)        23335    0.0778%  83.3034%
  [   876500,   877000)        23627    0.0788%  83.3822%
  [   877000,   877500)        23571    0.0786%  83.4607%
  [   877500,   878000)        23200    0.0773%  83.5381%
  [   878000,   878500)        22939    0.0765%  83.6145%
  [   878500,   879000)        23014    0.0767%  83.6913%
  [   879000,   879500)        22865    0.0762%  83.7675%
  [   879500,   880000)        22827    0.0761%  83.8436%
  [   880000,   880500)        22858    0.0762%  83.9198%
  [   880500,   881000)        22667    0.0756%  83.9953%
  [   881000,   881500)        22530    0.0751%  84.0704%
  [   881500,   882000)        22735    0.0758%  84.1462%
  [   882000,   882500)        22434    0.0748%  84.2210%
  [   882500,   883000)        22497    0.0750%  84.2960%
  [   883000,   883500)        22173    0.0739%  84.3699%
  [   883500,   884000)        22356    0.0745%  84.4444%
  [   884000,   884500)        22161    0.0739%  84.5183%
  [   884500,   885000)        22151    0.0738%  84.5921%
  [   885000,   885500)        22111    0.0737%  84.6658%
  [   885500,   886000)        22014    0.0734%  84.7392%
  [   886000,   886500)        21986    0.0733%  84.8125%
  [   886500,   887000)        21864    0.0729%  84.8853%
  [   887000,   887500)        21772    0.0726%  84.9579%
  [   887500,   888000)        21793    0.0726%  85.0306%
  [   888000,   888500)        21721    0.0724%  85.1030%
  [   888500,   889000)        21993    0.0733%  85.1763%
  [   889000,   889500)        21498    0.0717%  85.2479%
  [   889500,   890000)        21387    0.0713%  85.3192%
  [   890000,   890500)        21660    0.0722%  85.3914%
  [   890500,   891000)        21182    0.0706%  85.4620%
  [   891000,   891500)        21047    0.0702%  85.5322%
  [   891500,   892000)        21506    0.0717%  85.6039%
  [   892000,   892500)        21250    0.0708%  85.6747%
  [   892500,   893000)        21125    0.0704%  85.7451%
  [   893000,   893500)        21061    0.0702%  85.8153%
  [   893500,   894000)        21117    0.0704%  85.8857%
  [   894000,   894500)        20798    0.0693%  85.9550%
  [   894500,   895000)        20857    0.0695%  86.0246%
  [   895000,   895500)        20693    0.0690%  86.0935%
  [   895500,   896000)        20862    0.0695%  86.1631%
  [   896000,   896500)        20644    0.0688%  86.2319%
  [   896500,   897000)        20458    0.0682%  86.3001%
  [   897000,   897500)        20272    0.0676%  86.3677%
  [   897500,   898000)        20352    0.0678%  86.4355%
  [   898000,   898500)        20434    0.0681%  86.5036%
  [   898500,   899000)        20203    0.0673%  86.5710%
  [   899000,   899500)        20228    0.0674%  86.6384%
  [   899500,   900000)        20053    0.0668%  86.7052%
  [   900000,   900500)        20175    0.0673%  86.7725%
  [   900500,   901000)        20079    0.0669%  86.8394%
  [   901000,   901500)        19802    0.0660%  86.9054%
  [   901500,   902000)        19926    0.0664%  86.9718%
  [   902000,   902500)        19732    0.0658%  87.0376%
  [   902500,   903000)        19801    0.0660%  87.1036%
  [   903000,   903500)        19804    0.0660%  87.1696%
  [   903500,   904000)        19565    0.0652%  87.2348%
  [   904000,   904500)        19555    0.0652%  87.3000%
  [   904500,   905000)        19481    0.0649%  87.3650%
  [   905000,   905500)        19494    0.0650%  87.4299%
  [   905500,   906000)        19356    0.0645%  87.4945%
  [   906000,   906500)        19371    0.0646%  87.5590%
  [   906500,   907000)        19182    0.0639%  87.6230%
  [   907000,   907500)        19219    0.0641%  87.6870%
  [   907500,   908000)        19129    0.0638%  87.7508%
  [   908000,   908500)        18870    0.0629%  87.8137%
  [   908500,   909000)        18876    0.0629%  87.8766%
  [   909000,   909500)        18907    0.0630%  87.9396%
  [   909500,   910000)        18771    0.0626%  88.0022%
  [   910000,   910500)        18648    0.0622%  88.0644%
  [   910500,   911000)        18545    0.0618%  88.1262%
  [   911000,   911500)        18582    0.0619%  88.1881%
  [   911500,   912000)        18649    0.0622%  88.2503%
  [   912000,   912500)        18278    0.0609%  88.3112%
  [   912500,   913000)        18293    0.0610%  88.3722%
  [   913000,   913500)        18399    0.0613%  88.4335%
  [   913500,   914000)        18180    0.0606%  88.4941%
  [   914000,   914500)        18034    0.0601%  88.5542%
  [   914500,   915000)        18066    0.0602%  88.6145%
  [   915000,   915500)        18140    0.0605%  88.6749%
  [   915500,   916000)        18048    0.0602%  88.7351%
  [   916000,   916500)        18041    0.0601%  88.7952%
  [   916500,   917000)        17613    0.0587%  88.8539%
  [   917000,   917500)        17599    0.0587%  88.9126%
  [   917500,   918000)        17535    0.0585%  88.9711%
  [   918000,   918500)        17694    0.0590%  89.0300%
  [   918500,   919000)        17449    0.0582%  89.0882%
  [   919000,   919500)        17449    0.0582%  89.1464%
  [   919500,   920000)        17294    0.0576%  89.2040%
  [   920000,   920500)        17250    0.0575%  89.2615%
  [   920500,   921000)        17317    0.0577%  89.3192%
  [   921000,   921500)        17476    0.0583%  89.3775%
  [   921500,   922000)        17016    0.0567%  89.4342%
  [   922000,   922500)        16858    0.0562%  89.4904%
  [   922500,   923000)        17017    0.0567%  89.5471%
  [   923000,   923500)        16959    0.0565%  89.6036%
  [   923500,   924000)        16829    0.0561%  89.6597%
  [   924000,   924500)        16666    0.0556%  89.7153%
  [   924500,   925000)        16747    0.0558%  89.7711%
  [   925000,   925500)        16606    0.0554%  89.8265%
  [   925500,   926000)        16586    0.0553%  89.8818%
  [   926000,   926500)        16462    0.0549%  89.9366%
  [   926500,   927000)        16640    0.0555%  89.9921%
  [   927000,   927500)        16549    0.0552%  90.0473%
  [   927500,   928000)        16409    0.0547%  90.1020%
  [   928000,   928500)        16400    0.0547%  90.1566%
  [   928500,   929000)        16529    0.0551%  90.2117%
  [   929000,   929500)        15969    0.0532%  90.2650%
  [   929500,   930000)        16075    0.0536%  90.3185%
  [   930000,   930500)        16172    0.0539%  90.3724%
  [   930500,   931000)        16160    0.0539%  90.4263%
  [   931000,   931500)        15872    0.0529%  90.4792%
  [   931500,   932000)        15831    0.0528%  90.5320%
  [   932000,   932500)        15561    0.0519%  90.5839%
  [   932500,   933000)        15589    0.0520%  90.6358%
  [   933000,   933500)        15600    0.0520%  90.6878%
  [   933500,   934000)        15402    0.0513%  90.7392%
  [   934000,   934500)        15667    0.0522%  90.7914%
  [   934500,   935000)        15398    0.0513%  90.8427%
  [   935000,   935500)        15417    0.0514%  90.8941%
  [   935500,   936000)        15439    0.0515%  90.9456%
  [   936000,   936500)        15331    0.0511%  90.9967%
  [   936500,   937000)        15255    0.0509%  91.0475%
  [   937000,   937500)        15050    0.0502%  91.0977%
  [   937500,   938000)        15037    0.0501%  91.1478%
  [   938000,   938500)        14797    0.0493%  91.1971%
  [   938500,   939000)        14875    0.0496%  91.2467%
  [   939000,   939500)        14720    0.0491%  91.2958%
  [   939500,   940000)        14704    0.0490%  91.3448%
  [   940000,   940500)        14586    0.0486%  91.3934%
  [   940500,   941000)        14375    0.0479%  91.4413%
  [   941000,   941500)        14698    0.0490%  91.4903%
  [   941500,   942000)        14617    0.0487%  91.5390%
  [   942000,   942500)        14635    0.0488%  91.5878%
  [   942500,   943000)        14156    0.0472%  91.6350%
  [   943000,   943500)        14438    0.0481%  91.6831%
  [   943500,   944000)        14451    0.0482%  91.7313%
  [   944000,   944500)        14150    0.0472%  91.7785%
  [   944500,   945000)        14166    0.0472%  91.8257%
  [   945000,   945500)        14073    0.0469%  91.8726%
  [   945500,   946000)        14100    0.0470%  91.9196%
  [   946000,   946500)        13772    0.0459%  91.9655%
  [   946500,   947000)        13843    0.0461%  92.0117%
  [   947000,   947500)        13732    0.0458%  92.0574%
  [   947500,   948000)        13647    0.0455%  92.1029%
  [   948000,   948500)        13860    0.0462%  92.1491%
  [   948500,   949000)        13650    0.0455%  92.1946%
  [   949000,   949500)        13692    0.0456%  92.2403%
  [   949500,   950000)        13500    0.0450%  92.2853%
  [   950000,   950500)        13624    0.0454%  92.3307%
  [   950500,   951000)        13493    0.0450%  92.3757%
  [   951000,   951500)        13322    0.0444%  92.4201%
  [   951500,   952000)        13484    0.0449%  92.4650%
  [   952000,   952500)        13459    0.0449%  92.5099%
  [   952500,   953000)        13187    0.0440%  92.5538%
  [   953000,   953500)        12937    0.0431%  92.5970%
  [   953500,   954000)        13247    0.0442%  92.6411%
  [   954000,   954500)        13028    0.0434%  92.6845%
  [   954500,   955000)        12888    0.0430%  92.7275%
  [   955000,   955500)        12795    0.0427%  92.7701%
  [   955500,   956000)        12698    0.0423%  92.8125%
  [   956000,   956500)        12760    0.0425%  92.8550%
  [   956500,   957000)        12686    0.0423%  92.8973%
  [   957000,   957500)        12781    0.0426%  92.9399%
  [   957500,   958000)        12668    0.0422%  92.9821%
  [   958000,   958500)        12510    0.0417%  93.0238%
  [   958500,   959000)        12466    0.0416%  93.0654%
  [   959000,   959500)        12433    0.0414%  93.1068%
  [   959500,   960000)        12497    0.0417%  93.1485%
  [   960000,   960500)        12136    0.0405%  93.1889%
  [   960500,   961000)        12518    0.0417%  93.2307%
  [   961000,   961500)        12153    0.0405%  93.2712%
  [   961500,   962000)        12059    0.0402%  93.3114%
  [   962000,   962500)        12336    0.0411%  93.3525%
  [   962500,   963000)        11809    0.0394%  93.3918%
  [   963000,   963500)        11933    0.0398%  93.4316%
  [   963500,   964000)        11948    0.0398%  93.4715%
  [   964000,   964500)        11919    0.0397%  93.5112%
  [   964500,   965000)        11623    0.0387%  93.5499%
  [   965000,   965500)        11780    0.0393%  93.5892%
  [   965500,   966000)        11543    0.0385%  93.6277%
  [   966000,   966500)        11677    0.0389%  93.6666%
  [   966500,   967000)        11686    0.0390%  93.7055%
  [   967000,   967500)        11451    0.0382%  93.7437%
  [   967500,   968000)        11456    0.0382%  93.7819%
  [   968000,   968500)        11264    0.0375%  93.8194%
  [   968500,   969000)        11440    0.0381%  93.8576%
  [   969000,   969500)        11258    0.0375%  93.8951%
  [   969500,   970000)        11343    0.0378%  93.9329%
  [   970000,   970500)        11158    0.0372%  93.9701%
  [   970500,   971000)        11174    0.0372%  94.0074%
  [   971000,   971500)        10915    0.0364%  94.0437%
  [   971500,   972000)        11168    0.0372%  94.0810%
  [   972000,   972500)        11130    0.0371%  94.1181%
  [   972500,   973000)        10771    0.0359%  94.1540%
  [   973000,   973500)        10816    0.0361%  94.1900%
  [   973500,   974000)        10752    0.0358%  94.2259%
  [   974000,   974500)        10700    0.0357%  94.2615%
  [   974500,   975000)        10729    0.0358%  94.2973%
  [   975000,   975500)        10802    0.0360%  94.3333%
  [   975500,   976000)        10552    0.0352%  94.3685%
  [   976000,   976500)        10552    0.0352%  94.4036%
  [   976500,   977000)        10443    0.0348%  94.4385%
  [   977000,   977500)        10482    0.0349%  94.4734%
  [   977500,   978000)        10343    0.0345%  94.5079%
  [   978000,   978500)        10295    0.0343%  94.5422%
  [   978500,   979000)        10167    0.0339%  94.5761%
  [   979000,   979500)        10334    0.0344%  94.6105%
  [   979500,   980000)        10297    0.0343%  94.6449%
  [   980000,   980500)        10011    0.0334%  94.6782%
  [   980500,   981000)         9963    0.0332%  94.7114%
  [   981000,   981500)         9836    0.0328%  94.7442%
  [   981500,   982000)         9925    0.0331%  94.7773%
  [   982000,   982500)         9984    0.0333%  94.8106%
  [   982500,   983000)         9985    0.0333%  94.8439%
  [   983000,   983500)         9857    0.0329%  94.8767%
  [   983500,   984000)         9799    0.0327%  94.9094%
  [   984000,   984500)         9600    0.0320%  94.9414%
  [   984500,   985000)         9712    0.0324%  94.9738%
  [   985000,   985500)         9519    0.0317%  95.0055%
  [   985500,   986000)         9497    0.0317%  95.0371%
  [   986000,   986500)         9621    0.0321%  95.0692%
  [   986500,   987000)         9587    0.0320%  95.1012%
  [   987000,   987500)         9451    0.0315%  95.1327%
  [   987500,   988000)         9477    0.0316%  95.1643%
  [   988000,   988500)         9201    0.0307%  95.1949%
  [   988500,   989000)         9322    0.0311%  95.2260%
  [   989000,   989500)         9107    0.0304%  95.2564%
  [   989500,   990000)         9199    0.0307%  95.2870%
  [   990000,   990500)         9129    0.0304%  95.3175%
  [   990500,   991000)         9063    0.0302%  95.3477%
  [   991000,   991500)         9052    0.0302%  95.3778%
  [   991500,   992000)         8987    0.0300%  95.4078%
  [   992000,   992500)         8852    0.0295%  95.4373%
  [   992500,   993000)         8879    0.0296%  95.4669%
  [   993000,   993500)         8805    0.0294%  95.4963%
  [   993500,   994000)         8842    0.0295%  95.5257%
  [   994000,   994500)         8584    0.0286%  95.5543%
  [   994500,   995000)         8743    0.0291%  95.5835%
  [   995000,   995500)         8507    0.0284%  95.6118%
  [   995500,   996000)         8655    0.0289%  95.6407%
  [   996000,   996500)         8454    0.0282%  95.6689%
  [   996500,   997000)         8573    0.0286%  95.6974%
  [   997000,   997500)         8419    0.0281%  95.7255%
  [   997500,   998000)         8434    0.0281%  95.7536%
  [   998000,   998500)         8544    0.0285%  95.7821%
  [   998500,   999000)         8270    0.0276%  95.8097%
  [   999000,   999500)         8169    0.0272%  95.8369%
  [   999500, +inf)             1248930    4.1631% 100.0000%

----- OFFLOADED TASKS [node 1] -----
  ops total                = 29999988
  ops direct (1-sided)     = 29999988 (100.00%)
  ops offload (rpc)        = 0 (0.00%)
  lookup pushdowns         = 0
  scan   pushdowns (RPC)   = 0
    kv pairs returned      = 0
    leaves scanned remotely= 0
    kv / scan pushdown     = 0.00
    leaves / scan pushdown = 0.00
=========================================================================

[CORRECTNESS node 1] scan rows returned = 2999983407
[READPATH node 1] lookups=2318321116  index-cache hit=49.2%  per lookup: leaf=1.000 speculative=0.000 (right 0.0%) hop-reads=0.000 (two-segment 0.000) retries=0.000 invalid=0.000 sibling=0.000  => est. leaf round trips/lookup=0.000
 ----- [LeafCache]: capacity=131072 leaves resident=131072 (100.0% full, 44.0 MB) -----
[LEAFCACHE] hit=2016722251 miss=393038532 stale=0 fill=393038532 hit_pct=83.690 admit_pct=100.000 resident=131072 capacity=131072 budget_mb=64

----- PER-LEVEL CACHE HITS [node 1] (lookups; level 0 = leaf) -----
[KIND node 1] lookups=0 inner_visits=0 inner_hits=0 inner_hit_pct=0.00 leaf_visits=0 leaf_hits=0 leaf_hit_pct=0.00
[SCANLEAF node 1] scans=29999988 inner_complete_miss=12479663 inner_partial=13695500 leaf_cache_hits=4269417 leaf_reads=87191441 cn_leaves_per_scan=3.05 leaf_hit_pct=4.67
[END]
