nodes 2, threads 36, mix R/I/U/S=0/0/0/100, uniform, bulk 50M warmup 10M op 30M, offload 0%, scan_range 100
[4mshared memory size: 64GB, 0x7feeda800000[0m
[4mrdma cache size: 4GB[0m
[4mMachine NR: 2[0m
[4mCompute server 1 start up [10.30.1.6]
[0m
I connect server 0
[CONFIG node 1] bulk load: bottom-up build, 8 keys per leaf, 6 children per inner node (CHIME_BULK_BUILD / CHIME_BUILD_LEAF_KEYS / CHIME_BUILD_INNER_FANOUT)
[CONFIG node 1] clients on this node: yes (CHIME_MN_CLIENTS)
[CONFIG node 1] scan path: from_cache=1 offload_always=0 (CHIME_SCAN_FROM_CACHE / CHIME_SCAN_OFFLOAD_ALWAYS)
[CONFIG node 1] push ops: both (CHIME_PUSH_OPS; applies only with offloading on)
[CACHE node 1] total=32 MB index=31 MB leaf=1 MB
[CONFIG node 1] dir threads = 1 (CHIME_DIR_THREADS, max 16) -- MUST match the other node
[CORES node 1] linear pinning: app threads -> CPUs 0..35, main -> 79, dir threads -> 79 (REV_DIR_CPUS)
[CONFIG] hotspot buffer + speculative read: off (CHIME_HOTSPOT; stock CHIME: on above 50 MB)
 ----- [LeafCache]: budget=1 MB -> 256 sets x 8 ways = 2048 leaves (352 B/leaf, 0.7 MB) -----
workload generated: keyspace=50001000 bulk=50000000 warmup=9999972 op=29999988
[4mKey space set: keySpaceSize=50000000[0m
I am 36
I am 58
I am 39
I am 40
I am 43
I am 37
I am 38
I am 45
I am 41
I am 42
I am 51
I am 49
I am 53
I am 48
I am 46
I am 52
I am 50
I am 54
I am 44
I am 55
I am 66
I am 67
I am 70
I am 69
I am 61
I am 63
I am 60
I am 56
I am 71
I am 59
I am 57
I am 68
I am 64
I am 47
I am 65
I am 62
[build] leaves: 10% (625001/6250000)
[build] leaves: 20% (1250002/6250000)
[build] leaves: 30% (1875003/6250000)
[build] leaves: 40% (2500004/6250000)
[build] leaves: 50% (3125005/6250000)
[build] leaves: 60% (3750006/6250000)
[build] leaves: 70% (4375007/6250000)
[build] leaves: 80% (5000008/6250000)
[build] leaves: 90% (5625009/6250000)
[build] inner level 1: 1041667 nodes
[build] inner level 2: 173611 nodes
[build] inner level 3: 28935 nodes
[build] inner level 4: 4823 nodes
[build] inner level 5: 804 nodes
[build] inner level 6: 134 nodes
[build] inner level 7: 23 nodes
[build] inner level 8: 4 nodes
[build] inner level 9: 1 nodes
[build] done in 18.9s: height=10 leaves=6250000 inner_nodes=1250002 (8 keys per leaf, 6 children per inner node)
[TREE] height=10 leaves=6250000 inner_nodes=1250002 keys_per_leaf=8.00 inner_MB=399.4 leaf_MB=2104.0 total_MB=2503.4 (internal span 16, leaf span 16, node bytes inner=335 leaf=353)
node 1 warmup done in 223s
[INDEX] --- post-bulk-load cache occupancy (cache = 31 MB) ---
 ----- [TreeCache]:  cache size=31 MB free_size=0.000 MB skiplist_node_cnt=1250002 ----- 
consumed cache size = 31.000 MB
 ----- [IdxCache]:  cache size=0 MB free_size=0.000 MB ---- 
consumed hotspot buffer size = 0.000000 MB

 ----- [LeafCache]: capacity=2048 leaves resident=2048 (100.0% full, 0.7 MB) -----
[LEAFCACHE] hit=627424594 miss=111498012 stale=0 fill=101185399 hit_pct=84.911 admit_pct=90.751 resident=2048 capacity=2048 budget_mb=1
1, throughput 0.0493 Mops
1, throughput 0.0494 Mops
1, throughput 0.0495 Mops
1, throughput 0.0494 Mops
1, throughput 0.0494 Mops
1, throughput 0.0492 Mops
1, throughput 0.0496 Mops
1, throughput 0.0495 Mops
1, throughput 0.0495 Mops
1, throughput 0.0493 Mops
1, throughput 0.0495 Mops
1, throughput 0.0496 Mops
1, throughput 0.0497 Mops
1, throughput 0.0488 Mops
1, throughput 0.0496 Mops
1, throughput 0.0495 Mops
1, throughput 0.0499 Mops
1, throughput 0.0496 Mops
1, throughput 0.0498 Mops
1, throughput 0.0494 Mops
1, throughput 0.0496 Mops
1, throughput 0.0495 Mops
1, throughput 0.0495 Mops
1, throughput 0.0496 Mops
1, throughput 0.0495 Mops
1, throughput 0.0495 Mops
1, throughput 0.0494 Mops
1, throughput 0.0495 Mops
1, throughput 0.0495 Mops
1, throughput 0.0494 Mops
1, throughput 0.0495 Mops
1, throughput 0.0496 Mops
1, throughput 0.0497 Mops
1, throughput 0.0494 Mops
1, throughput 0.0489 Mops
1, throughput 0.0497 Mops
1, throughput 0.0497 Mops
1, throughput 0.0496 Mops
1, throughput 0.0494 Mops
1, throughput 0.0494 Mops
1, throughput 0.0496 Mops
1, throughput 0.0497 Mops
1, throughput 0.0494 Mops
1, throughput 0.0496 Mops
1, throughput 0.0495 Mops
1, throughput 0.0495 Mops
1, throughput 0.0495 Mops
1, throughput 0.0495 Mops
1, throughput 0.0495 Mops
1, throughput 0.0497 Mops
1, throughput 0.0495 Mops
1, throughput 0.0498 Mops
1, throughput 0.0494 Mops
1, throughput 0.0495 Mops
1, throughput 0.0487 Mops
1, throughput 0.0496 Mops
1, throughput 0.0497 Mops
1, throughput 0.0496 Mops
1, throughput 0.0496 Mops
1, throughput 0.0497 Mops
1, throughput 0.0497 Mops
1, throughput 0.0498 Mops
1, throughput 0.0495 Mops
1, throughput 0.0498 Mops
1, throughput 0.0496 Mops
1, throughput 0.0497 Mops
1, throughput 0.0496 Mops
1, throughput 0.0497 Mops
1, throughput 0.0495 Mops
1, throughput 0.0495 Mops
1, throughput 0.0496 Mops
1, throughput 0.0498 Mops
1, throughput 0.0496 Mops
1, throughput 0.0496 Mops
1, throughput 0.0494 Mops
1, throughput 0.0488 Mops
1, throughput 0.0495 Mops
1, throughput 0.0497 Mops
1, throughput 0.0495 Mops
1, throughput 0.0495 Mops
1, throughput 0.0497 Mops
1, throughput 0.0498 Mops
1, throughput 0.0496 Mops
1, throughput 0.0496 Mops
1, throughput 0.0495 Mops
1, throughput 0.0497 Mops
1, throughput 0.0498 Mops
1, throughput 0.0497 Mops
1, throughput 0.0495 Mops
1, throughput 0.0496 Mops
1, throughput 0.0496 Mops
1, throughput 0.0493 Mops
1, throughput 0.0495 Mops
1, throughput 0.0496 Mops
1, throughput 0.0495 Mops
1, throughput 0.0489 Mops
1, throughput 0.0496 Mops
1, throughput 0.0496 Mops
1, throughput 0.0495 Mops
1, throughput 0.0495 Mops
1, throughput 0.0494 Mops
1, throughput 0.0495 Mops
1, throughput 0.0494 Mops
1, throughput 0.0494 Mops
1, throughput 0.0495 Mops
1, throughput 0.0496 Mops
1, throughput 0.0493 Mops
1, throughput 0.0496 Mops
1, throughput 0.0497 Mops
1, throughput 0.0495 Mops
1, throughput 0.0494 Mops
1, throughput 0.0494 Mops
1, throughput 0.0494 Mops
1, throughput 0.0495 Mops
1, throughput 0.0497 Mops
1, throughput 0.0495 Mops
1, throughput 0.0488 Mops
1, throughput 0.0497 Mops
1, throughput 0.0498 Mops
1, throughput 0.0496 Mops
1, throughput 0.0497 Mops
1, throughput 0.0497 Mops
1, throughput 0.0497 Mops
1, throughput 0.0496 Mops
1, throughput 0.0497 Mops
1, throughput 0.0497 Mops
1, throughput 0.0494 Mops
1, throughput 0.0499 Mops
1, throughput 0.0496 Mops
1, throughput 0.0497 Mops
1, throughput 0.0495 Mops
1, throughput 0.0494 Mops
1, throughput 0.0495 Mops
1, throughput 0.0498 Mops
1, throughput 0.0497 Mops
1, throughput 0.0498 Mops
1, throughput 0.0492 Mops
1, throughput 0.0495 Mops
1, throughput 0.0494 Mops
1, throughput 0.0496 Mops
1, throughput 0.0495 Mops
1, throughput 0.0497 Mops
1, throughput 0.0496 Mops
1, throughput 0.0494 Mops
1, throughput 0.0498 Mops
1, throughput 0.0498 Mops
1, throughput 0.0493 Mops
1, throughput 0.0493 Mops
1, throughput 0.0496 Mops
1, throughput 0.0496 Mops
1, throughput 0.0494 Mops
1, throughput 0.0496 Mops
1, throughput 0.0496 Mops
1, throughput 0.0496 Mops
1, throughput 0.0496 Mops
1, throughput 0.0494 Mops
1, throughput 0.0497 Mops
1, throughput 0.0488 Mops
1, throughput 0.0495 Mops
1, throughput 0.0496 Mops
1, throughput 0.0495 Mops
1, throughput 0.0496 Mops
1, throughput 0.0496 Mops
1, throughput 0.0496 Mops
1, throughput 0.0496 Mops
1, throughput 0.0496 Mops
1, throughput 0.0496 Mops
1, throughput 0.0498 Mops
1, throughput 0.0496 Mops
1, throughput 0.0495 Mops
1, throughput 0.0497 Mops
1, throughput 0.0499 Mops
1, throughput 0.0495 Mops
1, throughput 0.0495 Mops
1, throughput 0.0496 Mops
1, throughput 0.0497 Mops
1, throughput 0.0496 Mops
1, throughput 0.0493 Mops
1, throughput 0.0491 Mops
1, throughput 0.0496 Mops
1, throughput 0.0496 Mops
1, throughput 0.0497 Mops
1, throughput 0.0495 Mops
1, throughput 0.0495 Mops
1, throughput 0.0496 Mops
1, throughput 0.0497 Mops
1, throughput 0.0498 Mops
1, throughput 0.0497 Mops
1, throughput 0.0495 Mops
1, throughput 0.0498 Mops
1, throughput 0.0495 Mops
1, throughput 0.0498 Mops
1, throughput 0.0496 Mops
1, throughput 0.0498 Mops
1, throughput 0.0496 Mops
1, throughput 0.0497 Mops
1, throughput 0.0497 Mops
1, throughput 0.0496 Mops
1, throughput 0.0489 Mops
1, throughput 0.0496 Mops
1, throughput 0.0495 Mops
1, throughput 0.0496 Mops
1, throughput 0.0495 Mops
1, throughput 0.0497 Mops
1, throughput 0.0496 Mops
1, throughput 0.0496 Mops
1, throughput 0.0495 Mops
1, throughput 0.0495 Mops
1, throughput 0.0494 Mops
1, throughput 0.0496 Mops
1, throughput 0.0496 Mops
1, throughput 0.0495 Mops
1, throughput 0.0497 Mops
1, throughput 0.0497 Mops
1, throughput 0.0495 Mops
1, throughput 0.0496 Mops
1, throughput 0.0494 Mops
1, throughput 0.0496 Mops
1, throughput 0.0493 Mops
1, throughput 0.0488 Mops
1, throughput 0.0495 Mops
1, throughput 0.0496 Mops
1, throughput 0.0495 Mops
1, throughput 0.0495 Mops
1, throughput 0.0497 Mops
1, throughput 0.0495 Mops
1, throughput 0.0496 Mops
1, throughput 0.0497 Mops
1, throughput 0.0497 Mops
1, throughput 0.0495 Mops
1, throughput 0.0496 Mops
1, throughput 0.0497 Mops
1, throughput 0.0496 Mops
1, throughput 0.0496 Mops
1, throughput 0.0496 Mops
1, throughput 0.0496 Mops
1, throughput 0.0496 Mops
1, throughput 0.0496 Mops
1, throughput 0.0497 Mops
1, throughput 0.0491 Mops
1, throughput 0.0493 Mops
1, throughput 0.0495 Mops
1, throughput 0.0495 Mops
1, throughput 0.0496 Mops
1, throughput 0.0496 Mops
1, throughput 0.0493 Mops
1, throughput 0.0496 Mops
1, throughput 0.0495 Mops
1, throughput 0.0493 Mops
1, throughput 0.0496 Mops
1, throughput 0.0494 Mops
1, throughput 0.0495 Mops
1, throughput 0.0495 Mops
1, throughput 0.0495 Mops
1, throughput 0.0495 Mops
1, throughput 0.0495 Mops
1, throughput 0.0494 Mops
1, throughput 0.0495 Mops
1, throughput 0.0496 Mops
1, throughput 0.0496 Mops
1, throughput 0.0487 Mops
1, throughput 0.0498 Mops
1, throughput 0.0495 Mops
1, throughput 0.0496 Mops
1, throughput 0.0495 Mops
1, throughput 0.0495 Mops
1, throughput 0.0496 Mops
1, throughput 0.0496 Mops
1, throughput 0.0496 Mops
1, throughput 0.0496 Mops
1, throughput 0.0495 Mops
1, throughput 0.0497 Mops
1, throughput 0.0496 Mops
1, throughput 0.0497 Mops
1, throughput 0.0495 Mops
1, throughput 0.0497 Mops
1, throughput 0.0498 Mops
1, throughput 0.0496 Mops
1, throughput 0.0495 Mops
1, throughput 0.0497 Mops
1, throughput 0.0493 Mops
1, throughput 0.0493 Mops
1, throughput 0.0497 Mops
1, throughput 0.0496 Mops
1, throughput 0.0496 Mops
1, throughput 0.0496 Mops
1, throughput 0.0495 Mops
1, throughput 0.0494 Mops
1, throughput 0.0495 Mops
1, throughput 0.0495 Mops
1, throughput 0.0497 Mops
1, throughput 0.0496 Mops
1, throughput 0.0496 Mops
1, throughput 0.0495 Mops
1, throughput 0.0496 Mops
1, throughput 0.0495 Mops
1, throughput 0.0494 Mops
1, throughput 0.0495 Mops
1, throughput 0.0495 Mops
1, throughput 0.0495 Mops
1, throughput 0.0494 Mops
1, throughput 0.0487 Mops
1, throughput 0.0494 Mops
1, throughput 0.0496 Mops
1, throughput 0.0495 Mops
1, throughput 0.0496 Mops
1, throughput 0.0495 Mops
1, throughput 0.0495 Mops
1, throughput 0.0495 Mops
1, throughput 0.0495 Mops
1, throughput 0.0494 Mops
1, throughput 0.0496 Mops
1, throughput 0.0496 Mops
1, throughput 0.0495 Mops
1, throughput 0.0495 Mops
1, throughput 0.0495 Mops
1, throughput 0.0495 Mops
1, throughput 0.0495 Mops
1, throughput 0.0498 Mops
1, throughput 0.0495 Mops
1, throughput 0.0494 Mops
1, throughput 0.0494 Mops
1, throughput 0.0492 Mops
1, throughput 0.0494 Mops
1, throughput 0.0497 Mops
1, throughput 0.0495 Mops
1, throughput 0.0496 Mops
1, throughput 0.0494 Mops
1, throughput 0.0497 Mops
1, throughput 0.0496 Mops
1, throughput 0.0497 Mops
1, throughput 0.0497 Mops
1, throughput 0.0498 Mops
1, throughput 0.0495 Mops
1, throughput 0.0493 Mops
1, throughput 0.0495 Mops
1, throughput 0.0496 Mops
1, throughput 0.0495 Mops
1, throughput 0.0495 Mops
1, throughput 0.0497 Mops
1, throughput 0.0495 Mops
1, throughput 0.0496 Mops
1, throughput 0.0487 Mops
1, throughput 0.0494 Mops
1, throughput 0.0496 Mops
1, throughput 0.0496 Mops
1, throughput 0.0496 Mops
1, throughput 0.0495 Mops
1, throughput 0.0495 Mops
1, throughput 0.0496 Mops
1, throughput 0.0495 Mops
1, throughput 0.0495 Mops
1, throughput 0.0497 Mops
1, throughput 0.0494 Mops
1, throughput 0.0495 Mops
1, throughput 0.0495 Mops
1, throughput 0.0494 Mops
1, throughput 0.0495 Mops
1, throughput 0.0495 Mops
1, throughput 0.0496 Mops
1, throughput 0.0496 Mops
1, throughput 0.0495 Mops
1, throughput 0.0494 Mops
1, throughput 0.0489 Mops
1, throughput 0.0496 Mops
1, throughput 0.0495 Mops
1, throughput 0.0497 Mops
1, throughput 0.0497 Mops
1, throughput 0.0496 Mops
1, throughput 0.0496 Mops
1, throughput 0.0496 Mops
1, throughput 0.0495 Mops
1, throughput 0.0496 Mops
1, throughput 0.0496 Mops
1, throughput 0.0495 Mops
1, throughput 0.0496 Mops
1, throughput 0.0495 Mops
1, throughput 0.0497 Mops
1, throughput 0.0495 Mops
1, throughput 0.0496 Mops
1, throughput 0.0496 Mops
1, throughput 0.0496 Mops
1, throughput 0.0495 Mops
1, throughput 0.0489 Mops
1, throughput 0.0495 Mops
1, throughput 0.0494 Mops
1, throughput 0.0496 Mops
1, throughput 0.0495 Mops
1, throughput 0.0495 Mops
1, throughput 0.0494 Mops
1, throughput 0.0496 Mops
1, throughput 0.0493 Mops
1, throughput 0.0494 Mops
1, throughput 0.0495 Mops
1, throughput 0.0496 Mops
1, throughput 0.0496 Mops
1, throughput 0.0494 Mops
1, throughput 0.0495 Mops
1, throughput 0.0494 Mops
1, throughput 0.0496 Mops
1, throughput 0.0495 Mops
1, throughput 0.0496 Mops
1, throughput 0.0495 Mops
1, throughput 0.0495 Mops
1, throughput 0.0488 Mops
1, throughput 0.0495 Mops
1, throughput 0.0497 Mops
1, throughput 0.0495 Mops
1, throughput 0.0496 Mops
1, throughput 0.0496 Mops
1, throughput 0.0494 Mops
1, throughput 0.0496 Mops
1, throughput 0.0497 Mops
1, throughput 0.0495 Mops
1, throughput 0.0495 Mops
1, throughput 0.0496 Mops
1, throughput 0.0497 Mops
1, throughput 0.0498 Mops
1, throughput 0.0497 Mops
1, throughput 0.0496 Mops
1, throughput 0.0497 Mops
1, throughput 0.0495 Mops
1, throughput 0.0496 Mops
1, throughput 0.0497 Mops
1, throughput 0.0491 Mops
1, throughput 0.0492 Mops
1, throughput 0.0496 Mops
1, throughput 0.0494 Mops
1, throughput 0.0496 Mops
1, throughput 0.0497 Mops
1, throughput 0.0496 Mops
1, throughput 0.0498 Mops
1, throughput 0.0496 Mops
1, throughput 0.0495 Mops
1, throughput 0.0495 Mops
1, throughput 0.0495 Mops
1, throughput 0.0495 Mops
1, throughput 0.0496 Mops
1, throughput 0.0494 Mops
1, throughput 0.0493 Mops
1, throughput 0.0495 Mops
1, throughput 0.0495 Mops
1, throughput 0.0494 Mops
1, throughput 0.0495 Mops
1, throughput 0.0493 Mops
1, throughput 0.0486 Mops
1, throughput 0.0496 Mops
1, throughput 0.0495 Mops
1, throughput 0.0493 Mops
1, throughput 0.0496 Mops
1, throughput 0.0494 Mops
1, throughput 0.0494 Mops
1, throughput 0.0496 Mops
1, throughput 0.0495 Mops
1, throughput 0.0497 Mops
1, throughput 0.0496 Mops
1, throughput 0.0496 Mops
1, throughput 0.0496 Mops
1, throughput 0.0496 Mops
1, throughput 0.0496 Mops
1, throughput 0.0495 Mops
1, throughput 0.0496 Mops
1, throughput 0.0494 Mops
1, throughput 0.0497 Mops
1, throughput 0.0494 Mops
1, throughput 0.0494 Mops
1, throughput 0.0491 Mops
1, throughput 0.0494 Mops
1, throughput 0.0495 Mops
1, throughput 0.0497 Mops
1, throughput 0.0497 Mops
1, throughput 0.0497 Mops
1, throughput 0.0496 Mops
1, throughput 0.0496 Mops
1, throughput 0.0495 Mops
1, throughput 0.0495 Mops
1, throughput 0.0495 Mops
1, throughput 0.0497 Mops
1, throughput 0.0495 Mops
1, throughput 0.0495 Mops
1, throughput 0.0496 Mops
1, throughput 0.0497 Mops
1, throughput 0.0496 Mops
1, throughput 0.0497 Mops
1, throughput 0.0493 Mops
1, throughput 0.0494 Mops
1, throughput 0.0490 Mops
1, throughput 0.0497 Mops
1, throughput 0.0495 Mops
1, throughput 0.0497 Mops
1, throughput 0.0498 Mops
1, throughput 0.0497 Mops
1, throughput 0.0495 Mops
1, throughput 0.0494 Mops
1, throughput 0.0497 Mops
1, throughput 0.0495 Mops
1, throughput 0.0495 Mops
1, throughput 0.0496 Mops
1, throughput 0.0497 Mops
1, throughput 0.0495 Mops
1, throughput 0.0497 Mops
1, throughput 0.0496 Mops
1, throughput 0.0495 Mops
1, throughput 0.0494 Mops
1, throughput 0.0496 Mops
1, throughput 0.0496 Mops
1, throughput 0.0495 Mops
1, throughput 0.0487 Mops
1, throughput 0.0493 Mops
1, throughput 0.0495 Mops
1, throughput 0.0496 Mops
1, throughput 0.0495 Mops
1, throughput 0.0497 Mops
1, throughput 0.0496 Mops
1, throughput 0.0496 Mops
1, throughput 0.0495 Mops
1, throughput 0.0495 Mops
1, throughput 0.0495 Mops
1, throughput 0.0496 Mops
1, throughput 0.0497 Mops
1, throughput 0.0494 Mops
1, throughput 0.0495 Mops
1, throughput 0.0494 Mops
1, throughput 0.0494 Mops
1, throughput 0.0494 Mops
1, throughput 0.0494 Mops
1, throughput 0.0496 Mops
1, throughput 0.0490 Mops
1, throughput 0.0493 Mops
1, throughput 0.0496 Mops
1, throughput 0.0496 Mops
1, throughput 0.0495 Mops
1, throughput 0.0498 Mops
1, throughput 0.0495 Mops
1, throughput 0.0495 Mops
1, throughput 0.0497 Mops
1, throughput 0.0498 Mops
1, throughput 0.0495 Mops
1, throughput 0.0494 Mops
1, throughput 0.0495 Mops
1, throughput 0.0495 Mops
1, throughput 0.0496 Mops
1, throughput 0.0496 Mops
1, throughput 0.0497 Mops
1, throughput 0.0494 Mops
1, throughput 0.0497 Mops
1, throughput 0.0496 Mops
1, throughput 0.0496 Mops
1, throughput 0.0489 Mops
1, throughput 0.0494 Mops
1, throughput 0.0496 Mops
1, throughput 0.0494 Mops
1, throughput 0.0495 Mops
1, throughput 0.0496 Mops
1, throughput 0.0494 Mops
1, throughput 0.0497 Mops
1, throughput 0.0496 Mops
1, throughput 0.0495 Mops
1, throughput 0.0494 Mops
1, throughput 0.0497 Mops
1, throughput 0.0496 Mops
1, throughput 0.0497 Mops
1, throughput 0.0497 Mops
1, throughput 0.0495 Mops
1, throughput 0.0497 Mops
1, throughput 0.0494 Mops
1, throughput 0.0496 Mops
1, throughput 0.0495 Mops
1, throughput 0.0491 Mops
1, throughput 0.0490 Mops
1, throughput 0.0495 Mops
1, throughput 0.0496 Mops
1, throughput 0.0498 Mops
1, throughput 0.0498 Mops
1, throughput 0.0496 Mops
1, throughput 0.0496 Mops
1, throughput 0.0496 Mops
1, throughput 0.0494 Mops
1, throughput 0.0495 Mops
1, throughput 0.0496 Mops
1, throughput 0.0498 Mops
1, throughput 0.0496 Mops
1, throughput 0.0495 Mops
1, throughput 0.0496 Mops
1, throughput 0.0494 Mops
1, throughput 0.0496 Mops
1, throughput 0.0495 Mops
1, throughput 0.0496 Mops
1, throughput 0.0495 Mops
1, throughput 0.0488 Mops
1, throughput 0.0495 Mops
1, throughput 0.0495 Mops
1, throughput 0.0498 Mops
1, throughput 0.0494 Mops
1, throughput 0.0495 Mops
1, throughput 0.0495 Mops
1, throughput 0.0494 Mops
1, throughput 0.0496 Mops
1, throughput 0.0495 Mops
1, throughput 0.0496 Mops
1, throughput 0.0496 Mops
1, throughput 0.0496 Mops
1, throughput 0.0495 Mops
1, throughput 0.0496 Mops
1, throughput 0.0496 Mops
1, throughput 0.0495 Mops
1, throughput 0.0496 Mops
1, throughput 0.0496 Mops
1, throughput 0.0495 Mops
1, throughput 0.0493 Mops
1, throughput 0.0489 Mops
1, throughput 0.0495 Mops
1, throughput 0.0496 Mops
1, throughput 0.0495 Mops
1, throughput 0.0496 Mops
1, throughput 0.0495 Mops
1, throughput 0.0496 Mops
1, throughput 0.0496 Mops
1, throughput 0.0495 Mops
1, throughput 0.0495 Mops
1, throughput 0.0496 Mops
1, throughput 0.0496 Mops
1, throughput 0.0495 Mops
1, throughput 0.0493 Mops
1, throughput 0.0495 Mops
1, throughput 0.0497 Mops
1, throughput 0.0496 Mops
1, throughput 0.0494 Mops
1, throughput 0.0494 Mops
1, throughput 0.0496 Mops
1, throughput 0.0489 Mops
1, throughput 0.0494 Mops
1, throughput 0.0496 Mops
1, throughput 0.0495 Mops
1, throughput 0.0494 Mops
1, throughput 0.0495 Mops
1, throughput 0.0494 Mops
1, throughput 0.0493 Mops
1, throughput 0.0492 Mops
1, throughput 0.0496 Mops
1, throughput 0.0495 Mops
1, throughput 0.0494 Mops
1, throughput 0.0494 Mops
1, throughput 0.0496 Mops
1, throughput 0.0495 Mops
1, throughput 0.0496 Mops
1, throughput 0.0496 Mops
1, throughput 0.0495 Mops
1, throughput 0.0493 Mops
1, throughput 0.0495 Mops
1, throughput 0.0495 Mops
1, throughput 0.0487 Mops
1, throughput 0.0495 Mops
1, throughput 0.0495 Mops
1, throughput 0.0495 Mops
1, throughput 0.0494 Mops
1, throughput 0.0494 Mops
1, throughput 0.0494 Mops
1, throughput 0.0497 Mops
1, throughput 0.0494 Mops
1, throughput 0.0495 Mops
1, throughput 0.0496 Mops
1, throughput 0.0496 Mops
1, throughput 0.0493 Mops
1, throughput 0.0497 Mops
1, throughput 0.0495 Mops
1, throughput 0.0495 Mops
1, throughput 0.0496 Mops
1, throughput 0.0495 Mops
1, throughput 0.0494 Mops
1, throughput 0.0495 Mops
1, throughput 0.0490 Mops
1, throughput 0.0493 Mops
1, throughput 0.0493 Mops
1, throughput 0.0494 Mops
1, throughput 0.0492 Mops
1, throughput 0.0494 Mops
1, throughput 0.0494 Mops
1, throughput 0.0494 Mops
1, throughput 0.0494 Mops
1, throughput 0.0495 Mops
1, throughput 0.0493 Mops
1, throughput 0.0493 Mops
1, throughput 0.0495 Mops
1, throughput 0.0496 Mops
1, throughput 0.0494 Mops
1, throughput 0.0494 Mops
1, throughput 0.0494 Mops
1, throughput 0.0495 Mops
1, throughput 0.0492 Mops
1, throughput 0.0492 Mops
1, throughput 0.0494 Mops
1, throughput 0.0486 Mops
1, throughput 0.0494 Mops
1, throughput 0.0493 Mops
1, throughput 0.0493 Mops
1, throughput 0.0493 Mops
1, throughput 0.0492 Mops
1, throughput 0.0494 Mops
1, throughput 0.0496 Mops
1, throughput 0.0492 Mops
1, throughput 0.0492 Mops
1, throughput 0.0493 Mops
1, throughput 0.0495 Mops
1, throughput 0.0493 Mops
1, throughput 0.0493 Mops
1, throughput 0.0495 Mops
1, throughput 0.0492 Mops
1, throughput 0.0493 Mops
1, throughput 0.0493 Mops
1, throughput 0.0493 Mops
1, throughput 0.0495 Mops
1, throughput 0.0492 Mops
1, throughput 0.0488 Mops
1, throughput 0.0492 Mops
1, throughput 0.0495 Mops
1, throughput 0.0494 Mops
1, throughput 0.0494 Mops
1, throughput 0.0492 Mops
1, throughput 0.0493 Mops
1, throughput 0.0494 Mops
1, throughput 0.0494 Mops
1, throughput 0.0493 Mops
1, throughput 0.0493 Mops
1, throughput 0.0493 Mops
1, throughput 0.0492 Mops
1, throughput 0.0496 Mops
1, throughput 0.0494 Mops
1, throughput 0.0495 Mops
1, throughput 0.0495 Mops
1, throughput 0.0494 Mops
1, throughput 0.0495 Mops
1, throughput 0.0495 Mops
1, throughput 0.0487 Mops
1, throughput 0.0494 Mops
1, throughput 0.0494 Mops
1, throughput 0.0495 Mops
1, throughput 0.0494 Mops
1, throughput 0.0496 Mops
1, throughput 0.0495 Mops
1, throughput 0.0495 Mops
1, throughput 0.0495 Mops
1, throughput 0.0493 Mops
1, throughput 0.0495 Mops
1, throughput 0.0496 Mops
1, throughput 0.0497 Mops
1, throughput 0.0496 Mops
1, throughput 0.0494 Mops
1, throughput 0.0496 Mops
1, throughput 0.0494 Mops
1, throughput 0.0497 Mops
1, throughput 0.0496 Mops
1, throughput 0.0497 Mops
1, throughput 0.0495 Mops
1, throughput 0.0488 Mops
1, throughput 0.0495 Mops
1, throughput 0.0495 Mops
1, throughput 0.0496 Mops
1, throughput 0.0496 Mops
1, throughput 0.0498 Mops
1, throughput 0.0495 Mops
1, throughput 0.0496 Mops
1, throughput 0.0497 Mops
1, throughput 0.0495 Mops
1, throughput 0.0495 Mops
1, throughput 0.0495 Mops
1, throughput 0.0496 Mops
1, throughput 0.0495 Mops
1, throughput 0.0495 Mops
1, throughput 0.0496 Mops
1, throughput 0.0495 Mops
1, throughput 0.0495 Mops
1, throughput 0.0498 Mops
1, throughput 0.0495 Mops
1, throughput 0.0488 Mops
1, throughput 0.0492 Mops
1, throughput 0.0497 Mops
1, throughput 0.0496 Mops
1, throughput 0.0495 Mops
1, throughput 0.0496 Mops
1, throughput 0.0495 Mops
1, throughput 0.0496 Mops
1, throughput 0.0496 Mops
1, throughput 0.0495 Mops
1, throughput 0.0496 Mops
1, throughput 0.0498 Mops
1, throughput 0.0496 Mops
1, throughput 0.0495 Mops
1, throughput 0.0497 Mops
1, throughput 0.0496 Mops
1, throughput 0.0494 Mops
1, throughput 0.0495 Mops
1, throughput 0.0494 Mops
1, throughput 0.0495 Mops
1, throughput 0.0495 Mops
1, throughput 0.0485 Mops
1, throughput 0.0496 Mops
1, throughput 0.0493 Mops
1, throughput 0.0496 Mops
1, throughput 0.0496 Mops
1, throughput 0.0496 Mops
1, throughput 0.0494 Mops
1, throughput 0.0495 Mops
1, throughput 0.0494 Mops
1, throughput 0.0493 Mops
1, throughput 0.0493 Mops
1, throughput 0.0496 Mops
1, throughput 0.0495 Mops
1, throughput 0.0496 Mops
1, throughput 0.0496 Mops
1, throughput 0.0496 Mops
1, throughput 0.0497 Mops
1, throughput 0.0498 Mops
1, throughput 0.0497 Mops
1, throughput 0.0497 Mops
1, throughput 0.0492 Mops
1, throughput 0.0491 Mops
1, throughput 0.0496 Mops
1, throughput 0.0495 Mops
1, throughput 0.0495 Mops
1, throughput 0.0495 Mops
1, throughput 0.0494 Mops
1, throughput 0.0496 Mops
1, throughput 0.0495 Mops
1, throughput 0.0496 Mops
1, throughput 0.0494 Mops
1, throughput 0.0494 Mops
1, throughput 0.0494 Mops
1, throughput 0.0496 Mops
1, throughput 0.0495 Mops
1, throughput 0.0496 Mops
1, throughput 0.0494 Mops
1, throughput 0.0495 Mops
1, throughput 0.0495 Mops
1, throughput 0.0495 Mops
1, throughput 0.0494 Mops
1, throughput 0.0489 Mops
1, throughput 0.0493 Mops
1, throughput 0.0497 Mops
1, throughput 0.0496 Mops
1, throughput 0.0496 Mops
1, throughput 0.0494 Mops
1, throughput 0.0497 Mops
1, throughput 0.0495 Mops
1, throughput 0.0495 Mops
1, throughput 0.0497 Mops
1, throughput 0.0497 Mops
1, throughput 0.0495 Mops
1, throughput 0.0495 Mops
1, throughput 0.0496 Mops
1, throughput 0.0495 Mops
1, throughput 0.0497 Mops
1, throughput 0.0495 Mops
1, throughput 0.0496 Mops
1, throughput 0.0497 Mops
1, throughput 0.0493 Mops
1, throughput 0.0494 Mops
1, throughput 0.0490 Mops
1, throughput 0.0495 Mops
1, throughput 0.0495 Mops
1, throughput 0.0495 Mops
1, throughput 0.0495 Mops
1, throughput 0.0496 Mops
1, throughput 0.0496 Mops
1, throughput 0.0494 Mops
1, throughput 0.0496 Mops
1, throughput 0.0493 Mops
1, throughput 0.0494 Mops
1, throughput 0.0496 Mops
1, throughput 0.0497 Mops
1, throughput 0.0495 Mops
1, throughput 0.0496 Mops
1, throughput 0.0495 Mops
1, throughput 0.0495 Mops
1, throughput 0.0494 Mops
1, throughput 0.0495 Mops
1, throughput 0.0496 Mops
1, throughput 0.0488 Mops
1, throughput 0.0495 Mops
1, throughput 0.0493 Mops
1, throughput 0.0496 Mops
1, throughput 0.0494 Mops
1, throughput 0.0496 Mops
1, throughput 0.0495 Mops
1, throughput 0.0495 Mops
1, throughput 0.0494 Mops
1, throughput 0.0495 Mops
1, throughput 0.0496 Mops
1, throughput 0.0495 Mops
1, throughput 0.0495 Mops
1, throughput 0.0494 Mops
1, throughput 0.0494 Mops
1, throughput 0.0495 Mops
1, throughput 0.0495 Mops
1, throughput 0.0495 Mops
1, throughput 0.0495 Mops
1, throughput 0.0494 Mops
1, throughput 0.0496 Mops
1, throughput 0.0487 Mops
1, throughput 0.0495 Mops
1, throughput 0.0494 Mops
1, throughput 0.0496 Mops
1, throughput 0.0496 Mops
1, throughput 0.0495 Mops
1, throughput 0.0497 Mops
1, throughput 0.0495 Mops
1, throughput 0.0494 Mops
1, throughput 0.0495 Mops
1, throughput 0.0495 Mops
1, throughput 0.0494 Mops
1, throughput 0.0494 Mops
1, throughput 0.0496 Mops
1, throughput 0.0498 Mops
1, throughput 0.0494 Mops
1, throughput 0.0494 Mops
1, throughput 0.0494 Mops
1, throughput 0.0495 Mops
1, throughput 0.0495 Mops
1, throughput 0.0489 Mops
1, throughput 0.0491 Mops
1, throughput 0.0493 Mops
1, throughput 0.0496 Mops
1, throughput 0.0494 Mops
1, throughput 0.0495 Mops
1, throughput 0.0494 Mops
1, throughput 0.0496 Mops
1, throughput 0.0495 Mops
1, throughput 0.0497 Mops
1, throughput 0.0495 Mops
1, throughput 0.0494 Mops
1, throughput 0.0496 Mops
1, throughput 0.0495 Mops
1, throughput 0.0494 Mops
1, throughput 0.0493 Mops
1, throughput 0.0495 Mops
1, throughput 0.0493 Mops
1, throughput 0.0495 Mops
1, throughput 0.0494 Mops
1, throughput 0.0495 Mops
1, throughput 0.0486 Mops
1, throughput 0.0494 Mops
1, throughput 0.0494 Mops
1, throughput 0.0493 Mops
1, throughput 0.0494 Mops
1, throughput 0.0495 Mops
1, throughput 0.0494 Mops
1, throughput 0.0495 Mops
1, throughput 0.0492 Mops
1, throughput 0.0494 Mops
1, throughput 0.0493 Mops
1, throughput 0.0494 Mops
1, throughput 0.0497 Mops
1, throughput 0.0495 Mops
1, throughput 0.0495 Mops
1, throughput 0.0492 Mops
1, throughput 0.0495 Mops
1, throughput 0.0496 Mops
1, throughput 0.0494 Mops
1, throughput 0.0495 Mops
1, throughput 0.0492 Mops
1, throughput 0.0493 Mops
1, throughput 0.0495 Mops
1, throughput 0.0496 Mops
1, throughput 0.0496 Mops
1, throughput 0.0495 Mops
1, throughput 0.0495 Mops
1, throughput 0.0496 Mops
1, throughput 0.0497 Mops
1, throughput 0.0495 Mops
1, throughput 0.0497 Mops
1, throughput 0.0497 Mops
1, throughput 0.0494 Mops
1, throughput 0.0495 Mops
1, throughput 0.0495 Mops
1, throughput 0.0496 Mops
1, throughput 0.0493 Mops
1, throughput 0.0497 Mops
1, throughput 0.0495 Mops
1, throughput 0.0495 Mops
1, throughput 0.0494 Mops
1, throughput 0.0489 Mops
1, throughput 0.0496 Mops
1, throughput 0.0497 Mops
1, throughput 0.0495 Mops
1, throughput 0.0497 Mops
1, throughput 0.0496 Mops
1, throughput 0.0495 Mops
1, throughput 0.0495 Mops
1, throughput 0.0494 Mops
1, throughput 0.0493 Mops
1, throughput 0.0494 Mops
1, throughput 0.0496 Mops
1, throughput 0.0494 Mops
1, throughput 0.0495 Mops
1, throughput 0.0495 Mops
1, throughput 0.0495 Mops
1, throughput 0.0495 Mops
1, throughput 0.0496 Mops
1, throughput 0.0495 Mops
1, throughput 0.0495 Mops
1, throughput 0.0493 Mops
1, throughput 0.0490 Mops
1, throughput 0.0496 Mops
1, throughput 0.0496 Mops
1, throughput 0.0495 Mops
1, throughput 0.0495 Mops
1, throughput 0.0496 Mops
1, throughput 0.0495 Mops
1, throughput 0.0496 Mops
1, throughput 0.0497 Mops
1, throughput 0.0495 Mops
1, throughput 0.0494 Mops
1, throughput 0.0496 Mops
1, throughput 0.0496 Mops
1, throughput 0.0495 Mops
1, throughput 0.0495 Mops
1, throughput 0.0496 Mops
1, throughput 0.0496 Mops
1, throughput 0.0495 Mops
1, throughput 0.0496 Mops
1, throughput 0.0497 Mops
1, throughput 0.0489 Mops
1, throughput 0.0496 Mops
1, throughput 0.0497 Mops
1, throughput 0.0494 Mops
1, throughput 0.0496 Mops
1, throughput 0.0494 Mops
1, throughput 0.0495 Mops
1, throughput 0.0495 Mops
1, throughput 0.0495 Mops
1, throughput 0.0495 Mops
1, throughput 0.0494 Mops
1, throughput 0.0496 Mops
1, throughput 0.0496 Mops
1, throughput 0.0496 Mops
1, throughput 0.0494 Mops
1, throughput 0.0495 Mops
1, throughput 0.0496 Mops
1, throughput 0.0496 Mops
1, throughput 0.0496 Mops
1, throughput 0.0495 Mops
1, throughput 0.0495 Mops
1, throughput 0.0488 Mops
1, throughput 0.0494 Mops
1, throughput 0.0495 Mops
1, throughput 0.0496 Mops
1, throughput 0.0496 Mops
1, throughput 0.0495 Mops
1, throughput 0.0494 Mops
1, throughput 0.0494 Mops
1, throughput 0.0495 Mops
1, throughput 0.0495 Mops
1, throughput 0.0495 Mops
1, throughput 0.0495 Mops
1, throughput 0.0493 Mops
1, throughput 0.0494 Mops
1, throughput 0.0495 Mops
1, throughput 0.0495 Mops
1, throughput 0.0497 Mops
1, throughput 0.0496 Mops
1, throughput 0.0496 Mops
1, throughput 0.0495 Mops
1, throughput 0.0490 Mops
1, throughput 0.0492 Mops
1, throughput 0.0495 Mops
1, throughput 0.0495 Mops
1, throughput 0.0494 Mops
1, throughput 0.0497 Mops
1, throughput 0.0496 Mops
1, throughput 0.0495 Mops
1, throughput 0.0495 Mops
1, throughput 0.0495 Mops
1, throughput 0.0496 Mops
1, throughput 0.0493 Mops
1, throughput 0.0495 Mops
1, throughput 0.0496 Mops
1, throughput 0.0495 Mops
1, throughput 0.0496 Mops
1, throughput 0.0496 Mops
1, throughput 0.0496 Mops
1, throughput 0.0496 Mops
1, throughput 0.0496 Mops
1, throughput 0.0496 Mops
1, throughput 0.0489 Mops
1, throughput 0.0494 Mops
1, throughput 0.0497 Mops
1, throughput 0.0497 Mops
1, throughput 0.0496 Mops
1, throughput 0.0495 Mops
1, throughput 0.0494 Mops
1, throughput 0.0496 Mops
1, throughput 0.0496 Mops
1, throughput 0.0496 Mops
1, throughput 0.0496 Mops
1, throughput 0.0495 Mops
1, throughput 0.0495 Mops
1, throughput 0.0496 Mops
1, throughput 0.0496 Mops
1, throughput 0.0495 Mops
1, throughput 0.0496 Mops
1, throughput 0.0495 Mops
1, throughput 0.0495 Mops
1, throughput 0.0496 Mops
1, throughput 0.0494 Mops
1, throughput 0.0490 Mops
1, throughput 0.0495 Mops
1, throughput 0.0494 Mops
1, throughput 0.0496 Mops
1, throughput 0.0498 Mops
1, throughput 0.0497 Mops
1, throughput 0.0495 Mops
1, throughput 0.0496 Mops
1, throughput 0.0496 Mops
1, throughput 0.0494 Mops
1, throughput 0.0496 Mops
1, throughput 0.0495 Mops
1, throughput 0.0496 Mops
1, throughput 0.0493 Mops
1, throughput 0.0497 Mops
1, throughput 0.0494 Mops
1, throughput 0.0496 Mops
1, throughput 0.0495 Mops
1, throughput 0.0495 Mops
1, throughput 0.0493 Mops
1, throughput 0.0486 Mops
1, throughput 0.0494 Mops
1, throughput 0.0496 Mops
1, throughput 0.0495 Mops
1, throughput 0.0494 Mops
1, throughput 0.0497 Mops
1, throughput 0.0495 Mops
1, throughput 0.0494 Mops
1, throughput 0.0496 Mops
1, throughput 0.0494 Mops
1, throughput 0.0495 Mops
1, throughput 0.0496 Mops
1, throughput 0.0496 Mops
1, throughput 0.0493 Mops
1, throughput 0.0495 Mops
1, throughput 0.0494 Mops
1, throughput 0.0495 Mops
1, throughput 0.0496 Mops
1, throughput 0.0496 Mops
1, throughput 0.0496 Mops
1, throughput 0.0494 Mops
1, throughput 0.0487 Mops
1, throughput 0.0495 Mops
1, throughput 0.0497 Mops
1, throughput 0.0495 Mops
1, throughput 0.0493 Mops
1, throughput 0.0495 Mops
1, throughput 0.0495 Mops
1, throughput 0.0494 Mops
1, throughput 0.0496 Mops
1, throughput 0.0494 Mops
1, throughput 0.0494 Mops
1, throughput 0.0494 Mops
1, throughput 0.0494 Mops
1, throughput 0.0496 Mops
1, throughput 0.0493 Mops
1, throughput 0.0495 Mops
1, throughput 0.0494 Mops
1, throughput 0.0496 Mops
1, throughput 0.0496 Mops
1, throughput 0.0495 Mops
1, throughput 0.0488 Mops
1, throughput 0.0493 Mops
1, throughput 0.0494 Mops
1, throughput 0.0496 Mops
1, throughput 0.0493 Mops
1, throughput 0.0495 Mops
1, throughput 0.0495 Mops
1, throughput 0.0494 Mops
1, throughput 0.0497 Mops
1, throughput 0.0497 Mops
1, throughput 0.0494 Mops
1, throughput 0.0496 Mops
1, throughput 0.0496 Mops
1, throughput 0.0490 Mops
1, throughput 0.0469 Mops
1, throughput 0.0447 Mops
1, throughput 0.0413 Mops
1, throughput 0.0391 Mops
1, throughput 0.0380 Mops
1, throughput 0.0344 Mops
1, throughput 0.0314 Mops
1, throughput 0.0307 Mops
1, throughput 0.0307 Mops
1, throughput 0.0309 Mops
1, throughput 0.0307 Mops
1, throughput 0.0307 Mops
1, throughput 0.0307 Mops
1, throughput 0.0307 Mops
1, throughput 0.0307 Mops
1, throughput 0.0308 Mops
1, throughput 0.0306 Mops
1, throughput 0.0307 Mops
1, throughput 0.0308 Mops
1, throughput 0.0309 Mops
1, throughput 0.0308 Mops
1, throughput 0.0309 Mops
1, throughput 0.0308 Mops
1, throughput 0.0307 Mops
1, throughput 0.0308 Mops
1, throughput 0.0308 Mops
1, throughput 0.0307 Mops
1, throughput 0.0307 Mops
1, throughput 0.0304 Mops
1, throughput 0.0308 Mops
1, throughput 0.0307 Mops
1, throughput 0.0308 Mops
1, throughput 0.0306 Mops
1, throughput 0.0307 Mops
1, throughput 0.0307 Mops
1, throughput 0.0308 Mops
1, throughput 0.0308 Mops
1, throughput 0.0308 Mops
1, throughput 0.0307 Mops
1, throughput 0.0308 Mops
1, throughput 0.0308 Mops
1, throughput 0.0307 Mops
1, throughput 0.0307 Mops
1, throughput 0.0306 Mops
1, throughput 0.0306 Mops
1, throughput 0.0309 Mops
1, throughput 0.0308 Mops
1, throughput 0.0307 Mops
1, throughput 0.0284 Mops
1, throughput 0.0246 Mops
1, throughput 0.0179 Mops
1, throughput 0.0147 Mops
1, throughput 0.0090 Mops
1, throughput 0.0031 Mops
1, throughput 0.0004 Mops
[RESULT node 1] ops=29999988 elapsed=616.718s throughput=0.0486 Mops mode=op-bounded
[RDMA node 1] ops=29999988 posts=3097002940 read_wr=3960973143 read_bytes=300738672609 write_wr=0 write_bytes=0 atomic_wr=0 send_wr=0 send_bytes=0
[RDMA node 1] per_op: round_trips=103.2335 reads=132.0325 writes=0.0000 atomics=0.0000 sends=0.0000 verbs=132.0325 bytes=10024.6

==================== LATENCY BUCKETS (500 ns) [node 1] ====================
[RANGE]
  ALL                n=29999988   mean=  720.70us  p50= 759.50us  p90= 938.50us  p99=1000.00us  p99.9=1000.00us  max>=1000.00us
  DIRECT (1-sided)   n=29999988   mean=  720.70us  p50= 759.50us  p90= 938.50us  p99=1000.00us  p99.9=1000.00us  max>=1000.00us
  OFFLOAD (rpc)             (no samples)
[ALL OPS]
  ALL                n=29999988   mean=  720.70us  p50= 759.50us  p90= 938.50us  p99=1000.00us  p99.9=1000.00us  max>=1000.00us
  DIRECT (1-sided)   n=29999988   mean=  720.70us  p50= 759.50us  p90= 938.50us  p99=1000.00us  p99.9=1000.00us  max>=1000.00us
  OFFLOAD (rpc)             (no samples)

----- 500 ns bucket CDF (all ops) [node 1] -----
  bucket [lo,hi) ns             count        pct       cdf
  [    10000,    10500)            1    0.0000%   0.0000%
  [    11500,    12000)            1    0.0000%   0.0000%
  [    12000,    12500)            2    0.0000%   0.0000%
  [    12500,    13000)            1    0.0000%   0.0000%
  [    13000,    13500)            1    0.0000%   0.0000%
  [    13500,    14000)            2    0.0000%   0.0000%
  [    14000,    14500)            1    0.0000%   0.0000%
  [    14500,    15000)            1    0.0000%   0.0000%
  [    16000,    16500)            2    0.0000%   0.0000%
  [    16500,    17000)            1    0.0000%   0.0000%
  [    18000,    18500)            2    0.0000%   0.0001%
  [    19500,    20000)            1    0.0000%   0.0001%
  [    21500,    22000)            1    0.0000%   0.0001%
  [    27000,    27500)            1    0.0000%   0.0001%
  [    28000,    28500)            1    0.0000%   0.0001%
  [    30000,    30500)            1    0.0000%   0.0001%
  [    30500,    31000)            1    0.0000%   0.0001%
  [    31000,    31500)            1    0.0000%   0.0001%
  [    32500,    33000)            1    0.0000%   0.0001%
  [    33500,    34000)            2    0.0000%   0.0001%
  [    34000,    34500)            2    0.0000%   0.0001%
  [    34500,    35000)            1    0.0000%   0.0001%
  [    35000,    35500)            7    0.0000%   0.0001%
  [    35500,    36000)            5    0.0000%   0.0001%
  [    36000,    36500)           10    0.0000%   0.0002%
  [    36500,    37000)           28    0.0001%   0.0003%
  [    37000,    37500)           60    0.0002%   0.0005%
  [    37500,    38000)          130    0.0004%   0.0009%
  [    38000,    38500)          260    0.0009%   0.0018%
  [    38500,    39000)          462    0.0015%   0.0033%
  [    39000,    39500)          767    0.0026%   0.0059%
  [    39500,    40000)         1270    0.0042%   0.0101%
  [    40000,    40500)         1895    0.0063%   0.0164%
  [    40500,    41000)         2841    0.0095%   0.0259%
  [    41000,    41500)         3706    0.0124%   0.0382%
  [    41500,    42000)         4950    0.0165%   0.0547%
  [    42000,    42500)         6250    0.0208%   0.0756%
  [    42500,    43000)         7454    0.0248%   0.1004%
  [    43000,    43500)         8950    0.0298%   0.1302%
  [    43500,    44000)        10867    0.0362%   0.1665%
  [    44000,    44500)        13876    0.0463%   0.2127%
  [    44500,    45000)        17759    0.0592%   0.2719%
  [    45000,    45500)        22727    0.0758%   0.3477%
  [    45500,    46000)        29413    0.0980%   0.4457%
  [    46000,    46500)        37153    0.1238%   0.5696%
  [    46500,    47000)        45266    0.1509%   0.7204%
  [    47000,    47500)        53670    0.1789%   0.8993%
  [    47500,    48000)        60941    0.2031%   1.1025%
  [    48000,    48500)        67844    0.2261%   1.3286%
  [    48500,    49000)        73056    0.2435%   1.5722%
  [    49000,    49500)        76349    0.2545%   1.8266%
  [    49500,    50000)        77423    0.2581%   2.0847%
  [    50000,    50500)        76949    0.2565%   2.3412%
  [    50500,    51000)        74791    0.2493%   2.5905%
  [    51000,    51500)        70474    0.2349%   2.8254%
  [    51500,    52000)        65548    0.2185%   3.0439%
  [    52000,    52500)        60091    0.2003%   3.2442%
  [    52500,    53000)        53855    0.1795%   3.4238%
  [    53000,    53500)        47152    0.1572%   3.5809%
  [    53500,    54000)        41034    0.1368%   3.7177%
  [    54000,    54500)        35317    0.1177%   3.8354%
  [    54500,    55000)        30277    0.1009%   3.9364%
  [    55000,    55500)        25113    0.0837%   4.0201%
  [    55500,    56000)        21170    0.0706%   4.0906%
  [    56000,    56500)        17590    0.0586%   4.1493%
  [    56500,    57000)        14493    0.0483%   4.1976%
  [    57000,    57500)        11982    0.0399%   4.2375%
  [    57500,    58000)        10153    0.0338%   4.2714%
  [    58000,    58500)         8234    0.0274%   4.2988%
  [    58500,    59000)         7033    0.0234%   4.3222%
  [    59000,    59500)         5840    0.0195%   4.3417%
  [    59500,    60000)         4733    0.0158%   4.3575%
  [    60000,    60500)         4050    0.0135%   4.3710%
  [    60500,    61000)         3457    0.0115%   4.3825%
  [    61000,    61500)         2928    0.0098%   4.3923%
  [    61500,    62000)         2401    0.0080%   4.4003%
  [    62000,    62500)         2115    0.0071%   4.4073%
  [    62500,    63000)         1865    0.0062%   4.4135%
  [    63000,    63500)         1591    0.0053%   4.4188%
  [    63500,    64000)         1450    0.0048%   4.4237%
  [    64000,    64500)         1218    0.0041%   4.4277%
  [    64500,    65000)         1162    0.0039%   4.4316%
  [    65000,    65500)         1001    0.0033%   4.4349%
  [    65500,    66000)          917    0.0031%   4.4380%
  [    66000,    66500)          770    0.0026%   4.4406%
  [    66500,    67000)          768    0.0026%   4.4431%
  [    67000,    67500)          721    0.0024%   4.4455%
  [    67500,    68000)          685    0.0023%   4.4478%
  [    68000,    68500)          562    0.0019%   4.4497%
  [    68500,    69000)          574    0.0019%   4.4516%
  [    69000,    69500)          569    0.0019%   4.4535%
  [    69500,    70000)          493    0.0016%   4.4551%
  [    70000,    70500)          516    0.0017%   4.4569%
  [    70500,    71000)          477    0.0016%   4.4585%
  [    71000,    71500)          481    0.0016%   4.4601%
  [    71500,    72000)          464    0.0015%   4.4616%
  [    72000,    72500)          489    0.0016%   4.4632%
  [    72500,    73000)          454    0.0015%   4.4647%
  [    73000,    73500)          478    0.0016%   4.4663%
  [    73500,    74000)          400    0.0013%   4.4677%
  [    74000,    74500)          412    0.0014%   4.4690%
  [    74500,    75000)          461    0.0015%   4.4706%
  [    75000,    75500)          437    0.0015%   4.4720%
  [    75500,    76000)          413    0.0014%   4.4734%
  [    76000,    76500)          420    0.0014%   4.4748%
  [    76500,    77000)          443    0.0015%   4.4763%
  [    77000,    77500)          453    0.0015%   4.4778%
  [    77500,    78000)          474    0.0016%   4.4794%
  [    78000,    78500)          444    0.0015%   4.4809%
  [    78500,    79000)          425    0.0014%   4.4823%
  [    79000,    79500)          453    0.0015%   4.4838%
  [    79500,    80000)          486    0.0016%   4.4854%
  [    80000,    80500)          451    0.0015%   4.4869%
  [    80500,    81000)          502    0.0017%   4.4886%
  [    81000,    81500)          495    0.0017%   4.4902%
  [    81500,    82000)          512    0.0017%   4.4919%
  [    82000,    82500)          533    0.0018%   4.4937%
  [    82500,    83000)          501    0.0017%   4.4954%
  [    83000,    83500)          509    0.0017%   4.4971%
  [    83500,    84000)          516    0.0017%   4.4988%
  [    84000,    84500)          556    0.0019%   4.5007%
  [    84500,    85000)          563    0.0019%   4.5025%
  [    85000,    85500)          574    0.0019%   4.5045%
  [    85500,    86000)          565    0.0019%   4.5063%
  [    86000,    86500)          543    0.0018%   4.5081%
  [    86500,    87000)          589    0.0020%   4.5101%
  [    87000,    87500)          617    0.0021%   4.5122%
  [    87500,    88000)          606    0.0020%   4.5142%
  [    88000,    88500)          609    0.0020%   4.5162%
  [    88500,    89000)          608    0.0020%   4.5182%
  [    89000,    89500)          642    0.0021%   4.5204%
  [    89500,    90000)          622    0.0021%   4.5225%
  [    90000,    90500)          651    0.0022%   4.5246%
  [    90500,    91000)          687    0.0023%   4.5269%
  [    91000,    91500)          703    0.0023%   4.5293%
  [    91500,    92000)          629    0.0021%   4.5314%
  [    92000,    92500)          670    0.0022%   4.5336%
  [    92500,    93000)          679    0.0023%   4.5359%
  [    93000,    93500)          659    0.0022%   4.5380%
  [    93500,    94000)          719    0.0024%   4.5404%
  [    94000,    94500)          762    0.0025%   4.5430%
  [    94500,    95000)          800    0.0027%   4.5457%
  [    95000,    95500)          696    0.0023%   4.5480%
  [    95500,    96000)          744    0.0025%   4.5505%
  [    96000,    96500)          736    0.0025%   4.5529%
  [    96500,    97000)          775    0.0026%   4.5555%
  [    97000,    97500)          771    0.0026%   4.5581%
  [    97500,    98000)          856    0.0029%   4.5609%
  [    98000,    98500)          771    0.0026%   4.5635%
  [    98500,    99000)          770    0.0026%   4.5660%
  [    99000,    99500)          746    0.0025%   4.5685%
  [    99500,   100000)          817    0.0027%   4.5713%
  [   100000,   100500)          853    0.0028%   4.5741%
  [   100500,   101000)          854    0.0028%   4.5769%
  [   101000,   101500)          804    0.0027%   4.5796%
  [   101500,   102000)          849    0.0028%   4.5825%
  [   102000,   102500)          859    0.0029%   4.5853%
  [   102500,   103000)          842    0.0028%   4.5881%
  [   103000,   103500)          875    0.0029%   4.5910%
  [   103500,   104000)          803    0.0027%   4.5937%
  [   104000,   104500)          899    0.0030%   4.5967%
  [   104500,   105000)          837    0.0028%   4.5995%
  [   105000,   105500)          890    0.0030%   4.6025%
  [   105500,   106000)          940    0.0031%   4.6056%
  [   106000,   106500)          934    0.0031%   4.6087%
  [   106500,   107000)          890    0.0030%   4.6117%
  [   107000,   107500)          892    0.0030%   4.6147%
  [   107500,   108000)          901    0.0030%   4.6177%
  [   108000,   108500)          883    0.0029%   4.6206%
  [   108500,   109000)          915    0.0031%   4.6237%
  [   109000,   109500)          917    0.0031%   4.6267%
  [   109500,   110000)          970    0.0032%   4.6299%
  [   110000,   110500)          935    0.0031%   4.6331%
  [   110500,   111000)          950    0.0032%   4.6362%
  [   111000,   111500)          934    0.0031%   4.6393%
  [   111500,   112000)          909    0.0030%   4.6424%
  [   112000,   112500)         1015    0.0034%   4.6458%
  [   112500,   113000)          929    0.0031%   4.6489%
  [   113000,   113500)         1007    0.0034%   4.6522%
  [   113500,   114000)          984    0.0033%   4.6555%
  [   114000,   114500)         1052    0.0035%   4.6590%
  [   114500,   115000)         1005    0.0034%   4.6623%
  [   115000,   115500)          986    0.0033%   4.6656%
  [   115500,   116000)         1037    0.0035%   4.6691%
  [   116000,   116500)          985    0.0033%   4.6724%
  [   116500,   117000)         1039    0.0035%   4.6758%
  [   117000,   117500)         1086    0.0036%   4.6795%
  [   117500,   118000)         1040    0.0035%   4.6829%
  [   118000,   118500)         1032    0.0034%   4.6864%
  [   118500,   119000)         1039    0.0035%   4.6898%
  [   119000,   119500)          989    0.0033%   4.6931%
  [   119500,   120000)         1062    0.0035%   4.6967%
  [   120000,   120500)         1078    0.0036%   4.7003%
  [   120500,   121000)         1108    0.0037%   4.7040%
  [   121000,   121500)         1075    0.0036%   4.7075%
  [   121500,   122000)         1043    0.0035%   4.7110%
  [   122000,   122500)         1026    0.0034%   4.7144%
  [   122500,   123000)         1045    0.0035%   4.7179%
  [   123000,   123500)         1105    0.0037%   4.7216%
  [   123500,   124000)         1125    0.0038%   4.7253%
  [   124000,   124500)         1046    0.0035%   4.7288%
  [   124500,   125000)         1061    0.0035%   4.7324%
  [   125000,   125500)         1079    0.0036%   4.7360%
  [   125500,   126000)         1155    0.0039%   4.7398%
  [   126000,   126500)         1104    0.0037%   4.7435%
  [   126500,   127000)         1128    0.0038%   4.7473%
  [   127000,   127500)         1082    0.0036%   4.7509%
  [   127500,   128000)         1127    0.0038%   4.7546%
  [   128000,   128500)         1147    0.0038%   4.7584%
  [   128500,   129000)         1092    0.0036%   4.7621%
  [   129000,   129500)         1116    0.0037%   4.7658%
  [   129500,   130000)         1090    0.0036%   4.7694%
  [   130000,   130500)         1097    0.0037%   4.7731%
  [   130500,   131000)         1133    0.0038%   4.7769%
  [   131000,   131500)         1157    0.0039%   4.7807%
  [   131500,   132000)         1128    0.0038%   4.7845%
  [   132000,   132500)         1148    0.0038%   4.7883%
  [   132500,   133000)         1129    0.0038%   4.7921%
  [   133000,   133500)         1161    0.0039%   4.7959%
  [   133500,   134000)         1192    0.0040%   4.7999%
  [   134000,   134500)         1126    0.0038%   4.8037%
  [   134500,   135000)         1133    0.0038%   4.8075%
  [   135000,   135500)         1178    0.0039%   4.8114%
  [   135500,   136000)         1174    0.0039%   4.8153%
  [   136000,   136500)         1159    0.0039%   4.8192%
  [   136500,   137000)         1144    0.0038%   4.8230%
  [   137000,   137500)         1166    0.0039%   4.8269%
  [   137500,   138000)         1140    0.0038%   4.8307%
  [   138000,   138500)         1123    0.0037%   4.8344%
  [   138500,   139000)         1171    0.0039%   4.8383%
  [   139000,   139500)         1187    0.0040%   4.8423%
  [   139500,   140000)         1170    0.0039%   4.8462%
  [   140000,   140500)         1157    0.0039%   4.8500%
  [   140500,   141000)         1222    0.0041%   4.8541%
  [   141000,   141500)         1171    0.0039%   4.8580%
  [   141500,   142000)         1136    0.0038%   4.8618%
  [   142000,   142500)         1162    0.0039%   4.8657%
  [   142500,   143000)         1279    0.0043%   4.8699%
  [   143000,   143500)         1154    0.0038%   4.8738%
  [   143500,   144000)         1151    0.0038%   4.8776%
  [   144000,   144500)         1095    0.0037%   4.8812%
  [   144500,   145000)         1189    0.0040%   4.8852%
  [   145000,   145500)         1201    0.0040%   4.8892%
  [   145500,   146000)         1129    0.0038%   4.8930%
  [   146000,   146500)         1221    0.0041%   4.8970%
  [   146500,   147000)         1237    0.0041%   4.9012%
  [   147000,   147500)         1203    0.0040%   4.9052%
  [   147500,   148000)         1226    0.0041%   4.9093%
  [   148000,   148500)         1221    0.0041%   4.9133%
  [   148500,   149000)         1262    0.0042%   4.9175%
  [   149000,   149500)         1271    0.0042%   4.9218%
  [   149500,   150000)         1305    0.0044%   4.9261%
  [   150000,   150500)         1311    0.0044%   4.9305%
  [   150500,   151000)         1282    0.0043%   4.9348%
  [   151000,   151500)         1272    0.0042%   4.9390%
  [   151500,   152000)         1360    0.0045%   4.9435%
  [   152000,   152500)         1325    0.0044%   4.9480%
  [   152500,   153000)         1317    0.0044%   4.9524%
  [   153000,   153500)         1292    0.0043%   4.9567%
  [   153500,   154000)         1315    0.0044%   4.9610%
  [   154000,   154500)         1295    0.0043%   4.9654%
  [   154500,   155000)         1332    0.0044%   4.9698%
  [   155000,   155500)         1364    0.0045%   4.9743%
  [   155500,   156000)         1344    0.0045%   4.9788%
  [   156000,   156500)         1316    0.0044%   4.9832%
  [   156500,   157000)         1321    0.0044%   4.9876%
  [   157000,   157500)         1355    0.0045%   4.9921%
  [   157500,   158000)         1428    0.0048%   4.9969%
  [   158000,   158500)         1370    0.0046%   5.0015%
  [   158500,   159000)         1393    0.0046%   5.0061%
  [   159000,   159500)         1416    0.0047%   5.0108%
  [   159500,   160000)         1434    0.0048%   5.0156%
  [   160000,   160500)         1378    0.0046%   5.0202%
  [   160500,   161000)         1440    0.0048%   5.0250%
  [   161000,   161500)         1409    0.0047%   5.0297%
  [   161500,   162000)         1412    0.0047%   5.0344%
  [   162000,   162500)         1405    0.0047%   5.0391%
  [   162500,   163000)         1410    0.0047%   5.0438%
  [   163000,   163500)         1459    0.0049%   5.0486%
  [   163500,   164000)         1504    0.0050%   5.0537%
  [   164000,   164500)         1484    0.0049%   5.0586%
  [   164500,   165000)         1456    0.0049%   5.0635%
  [   165000,   165500)         1496    0.0050%   5.0684%
  [   165500,   166000)         1477    0.0049%   5.0734%
  [   166000,   166500)         1439    0.0048%   5.0782%
  [   166500,   167000)         1485    0.0050%   5.0831%
  [   167000,   167500)         1479    0.0049%   5.0880%
  [   167500,   168000)         1553    0.0052%   5.0932%
  [   168000,   168500)         1465    0.0049%   5.0981%
  [   168500,   169000)         1598    0.0053%   5.1034%
  [   169000,   169500)         1491    0.0050%   5.1084%
  [   169500,   170000)         1582    0.0053%   5.1137%
  [   170000,   170500)         1581    0.0053%   5.1189%
  [   170500,   171000)         1611    0.0054%   5.1243%
  [   171000,   171500)         1599    0.0053%   5.1296%
  [   171500,   172000)         1545    0.0052%   5.1348%
  [   172000,   172500)         1603    0.0053%   5.1401%
  [   172500,   173000)         1595    0.0053%   5.1455%
  [   173000,   173500)         1663    0.0055%   5.1510%
  [   173500,   174000)         1646    0.0055%   5.1565%
  [   174000,   174500)         1630    0.0054%   5.1619%
  [   174500,   175000)         1602    0.0053%   5.1673%
  [   175000,   175500)         1658    0.0055%   5.1728%
  [   175500,   176000)         1642    0.0055%   5.1783%
  [   176000,   176500)         1645    0.0055%   5.1837%
  [   176500,   177000)         1667    0.0056%   5.1893%
  [   177000,   177500)         1715    0.0057%   5.1950%
  [   177500,   178000)         1756    0.0059%   5.2009%
  [   178000,   178500)         1739    0.0058%   5.2067%
  [   178500,   179000)         1705    0.0057%   5.2124%
  [   179000,   179500)         1755    0.0059%   5.2182%
  [   179500,   180000)         1712    0.0057%   5.2239%
  [   180000,   180500)         1778    0.0059%   5.2298%
  [   180500,   181000)         1705    0.0057%   5.2355%
  [   181000,   181500)         1804    0.0060%   5.2415%
  [   181500,   182000)         1758    0.0059%   5.2474%
  [   182000,   182500)         1871    0.0062%   5.2536%
  [   182500,   183000)         1816    0.0061%   5.2597%
  [   183000,   183500)         1790    0.0060%   5.2656%
  [   183500,   184000)         1872    0.0062%   5.2719%
  [   184000,   184500)         1876    0.0063%   5.2781%
  [   184500,   185000)         1879    0.0063%   5.2844%
  [   185000,   185500)         1821    0.0061%   5.2905%
  [   185500,   186000)         1880    0.0063%   5.2967%
  [   186000,   186500)         1844    0.0061%   5.3029%
  [   186500,   187000)         1855    0.0062%   5.3091%
  [   187000,   187500)         1890    0.0063%   5.3154%
  [   187500,   188000)         1895    0.0063%   5.3217%
  [   188000,   188500)         1969    0.0066%   5.3283%
  [   188500,   189000)         1968    0.0066%   5.3348%
  [   189000,   189500)         1922    0.0064%   5.3412%
  [   189500,   190000)         1878    0.0063%   5.3475%
  [   190000,   190500)         1946    0.0065%   5.3540%
  [   190500,   191000)         1886    0.0063%   5.3603%
  [   191000,   191500)         1995    0.0067%   5.3669%
  [   191500,   192000)         2075    0.0069%   5.3738%
  [   192000,   192500)         1897    0.0063%   5.3801%
  [   192500,   193000)         1947    0.0065%   5.3866%
  [   193000,   193500)         2008    0.0067%   5.3933%
  [   193500,   194000)         2064    0.0069%   5.4002%
  [   194000,   194500)         2019    0.0067%   5.4069%
  [   194500,   195000)         2010    0.0067%   5.4136%
  [   195000,   195500)         2030    0.0068%   5.4204%
  [   195500,   196000)         2050    0.0068%   5.4272%
  [   196000,   196500)         2104    0.0070%   5.4342%
  [   196500,   197000)         2090    0.0070%   5.4412%
  [   197000,   197500)         2008    0.0067%   5.4479%
  [   197500,   198000)         2045    0.0068%   5.4547%
  [   198000,   198500)         2133    0.0071%   5.4618%
  [   198500,   199000)         2069    0.0069%   5.4687%
  [   199000,   199500)         2131    0.0071%   5.4758%
  [   199500,   200000)         2054    0.0068%   5.4827%
  [   200000,   200500)         2076    0.0069%   5.4896%
  [   200500,   201000)         2203    0.0073%   5.4969%
  [   201000,   201500)         2154    0.0072%   5.5041%
  [   201500,   202000)         2208    0.0074%   5.5115%
  [   202000,   202500)         2138    0.0071%   5.5186%
  [   202500,   203000)         2196    0.0073%   5.5259%
  [   203000,   203500)         2188    0.0073%   5.5332%
  [   203500,   204000)         2177    0.0073%   5.5405%
  [   204000,   204500)         2223    0.0074%   5.5479%
  [   204500,   205000)         2154    0.0072%   5.5551%
  [   205000,   205500)         2239    0.0075%   5.5625%
  [   205500,   206000)         2287    0.0076%   5.5702%
  [   206000,   206500)         2150    0.0072%   5.5773%
  [   206500,   207000)         2266    0.0076%   5.5849%
  [   207000,   207500)         2189    0.0073%   5.5922%
  [   207500,   208000)         2206    0.0074%   5.5995%
  [   208000,   208500)         2258    0.0075%   5.6071%
  [   208500,   209000)         2228    0.0074%   5.6145%
  [   209000,   209500)         2223    0.0074%   5.6219%
  [   209500,   210000)         2328    0.0078%   5.6297%
  [   210000,   210500)         2243    0.0075%   5.6371%
  [   210500,   211000)         2290    0.0076%   5.6448%
  [   211000,   211500)         2204    0.0073%   5.6521%
  [   211500,   212000)         2250    0.0075%   5.6596%
  [   212000,   212500)         2264    0.0075%   5.6672%
  [   212500,   213000)         2335    0.0078%   5.6749%
  [   213000,   213500)         2333    0.0078%   5.6827%
  [   213500,   214000)         2369    0.0079%   5.6906%
  [   214000,   214500)         2277    0.0076%   5.6982%
  [   214500,   215000)         2308    0.0077%   5.7059%
  [   215000,   215500)         2291    0.0076%   5.7135%
  [   215500,   216000)         2298    0.0077%   5.7212%
  [   216000,   216500)         2366    0.0079%   5.7291%
  [   216500,   217000)         2366    0.0079%   5.7370%
  [   217000,   217500)         2270    0.0076%   5.7445%
  [   217500,   218000)         2327    0.0078%   5.7523%
  [   218000,   218500)         2295    0.0077%   5.7599%
  [   218500,   219000)         2478    0.0083%   5.7682%
  [   219000,   219500)         2413    0.0080%   5.7762%
  [   219500,   220000)         2332    0.0078%   5.7840%
  [   220000,   220500)         2320    0.0077%   5.7917%
  [   220500,   221000)         2407    0.0080%   5.7998%
  [   221000,   221500)         2429    0.0081%   5.8079%
  [   221500,   222000)         2367    0.0079%   5.8158%
  [   222000,   222500)         2373    0.0079%   5.8237%
  [   222500,   223000)         2413    0.0080%   5.8317%
  [   223000,   223500)         2409    0.0080%   5.8397%
  [   223500,   224000)         2358    0.0079%   5.8476%
  [   224000,   224500)         2297    0.0077%   5.8553%
  [   224500,   225000)         2418    0.0081%   5.8633%
  [   225000,   225500)         2395    0.0080%   5.8713%
  [   225500,   226000)         2403    0.0080%   5.8793%
  [   226000,   226500)         2297    0.0077%   5.8870%
  [   226500,   227000)         2332    0.0078%   5.8947%
  [   227000,   227500)         2444    0.0081%   5.9029%
  [   227500,   228000)         2441    0.0081%   5.9110%
  [   228000,   228500)         2413    0.0080%   5.9191%
  [   228500,   229000)         2425    0.0081%   5.9272%
  [   229000,   229500)         2468    0.0082%   5.9354%
  [   229500,   230000)         2386    0.0080%   5.9433%
  [   230000,   230500)         2485    0.0083%   5.9516%
  [   230500,   231000)         2474    0.0082%   5.9599%
  [   231000,   231500)         2447    0.0082%   5.9680%
  [   231500,   232000)         2425    0.0081%   5.9761%
  [   232000,   232500)         2502    0.0083%   5.9844%
  [   232500,   233000)         2568    0.0086%   5.9930%
  [   233000,   233500)         2480    0.0083%   6.0013%
  [   233500,   234000)         2465    0.0082%   6.0095%
  [   234000,   234500)         2496    0.0083%   6.0178%
  [   234500,   235000)         2472    0.0082%   6.0260%
  [   235000,   235500)         2478    0.0083%   6.0343%
  [   235500,   236000)         2458    0.0082%   6.0425%
  [   236000,   236500)         2532    0.0084%   6.0509%
  [   236500,   237000)         2445    0.0082%   6.0591%
  [   237000,   237500)         2487    0.0083%   6.0674%
  [   237500,   238000)         2483    0.0083%   6.0757%
  [   238000,   238500)         2478    0.0083%   6.0839%
  [   238500,   239000)         2498    0.0083%   6.0922%
  [   239000,   239500)         2525    0.0084%   6.1007%
  [   239500,   240000)         2517    0.0084%   6.1090%
  [   240000,   240500)         2492    0.0083%   6.1174%
  [   240500,   241000)         2505    0.0084%   6.1257%
  [   241000,   241500)         2560    0.0085%   6.1342%
  [   241500,   242000)         2523    0.0084%   6.1426%
  [   242000,   242500)         2513    0.0084%   6.1510%
  [   242500,   243000)         2504    0.0083%   6.1594%
  [   243000,   243500)         2435    0.0081%   6.1675%
  [   243500,   244000)         2514    0.0084%   6.1759%
  [   244000,   244500)         2473    0.0082%   6.1841%
  [   244500,   245000)         2513    0.0084%   6.1925%
  [   245000,   245500)         2605    0.0087%   6.2012%
  [   245500,   246000)         2533    0.0084%   6.2096%
  [   246000,   246500)         2408    0.0080%   6.2176%
  [   246500,   247000)         2544    0.0085%   6.2261%
  [   247000,   247500)         2474    0.0082%   6.2344%
  [   247500,   248000)         2536    0.0085%   6.2428%
  [   248000,   248500)         2506    0.0084%   6.2512%
  [   248500,   249000)         2575    0.0086%   6.2598%
  [   249000,   249500)         2473    0.0082%   6.2680%
  [   249500,   250000)         2476    0.0083%   6.2763%
  [   250000,   250500)         2475    0.0083%   6.2845%
  [   250500,   251000)         2577    0.0086%   6.2931%
  [   251000,   251500)         2565    0.0086%   6.3016%
  [   251500,   252000)         2411    0.0080%   6.3097%
  [   252000,   252500)         2528    0.0084%   6.3181%
  [   252500,   253000)         2523    0.0084%   6.3265%
  [   253000,   253500)         2486    0.0083%   6.3348%
  [   253500,   254000)         2506    0.0084%   6.3432%
  [   254000,   254500)         2478    0.0083%   6.3514%
  [   254500,   255000)         2553    0.0085%   6.3599%
  [   255000,   255500)         2473    0.0082%   6.3682%
  [   255500,   256000)         2501    0.0083%   6.3765%
  [   256000,   256500)         2548    0.0085%   6.3850%
  [   256500,   257000)         2530    0.0084%   6.3934%
  [   257000,   257500)         2494    0.0083%   6.4017%
  [   257500,   258000)         2459    0.0082%   6.4099%
  [   258000,   258500)         2624    0.0087%   6.4187%
  [   258500,   259000)         2575    0.0086%   6.4273%
  [   259000,   259500)         2576    0.0086%   6.4359%
  [   259500,   260000)         2513    0.0084%   6.4442%
  [   260000,   260500)         2560    0.0085%   6.4528%
  [   260500,   261000)         2607    0.0087%   6.4615%
  [   261000,   261500)         2479    0.0083%   6.4697%
  [   261500,   262000)         2523    0.0084%   6.4781%
  [   262000,   262500)         2482    0.0083%   6.4864%
  [   262500,   263000)         2551    0.0085%   6.4949%
  [   263000,   263500)         2528    0.0084%   6.5033%
  [   263500,   264000)         2560    0.0085%   6.5119%
  [   264000,   264500)         2543    0.0085%   6.5203%
  [   264500,   265000)         2558    0.0085%   6.5289%
  [   265000,   265500)         2511    0.0084%   6.5372%
  [   265500,   266000)         2508    0.0084%   6.5456%
  [   266000,   266500)         2560    0.0085%   6.5541%
  [   266500,   267000)         2486    0.0083%   6.5624%
  [   267000,   267500)         2553    0.0085%   6.5709%
  [   267500,   268000)         2503    0.0083%   6.5793%
  [   268000,   268500)         2513    0.0084%   6.5877%
  [   268500,   269000)         2570    0.0086%   6.5962%
  [   269000,   269500)         2542    0.0085%   6.6047%
  [   269500,   270000)         2494    0.0083%   6.6130%
  [   270000,   270500)         2605    0.0087%   6.6217%
  [   270500,   271000)         2531    0.0084%   6.6301%
  [   271000,   271500)         2540    0.0085%   6.6386%
  [   271500,   272000)         2499    0.0083%   6.6469%
  [   272000,   272500)         2445    0.0082%   6.6551%
  [   272500,   273000)         2484    0.0083%   6.6634%
  [   273000,   273500)         2510    0.0084%   6.6717%
  [   273500,   274000)         2607    0.0087%   6.6804%
  [   274000,   274500)         2643    0.0088%   6.6892%
  [   274500,   275000)         2438    0.0081%   6.6973%
  [   275000,   275500)         2565    0.0086%   6.7059%
  [   275500,   276000)         2553    0.0085%   6.7144%
  [   276000,   276500)         2470    0.0082%   6.7226%
  [   276500,   277000)         2462    0.0082%   6.7308%
  [   277000,   277500)         2621    0.0087%   6.7396%
  [   277500,   278000)         2528    0.0084%   6.7480%
  [   278000,   278500)         2487    0.0083%   6.7563%
  [   278500,   279000)         2548    0.0085%   6.7648%
  [   279000,   279500)         2614    0.0087%   6.7735%
  [   279500,   280000)         2444    0.0081%   6.7817%
  [   280000,   280500)         2562    0.0085%   6.7902%
  [   280500,   281000)         2578    0.0086%   6.7988%
  [   281000,   281500)         2454    0.0082%   6.8070%
  [   281500,   282000)         2488    0.0083%   6.8153%
  [   282000,   282500)         2602    0.0087%   6.8239%
  [   282500,   283000)         2530    0.0084%   6.8324%
  [   283000,   283500)         2553    0.0085%   6.8409%
  [   283500,   284000)         2595    0.0087%   6.8495%
  [   284000,   284500)         2579    0.0086%   6.8581%
  [   284500,   285000)         2463    0.0082%   6.8663%
  [   285000,   285500)         2620    0.0087%   6.8751%
  [   285500,   286000)         2496    0.0083%   6.8834%
  [   286000,   286500)         2445    0.0082%   6.8915%
  [   286500,   287000)         2531    0.0084%   6.9000%
  [   287000,   287500)         2548    0.0085%   6.9085%
  [   287500,   288000)         2495    0.0083%   6.9168%
  [   288000,   288500)         2501    0.0083%   6.9251%
  [   288500,   289000)         2477    0.0083%   6.9334%
  [   289000,   289500)         2514    0.0084%   6.9418%
  [   289500,   290000)         2569    0.0086%   6.9503%
  [   290000,   290500)         2559    0.0085%   6.9589%
  [   290500,   291000)         2487    0.0083%   6.9671%
  [   291000,   291500)         2444    0.0081%   6.9753%
  [   291500,   292000)         2544    0.0085%   6.9838%
  [   292000,   292500)         2460    0.0082%   6.9920%
  [   292500,   293000)         2542    0.0085%   7.0004%
  [   293000,   293500)         2515    0.0084%   7.0088%
  [   293500,   294000)         2492    0.0083%   7.0171%
  [   294000,   294500)         2479    0.0083%   7.0254%
  [   294500,   295000)         2515    0.0084%   7.0338%
  [   295000,   295500)         2463    0.0082%   7.0420%
  [   295500,   296000)         2509    0.0084%   7.0504%
  [   296000,   296500)         2477    0.0083%   7.0586%
  [   296500,   297000)         2526    0.0084%   7.0670%
  [   297000,   297500)         2465    0.0082%   7.0752%
  [   297500,   298000)         2475    0.0083%   7.0835%
  [   298000,   298500)         2443    0.0081%   7.0916%
  [   298500,   299000)         2472    0.0082%   7.0999%
  [   299000,   299500)         2423    0.0081%   7.1080%
  [   299500,   300000)         2451    0.0082%   7.1161%
  [   300000,   300500)         2509    0.0084%   7.1245%
  [   300500,   301000)         2490    0.0083%   7.1328%
  [   301000,   301500)         2512    0.0084%   7.1412%
  [   301500,   302000)         2458    0.0082%   7.1494%
  [   302000,   302500)         2428    0.0081%   7.1574%
  [   302500,   303000)         2544    0.0085%   7.1659%
  [   303000,   303500)         2450    0.0082%   7.1741%
  [   303500,   304000)         2471    0.0082%   7.1823%
  [   304000,   304500)         2475    0.0083%   7.1906%
  [   304500,   305000)         2494    0.0083%   7.1989%
  [   305000,   305500)         2485    0.0083%   7.2072%
  [   305500,   306000)         2384    0.0079%   7.2151%
  [   306000,   306500)         2493    0.0083%   7.2234%
  [   306500,   307000)         2458    0.0082%   7.2316%
  [   307000,   307500)         2454    0.0082%   7.2398%
  [   307500,   308000)         2322    0.0077%   7.2475%
  [   308000,   308500)         2408    0.0080%   7.2556%
  [   308500,   309000)         2412    0.0080%   7.2636%
  [   309000,   309500)         2449    0.0082%   7.2718%
  [   309500,   310000)         2440    0.0081%   7.2799%
  [   310000,   310500)         2441    0.0081%   7.2880%
  [   310500,   311000)         2540    0.0085%   7.2965%
  [   311000,   311500)         2437    0.0081%   7.3046%
  [   311500,   312000)         2466    0.0082%   7.3129%
  [   312000,   312500)         2419    0.0081%   7.3209%
  [   312500,   313000)         2459    0.0082%   7.3291%
  [   313000,   313500)         2380    0.0079%   7.3371%
  [   313500,   314000)         2439    0.0081%   7.3452%
  [   314000,   314500)         2342    0.0078%   7.3530%
  [   314500,   315000)         2509    0.0084%   7.3614%
  [   315000,   315500)         2421    0.0081%   7.3694%
  [   315500,   316000)         2377    0.0079%   7.3773%
  [   316000,   316500)         2413    0.0080%   7.3854%
  [   316500,   317000)         2419    0.0081%   7.3935%
  [   317000,   317500)         2358    0.0079%   7.4013%
  [   317500,   318000)         2430    0.0081%   7.4094%
  [   318000,   318500)         2433    0.0081%   7.4175%
  [   318500,   319000)         2427    0.0081%   7.4256%
  [   319000,   319500)         2448    0.0082%   7.4338%
  [   319500,   320000)         2369    0.0079%   7.4417%
  [   320000,   320500)         2348    0.0078%   7.4495%
  [   320500,   321000)         2361    0.0079%   7.4574%
  [   321000,   321500)         2360    0.0079%   7.4652%
  [   321500,   322000)         2330    0.0078%   7.4730%
  [   322000,   322500)         2443    0.0081%   7.4811%
  [   322500,   323000)         2399    0.0080%   7.4891%
  [   323000,   323500)         2361    0.0079%   7.4970%
  [   323500,   324000)         2425    0.0081%   7.5051%
  [   324000,   324500)         2325    0.0078%   7.5128%
  [   324500,   325000)         2297    0.0077%   7.5205%
  [   325000,   325500)         2417    0.0081%   7.5286%
  [   325500,   326000)         2250    0.0075%   7.5361%
  [   326000,   326500)         2376    0.0079%   7.5440%
  [   326500,   327000)         2400    0.0080%   7.5520%
  [   327000,   327500)         2442    0.0081%   7.5601%
  [   327500,   328000)         2467    0.0082%   7.5683%
  [   328000,   328500)         2307    0.0077%   7.5760%
  [   328500,   329000)         2341    0.0078%   7.5838%
  [   329000,   329500)         2378    0.0079%   7.5918%
  [   329500,   330000)         2444    0.0081%   7.5999%
  [   330000,   330500)         2405    0.0080%   7.6079%
  [   330500,   331000)         2333    0.0078%   7.6157%
  [   331000,   331500)         2426    0.0081%   7.6238%
  [   331500,   332000)         2291    0.0076%   7.6314%
  [   332000,   332500)         2408    0.0080%   7.6394%
  [   332500,   333000)         2425    0.0081%   7.6475%
  [   333000,   333500)         2386    0.0080%   7.6555%
  [   333500,   334000)         2372    0.0079%   7.6634%
  [   334000,   334500)         2403    0.0080%   7.6714%
  [   334500,   335000)         2396    0.0080%   7.6794%
  [   335000,   335500)         2355    0.0079%   7.6872%
  [   335500,   336000)         2374    0.0079%   7.6952%
  [   336000,   336500)         2460    0.0082%   7.7034%
  [   336500,   337000)         2348    0.0078%   7.7112%
  [   337000,   337500)         2463    0.0082%   7.7194%
  [   337500,   338000)         2360    0.0079%   7.7273%
  [   338000,   338500)         2326    0.0078%   7.7350%
  [   338500,   339000)         2367    0.0079%   7.7429%
  [   339000,   339500)         2341    0.0078%   7.7507%
  [   339500,   340000)         2331    0.0078%   7.7585%
  [   340000,   340500)         2405    0.0080%   7.7665%
  [   340500,   341000)         2352    0.0078%   7.7743%
  [   341000,   341500)         2405    0.0080%   7.7823%
  [   341500,   342000)         2352    0.0078%   7.7902%
  [   342000,   342500)         2451    0.0082%   7.7984%
  [   342500,   343000)         2284    0.0076%   7.8060%
  [   343000,   343500)         2286    0.0076%   7.8136%
  [   343500,   344000)         2331    0.0078%   7.8214%
  [   344000,   344500)         2346    0.0078%   7.8292%
  [   344500,   345000)         2367    0.0079%   7.8371%
  [   345000,   345500)         2354    0.0078%   7.8449%
  [   345500,   346000)         2335    0.0078%   7.8527%
  [   346000,   346500)         2407    0.0080%   7.8607%
  [   346500,   347000)         2348    0.0078%   7.8685%
  [   347000,   347500)         2309    0.0077%   7.8762%
  [   347500,   348000)         2343    0.0078%   7.8841%
  [   348000,   348500)         2283    0.0076%   7.8917%
  [   348500,   349000)         2397    0.0080%   7.8997%
  [   349000,   349500)         2293    0.0076%   7.9073%
  [   349500,   350000)         2346    0.0078%   7.9151%
  [   350000,   350500)         2357    0.0079%   7.9230%
  [   350500,   351000)         2313    0.0077%   7.9307%
  [   351000,   351500)         2304    0.0077%   7.9384%
  [   351500,   352000)         2282    0.0076%   7.9460%
  [   352000,   352500)         2272    0.0076%   7.9535%
  [   352500,   353000)         2370    0.0079%   7.9614%
  [   353000,   353500)         2310    0.0077%   7.9691%
  [   353500,   354000)         2333    0.0078%   7.9769%
  [   354000,   354500)         2304    0.0077%   7.9846%
  [   354500,   355000)         2381    0.0079%   7.9925%
  [   355000,   355500)         2432    0.0081%   8.0006%
  [   355500,   356000)         2391    0.0080%   8.0086%
  [   356000,   356500)         2308    0.0077%   8.0163%
  [   356500,   357000)         2411    0.0080%   8.0243%
  [   357000,   357500)         2404    0.0080%   8.0324%
  [   357500,   358000)         2292    0.0076%   8.0400%
  [   358000,   358500)         2304    0.0077%   8.0477%
  [   358500,   359000)         2317    0.0077%   8.0554%
  [   359000,   359500)         2431    0.0081%   8.0635%
  [   359500,   360000)         2323    0.0077%   8.0712%
  [   360000,   360500)         2316    0.0077%   8.0790%
  [   360500,   361000)         2300    0.0077%   8.0866%
  [   361000,   361500)         2345    0.0078%   8.0945%
  [   361500,   362000)         2304    0.0077%   8.1021%
  [   362000,   362500)         2347    0.0078%   8.1100%
  [   362500,   363000)         2252    0.0075%   8.1175%
  [   363000,   363500)         2376    0.0079%   8.1254%
  [   363500,   364000)         2259    0.0075%   8.1329%
  [   364000,   364500)         2339    0.0078%   8.1407%
  [   364500,   365000)         2307    0.0077%   8.1484%
  [   365000,   365500)         2280    0.0076%   8.1560%
  [   365500,   366000)         2315    0.0077%   8.1637%
  [   366000,   366500)         2338    0.0078%   8.1715%
  [   366500,   367000)         2290    0.0076%   8.1791%
  [   367000,   367500)         2404    0.0080%   8.1872%
  [   367500,   368000)         2337    0.0078%   8.1949%
  [   368000,   368500)         2326    0.0078%   8.2027%
  [   368500,   369000)         2262    0.0075%   8.2102%
  [   369000,   369500)         2362    0.0079%   8.2181%
  [   369500,   370000)         2302    0.0077%   8.2258%
  [   370000,   370500)         2272    0.0076%   8.2334%
  [   370500,   371000)         2354    0.0078%   8.2412%
  [   371000,   371500)         2376    0.0079%   8.2491%
  [   371500,   372000)         2470    0.0082%   8.2574%
  [   372000,   372500)         2385    0.0080%   8.2653%
  [   372500,   373000)         2341    0.0078%   8.2731%
  [   373000,   373500)         2327    0.0078%   8.2809%
  [   373500,   374000)         2442    0.0081%   8.2890%
  [   374000,   374500)         2296    0.0077%   8.2967%
  [   374500,   375000)         2249    0.0075%   8.3042%
  [   375000,   375500)         2326    0.0078%   8.3119%
  [   375500,   376000)         2269    0.0076%   8.3195%
  [   376000,   376500)         2465    0.0082%   8.3277%
  [   376500,   377000)         2333    0.0078%   8.3355%
  [   377000,   377500)         2284    0.0076%   8.3431%
  [   377500,   378000)         2345    0.0078%   8.3509%
  [   378000,   378500)         2390    0.0080%   8.3589%
  [   378500,   379000)         2370    0.0079%   8.3668%
  [   379000,   379500)         2309    0.0077%   8.3745%
  [   379500,   380000)         2318    0.0077%   8.3822%
  [   380000,   380500)         2386    0.0080%   8.3901%
  [   380500,   381000)         2382    0.0079%   8.3981%
  [   381000,   381500)         2295    0.0077%   8.4057%
  [   381500,   382000)         2337    0.0078%   8.4135%
  [   382000,   382500)         2324    0.0077%   8.4213%
  [   382500,   383000)         2370    0.0079%   8.4292%
  [   383000,   383500)         2378    0.0079%   8.4371%
  [   383500,   384000)         2329    0.0078%   8.4449%
  [   384000,   384500)         2346    0.0078%   8.4527%
  [   384500,   385000)         2364    0.0079%   8.4606%
  [   385000,   385500)         2383    0.0079%   8.4685%
  [   385500,   386000)         2344    0.0078%   8.4763%
  [   386000,   386500)         2369    0.0079%   8.4842%
  [   386500,   387000)         2325    0.0078%   8.4920%
  [   387000,   387500)         2417    0.0081%   8.5000%
  [   387500,   388000)         2369    0.0079%   8.5079%
  [   388000,   388500)         2445    0.0082%   8.5161%
  [   388500,   389000)         2319    0.0077%   8.5238%
  [   389000,   389500)         2417    0.0081%   8.5319%
  [   389500,   390000)         2387    0.0080%   8.5398%
  [   390000,   390500)         2361    0.0079%   8.5477%
  [   390500,   391000)         2390    0.0080%   8.5556%
  [   391000,   391500)         2356    0.0079%   8.5635%
  [   391500,   392000)         2394    0.0080%   8.5715%
  [   392000,   392500)         2346    0.0078%   8.5793%
  [   392500,   393000)         2446    0.0082%   8.5875%
  [   393000,   393500)         2405    0.0080%   8.5955%
  [   393500,   394000)         2372    0.0079%   8.6034%
  [   394000,   394500)         2451    0.0082%   8.6115%
  [   394500,   395000)         2399    0.0080%   8.6195%
  [   395000,   395500)         2333    0.0078%   8.6273%
  [   395500,   396000)         2404    0.0080%   8.6353%
  [   396000,   396500)         2461    0.0082%   8.6435%
  [   396500,   397000)         2383    0.0079%   8.6515%
  [   397000,   397500)         2446    0.0082%   8.6596%
  [   397500,   398000)         2400    0.0080%   8.6676%
  [   398000,   398500)         2360    0.0079%   8.6755%
  [   398500,   399000)         2380    0.0079%   8.6834%
  [   399000,   399500)         2390    0.0080%   8.6914%
  [   399500,   400000)         2441    0.0081%   8.6995%
  [   400000,   400500)         2335    0.0078%   8.7073%
  [   400500,   401000)         2414    0.0080%   8.7154%
  [   401000,   401500)         2477    0.0083%   8.7236%
  [   401500,   402000)         2371    0.0079%   8.7315%
  [   402000,   402500)         2427    0.0081%   8.7396%
  [   402500,   403000)         2390    0.0080%   8.7476%
  [   403000,   403500)         2333    0.0078%   8.7554%
  [   403500,   404000)         2423    0.0081%   8.7634%
  [   404000,   404500)         2433    0.0081%   8.7715%
  [   404500,   405000)         2414    0.0080%   8.7796%
  [   405000,   405500)         2360    0.0079%   8.7875%
  [   405500,   406000)         2391    0.0080%   8.7954%
  [   406000,   406500)         2531    0.0084%   8.8039%
  [   406500,   407000)         2414    0.0080%   8.8119%
  [   407000,   407500)         2410    0.0080%   8.8199%
  [   407500,   408000)         2376    0.0079%   8.8279%
  [   408000,   408500)         2392    0.0080%   8.8358%
  [   408500,   409000)         2509    0.0084%   8.8442%
  [   409000,   409500)         2445    0.0082%   8.8524%
  [   409500,   410000)         2434    0.0081%   8.8605%
  [   410000,   410500)         2487    0.0083%   8.8688%
  [   410500,   411000)         2614    0.0087%   8.8775%
  [   411000,   411500)         2519    0.0084%   8.8859%
  [   411500,   412000)         2465    0.0082%   8.8941%
  [   412000,   412500)         2464    0.0082%   8.9023%
  [   412500,   413000)         2440    0.0081%   8.9104%
  [   413000,   413500)         2493    0.0083%   8.9187%
  [   413500,   414000)         2432    0.0081%   8.9268%
  [   414000,   414500)         2511    0.0084%   8.9352%
  [   414500,   415000)         2547    0.0085%   8.9437%
  [   415000,   415500)         2455    0.0082%   8.9519%
  [   415500,   416000)         2451    0.0082%   8.9601%
  [   416000,   416500)         2500    0.0083%   8.9684%
  [   416500,   417000)         2446    0.0082%   8.9765%
  [   417000,   417500)         2413    0.0080%   8.9846%
  [   417500,   418000)         2493    0.0083%   8.9929%
  [   418000,   418500)         2472    0.0082%   9.0011%
  [   418500,   419000)         2427    0.0081%   9.0092%
  [   419000,   419500)         2437    0.0081%   9.0174%
  [   419500,   420000)         2449    0.0082%   9.0255%
  [   420000,   420500)         2423    0.0081%   9.0336%
  [   420500,   421000)         2492    0.0083%   9.0419%
  [   421000,   421500)         2433    0.0081%   9.0500%
  [   421500,   422000)         2537    0.0085%   9.0585%
  [   422000,   422500)         2519    0.0084%   9.0669%
  [   422500,   423000)         2466    0.0082%   9.0751%
  [   423000,   423500)         2474    0.0082%   9.0833%
  [   423500,   424000)         2504    0.0083%   9.0917%
  [   424000,   424500)         2552    0.0085%   9.1002%
  [   424500,   425000)         2492    0.0083%   9.1085%
  [   425000,   425500)         2531    0.0084%   9.1169%
  [   425500,   426000)         2496    0.0083%   9.1252%
  [   426000,   426500)         2463    0.0082%   9.1335%
  [   426500,   427000)         2521    0.0084%   9.1419%
  [   427000,   427500)         2547    0.0085%   9.1504%
  [   427500,   428000)         2547    0.0085%   9.1588%
  [   428000,   428500)         2550    0.0085%   9.1673%
  [   428500,   429000)         2556    0.0085%   9.1759%
  [   429000,   429500)         2589    0.0086%   9.1845%
  [   429500,   430000)         2591    0.0086%   9.1931%
  [   430000,   430500)         2594    0.0086%   9.2018%
  [   430500,   431000)         2597    0.0087%   9.2104%
  [   431000,   431500)         2571    0.0086%   9.2190%
  [   431500,   432000)         2492    0.0083%   9.2273%
  [   432000,   432500)         2510    0.0084%   9.2357%
  [   432500,   433000)         2592    0.0086%   9.2443%
  [   433000,   433500)         2670    0.0089%   9.2532%
  [   433500,   434000)         2672    0.0089%   9.2621%
  [   434000,   434500)         2608    0.0087%   9.2708%
  [   434500,   435000)         2594    0.0086%   9.2795%
  [   435000,   435500)         2654    0.0088%   9.2883%
  [   435500,   436000)         2581    0.0086%   9.2969%
  [   436000,   436500)         2535    0.0085%   9.3054%
  [   436500,   437000)         2598    0.0087%   9.3140%
  [   437000,   437500)         2597    0.0087%   9.3227%
  [   437500,   438000)         2598    0.0087%   9.3313%
  [   438000,   438500)         2620    0.0087%   9.3401%
  [   438500,   439000)         2592    0.0086%   9.3487%
  [   439000,   439500)         2556    0.0085%   9.3572%
  [   439500,   440000)         2566    0.0086%   9.3658%
  [   440000,   440500)         2635    0.0088%   9.3746%
  [   440500,   441000)         2714    0.0090%   9.3836%
  [   441000,   441500)         2613    0.0087%   9.3923%
  [   441500,   442000)         2684    0.0089%   9.4013%
  [   442000,   442500)         2568    0.0086%   9.4098%
  [   442500,   443000)         2733    0.0091%   9.4189%
  [   443000,   443500)         2720    0.0091%   9.4280%
  [   443500,   444000)         2789    0.0093%   9.4373%
  [   444000,   444500)         2694    0.0090%   9.4463%
  [   444500,   445000)         2646    0.0088%   9.4551%
  [   445000,   445500)         2632    0.0088%   9.4639%
  [   445500,   446000)         2665    0.0089%   9.4728%
  [   446000,   446500)         2755    0.0092%   9.4819%
  [   446500,   447000)         2640    0.0088%   9.4907%
  [   447000,   447500)         2731    0.0091%   9.4998%
  [   447500,   448000)         2736    0.0091%   9.5090%
  [   448000,   448500)         2659    0.0089%   9.5178%
  [   448500,   449000)         2816    0.0094%   9.5272%
  [   449000,   449500)         2680    0.0089%   9.5362%
  [   449500,   450000)         2707    0.0090%   9.5452%
  [   450000,   450500)         2664    0.0089%   9.5541%
  [   450500,   451000)         2753    0.0092%   9.5632%
  [   451000,   451500)         2730    0.0091%   9.5723%
  [   451500,   452000)         2823    0.0094%   9.5817%
  [   452000,   452500)         2690    0.0090%   9.5907%
  [   452500,   453000)         2783    0.0093%   9.6000%
  [   453000,   453500)         2701    0.0090%   9.6090%
  [   453500,   454000)         2726    0.0091%   9.6181%
  [   454000,   454500)         2862    0.0095%   9.6276%
  [   454500,   455000)         2824    0.0094%   9.6370%
  [   455000,   455500)         2681    0.0089%   9.6460%
  [   455500,   456000)         2789    0.0093%   9.6553%
  [   456000,   456500)         2805    0.0094%   9.6646%
  [   456500,   457000)         2780    0.0093%   9.6739%
  [   457000,   457500)         2840    0.0095%   9.6833%
  [   457500,   458000)         2868    0.0096%   9.6929%
  [   458000,   458500)         2876    0.0096%   9.7025%
  [   458500,   459000)         2876    0.0096%   9.7121%
  [   459000,   459500)         2855    0.0095%   9.7216%
  [   459500,   460000)         2871    0.0096%   9.7312%
  [   460000,   460500)         2812    0.0094%   9.7405%
  [   460500,   461000)         2831    0.0094%   9.7500%
  [   461000,   461500)         2935    0.0098%   9.7598%
  [   461500,   462000)         2891    0.0096%   9.7694%
  [   462000,   462500)         2952    0.0098%   9.7792%
  [   462500,   463000)         2792    0.0093%   9.7885%
  [   463000,   463500)         2881    0.0096%   9.7981%
  [   463500,   464000)         2941    0.0098%   9.8079%
  [   464000,   464500)         2943    0.0098%   9.8178%
  [   464500,   465000)         2977    0.0099%   9.8277%
  [   465000,   465500)         2976    0.0099%   9.8376%
  [   465500,   466000)         3050    0.0102%   9.8478%
  [   466000,   466500)         2869    0.0096%   9.8573%
  [   466500,   467000)         3006    0.0100%   9.8674%
  [   467000,   467500)         3003    0.0100%   9.8774%
  [   467500,   468000)         2991    0.0100%   9.8873%
  [   468000,   468500)         3059    0.0102%   9.8975%
  [   468500,   469000)         3028    0.0101%   9.9076%
  [   469000,   469500)         2967    0.0099%   9.9175%
  [   469500,   470000)         2981    0.0099%   9.9274%
  [   470000,   470500)         3002    0.0100%   9.9375%
  [   470500,   471000)         3120    0.0104%   9.9479%
  [   471000,   471500)         3077    0.0103%   9.9581%
  [   471500,   472000)         3146    0.0105%   9.9686%
  [   472000,   472500)         3133    0.0104%   9.9790%
  [   472500,   473000)         2983    0.0099%   9.9890%
  [   473000,   473500)         3072    0.0102%   9.9992%
  [   473500,   474000)         3069    0.0102%  10.0095%
  [   474000,   474500)         3156    0.0105%  10.0200%
  [   474500,   475000)         3132    0.0104%  10.0304%
  [   475000,   475500)         3173    0.0106%  10.0410%
  [   475500,   476000)         3217    0.0107%  10.0517%
  [   476000,   476500)         3086    0.0103%  10.0620%
  [   476500,   477000)         3262    0.0109%  10.0729%
  [   477000,   477500)         3168    0.0106%  10.0834%
  [   477500,   478000)         3121    0.0104%  10.0938%
  [   478000,   478500)         3296    0.0110%  10.1048%
  [   478500,   479000)         3165    0.0106%  10.1154%
  [   479000,   479500)         3145    0.0105%  10.1259%
  [   479500,   480000)         3269    0.0109%  10.1368%
  [   480000,   480500)         3224    0.0107%  10.1475%
  [   480500,   481000)         3183    0.0106%  10.1581%
  [   481000,   481500)         3248    0.0108%  10.1689%
  [   481500,   482000)         3176    0.0106%  10.1795%
  [   482000,   482500)         3254    0.0108%  10.1904%
  [   482500,   483000)         3354    0.0112%  10.2016%
  [   483000,   483500)         3404    0.0113%  10.2129%
  [   483500,   484000)         3251    0.0108%  10.2237%
  [   484000,   484500)         3382    0.0113%  10.2350%
  [   484500,   485000)         3389    0.0113%  10.2463%
  [   485000,   485500)         3366    0.0112%  10.2575%
  [   485500,   486000)         3382    0.0113%  10.2688%
  [   486000,   486500)         3421    0.0114%  10.2802%
  [   486500,   487000)         3345    0.0112%  10.2914%
  [   487000,   487500)         3499    0.0117%  10.3030%
  [   487500,   488000)         3399    0.0113%  10.3143%
  [   488000,   488500)         3492    0.0116%  10.3260%
  [   488500,   489000)         3533    0.0118%  10.3378%
  [   489000,   489500)         3462    0.0115%  10.3493%
  [   489500,   490000)         3534    0.0118%  10.3611%
  [   490000,   490500)         3441    0.0115%  10.3726%
  [   490500,   491000)         3581    0.0119%  10.3845%
  [   491000,   491500)         3484    0.0116%  10.3961%
  [   491500,   492000)         3492    0.0116%  10.4077%
  [   492000,   492500)         3629    0.0121%  10.4198%
  [   492500,   493000)         3603    0.0120%  10.4318%
  [   493000,   493500)         3537    0.0118%  10.4436%
  [   493500,   494000)         3683    0.0123%  10.4559%
  [   494000,   494500)         3735    0.0125%  10.4684%
  [   494500,   495000)         3614    0.0120%  10.4804%
  [   495000,   495500)         3727    0.0124%  10.4928%
  [   495500,   496000)         3796    0.0127%  10.5055%
  [   496000,   496500)         3712    0.0124%  10.5179%
  [   496500,   497000)         3786    0.0126%  10.5305%
  [   497000,   497500)         3734    0.0124%  10.5429%
  [   497500,   498000)         3770    0.0126%  10.5555%
  [   498000,   498500)         3799    0.0127%  10.5682%
  [   498500,   499000)         3809    0.0127%  10.5809%
  [   499000,   499500)         3743    0.0125%  10.5933%
  [   499500,   500000)         3854    0.0128%  10.6062%
  [   500000,   500500)         3863    0.0129%  10.6191%
  [   500500,   501000)         3901    0.0130%  10.6321%
  [   501000,   501500)         3970    0.0132%  10.6453%
  [   501500,   502000)         3979    0.0133%  10.6586%
  [   502000,   502500)         3962    0.0132%  10.6718%
  [   502500,   503000)         3932    0.0131%  10.6849%
  [   503000,   503500)         4083    0.0136%  10.6985%
  [   503500,   504000)         4049    0.0135%  10.7120%
  [   504000,   504500)         3928    0.0131%  10.7251%
  [   504500,   505000)         4088    0.0136%  10.7387%
  [   505000,   505500)         4032    0.0134%  10.7521%
  [   505500,   506000)         4152    0.0138%  10.7660%
  [   506000,   506500)         4096    0.0137%  10.7796%
  [   506500,   507000)         4280    0.0143%  10.7939%
  [   507000,   507500)         4117    0.0137%  10.8076%
  [   507500,   508000)         4204    0.0140%  10.8216%
  [   508000,   508500)         4258    0.0142%  10.8358%
  [   508500,   509000)         4240    0.0141%  10.8500%
  [   509000,   509500)         4190    0.0140%  10.8639%
  [   509500,   510000)         4197    0.0140%  10.8779%
  [   510000,   510500)         4284    0.0143%  10.8922%
  [   510500,   511000)         4292    0.0143%  10.9065%
  [   511000,   511500)         4268    0.0142%  10.9207%
  [   511500,   512000)         4299    0.0143%  10.9351%
  [   512000,   512500)         4337    0.0145%  10.9495%
  [   512500,   513000)         4375    0.0146%  10.9641%
  [   513000,   513500)         4427    0.0148%  10.9789%
  [   513500,   514000)         4411    0.0147%  10.9936%
  [   514000,   514500)         4590    0.0153%  11.0089%
  [   514500,   515000)         4582    0.0153%  11.0241%
  [   515000,   515500)         4423    0.0147%  11.0389%
  [   515500,   516000)         4505    0.0150%  11.0539%
  [   516000,   516500)         4538    0.0151%  11.0690%
  [   516500,   517000)         4714    0.0157%  11.0847%
  [   517000,   517500)         4590    0.0153%  11.1000%
  [   517500,   518000)         4660    0.0155%  11.1156%
  [   518000,   518500)         4802    0.0160%  11.1316%
  [   518500,   519000)         4668    0.0156%  11.1471%
  [   519000,   519500)         4755    0.0159%  11.1630%
  [   519500,   520000)         4818    0.0161%  11.1790%
  [   520000,   520500)         4794    0.0160%  11.1950%
  [   520500,   521000)         4867    0.0162%  11.2112%
  [   521000,   521500)         4843    0.0161%  11.2274%
  [   521500,   522000)         4955    0.0165%  11.2439%
  [   522000,   522500)         4853    0.0162%  11.2601%
  [   522500,   523000)         5032    0.0168%  11.2769%
  [   523000,   523500)         5042    0.0168%  11.2937%
  [   523500,   524000)         5112    0.0170%  11.3107%
  [   524000,   524500)         4924    0.0164%  11.3271%
  [   524500,   525000)         5107    0.0170%  11.3441%
  [   525000,   525500)         4993    0.0166%  11.3608%
  [   525500,   526000)         5074    0.0169%  11.3777%
  [   526000,   526500)         5130    0.0171%  11.3948%
  [   526500,   527000)         5260    0.0175%  11.4123%
  [   527000,   527500)         5214    0.0174%  11.4297%
  [   527500,   528000)         5221    0.0174%  11.4471%
  [   528000,   528500)         5338    0.0178%  11.4649%
  [   528500,   529000)         5346    0.0178%  11.4827%
  [   529000,   529500)         5446    0.0182%  11.5009%
  [   529500,   530000)         5594    0.0186%  11.5195%
  [   530000,   530500)         5337    0.0178%  11.5373%
  [   530500,   531000)         5427    0.0181%  11.5554%
  [   531000,   531500)         5506    0.0184%  11.5738%
  [   531500,   532000)         5613    0.0187%  11.5925%
  [   532000,   532500)         5662    0.0189%  11.6113%
  [   532500,   533000)         5618    0.0187%  11.6301%
  [   533000,   533500)         5708    0.0190%  11.6491%
  [   533500,   534000)         5744    0.0191%  11.6682%
  [   534000,   534500)         5728    0.0191%  11.6873%
  [   534500,   535000)         5857    0.0195%  11.7069%
  [   535000,   535500)         5788    0.0193%  11.7262%
  [   535500,   536000)         5943    0.0198%  11.7460%
  [   536000,   536500)         5972    0.0199%  11.7659%
  [   536500,   537000)         5820    0.0194%  11.7853%
  [   537000,   537500)         5881    0.0196%  11.8049%
  [   537500,   538000)         6114    0.0204%  11.8253%
  [   538000,   538500)         6061    0.0202%  11.8455%
  [   538500,   539000)         6061    0.0202%  11.8657%
  [   539000,   539500)         6202    0.0207%  11.8863%
  [   539500,   540000)         6148    0.0205%  11.9068%
  [   540000,   540500)         6101    0.0203%  11.9272%
  [   540500,   541000)         6259    0.0209%  11.9480%
  [   541000,   541500)         6283    0.0209%  11.9690%
  [   541500,   542000)         6505    0.0217%  11.9907%
  [   542000,   542500)         6490    0.0216%  12.0123%
  [   542500,   543000)         6374    0.0212%  12.0335%
  [   543000,   543500)         6443    0.0215%  12.0550%
  [   543500,   544000)         6476    0.0216%  12.0766%
  [   544000,   544500)         6531    0.0218%  12.0984%
  [   544500,   545000)         6738    0.0225%  12.1208%
  [   545000,   545500)         6709    0.0224%  12.1432%
  [   545500,   546000)         6723    0.0224%  12.1656%
  [   546000,   546500)         6619    0.0221%  12.1877%
  [   546500,   547000)         6828    0.0228%  12.2104%
  [   547000,   547500)         6815    0.0227%  12.2331%
  [   547500,   548000)         6868    0.0229%  12.2560%
  [   548000,   548500)         6771    0.0226%  12.2786%
  [   548500,   549000)         6888    0.0230%  12.3016%
  [   549000,   549500)         7024    0.0234%  12.3250%
  [   549500,   550000)         7020    0.0234%  12.3484%
  [   550000,   550500)         6958    0.0232%  12.3716%
  [   550500,   551000)         7252    0.0242%  12.3957%
  [   551000,   551500)         7239    0.0241%  12.4199%
  [   551500,   552000)         7292    0.0243%  12.4442%
  [   552000,   552500)         7371    0.0246%  12.4687%
  [   552500,   553000)         7548    0.0252%  12.4939%
  [   553000,   553500)         7379    0.0246%  12.5185%
  [   553500,   554000)         7514    0.0250%  12.5436%
  [   554000,   554500)         7701    0.0257%  12.5692%
  [   554500,   555000)         7410    0.0247%  12.5939%
  [   555000,   555500)         7675    0.0256%  12.6195%
  [   555500,   556000)         7618    0.0254%  12.6449%
  [   556000,   556500)         7833    0.0261%  12.6710%
  [   556500,   557000)         7787    0.0260%  12.6970%
  [   557000,   557500)         7789    0.0260%  12.7229%
  [   557500,   558000)         7905    0.0264%  12.7493%
  [   558000,   558500)         7927    0.0264%  12.7757%
  [   558500,   559000)         8092    0.0270%  12.8027%
  [   559000,   559500)         8023    0.0267%  12.8294%
  [   559500,   560000)         8291    0.0276%  12.8571%
  [   560000,   560500)         8196    0.0273%  12.8844%
  [   560500,   561000)         8320    0.0277%  12.9121%
  [   561000,   561500)         8273    0.0276%  12.9397%
  [   561500,   562000)         8284    0.0276%  12.9673%
  [   562000,   562500)         8532    0.0284%  12.9957%
  [   562500,   563000)         8419    0.0281%  13.0238%
  [   563000,   563500)         8570    0.0286%  13.0524%
  [   563500,   564000)         8683    0.0289%  13.0813%
  [   564000,   564500)         8774    0.0292%  13.1106%
  [   564500,   565000)         8796    0.0293%  13.1399%
  [   565000,   565500)         8644    0.0288%  13.1687%
  [   565500,   566000)         8841    0.0295%  13.1982%
  [   566000,   566500)         9024    0.0301%  13.2282%
  [   566500,   567000)         8946    0.0298%  13.2581%
  [   567000,   567500)         9103    0.0303%  13.2884%
  [   567500,   568000)         9143    0.0305%  13.3189%
  [   568000,   568500)         9130    0.0304%  13.3493%
  [   568500,   569000)         9351    0.0312%  13.3805%
  [   569000,   569500)         9238    0.0308%  13.4113%
  [   569500,   570000)         9306    0.0310%  13.4423%
  [   570000,   570500)         9563    0.0319%  13.4742%
  [   570500,   571000)         9606    0.0320%  13.5062%
  [   571000,   571500)         9600    0.0320%  13.5382%
  [   571500,   572000)         9563    0.0319%  13.5701%
  [   572000,   572500)         9724    0.0324%  13.6025%
  [   572500,   573000)         9718    0.0324%  13.6349%
  [   573000,   573500)         9928    0.0331%  13.6680%
  [   573500,   574000)         9887    0.0330%  13.7009%
  [   574000,   574500)        10155    0.0339%  13.7348%
  [   574500,   575000)        10189    0.0340%  13.7687%
  [   575000,   575500)        10305    0.0344%  13.8031%
  [   575500,   576000)        10186    0.0340%  13.8370%
  [   576000,   576500)        10252    0.0342%  13.8712%
  [   576500,   577000)        10484    0.0349%  13.9062%
  [   577000,   577500)        10480    0.0349%  13.9411%
  [   577500,   578000)        10358    0.0345%  13.9756%
  [   578000,   578500)        10707    0.0357%  14.0113%
  [   578500,   579000)        10591    0.0353%  14.0466%
  [   579000,   579500)        10636    0.0355%  14.0821%
  [   579500,   580000)        10939    0.0365%  14.1185%
  [   580000,   580500)        11199    0.0373%  14.1559%
  [   580500,   581000)        10911    0.0364%  14.1922%
  [   581000,   581500)        11053    0.0368%  14.2291%
  [   581500,   582000)        11104    0.0370%  14.2661%
  [   582000,   582500)        11214    0.0374%  14.3035%
  [   582500,   583000)        11311    0.0377%  14.3412%
  [   583000,   583500)        11311    0.0377%  14.3789%
  [   583500,   584000)        11608    0.0387%  14.4176%
  [   584000,   584500)        11572    0.0386%  14.4561%
  [   584500,   585000)        11601    0.0387%  14.4948%
  [   585000,   585500)        11654    0.0388%  14.5337%
  [   585500,   586000)        11942    0.0398%  14.5735%
  [   586000,   586500)        11983    0.0399%  14.6134%
  [   586500,   587000)        11759    0.0392%  14.6526%
  [   587000,   587500)        11941    0.0398%  14.6924%
  [   587500,   588000)        12381    0.0413%  14.7337%
  [   588000,   588500)        12128    0.0404%  14.7741%
  [   588500,   589000)        12402    0.0413%  14.8154%
  [   589000,   589500)        12209    0.0407%  14.8561%
  [   589500,   590000)        12574    0.0419%  14.8981%
  [   590000,   590500)        12830    0.0428%  14.9408%
  [   590500,   591000)        12495    0.0417%  14.9825%
  [   591000,   591500)        12735    0.0425%  15.0249%
  [   591500,   592000)        12835    0.0428%  15.0677%
  [   592000,   592500)        12919    0.0431%  15.1108%
  [   592500,   593000)        13139    0.0438%  15.1546%
  [   593000,   593500)        12973    0.0432%  15.1978%
  [   593500,   594000)        13001    0.0433%  15.2411%
  [   594000,   594500)        13238    0.0441%  15.2853%
  [   594500,   595000)        13407    0.0447%  15.3300%
  [   595000,   595500)        13442    0.0448%  15.3748%
  [   595500,   596000)        13537    0.0451%  15.4199%
  [   596000,   596500)        13713    0.0457%  15.4656%
  [   596500,   597000)        13671    0.0456%  15.5112%
  [   597000,   597500)        14008    0.0467%  15.5579%
  [   597500,   598000)        13861    0.0462%  15.6041%
  [   598000,   598500)        13859    0.0462%  15.6503%
  [   598500,   599000)        14080    0.0469%  15.6972%
  [   599000,   599500)        14169    0.0472%  15.7444%
  [   599500,   600000)        14464    0.0482%  15.7926%
  [   600000,   600500)        14511    0.0484%  15.8410%
  [   600500,   601000)        14593    0.0486%  15.8897%
  [   601000,   601500)        14616    0.0487%  15.9384%
  [   601500,   602000)        14746    0.0492%  15.9875%
  [   602000,   602500)        14801    0.0493%  16.0369%
  [   602500,   603000)        14810    0.0494%  16.0862%
  [   603000,   603500)        15037    0.0501%  16.1364%
  [   603500,   604000)        15187    0.0506%  16.1870%
  [   604000,   604500)        15148    0.0505%  16.2375%
  [   604500,   605000)        15373    0.0512%  16.2887%
  [   605000,   605500)        15225    0.0508%  16.3395%
  [   605500,   606000)        15525    0.0518%  16.3912%
  [   606000,   606500)        15509    0.0517%  16.4429%
  [   606500,   607000)        15908    0.0530%  16.4959%
  [   607000,   607500)        15836    0.0528%  16.5487%
  [   607500,   608000)        16091    0.0536%  16.6024%
  [   608000,   608500)        16140    0.0538%  16.6562%
  [   608500,   609000)        16128    0.0538%  16.7099%
  [   609000,   609500)        16195    0.0540%  16.7639%
  [   609500,   610000)        16304    0.0543%  16.8183%
  [   610000,   610500)        16571    0.0552%  16.8735%
  [   610500,   611000)        16548    0.0552%  16.9287%
  [   611000,   611500)        16831    0.0561%  16.9848%
  [   611500,   612000)        16692    0.0556%  17.0404%
  [   612000,   612500)        16793    0.0560%  17.0964%
  [   612500,   613000)        16926    0.0564%  17.1528%
  [   613000,   613500)        16843    0.0561%  17.2089%
  [   613500,   614000)        17170    0.0572%  17.2662%
  [   614000,   614500)        17202    0.0573%  17.3235%
  [   614500,   615000)        17325    0.0578%  17.3813%
  [   615000,   615500)        17415    0.0581%  17.4393%
  [   615500,   616000)        17835    0.0595%  17.4988%
  [   616000,   616500)        17714    0.0590%  17.5578%
  [   616500,   617000)        17589    0.0586%  17.6164%
  [   617000,   617500)        17776    0.0593%  17.6757%
  [   617500,   618000)        17974    0.0599%  17.7356%
  [   618000,   618500)        18191    0.0606%  17.7962%
  [   618500,   619000)        18326    0.0611%  17.8573%
  [   619000,   619500)        18362    0.0612%  17.9185%
  [   619500,   620000)        18669    0.0622%  17.9808%
  [   620000,   620500)        18544    0.0618%  18.0426%
  [   620500,   621000)        18779    0.0626%  18.1052%
  [   621000,   621500)        18979    0.0633%  18.1684%
  [   621500,   622000)        19085    0.0636%  18.2321%
  [   622000,   622500)        18751    0.0625%  18.2946%
  [   622500,   623000)        19364    0.0645%  18.3591%
  [   623000,   623500)        19084    0.0636%  18.4227%
  [   623500,   624000)        19419    0.0647%  18.4874%
  [   624000,   624500)        19671    0.0656%  18.5530%
  [   624500,   625000)        19827    0.0661%  18.6191%
  [   625000,   625500)        19698    0.0657%  18.6848%
  [   625500,   626000)        19812    0.0660%  18.7508%
  [   626000,   626500)        19945    0.0665%  18.8173%
  [   626500,   627000)        20231    0.0674%  18.8847%
  [   627000,   627500)        20061    0.0669%  18.9516%
  [   627500,   628000)        20690    0.0690%  19.0206%
  [   628000,   628500)        20685    0.0690%  19.0895%
  [   628500,   629000)        20851    0.0695%  19.1590%
  [   629000,   629500)        20687    0.0690%  19.2280%
  [   629500,   630000)        20629    0.0688%  19.2967%
  [   630000,   630500)        20890    0.0696%  19.3664%
  [   630500,   631000)        21331    0.0711%  19.4375%
  [   631000,   631500)        21234    0.0708%  19.5083%
  [   631500,   632000)        21529    0.0718%  19.5800%
  [   632000,   632500)        21319    0.0711%  19.6511%
  [   632500,   633000)        21850    0.0728%  19.7239%
  [   633000,   633500)        22019    0.0734%  19.7973%
  [   633500,   634000)        21653    0.0722%  19.8695%
  [   634000,   634500)        22224    0.0741%  19.9436%
  [   634500,   635000)        21978    0.0733%  20.0168%
  [   635000,   635500)        22376    0.0746%  20.0914%
  [   635500,   636000)        22455    0.0749%  20.1663%
  [   636000,   636500)        22448    0.0748%  20.2411%
  [   636500,   637000)        22559    0.0752%  20.3163%
  [   637000,   637500)        22905    0.0764%  20.3926%
  [   637500,   638000)        23078    0.0769%  20.4696%
  [   638000,   638500)        23068    0.0769%  20.5465%
  [   638500,   639000)        23166    0.0772%  20.6237%
  [   639000,   639500)        23507    0.0784%  20.7020%
  [   639500,   640000)        23342    0.0778%  20.7798%
  [   640000,   640500)        23659    0.0789%  20.8587%
  [   640500,   641000)        23839    0.0795%  20.9382%
  [   641000,   641500)        23540    0.0785%  21.0166%
  [   641500,   642000)        23821    0.0794%  21.0960%
  [   642000,   642500)        23902    0.0797%  21.1757%
  [   642500,   643000)        24004    0.0800%  21.2557%
  [   643000,   643500)        24173    0.0806%  21.3363%
  [   643500,   644000)        24383    0.0813%  21.4176%
  [   644000,   644500)        24477    0.0816%  21.4992%
  [   644500,   645000)        24584    0.0819%  21.5811%
  [   645000,   645500)        24785    0.0826%  21.6637%
  [   645500,   646000)        24882    0.0829%  21.7467%
  [   646000,   646500)        24754    0.0825%  21.8292%
  [   646500,   647000)        24779    0.0826%  21.9118%
  [   647000,   647500)        25223    0.0841%  21.9959%
  [   647500,   648000)        25389    0.0846%  22.0805%
  [   648000,   648500)        25557    0.0852%  22.1657%
  [   648500,   649000)        25895    0.0863%  22.2520%
  [   649000,   649500)        25744    0.0858%  22.3378%
  [   649500,   650000)        26035    0.0868%  22.4246%
  [   650000,   650500)        26108    0.0870%  22.5116%
  [   650500,   651000)        26230    0.0874%  22.5991%
  [   651000,   651500)        26217    0.0874%  22.6864%
  [   651500,   652000)        26248    0.0875%  22.7739%
  [   652000,   652500)        26498    0.0883%  22.8623%
  [   652500,   653000)        26920    0.0897%  22.9520%
  [   653000,   653500)        26905    0.0897%  23.0417%
  [   653500,   654000)        27169    0.0906%  23.1322%
  [   654000,   654500)        27113    0.0904%  23.2226%
  [   654500,   655000)        27119    0.0904%  23.3130%
  [   655000,   655500)        27515    0.0917%  23.4047%
  [   655500,   656000)        27733    0.0924%  23.4972%
  [   656000,   656500)        27596    0.0920%  23.5892%
  [   656500,   657000)        28035    0.0935%  23.6826%
  [   657000,   657500)        28087    0.0936%  23.7762%
  [   657500,   658000)        28066    0.0936%  23.8698%
  [   658000,   658500)        28023    0.0934%  23.9632%
  [   658500,   659000)        28531    0.0951%  24.0583%
  [   659000,   659500)        28469    0.0949%  24.1532%
  [   659500,   660000)        28403    0.0947%  24.2479%
  [   660000,   660500)        28928    0.0964%  24.3443%
  [   660500,   661000)        28742    0.0958%  24.4401%
  [   661000,   661500)        29075    0.0969%  24.5370%
  [   661500,   662000)        29041    0.0968%  24.6338%
  [   662000,   662500)        28614    0.0954%  24.7292%
  [   662500,   663000)        29263    0.0975%  24.8268%
  [   663000,   663500)        29253    0.0975%  24.9243%
  [   663500,   664000)        29604    0.0987%  25.0229%
  [   664000,   664500)        29303    0.0977%  25.1206%
  [   664500,   665000)        30117    0.1004%  25.2210%
  [   665000,   665500)        29838    0.0995%  25.3205%
  [   665500,   666000)        29817    0.0994%  25.4199%
  [   666000,   666500)        30353    0.1012%  25.5210%
  [   666500,   667000)        30395    0.1013%  25.6224%
  [   667000,   667500)        30567    0.1019%  25.7242%
  [   667500,   668000)        30826    0.1028%  25.8270%
  [   668000,   668500)        30833    0.1028%  25.9298%
  [   668500,   669000)        30946    0.1032%  26.0329%
  [   669000,   669500)        31004    0.1033%  26.1363%
  [   669500,   670000)        31086    0.1036%  26.2399%
  [   670000,   670500)        30988    0.1033%  26.3432%
  [   670500,   671000)        31475    0.1049%  26.4481%
  [   671000,   671500)        31273    0.1042%  26.5523%
  [   671500,   672000)        31493    0.1050%  26.6573%
  [   672000,   672500)        31454    0.1048%  26.7622%
  [   672500,   673000)        31782    0.1059%  26.8681%
  [   673000,   673500)        31687    0.1056%  26.9737%
  [   673500,   674000)        32146    0.1072%  27.0809%
  [   674000,   674500)        32281    0.1076%  27.1885%
  [   674500,   675000)        32036    0.1068%  27.2953%
  [   675000,   675500)        32606    0.1087%  27.4040%
  [   675500,   676000)        32740    0.1091%  27.5131%
  [   676000,   676500)        32696    0.1090%  27.6221%
  [   676500,   677000)        32694    0.1090%  27.7311%
  [   677000,   677500)        33038    0.1101%  27.8412%
  [   677500,   678000)        33108    0.1104%  27.9516%
  [   678000,   678500)        33091    0.1103%  28.0619%
  [   678500,   679000)        33743    0.1125%  28.1743%
  [   679000,   679500)        33394    0.1113%  28.2856%
  [   679500,   680000)        33772    0.1126%  28.3982%
  [   680000,   680500)        33843    0.1128%  28.5110%
  [   680500,   681000)        33986    0.1133%  28.6243%
  [   681000,   681500)        33950    0.1132%  28.7375%
  [   681500,   682000)        33973    0.1132%  28.8507%
  [   682000,   682500)        34413    0.1147%  28.9654%
  [   682500,   683000)        34484    0.1149%  29.0804%
  [   683000,   683500)        34167    0.1139%  29.1943%
  [   683500,   684000)        34312    0.1144%  29.3086%
  [   684000,   684500)        34966    0.1166%  29.4252%
  [   684500,   685000)        34762    0.1159%  29.5411%
  [   685000,   685500)        34883    0.1163%  29.6573%
  [   685500,   686000)        35325    0.1178%  29.7751%
  [   686000,   686500)        35078    0.1169%  29.8920%
  [   686500,   687000)        35143    0.1171%  30.0092%
  [   687000,   687500)        35358    0.1179%  30.1270%
  [   687500,   688000)        35374    0.1179%  30.2449%
  [   688000,   688500)        35673    0.1189%  30.3639%
  [   688500,   689000)        35422    0.1181%  30.4819%
  [   689000,   689500)        35943    0.1198%  30.6017%
  [   689500,   690000)        35899    0.1197%  30.7214%
  [   690000,   690500)        36055    0.1202%  30.8416%
  [   690500,   691000)        36008    0.1200%  30.9616%
  [   691000,   691500)        36238    0.1208%  31.0824%
  [   691500,   692000)        36432    0.1214%  31.2038%
  [   692000,   692500)        36405    0.1214%  31.3252%
  [   692500,   693000)        36452    0.1215%  31.4467%
  [   693000,   693500)        36539    0.1218%  31.5685%
  [   693500,   694000)        36706    0.1224%  31.6908%
  [   694000,   694500)        36841    0.1228%  31.8137%
  [   694500,   695000)        37276    0.1243%  31.9379%
  [   695000,   695500)        37339    0.1245%  32.0624%
  [   695500,   696000)        37377    0.1246%  32.1870%
  [   696000,   696500)        37245    0.1242%  32.3111%
  [   696500,   697000)        37840    0.1261%  32.4372%
  [   697000,   697500)        37417    0.1247%  32.5620%
  [   697500,   698000)        37951    0.1265%  32.6885%
  [   698000,   698500)        37898    0.1263%  32.8148%
  [   698500,   699000)        38109    0.1270%  32.9418%
  [   699000,   699500)        37868    0.1262%  33.0681%
  [   699500,   700000)        38184    0.1273%  33.1953%
  [   700000,   700500)        38001    0.1267%  33.3220%
  [   700500,   701000)        38152    0.1272%  33.4492%
  [   701000,   701500)        38449    0.1282%  33.5773%
  [   701500,   702000)        38530    0.1284%  33.7058%
  [   702000,   702500)        38667    0.1289%  33.8347%
  [   702500,   703000)        38674    0.1289%  33.9636%
  [   703000,   703500)        39321    0.1311%  34.0946%
  [   703500,   704000)        39017    0.1301%  34.2247%
  [   704000,   704500)        39212    0.1307%  34.3554%
  [   704500,   705000)        39112    0.1304%  34.4858%
  [   705000,   705500)        38956    0.1299%  34.6156%
  [   705500,   706000)        39534    0.1318%  34.7474%
  [   706000,   706500)        39494    0.1316%  34.8791%
  [   706500,   707000)        39385    0.1313%  35.0103%
  [   707000,   707500)        39491    0.1316%  35.1420%
  [   707500,   708000)        39695    0.1323%  35.2743%
  [   708000,   708500)        39686    0.1323%  35.4066%
  [   708500,   709000)        39629    0.1321%  35.5387%
  [   709000,   709500)        40180    0.1339%  35.6726%
  [   709500,   710000)        40346    0.1345%  35.8071%
  [   710000,   710500)        40086    0.1336%  35.9407%
  [   710500,   711000)        40377    0.1346%  36.0753%
  [   711000,   711500)        40136    0.1338%  36.2091%
  [   711500,   712000)        40497    0.1350%  36.3441%
  [   712000,   712500)        40302    0.1343%  36.4784%
  [   712500,   713000)        40265    0.1342%  36.6126%
  [   713000,   713500)        40711    0.1357%  36.7484%
  [   713500,   714000)        40825    0.1361%  36.8844%
  [   714000,   714500)        41093    0.1370%  37.0214%
  [   714500,   715000)        40917    0.1364%  37.1578%
  [   715000,   715500)        40800    0.1360%  37.2938%
  [   715500,   716000)        40917    0.1364%  37.4302%
  [   716000,   716500)        41153    0.1372%  37.5674%
  [   716500,   717000)        41265    0.1376%  37.7049%
  [   717000,   717500)        41014    0.1367%  37.8416%
  [   717500,   718000)        41179    0.1373%  37.9789%
  [   718000,   718500)        41449    0.1382%  38.1171%
  [   718500,   719000)        41854    0.1395%  38.2566%
  [   719000,   719500)        41876    0.1396%  38.3962%
  [   719500,   720000)        41878    0.1396%  38.5358%
  [   720000,   720500)        41563    0.1385%  38.6743%
  [   720500,   721000)        41881    0.1396%  38.8139%
  [   721000,   721500)        41971    0.1399%  38.9538%
  [   721500,   722000)        42074    0.1402%  39.0940%
  [   722000,   722500)        42152    0.1405%  39.2346%
  [   722500,   723000)        41772    0.1392%  39.3738%
  [   723000,   723500)        41825    0.1394%  39.5132%
  [   723500,   724000)        42311    0.1410%  39.6542%
  [   724000,   724500)        42501    0.1417%  39.7959%
  [   724500,   725000)        42245    0.1408%  39.9367%
  [   725000,   725500)        42757    0.1425%  40.0793%
  [   725500,   726000)        42636    0.1421%  40.2214%
  [   726000,   726500)        42815    0.1427%  40.3641%
  [   726500,   727000)        42563    0.1419%  40.5060%
  [   727000,   727500)        42513    0.1417%  40.6477%
  [   727500,   728000)        42829    0.1428%  40.7904%
  [   728000,   728500)        42748    0.1425%  40.9329%
  [   728500,   729000)        42984    0.1433%  41.0762%
  [   729000,   729500)        42773    0.1426%  41.2188%
  [   729500,   730000)        42962    0.1432%  41.3620%
  [   730000,   730500)        42680    0.1423%  41.5043%
  [   730500,   731000)        43382    0.1446%  41.6489%
  [   731000,   731500)        43379    0.1446%  41.7935%
  [   731500,   732000)        43018    0.1434%  41.9369%
  [   732000,   732500)        43465    0.1449%  42.0818%
  [   732500,   733000)        43044    0.1435%  42.2252%
  [   733000,   733500)        42968    0.1432%  42.3685%
  [   733500,   734000)        43676    0.1456%  42.5140%
  [   734000,   734500)        43403    0.1447%  42.6587%
  [   734500,   735000)        43109    0.1437%  42.8024%
  [   735000,   735500)        43944    0.1465%  42.9489%
  [   735500,   736000)        43580    0.1453%  43.0942%
  [   736000,   736500)        43443    0.1448%  43.2390%
  [   736500,   737000)        43701    0.1457%  43.3846%
  [   737000,   737500)        44057    0.1469%  43.5315%
  [   737500,   738000)        43843    0.1461%  43.6776%
  [   738000,   738500)        44072    0.1469%  43.8246%
  [   738500,   739000)        44126    0.1471%  43.9716%
  [   739000,   739500)        43884    0.1463%  44.1179%
  [   739500,   740000)        43600    0.1453%  44.2633%
  [   740000,   740500)        43734    0.1458%  44.4090%
  [   740500,   741000)        44121    0.1471%  44.5561%
  [   741000,   741500)        43954    0.1465%  44.7026%
  [   741500,   742000)        43870    0.1462%  44.8488%
  [   742000,   742500)        44254    0.1475%  44.9964%
  [   742500,   743000)        44253    0.1475%  45.1439%
  [   743000,   743500)        44421    0.1481%  45.2919%
  [   743500,   744000)        44427    0.1481%  45.4400%
  [   744000,   744500)        43976    0.1466%  45.5866%
  [   744500,   745000)        44076    0.1469%  45.7335%
  [   745000,   745500)        44391    0.1480%  45.8815%
  [   745500,   746000)        44487    0.1483%  46.0298%
  [   746000,   746500)        44130    0.1471%  46.1769%
  [   746500,   747000)        44224    0.1474%  46.3243%
  [   747000,   747500)        44520    0.1484%  46.4727%
  [   747500,   748000)        44537    0.1485%  46.6212%
  [   748000,   748500)        44664    0.1489%  46.7700%
  [   748500,   749000)        44437    0.1481%  46.9182%
  [   749000,   749500)        44386    0.1480%  47.0661%
  [   749500,   750000)        44705    0.1490%  47.2151%
  [   750000,   750500)        44764    0.1492%  47.3644%
  [   750500,   751000)        44992    0.1500%  47.5143%
  [   751000,   751500)        44710    0.1490%  47.6634%
  [   751500,   752000)        44802    0.1493%  47.8127%
  [   752000,   752500)        44599    0.1487%  47.9614%
  [   752500,   753000)        45192    0.1506%  48.1120%
  [   753000,   753500)        44728    0.1491%  48.2611%
  [   753500,   754000)        44988    0.1500%  48.4111%
  [   754000,   754500)        45102    0.1503%  48.5614%
  [   754500,   755000)        44553    0.1485%  48.7099%
  [   755000,   755500)        45145    0.1505%  48.8604%
  [   755500,   756000)        44799    0.1493%  49.0097%
  [   756000,   756500)        44828    0.1494%  49.1591%
  [   756500,   757000)        44911    0.1497%  49.3089%
  [   757000,   757500)        44747    0.1492%  49.4580%
  [   757500,   758000)        44854    0.1495%  49.6075%
  [   758000,   758500)        45003    0.1500%  49.7575%
  [   758500,   759000)        44866    0.1496%  49.9071%
  [   759000,   759500)        44841    0.1495%  50.0566%
  [   759500,   760000)        45242    0.1508%  50.2074%
  [   760000,   760500)        44749    0.1492%  50.3565%
  [   760500,   761000)        45433    0.1514%  50.5080%
  [   761000,   761500)        44664    0.1489%  50.6569%
  [   761500,   762000)        45048    0.1502%  50.8070%
  [   762000,   762500)        44919    0.1497%  50.9567%
  [   762500,   763000)        44825    0.1494%  51.1062%
  [   763000,   763500)        45032    0.1501%  51.2563%
  [   763500,   764000)        44903    0.1497%  51.4059%
  [   764000,   764500)        44880    0.1496%  51.5555%
  [   764500,   765000)        44914    0.1497%  51.7053%
  [   765000,   765500)        45091    0.1503%  51.8556%
  [   765500,   766000)        44791    0.1493%  52.0049%
  [   766000,   766500)        45089    0.1503%  52.1552%
  [   766500,   767000)        44968    0.1499%  52.3051%
  [   767000,   767500)        44629    0.1488%  52.4538%
  [   767500,   768000)        44884    0.1496%  52.6034%
  [   768000,   768500)        44707    0.1490%  52.7525%
  [   768500,   769000)        44728    0.1491%  52.9015%
  [   769000,   769500)        44226    0.1474%  53.0490%
  [   769500,   770000)        44701    0.1490%  53.1980%
  [   770000,   770500)        44629    0.1488%  53.3467%
  [   770500,   771000)        44579    0.1486%  53.4953%
  [   771000,   771500)        44418    0.1481%  53.6434%
  [   771500,   772000)        44913    0.1497%  53.7931%
  [   772000,   772500)        44797    0.1493%  53.9424%
  [   772500,   773000)        45014    0.1500%  54.0925%
  [   773000,   773500)        44914    0.1497%  54.2422%
  [   773500,   774000)        44431    0.1481%  54.3903%
  [   774000,   774500)        44523    0.1484%  54.5387%
  [   774500,   775000)        44404    0.1480%  54.6867%
  [   775000,   775500)        44764    0.1492%  54.8359%
  [   775500,   776000)        44519    0.1484%  54.9843%
  [   776000,   776500)        44620    0.1487%  55.1331%
  [   776500,   777000)        44248    0.1475%  55.2805%
  [   777000,   777500)        43987    0.1466%  55.4272%
  [   777500,   778000)        44480    0.1483%  55.5754%
  [   778000,   778500)        44747    0.1492%  55.7246%
  [   778500,   779000)        44299    0.1477%  55.8723%
  [   779000,   779500)        44548    0.1485%  56.0207%
  [   779500,   780000)        44431    0.1481%  56.1689%
  [   780000,   780500)        44624    0.1487%  56.3176%
  [   780500,   781000)        44263    0.1475%  56.4651%
  [   781000,   781500)        44211    0.1474%  56.6125%
  [   781500,   782000)        44238    0.1475%  56.7600%
  [   782000,   782500)        44351    0.1478%  56.9078%
  [   782500,   783000)        43819    0.1461%  57.0539%
  [   783000,   783500)        43926    0.1464%  57.2003%
  [   783500,   784000)        43864    0.1462%  57.3465%
  [   784000,   784500)        44220    0.1474%  57.4939%
  [   784500,   785000)        43715    0.1457%  57.6396%
  [   785000,   785500)        43534    0.1451%  57.7847%
  [   785500,   786000)        44093    0.1470%  57.9317%
  [   786000,   786500)        43836    0.1461%  58.0778%
  [   786500,   787000)        43760    0.1459%  58.2237%
  [   787000,   787500)        43669    0.1456%  58.3693%
  [   787500,   788000)        43727    0.1458%  58.5150%
  [   788000,   788500)        43531    0.1451%  58.6601%
  [   788500,   789000)        43842    0.1461%  58.8063%
  [   789000,   789500)        43951    0.1465%  58.9528%
  [   789500,   790000)        43838    0.1461%  59.0989%
  [   790000,   790500)        43765    0.1459%  59.2448%
  [   790500,   791000)        43291    0.1443%  59.3891%
  [   791000,   791500)        43336    0.1445%  59.5335%
  [   791500,   792000)        42842    0.1428%  59.6763%
  [   792000,   792500)        43153    0.1438%  59.8202%
  [   792500,   793000)        43354    0.1445%  59.9647%
  [   793000,   793500)        43238    0.1441%  60.1088%
  [   793500,   794000)        43160    0.1439%  60.2527%
  [   794000,   794500)        43080    0.1436%  60.3963%
  [   794500,   795000)        42933    0.1431%  60.5394%
  [   795000,   795500)        43218    0.1441%  60.6835%
  [   795500,   796000)        42942    0.1431%  60.8266%
  [   796000,   796500)        43022    0.1434%  60.9700%
  [   796500,   797000)        43002    0.1433%  61.1133%
  [   797000,   797500)        43203    0.1440%  61.2574%
  [   797500,   798000)        42634    0.1421%  61.3995%
  [   798000,   798500)        42920    0.1431%  61.5425%
  [   798500,   799000)        42121    0.1404%  61.6829%
  [   799000,   799500)        42602    0.1420%  61.8249%
  [   799500,   800000)        42436    0.1415%  61.9664%
  [   800000,   800500)        42498    0.1417%  62.1081%
  [   800500,   801000)        42170    0.1406%  62.2486%
  [   801000,   801500)        42280    0.1409%  62.3896%
  [   801500,   802000)        42455    0.1415%  62.5311%
  [   802000,   802500)        42358    0.1412%  62.6723%
  [   802500,   803000)        42316    0.1411%  62.8133%
  [   803000,   803500)        42227    0.1408%  62.9541%
  [   803500,   804000)        42099    0.1403%  63.0944%
  [   804000,   804500)        42318    0.1411%  63.2355%
  [   804500,   805000)        41931    0.1398%  63.3752%
  [   805000,   805500)        41495    0.1383%  63.5136%
  [   805500,   806000)        41743    0.1391%  63.6527%
  [   806000,   806500)        41888    0.1396%  63.7923%
  [   806500,   807000)        42069    0.1402%  63.9326%
  [   807000,   807500)        41748    0.1392%  64.0717%
  [   807500,   808000)        41603    0.1387%  64.2104%
  [   808000,   808500)        41557    0.1385%  64.3489%
  [   808500,   809000)        41341    0.1378%  64.4867%
  [   809000,   809500)        41563    0.1385%  64.6253%
  [   809500,   810000)        41485    0.1383%  64.7635%
  [   810000,   810500)        41042    0.1368%  64.9004%
  [   810500,   811000)        41698    0.1390%  65.0393%
  [   811000,   811500)        40852    0.1362%  65.1755%
  [   811500,   812000)        40862    0.1362%  65.3117%
  [   812000,   812500)        41294    0.1376%  65.4494%
  [   812500,   813000)        40985    0.1366%  65.5860%
  [   813000,   813500)        41079    0.1369%  65.7229%
  [   813500,   814000)        40851    0.1362%  65.8591%
  [   814000,   814500)        40442    0.1348%  65.9939%
  [   814500,   815000)        40724    0.1357%  66.1296%
  [   815000,   815500)        40239    0.1341%  66.2638%
  [   815500,   816000)        40143    0.1338%  66.3976%
  [   816000,   816500)        40419    0.1347%  66.5323%
  [   816500,   817000)        40211    0.1340%  66.6664%
  [   817000,   817500)        39936    0.1331%  66.7995%
  [   817500,   818000)        40270    0.1342%  66.9337%
  [   818000,   818500)        40049    0.1335%  67.0672%
  [   818500,   819000)        40026    0.1334%  67.2006%
  [   819000,   819500)        39851    0.1328%  67.3335%
  [   819500,   820000)        39918    0.1331%  67.4665%
  [   820000,   820500)        40071    0.1336%  67.6001%
  [   820500,   821000)        39233    0.1308%  67.7309%
  [   821000,   821500)        39904    0.1330%  67.8639%
  [   821500,   822000)        39729    0.1324%  67.9963%
  [   822000,   822500)        39240    0.1308%  68.1271%
  [   822500,   823000)        39490    0.1316%  68.2587%
  [   823000,   823500)        39352    0.1312%  68.3899%
  [   823500,   824000)        38738    0.1291%  68.5190%
  [   824000,   824500)        39088    0.1303%  68.6493%
  [   824500,   825000)        39085    0.1303%  68.7796%
  [   825000,   825500)        39232    0.1308%  68.9104%
  [   825500,   826000)        38434    0.1281%  69.0385%
  [   826000,   826500)        38819    0.1294%  69.1679%
  [   826500,   827000)        38381    0.1279%  69.2958%
  [   827000,   827500)        38480    0.1283%  69.4241%
  [   827500,   828000)        38213    0.1274%  69.5515%
  [   828000,   828500)        38501    0.1283%  69.6798%
  [   828500,   829000)        38373    0.1279%  69.8077%
  [   829000,   829500)        38048    0.1268%  69.9346%
  [   829500,   830000)        37804    0.1260%  70.0606%
  [   830000,   830500)        37984    0.1266%  70.1872%
  [   830500,   831000)        38003    0.1267%  70.3139%
  [   831000,   831500)        37921    0.1264%  70.4403%
  [   831500,   832000)        37762    0.1259%  70.5661%
  [   832000,   832500)        37592    0.1253%  70.6914%
  [   832500,   833000)        37536    0.1251%  70.8166%
  [   833000,   833500)        37544    0.1251%  70.9417%
  [   833500,   834000)        37200    0.1240%  71.0657%
  [   834000,   834500)        37300    0.1243%  71.1900%
  [   834500,   835000)        37246    0.1242%  71.3142%
  [   835000,   835500)        36910    0.1230%  71.4372%
  [   835500,   836000)        37062    0.1235%  71.5608%
  [   836000,   836500)        36924    0.1231%  71.6839%
  [   836500,   837000)        36606    0.1220%  71.8059%
  [   837000,   837500)        36983    0.1233%  71.9291%
  [   837500,   838000)        36688    0.1223%  72.0514%
  [   838000,   838500)        36611    0.1220%  72.1735%
  [   838500,   839000)        36118    0.1204%  72.2939%
  [   839000,   839500)        36366    0.1212%  72.4151%
  [   839500,   840000)        36261    0.1209%  72.5360%
  [   840000,   840500)        36086    0.1203%  72.6562%
  [   840500,   841000)        36195    0.1207%  72.7769%
  [   841000,   841500)        35827    0.1194%  72.8963%
  [   841500,   842000)        35801    0.1193%  73.0157%
  [   842000,   842500)        35755    0.1192%  73.1348%
  [   842500,   843000)        35825    0.1194%  73.2543%
  [   843000,   843500)        35690    0.1190%  73.3732%
  [   843500,   844000)        35666    0.1189%  73.4921%
  [   844000,   844500)        35990    0.1200%  73.6121%
  [   844500,   845000)        35302    0.1177%  73.7298%
  [   845000,   845500)        35108    0.1170%  73.8468%
  [   845500,   846000)        35035    0.1168%  73.9636%
  [   846000,   846500)        35120    0.1171%  74.0806%
  [   846500,   847000)        35098    0.1170%  74.1976%
  [   847000,   847500)        34871    0.1162%  74.3139%
  [   847500,   848000)        34213    0.1140%  74.4279%
  [   848000,   848500)        34303    0.1143%  74.5422%
  [   848500,   849000)        35014    0.1167%  74.6590%
  [   849000,   849500)        34639    0.1155%  74.7744%
  [   849500,   850000)        33994    0.1133%  74.8877%
  [   850000,   850500)        34183    0.1139%  75.0017%
  [   850500,   851000)        34078    0.1136%  75.1153%
  [   851000,   851500)        33913    0.1130%  75.2283%
  [   851500,   852000)        34058    0.1135%  75.3418%
  [   852000,   852500)        34007    0.1134%  75.4552%
  [   852500,   853000)        33814    0.1127%  75.5679%
  [   853000,   853500)        33598    0.1120%  75.6799%
  [   853500,   854000)        33786    0.1126%  75.7925%
  [   854000,   854500)        33078    0.1103%  75.9028%
  [   854500,   855000)        33109    0.1104%  76.0132%
  [   855000,   855500)        33190    0.1106%  76.1238%
  [   855500,   856000)        33286    0.1110%  76.2347%
  [   856000,   856500)        33052    0.1102%  76.3449%
  [   856500,   857000)        32929    0.1098%  76.4547%
  [   857000,   857500)        33121    0.1104%  76.5651%
  [   857500,   858000)        33209    0.1107%  76.6758%
  [   858000,   858500)        32334    0.1078%  76.7836%
  [   858500,   859000)        32688    0.1090%  76.8925%
  [   859000,   859500)        32387    0.1080%  77.0005%
  [   859500,   860000)        32281    0.1076%  77.1081%
  [   860000,   860500)        32271    0.1076%  77.2156%
  [   860500,   861000)        32342    0.1078%  77.3235%
  [   861000,   861500)        31938    0.1065%  77.4299%
  [   861500,   862000)        31872    0.1062%  77.5362%
  [   862000,   862500)        31763    0.1059%  77.6420%
  [   862500,   863000)        31456    0.1049%  77.7469%
  [   863000,   863500)        31786    0.1060%  77.8528%
  [   863500,   864000)        31377    0.1046%  77.9574%
  [   864000,   864500)        31394    0.1046%  78.0621%
  [   864500,   865000)        31329    0.1044%  78.1665%
  [   865000,   865500)        30956    0.1032%  78.2697%
  [   865500,   866000)        31369    0.1046%  78.3743%
  [   866000,   866500)        31116    0.1037%  78.4780%
  [   866500,   867000)        30937    0.1031%  78.5811%
  [   867000,   867500)        30878    0.1029%  78.6840%
  [   867500,   868000)        30702    0.1023%  78.7864%
  [   868000,   868500)        30948    0.1032%  78.8895%
  [   868500,   869000)        30304    0.1010%  78.9905%
  [   869000,   869500)        30510    0.1017%  79.0922%
  [   869500,   870000)        30477    0.1016%  79.1938%
  [   870000,   870500)        30561    0.1019%  79.2957%
  [   870500,   871000)        30216    0.1007%  79.3964%
  [   871000,   871500)        30051    0.1002%  79.4966%
  [   871500,   872000)        29826    0.0994%  79.5960%
  [   872000,   872500)        29911    0.0997%  79.6957%
  [   872500,   873000)        29629    0.0988%  79.7945%
  [   873000,   873500)        29508    0.0984%  79.8928%
  [   873500,   874000)        29728    0.0991%  79.9919%
  [   874000,   874500)        29253    0.0975%  80.0894%
  [   874500,   875000)        29492    0.0983%  80.1877%
  [   875000,   875500)        29417    0.0981%  80.2858%
  [   875500,   876000)        29062    0.0969%  80.3827%
  [   876000,   876500)        28969    0.0966%  80.4792%
  [   876500,   877000)        28877    0.0963%  80.5755%
  [   877000,   877500)        29027    0.0968%  80.6722%
  [   877500,   878000)        28788    0.0960%  80.7682%
  [   878000,   878500)        28376    0.0946%  80.8628%
  [   878500,   879000)        28420    0.0947%  80.9575%
  [   879000,   879500)        28417    0.0947%  81.0523%
  [   879500,   880000)        28239    0.0941%  81.1464%
  [   880000,   880500)        28514    0.0950%  81.2414%
  [   880500,   881000)        28197    0.0940%  81.3354%
  [   881000,   881500)        27764    0.0925%  81.4280%
  [   881500,   882000)        28108    0.0937%  81.5217%
  [   882000,   882500)        27968    0.0932%  81.6149%
  [   882500,   883000)        27878    0.0929%  81.7078%
  [   883000,   883500)        27823    0.0927%  81.8006%
  [   883500,   884000)        27494    0.0916%  81.8922%
  [   884000,   884500)        27439    0.0915%  81.9837%
  [   884500,   885000)        27389    0.0913%  82.0750%
  [   885000,   885500)        27315    0.0911%  82.1660%
  [   885500,   886000)        27073    0.0902%  82.2563%
  [   886000,   886500)        26981    0.0899%  82.3462%
  [   886500,   887000)        27176    0.0906%  82.4368%
  [   887000,   887500)        26902    0.0897%  82.5265%
  [   887500,   888000)        26674    0.0889%  82.6154%
  [   888000,   888500)        27050    0.0902%  82.7055%
  [   888500,   889000)        26459    0.0882%  82.7937%
  [   889000,   889500)        26247    0.0875%  82.8812%
  [   889500,   890000)        26227    0.0874%  82.9686%
  [   890000,   890500)        26239    0.0875%  83.0561%
  [   890500,   891000)        26191    0.0873%  83.1434%
  [   891000,   891500)        26221    0.0874%  83.2308%
  [   891500,   892000)        25836    0.0861%  83.3169%
  [   892000,   892500)        25617    0.0854%  83.4023%
  [   892500,   893000)        25675    0.0856%  83.4879%
  [   893000,   893500)        25667    0.0856%  83.5735%
  [   893500,   894000)        25449    0.0848%  83.6583%
  [   894000,   894500)        25493    0.0850%  83.7433%
  [   894500,   895000)        25626    0.0854%  83.8287%
  [   895000,   895500)        25685    0.0856%  83.9143%
  [   895500,   896000)        24986    0.0833%  83.9976%
  [   896000,   896500)        24898    0.0830%  84.0806%
  [   896500,   897000)        24576    0.0819%  84.1625%
  [   897000,   897500)        25204    0.0840%  84.2465%
  [   897500,   898000)        24790    0.0826%  84.3292%
  [   898000,   898500)        24903    0.0830%  84.4122%
  [   898500,   899000)        24633    0.0821%  84.4943%
  [   899000,   899500)        24610    0.0820%  84.5763%
  [   899500,   900000)        24293    0.0810%  84.6573%
  [   900000,   900500)        24660    0.0822%  84.7395%
  [   900500,   901000)        24493    0.0816%  84.8211%
  [   901000,   901500)        23976    0.0799%  84.9010%
  [   901500,   902000)        24083    0.0803%  84.9813%
  [   902000,   902500)        23891    0.0796%  85.0610%
  [   902500,   903000)        23725    0.0791%  85.1400%
  [   903000,   903500)        23708    0.0790%  85.2191%
  [   903500,   904000)        23942    0.0798%  85.2989%
  [   904000,   904500)        23629    0.0788%  85.3776%
  [   904500,   905000)        23442    0.0781%  85.4558%
  [   905000,   905500)        23263    0.0775%  85.5333%
  [   905500,   906000)        23194    0.0773%  85.6106%
  [   906000,   906500)        23125    0.0771%  85.6877%
  [   906500,   907000)        23363    0.0779%  85.7656%
  [   907000,   907500)        22928    0.0764%  85.8420%
  [   907500,   908000)        22984    0.0766%  85.9186%
  [   908000,   908500)        23111    0.0770%  85.9957%
  [   908500,   909000)        23034    0.0768%  86.0725%
  [   909000,   909500)        22757    0.0759%  86.1483%
  [   909500,   910000)        22664    0.0755%  86.2239%
  [   910000,   910500)        22515    0.0751%  86.2989%
  [   910500,   911000)        22242    0.0741%  86.3730%
  [   911000,   911500)        22260    0.0742%  86.4472%
  [   911500,   912000)        22200    0.0740%  86.5212%
  [   912000,   912500)        22245    0.0742%  86.5954%
  [   912500,   913000)        21951    0.0732%  86.6686%
  [   913000,   913500)        21925    0.0731%  86.7417%
  [   913500,   914000)        22180    0.0739%  86.8156%
  [   914000,   914500)        21583    0.0719%  86.8875%
  [   914500,   915000)        21677    0.0723%  86.9598%
  [   915000,   915500)        21619    0.0721%  87.0318%
  [   915500,   916000)        21519    0.0717%  87.1036%
  [   916000,   916500)        21424    0.0714%  87.1750%
  [   916500,   917000)        21505    0.0717%  87.2467%
  [   917000,   917500)        21330    0.0711%  87.3178%
  [   917500,   918000)        21111    0.0704%  87.3881%
  [   918000,   918500)        21112    0.0704%  87.4585%
  [   918500,   919000)        20741    0.0691%  87.5277%
  [   919000,   919500)        20553    0.0685%  87.5962%
  [   919500,   920000)        20577    0.0686%  87.6648%
  [   920000,   920500)        20656    0.0689%  87.7336%
  [   920500,   921000)        20535    0.0685%  87.8021%
  [   921000,   921500)        20456    0.0682%  87.8702%
  [   921500,   922000)        20239    0.0675%  87.9377%
  [   922000,   922500)        20518    0.0684%  88.0061%
  [   922500,   923000)        20086    0.0670%  88.0731%
  [   923000,   923500)        20236    0.0675%  88.1405%
  [   923500,   924000)        20086    0.0670%  88.2075%
  [   924000,   924500)        19895    0.0663%  88.2738%
  [   924500,   925000)        19782    0.0659%  88.3397%
  [   925000,   925500)        20105    0.0670%  88.4067%
  [   925500,   926000)        19702    0.0657%  88.4724%
  [   926000,   926500)        19623    0.0654%  88.5378%
  [   926500,   927000)        19295    0.0643%  88.6021%
  [   927000,   927500)        19757    0.0659%  88.6680%
  [   927500,   928000)        19328    0.0644%  88.7324%
  [   928000,   928500)        19373    0.0646%  88.7970%
  [   928500,   929000)        19282    0.0643%  88.8613%
  [   929000,   929500)        19276    0.0643%  88.9255%
  [   929500,   930000)        19086    0.0636%  88.9891%
  [   930000,   930500)        19151    0.0638%  89.0530%
  [   930500,   931000)        18949    0.0632%  89.1161%
  [   931000,   931500)        18661    0.0622%  89.1783%
  [   931500,   932000)        18613    0.0620%  89.2404%
  [   932000,   932500)        18585    0.0620%  89.3023%
  [   932500,   933000)        18634    0.0621%  89.3645%
  [   933000,   933500)        18321    0.0611%  89.4255%
  [   933500,   934000)        18395    0.0613%  89.4868%
  [   934000,   934500)        18379    0.0613%  89.5481%
  [   934500,   935000)        18257    0.0609%  89.6090%
  [   935000,   935500)        18233    0.0608%  89.6697%
  [   935500,   936000)        18287    0.0610%  89.7307%
  [   936000,   936500)        18066    0.0602%  89.7909%
  [   936500,   937000)        17767    0.0592%  89.8501%
  [   937000,   937500)        17863    0.0595%  89.9097%
  [   937500,   938000)        17637    0.0588%  89.9685%
  [   938000,   938500)        17606    0.0587%  90.0272%
  [   938500,   939000)        17529    0.0584%  90.0856%
  [   939000,   939500)        17530    0.0584%  90.1440%
  [   939500,   940000)        17622    0.0587%  90.2028%
  [   940000,   940500)        17227    0.0574%  90.2602%
  [   940500,   941000)        17445    0.0582%  90.3183%
  [   941000,   941500)        17149    0.0572%  90.3755%
  [   941500,   942000)        17001    0.0567%  90.4322%
  [   942000,   942500)        16886    0.0563%  90.4885%
  [   942500,   943000)        16945    0.0565%  90.5449%
  [   943000,   943500)        16859    0.0562%  90.6011%
  [   943500,   944000)        16623    0.0554%  90.6565%
  [   944000,   944500)        16565    0.0552%  90.7118%
  [   944500,   945000)        16691    0.0556%  90.7674%
  [   945000,   945500)        16378    0.0546%  90.8220%
  [   945500,   946000)        16512    0.0550%  90.8770%
  [   946000,   946500)        16326    0.0544%  90.9314%
  [   946500,   947000)        16607    0.0554%  90.9868%
  [   947000,   947500)        16395    0.0547%  91.0415%
  [   947500,   948000)        16192    0.0540%  91.0954%
  [   948000,   948500)        16211    0.0540%  91.1495%
  [   948500,   949000)        15956    0.0532%  91.2027%
  [   949000,   949500)        15635    0.0521%  91.2548%
  [   949500,   950000)        15818    0.0527%  91.3075%
  [   950000,   950500)        15596    0.0520%  91.3595%
  [   950500,   951000)        15668    0.0522%  91.4117%
  [   951000,   951500)        15628    0.0521%  91.4638%
  [   951500,   952000)        15541    0.0518%  91.5156%
  [   952000,   952500)        15422    0.0514%  91.5670%
  [   952500,   953000)        15488    0.0516%  91.6186%
  [   953000,   953500)        15255    0.0509%  91.6695%
  [   953500,   954000)        15201    0.0507%  91.7202%
  [   954000,   954500)        15232    0.0508%  91.7709%
  [   954500,   955000)        15260    0.0509%  91.8218%
  [   955000,   955500)        15047    0.0502%  91.8720%
  [   955500,   956000)        15217    0.0507%  91.9227%
  [   956000,   956500)        14891    0.0496%  91.9723%
  [   956500,   957000)        14884    0.0496%  92.0219%
  [   957000,   957500)        14787    0.0493%  92.0712%
  [   957500,   958000)        14654    0.0488%  92.1201%
  [   958000,   958500)        14404    0.0480%  92.1681%
  [   958500,   959000)        14390    0.0480%  92.2160%
  [   959000,   959500)        14581    0.0486%  92.2647%
  [   959500,   960000)        14486    0.0483%  92.3129%
  [   960000,   960500)        14343    0.0478%  92.3607%
  [   960500,   961000)        14300    0.0477%  92.4084%
  [   961000,   961500)        14006    0.0467%  92.4551%
  [   961500,   962000)        14072    0.0469%  92.5020%
  [   962000,   962500)        13939    0.0465%  92.5485%
  [   962500,   963000)        14019    0.0467%  92.5952%
  [   963000,   963500)        13912    0.0464%  92.6416%
  [   963500,   964000)        13769    0.0459%  92.6875%
  [   964000,   964500)        13785    0.0460%  92.7334%
  [   964500,   965000)        13664    0.0455%  92.7790%
  [   965000,   965500)        13448    0.0448%  92.8238%
  [   965500,   966000)        13788    0.0460%  92.8698%
  [   966000,   966500)        13509    0.0450%  92.9148%
  [   966500,   967000)        13380    0.0446%  92.9594%
  [   967000,   967500)        13281    0.0443%  93.0037%
  [   967500,   968000)        13116    0.0437%  93.0474%
  [   968000,   968500)        13330    0.0444%  93.0918%
  [   968500,   969000)        12941    0.0431%  93.1349%
  [   969000,   969500)        13181    0.0439%  93.1789%
  [   969500,   970000)        12958    0.0432%  93.2221%
  [   970000,   970500)        12946    0.0432%  93.2652%
  [   970500,   971000)        12746    0.0425%  93.3077%
  [   971000,   971500)        12892    0.0430%  93.3507%
  [   971500,   972000)        12653    0.0422%  93.3929%
  [   972000,   972500)        12710    0.0424%  93.4352%
  [   972500,   973000)        12596    0.0420%  93.4772%
  [   973000,   973500)        12572    0.0419%  93.5191%
  [   973500,   974000)        12606    0.0420%  93.5611%
  [   974000,   974500)        12353    0.0412%  93.6023%
  [   974500,   975000)        12291    0.0410%  93.6433%
  [   975000,   975500)        12140    0.0405%  93.6838%
  [   975500,   976000)        12401    0.0413%  93.7251%
  [   976000,   976500)        12167    0.0406%  93.7657%
  [   976500,   977000)        11972    0.0399%  93.8056%
  [   977000,   977500)        11861    0.0395%  93.8451%
  [   977500,   978000)        11875    0.0396%  93.8847%
  [   978000,   978500)        11738    0.0391%  93.9238%
  [   978500,   979000)        11728    0.0391%  93.9629%
  [   979000,   979500)        11805    0.0394%  94.0022%
  [   979500,   980000)        11698    0.0390%  94.0412%
  [   980000,   980500)        11606    0.0387%  94.0799%
  [   980500,   981000)        11436    0.0381%  94.1180%
  [   981000,   981500)        11625    0.0388%  94.1568%
  [   981500,   982000)        11421    0.0381%  94.1949%
  [   982000,   982500)        11283    0.0376%  94.2325%
  [   982500,   983000)        11358    0.0379%  94.2703%
  [   983000,   983500)        11337    0.0378%  94.3081%
  [   983500,   984000)        11125    0.0371%  94.3452%
  [   984000,   984500)        11134    0.0371%  94.3823%
  [   984500,   985000)        11118    0.0371%  94.4194%
  [   985000,   985500)        11014    0.0367%  94.4561%
  [   985500,   986000)        10873    0.0362%  94.4923%
  [   986000,   986500)        10689    0.0356%  94.5280%
  [   986500,   987000)        10766    0.0359%  94.5639%
  [   987000,   987500)        10791    0.0360%  94.5998%
  [   987500,   988000)        10655    0.0355%  94.6353%
  [   988000,   988500)        10674    0.0356%  94.6709%
  [   988500,   989000)        10489    0.0350%  94.7059%
  [   989000,   989500)        10461    0.0349%  94.7408%
  [   989500,   990000)        10578    0.0353%  94.7760%
  [   990000,   990500)        10327    0.0344%  94.8104%
  [   990500,   991000)        10308    0.0344%  94.8448%
  [   991000,   991500)         9975    0.0333%  94.8781%
  [   991500,   992000)        10279    0.0343%  94.9123%
  [   992000,   992500)        10087    0.0336%  94.9459%
  [   992500,   993000)        10179    0.0339%  94.9799%
  [   993000,   993500)        10044    0.0335%  95.0133%
  [   993500,   994000)         9928    0.0331%  95.0464%
  [   994000,   994500)        10091    0.0336%  95.0801%
  [   994500,   995000)         9944    0.0331%  95.1132%
  [   995000,   995500)         9877    0.0329%  95.1461%
  [   995500,   996000)         9691    0.0323%  95.1785%
  [   996000,   996500)         9670    0.0322%  95.2107%
  [   996500,   997000)         9570    0.0319%  95.2426%
  [   997000,   997500)         9677    0.0323%  95.2748%
  [   997500,   998000)         9543    0.0318%  95.3067%
  [   998000,   998500)         9580    0.0319%  95.3386%
  [   998500,   999000)         9592    0.0320%  95.3706%
  [   999000,   999500)         9538    0.0318%  95.4024%
  [   999500, +inf)             1379294    4.5976% 100.0000%

----- OFFLOADED TASKS [node 1] -----
  ops total                = 29999988
  ops direct (1-sided)     = 29999988 (100.00%)
  ops offload (rpc)        = 0 (0.00%)
  lookup pushdowns         = 0
  scan   pushdowns (RPC)   = 0
    kv pairs returned      = 0
    leaves scanned remotely= 0
    kv / scan pushdown     = 0.00
    leaves / scan pushdown = 0.00
=========================================================================

[CORRECTNESS node 1] scan rows returned = 2999990968
[READPATH node 1] lookups=2714762031  index-cache hit=49.3%  per lookup: leaf=1.000 speculative=0.000 (right 0.0%) hop-reads=0.000 (two-segment 0.000) retries=0.000 invalid=0.000 sibling=0.000  => est. leaf round trips/lookup=0.000
 ----- [LeafCache]: capacity=2048 leaves resident=2048 (100.0% full, 0.7 MB) -----
[LEAFCACHE] hit=2337821897 miss=415223474 stale=0 fill=376988523 hit_pct=84.918 admit_pct=90.792 resident=2048 capacity=2048 budget_mb=1

----- PER-LEVEL CACHE HITS [node 1] (lookups; level 0 = leaf) -----
[KIND node 1] lookups=0 inner_visits=0 inner_hits=0 inner_hit_pct=0.00 leaf_visits=0 leaf_hits=0 leaf_hit_pct=0.00
[SCANLEAF node 1] scans=29999988 inner_complete_miss=21407399 inner_partial=7252922 leaf_cache_hits=67956 leaf_reads=38234951 cn_leaves_per_scan=1.28 leaf_hit_pct=0.18
[END]
