nodes 2, threads 36, mix R/I/U/S=0/0/0/100, uniform, bulk 50M warmup 10M op 30M, offload 0%, scan_range 100
[4mshared memory size: 64GB, 0x7feeda800000[0m
[4mrdma cache size: 4GB[0m
[4mMachine NR: 2[0m
[4mCompute server 1 start up [10.30.1.6]
[0m
I connect server 0
[CONFIG node 1] bulk load: bottom-up build, 8 keys per leaf, 6 children per inner node (CHIME_BULK_BUILD / CHIME_BUILD_LEAF_KEYS / CHIME_BUILD_INNER_FANOUT)
[CONFIG node 1] clients on this node: yes (CHIME_MN_CLIENTS)
[CONFIG node 1] scan path: from_cache=1 offload_always=0 (CHIME_SCAN_FROM_CACHE / CHIME_SCAN_OFFLOAD_ALWAYS)
[CONFIG node 1] push ops: both (CHIME_PUSH_OPS; applies only with offloading on)
[CACHE node 1] total=128 MB index=127 MB leaf=1 MB
[CONFIG node 1] dir threads = 1 (CHIME_DIR_THREADS, max 16) -- MUST match the other node
[CORES node 1] linear pinning: app threads -> CPUs 0..35, main -> 79, dir threads -> 79 (REV_DIR_CPUS)
[CONFIG] hotspot buffer + speculative read: off (CHIME_HOTSPOT; stock CHIME: on above 50 MB)
 ----- [LeafCache]: budget=1 MB -> 256 sets x 8 ways = 2048 leaves (352 B/leaf, 0.7 MB) -----
workload generated: keyspace=50001000 bulk=50000000 warmup=9999972 op=29999988
[4mKey space set: keySpaceSize=50000000[0m
I am 66
I am 36
I am 37
I am 52
I am 39
I am 58
I am 41
I am 49
I am 57
I am 55
I am 40
I am 44
I am 47
I am 56
I am 45
I am 65
I am 50
I am 69
I am 51
I am 59
I am 46
I am 42
I am 43
I am 53
I am 70
I am 64
I am 48
I am 54
I am 68
I am 67
I am 63
I am 61
I am 60
I am 71
I am 62
I am 38
[build] leaves: 10% (625001/6250000)
[build] leaves: 20% (1250002/6250000)
[build] leaves: 30% (1875003/6250000)
[build] leaves: 40% (2500004/6250000)
[build] leaves: 50% (3125005/6250000)
[build] leaves: 60% (3750006/6250000)
[build] leaves: 70% (4375007/6250000)
[build] leaves: 80% (5000008/6250000)
[build] leaves: 90% (5625009/6250000)
[build] inner level 1: 1041667 nodes
[build] inner level 2: 173611 nodes
[build] inner level 3: 28935 nodes
[build] inner level 4: 4823 nodes
[build] inner level 5: 804 nodes
[build] inner level 6: 134 nodes
[build] inner level 7: 23 nodes
[build] inner level 8: 4 nodes
[build] inner level 9: 1 nodes
[build] done in 18.9s: height=10 leaves=6250000 inner_nodes=1250002 (8 keys per leaf, 6 children per inner node)
[TREE] height=10 leaves=6250000 inner_nodes=1250002 keys_per_leaf=8.00 inner_MB=399.4 leaf_MB=2104.0 total_MB=2503.4 (internal span 16, leaf span 16, node bytes inner=335 leaf=353)
node 1 warmup done in 110s
[INDEX] --- post-bulk-load cache occupancy (cache = 127 MB) ---
 ----- [TreeCache]:  cache size=127 MB free_size=-0.000 MB skiplist_node_cnt=1250002 ----- 
consumed cache size = 127.000 MB
 ----- [IdxCache]:  cache size=0 MB free_size=0.000 MB ---- 
consumed hotspot buffer size = 0.000000 MB

 ----- [LeafCache]: capacity=2048 leaves resident=2048 (100.0% full, 0.7 MB) -----
[LEAFCACHE] hit=340721997 miss=135575329 stale=0 fill=54708471 hit_pct=71.536 admit_pct=40.353 resident=2048 capacity=2048 budget_mb=1
1, throughput 0.1125 Mops
1, throughput 0.1121 Mops
1, throughput 0.1116 Mops
1, throughput 0.1123 Mops
1, throughput 0.1124 Mops
1, throughput 0.1126 Mops
1, throughput 0.1125 Mops
1, throughput 0.1120 Mops
1, throughput 0.1121 Mops
1, throughput 0.1118 Mops
1, throughput 0.1099 Mops
1, throughput 0.1120 Mops
1, throughput 0.1125 Mops
1, throughput 0.1130 Mops
1, throughput 0.1120 Mops
1, throughput 0.1119 Mops
1, throughput 0.1134 Mops
1, throughput 0.1125 Mops
1, throughput 0.1125 Mops
1, throughput 0.1126 Mops
1, throughput 0.1122 Mops
1, throughput 0.1115 Mops
1, throughput 0.1118 Mops
1, throughput 0.1128 Mops
1, throughput 0.1120 Mops
1, throughput 0.1117 Mops
1, throughput 0.1122 Mops
1, throughput 0.1133 Mops
1, throughput 0.1119 Mops
1, throughput 0.1118 Mops
1, throughput 0.1113 Mops
1, throughput 0.1111 Mops
1, throughput 0.1124 Mops
1, throughput 0.1128 Mops
1, throughput 0.1118 Mops
1, throughput 0.1117 Mops
1, throughput 0.1126 Mops
1, throughput 0.1115 Mops
1, throughput 0.1127 Mops
1, throughput 0.1126 Mops
1, throughput 0.1126 Mops
1, throughput 0.1119 Mops
1, throughput 0.1123 Mops
1, throughput 0.1121 Mops
1, throughput 0.1120 Mops
1, throughput 0.1119 Mops
1, throughput 0.1122 Mops
1, throughput 0.1128 Mops
1, throughput 0.1120 Mops
1, throughput 0.1125 Mops
1, throughput 0.1121 Mops
1, throughput 0.1104 Mops
1, throughput 0.1126 Mops
1, throughput 0.1123 Mops
1, throughput 0.1123 Mops
1, throughput 0.1119 Mops
1, throughput 0.1119 Mops
1, throughput 0.1120 Mops
1, throughput 0.1125 Mops
1, throughput 0.1120 Mops
1, throughput 0.1131 Mops
1, throughput 0.1124 Mops
1, throughput 0.1116 Mops
1, throughput 0.1118 Mops
1, throughput 0.1121 Mops
1, throughput 0.1123 Mops
1, throughput 0.1123 Mops
1, throughput 0.1117 Mops
1, throughput 0.1122 Mops
1, throughput 0.1122 Mops
1, throughput 0.1121 Mops
1, throughput 0.1115 Mops
1, throughput 0.1110 Mops
1, throughput 0.1128 Mops
1, throughput 0.1125 Mops
1, throughput 0.1129 Mops
1, throughput 0.1118 Mops
1, throughput 0.1124 Mops
1, throughput 0.1116 Mops
1, throughput 0.1128 Mops
1, throughput 0.1122 Mops
1, throughput 0.1120 Mops
1, throughput 0.1123 Mops
1, throughput 0.1121 Mops
1, throughput 0.1119 Mops
1, throughput 0.1123 Mops
1, throughput 0.1133 Mops
1, throughput 0.1131 Mops
1, throughput 0.1123 Mops
1, throughput 0.1126 Mops
1, throughput 0.1118 Mops
1, throughput 0.1113 Mops
1, throughput 0.1109 Mops
1, throughput 0.1122 Mops
1, throughput 0.1119 Mops
1, throughput 0.1129 Mops
1, throughput 0.1114 Mops
1, throughput 0.1119 Mops
1, throughput 0.1118 Mops
1, throughput 0.1124 Mops
1, throughput 0.1122 Mops
1, throughput 0.1124 Mops
1, throughput 0.1125 Mops
1, throughput 0.1124 Mops
1, throughput 0.1123 Mops
1, throughput 0.1123 Mops
1, throughput 0.1121 Mops
1, throughput 0.1120 Mops
1, throughput 0.1115 Mops
1, throughput 0.1116 Mops
1, throughput 0.1127 Mops
1, throughput 0.1112 Mops
1, throughput 0.1121 Mops
1, throughput 0.1099 Mops
1, throughput 0.1126 Mops
1, throughput 0.1124 Mops
1, throughput 0.1113 Mops
1, throughput 0.1121 Mops
1, throughput 0.1128 Mops
1, throughput 0.1117 Mops
1, throughput 0.1117 Mops
1, throughput 0.1121 Mops
1, throughput 0.1127 Mops
1, throughput 0.1124 Mops
1, throughput 0.1130 Mops
1, throughput 0.1122 Mops
1, throughput 0.1121 Mops
1, throughput 0.1127 Mops
1, throughput 0.1127 Mops
1, throughput 0.1118 Mops
1, throughput 0.1118 Mops
1, throughput 0.1120 Mops
1, throughput 0.1126 Mops
1, throughput 0.1110 Mops
1, throughput 0.1118 Mops
1, throughput 0.1121 Mops
1, throughput 0.1127 Mops
1, throughput 0.1114 Mops
1, throughput 0.1125 Mops
1, throughput 0.1130 Mops
1, throughput 0.1117 Mops
1, throughput 0.1126 Mops
1, throughput 0.1126 Mops
1, throughput 0.1125 Mops
1, throughput 0.1131 Mops
1, throughput 0.1121 Mops
1, throughput 0.1124 Mops
1, throughput 0.1120 Mops
1, throughput 0.1125 Mops
1, throughput 0.1120 Mops
1, throughput 0.1123 Mops
1, throughput 0.1115 Mops
1, throughput 0.1126 Mops
1, throughput 0.1117 Mops
1, throughput 0.1104 Mops
1, throughput 0.1122 Mops
1, throughput 0.1122 Mops
1, throughput 0.1120 Mops
1, throughput 0.1115 Mops
1, throughput 0.1126 Mops
1, throughput 0.1117 Mops
1, throughput 0.1120 Mops
1, throughput 0.1120 Mops
1, throughput 0.1121 Mops
1, throughput 0.1114 Mops
1, throughput 0.1121 Mops
1, throughput 0.1131 Mops
1, throughput 0.1116 Mops
1, throughput 0.1113 Mops
1, throughput 0.1118 Mops
1, throughput 0.1112 Mops
1, throughput 0.1128 Mops
1, throughput 0.1127 Mops
1, throughput 0.1122 Mops
1, throughput 0.1113 Mops
1, throughput 0.1109 Mops
1, throughput 0.1125 Mops
1, throughput 0.1118 Mops
1, throughput 0.1125 Mops
1, throughput 0.1123 Mops
1, throughput 0.1116 Mops
1, throughput 0.1125 Mops
1, throughput 0.1114 Mops
1, throughput 0.1116 Mops
1, throughput 0.1129 Mops
1, throughput 0.1132 Mops
1, throughput 0.1117 Mops
1, throughput 0.1127 Mops
1, throughput 0.1127 Mops
1, throughput 0.1114 Mops
1, throughput 0.1117 Mops
1, throughput 0.1119 Mops
1, throughput 0.1119 Mops
1, throughput 0.1119 Mops
1, throughput 0.1123 Mops
1, throughput 0.1102 Mops
1, throughput 0.1125 Mops
1, throughput 0.1120 Mops
1, throughput 0.1119 Mops
1, throughput 0.1112 Mops
1, throughput 0.1128 Mops
1, throughput 0.1111 Mops
1, throughput 0.1121 Mops
1, throughput 0.1118 Mops
1, throughput 0.1119 Mops
1, throughput 0.1112 Mops
1, throughput 0.1119 Mops
1, throughput 0.1127 Mops
1, throughput 0.1126 Mops
1, throughput 0.1119 Mops
1, throughput 0.1119 Mops
1, throughput 0.1121 Mops
1, throughput 0.1116 Mops
1, throughput 0.1122 Mops
1, throughput 0.1120 Mops
1, throughput 0.1126 Mops
1, throughput 0.1101 Mops
1, throughput 0.1116 Mops
1, throughput 0.1118 Mops
1, throughput 0.1117 Mops
1, throughput 0.1119 Mops
1, throughput 0.1119 Mops
1, throughput 0.1121 Mops
1, throughput 0.1113 Mops
1, throughput 0.1121 Mops
1, throughput 0.1117 Mops
1, throughput 0.1110 Mops
1, throughput 0.1114 Mops
1, throughput 0.1122 Mops
1, throughput 0.1119 Mops
1, throughput 0.1115 Mops
1, throughput 0.1122 Mops
1, throughput 0.1117 Mops
1, throughput 0.1123 Mops
1, throughput 0.1129 Mops
1, throughput 0.1118 Mops
1, throughput 0.1102 Mops
1, throughput 0.1119 Mops
1, throughput 0.1118 Mops
1, throughput 0.1120 Mops
1, throughput 0.1121 Mops
1, throughput 0.1124 Mops
1, throughput 0.1120 Mops
1, throughput 0.1119 Mops
1, throughput 0.1120 Mops
1, throughput 0.1121 Mops
1, throughput 0.1127 Mops
1, throughput 0.1127 Mops
1, throughput 0.1120 Mops
1, throughput 0.1120 Mops
1, throughput 0.1114 Mops
1, throughput 0.1124 Mops
1, throughput 0.1118 Mops
1, throughput 0.1121 Mops
1, throughput 0.1124 Mops
1, throughput 0.1113 Mops
1, throughput 0.1113 Mops
1, throughput 0.1105 Mops
1, throughput 0.1126 Mops
1, throughput 0.1117 Mops
1, throughput 0.1119 Mops
1, throughput 0.1118 Mops
1, throughput 0.1115 Mops
1, throughput 0.1114 Mops
1, throughput 0.1116 Mops
1, throughput 0.1122 Mops
1, throughput 0.1123 Mops
1, throughput 0.1121 Mops
1, throughput 0.1119 Mops
1, throughput 0.1121 Mops
1, throughput 0.1116 Mops
1, throughput 0.1119 Mops
1, throughput 0.1121 Mops
1, throughput 0.1121 Mops
1, throughput 0.1126 Mops
1, throughput 0.1114 Mops
1, throughput 0.1124 Mops
1, throughput 0.1114 Mops
1, throughput 0.1110 Mops
1, throughput 0.1114 Mops
1, throughput 0.1115 Mops
1, throughput 0.1123 Mops
1, throughput 0.1122 Mops
1, throughput 0.1121 Mops
1, throughput 0.1127 Mops
1, throughput 0.1124 Mops
1, throughput 0.1113 Mops
1, throughput 0.1127 Mops
1, throughput 0.1121 Mops
1, throughput 0.1120 Mops
1, throughput 0.1116 Mops
1, throughput 0.1115 Mops
1, throughput 0.1129 Mops
1, throughput 0.1116 Mops
1, throughput 0.1126 Mops
1, throughput 0.1114 Mops
1, throughput 0.1122 Mops
1, throughput 0.1119 Mops
1, throughput 0.1103 Mops
1, throughput 0.1126 Mops
1, throughput 0.1117 Mops
1, throughput 0.1121 Mops
1, throughput 0.1117 Mops
1, throughput 0.1122 Mops
1, throughput 0.1123 Mops
1, throughput 0.1122 Mops
1, throughput 0.1117 Mops
1, throughput 0.1122 Mops
1, throughput 0.1124 Mops
1, throughput 0.1117 Mops
1, throughput 0.1116 Mops
1, throughput 0.1112 Mops
1, throughput 0.1119 Mops
1, throughput 0.1122 Mops
1, throughput 0.1115 Mops
1, throughput 0.1117 Mops
1, throughput 0.1124 Mops
1, throughput 0.1118 Mops
1, throughput 0.1114 Mops
1, throughput 0.1111 Mops
1, throughput 0.1114 Mops
1, throughput 0.1112 Mops
1, throughput 0.1128 Mops
1, throughput 0.1129 Mops
1, throughput 0.1121 Mops
1, throughput 0.1115 Mops
1, throughput 0.1116 Mops
1, throughput 0.1120 Mops
1, throughput 0.1115 Mops
1, throughput 0.1111 Mops
1, throughput 0.1111 Mops
1, throughput 0.1116 Mops
1, throughput 0.1113 Mops
1, throughput 0.1116 Mops
1, throughput 0.1117 Mops
1, throughput 0.1121 Mops
1, throughput 0.1122 Mops
1, throughput 0.1108 Mops
1, throughput 0.1114 Mops
1, throughput 0.1107 Mops
1, throughput 0.1124 Mops
1, throughput 0.1111 Mops
1, throughput 0.1119 Mops
1, throughput 0.1122 Mops
1, throughput 0.1123 Mops
1, throughput 0.1121 Mops
1, throughput 0.1127 Mops
1, throughput 0.1119 Mops
1, throughput 0.1124 Mops
1, throughput 0.1120 Mops
1, throughput 0.1120 Mops
1, throughput 0.1121 Mops
1, throughput 0.1121 Mops
1, throughput 0.1110 Mops
1, throughput 0.1115 Mops
1, throughput 0.1123 Mops
1, throughput 0.1126 Mops
1, throughput 0.1118 Mops
1, throughput 0.1125 Mops
1, throughput 0.1124 Mops
1, throughput 0.1109 Mops
1, throughput 0.1118 Mops
1, throughput 0.1121 Mops
1, throughput 0.1128 Mops
1, throughput 0.1122 Mops
1, throughput 0.1112 Mops
1, throughput 0.1118 Mops
1, throughput 0.1124 Mops
1, throughput 0.1122 Mops
1, throughput 0.1120 Mops
1, throughput 0.1117 Mops
1, throughput 0.1121 Mops
1, throughput 0.1118 Mops
1, throughput 0.1120 Mops
1, throughput 0.1119 Mops
1, throughput 0.1112 Mops
1, throughput 0.1116 Mops
1, throughput 0.1119 Mops
1, throughput 0.1115 Mops
1, throughput 0.1129 Mops
1, throughput 0.1103 Mops
1, throughput 0.1111 Mops
1, throughput 0.1122 Mops
1, throughput 0.1120 Mops
1, throughput 0.1126 Mops
1, throughput 0.1121 Mops
1, throughput 0.1122 Mops
1, throughput 0.1123 Mops
1, throughput 0.1115 Mops
1, throughput 0.1122 Mops
1, throughput 0.1109 Mops
1, throughput 0.1120 Mops
1, throughput 0.1112 Mops
1, throughput 0.1119 Mops
1, throughput 0.1108 Mops
1, throughput 0.1114 Mops
1, throughput 0.1119 Mops
1, throughput 0.1123 Mops
1, throughput 0.1110 Mops
1, throughput 0.1123 Mops
1, throughput 0.1126 Mops
1, throughput 0.1101 Mops
1, throughput 0.1122 Mops
1, throughput 0.1123 Mops
1, throughput 0.1111 Mops
1, throughput 0.1121 Mops
1, throughput 0.1113 Mops
1, throughput 0.1118 Mops
1, throughput 0.1112 Mops
1, throughput 0.1120 Mops
1, throughput 0.1112 Mops
1, throughput 0.1121 Mops
1, throughput 0.1113 Mops
1, throughput 0.1124 Mops
1, throughput 0.1128 Mops
1, throughput 0.1114 Mops
1, throughput 0.1124 Mops
1, throughput 0.1121 Mops
1, throughput 0.1111 Mops
1, throughput 0.1118 Mops
1, throughput 0.1125 Mops
1, throughput 0.1101 Mops
1, throughput 0.1107 Mops
1, throughput 0.1116 Mops
1, throughput 0.1118 Mops
1, throughput 0.1120 Mops
1, throughput 0.1117 Mops
1, throughput 0.1109 Mops
1, throughput 0.1127 Mops
1, throughput 0.1116 Mops
1, throughput 0.1122 Mops
1, throughput 0.1120 Mops
1, throughput 0.1117 Mops
1, throughput 0.1112 Mops
1, throughput 0.1117 Mops
1, throughput 0.1121 Mops
1, throughput 0.1117 Mops
1, throughput 0.1116 Mops
1, throughput 0.1119 Mops
1, throughput 0.1124 Mops
1, throughput 0.1118 Mops
1, throughput 0.1115 Mops
1, throughput 0.1097 Mops
1, throughput 0.1115 Mops
1, throughput 0.1134 Mops
1, throughput 0.1116 Mops
1, throughput 0.1116 Mops
1, throughput 0.1121 Mops
1, throughput 0.1115 Mops
1, throughput 0.1120 Mops
1, throughput 0.1123 Mops
1, throughput 0.1125 Mops
1, throughput 0.1114 Mops
1, throughput 0.1121 Mops
1, throughput 0.1120 Mops
1, throughput 0.1119 Mops
1, throughput 0.1116 Mops
1, throughput 0.1123 Mops
1, throughput 0.1124 Mops
1, throughput 0.1117 Mops
1, throughput 0.1111 Mops
1, throughput 0.1120 Mops
1, throughput 0.1120 Mops
1, throughput 0.1099 Mops
1, throughput 0.1122 Mops
1, throughput 0.1123 Mops
1, throughput 0.1118 Mops
1, throughput 0.1121 Mops
1, throughput 0.1121 Mops
1, throughput 0.1118 Mops
1, throughput 0.1118 Mops
1, throughput 0.1118 Mops
1, throughput 0.1113 Mops
1, throughput 0.1115 Mops
1, throughput 0.1124 Mops
1, throughput 0.1119 Mops
1, throughput 0.1115 Mops
1, throughput 0.1118 Mops
1, throughput 0.1118 Mops
1, throughput 0.1122 Mops
1, throughput 0.1114 Mops
1, throughput 0.1106 Mops
1, throughput 0.1120 Mops
1, throughput 0.1099 Mops
1, throughput 0.1120 Mops
1, throughput 0.1125 Mops
1, throughput 0.1122 Mops
1, throughput 0.1117 Mops
1, throughput 0.1119 Mops
1, throughput 0.1120 Mops
1, throughput 0.1122 Mops
1, throughput 0.1120 Mops
1, throughput 0.1109 Mops
1, throughput 0.1114 Mops
1, throughput 0.1110 Mops
1, throughput 0.1121 Mops
1, throughput 0.1116 Mops
1, throughput 0.1116 Mops
1, throughput 0.1118 Mops
1, throughput 0.1120 Mops
1, throughput 0.1116 Mops
1, throughput 0.1112 Mops
1, throughput 0.1121 Mops
1, throughput 0.1120 Mops
1, throughput 0.1099 Mops
1, throughput 0.1120 Mops
1, throughput 0.1113 Mops
1, throughput 0.1122 Mops
1, throughput 0.1127 Mops
1, throughput 0.1121 Mops
1, throughput 0.1116 Mops
1, throughput 0.1116 Mops
1, throughput 0.1121 Mops
1, throughput 0.1119 Mops
1, throughput 0.1116 Mops
1, throughput 0.1124 Mops
1, throughput 0.1118 Mops
1, throughput 0.1120 Mops
1, throughput 0.1126 Mops
1, throughput 0.1117 Mops
1, throughput 0.1119 Mops
1, throughput 0.1105 Mops
1, throughput 0.1028 Mops
1, throughput 0.0972 Mops
1, throughput 0.0862 Mops
1, throughput 0.0698 Mops
1, throughput 0.0683 Mops
1, throughput 0.0694 Mops
1, throughput 0.0694 Mops
1, throughput 0.0690 Mops
1, throughput 0.0693 Mops
1, throughput 0.0689 Mops
1, throughput 0.0692 Mops
1, throughput 0.0691 Mops
1, throughput 0.0688 Mops
1, throughput 0.0686 Mops
1, throughput 0.0692 Mops
1, throughput 0.0693 Mops
1, throughput 0.0692 Mops
1, throughput 0.0691 Mops
1, throughput 0.0689 Mops
1, throughput 0.0680 Mops
1, throughput 0.0490 Mops
1, throughput 0.0362 Mops
1, throughput 0.0183 Mops
1, throughput 0.0002 Mops
[RESULT node 1] ops=29999988 elapsed=272.570s throughput=0.1101 Mops mode=op-bounded
[RDMA node 1] ops=29999988 posts=1362701440 read_wr=2398965501 read_bytes=215722117410 write_wr=0 write_bytes=0 atomic_wr=0 send_wr=0 send_bytes=0
[RDMA node 1] per_op: round_trips=45.4234 reads=79.9655 writes=0.0000 atomics=0.0000 sends=0.0000 verbs=79.9655 bytes=7190.7

==================== LATENCY BUCKETS (500 ns) [node 1] ====================
[RANGE]
  ALL                n=29999988   mean=  320.02us  p50= 168.00us  p90= 760.00us  p99= 938.00us  p99.9=1000.00us  max>=1000.00us
  DIRECT (1-sided)   n=29999988   mean=  320.02us  p50= 168.00us  p90= 760.00us  p99= 938.00us  p99.9=1000.00us  max>=1000.00us
  OFFLOAD (rpc)             (no samples)
[ALL OPS]
  ALL                n=29999988   mean=  320.02us  p50= 168.00us  p90= 760.00us  p99= 938.00us  p99.9=1000.00us  max>=1000.00us
  DIRECT (1-sided)   n=29999988   mean=  320.02us  p50= 168.00us  p90= 760.00us  p99= 938.00us  p99.9=1000.00us  max>=1000.00us
  OFFLOAD (rpc)             (no samples)

----- 500 ns bucket CDF (all ops) [node 1] -----
  bucket [lo,hi) ns             count        pct       cdf
  [    10000,    10500)            2    0.0000%   0.0000%
  [    10500,    11000)            1    0.0000%   0.0000%
  [    11000,    11500)            1    0.0000%   0.0000%
  [    13000,    13500)            2    0.0000%   0.0000%
  [    16000,    16500)            1    0.0000%   0.0000%
  [    16500,    17000)            1    0.0000%   0.0000%
  [    17000,    17500)            1    0.0000%   0.0000%
  [    18000,    18500)            1    0.0000%   0.0000%
  [    18500,    19000)            2    0.0000%   0.0000%
  [    19000,    19500)            2    0.0000%   0.0000%
  [    19500,    20000)            1    0.0000%   0.0001%
  [    20500,    21000)            1    0.0000%   0.0001%
  [    21000,    21500)            5    0.0000%   0.0001%
  [    21500,    22000)            1    0.0000%   0.0001%
  [    22000,    22500)            3    0.0000%   0.0001%
  [    22500,    23000)            1    0.0000%   0.0001%
  [    24000,    24500)            2    0.0000%   0.0001%
  [    25000,    25500)            1    0.0000%   0.0001%
  [    25500,    26000)            1    0.0000%   0.0001%
  [    27000,    27500)            1    0.0000%   0.0001%
  [    28000,    28500)            2    0.0000%   0.0001%
  [    28500,    29000)            1    0.0000%   0.0001%
  [    29000,    29500)            5    0.0000%   0.0001%
  [    29500,    30000)            1    0.0000%   0.0001%
  [    30500,    31000)            2    0.0000%   0.0001%
  [    31000,    31500)            2    0.0000%   0.0001%
  [    31500,    32000)            2    0.0000%   0.0002%
  [    32000,    32500)            5    0.0000%   0.0002%
  [    32500,    33000)            5    0.0000%   0.0002%
  [    33000,    33500)           21    0.0001%   0.0003%
  [    33500,    34000)           90    0.0003%   0.0006%
  [    34000,    34500)          424    0.0014%   0.0020%
  [    34500,    35000)         1551    0.0052%   0.0071%
  [    35000,    35500)         4220    0.0141%   0.0212%
  [    35500,    36000)        10464    0.0349%   0.0561%
  [    36000,    36500)        22255    0.0742%   0.1303%
  [    36500,    37000)        44008    0.1467%   0.2770%
  [    37000,    37500)        80997    0.2700%   0.5470%
  [    37500,    38000)       135920    0.4531%   1.0000%
  [    38000,    38500)       211038    0.7035%   1.7035%
  [    38500,    39000)       305773    1.0192%   2.7227%
  [    39000,    39500)       408794    1.3626%   4.0854%
  [    39500,    40000)       512813    1.7094%   5.7947%
  [    40000,    40500)       605613    2.0187%   7.8135%
  [    40500,    41000)       678161    2.2605%  10.0740%
  [    41000,    41500)       724395    2.4147%  12.4886%
  [    41500,    42000)       736269    2.4542%  14.9429%
  [    42000,    42500)       725262    2.4175%  17.3604%
  [    42500,    43000)       700718    2.3357%  19.6961%
  [    43000,    43500)       667001    2.2233%  21.9195%
  [    43500,    44000)       640806    2.1360%  24.0555%
  [    44000,    44500)       617860    2.0595%  26.1150%
  [    44500,    45000)       604042    2.0135%  28.1285%
  [    45000,    45500)       595456    1.9849%  30.1134%
  [    45500,    46000)       586831    1.9561%  32.0695%
  [    46000,    46500)       574140    1.9138%  33.9833%
  [    46500,    47000)       556591    1.8553%  35.8386%
  [    47000,    47500)       527489    1.7583%  37.5969%
  [    47500,    48000)       492413    1.6414%  39.2383%
  [    48000,    48500)       450382    1.5013%  40.7395%
  [    48500,    49000)       403525    1.3451%  42.0846%
  [    49000,    49500)       353673    1.1789%  43.2635%
  [    49500,    50000)       303686    1.0123%  44.2758%
  [    50000,    50500)       256793    0.8560%  45.1318%
  [    50500,    51000)       214226    0.7141%  45.8459%
  [    51000,    51500)       175310    0.5844%  46.4302%
  [    51500,    52000)       142258    0.4742%  46.9044%
  [    52000,    52500)       112975    0.3766%  47.2810%
  [    52500,    53000)        89483    0.2983%  47.5793%
  [    53000,    53500)        69132    0.2304%  47.8097%
  [    53500,    54000)        54191    0.1806%  47.9904%
  [    54000,    54500)        41740    0.1391%  48.1295%
  [    54500,    55000)        31786    0.1060%  48.2355%
  [    55000,    55500)        24314    0.0810%  48.3165%
  [    55500,    56000)        18557    0.0619%  48.3784%
  [    56000,    56500)        14247    0.0475%  48.4258%
  [    56500,    57000)        10970    0.0366%  48.4624%
  [    57000,    57500)         8424    0.0281%  48.4905%
  [    57500,    58000)         6572    0.0219%  48.5124%
  [    58000,    58500)         5185    0.0173%  48.5297%
  [    58500,    59000)         4117    0.0137%  48.5434%
  [    59000,    59500)         3539    0.0118%  48.5552%
  [    59500,    60000)         3060    0.0102%  48.5654%
  [    60000,    60500)         2560    0.0085%  48.5739%
  [    60500,    61000)         2237    0.0075%  48.5814%
  [    61000,    61500)         2008    0.0067%  48.5881%
  [    61500,    62000)         1792    0.0060%  48.5941%
  [    62000,    62500)         1660    0.0055%  48.5996%
  [    62500,    63000)         1588    0.0053%  48.6049%
  [    63000,    63500)         1455    0.0049%  48.6097%
  [    63500,    64000)         1423    0.0047%  48.6145%
  [    64000,    64500)         1363    0.0045%  48.6190%
  [    64500,    65000)         1368    0.0046%  48.6236%
  [    65000,    65500)         1230    0.0041%  48.6277%
  [    65500,    66000)         1269    0.0042%  48.6319%
  [    66000,    66500)         1209    0.0040%  48.6359%
  [    66500,    67000)         1134    0.0038%  48.6397%
  [    67000,    67500)         1205    0.0040%  48.6437%
  [    67500,    68000)         1147    0.0038%  48.6476%
  [    68000,    68500)         1183    0.0039%  48.6515%
  [    68500,    69000)         1139    0.0038%  48.6553%
  [    69000,    69500)         1162    0.0039%  48.6592%
  [    69500,    70000)         1113    0.0037%  48.6629%
  [    70000,    70500)         1116    0.0037%  48.6666%
  [    70500,    71000)         1092    0.0036%  48.6702%
  [    71000,    71500)         1118    0.0037%  48.6740%
  [    71500,    72000)         1046    0.0035%  48.6775%
  [    72000,    72500)         1168    0.0039%  48.6814%
  [    72500,    73000)         1087    0.0036%  48.6850%
  [    73000,    73500)         1072    0.0036%  48.6886%
  [    73500,    74000)         1147    0.0038%  48.6924%
  [    74000,    74500)         1083    0.0036%  48.6960%
  [    74500,    75000)         1089    0.0036%  48.6996%
  [    75000,    75500)         1109    0.0037%  48.7033%
  [    75500,    76000)         1104    0.0037%  48.7070%
  [    76000,    76500)         1102    0.0037%  48.7107%
  [    76500,    77000)         1098    0.0037%  48.7143%
  [    77000,    77500)         1079    0.0036%  48.7179%
  [    77500,    78000)         1071    0.0036%  48.7215%
  [    78000,    78500)         1176    0.0039%  48.7254%
  [    78500,    79000)         1107    0.0037%  48.7291%
  [    79000,    79500)         1102    0.0037%  48.7328%
  [    79500,    80000)         1131    0.0038%  48.7365%
  [    80000,    80500)         1129    0.0038%  48.7403%
  [    80500,    81000)         1134    0.0038%  48.7441%
  [    81000,    81500)         1150    0.0038%  48.7479%
  [    81500,    82000)         1126    0.0038%  48.7517%
  [    82000,    82500)         1118    0.0037%  48.7554%
  [    82500,    83000)         1175    0.0039%  48.7593%
  [    83000,    83500)         1093    0.0036%  48.7630%
  [    83500,    84000)         1155    0.0039%  48.7668%
  [    84000,    84500)         1168    0.0039%  48.7707%
  [    84500,    85000)         1152    0.0038%  48.7745%
  [    85000,    85500)         1177    0.0039%  48.7785%
  [    85500,    86000)         1197    0.0040%  48.7825%
  [    86000,    86500)         1224    0.0041%  48.7865%
  [    86500,    87000)         1265    0.0042%  48.7908%
  [    87000,    87500)         1264    0.0042%  48.7950%
  [    87500,    88000)         1240    0.0041%  48.7991%
  [    88000,    88500)         1197    0.0040%  48.8031%
  [    88500,    89000)         1268    0.0042%  48.8073%
  [    89000,    89500)         1288    0.0043%  48.8116%
  [    89500,    90000)         1285    0.0043%  48.8159%
  [    90000,    90500)         1277    0.0043%  48.8202%
  [    90500,    91000)         1248    0.0042%  48.8243%
  [    91000,    91500)         1249    0.0042%  48.8285%
  [    91500,    92000)         1308    0.0044%  48.8328%
  [    92000,    92500)         1363    0.0045%  48.8374%
  [    92500,    93000)         1318    0.0044%  48.8418%
  [    93000,    93500)         1336    0.0045%  48.8462%
  [    93500,    94000)         1282    0.0043%  48.8505%
  [    94000,    94500)         1268    0.0042%  48.8547%
  [    94500,    95000)         1386    0.0046%  48.8593%
  [    95000,    95500)         1369    0.0046%  48.8639%
  [    95500,    96000)         1384    0.0046%  48.8685%
  [    96000,    96500)         1373    0.0046%  48.8731%
  [    96500,    97000)         1365    0.0046%  48.8776%
  [    97000,    97500)         1402    0.0047%  48.8823%
  [    97500,    98000)         1412    0.0047%  48.8870%
  [    98000,    98500)         1359    0.0045%  48.8916%
  [    98500,    99000)         1390    0.0046%  48.8962%
  [    99000,    99500)         1409    0.0047%  48.9009%
  [    99500,   100000)         1356    0.0045%  48.9054%
  [   100000,   100500)         1390    0.0046%  48.9100%
  [   100500,   101000)         1337    0.0045%  48.9145%
  [   101000,   101500)         1442    0.0048%  48.9193%
  [   101500,   102000)         1447    0.0048%  48.9241%
  [   102000,   102500)         1406    0.0047%  48.9288%
  [   102500,   103000)         1397    0.0047%  48.9335%
  [   103000,   103500)         1367    0.0046%  48.9380%
  [   103500,   104000)         1438    0.0048%  48.9428%
  [   104000,   104500)         1459    0.0049%  48.9477%
  [   104500,   105000)         1421    0.0047%  48.9524%
  [   105000,   105500)         1400    0.0047%  48.9571%
  [   105500,   106000)         1390    0.0046%  48.9617%
  [   106000,   106500)         1346    0.0045%  48.9662%
  [   106500,   107000)         1433    0.0048%  48.9710%
  [   107000,   107500)         1446    0.0048%  48.9758%
  [   107500,   108000)         1422    0.0047%  48.9805%
  [   108000,   108500)         1437    0.0048%  48.9853%
  [   108500,   109000)         1513    0.0050%  48.9904%
  [   109000,   109500)         1464    0.0049%  48.9953%
  [   109500,   110000)         1517    0.0051%  49.0003%
  [   110000,   110500)         1459    0.0049%  49.0052%
  [   110500,   111000)         1476    0.0049%  49.0101%
  [   111000,   111500)         1531    0.0051%  49.0152%
  [   111500,   112000)         1492    0.0050%  49.0202%
  [   112000,   112500)         1535    0.0051%  49.0253%
  [   112500,   113000)         1517    0.0051%  49.0303%
  [   113000,   113500)         1482    0.0049%  49.0353%
  [   113500,   114000)         1531    0.0051%  49.0404%
  [   114000,   114500)         1457    0.0049%  49.0452%
  [   114500,   115000)         1486    0.0050%  49.0502%
  [   115000,   115500)         1550    0.0052%  49.0554%
  [   115500,   116000)         1559    0.0052%  49.0606%
  [   116000,   116500)         1542    0.0051%  49.0657%
  [   116500,   117000)         1515    0.0051%  49.0708%
  [   117000,   117500)         1558    0.0052%  49.0759%
  [   117500,   118000)         1517    0.0051%  49.0810%
  [   118000,   118500)         1497    0.0050%  49.0860%
  [   118500,   119000)         1554    0.0052%  49.0912%
  [   119000,   119500)         1575    0.0053%  49.0964%
  [   119500,   120000)         1455    0.0049%  49.1013%
  [   120000,   120500)         1509    0.0050%  49.1063%
  [   120500,   121000)         1515    0.0051%  49.1114%
  [   121000,   121500)         1588    0.0053%  49.1166%
  [   121500,   122000)         1522    0.0051%  49.1217%
  [   122000,   122500)         1509    0.0050%  49.1268%
  [   122500,   123000)         1500    0.0050%  49.1318%
  [   123000,   123500)         1651    0.0055%  49.1373%
  [   123500,   124000)         1521    0.0051%  49.1423%
  [   124000,   124500)         1570    0.0052%  49.1476%
  [   124500,   125000)         1546    0.0052%  49.1527%
  [   125000,   125500)         1515    0.0051%  49.1578%
  [   125500,   126000)         1671    0.0056%  49.1633%
  [   126000,   126500)         1538    0.0051%  49.1685%
  [   126500,   127000)         1624    0.0054%  49.1739%
  [   127000,   127500)         1599    0.0053%  49.1792%
  [   127500,   128000)         1692    0.0056%  49.1848%
  [   128000,   128500)         1625    0.0054%  49.1903%
  [   128500,   129000)         1641    0.0055%  49.1957%
  [   129000,   129500)         1591    0.0053%  49.2010%
  [   129500,   130000)         1662    0.0055%  49.2066%
  [   130000,   130500)         1736    0.0058%  49.2124%
  [   130500,   131000)         1634    0.0054%  49.2178%
  [   131000,   131500)         1670    0.0056%  49.2234%
  [   131500,   132000)         1713    0.0057%  49.2291%
  [   132000,   132500)         1806    0.0060%  49.2351%
  [   132500,   133000)         1854    0.0062%  49.2413%
  [   133000,   133500)         1867    0.0062%  49.2475%
  [   133500,   134000)         1842    0.0061%  49.2536%
  [   134000,   134500)         1912    0.0064%  49.2600%
  [   134500,   135000)         1929    0.0064%  49.2664%
  [   135000,   135500)         1892    0.0063%  49.2728%
  [   135500,   136000)         1961    0.0065%  49.2793%
  [   136000,   136500)         1862    0.0062%  49.2855%
  [   136500,   137000)         1945    0.0065%  49.2920%
  [   137000,   137500)         2034    0.0068%  49.2988%
  [   137500,   138000)         1990    0.0066%  49.3054%
  [   138000,   138500)         2050    0.0068%  49.3122%
  [   138500,   139000)         2150    0.0072%  49.3194%
  [   139000,   139500)         2181    0.0073%  49.3267%
  [   139500,   140000)         2219    0.0074%  49.3341%
  [   140000,   140500)         2307    0.0077%  49.3418%
  [   140500,   141000)         2240    0.0075%  49.3492%
  [   141000,   141500)         2214    0.0074%  49.3566%
  [   141500,   142000)         2327    0.0078%  49.3644%
  [   142000,   142500)         2401    0.0080%  49.3724%
  [   142500,   143000)         2465    0.0082%  49.3806%
  [   143000,   143500)         2533    0.0084%  49.3890%
  [   143500,   144000)         2594    0.0086%  49.3977%
  [   144000,   144500)         2555    0.0085%  49.4062%
  [   144500,   145000)         2591    0.0086%  49.4148%
  [   145000,   145500)         2698    0.0090%  49.4238%
  [   145500,   146000)         2704    0.0090%  49.4328%
  [   146000,   146500)         2734    0.0091%  49.4419%
  [   146500,   147000)         2809    0.0094%  49.4513%
  [   147000,   147500)         2828    0.0094%  49.4607%
  [   147500,   148000)         2960    0.0099%  49.4706%
  [   148000,   148500)         2952    0.0098%  49.4804%
  [   148500,   149000)         3085    0.0103%  49.4907%
  [   149000,   149500)         3140    0.0105%  49.5012%
  [   149500,   150000)         3097    0.0103%  49.5115%
  [   150000,   150500)         3210    0.0107%  49.5222%
  [   150500,   151000)         3285    0.0110%  49.5332%
  [   151000,   151500)         3243    0.0108%  49.5440%
  [   151500,   152000)         3402    0.0113%  49.5553%
  [   152000,   152500)         3478    0.0116%  49.5669%
  [   152500,   153000)         3524    0.0117%  49.5786%
  [   153000,   153500)         3457    0.0115%  49.5902%
  [   153500,   154000)         3722    0.0124%  49.6026%
  [   154000,   154500)         3845    0.0128%  49.6154%
  [   154500,   155000)         3696    0.0123%  49.6277%
  [   155000,   155500)         3812    0.0127%  49.6404%
  [   155500,   156000)         3875    0.0129%  49.6533%
  [   156000,   156500)         3940    0.0131%  49.6665%
  [   156500,   157000)         4026    0.0134%  49.6799%
  [   157000,   157500)         4087    0.0136%  49.6935%
  [   157500,   158000)         3998    0.0133%  49.7068%
  [   158000,   158500)         4291    0.0143%  49.7211%
  [   158500,   159000)         4215    0.0141%  49.7352%
  [   159000,   159500)         4298    0.0143%  49.7495%
  [   159500,   160000)         4416    0.0147%  49.7642%
  [   160000,   160500)         4294    0.0143%  49.7786%
  [   160500,   161000)         4458    0.0149%  49.7934%
  [   161000,   161500)         4491    0.0150%  49.8084%
  [   161500,   162000)         4522    0.0151%  49.8235%
  [   162000,   162500)         4539    0.0151%  49.8386%
  [   162500,   163000)         4671    0.0156%  49.8542%
  [   163000,   163500)         4731    0.0158%  49.8699%
  [   163500,   164000)         4633    0.0154%  49.8854%
  [   164000,   164500)         4673    0.0156%  49.9009%
  [   164500,   165000)         4890    0.0163%  49.9172%
  [   165000,   165500)         4688    0.0156%  49.9329%
  [   165500,   166000)         4887    0.0163%  49.9492%
  [   166000,   166500)         4986    0.0166%  49.9658%
  [   166500,   167000)         5137    0.0171%  49.9829%
  [   167000,   167500)         4987    0.0166%  49.9995%
  [   167500,   168000)         5146    0.0172%  50.0167%
  [   168000,   168500)         5161    0.0172%  50.0339%
  [   168500,   169000)         5163    0.0172%  50.0511%
  [   169000,   169500)         5259    0.0175%  50.0686%
  [   169500,   170000)         5264    0.0175%  50.0862%
  [   170000,   170500)         5407    0.0180%  50.1042%
  [   170500,   171000)         5367    0.0179%  50.1221%
  [   171000,   171500)         5445    0.0182%  50.1402%
  [   171500,   172000)         5524    0.0184%  50.1587%
  [   172000,   172500)         5469    0.0182%  50.1769%
  [   172500,   173000)         5578    0.0186%  50.1955%
  [   173000,   173500)         5569    0.0186%  50.2140%
  [   173500,   174000)         5450    0.0182%  50.2322%
  [   174000,   174500)         5590    0.0186%  50.2508%
  [   174500,   175000)         5681    0.0189%  50.2698%
  [   175000,   175500)         5557    0.0185%  50.2883%
  [   175500,   176000)         5728    0.0191%  50.3074%
  [   176000,   176500)         5872    0.0196%  50.3270%
  [   176500,   177000)         5706    0.0190%  50.3460%
  [   177000,   177500)         5900    0.0197%  50.3657%
  [   177500,   178000)         5987    0.0200%  50.3856%
  [   178000,   178500)         5915    0.0197%  50.4053%
  [   178500,   179000)         5794    0.0193%  50.4246%
  [   179000,   179500)         6045    0.0202%  50.4448%
  [   179500,   180000)         6010    0.0200%  50.4648%
  [   180000,   180500)         6005    0.0200%  50.4848%
  [   180500,   181000)         6047    0.0202%  50.5050%
  [   181000,   181500)         6044    0.0201%  50.5251%
  [   181500,   182000)         5944    0.0198%  50.5450%
  [   182000,   182500)         6157    0.0205%  50.5655%
  [   182500,   183000)         5987    0.0200%  50.5854%
  [   183000,   183500)         6239    0.0208%  50.6062%
  [   183500,   184000)         6172    0.0206%  50.6268%
  [   184000,   184500)         6151    0.0205%  50.6473%
  [   184500,   185000)         6217    0.0207%  50.6680%
  [   185000,   185500)         6310    0.0210%  50.6891%
  [   185500,   186000)         6187    0.0206%  50.7097%
  [   186000,   186500)         6216    0.0207%  50.7304%
  [   186500,   187000)         6367    0.0212%  50.7516%
  [   187000,   187500)         6297    0.0210%  50.7726%
  [   187500,   188000)         6372    0.0212%  50.7939%
  [   188000,   188500)         6320    0.0211%  50.8149%
  [   188500,   189000)         6413    0.0214%  50.8363%
  [   189000,   189500)         6428    0.0214%  50.8577%
  [   189500,   190000)         6322    0.0211%  50.8788%
  [   190000,   190500)         6482    0.0216%  50.9004%
  [   190500,   191000)         6479    0.0216%  50.9220%
  [   191000,   191500)         6423    0.0214%  50.9434%
  [   191500,   192000)         6470    0.0216%  50.9650%
  [   192000,   192500)         6487    0.0216%  50.9866%
  [   192500,   193000)         6529    0.0218%  51.0084%
  [   193000,   193500)         6455    0.0215%  51.0299%
  [   193500,   194000)         6657    0.0222%  51.0521%
  [   194000,   194500)         6558    0.0219%  51.0739%
  [   194500,   195000)         6606    0.0220%  51.0960%
  [   195000,   195500)         6602    0.0220%  51.1180%
  [   195500,   196000)         6518    0.0217%  51.1397%
  [   196000,   196500)         6654    0.0222%  51.1619%
  [   196500,   197000)         6393    0.0213%  51.1832%
  [   197000,   197500)         6587    0.0220%  51.2051%
  [   197500,   198000)         6523    0.0217%  51.2269%
  [   198000,   198500)         6693    0.0223%  51.2492%
  [   198500,   199000)         6535    0.0218%  51.2710%
  [   199000,   199500)         6627    0.0221%  51.2931%
  [   199500,   200000)         6667    0.0222%  51.3153%
  [   200000,   200500)         6643    0.0221%  51.3374%
  [   200500,   201000)         6690    0.0223%  51.3597%
  [   201000,   201500)         6621    0.0221%  51.3818%
  [   201500,   202000)         6675    0.0223%  51.4041%
  [   202000,   202500)         6594    0.0220%  51.4260%
  [   202500,   203000)         6651    0.0222%  51.4482%
  [   203000,   203500)         6600    0.0220%  51.4702%
  [   203500,   204000)         6635    0.0221%  51.4923%
  [   204000,   204500)         6665    0.0222%  51.5145%
  [   204500,   205000)         6789    0.0226%  51.5372%
  [   205000,   205500)         6799    0.0227%  51.5598%
  [   205500,   206000)         6718    0.0224%  51.5822%
  [   206000,   206500)         6831    0.0228%  51.6050%
  [   206500,   207000)         6794    0.0226%  51.6276%
  [   207000,   207500)         6632    0.0221%  51.6497%
  [   207500,   208000)         6661    0.0222%  51.6720%
  [   208000,   208500)         6739    0.0225%  51.6944%
  [   208500,   209000)         6745    0.0225%  51.7169%
  [   209000,   209500)         6818    0.0227%  51.7396%
  [   209500,   210000)         6809    0.0227%  51.7623%
  [   210000,   210500)         6730    0.0224%  51.7848%
  [   210500,   211000)         6839    0.0228%  51.8076%
  [   211000,   211500)         6817    0.0227%  51.8303%
  [   211500,   212000)         6759    0.0225%  51.8528%
  [   212000,   212500)         6737    0.0225%  51.8753%
  [   212500,   213000)         6760    0.0225%  51.8978%
  [   213000,   213500)         6814    0.0227%  51.9205%
  [   213500,   214000)         6714    0.0224%  51.9429%
  [   214000,   214500)         6624    0.0221%  51.9650%
  [   214500,   215000)         6695    0.0223%  51.9873%
  [   215000,   215500)         6883    0.0229%  52.0102%
  [   215500,   216000)         6688    0.0223%  52.0325%
  [   216000,   216500)         7011    0.0234%  52.0559%
  [   216500,   217000)         6886    0.0230%  52.0788%
  [   217000,   217500)         6787    0.0226%  52.1015%
  [   217500,   218000)         6830    0.0228%  52.1242%
  [   218000,   218500)         6810    0.0227%  52.1469%
  [   218500,   219000)         6795    0.0227%  52.1696%
  [   219000,   219500)         6852    0.0228%  52.1924%
  [   219500,   220000)         6803    0.0227%  52.2151%
  [   220000,   220500)         6813    0.0227%  52.2378%
  [   220500,   221000)         6897    0.0230%  52.2608%
  [   221000,   221500)         6704    0.0223%  52.2831%
  [   221500,   222000)         6997    0.0233%  52.3065%
  [   222000,   222500)         6901    0.0230%  52.3295%
  [   222500,   223000)         6702    0.0223%  52.3518%
  [   223000,   223500)         6709    0.0224%  52.3742%
  [   223500,   224000)         6833    0.0228%  52.3970%
  [   224000,   224500)         6803    0.0227%  52.4196%
  [   224500,   225000)         6854    0.0228%  52.4425%
  [   225000,   225500)         6776    0.0226%  52.4651%
  [   225500,   226000)         6920    0.0231%  52.4881%
  [   226000,   226500)         6856    0.0229%  52.5110%
  [   226500,   227000)         6731    0.0224%  52.5334%
  [   227000,   227500)         6828    0.0228%  52.5562%
  [   227500,   228000)         6636    0.0221%  52.5783%
  [   228000,   228500)         6845    0.0228%  52.6011%
  [   228500,   229000)         6924    0.0231%  52.6242%
  [   229000,   229500)         6783    0.0226%  52.6468%
  [   229500,   230000)         6776    0.0226%  52.6694%
  [   230000,   230500)         6995    0.0233%  52.6927%
  [   230500,   231000)         6785    0.0226%  52.7153%
  [   231000,   231500)         7038    0.0235%  52.7388%
  [   231500,   232000)         6909    0.0230%  52.7618%
  [   232000,   232500)         6814    0.0227%  52.7845%
  [   232500,   233000)         6632    0.0221%  52.8066%
  [   233000,   233500)         6756    0.0225%  52.8292%
  [   233500,   234000)         6908    0.0230%  52.8522%
  [   234000,   234500)         6710    0.0224%  52.8746%
  [   234500,   235000)         6882    0.0229%  52.8975%
  [   235000,   235500)         6907    0.0230%  52.9205%
  [   235500,   236000)         6754    0.0225%  52.9430%
  [   236000,   236500)         6890    0.0230%  52.9660%
  [   236500,   237000)         6818    0.0227%  52.9887%
  [   237000,   237500)         6763    0.0225%  53.0113%
  [   237500,   238000)         6771    0.0226%  53.0338%
  [   238000,   238500)         6819    0.0227%  53.0566%
  [   238500,   239000)         6872    0.0229%  53.0795%
  [   239000,   239500)         6793    0.0226%  53.1021%
  [   239500,   240000)         6750    0.0225%  53.1246%
  [   240000,   240500)         6858    0.0229%  53.1475%
  [   240500,   241000)         6906    0.0230%  53.1705%
  [   241000,   241500)         6902    0.0230%  53.1935%
  [   241500,   242000)         6658    0.0222%  53.2157%
  [   242000,   242500)         6769    0.0226%  53.2383%
  [   242500,   243000)         6744    0.0225%  53.2607%
  [   243000,   243500)         6820    0.0227%  53.2835%
  [   243500,   244000)         6795    0.0227%  53.3061%
  [   244000,   244500)         6579    0.0219%  53.3281%
  [   244500,   245000)         6820    0.0227%  53.3508%
  [   245000,   245500)         6825    0.0228%  53.3735%
  [   245500,   246000)         6503    0.0217%  53.3952%
  [   246000,   246500)         6769    0.0226%  53.4178%
  [   246500,   247000)         6824    0.0227%  53.4405%
  [   247000,   247500)         6863    0.0229%  53.4634%
  [   247500,   248000)         6907    0.0230%  53.4864%
  [   248000,   248500)         6751    0.0225%  53.5089%
  [   248500,   249000)         6772    0.0226%  53.5315%
  [   249000,   249500)         6800    0.0227%  53.5542%
  [   249500,   250000)         6738    0.0225%  53.5766%
  [   250000,   250500)         6794    0.0226%  53.5993%
  [   250500,   251000)         6722    0.0224%  53.6217%
  [   251000,   251500)         6814    0.0227%  53.6444%
  [   251500,   252000)         6841    0.0228%  53.6672%
  [   252000,   252500)         6634    0.0221%  53.6893%
  [   252500,   253000)         6814    0.0227%  53.7120%
  [   253000,   253500)         6880    0.0229%  53.7350%
  [   253500,   254000)         6752    0.0225%  53.7575%
  [   254000,   254500)         6770    0.0226%  53.7800%
  [   254500,   255000)         6711    0.0224%  53.8024%
  [   255000,   255500)         6801    0.0227%  53.8251%
  [   255500,   256000)         6887    0.0230%  53.8480%
  [   256000,   256500)         6842    0.0228%  53.8708%
  [   256500,   257000)         6677    0.0223%  53.8931%
  [   257000,   257500)         6825    0.0228%  53.9158%
  [   257500,   258000)         6913    0.0230%  53.9389%
  [   258000,   258500)         6703    0.0223%  53.9612%
  [   258500,   259000)         6628    0.0221%  53.9833%
  [   259000,   259500)         6809    0.0227%  54.0060%
  [   259500,   260000)         6885    0.0230%  54.0290%
  [   260000,   260500)         6909    0.0230%  54.0520%
  [   260500,   261000)         6754    0.0225%  54.0745%
  [   261000,   261500)         6751    0.0225%  54.0970%
  [   261500,   262000)         6803    0.0227%  54.1197%
  [   262000,   262500)         6654    0.0222%  54.1419%
  [   262500,   263000)         6834    0.0228%  54.1646%
  [   263000,   263500)         6951    0.0232%  54.1878%
  [   263500,   264000)         6809    0.0227%  54.2105%
  [   264000,   264500)         6849    0.0228%  54.2333%
  [   264500,   265000)         6783    0.0226%  54.2560%
  [   265000,   265500)         6682    0.0223%  54.2782%
  [   265500,   266000)         6775    0.0226%  54.3008%
  [   266000,   266500)         6663    0.0222%  54.3230%
  [   266500,   267000)         6824    0.0227%  54.3458%
  [   267000,   267500)         6783    0.0226%  54.3684%
  [   267500,   268000)         6890    0.0230%  54.3913%
  [   268000,   268500)         6939    0.0231%  54.4145%
  [   268500,   269000)         6922    0.0231%  54.4375%
  [   269000,   269500)         6710    0.0224%  54.4599%
  [   269500,   270000)         6922    0.0231%  54.4830%
  [   270000,   270500)         6846    0.0228%  54.5058%
  [   270500,   271000)         6885    0.0230%  54.5288%
  [   271000,   271500)         6925    0.0231%  54.5518%
  [   271500,   272000)         6972    0.0232%  54.5751%
  [   272000,   272500)         6812    0.0227%  54.5978%
  [   272500,   273000)         6733    0.0224%  54.6202%
  [   273000,   273500)         6794    0.0226%  54.6429%
  [   273500,   274000)         6775    0.0226%  54.6655%
  [   274000,   274500)         6691    0.0223%  54.6878%
  [   274500,   275000)         6658    0.0222%  54.7100%
  [   275000,   275500)         6786    0.0226%  54.7326%
  [   275500,   276000)         6769    0.0226%  54.7551%
  [   276000,   276500)         6768    0.0226%  54.7777%
  [   276500,   277000)         6744    0.0225%  54.8002%
  [   277000,   277500)         6627    0.0221%  54.8223%
  [   277500,   278000)         6693    0.0223%  54.8446%
  [   278000,   278500)         6810    0.0227%  54.8673%
  [   278500,   279000)         6903    0.0230%  54.8903%
  [   279000,   279500)         6727    0.0224%  54.9127%
  [   279500,   280000)         6986    0.0233%  54.9360%
  [   280000,   280500)         6757    0.0225%  54.9585%
  [   280500,   281000)         6691    0.0223%  54.9808%
  [   281000,   281500)         6728    0.0224%  55.0033%
  [   281500,   282000)         6813    0.0227%  55.0260%
  [   282000,   282500)         6672    0.0222%  55.0482%
  [   282500,   283000)         6794    0.0226%  55.0709%
  [   283000,   283500)         6865    0.0229%  55.0937%
  [   283500,   284000)         6716    0.0224%  55.1161%
  [   284000,   284500)         6712    0.0224%  55.1385%
  [   284500,   285000)         6848    0.0228%  55.1613%
  [   285000,   285500)         6829    0.0228%  55.1841%
  [   285500,   286000)         6872    0.0229%  55.2070%
  [   286000,   286500)         6752    0.0225%  55.2295%
  [   286500,   287000)         6711    0.0224%  55.2519%
  [   287000,   287500)         6861    0.0229%  55.2747%
  [   287500,   288000)         6830    0.0228%  55.2975%
  [   288000,   288500)         6714    0.0224%  55.3199%
  [   288500,   289000)         6804    0.0227%  55.3426%
  [   289000,   289500)         6810    0.0227%  55.3653%
  [   289500,   290000)         6606    0.0220%  55.3873%
  [   290000,   290500)         6757    0.0225%  55.4098%
  [   290500,   291000)         6704    0.0223%  55.4322%
  [   291000,   291500)         6877    0.0229%  55.4551%
  [   291500,   292000)         6852    0.0228%  55.4779%
  [   292000,   292500)         6725    0.0224%  55.5003%
  [   292500,   293000)         6781    0.0226%  55.5229%
  [   293000,   293500)         6656    0.0222%  55.5451%
  [   293500,   294000)         6683    0.0223%  55.5674%
  [   294000,   294500)         6651    0.0222%  55.5896%
  [   294500,   295000)         6697    0.0223%  55.6119%
  [   295000,   295500)         6778    0.0226%  55.6345%
  [   295500,   296000)         6789    0.0226%  55.6571%
  [   296000,   296500)         6867    0.0229%  55.6800%
  [   296500,   297000)         6719    0.0224%  55.7024%
  [   297000,   297500)         6698    0.0223%  55.7247%
  [   297500,   298000)         6721    0.0224%  55.7471%
  [   298000,   298500)         6740    0.0225%  55.7696%
  [   298500,   299000)         6688    0.0223%  55.7919%
  [   299000,   299500)         6525    0.0218%  55.8136%
  [   299500,   300000)         6773    0.0226%  55.8362%
  [   300000,   300500)         6735    0.0225%  55.8587%
  [   300500,   301000)         6781    0.0226%  55.8813%
  [   301000,   301500)         6511    0.0217%  55.9030%
  [   301500,   302000)         6753    0.0225%  55.9255%
  [   302000,   302500)         6799    0.0227%  55.9482%
  [   302500,   303000)         6661    0.0222%  55.9704%
  [   303000,   303500)         6690    0.0223%  55.9927%
  [   303500,   304000)         6763    0.0225%  56.0152%
  [   304000,   304500)         6531    0.0218%  56.0370%
  [   304500,   305000)         6845    0.0228%  56.0598%
  [   305000,   305500)         6819    0.0227%  56.0825%
  [   305500,   306000)         6620    0.0221%  56.1046%
  [   306000,   306500)         6493    0.0216%  56.1262%
  [   306500,   307000)         6695    0.0223%  56.1485%
  [   307000,   307500)         6693    0.0223%  56.1709%
  [   307500,   308000)         6607    0.0220%  56.1929%
  [   308000,   308500)         6712    0.0224%  56.2152%
  [   308500,   309000)         6639    0.0221%  56.2374%
  [   309000,   309500)         6615    0.0221%  56.2594%
  [   309500,   310000)         6669    0.0222%  56.2817%
  [   310000,   310500)         6673    0.0222%  56.3039%
  [   310500,   311000)         6676    0.0223%  56.3262%
  [   311000,   311500)         6806    0.0227%  56.3488%
  [   311500,   312000)         6611    0.0220%  56.3709%
  [   312000,   312500)         6561    0.0219%  56.3927%
  [   312500,   313000)         6635    0.0221%  56.4149%
  [   313000,   313500)         6769    0.0226%  56.4374%
  [   313500,   314000)         6575    0.0219%  56.4593%
  [   314000,   314500)         6578    0.0219%  56.4813%
  [   314500,   315000)         6531    0.0218%  56.5030%
  [   315000,   315500)         6564    0.0219%  56.5249%
  [   315500,   316000)         6549    0.0218%  56.5468%
  [   316000,   316500)         6710    0.0224%  56.5691%
  [   316500,   317000)         6499    0.0217%  56.5908%
  [   317000,   317500)         6717    0.0224%  56.6132%
  [   317500,   318000)         6664    0.0222%  56.6354%
  [   318000,   318500)         6643    0.0221%  56.6575%
  [   318500,   319000)         6543    0.0218%  56.6793%
  [   319000,   319500)         6701    0.0223%  56.7017%
  [   319500,   320000)         6728    0.0224%  56.7241%
  [   320000,   320500)         6671    0.0222%  56.7463%
  [   320500,   321000)         6571    0.0219%  56.7682%
  [   321000,   321500)         6627    0.0221%  56.7903%
  [   321500,   322000)         6613    0.0220%  56.8124%
  [   322000,   322500)         6586    0.0220%  56.8343%
  [   322500,   323000)         6697    0.0223%  56.8567%
  [   323000,   323500)         6647    0.0222%  56.8788%
  [   323500,   324000)         6669    0.0222%  56.9010%
  [   324000,   324500)         6444    0.0215%  56.9225%
  [   324500,   325000)         6677    0.0223%  56.9448%
  [   325000,   325500)         6652    0.0222%  56.9669%
  [   325500,   326000)         6692    0.0223%  56.9893%
  [   326000,   326500)         6470    0.0216%  57.0108%
  [   326500,   327000)         6599    0.0220%  57.0328%
  [   327000,   327500)         6694    0.0223%  57.0551%
  [   327500,   328000)         6687    0.0223%  57.0774%
  [   328000,   328500)         6747    0.0225%  57.0999%
  [   328500,   329000)         6482    0.0216%  57.1215%
  [   329000,   329500)         6522    0.0217%  57.1433%
  [   329500,   330000)         6481    0.0216%  57.1649%
  [   330000,   330500)         6553    0.0218%  57.1867%
  [   330500,   331000)         6554    0.0218%  57.2086%
  [   331000,   331500)         6538    0.0218%  57.2303%
  [   331500,   332000)         6728    0.0224%  57.2528%
  [   332000,   332500)         6552    0.0218%  57.2746%
  [   332500,   333000)         6623    0.0221%  57.2967%
  [   333000,   333500)         6579    0.0219%  57.3186%
  [   333500,   334000)         6520    0.0217%  57.3404%
  [   334000,   334500)         6779    0.0226%  57.3629%
  [   334500,   335000)         6781    0.0226%  57.3856%
  [   335000,   335500)         6523    0.0217%  57.4073%
  [   335500,   336000)         6613    0.0220%  57.4293%
  [   336000,   336500)         6575    0.0219%  57.4513%
  [   336500,   337000)         6549    0.0218%  57.4731%
  [   337000,   337500)         6542    0.0218%  57.4949%
  [   337500,   338000)         6611    0.0220%  57.5169%
  [   338000,   338500)         6513    0.0217%  57.5386%
  [   338500,   339000)         6619    0.0221%  57.5607%
  [   339000,   339500)         6529    0.0218%  57.5825%
  [   339500,   340000)         6594    0.0220%  57.6044%
  [   340000,   340500)         6723    0.0224%  57.6269%
  [   340500,   341000)         6517    0.0217%  57.6486%
  [   341000,   341500)         6550    0.0218%  57.6704%
  [   341500,   342000)         6752    0.0225%  57.6929%
  [   342000,   342500)         6664    0.0222%  57.7151%
  [   342500,   343000)         6556    0.0219%  57.7370%
  [   343000,   343500)         6577    0.0219%  57.7589%
  [   343500,   344000)         6515    0.0217%  57.7806%
  [   344000,   344500)         6637    0.0221%  57.8027%
  [   344500,   345000)         6624    0.0221%  57.8248%
  [   345000,   345500)         6656    0.0222%  57.8470%
  [   345500,   346000)         6426    0.0214%  57.8684%
  [   346000,   346500)         6483    0.0216%  57.8900%
  [   346500,   347000)         6597    0.0220%  57.9120%
  [   347000,   347500)         6467    0.0216%  57.9336%
  [   347500,   348000)         6497    0.0217%  57.9552%
  [   348000,   348500)         6694    0.0223%  57.9776%
  [   348500,   349000)         6635    0.0221%  57.9997%
  [   349000,   349500)         6626    0.0221%  58.0218%
  [   349500,   350000)         6604    0.0220%  58.0438%
  [   350000,   350500)         6628    0.0221%  58.0659%
  [   350500,   351000)         6520    0.0217%  58.0876%
  [   351000,   351500)         6596    0.0220%  58.1096%
  [   351500,   352000)         6491    0.0216%  58.1312%
  [   352000,   352500)         6503    0.0217%  58.1529%
  [   352500,   353000)         6629    0.0221%  58.1750%
  [   353000,   353500)         6517    0.0217%  58.1967%
  [   353500,   354000)         6468    0.0216%  58.2183%
  [   354000,   354500)         6703    0.0223%  58.2406%
  [   354500,   355000)         6797    0.0227%  58.2633%
  [   355000,   355500)         6657    0.0222%  58.2855%
  [   355500,   356000)         6490    0.0216%  58.3071%
  [   356000,   356500)         6481    0.0216%  58.3287%
  [   356500,   357000)         6637    0.0221%  58.3508%
  [   357000,   357500)         6620    0.0221%  58.3729%
  [   357500,   358000)         6485    0.0216%  58.3945%
  [   358000,   358500)         6564    0.0219%  58.4164%
  [   358500,   359000)         6478    0.0216%  58.4380%
  [   359000,   359500)         6425    0.0214%  58.4594%
  [   359500,   360000)         6517    0.0217%  58.4811%
  [   360000,   360500)         6366    0.0212%  58.5024%
  [   360500,   361000)         6605    0.0220%  58.5244%
  [   361000,   361500)         6541    0.0218%  58.5462%
  [   361500,   362000)         6456    0.0215%  58.5677%
  [   362000,   362500)         6559    0.0219%  58.5896%
  [   362500,   363000)         6474    0.0216%  58.6111%
  [   363000,   363500)         6474    0.0216%  58.6327%
  [   363500,   364000)         6571    0.0219%  58.6546%
  [   364000,   364500)         6529    0.0218%  58.6764%
  [   364500,   365000)         6488    0.0216%  58.6980%
  [   365000,   365500)         6674    0.0222%  58.7203%
  [   365500,   366000)         6576    0.0219%  58.7422%
  [   366000,   366500)         6539    0.0218%  58.7640%
  [   366500,   367000)         6485    0.0216%  58.7856%
  [   367000,   367500)         6428    0.0214%  58.8070%
  [   367500,   368000)         6520    0.0217%  58.8288%
  [   368000,   368500)         6549    0.0218%  58.8506%
  [   368500,   369000)         6377    0.0213%  58.8718%
  [   369000,   369500)         6599    0.0220%  58.8938%
  [   369500,   370000)         6476    0.0216%  58.9154%
  [   370000,   370500)         6558    0.0219%  58.9373%
  [   370500,   371000)         6543    0.0218%  58.9591%
  [   371000,   371500)         6494    0.0216%  58.9807%
  [   371500,   372000)         6463    0.0215%  59.0023%
  [   372000,   372500)         6507    0.0217%  59.0240%
  [   372500,   373000)         6359    0.0212%  59.0452%
  [   373000,   373500)         6536    0.0218%  59.0670%
  [   373500,   374000)         6442    0.0215%  59.0884%
  [   374000,   374500)         6503    0.0217%  59.1101%
  [   374500,   375000)         6480    0.0216%  59.1317%
  [   375000,   375500)         6431    0.0214%  59.1531%
  [   375500,   376000)         6521    0.0217%  59.1749%
  [   376000,   376500)         6505    0.0217%  59.1966%
  [   376500,   377000)         6500    0.0217%  59.2182%
  [   377000,   377500)         6359    0.0212%  59.2394%
  [   377500,   378000)         6574    0.0219%  59.2613%
  [   378000,   378500)         6469    0.0216%  59.2829%
  [   378500,   379000)         6498    0.0217%  59.3046%
  [   379000,   379500)         6539    0.0218%  59.3264%
  [   379500,   380000)         6465    0.0216%  59.3479%
  [   380000,   380500)         6488    0.0216%  59.3695%
  [   380500,   381000)         6507    0.0217%  59.3912%
  [   381000,   381500)         6451    0.0215%  59.4127%
  [   381500,   382000)         6524    0.0217%  59.4345%
  [   382000,   382500)         6333    0.0211%  59.4556%
  [   382500,   383000)         6608    0.0220%  59.4776%
  [   383000,   383500)         6424    0.0214%  59.4990%
  [   383500,   384000)         6555    0.0219%  59.5209%
  [   384000,   384500)         6538    0.0218%  59.5427%
  [   384500,   385000)         6301    0.0210%  59.5637%
  [   385000,   385500)         6392    0.0213%  59.5850%
  [   385500,   386000)         6400    0.0213%  59.6063%
  [   386000,   386500)         6393    0.0213%  59.6276%
  [   386500,   387000)         6397    0.0213%  59.6489%
  [   387000,   387500)         6408    0.0214%  59.6703%
  [   387500,   388000)         6448    0.0215%  59.6918%
  [   388000,   388500)         6476    0.0216%  59.7134%
  [   388500,   389000)         6395    0.0213%  59.7347%
  [   389000,   389500)         6387    0.0213%  59.7560%
  [   389500,   390000)         6402    0.0213%  59.7773%
  [   390000,   390500)         6478    0.0216%  59.7989%
  [   390500,   391000)         6568    0.0219%  59.8208%
  [   391000,   391500)         6511    0.0217%  59.8425%
  [   391500,   392000)         6319    0.0211%  59.8636%
  [   392000,   392500)         6598    0.0220%  59.8856%
  [   392500,   393000)         6379    0.0213%  59.9068%
  [   393000,   393500)         6321    0.0211%  59.9279%
  [   393500,   394000)         6383    0.0213%  59.9492%
  [   394000,   394500)         6275    0.0209%  59.9701%
  [   394500,   395000)         6499    0.0217%  59.9918%
  [   395000,   395500)         6392    0.0213%  60.0131%
  [   395500,   396000)         6218    0.0207%  60.0338%
  [   396000,   396500)         6341    0.0211%  60.0549%
  [   396500,   397000)         6476    0.0216%  60.0765%
  [   397000,   397500)         6334    0.0211%  60.0976%
  [   397500,   398000)         6411    0.0214%  60.1190%
  [   398000,   398500)         6373    0.0212%  60.1403%
  [   398500,   399000)         6415    0.0214%  60.1616%
  [   399000,   399500)         6438    0.0215%  60.1831%
  [   399500,   400000)         6361    0.0212%  60.2043%
  [   400000,   400500)         6323    0.0211%  60.2254%
  [   400500,   401000)         6334    0.0211%  60.2465%
  [   401000,   401500)         6430    0.0214%  60.2679%
  [   401500,   402000)         6418    0.0214%  60.2893%
  [   402000,   402500)         6461    0.0215%  60.3109%
  [   402500,   403000)         6244    0.0208%  60.3317%
  [   403000,   403500)         6264    0.0209%  60.3525%
  [   403500,   404000)         6274    0.0209%  60.3735%
  [   404000,   404500)         6426    0.0214%  60.3949%
  [   404500,   405000)         6252    0.0208%  60.4157%
  [   405000,   405500)         6388    0.0213%  60.4370%
  [   405500,   406000)         6403    0.0213%  60.4584%
  [   406000,   406500)         6266    0.0209%  60.4792%
  [   406500,   407000)         6336    0.0211%  60.5004%
  [   407000,   407500)         6397    0.0213%  60.5217%
  [   407500,   408000)         6403    0.0213%  60.5430%
  [   408000,   408500)         6369    0.0212%  60.5643%
  [   408500,   409000)         6356    0.0212%  60.5854%
  [   409000,   409500)         6310    0.0210%  60.6065%
  [   409500,   410000)         6292    0.0210%  60.6275%
  [   410000,   410500)         6435    0.0215%  60.6489%
  [   410500,   411000)         6258    0.0209%  60.6698%
  [   411000,   411500)         6351    0.0212%  60.6909%
  [   411500,   412000)         6229    0.0208%  60.7117%
  [   412000,   412500)         6240    0.0208%  60.7325%
  [   412500,   413000)         6359    0.0212%  60.7537%
  [   413000,   413500)         6318    0.0211%  60.7748%
  [   413500,   414000)         6484    0.0216%  60.7964%
  [   414000,   414500)         6239    0.0208%  60.8172%
  [   414500,   415000)         6365    0.0212%  60.8384%
  [   415000,   415500)         6281    0.0209%  60.8593%
  [   415500,   416000)         6185    0.0206%  60.8799%
  [   416000,   416500)         6295    0.0210%  60.9009%
  [   416500,   417000)         6519    0.0217%  60.9226%
  [   417000,   417500)         6304    0.0210%  60.9437%
  [   417500,   418000)         6397    0.0213%  60.9650%
  [   418000,   418500)         6328    0.0211%  60.9861%
  [   418500,   419000)         6383    0.0213%  61.0074%
  [   419000,   419500)         6300    0.0210%  61.0284%
  [   419500,   420000)         6423    0.0214%  61.0498%
  [   420000,   420500)         6496    0.0217%  61.0714%
  [   420500,   421000)         6229    0.0208%  61.0922%
  [   421000,   421500)         6198    0.0207%  61.1128%
  [   421500,   422000)         6398    0.0213%  61.1342%
  [   422000,   422500)         6374    0.0212%  61.1554%
  [   422500,   423000)         6324    0.0211%  61.1765%
  [   423000,   423500)         6315    0.0211%  61.1975%
  [   423500,   424000)         6472    0.0216%  61.2191%
  [   424000,   424500)         6341    0.0211%  61.2403%
  [   424500,   425000)         6419    0.0214%  61.2616%
  [   425000,   425500)         6263    0.0209%  61.2825%
  [   425500,   426000)         6224    0.0207%  61.3033%
  [   426000,   426500)         6443    0.0215%  61.3247%
  [   426500,   427000)         6540    0.0218%  61.3465%
  [   427000,   427500)         6387    0.0213%  61.3678%
  [   427500,   428000)         6318    0.0211%  61.3889%
  [   428000,   428500)         6365    0.0212%  61.4101%
  [   428500,   429000)         6417    0.0214%  61.4315%
  [   429000,   429500)         6477    0.0216%  61.4531%
  [   429500,   430000)         6336    0.0211%  61.4742%
  [   430000,   430500)         6405    0.0214%  61.4956%
  [   430500,   431000)         6391    0.0213%  61.5169%
  [   431000,   431500)         6511    0.0217%  61.5386%
  [   431500,   432000)         6424    0.0214%  61.5600%
  [   432000,   432500)         6295    0.0210%  61.5810%
  [   432500,   433000)         6443    0.0215%  61.6024%
  [   433000,   433500)         6304    0.0210%  61.6235%
  [   433500,   434000)         6310    0.0210%  61.6445%
  [   434000,   434500)         6368    0.0212%  61.6657%
  [   434500,   435000)         6231    0.0208%  61.6865%
  [   435000,   435500)         6494    0.0216%  61.7081%
  [   435500,   436000)         6380    0.0213%  61.7294%
  [   436000,   436500)         6377    0.0213%  61.7507%
  [   436500,   437000)         6412    0.0214%  61.7720%
  [   437000,   437500)         6457    0.0215%  61.7936%
  [   437500,   438000)         6592    0.0220%  61.8155%
  [   438000,   438500)         6408    0.0214%  61.8369%
  [   438500,   439000)         6557    0.0219%  61.8587%
  [   439000,   439500)         6429    0.0214%  61.8802%
  [   439500,   440000)         6281    0.0209%  61.9011%
  [   440000,   440500)         6435    0.0215%  61.9226%
  [   440500,   441000)         6504    0.0217%  61.9442%
  [   441000,   441500)         6557    0.0219%  61.9661%
  [   441500,   442000)         6528    0.0218%  61.9879%
  [   442000,   442500)         6311    0.0210%  62.0089%
  [   442500,   443000)         6429    0.0214%  62.0303%
  [   443000,   443500)         6388    0.0213%  62.0516%
  [   443500,   444000)         6449    0.0215%  62.0731%
  [   444000,   444500)         6389    0.0213%  62.0944%
  [   444500,   445000)         6586    0.0220%  62.1164%
  [   445000,   445500)         6442    0.0215%  62.1378%
  [   445500,   446000)         6414    0.0214%  62.1592%
  [   446000,   446500)         6329    0.0211%  62.1803%
  [   446500,   447000)         6469    0.0216%  62.2019%
  [   447000,   447500)         6462    0.0215%  62.2234%
  [   447500,   448000)         6481    0.0216%  62.2450%
  [   448000,   448500)         6481    0.0216%  62.2666%
  [   448500,   449000)         6488    0.0216%  62.2883%
  [   449000,   449500)         6520    0.0217%  62.3100%
  [   449500,   450000)         6547    0.0218%  62.3318%
  [   450000,   450500)         6426    0.0214%  62.3532%
  [   450500,   451000)         6649    0.0222%  62.3754%
  [   451000,   451500)         6508    0.0217%  62.3971%
  [   451500,   452000)         6450    0.0215%  62.4186%
  [   452000,   452500)         6419    0.0214%  62.4400%
  [   452500,   453000)         6606    0.0220%  62.4620%
  [   453000,   453500)         6584    0.0219%  62.4839%
  [   453500,   454000)         6512    0.0217%  62.5057%
  [   454000,   454500)         6763    0.0225%  62.5282%
  [   454500,   455000)         6563    0.0219%  62.5501%
  [   455000,   455500)         6495    0.0217%  62.5717%
  [   455500,   456000)         6638    0.0221%  62.5939%
  [   456000,   456500)         6483    0.0216%  62.6155%
  [   456500,   457000)         6567    0.0219%  62.6374%
  [   457000,   457500)         6630    0.0221%  62.6595%
  [   457500,   458000)         6555    0.0219%  62.6813%
  [   458000,   458500)         6632    0.0221%  62.7034%
  [   458500,   459000)         6704    0.0223%  62.7258%
  [   459000,   459500)         6581    0.0219%  62.7477%
  [   459500,   460000)         6717    0.0224%  62.7701%
  [   460000,   460500)         6649    0.0222%  62.7922%
  [   460500,   461000)         6663    0.0222%  62.8145%
  [   461000,   461500)         6660    0.0222%  62.8367%
  [   461500,   462000)         6607    0.0220%  62.8587%
  [   462000,   462500)         6610    0.0220%  62.8807%
  [   462500,   463000)         6806    0.0227%  62.9034%
  [   463000,   463500)         6525    0.0218%  62.9251%
  [   463500,   464000)         6635    0.0221%  62.9473%
  [   464000,   464500)         6726    0.0224%  62.9697%
  [   464500,   465000)         6660    0.0222%  62.9919%
  [   465000,   465500)         6814    0.0227%  63.0146%
  [   465500,   466000)         6665    0.0222%  63.0368%
  [   466000,   466500)         6901    0.0230%  63.0598%
  [   466500,   467000)         6747    0.0225%  63.0823%
  [   467000,   467500)         6678    0.0223%  63.1046%
  [   467500,   468000)         6848    0.0228%  63.1274%
  [   468000,   468500)         6933    0.0231%  63.1505%
  [   468500,   469000)         6687    0.0223%  63.1728%
  [   469000,   469500)         6849    0.0228%  63.1956%
  [   469500,   470000)         6841    0.0228%  63.2184%
  [   470000,   470500)         6874    0.0229%  63.2413%
  [   470500,   471000)         7018    0.0234%  63.2647%
  [   471000,   471500)         6958    0.0232%  63.2879%
  [   471500,   472000)         6953    0.0232%  63.3111%
  [   472000,   472500)         6893    0.0230%  63.3341%
  [   472500,   473000)         6887    0.0230%  63.3570%
  [   473000,   473500)         6755    0.0225%  63.3796%
  [   473500,   474000)         6943    0.0231%  63.4027%
  [   474000,   474500)         6932    0.0231%  63.4258%
  [   474500,   475000)         7129    0.0238%  63.4496%
  [   475000,   475500)         7101    0.0237%  63.4732%
  [   475500,   476000)         7022    0.0234%  63.4966%
  [   476000,   476500)         7051    0.0235%  63.5201%
  [   476500,   477000)         6928    0.0231%  63.5432%
  [   477000,   477500)         7001    0.0233%  63.5666%
  [   477500,   478000)         7126    0.0238%  63.5903%
  [   478000,   478500)         7050    0.0235%  63.6138%
  [   478500,   479000)         7086    0.0236%  63.6375%
  [   479000,   479500)         7039    0.0235%  63.6609%
  [   479500,   480000)         7045    0.0235%  63.6844%
  [   480000,   480500)         7251    0.0242%  63.7086%
  [   480500,   481000)         7128    0.0238%  63.7323%
  [   481000,   481500)         7033    0.0234%  63.7558%
  [   481500,   482000)         7052    0.0235%  63.7793%
  [   482000,   482500)         7106    0.0237%  63.8030%
  [   482500,   483000)         7234    0.0241%  63.8271%
  [   483000,   483500)         7310    0.0244%  63.8514%
  [   483500,   484000)         7244    0.0241%  63.8756%
  [   484000,   484500)         7070    0.0236%  63.8992%
  [   484500,   485000)         7104    0.0237%  63.9228%
  [   485000,   485500)         7355    0.0245%  63.9474%
  [   485500,   486000)         7189    0.0240%  63.9713%
  [   486000,   486500)         7348    0.0245%  63.9958%
  [   486500,   487000)         7337    0.0245%  64.0203%
  [   487000,   487500)         7305    0.0244%  64.0446%
  [   487500,   488000)         7258    0.0242%  64.0688%
  [   488000,   488500)         7377    0.0246%  64.0934%
  [   488500,   489000)         7415    0.0247%  64.1181%
  [   489000,   489500)         7324    0.0244%  64.1425%
  [   489500,   490000)         7379    0.0246%  64.1671%
  [   490000,   490500)         7333    0.0244%  64.1916%
  [   490500,   491000)         7521    0.0251%  64.2166%
  [   491000,   491500)         7420    0.0247%  64.2414%
  [   491500,   492000)         7464    0.0249%  64.2663%
  [   492000,   492500)         7434    0.0248%  64.2910%
  [   492500,   493000)         7499    0.0250%  64.3160%
  [   493000,   493500)         7634    0.0254%  64.3415%
  [   493500,   494000)         7467    0.0249%  64.3664%
  [   494000,   494500)         7538    0.0251%  64.3915%
  [   494500,   495000)         7443    0.0248%  64.4163%
  [   495000,   495500)         7549    0.0252%  64.4415%
  [   495500,   496000)         7529    0.0251%  64.4666%
  [   496000,   496500)         7529    0.0251%  64.4917%
  [   496500,   497000)         7838    0.0261%  64.5178%
  [   497000,   497500)         7696    0.0257%  64.5434%
  [   497500,   498000)         7761    0.0259%  64.5693%
  [   498000,   498500)         7855    0.0262%  64.5955%
  [   498500,   499000)         7666    0.0256%  64.6210%
  [   499000,   499500)         7839    0.0261%  64.6472%
  [   499500,   500000)         7750    0.0258%  64.6730%
  [   500000,   500500)         7798    0.0260%  64.6990%
  [   500500,   501000)         7860    0.0262%  64.7252%
  [   501000,   501500)         7888    0.0263%  64.7515%
  [   501500,   502000)         7892    0.0263%  64.7778%
  [   502000,   502500)         7927    0.0264%  64.8042%
  [   502500,   503000)         7842    0.0261%  64.8304%
  [   503000,   503500)         7890    0.0263%  64.8567%
  [   503500,   504000)         7889    0.0263%  64.8830%
  [   504000,   504500)         7911    0.0264%  64.9093%
  [   504500,   505000)         7942    0.0265%  64.9358%
  [   505000,   505500)         7994    0.0266%  64.9625%
  [   505500,   506000)         7906    0.0264%  64.9888%
  [   506000,   506500)         7984    0.0266%  65.0154%
  [   506500,   507000)         8120    0.0271%  65.0425%
  [   507000,   507500)         8140    0.0271%  65.0696%
  [   507500,   508000)         8092    0.0270%  65.0966%
  [   508000,   508500)         8001    0.0267%  65.1233%
  [   508500,   509000)         8343    0.0278%  65.1511%
  [   509000,   509500)         8133    0.0271%  65.1782%
  [   509500,   510000)         8130    0.0271%  65.2053%
  [   510000,   510500)         8067    0.0269%  65.2322%
  [   510500,   511000)         8151    0.0272%  65.2593%
  [   511000,   511500)         8120    0.0271%  65.2864%
  [   511500,   512000)         8223    0.0274%  65.3138%
  [   512000,   512500)         8355    0.0279%  65.3417%
  [   512500,   513000)         8393    0.0280%  65.3696%
  [   513000,   513500)         8291    0.0276%  65.3973%
  [   513500,   514000)         8464    0.0282%  65.4255%
  [   514000,   514500)         8349    0.0278%  65.4533%
  [   514500,   515000)         8353    0.0278%  65.4812%
  [   515000,   515500)         8561    0.0285%  65.5097%
  [   515500,   516000)         8348    0.0278%  65.5375%
  [   516000,   516500)         8256    0.0275%  65.5651%
  [   516500,   517000)         8516    0.0284%  65.5934%
  [   517000,   517500)         8556    0.0285%  65.6220%
  [   517500,   518000)         8506    0.0284%  65.6503%
  [   518000,   518500)         8619    0.0287%  65.6790%
  [   518500,   519000)         8424    0.0281%  65.7071%
  [   519000,   519500)         8809    0.0294%  65.7365%
  [   519500,   520000)         8556    0.0285%  65.7650%
  [   520000,   520500)         8807    0.0294%  65.7944%
  [   520500,   521000)         8881    0.0296%  65.8240%
  [   521000,   521500)         8779    0.0293%  65.8532%
  [   521500,   522000)         8809    0.0294%  65.8826%
  [   522000,   522500)         8716    0.0291%  65.9116%
  [   522500,   523000)         8738    0.0291%  65.9408%
  [   523000,   523500)         8837    0.0295%  65.9702%
  [   523500,   524000)         8756    0.0292%  65.9994%
  [   524000,   524500)         8993    0.0300%  66.0294%
  [   524500,   525000)         9000    0.0300%  66.0594%
  [   525000,   525500)         8997    0.0300%  66.0894%
  [   525500,   526000)         8861    0.0295%  66.1189%
  [   526000,   526500)         8904    0.0297%  66.1486%
  [   526500,   527000)         8844    0.0295%  66.1781%
  [   527000,   527500)         9056    0.0302%  66.2083%
  [   527500,   528000)         9034    0.0301%  66.2384%
  [   528000,   528500)         8790    0.0293%  66.2677%
  [   528500,   529000)         9057    0.0302%  66.2979%
  [   529000,   529500)         9110    0.0304%  66.3282%
  [   529500,   530000)         9150    0.0305%  66.3587%
  [   530000,   530500)         9157    0.0305%  66.3893%
  [   530500,   531000)         9165    0.0306%  66.4198%
  [   531000,   531500)         9167    0.0306%  66.4504%
  [   531500,   532000)         9089    0.0303%  66.4807%
  [   532000,   532500)         9351    0.0312%  66.5118%
  [   532500,   533000)         9241    0.0308%  66.5426%
  [   533000,   533500)         9379    0.0313%  66.5739%
  [   533500,   534000)         9156    0.0305%  66.6044%
  [   534000,   534500)         9257    0.0309%  66.6353%
  [   534500,   535000)         9409    0.0314%  66.6666%
  [   535000,   535500)         9458    0.0315%  66.6982%
  [   535500,   536000)         9607    0.0320%  66.7302%
  [   536000,   536500)         9719    0.0324%  66.7626%
  [   536500,   537000)         9447    0.0315%  66.7941%
  [   537000,   537500)         9420    0.0314%  66.8255%
  [   537500,   538000)         9583    0.0319%  66.8574%
  [   538000,   538500)         9692    0.0323%  66.8897%
  [   538500,   539000)         9769    0.0326%  66.9223%
  [   539000,   539500)         9656    0.0322%  66.9545%
  [   539500,   540000)         9817    0.0327%  66.9872%
  [   540000,   540500)         9776    0.0326%  67.0198%
  [   540500,   541000)         9652    0.0322%  67.0520%
  [   541000,   541500)         9893    0.0330%  67.0849%
  [   541500,   542000)         9840    0.0328%  67.1177%
  [   542000,   542500)         9919    0.0331%  67.1508%
  [   542500,   543000)         9840    0.0328%  67.1836%
  [   543000,   543500)         9924    0.0331%  67.2167%
  [   543500,   544000)         9890    0.0330%  67.2497%
  [   544000,   544500)         9949    0.0332%  67.2828%
  [   544500,   545000)        10039    0.0335%  67.3163%
  [   545000,   545500)         9982    0.0333%  67.3496%
  [   545500,   546000)         9932    0.0331%  67.3827%
  [   546000,   546500)        10160    0.0339%  67.4165%
  [   546500,   547000)        10098    0.0337%  67.4502%
  [   547000,   547500)        10169    0.0339%  67.4841%
  [   547500,   548000)        10333    0.0344%  67.5185%
  [   548000,   548500)        10242    0.0341%  67.5527%
  [   548500,   549000)        10316    0.0344%  67.5871%
  [   549000,   549500)        10204    0.0340%  67.6211%
  [   549500,   550000)        10337    0.0345%  67.6555%
  [   550000,   550500)        10343    0.0345%  67.6900%
  [   550500,   551000)        10517    0.0351%  67.7251%
  [   551000,   551500)        10609    0.0354%  67.7604%
  [   551500,   552000)        10569    0.0352%  67.7956%
  [   552000,   552500)        10555    0.0352%  67.8308%
  [   552500,   553000)        10570    0.0352%  67.8661%
  [   553000,   553500)        10652    0.0355%  67.9016%
  [   553500,   554000)        10649    0.0355%  67.9371%
  [   554000,   554500)        10594    0.0353%  67.9724%
  [   554500,   555000)        10766    0.0359%  68.0083%
  [   555000,   555500)        10919    0.0364%  68.0447%
  [   555500,   556000)        10686    0.0356%  68.0803%
  [   556000,   556500)        10591    0.0353%  68.1156%
  [   556500,   557000)        10998    0.0367%  68.1522%
  [   557000,   557500)        10995    0.0367%  68.1889%
  [   557500,   558000)        10859    0.0362%  68.2251%
  [   558000,   558500)        10909    0.0364%  68.2615%
  [   558500,   559000)        10744    0.0358%  68.2973%
  [   559000,   559500)        11088    0.0370%  68.3342%
  [   559500,   560000)        10853    0.0362%  68.3704%
  [   560000,   560500)        11037    0.0368%  68.4072%
  [   560500,   561000)        11105    0.0370%  68.4442%
  [   561000,   561500)        11257    0.0375%  68.4817%
  [   561500,   562000)        11210    0.0374%  68.5191%
  [   562000,   562500)        11290    0.0376%  68.5567%
  [   562500,   563000)        11145    0.0372%  68.5939%
  [   563000,   563500)        11473    0.0382%  68.6321%
  [   563500,   564000)        11345    0.0378%  68.6699%
  [   564000,   564500)        11372    0.0379%  68.7079%
  [   564500,   565000)        11117    0.0371%  68.7449%
  [   565000,   565500)        11535    0.0385%  68.7834%
  [   565500,   566000)        11367    0.0379%  68.8213%
  [   566000,   566500)        11340    0.0378%  68.8591%
  [   566500,   567000)        11334    0.0378%  68.8968%
  [   567000,   567500)        11582    0.0386%  68.9354%
  [   567500,   568000)        11571    0.0386%  68.9740%
  [   568000,   568500)        11743    0.0391%  69.0132%
  [   568500,   569000)        11646    0.0388%  69.0520%
  [   569000,   569500)        11670    0.0389%  69.0909%
  [   569500,   570000)        11656    0.0389%  69.1297%
  [   570000,   570500)        11830    0.0394%  69.1692%
  [   570500,   571000)        11853    0.0395%  69.2087%
  [   571000,   571500)        11913    0.0397%  69.2484%
  [   571500,   572000)        11866    0.0396%  69.2879%
  [   572000,   572500)        12105    0.0404%  69.3283%
  [   572500,   573000)        11903    0.0397%  69.3680%
  [   573000,   573500)        12183    0.0406%  69.4086%
  [   573500,   574000)        12070    0.0402%  69.4488%
  [   574000,   574500)        12241    0.0408%  69.4896%
  [   574500,   575000)        12114    0.0404%  69.5300%
  [   575000,   575500)        12106    0.0404%  69.5703%
  [   575500,   576000)        12203    0.0407%  69.6110%
  [   576000,   576500)        12154    0.0405%  69.6515%
  [   576500,   577000)        12417    0.0414%  69.6929%
  [   577000,   577500)        12366    0.0412%  69.7341%
  [   577500,   578000)        12500    0.0417%  69.7758%
  [   578000,   578500)        12284    0.0409%  69.8168%
  [   578500,   579000)        12350    0.0412%  69.8579%
  [   579000,   579500)        12568    0.0419%  69.8998%
  [   579500,   580000)        12540    0.0418%  69.9416%
  [   580000,   580500)        12297    0.0410%  69.9826%
  [   580500,   581000)        12717    0.0424%  70.0250%
  [   581000,   581500)        12637    0.0421%  70.0671%
  [   581500,   582000)        12736    0.0425%  70.1096%
  [   582000,   582500)        12690    0.0423%  70.1519%
  [   582500,   583000)        12700    0.0423%  70.1942%
  [   583000,   583500)        12922    0.0431%  70.2373%
  [   583500,   584000)        12971    0.0432%  70.2805%
  [   584000,   584500)        12950    0.0432%  70.3237%
  [   584500,   585000)        13175    0.0439%  70.3676%
  [   585000,   585500)        12938    0.0431%  70.4107%
  [   585500,   586000)        13012    0.0434%  70.4541%
  [   586000,   586500)        13115    0.0437%  70.4978%
  [   586500,   587000)        13345    0.0445%  70.5423%
  [   587000,   587500)        13281    0.0443%  70.5866%
  [   587500,   588000)        13335    0.0445%  70.6310%
  [   588000,   588500)        13139    0.0438%  70.6748%
  [   588500,   589000)        13053    0.0435%  70.7183%
  [   589000,   589500)        13342    0.0445%  70.7628%
  [   589500,   590000)        13498    0.0450%  70.8078%
  [   590000,   590500)        13467    0.0449%  70.8527%
  [   590500,   591000)        13558    0.0452%  70.8979%
  [   591000,   591500)        13417    0.0447%  70.9426%
  [   591500,   592000)        13649    0.0455%  70.9881%
  [   592000,   592500)        13462    0.0449%  71.0330%
  [   592500,   593000)        13601    0.0453%  71.0783%
  [   593000,   593500)        13718    0.0457%  71.1240%
  [   593500,   594000)        13865    0.0462%  71.1702%
  [   594000,   594500)        13668    0.0456%  71.2158%
  [   594500,   595000)        13600    0.0453%  71.2611%
  [   595000,   595500)        13828    0.0461%  71.3072%
  [   595500,   596000)        13909    0.0464%  71.3536%
  [   596000,   596500)        13733    0.0458%  71.3994%
  [   596500,   597000)        14128    0.0471%  71.4465%
  [   597000,   597500)        14144    0.0471%  71.4936%
  [   597500,   598000)        14044    0.0468%  71.5404%
  [   598000,   598500)        14090    0.0470%  71.5874%
  [   598500,   599000)        14183    0.0473%  71.6347%
  [   599000,   599500)        14282    0.0476%  71.6823%
  [   599500,   600000)        14316    0.0477%  71.7300%
  [   600000,   600500)        14307    0.0477%  71.7777%
  [   600500,   601000)        14109    0.0470%  71.8247%
  [   601000,   601500)        14243    0.0475%  71.8722%
  [   601500,   602000)        14317    0.0477%  71.9199%
  [   602000,   602500)        14601    0.0487%  71.9686%
  [   602500,   603000)        14439    0.0481%  72.0167%
  [   603000,   603500)        14679    0.0489%  72.0656%
  [   603500,   604000)        14637    0.0488%  72.1144%
  [   604000,   604500)        14478    0.0483%  72.1627%
  [   604500,   605000)        14599    0.0487%  72.2114%
  [   605000,   605500)        14702    0.0490%  72.2604%
  [   605500,   606000)        14814    0.0494%  72.3097%
  [   606000,   606500)        15039    0.0501%  72.3599%
  [   606500,   607000)        14845    0.0495%  72.4094%
  [   607000,   607500)        14878    0.0496%  72.4590%
  [   607500,   608000)        14809    0.0494%  72.5083%
  [   608000,   608500)        14730    0.0491%  72.5574%
  [   608500,   609000)        14980    0.0499%  72.6073%
  [   609000,   609500)        14970    0.0499%  72.6572%
  [   609500,   610000)        14957    0.0499%  72.7071%
  [   610000,   610500)        15034    0.0501%  72.7572%
  [   610500,   611000)        15268    0.0509%  72.8081%
  [   611000,   611500)        15302    0.0510%  72.8591%
  [   611500,   612000)        15426    0.0514%  72.9105%
  [   612000,   612500)        15141    0.0505%  72.9610%
  [   612500,   613000)        15220    0.0507%  73.0117%
  [   613000,   613500)        15448    0.0515%  73.0632%
  [   613500,   614000)        15444    0.0515%  73.1147%
  [   614000,   614500)        15522    0.0517%  73.1665%
  [   614500,   615000)        15495    0.0517%  73.2181%
  [   615000,   615500)        15669    0.0522%  73.2703%
  [   615500,   616000)        15717    0.0524%  73.3227%
  [   616000,   616500)        15689    0.0523%  73.3750%
  [   616500,   617000)        15726    0.0524%  73.4274%
  [   617000,   617500)        15787    0.0526%  73.4801%
  [   617500,   618000)        15630    0.0521%  73.5322%
  [   618000,   618500)        15939    0.0531%  73.5853%
  [   618500,   619000)        15852    0.0528%  73.6381%
  [   619000,   619500)        15957    0.0532%  73.6913%
  [   619500,   620000)        15879    0.0529%  73.7443%
  [   620000,   620500)        16058    0.0535%  73.7978%
  [   620500,   621000)        15845    0.0528%  73.8506%
  [   621000,   621500)        16032    0.0534%  73.9040%
  [   621500,   622000)        16024    0.0534%  73.9575%
  [   622000,   622500)        16373    0.0546%  74.0120%
  [   622500,   623000)        15999    0.0533%  74.0654%
  [   623000,   623500)        16082    0.0536%  74.1190%
  [   623500,   624000)        16377    0.0546%  74.1736%
  [   624000,   624500)        16326    0.0544%  74.2280%
  [   624500,   625000)        16363    0.0545%  74.2825%
  [   625000,   625500)        16414    0.0547%  74.3372%
  [   625500,   626000)        16459    0.0549%  74.3921%
  [   626000,   626500)        16396    0.0547%  74.4467%
  [   626500,   627000)        16376    0.0546%  74.5013%
  [   627000,   627500)        16128    0.0538%  74.5551%
  [   627500,   628000)        16618    0.0554%  74.6105%
  [   628000,   628500)        16484    0.0549%  74.6654%
  [   628500,   629000)        16295    0.0543%  74.7198%
  [   629000,   629500)        16561    0.0552%  74.7750%
  [   629500,   630000)        16677    0.0556%  74.8305%
  [   630000,   630500)        16878    0.0563%  74.8868%
  [   630500,   631000)        16779    0.0559%  74.9427%
  [   631000,   631500)        16892    0.0563%  74.9990%
  [   631500,   632000)        16695    0.0557%  75.0547%
  [   632000,   632500)        16944    0.0565%  75.1112%
  [   632500,   633000)        16632    0.0554%  75.1666%
  [   633000,   633500)        17053    0.0568%  75.2235%
  [   633500,   634000)        17183    0.0573%  75.2807%
  [   634000,   634500)        17018    0.0567%  75.3375%
  [   634500,   635000)        17209    0.0574%  75.3948%
  [   635000,   635500)        17108    0.0570%  75.4519%
  [   635500,   636000)        17016    0.0567%  75.5086%
  [   636000,   636500)        17122    0.0571%  75.5656%
  [   636500,   637000)        17022    0.0567%  75.6224%
  [   637000,   637500)        17270    0.0576%  75.6800%
  [   637500,   638000)        17154    0.0572%  75.7371%
  [   638000,   638500)        17492    0.0583%  75.7954%
  [   638500,   639000)        17273    0.0576%  75.8530%
  [   639000,   639500)        17397    0.0580%  75.9110%
  [   639500,   640000)        17027    0.0568%  75.9678%
  [   640000,   640500)        17333    0.0578%  76.0255%
  [   640500,   641000)        17588    0.0586%  76.0842%
  [   641000,   641500)        17550    0.0585%  76.1427%
  [   641500,   642000)        17409    0.0580%  76.2007%
  [   642000,   642500)        17733    0.0591%  76.2598%
  [   642500,   643000)        17723    0.0591%  76.3189%
  [   643000,   643500)        17568    0.0586%  76.3774%
  [   643500,   644000)        17478    0.0583%  76.4357%
  [   644000,   644500)        17782    0.0593%  76.4950%
  [   644500,   645000)        17640    0.0588%  76.5538%
  [   645000,   645500)        17614    0.0587%  76.6125%
  [   645500,   646000)        17742    0.0591%  76.6716%
  [   646000,   646500)        18068    0.0602%  76.7319%
  [   646500,   647000)        17712    0.0590%  76.7909%
  [   647000,   647500)        17867    0.0596%  76.8505%
  [   647500,   648000)        18147    0.0605%  76.9109%
  [   648000,   648500)        17753    0.0592%  76.9701%
  [   648500,   649000)        17880    0.0596%  77.0297%
  [   649000,   649500)        17958    0.0599%  77.0896%
  [   649500,   650000)        18022    0.0601%  77.1497%
  [   650000,   650500)        18201    0.0607%  77.2103%
  [   650500,   651000)        17857    0.0595%  77.2698%
  [   651000,   651500)        18055    0.0602%  77.3300%
  [   651500,   652000)        18134    0.0604%  77.3905%
  [   652000,   652500)        17924    0.0597%  77.4502%
  [   652500,   653000)        18149    0.0605%  77.5107%
  [   653000,   653500)        18012    0.0600%  77.5708%
  [   653500,   654000)        17988    0.0600%  77.6307%
  [   654000,   654500)        18131    0.0604%  77.6912%
  [   654500,   655000)        18160    0.0605%  77.7517%
  [   655000,   655500)        17925    0.0598%  77.8114%
  [   655500,   656000)        18241    0.0608%  77.8722%
  [   656000,   656500)        18291    0.0610%  77.9332%
  [   656500,   657000)        18146    0.0605%  77.9937%
  [   657000,   657500)        18243    0.0608%  78.0545%
  [   657500,   658000)        18390    0.0613%  78.1158%
  [   658000,   658500)        18248    0.0608%  78.1766%
  [   658500,   659000)        18422    0.0614%  78.2380%
  [   659000,   659500)        18365    0.0612%  78.2993%
  [   659500,   660000)        18390    0.0613%  78.3606%
  [   660000,   660500)        18459    0.0615%  78.4221%
  [   660500,   661000)        18492    0.0616%  78.4837%
  [   661000,   661500)        18488    0.0616%  78.5454%
  [   661500,   662000)        18413    0.0614%  78.6067%
  [   662000,   662500)        18353    0.0612%  78.6679%
  [   662500,   663000)        18367    0.0612%  78.7291%
  [   663000,   663500)        18527    0.0618%  78.7909%
  [   663500,   664000)        18313    0.0610%  78.8519%
  [   664000,   664500)        18392    0.0613%  78.9132%
  [   664500,   665000)        18605    0.0620%  78.9753%
  [   665000,   665500)        18617    0.0621%  79.0373%
  [   665500,   666000)        18598    0.0620%  79.0993%
  [   666000,   666500)        18448    0.0615%  79.1608%
  [   666500,   667000)        18797    0.0627%  79.2235%
  [   667000,   667500)        18425    0.0614%  79.2849%
  [   667500,   668000)        18453    0.0615%  79.3464%
  [   668000,   668500)        18656    0.0622%  79.4086%
  [   668500,   669000)        18713    0.0624%  79.4709%
  [   669000,   669500)        18512    0.0617%  79.5327%
  [   669500,   670000)        18684    0.0623%  79.5949%
  [   670000,   670500)        18576    0.0619%  79.6569%
  [   670500,   671000)        18655    0.0622%  79.7190%
  [   671000,   671500)        18528    0.0618%  79.7808%
  [   671500,   672000)        18640    0.0621%  79.8429%
  [   672000,   672500)        18829    0.0628%  79.9057%
  [   672500,   673000)        18627    0.0621%  79.9678%
  [   673000,   673500)        18892    0.0630%  80.0308%
  [   673500,   674000)        18790    0.0626%  80.0934%
  [   674000,   674500)        18683    0.0623%  80.1557%
  [   674500,   675000)        18675    0.0623%  80.2179%
  [   675000,   675500)        18653    0.0622%  80.2801%
  [   675500,   676000)        19018    0.0634%  80.3435%
  [   676000,   676500)        19018    0.0634%  80.4069%
  [   676500,   677000)        18875    0.0629%  80.4698%
  [   677000,   677500)        18883    0.0629%  80.5327%
  [   677500,   678000)        18758    0.0625%  80.5953%
  [   678000,   678500)        18760    0.0625%  80.6578%
  [   678500,   679000)        18709    0.0624%  80.7202%
  [   679000,   679500)        18529    0.0618%  80.7819%
  [   679500,   680000)        18880    0.0629%  80.8449%
  [   680000,   680500)        18961    0.0632%  80.9081%
  [   680500,   681000)        18733    0.0624%  80.9705%
  [   681000,   681500)        18996    0.0633%  81.0338%
  [   681500,   682000)        18750    0.0625%  81.0963%
  [   682000,   682500)        18537    0.0618%  81.1581%
  [   682500,   683000)        18505    0.0617%  81.2198%
  [   683000,   683500)        18926    0.0631%  81.2829%
  [   683500,   684000)        18832    0.0628%  81.3457%
  [   684000,   684500)        18765    0.0626%  81.4082%
  [   684500,   685000)        18808    0.0627%  81.4709%
  [   685000,   685500)        18837    0.0628%  81.5337%
  [   685500,   686000)        18935    0.0631%  81.5968%
  [   686000,   686500)        18885    0.0630%  81.6598%
  [   686500,   687000)        18888    0.0630%  81.7227%
  [   687000,   687500)        18672    0.0622%  81.7850%
  [   687500,   688000)        18849    0.0628%  81.8478%
  [   688000,   688500)        18907    0.0630%  81.9108%
  [   688500,   689000)        18359    0.0612%  81.9720%
  [   689000,   689500)        18551    0.0618%  82.0338%
  [   689500,   690000)        18855    0.0629%  82.0967%
  [   690000,   690500)        18696    0.0623%  82.1590%
  [   690500,   691000)        18616    0.0621%  82.2211%
  [   691000,   691500)        18693    0.0623%  82.2834%
  [   691500,   692000)        18465    0.0616%  82.3449%
  [   692000,   692500)        18607    0.0620%  82.4070%
  [   692500,   693000)        18895    0.0630%  82.4699%
  [   693000,   693500)        18694    0.0623%  82.5322%
  [   693500,   694000)        18581    0.0619%  82.5942%
  [   694000,   694500)        18600    0.0620%  82.6562%
  [   694500,   695000)        18492    0.0616%  82.7178%
  [   695000,   695500)        18643    0.0621%  82.7800%
  [   695500,   696000)        18494    0.0616%  82.8416%
  [   696000,   696500)        18627    0.0621%  82.9037%
  [   696500,   697000)        18431    0.0614%  82.9651%
  [   697000,   697500)        18716    0.0624%  83.0275%
  [   697500,   698000)        18592    0.0620%  83.0895%
  [   698000,   698500)        18380    0.0613%  83.1508%
  [   698500,   699000)        18352    0.0612%  83.2119%
  [   699000,   699500)        18474    0.0616%  83.2735%
  [   699500,   700000)        18538    0.0618%  83.3353%
  [   700000,   700500)        18451    0.0615%  83.3968%
  [   700500,   701000)        18509    0.0617%  83.4585%
  [   701000,   701500)        18418    0.0614%  83.5199%
  [   701500,   702000)        18457    0.0615%  83.5814%
  [   702000,   702500)        18457    0.0615%  83.6430%
  [   702500,   703000)        18299    0.0610%  83.7040%
  [   703000,   703500)        18465    0.0616%  83.7655%
  [   703500,   704000)        18366    0.0612%  83.8267%
  [   704000,   704500)        18431    0.0614%  83.8882%
  [   704500,   705000)        18315    0.0611%  83.9492%
  [   705000,   705500)        18327    0.0611%  84.0103%
  [   705500,   706000)        18056    0.0602%  84.0705%
  [   706000,   706500)        17994    0.0600%  84.1305%
  [   706500,   707000)        18030    0.0601%  84.1906%
  [   707000,   707500)        18198    0.0607%  84.2512%
  [   707500,   708000)        18015    0.0601%  84.3113%
  [   708000,   708500)        18106    0.0604%  84.3716%
  [   708500,   709000)        18199    0.0607%  84.4323%
  [   709000,   709500)        17955    0.0599%  84.4921%
  [   709500,   710000)        18043    0.0601%  84.5523%
  [   710000,   710500)        17886    0.0596%  84.6119%
  [   710500,   711000)        17970    0.0599%  84.6718%
  [   711000,   711500)        17957    0.0599%  84.7317%
  [   711500,   712000)        18036    0.0601%  84.7918%
  [   712000,   712500)        17839    0.0595%  84.8512%
  [   712500,   713000)        17910    0.0597%  84.9109%
  [   713000,   713500)        17991    0.0600%  84.9709%
  [   713500,   714000)        17927    0.0598%  85.0307%
  [   714000,   714500)        17947    0.0598%  85.0905%
  [   714500,   715000)        17772    0.0592%  85.1497%
  [   715000,   715500)        17778    0.0593%  85.2090%
  [   715500,   716000)        17936    0.0598%  85.2688%
  [   716000,   716500)        17783    0.0593%  85.3281%
  [   716500,   717000)        17449    0.0582%  85.3862%
  [   717000,   717500)        17452    0.0582%  85.4444%
  [   717500,   718000)        17551    0.0585%  85.5029%
  [   718000,   718500)        17584    0.0586%  85.5615%
  [   718500,   719000)        17613    0.0587%  85.6202%
  [   719000,   719500)        17591    0.0586%  85.6789%
  [   719500,   720000)        17551    0.0585%  85.7374%
  [   720000,   720500)        17502    0.0583%  85.7957%
  [   720500,   721000)        17729    0.0591%  85.8548%
  [   721000,   721500)        17450    0.0582%  85.9130%
  [   721500,   722000)        17390    0.0580%  85.9709%
  [   722000,   722500)        17422    0.0581%  86.0290%
  [   722500,   723000)        17440    0.0581%  86.0871%
  [   723000,   723500)        17274    0.0576%  86.1447%
  [   723500,   724000)        17285    0.0576%  86.2023%
  [   724000,   724500)        17166    0.0572%  86.2596%
  [   724500,   725000)        17094    0.0570%  86.3165%
  [   725000,   725500)        17180    0.0573%  86.3738%
  [   725500,   726000)        17122    0.0571%  86.4309%
  [   726000,   726500)        17133    0.0571%  86.4880%
  [   726500,   727000)        16828    0.0561%  86.5441%
  [   727000,   727500)        17093    0.0570%  86.6011%
  [   727500,   728000)        17014    0.0567%  86.6578%
  [   728000,   728500)        16693    0.0556%  86.7134%
  [   728500,   729000)        16913    0.0564%  86.7698%
  [   729000,   729500)        17066    0.0569%  86.8267%
  [   729500,   730000)        16824    0.0561%  86.8828%
  [   730000,   730500)        16855    0.0562%  86.9389%
  [   730500,   731000)        16689    0.0556%  86.9946%
  [   731000,   731500)        16778    0.0559%  87.0505%
  [   731500,   732000)        16717    0.0557%  87.1062%
  [   732000,   732500)        16560    0.0552%  87.1614%
  [   732500,   733000)        16540    0.0551%  87.2166%
  [   733000,   733500)        16603    0.0553%  87.2719%
  [   733500,   734000)        16645    0.0555%  87.3274%
  [   734000,   734500)        16350    0.0545%  87.3819%
  [   734500,   735000)        16543    0.0551%  87.4370%
  [   735000,   735500)        16490    0.0550%  87.4920%
  [   735500,   736000)        16417    0.0547%  87.5467%
  [   736000,   736500)        16197    0.0540%  87.6007%
  [   736500,   737000)        16219    0.0541%  87.6548%
  [   737000,   737500)        16373    0.0546%  87.7093%
  [   737500,   738000)        16509    0.0550%  87.7644%
  [   738000,   738500)        16221    0.0541%  87.8184%
  [   738500,   739000)        16031    0.0534%  87.8719%
  [   739000,   739500)        16412    0.0547%  87.9266%
  [   739500,   740000)        16237    0.0541%  87.9807%
  [   740000,   740500)        16139    0.0538%  88.0345%
  [   740500,   741000)        16047    0.0535%  88.0880%
  [   741000,   741500)        16050    0.0535%  88.1415%
  [   741500,   742000)        15872    0.0529%  88.1944%
  [   742000,   742500)        15915    0.0531%  88.2475%
  [   742500,   743000)        15701    0.0523%  88.2998%
  [   743000,   743500)        15922    0.0531%  88.3529%
  [   743500,   744000)        15775    0.0526%  88.4054%
  [   744000,   744500)        15861    0.0529%  88.4583%
  [   744500,   745000)        15702    0.0523%  88.5107%
  [   745000,   745500)        15783    0.0526%  88.5633%
  [   745500,   746000)        15561    0.0519%  88.6151%
  [   746000,   746500)        15552    0.0518%  88.6670%
  [   746500,   747000)        15548    0.0518%  88.7188%
  [   747000,   747500)        15498    0.0517%  88.7705%
  [   747500,   748000)        15608    0.0520%  88.8225%
  [   748000,   748500)        15361    0.0512%  88.8737%
  [   748500,   749000)        15437    0.0515%  88.9252%
  [   749000,   749500)        15192    0.0506%  88.9758%
  [   749500,   750000)        15385    0.0513%  89.0271%
  [   750000,   750500)        15290    0.0510%  89.0780%
  [   750500,   751000)        15093    0.0503%  89.1284%
  [   751000,   751500)        15218    0.0507%  89.1791%
  [   751500,   752000)        15369    0.0512%  89.2303%
  [   752000,   752500)        15116    0.0504%  89.2807%
  [   752500,   753000)        14961    0.0499%  89.3306%
  [   753000,   753500)        14898    0.0497%  89.3802%
  [   753500,   754000)        15049    0.0502%  89.4304%
  [   754000,   754500)        14989    0.0500%  89.4804%
  [   754500,   755000)        14843    0.0495%  89.5298%
  [   755000,   755500)        14985    0.0500%  89.5798%
  [   755500,   756000)        14707    0.0490%  89.6288%
  [   756000,   756500)        14887    0.0496%  89.6784%
  [   756500,   757000)        14834    0.0494%  89.7279%
  [   757000,   757500)        14755    0.0492%  89.7771%
  [   757500,   758000)        14478    0.0483%  89.8253%
  [   758000,   758500)        14574    0.0486%  89.8739%
  [   758500,   759000)        14523    0.0484%  89.9223%
  [   759000,   759500)        14392    0.0480%  89.9703%
  [   759500,   760000)        14492    0.0483%  90.0186%
  [   760000,   760500)        14437    0.0481%  90.0667%
  [   760500,   761000)        14098    0.0470%  90.1137%
  [   761000,   761500)        14366    0.0479%  90.1616%
  [   761500,   762000)        14306    0.0477%  90.2093%
  [   762000,   762500)        14119    0.0471%  90.2563%
  [   762500,   763000)        14276    0.0476%  90.3039%
  [   763000,   763500)        14217    0.0474%  90.3513%
  [   763500,   764000)        14040    0.0468%  90.3981%
  [   764000,   764500)        14082    0.0469%  90.4451%
  [   764500,   765000)        14066    0.0469%  90.4919%
  [   765000,   765500)        14236    0.0475%  90.5394%
  [   765500,   766000)        13927    0.0464%  90.5858%
  [   766000,   766500)        13773    0.0459%  90.6317%
  [   766500,   767000)        14015    0.0467%  90.6784%
  [   767000,   767500)        13664    0.0455%  90.7240%
  [   767500,   768000)        13895    0.0463%  90.7703%
  [   768000,   768500)        13497    0.0450%  90.8153%
  [   768500,   769000)        13799    0.0460%  90.8613%
  [   769000,   769500)        13564    0.0452%  90.9065%
  [   769500,   770000)        13737    0.0458%  90.9523%
  [   770000,   770500)        13751    0.0458%  90.9981%
  [   770500,   771000)        13585    0.0453%  91.0434%
  [   771000,   771500)        13614    0.0454%  91.0888%
  [   771500,   772000)        13377    0.0446%  91.1334%
  [   772000,   772500)        13506    0.0450%  91.1784%
  [   772500,   773000)        13506    0.0450%  91.2234%
  [   773000,   773500)        13113    0.0437%  91.2671%
  [   773500,   774000)        13204    0.0440%  91.3112%
  [   774000,   774500)        13207    0.0440%  91.3552%
  [   774500,   775000)        13080    0.0436%  91.3988%
  [   775000,   775500)        13091    0.0436%  91.4424%
  [   775500,   776000)        13329    0.0444%  91.4868%
  [   776000,   776500)        12857    0.0429%  91.5297%
  [   776500,   777000)        13177    0.0439%  91.5736%
  [   777000,   777500)        12763    0.0425%  91.6162%
  [   777500,   778000)        12981    0.0433%  91.6594%
  [   778000,   778500)        12961    0.0432%  91.7026%
  [   778500,   779000)        12702    0.0423%  91.7450%
  [   779000,   779500)        12950    0.0432%  91.7881%
  [   779500,   780000)        12666    0.0422%  91.8304%
  [   780000,   780500)        12444    0.0415%  91.8718%
  [   780500,   781000)        12579    0.0419%  91.9138%
  [   781000,   781500)        12646    0.0422%  91.9559%
  [   781500,   782000)        12562    0.0419%  91.9978%
  [   782000,   782500)        12569    0.0419%  92.0397%
  [   782500,   783000)        12366    0.0412%  92.0809%
  [   783000,   783500)        12529    0.0418%  92.1227%
  [   783500,   784000)        12427    0.0414%  92.1641%
  [   784000,   784500)        12424    0.0414%  92.2055%
  [   784500,   785000)        12210    0.0407%  92.2462%
  [   785000,   785500)        12140    0.0405%  92.2867%
  [   785500,   786000)        11987    0.0400%  92.3266%
  [   786000,   786500)        11964    0.0399%  92.3665%
  [   786500,   787000)        12124    0.0404%  92.4069%
  [   787000,   787500)        11967    0.0399%  92.4468%
  [   787500,   788000)        12043    0.0401%  92.4870%
  [   788000,   788500)        12127    0.0404%  92.5274%
  [   788500,   789000)        11806    0.0394%  92.5667%
  [   789000,   789500)        11981    0.0399%  92.6067%
  [   789500,   790000)        11886    0.0396%  92.6463%
  [   790000,   790500)        11800    0.0393%  92.6856%
  [   790500,   791000)        11818    0.0394%  92.7250%
  [   791000,   791500)        11679    0.0389%  92.7640%
  [   791500,   792000)        11471    0.0382%  92.8022%
  [   792000,   792500)        11611    0.0387%  92.8409%
  [   792500,   793000)        11709    0.0390%  92.8799%
  [   793000,   793500)        11453    0.0382%  92.9181%
  [   793500,   794000)        11587    0.0386%  92.9567%
  [   794000,   794500)        11375    0.0379%  92.9946%
  [   794500,   795000)        11366    0.0379%  93.0325%
  [   795000,   795500)        11374    0.0379%  93.0704%
  [   795500,   796000)        11283    0.0376%  93.1081%
  [   796000,   796500)        11306    0.0377%  93.1457%
  [   796500,   797000)        11217    0.0374%  93.1831%
  [   797000,   797500)        11287    0.0376%  93.2208%
  [   797500,   798000)        11082    0.0369%  93.2577%
  [   798000,   798500)        11178    0.0373%  93.2950%
  [   798500,   799000)        11242    0.0375%  93.3324%
  [   799000,   799500)        11289    0.0376%  93.3701%
  [   799500,   800000)        11103    0.0370%  93.4071%
  [   800000,   800500)        10839    0.0361%  93.4432%
  [   800500,   801000)        10910    0.0364%  93.4796%
  [   801000,   801500)        11016    0.0367%  93.5163%
  [   801500,   802000)        10692    0.0356%  93.5519%
  [   802000,   802500)        10777    0.0359%  93.5879%
  [   802500,   803000)        11032    0.0368%  93.6246%
  [   803000,   803500)        10568    0.0352%  93.6599%
  [   803500,   804000)        10534    0.0351%  93.6950%
  [   804000,   804500)        10726    0.0358%  93.7307%
  [   804500,   805000)        10626    0.0354%  93.7661%
  [   805000,   805500)        10582    0.0353%  93.8014%
  [   805500,   806000)        10486    0.0350%  93.8364%
  [   806000,   806500)        10396    0.0347%  93.8710%
  [   806500,   807000)        10423    0.0347%  93.9058%
  [   807000,   807500)        10315    0.0344%  93.9401%
  [   807500,   808000)        10363    0.0345%  93.9747%
  [   808000,   808500)        10365    0.0346%  94.0092%
  [   808500,   809000)        10239    0.0341%  94.0434%
  [   809000,   809500)        10056    0.0335%  94.0769%
  [   809500,   810000)        10181    0.0339%  94.1108%
  [   810000,   810500)        10215    0.0341%  94.1449%
  [   810500,   811000)        10174    0.0339%  94.1788%
  [   811000,   811500)         9937    0.0331%  94.2119%
  [   811500,   812000)         9989    0.0333%  94.2452%
  [   812000,   812500)         9740    0.0325%  94.2777%
  [   812500,   813000)        10015    0.0334%  94.3111%
  [   813000,   813500)        10054    0.0335%  94.3446%
  [   813500,   814000)         9855    0.0329%  94.3774%
  [   814000,   814500)         9721    0.0324%  94.4098%
  [   814500,   815000)         9728    0.0324%  94.4423%
  [   815000,   815500)         9545    0.0318%  94.4741%
  [   815500,   816000)         9537    0.0318%  94.5059%
  [   816000,   816500)         9758    0.0325%  94.5384%
  [   816500,   817000)         9587    0.0320%  94.5703%
  [   817000,   817500)         9380    0.0313%  94.6016%
  [   817500,   818000)         9390    0.0313%  94.6329%
  [   818000,   818500)         9436    0.0315%  94.6644%
  [   818500,   819000)         9467    0.0316%  94.6959%
  [   819000,   819500)         9517    0.0317%  94.7276%
  [   819500,   820000)         9337    0.0311%  94.7588%
  [   820000,   820500)         9287    0.0310%  94.7897%
  [   820500,   821000)         9294    0.0310%  94.8207%
  [   821000,   821500)         9085    0.0303%  94.8510%
  [   821500,   822000)         9041    0.0301%  94.8811%
  [   822000,   822500)         9084    0.0303%  94.9114%
  [   822500,   823000)         8951    0.0298%  94.9412%
  [   823000,   823500)         9121    0.0304%  94.9716%
  [   823500,   824000)         8882    0.0296%  95.0012%
  [   824000,   824500)         8913    0.0297%  95.0310%
  [   824500,   825000)         8904    0.0297%  95.0606%
  [   825000,   825500)         8660    0.0289%  95.0895%
  [   825500,   826000)         8741    0.0291%  95.1186%
  [   826000,   826500)         8862    0.0295%  95.1482%
  [   826500,   827000)         8557    0.0285%  95.1767%
  [   827000,   827500)         8749    0.0292%  95.2059%
  [   827500,   828000)         8580    0.0286%  95.2345%
  [   828000,   828500)         8462    0.0282%  95.2627%
  [   828500,   829000)         8493    0.0283%  95.2910%
  [   829000,   829500)         8483    0.0283%  95.3193%
  [   829500,   830000)         8483    0.0283%  95.3475%
  [   830000,   830500)         8438    0.0281%  95.3757%
  [   830500,   831000)         8489    0.0283%  95.4040%
  [   831000,   831500)         8349    0.0278%  95.4318%
  [   831500,   832000)         8317    0.0277%  95.4595%
  [   832000,   832500)         8380    0.0279%  95.4874%
  [   832500,   833000)         8203    0.0273%  95.5148%
  [   833000,   833500)         8133    0.0271%  95.5419%
  [   833500,   834000)         8178    0.0273%  95.5692%
  [   834000,   834500)         8205    0.0274%  95.5965%
  [   834500,   835000)         7963    0.0265%  95.6231%
  [   835000,   835500)         7910    0.0264%  95.6494%
  [   835500,   836000)         8114    0.0270%  95.6765%
  [   836000,   836500)         7929    0.0264%  95.7029%
  [   836500,   837000)         7935    0.0265%  95.7293%
  [   837000,   837500)         7804    0.0260%  95.7554%
  [   837500,   838000)         7900    0.0263%  95.7817%
  [   838000,   838500)         8009    0.0267%  95.8084%
  [   838500,   839000)         7894    0.0263%  95.8347%
  [   839000,   839500)         7901    0.0263%  95.8610%
  [   839500,   840000)         7642    0.0255%  95.8865%
  [   840000,   840500)         7779    0.0259%  95.9124%
  [   840500,   841000)         7574    0.0252%  95.9377%
  [   841000,   841500)         7513    0.0250%  95.9627%
  [   841500,   842000)         7598    0.0253%  95.9881%
  [   842000,   842500)         7381    0.0246%  96.0127%
  [   842500,   843000)         7427    0.0248%  96.0374%
  [   843000,   843500)         7426    0.0248%  96.0622%
  [   843500,   844000)         7408    0.0247%  96.0869%
  [   844000,   844500)         7486    0.0250%  96.1118%
  [   844500,   845000)         7306    0.0244%  96.1362%
  [   845000,   845500)         7347    0.0245%  96.1607%
  [   845500,   846000)         7234    0.0241%  96.1848%
  [   846000,   846500)         7240    0.0241%  96.2089%
  [   846500,   847000)         7199    0.0240%  96.2329%
  [   847000,   847500)         7163    0.0239%  96.2568%
  [   847500,   848000)         7175    0.0239%  96.2807%
  [   848000,   848500)         7285    0.0243%  96.3050%
  [   848500,   849000)         7234    0.0241%  96.3291%
  [   849000,   849500)         7139    0.0238%  96.3529%
  [   849500,   850000)         6967    0.0232%  96.3761%
  [   850000,   850500)         7051    0.0235%  96.3996%
  [   850500,   851000)         6921    0.0231%  96.4227%
  [   851000,   851500)         6877    0.0229%  96.4456%
  [   851500,   852000)         6896    0.0230%  96.4686%
  [   852000,   852500)         6830    0.0228%  96.4914%
  [   852500,   853000)         6683    0.0223%  96.5136%
  [   853000,   853500)         6802    0.0227%  96.5363%
  [   853500,   854000)         6731    0.0224%  96.5588%
  [   854000,   854500)         6672    0.0222%  96.5810%
  [   854500,   855000)         6560    0.0219%  96.6029%
  [   855000,   855500)         6595    0.0220%  96.6248%
  [   855500,   856000)         6569    0.0219%  96.6467%
  [   856000,   856500)         6586    0.0220%  96.6687%
  [   856500,   857000)         6460    0.0215%  96.6902%
  [   857000,   857500)         6569    0.0219%  96.7121%
  [   857500,   858000)         6546    0.0218%  96.7339%
  [   858000,   858500)         6536    0.0218%  96.7557%
  [   858500,   859000)         6406    0.0214%  96.7771%
  [   859000,   859500)         6310    0.0210%  96.7981%
  [   859500,   860000)         6254    0.0208%  96.8190%
  [   860000,   860500)         6340    0.0211%  96.8401%
  [   860500,   861000)         6283    0.0209%  96.8610%
  [   861000,   861500)         6243    0.0208%  96.8819%
  [   861500,   862000)         6210    0.0207%  96.9026%
  [   862000,   862500)         6092    0.0203%  96.9229%
  [   862500,   863000)         6100    0.0203%  96.9432%
  [   863000,   863500)         6092    0.0203%  96.9635%
  [   863500,   864000)         6101    0.0203%  96.9838%
  [   864000,   864500)         6049    0.0202%  97.0040%
  [   864500,   865000)         5954    0.0198%  97.0238%
  [   865000,   865500)         5943    0.0198%  97.0437%
  [   865500,   866000)         5898    0.0197%  97.0633%
  [   866000,   866500)         5891    0.0196%  97.0830%
  [   866500,   867000)         5841    0.0195%  97.1024%
  [   867000,   867500)         5850    0.0195%  97.1219%
  [   867500,   868000)         5891    0.0196%  97.1416%
  [   868000,   868500)         5939    0.0198%  97.1614%
  [   868500,   869000)         5650    0.0188%  97.1802%
  [   869000,   869500)         5572    0.0186%  97.1988%
  [   869500,   870000)         5688    0.0190%  97.2177%
  [   870000,   870500)         5665    0.0189%  97.2366%
  [   870500,   871000)         5664    0.0189%  97.2555%
  [   871000,   871500)         5637    0.0188%  97.2743%
  [   871500,   872000)         5638    0.0188%  97.2931%
  [   872000,   872500)         5497    0.0183%  97.3114%
  [   872500,   873000)         5559    0.0185%  97.3299%
  [   873000,   873500)         5428    0.0181%  97.3480%
  [   873500,   874000)         5386    0.0180%  97.3660%
  [   874000,   874500)         5461    0.0182%  97.3842%
  [   874500,   875000)         5331    0.0178%  97.4019%
  [   875000,   875500)         5397    0.0180%  97.4199%
  [   875500,   876000)         5382    0.0179%  97.4379%
  [   876000,   876500)         5409    0.0180%  97.4559%
  [   876500,   877000)         5331    0.0178%  97.4737%
  [   877000,   877500)         5174    0.0172%  97.4909%
  [   877500,   878000)         5234    0.0174%  97.5084%
  [   878000,   878500)         5181    0.0173%  97.5256%
  [   878500,   879000)         5146    0.0172%  97.5428%
  [   879000,   879500)         5166    0.0172%  97.5600%
  [   879500,   880000)         5169    0.0172%  97.5772%
  [   880000,   880500)         5010    0.0167%  97.5939%
  [   880500,   881000)         5089    0.0170%  97.6109%
  [   881000,   881500)         4887    0.0163%  97.6272%
  [   881500,   882000)         5195    0.0173%  97.6445%
  [   882000,   882500)         5046    0.0168%  97.6613%
  [   882500,   883000)         4942    0.0165%  97.6778%
  [   883000,   883500)         5120    0.0171%  97.6949%
  [   883500,   884000)         5006    0.0167%  97.7116%
  [   884000,   884500)         4945    0.0165%  97.7280%
  [   884500,   885000)         4774    0.0159%  97.7440%
  [   885000,   885500)         4867    0.0162%  97.7602%
  [   885500,   886000)         4762    0.0159%  97.7760%
  [   886000,   886500)         4832    0.0161%  97.7922%
  [   886500,   887000)         4756    0.0159%  97.8080%
  [   887000,   887500)         4613    0.0154%  97.8234%
  [   887500,   888000)         4695    0.0157%  97.8390%
  [   888000,   888500)         4756    0.0159%  97.8549%
  [   888500,   889000)         4673    0.0156%  97.8705%
  [   889000,   889500)         4616    0.0154%  97.8859%
  [   889500,   890000)         4660    0.0155%  97.9014%
  [   890000,   890500)         4658    0.0155%  97.9169%
  [   890500,   891000)         4562    0.0152%  97.9321%
  [   891000,   891500)         4461    0.0149%  97.9470%
  [   891500,   892000)         4335    0.0145%  97.9614%
  [   892000,   892500)         4394    0.0146%  97.9761%
  [   892500,   893000)         4518    0.0151%  97.9911%
  [   893000,   893500)         4423    0.0147%  98.0059%
  [   893500,   894000)         4275    0.0143%  98.0201%
  [   894000,   894500)         4456    0.0149%  98.0350%
  [   894500,   895000)         4372    0.0146%  98.0496%
  [   895000,   895500)         4336    0.0145%  98.0640%
  [   895500,   896000)         4270    0.0142%  98.0783%
  [   896000,   896500)         4225    0.0141%  98.0923%
  [   896500,   897000)         4176    0.0139%  98.1063%
  [   897000,   897500)         4240    0.0141%  98.1204%
  [   897500,   898000)         4140    0.0138%  98.1342%
  [   898000,   898500)         4111    0.0137%  98.1479%
  [   898500,   899000)         4078    0.0136%  98.1615%
  [   899000,   899500)         4092    0.0136%  98.1751%
  [   899500,   900000)         4166    0.0139%  98.1890%
  [   900000,   900500)         4056    0.0135%  98.2025%
  [   900500,   901000)         4036    0.0135%  98.2160%
  [   901000,   901500)         4051    0.0135%  98.2295%
  [   901500,   902000)         4030    0.0134%  98.2429%
  [   902000,   902500)         3912    0.0130%  98.2560%
  [   902500,   903000)         3878    0.0129%  98.2689%
  [   903000,   903500)         3856    0.0129%  98.2817%
  [   903500,   904000)         3843    0.0128%  98.2946%
  [   904000,   904500)         3854    0.0128%  98.3074%
  [   904500,   905000)         3861    0.0129%  98.3203%
  [   905000,   905500)         3815    0.0127%  98.3330%
  [   905500,   906000)         3786    0.0126%  98.3456%
  [   906000,   906500)         3719    0.0124%  98.3580%
  [   906500,   907000)         3716    0.0124%  98.3704%
  [   907000,   907500)         3731    0.0124%  98.3828%
  [   907500,   908000)         3700    0.0123%  98.3952%
  [   908000,   908500)         3613    0.0120%  98.4072%
  [   908500,   909000)         3630    0.0121%  98.4193%
  [   909000,   909500)         3698    0.0123%  98.4316%
  [   909500,   910000)         3588    0.0120%  98.4436%
  [   910000,   910500)         3558    0.0119%  98.4554%
  [   910500,   911000)         3624    0.0121%  98.4675%
  [   911000,   911500)         3501    0.0117%  98.4792%
  [   911500,   912000)         3566    0.0119%  98.4911%
  [   912000,   912500)         3500    0.0117%  98.5028%
  [   912500,   913000)         3432    0.0114%  98.5142%
  [   913000,   913500)         3566    0.0119%  98.5261%
  [   913500,   914000)         3323    0.0111%  98.5372%
  [   914000,   914500)         3343    0.0111%  98.5483%
  [   914500,   915000)         3420    0.0114%  98.5597%
  [   915000,   915500)         3413    0.0114%  98.5711%
  [   915500,   916000)         3369    0.0112%  98.5823%
  [   916000,   916500)         3377    0.0113%  98.5936%
  [   916500,   917000)         3263    0.0109%  98.6044%
  [   917000,   917500)         3251    0.0108%  98.6153%
  [   917500,   918000)         3201    0.0107%  98.6259%
  [   918000,   918500)         3269    0.0109%  98.6368%
  [   918500,   919000)         3220    0.0107%  98.6476%
  [   919000,   919500)         3159    0.0105%  98.6581%
  [   919500,   920000)         3140    0.0105%  98.6686%
  [   920000,   920500)         3238    0.0108%  98.6794%
  [   920500,   921000)         3095    0.0103%  98.6897%
  [   921000,   921500)         3088    0.0103%  98.7000%
  [   921500,   922000)         3021    0.0101%  98.7100%
  [   922000,   922500)         3060    0.0102%  98.7202%
  [   922500,   923000)         3005    0.0100%  98.7303%
  [   923000,   923500)         3060    0.0102%  98.7405%
  [   923500,   924000)         2913    0.0097%  98.7502%
  [   924000,   924500)         2982    0.0099%  98.7601%
  [   924500,   925000)         2898    0.0097%  98.7698%
  [   925000,   925500)         2876    0.0096%  98.7794%
  [   925500,   926000)         2898    0.0097%  98.7890%
  [   926000,   926500)         2868    0.0096%  98.7986%
  [   926500,   927000)         2971    0.0099%  98.8085%
  [   927000,   927500)         2933    0.0098%  98.8183%
  [   927500,   928000)         2897    0.0097%  98.8279%
  [   928000,   928500)         2867    0.0096%  98.8375%
  [   928500,   929000)         2806    0.0094%  98.8468%
  [   929000,   929500)         2725    0.0091%  98.8559%
  [   929500,   930000)         2807    0.0094%  98.8653%
  [   930000,   930500)         2818    0.0094%  98.8747%
  [   930500,   931000)         2795    0.0093%  98.8840%
  [   931000,   931500)         2724    0.0091%  98.8931%
  [   931500,   932000)         2729    0.0091%  98.9022%
  [   932000,   932500)         2733    0.0091%  98.9113%
  [   932500,   933000)         2604    0.0087%  98.9199%
  [   933000,   933500)         2648    0.0088%  98.9288%
  [   933500,   934000)         2668    0.0089%  98.9377%
  [   934000,   934500)         2567    0.0086%  98.9462%
  [   934500,   935000)         2684    0.0089%  98.9552%
  [   935000,   935500)         2639    0.0088%  98.9640%
  [   935500,   936000)         2593    0.0086%  98.9726%
  [   936000,   936500)         2535    0.0085%  98.9811%
  [   936500,   937000)         2464    0.0082%  98.9893%
  [   937000,   937500)         2510    0.0084%  98.9976%
  [   937500,   938000)         2517    0.0084%  99.0060%
  [   938000,   938500)         2509    0.0084%  99.0144%
  [   938500,   939000)         2477    0.0083%  99.0226%
  [   939000,   939500)         2483    0.0083%  99.0309%
  [   939500,   940000)         2447    0.0082%  99.0391%
  [   940000,   940500)         2516    0.0084%  99.0475%
  [   940500,   941000)         2287    0.0076%  99.0551%
  [   941000,   941500)         2363    0.0079%  99.0630%
  [   941500,   942000)         2299    0.0077%  99.0706%
  [   942000,   942500)         2435    0.0081%  99.0787%
  [   942500,   943000)         2316    0.0077%  99.0865%
  [   943000,   943500)         2312    0.0077%  99.0942%
  [   943500,   944000)         2353    0.0078%  99.1020%
  [   944000,   944500)         2347    0.0078%  99.1098%
  [   944500,   945000)         2277    0.0076%  99.1174%
  [   945000,   945500)         2330    0.0078%  99.1252%
  [   945500,   946000)         2281    0.0076%  99.1328%
  [   946000,   946500)         2309    0.0077%  99.1405%
  [   946500,   947000)         2172    0.0072%  99.1477%
  [   947000,   947500)         2217    0.0074%  99.1551%
  [   947500,   948000)         2149    0.0072%  99.1623%
  [   948000,   948500)         2199    0.0073%  99.1696%
  [   948500,   949000)         2144    0.0071%  99.1768%
  [   949000,   949500)         2077    0.0069%  99.1837%
  [   949500,   950000)         2096    0.0070%  99.1907%
  [   950000,   950500)         2145    0.0072%  99.1978%
  [   950500,   951000)         2078    0.0069%  99.2048%
  [   951000,   951500)         2102    0.0070%  99.2118%
  [   951500,   952000)         2027    0.0068%  99.2185%
  [   952000,   952500)         2025    0.0068%  99.2253%
  [   952500,   953000)         2004    0.0067%  99.2319%
  [   953000,   953500)         2024    0.0067%  99.2387%
  [   953500,   954000)         1914    0.0064%  99.2451%
  [   954000,   954500)         1957    0.0065%  99.2516%
  [   954500,   955000)         1985    0.0066%  99.2582%
  [   955000,   955500)         1929    0.0064%  99.2646%
  [   955500,   956000)         1903    0.0063%  99.2710%
  [   956000,   956500)         1954    0.0065%  99.2775%
  [   956500,   957000)         1918    0.0064%  99.2839%
  [   957000,   957500)         1872    0.0062%  99.2901%
  [   957500,   958000)         1874    0.0062%  99.2964%
  [   958000,   958500)         1845    0.0062%  99.3025%
  [   958500,   959000)         1790    0.0060%  99.3085%
  [   959000,   959500)         1851    0.0062%  99.3147%
  [   959500,   960000)         1880    0.0063%  99.3209%
  [   960000,   960500)         1855    0.0062%  99.3271%
  [   960500,   961000)         1819    0.0061%  99.3332%
  [   961000,   961500)         1786    0.0060%  99.3391%
  [   961500,   962000)         1786    0.0060%  99.3451%
  [   962000,   962500)         1759    0.0059%  99.3509%
  [   962500,   963000)         1738    0.0058%  99.3567%
  [   963000,   963500)         1669    0.0056%  99.3623%
  [   963500,   964000)         1763    0.0059%  99.3682%
  [   964000,   964500)         1713    0.0057%  99.3739%
  [   964500,   965000)         1746    0.0058%  99.3797%
  [   965000,   965500)         1728    0.0058%  99.3855%
  [   965500,   966000)         1653    0.0055%  99.3910%
  [   966000,   966500)         1699    0.0057%  99.3966%
  [   966500,   967000)         1672    0.0056%  99.4022%
  [   967000,   967500)         1636    0.0055%  99.4077%
  [   967500,   968000)         1622    0.0054%  99.4131%
  [   968000,   968500)         1622    0.0054%  99.4185%
  [   968500,   969000)         1570    0.0052%  99.4237%
  [   969000,   969500)         1533    0.0051%  99.4288%
  [   969500,   970000)         1519    0.0051%  99.4339%
  [   970000,   970500)         1449    0.0048%  99.4387%
  [   970500,   971000)         1533    0.0051%  99.4438%
  [   971000,   971500)         1564    0.0052%  99.4490%
  [   971500,   972000)         1532    0.0051%  99.4542%
  [   972000,   972500)         1541    0.0051%  99.4593%
  [   972500,   973000)         1543    0.0051%  99.4644%
  [   973000,   973500)         1569    0.0052%  99.4697%
  [   973500,   974000)         1474    0.0049%  99.4746%
  [   974000,   974500)         1427    0.0048%  99.4793%
  [   974500,   975000)         1468    0.0049%  99.4842%
  [   975000,   975500)         1391    0.0046%  99.4889%
  [   975500,   976000)         1435    0.0048%  99.4936%
  [   976000,   976500)         1472    0.0049%  99.4986%
  [   976500,   977000)         1363    0.0045%  99.5031%
  [   977000,   977500)         1397    0.0047%  99.5078%
  [   977500,   978000)         1360    0.0045%  99.5123%
  [   978000,   978500)         1364    0.0045%  99.5168%
  [   978500,   979000)         1312    0.0044%  99.5212%
  [   979000,   979500)         1315    0.0044%  99.5256%
  [   979500,   980000)         1293    0.0043%  99.5299%
  [   980000,   980500)         1392    0.0046%  99.5345%
  [   980500,   981000)         1309    0.0044%  99.5389%
  [   981000,   981500)         1327    0.0044%  99.5433%
  [   981500,   982000)         1340    0.0045%  99.5478%
  [   982000,   982500)         1318    0.0044%  99.5522%
  [   982500,   983000)         1321    0.0044%  99.5566%
  [   983000,   983500)         1188    0.0040%  99.5605%
  [   983500,   984000)         1280    0.0043%  99.5648%
  [   984000,   984500)         1160    0.0039%  99.5687%
  [   984500,   985000)         1212    0.0040%  99.5727%
  [   985000,   985500)         1230    0.0041%  99.5768%
  [   985500,   986000)         1239    0.0041%  99.5810%
  [   986000,   986500)         1213    0.0040%  99.5850%
  [   986500,   987000)         1196    0.0040%  99.5890%
  [   987000,   987500)         1227    0.0041%  99.5931%
  [   987500,   988000)         1155    0.0039%  99.5969%
  [   988000,   988500)         1186    0.0040%  99.6009%
  [   988500,   989000)         1186    0.0040%  99.6048%
  [   989000,   989500)         1090    0.0036%  99.6085%
  [   989500,   990000)         1151    0.0038%  99.6123%
  [   990000,   990500)         1133    0.0038%  99.6161%
  [   990500,   991000)         1068    0.0036%  99.6196%
  [   991000,   991500)         1114    0.0037%  99.6233%
  [   991500,   992000)         1116    0.0037%  99.6271%
  [   992000,   992500)         1092    0.0036%  99.6307%
  [   992500,   993000)         1048    0.0035%  99.6342%
  [   993000,   993500)         1066    0.0036%  99.6378%
  [   993500,   994000)         1029    0.0034%  99.6412%
  [   994000,   994500)         1125    0.0038%  99.6449%
  [   994500,   995000)         1075    0.0036%  99.6485%
  [   995000,   995500)         1047    0.0035%  99.6520%
  [   995500,   996000)         1016    0.0034%  99.6554%
  [   996000,   996500)          981    0.0033%  99.6587%
  [   996500,   997000)         1009    0.0034%  99.6620%
  [   997000,   997500)         1032    0.0034%  99.6655%
  [   997500,   998000)          947    0.0032%  99.6686%
  [   998000,   998500)         1025    0.0034%  99.6720%
  [   998500,   999000)          968    0.0032%  99.6753%
  [   999000,   999500)          916    0.0031%  99.6783%
  [   999500, +inf)               96503    0.3217% 100.0000%

----- OFFLOADED TASKS [node 1] -----
  ops total                = 29999988
  ops direct (1-sided)     = 29999988 (100.00%)
  ops offload (rpc)        = 0 (0.00%)
  lookup pushdowns         = 0
  scan   pushdowns (RPC)   = 0
    kv pairs returned      = 0
    leaves scanned remotely= 0
    kv / scan pushdown     = 0.00
    leaves / scan pushdown = 0.00
=========================================================================

[CORRECTNESS node 1] scan rows returned = 2999958807
[READPATH node 1] lookups=1163193462  index-cache hit=49.2%  per lookup: leaf=1.000 speculative=0.000 (right 0.0%) hop-reads=0.000 (two-segment 0.000) retries=0.000 invalid=0.000 sibling=0.000  => est. leaf round trips/lookup=0.000
 ----- [LeafCache]: capacity=2048 leaves resident=2048 (100.0% full, 0.7 MB) -----
[LEAFCACHE] hit=1002441893 miss=406549218 stale=0 fill=160841937 hit_pct=71.146 admit_pct=39.563 resident=2048 capacity=2048 budget_mb=1

----- PER-LEVEL CACHE HITS [node 1] (lookups; level 0 = leaf) -----
[KIND node 1] lookups=0 inner_visits=0 inner_hits=0 inner_hit_pct=0.00 leaf_visits=0 leaf_hits=0 leaf_hit_pct=0.00
[SCANLEAF node 1] scans=29999988 inner_complete_miss=1347606 inner_partial=14053269 leaf_cache_hits=107277 leaf_reads=245707281 cn_leaves_per_scan=8.19 leaf_hit_pct=0.04
[END]
