nodes 2, threads 36, mix R/I/U/S=0/0/0/100, uniform, bulk 50M warmup 10M op 30M, offload 0%, scan_range 100
[4mshared memory size: 64GB, 0x7feeda800000[0m
[4mrdma cache size: 4GB[0m
[4mMachine NR: 2[0m
[4mCompute server 1 start up [10.30.1.6]
[0m
I connect server 0
[CONFIG node 1] bulk load: bottom-up build, 8 keys per leaf, 6 children per inner node (CHIME_BULK_BUILD / CHIME_BUILD_LEAF_KEYS / CHIME_BUILD_INNER_FANOUT)
[CONFIG node 1] clients on this node: yes (CHIME_MN_CLIENTS)
[CONFIG node 1] scan path: from_cache=1 offload_always=0 (CHIME_SCAN_FROM_CACHE / CHIME_SCAN_OFFLOAD_ALWAYS)
[CONFIG node 1] push ops: both (CHIME_PUSH_OPS; applies only with offloading on)
[CACHE node 1] total=32 MB index=32 MB leaf=0 MB
[CONFIG node 1] dir threads = 1 (CHIME_DIR_THREADS, max 16) -- MUST match the other node
[CORES node 1] linear pinning: app threads -> CPUs 0..35, main -> 79, dir threads -> 79 (REV_DIR_CPUS)
[CONFIG] hotspot buffer + speculative read: off (CHIME_HOTSPOT; stock CHIME: on above 50 MB)
workload generated: keyspace=50001000 bulk=50000000 warmup=9999972 op=29999988
[4mKey space set: keySpaceSize=50000000[0m
I am 38
I am 39
I am 37
I am 36
I am 68
I am 43
I am 40
I am 45
I am 49
I am 51
I am 41
I am 50
I am 44
I am 48
I am 54
I am 56
I am 57
I am 53
I am 58
I am 60
I am 59
I am 62
I am 61
I am 63
I am 65
I am 69
I am 70
I am 71
I am 52
I am 42
I am 66
I am 47
I am 67
I am 46
I am 64
I am 55
[build] leaves: 10% (625001/6250000)
[build] leaves: 20% (1250002/6250000)
[build] leaves: 30% (1875003/6250000)
[build] leaves: 40% (2500004/6250000)
[build] leaves: 50% (3125005/6250000)
[build] leaves: 60% (3750006/6250000)
[build] leaves: 70% (4375007/6250000)
[build] leaves: 80% (5000008/6250000)
[build] leaves: 90% (5625009/6250000)
[build] inner level 1: 1041667 nodes
[build] inner level 2: 173611 nodes
[build] inner level 3: 28935 nodes
[build] inner level 4: 4823 nodes
[build] inner level 5: 804 nodes
[build] inner level 6: 134 nodes
[build] inner level 7: 23 nodes
[build] inner level 8: 4 nodes
[build] inner level 9: 1 nodes
[build] done in 18.9s: height=10 leaves=6250000 inner_nodes=1250002 (8 keys per leaf, 6 children per inner node)
[TREE] height=10 leaves=6250000 inner_nodes=1250002 keys_per_leaf=8.00 inner_MB=399.4 leaf_MB=2104.0 total_MB=2503.4 (internal span 16, leaf span 16, node bytes inner=335 leaf=353)
node 1 warmup done in 217s
[INDEX] --- post-bulk-load cache occupancy (cache = 32 MB) ---
 ----- [TreeCache]:  cache size=32 MB free_size=-0.000 MB skiplist_node_cnt=1250002 ----- 
consumed cache size = 32.000 MB
 ----- [IdxCache]:  cache size=0 MB free_size=0.000 MB ---- 
consumed hotspot buffer size = 0.000000 MB

[LEAFCACHE] off
1, throughput 0.0512 Mops
1, throughput 0.0512 Mops
1, throughput 0.0514 Mops
1, throughput 0.0514 Mops
1, throughput 0.0512 Mops
1, throughput 0.0514 Mops
1, throughput 0.0513 Mops
1, throughput 0.0511 Mops
1, throughput 0.0513 Mops
1, throughput 0.0515 Mops
1, throughput 0.0512 Mops
1, throughput 0.0515 Mops
1, throughput 0.0515 Mops
1, throughput 0.0514 Mops
1, throughput 0.0513 Mops
1, throughput 0.0515 Mops
1, throughput 0.0511 Mops
1, throughput 0.0514 Mops
1, throughput 0.0506 Mops
1, throughput 0.0513 Mops
1, throughput 0.0514 Mops
1, throughput 0.0515 Mops
1, throughput 0.0514 Mops
1, throughput 0.0512 Mops
1, throughput 0.0514 Mops
1, throughput 0.0514 Mops
1, throughput 0.0514 Mops
1, throughput 0.0515 Mops
1, throughput 0.0513 Mops
1, throughput 0.0513 Mops
1, throughput 0.0514 Mops
1, throughput 0.0514 Mops
1, throughput 0.0512 Mops
1, throughput 0.0514 Mops
1, throughput 0.0513 Mops
1, throughput 0.0514 Mops
1, throughput 0.0515 Mops
1, throughput 0.0514 Mops
1, throughput 0.0512 Mops
1, throughput 0.0508 Mops
1, throughput 0.0512 Mops
1, throughput 0.0511 Mops
1, throughput 0.0512 Mops
1, throughput 0.0512 Mops
1, throughput 0.0514 Mops
1, throughput 0.0515 Mops
1, throughput 0.0513 Mops
1, throughput 0.0515 Mops
1, throughput 0.0513 Mops
1, throughput 0.0514 Mops
1, throughput 0.0513 Mops
1, throughput 0.0512 Mops
1, throughput 0.0513 Mops
1, throughput 0.0513 Mops
1, throughput 0.0512 Mops
1, throughput 0.0514 Mops
1, throughput 0.0512 Mops
1, throughput 0.0514 Mops
1, throughput 0.0514 Mops
1, throughput 0.0506 Mops
1, throughput 0.0513 Mops
1, throughput 0.0512 Mops
1, throughput 0.0514 Mops
1, throughput 0.0513 Mops
1, throughput 0.0514 Mops
1, throughput 0.0514 Mops
1, throughput 0.0511 Mops
1, throughput 0.0513 Mops
1, throughput 0.0512 Mops
1, throughput 0.0514 Mops
1, throughput 0.0514 Mops
1, throughput 0.0513 Mops
1, throughput 0.0514 Mops
1, throughput 0.0513 Mops
1, throughput 0.0513 Mops
1, throughput 0.0512 Mops
1, throughput 0.0513 Mops
1, throughput 0.0512 Mops
1, throughput 0.0514 Mops
1, throughput 0.0514 Mops
1, throughput 0.0505 Mops
1, throughput 0.0512 Mops
1, throughput 0.0515 Mops
1, throughput 0.0513 Mops
1, throughput 0.0514 Mops
1, throughput 0.0514 Mops
1, throughput 0.0512 Mops
1, throughput 0.0513 Mops
1, throughput 0.0513 Mops
1, throughput 0.0512 Mops
1, throughput 0.0514 Mops
1, throughput 0.0512 Mops
1, throughput 0.0514 Mops
1, throughput 0.0512 Mops
1, throughput 0.0514 Mops
1, throughput 0.0513 Mops
1, throughput 0.0513 Mops
1, throughput 0.0512 Mops
1, throughput 0.0513 Mops
1, throughput 0.0515 Mops
1, throughput 0.0509 Mops
1, throughput 0.0510 Mops
1, throughput 0.0511 Mops
1, throughput 0.0512 Mops
1, throughput 0.0514 Mops
1, throughput 0.0512 Mops
1, throughput 0.0515 Mops
1, throughput 0.0512 Mops
1, throughput 0.0510 Mops
1, throughput 0.0511 Mops
1, throughput 0.0513 Mops
1, throughput 0.0513 Mops
1, throughput 0.0514 Mops
1, throughput 0.0513 Mops
1, throughput 0.0514 Mops
1, throughput 0.0511 Mops
1, throughput 0.0512 Mops
1, throughput 0.0515 Mops
1, throughput 0.0512 Mops
1, throughput 0.0513 Mops
1, throughput 0.0513 Mops
1, throughput 0.0507 Mops
1, throughput 0.0513 Mops
1, throughput 0.0514 Mops
1, throughput 0.0512 Mops
1, throughput 0.0512 Mops
1, throughput 0.0513 Mops
1, throughput 0.0513 Mops
1, throughput 0.0513 Mops
1, throughput 0.0512 Mops
1, throughput 0.0513 Mops
1, throughput 0.0514 Mops
1, throughput 0.0511 Mops
1, throughput 0.0514 Mops
1, throughput 0.0512 Mops
1, throughput 0.0512 Mops
1, throughput 0.0510 Mops
1, throughput 0.0513 Mops
1, throughput 0.0514 Mops
1, throughput 0.0512 Mops
1, throughput 0.0512 Mops
1, throughput 0.0512 Mops
1, throughput 0.0507 Mops
1, throughput 0.0513 Mops
1, throughput 0.0511 Mops
1, throughput 0.0514 Mops
1, throughput 0.0513 Mops
1, throughput 0.0513 Mops
1, throughput 0.0512 Mops
1, throughput 0.0513 Mops
1, throughput 0.0512 Mops
1, throughput 0.0515 Mops
1, throughput 0.0513 Mops
1, throughput 0.0514 Mops
1, throughput 0.0514 Mops
1, throughput 0.0512 Mops
1, throughput 0.0510 Mops
1, throughput 0.0512 Mops
1, throughput 0.0513 Mops
1, throughput 0.0513 Mops
1, throughput 0.0513 Mops
1, throughput 0.0515 Mops
1, throughput 0.0505 Mops
1, throughput 0.0513 Mops
1, throughput 0.0513 Mops
1, throughput 0.0512 Mops
1, throughput 0.0513 Mops
1, throughput 0.0513 Mops
1, throughput 0.0512 Mops
1, throughput 0.0512 Mops
1, throughput 0.0512 Mops
1, throughput 0.0512 Mops
1, throughput 0.0512 Mops
1, throughput 0.0514 Mops
1, throughput 0.0513 Mops
1, throughput 0.0512 Mops
1, throughput 0.0513 Mops
1, throughput 0.0512 Mops
1, throughput 0.0514 Mops
1, throughput 0.0514 Mops
1, throughput 0.0511 Mops
1, throughput 0.0513 Mops
1, throughput 0.0511 Mops
1, throughput 0.0506 Mops
1, throughput 0.0511 Mops
1, throughput 0.0512 Mops
1, throughput 0.0510 Mops
1, throughput 0.0510 Mops
1, throughput 0.0512 Mops
1, throughput 0.0512 Mops
1, throughput 0.0513 Mops
1, throughput 0.0512 Mops
1, throughput 0.0512 Mops
1, throughput 0.0513 Mops
1, throughput 0.0511 Mops
1, throughput 0.0513 Mops
1, throughput 0.0515 Mops
1, throughput 0.0514 Mops
1, throughput 0.0514 Mops
1, throughput 0.0512 Mops
1, throughput 0.0513 Mops
1, throughput 0.0513 Mops
1, throughput 0.0511 Mops
1, throughput 0.0506 Mops
1, throughput 0.0512 Mops
1, throughput 0.0512 Mops
1, throughput 0.0513 Mops
1, throughput 0.0513 Mops
1, throughput 0.0512 Mops
1, throughput 0.0515 Mops
1, throughput 0.0511 Mops
1, throughput 0.0514 Mops
1, throughput 0.0514 Mops
1, throughput 0.0512 Mops
1, throughput 0.0512 Mops
1, throughput 0.0513 Mops
1, throughput 0.0512 Mops
1, throughput 0.0514 Mops
1, throughput 0.0514 Mops
1, throughput 0.0514 Mops
1, throughput 0.0511 Mops
1, throughput 0.0512 Mops
1, throughput 0.0512 Mops
1, throughput 0.0513 Mops
1, throughput 0.0507 Mops
1, throughput 0.0512 Mops
1, throughput 0.0512 Mops
1, throughput 0.0513 Mops
1, throughput 0.0511 Mops
1, throughput 0.0511 Mops
1, throughput 0.0511 Mops
1, throughput 0.0513 Mops
1, throughput 0.0514 Mops
1, throughput 0.0511 Mops
1, throughput 0.0511 Mops
1, throughput 0.0513 Mops
1, throughput 0.0515 Mops
1, throughput 0.0512 Mops
1, throughput 0.0512 Mops
1, throughput 0.0512 Mops
1, throughput 0.0513 Mops
1, throughput 0.0513 Mops
1, throughput 0.0512 Mops
1, throughput 0.0513 Mops
1, throughput 0.0509 Mops
1, throughput 0.0509 Mops
1, throughput 0.0513 Mops
1, throughput 0.0512 Mops
1, throughput 0.0514 Mops
1, throughput 0.0513 Mops
1, throughput 0.0514 Mops
1, throughput 0.0514 Mops
1, throughput 0.0513 Mops
1, throughput 0.0513 Mops
1, throughput 0.0513 Mops
1, throughput 0.0513 Mops
1, throughput 0.0515 Mops
1, throughput 0.0512 Mops
1, throughput 0.0512 Mops
1, throughput 0.0513 Mops
1, throughput 0.0512 Mops
1, throughput 0.0513 Mops
1, throughput 0.0514 Mops
1, throughput 0.0511 Mops
1, throughput 0.0514 Mops
1, throughput 0.0507 Mops
1, throughput 0.0512 Mops
1, throughput 0.0514 Mops
1, throughput 0.0512 Mops
1, throughput 0.0515 Mops
1, throughput 0.0513 Mops
1, throughput 0.0513 Mops
1, throughput 0.0513 Mops
1, throughput 0.0512 Mops
1, throughput 0.0511 Mops
1, throughput 0.0514 Mops
1, throughput 0.0512 Mops
1, throughput 0.0513 Mops
1, throughput 0.0511 Mops
1, throughput 0.0513 Mops
1, throughput 0.0511 Mops
1, throughput 0.0513 Mops
1, throughput 0.0510 Mops
1, throughput 0.0513 Mops
1, throughput 0.0509 Mops
1, throughput 0.0510 Mops
1, throughput 0.0506 Mops
1, throughput 0.0511 Mops
1, throughput 0.0511 Mops
1, throughput 0.0513 Mops
1, throughput 0.0511 Mops
1, throughput 0.0510 Mops
1, throughput 0.0514 Mops
1, throughput 0.0513 Mops
1, throughput 0.0513 Mops
1, throughput 0.0511 Mops
1, throughput 0.0511 Mops
1, throughput 0.0512 Mops
1, throughput 0.0512 Mops
1, throughput 0.0513 Mops
1, throughput 0.0512 Mops
1, throughput 0.0513 Mops
1, throughput 0.0510 Mops
1, throughput 0.0511 Mops
1, throughput 0.0512 Mops
1, throughput 0.0512 Mops
1, throughput 0.0506 Mops
1, throughput 0.0512 Mops
1, throughput 0.0513 Mops
1, throughput 0.0513 Mops
1, throughput 0.0515 Mops
1, throughput 0.0514 Mops
1, throughput 0.0513 Mops
1, throughput 0.0512 Mops
1, throughput 0.0512 Mops
1, throughput 0.0512 Mops
1, throughput 0.0513 Mops
1, throughput 0.0513 Mops
1, throughput 0.0512 Mops
1, throughput 0.0511 Mops
1, throughput 0.0513 Mops
1, throughput 0.0512 Mops
1, throughput 0.0512 Mops
1, throughput 0.0512 Mops
1, throughput 0.0512 Mops
1, throughput 0.0513 Mops
1, throughput 0.0512 Mops
1, throughput 0.0504 Mops
1, throughput 0.0513 Mops
1, throughput 0.0512 Mops
1, throughput 0.0513 Mops
1, throughput 0.0513 Mops
1, throughput 0.0512 Mops
1, throughput 0.0512 Mops
1, throughput 0.0511 Mops
1, throughput 0.0512 Mops
1, throughput 0.0512 Mops
1, throughput 0.0511 Mops
1, throughput 0.0512 Mops
1, throughput 0.0512 Mops
1, throughput 0.0511 Mops
1, throughput 0.0512 Mops
1, throughput 0.0512 Mops
1, throughput 0.0513 Mops
1, throughput 0.0512 Mops
1, throughput 0.0513 Mops
1, throughput 0.0511 Mops
1, throughput 0.0508 Mops
1, throughput 0.0509 Mops
1, throughput 0.0513 Mops
1, throughput 0.0512 Mops
1, throughput 0.0510 Mops
1, throughput 0.0512 Mops
1, throughput 0.0514 Mops
1, throughput 0.0512 Mops
1, throughput 0.0511 Mops
1, throughput 0.0511 Mops
1, throughput 0.0512 Mops
1, throughput 0.0513 Mops
1, throughput 0.0512 Mops
1, throughput 0.0511 Mops
1, throughput 0.0512 Mops
1, throughput 0.0514 Mops
1, throughput 0.0513 Mops
1, throughput 0.0512 Mops
1, throughput 0.0511 Mops
1, throughput 0.0512 Mops
1, throughput 0.0512 Mops
1, throughput 0.0505 Mops
1, throughput 0.0513 Mops
1, throughput 0.0511 Mops
1, throughput 0.0514 Mops
1, throughput 0.0515 Mops
1, throughput 0.0514 Mops
1, throughput 0.0515 Mops
1, throughput 0.0512 Mops
1, throughput 0.0512 Mops
1, throughput 0.0514 Mops
1, throughput 0.0514 Mops
1, throughput 0.0511 Mops
1, throughput 0.0512 Mops
1, throughput 0.0513 Mops
1, throughput 0.0514 Mops
1, throughput 0.0512 Mops
1, throughput 0.0513 Mops
1, throughput 0.0513 Mops
1, throughput 0.0511 Mops
1, throughput 0.0514 Mops
1, throughput 0.0510 Mops
1, throughput 0.0506 Mops
1, throughput 0.0513 Mops
1, throughput 0.0512 Mops
1, throughput 0.0512 Mops
1, throughput 0.0513 Mops
1, throughput 0.0514 Mops
1, throughput 0.0514 Mops
1, throughput 0.0511 Mops
1, throughput 0.0514 Mops
1, throughput 0.0511 Mops
1, throughput 0.0514 Mops
1, throughput 0.0513 Mops
1, throughput 0.0511 Mops
1, throughput 0.0513 Mops
1, throughput 0.0514 Mops
1, throughput 0.0513 Mops
1, throughput 0.0510 Mops
1, throughput 0.0511 Mops
1, throughput 0.0512 Mops
1, throughput 0.0510 Mops
1, throughput 0.0506 Mops
1, throughput 0.0512 Mops
1, throughput 0.0512 Mops
1, throughput 0.0512 Mops
1, throughput 0.0513 Mops
1, throughput 0.0513 Mops
1, throughput 0.0511 Mops
1, throughput 0.0513 Mops
1, throughput 0.0513 Mops
1, throughput 0.0513 Mops
1, throughput 0.0510 Mops
1, throughput 0.0512 Mops
1, throughput 0.0511 Mops
1, throughput 0.0511 Mops
1, throughput 0.0512 Mops
1, throughput 0.0514 Mops
1, throughput 0.0511 Mops
1, throughput 0.0512 Mops
1, throughput 0.0513 Mops
1, throughput 0.0512 Mops
1, throughput 0.0511 Mops
1, throughput 0.0505 Mops
1, throughput 0.0513 Mops
1, throughput 0.0513 Mops
1, throughput 0.0513 Mops
1, throughput 0.0511 Mops
1, throughput 0.0512 Mops
1, throughput 0.0513 Mops
1, throughput 0.0514 Mops
1, throughput 0.0514 Mops
1, throughput 0.0513 Mops
1, throughput 0.0511 Mops
1, throughput 0.0512 Mops
1, throughput 0.0514 Mops
1, throughput 0.0513 Mops
1, throughput 0.0513 Mops
1, throughput 0.0513 Mops
1, throughput 0.0512 Mops
1, throughput 0.0512 Mops
1, throughput 0.0513 Mops
1, throughput 0.0513 Mops
1, throughput 0.0507 Mops
1, throughput 0.0510 Mops
1, throughput 0.0514 Mops
1, throughput 0.0513 Mops
1, throughput 0.0514 Mops
1, throughput 0.0512 Mops
1, throughput 0.0513 Mops
1, throughput 0.0511 Mops
1, throughput 0.0514 Mops
1, throughput 0.0513 Mops
1, throughput 0.0513 Mops
1, throughput 0.0512 Mops
1, throughput 0.0514 Mops
1, throughput 0.0513 Mops
1, throughput 0.0513 Mops
1, throughput 0.0510 Mops
1, throughput 0.0512 Mops
1, throughput 0.0513 Mops
1, throughput 0.0511 Mops
1, throughput 0.0512 Mops
1, throughput 0.0513 Mops
1, throughput 0.0504 Mops
1, throughput 0.0512 Mops
1, throughput 0.0512 Mops
1, throughput 0.0514 Mops
1, throughput 0.0511 Mops
1, throughput 0.0512 Mops
1, throughput 0.0511 Mops
1, throughput 0.0513 Mops
1, throughput 0.0512 Mops
1, throughput 0.0515 Mops
1, throughput 0.0512 Mops
1, throughput 0.0513 Mops
1, throughput 0.0512 Mops
1, throughput 0.0514 Mops
1, throughput 0.0513 Mops
1, throughput 0.0513 Mops
1, throughput 0.0513 Mops
1, throughput 0.0512 Mops
1, throughput 0.0514 Mops
1, throughput 0.0511 Mops
1, throughput 0.0509 Mops
1, throughput 0.0508 Mops
1, throughput 0.0512 Mops
1, throughput 0.0512 Mops
1, throughput 0.0511 Mops
1, throughput 0.0511 Mops
1, throughput 0.0512 Mops
1, throughput 0.0512 Mops
1, throughput 0.0511 Mops
1, throughput 0.0513 Mops
1, throughput 0.0511 Mops
1, throughput 0.0512 Mops
1, throughput 0.0512 Mops
1, throughput 0.0511 Mops
1, throughput 0.0513 Mops
1, throughput 0.0512 Mops
1, throughput 0.0511 Mops
1, throughput 0.0512 Mops
1, throughput 0.0510 Mops
1, throughput 0.0511 Mops
1, throughput 0.0512 Mops
1, throughput 0.0502 Mops
1, throughput 0.0511 Mops
1, throughput 0.0512 Mops
1, throughput 0.0515 Mops
1, throughput 0.0513 Mops
1, throughput 0.0511 Mops
1, throughput 0.0513 Mops
1, throughput 0.0513 Mops
1, throughput 0.0513 Mops
1, throughput 0.0511 Mops
1, throughput 0.0513 Mops
1, throughput 0.0511 Mops
1, throughput 0.0514 Mops
1, throughput 0.0513 Mops
1, throughput 0.0511 Mops
1, throughput 0.0514 Mops
1, throughput 0.0511 Mops
1, throughput 0.0513 Mops
1, throughput 0.0513 Mops
1, throughput 0.0514 Mops
1, throughput 0.0509 Mops
1, throughput 0.0508 Mops
1, throughput 0.0512 Mops
1, throughput 0.0513 Mops
1, throughput 0.0512 Mops
1, throughput 0.0514 Mops
1, throughput 0.0512 Mops
1, throughput 0.0511 Mops
1, throughput 0.0512 Mops
1, throughput 0.0514 Mops
1, throughput 0.0514 Mops
1, throughput 0.0516 Mops
1, throughput 0.0512 Mops
1, throughput 0.0512 Mops
1, throughput 0.0513 Mops
1, throughput 0.0512 Mops
1, throughput 0.0513 Mops
1, throughput 0.0513 Mops
1, throughput 0.0512 Mops
1, throughput 0.0512 Mops
1, throughput 0.0513 Mops
1, throughput 0.0505 Mops
1, throughput 0.0512 Mops
1, throughput 0.0511 Mops
1, throughput 0.0513 Mops
1, throughput 0.0514 Mops
1, throughput 0.0514 Mops
1, throughput 0.0513 Mops
1, throughput 0.0511 Mops
1, throughput 0.0512 Mops
1, throughput 0.0513 Mops
1, throughput 0.0513 Mops
1, throughput 0.0513 Mops
1, throughput 0.0512 Mops
1, throughput 0.0511 Mops
1, throughput 0.0512 Mops
1, throughput 0.0513 Mops
1, throughput 0.0513 Mops
1, throughput 0.0511 Mops
1, throughput 0.0514 Mops
1, throughput 0.0511 Mops
1, throughput 0.0513 Mops
1, throughput 0.0504 Mops
1, throughput 0.0512 Mops
1, throughput 0.0513 Mops
1, throughput 0.0513 Mops
1, throughput 0.0512 Mops
1, throughput 0.0511 Mops
1, throughput 0.0512 Mops
1, throughput 0.0511 Mops
1, throughput 0.0512 Mops
1, throughput 0.0512 Mops
1, throughput 0.0513 Mops
1, throughput 0.0512 Mops
1, throughput 0.0513 Mops
1, throughput 0.0513 Mops
1, throughput 0.0514 Mops
1, throughput 0.0513 Mops
1, throughput 0.0513 Mops
1, throughput 0.0512 Mops
1, throughput 0.0511 Mops
1, throughput 0.0513 Mops
1, throughput 0.0507 Mops
1, throughput 0.0510 Mops
1, throughput 0.0514 Mops
1, throughput 0.0514 Mops
1, throughput 0.0512 Mops
1, throughput 0.0512 Mops
1, throughput 0.0515 Mops
1, throughput 0.0514 Mops
1, throughput 0.0511 Mops
1, throughput 0.0512 Mops
1, throughput 0.0511 Mops
1, throughput 0.0515 Mops
1, throughput 0.0513 Mops
1, throughput 0.0512 Mops
1, throughput 0.0512 Mops
1, throughput 0.0512 Mops
1, throughput 0.0511 Mops
1, throughput 0.0514 Mops
1, throughput 0.0512 Mops
1, throughput 0.0510 Mops
1, throughput 0.0513 Mops
1, throughput 0.0505 Mops
1, throughput 0.0514 Mops
1, throughput 0.0512 Mops
1, throughput 0.0513 Mops
1, throughput 0.0512 Mops
1, throughput 0.0513 Mops
1, throughput 0.0511 Mops
1, throughput 0.0513 Mops
1, throughput 0.0514 Mops
1, throughput 0.0513 Mops
1, throughput 0.0511 Mops
1, throughput 0.0512 Mops
1, throughput 0.0512 Mops
1, throughput 0.0513 Mops
1, throughput 0.0511 Mops
1, throughput 0.0514 Mops
1, throughput 0.0513 Mops
1, throughput 0.0513 Mops
1, throughput 0.0515 Mops
1, throughput 0.0512 Mops
1, throughput 0.0509 Mops
1, throughput 0.0508 Mops
1, throughput 0.0513 Mops
1, throughput 0.0513 Mops
1, throughput 0.0512 Mops
1, throughput 0.0511 Mops
1, throughput 0.0513 Mops
1, throughput 0.0514 Mops
1, throughput 0.0512 Mops
1, throughput 0.0512 Mops
1, throughput 0.0513 Mops
1, throughput 0.0512 Mops
1, throughput 0.0511 Mops
1, throughput 0.0512 Mops
1, throughput 0.0511 Mops
1, throughput 0.0511 Mops
1, throughput 0.0514 Mops
1, throughput 0.0512 Mops
1, throughput 0.0512 Mops
1, throughput 0.0510 Mops
1, throughput 0.0512 Mops
1, throughput 0.0506 Mops
1, throughput 0.0512 Mops
1, throughput 0.0512 Mops
1, throughput 0.0509 Mops
1, throughput 0.0512 Mops
1, throughput 0.0512 Mops
1, throughput 0.0512 Mops
1, throughput 0.0511 Mops
1, throughput 0.0510 Mops
1, throughput 0.0510 Mops
1, throughput 0.0511 Mops
1, throughput 0.0512 Mops
1, throughput 0.0513 Mops
1, throughput 0.0513 Mops
1, throughput 0.0513 Mops
1, throughput 0.0514 Mops
1, throughput 0.0513 Mops
1, throughput 0.0510 Mops
1, throughput 0.0511 Mops
1, throughput 0.0511 Mops
1, throughput 0.0510 Mops
1, throughput 0.0505 Mops
1, throughput 0.0512 Mops
1, throughput 0.0512 Mops
1, throughput 0.0514 Mops
1, throughput 0.0512 Mops
1, throughput 0.0511 Mops
1, throughput 0.0513 Mops
1, throughput 0.0511 Mops
1, throughput 0.0511 Mops
1, throughput 0.0510 Mops
1, throughput 0.0512 Mops
1, throughput 0.0510 Mops
1, throughput 0.0510 Mops
1, throughput 0.0511 Mops
1, throughput 0.0511 Mops
1, throughput 0.0512 Mops
1, throughput 0.0511 Mops
1, throughput 0.0511 Mops
1, throughput 0.0510 Mops
1, throughput 0.0511 Mops
1, throughput 0.0504 Mops
1, throughput 0.0511 Mops
1, throughput 0.0513 Mops
1, throughput 0.0510 Mops
1, throughput 0.0510 Mops
1, throughput 0.0511 Mops
1, throughput 0.0509 Mops
1, throughput 0.0511 Mops
1, throughput 0.0512 Mops
1, throughput 0.0512 Mops
1, throughput 0.0509 Mops
1, throughput 0.0512 Mops
1, throughput 0.0513 Mops
1, throughput 0.0511 Mops
1, throughput 0.0512 Mops
1, throughput 0.0514 Mops
1, throughput 0.0512 Mops
1, throughput 0.0510 Mops
1, throughput 0.0512 Mops
1, throughput 0.0512 Mops
1, throughput 0.0512 Mops
1, throughput 0.0506 Mops
1, throughput 0.0512 Mops
1, throughput 0.0512 Mops
1, throughput 0.0511 Mops
1, throughput 0.0512 Mops
1, throughput 0.0512 Mops
1, throughput 0.0513 Mops
1, throughput 0.0512 Mops
1, throughput 0.0512 Mops
1, throughput 0.0513 Mops
1, throughput 0.0513 Mops
1, throughput 0.0514 Mops
1, throughput 0.0515 Mops
1, throughput 0.0512 Mops
1, throughput 0.0512 Mops
1, throughput 0.0512 Mops
1, throughput 0.0512 Mops
1, throughput 0.0513 Mops
1, throughput 0.0511 Mops
1, throughput 0.0512 Mops
1, throughput 0.0508 Mops
1, throughput 0.0510 Mops
1, throughput 0.0514 Mops
1, throughput 0.0513 Mops
1, throughput 0.0512 Mops
1, throughput 0.0511 Mops
1, throughput 0.0512 Mops
1, throughput 0.0512 Mops
1, throughput 0.0511 Mops
1, throughput 0.0513 Mops
1, throughput 0.0511 Mops
1, throughput 0.0512 Mops
1, throughput 0.0511 Mops
1, throughput 0.0514 Mops
1, throughput 0.0513 Mops
1, throughput 0.0512 Mops
1, throughput 0.0512 Mops
1, throughput 0.0511 Mops
1, throughput 0.0512 Mops
1, throughput 0.0513 Mops
1, throughput 0.0515 Mops
1, throughput 0.0507 Mops
1, throughput 0.0513 Mops
1, throughput 0.0513 Mops
1, throughput 0.0512 Mops
1, throughput 0.0512 Mops
1, throughput 0.0513 Mops
1, throughput 0.0513 Mops
1, throughput 0.0514 Mops
1, throughput 0.0511 Mops
1, throughput 0.0512 Mops
1, throughput 0.0512 Mops
1, throughput 0.0511 Mops
1, throughput 0.0513 Mops
1, throughput 0.0512 Mops
1, throughput 0.0513 Mops
1, throughput 0.0513 Mops
1, throughput 0.0513 Mops
1, throughput 0.0513 Mops
1, throughput 0.0513 Mops
1, throughput 0.0513 Mops
1, throughput 0.0510 Mops
1, throughput 0.0506 Mops
1, throughput 0.0511 Mops
1, throughput 0.0511 Mops
1, throughput 0.0512 Mops
1, throughput 0.0512 Mops
1, throughput 0.0513 Mops
1, throughput 0.0511 Mops
1, throughput 0.0514 Mops
1, throughput 0.0511 Mops
1, throughput 0.0512 Mops
1, throughput 0.0512 Mops
1, throughput 0.0513 Mops
1, throughput 0.0512 Mops
1, throughput 0.0511 Mops
1, throughput 0.0512 Mops
1, throughput 0.0512 Mops
1, throughput 0.0512 Mops
1, throughput 0.0513 Mops
1, throughput 0.0511 Mops
1, throughput 0.0513 Mops
1, throughput 0.0506 Mops
1, throughput 0.0512 Mops
1, throughput 0.0511 Mops
1, throughput 0.0513 Mops
1, throughput 0.0513 Mops
1, throughput 0.0511 Mops
1, throughput 0.0512 Mops
1, throughput 0.0513 Mops
1, throughput 0.0513 Mops
1, throughput 0.0512 Mops
1, throughput 0.0512 Mops
1, throughput 0.0515 Mops
1, throughput 0.0512 Mops
1, throughput 0.0514 Mops
1, throughput 0.0513 Mops
1, throughput 0.0513 Mops
1, throughput 0.0513 Mops
1, throughput 0.0513 Mops
1, throughput 0.0513 Mops
1, throughput 0.0512 Mops
1, throughput 0.0512 Mops
1, throughput 0.0505 Mops
1, throughput 0.0512 Mops
1, throughput 0.0512 Mops
1, throughput 0.0512 Mops
1, throughput 0.0511 Mops
1, throughput 0.0511 Mops
1, throughput 0.0513 Mops
1, throughput 0.0512 Mops
1, throughput 0.0514 Mops
1, throughput 0.0512 Mops
1, throughput 0.0512 Mops
1, throughput 0.0512 Mops
1, throughput 0.0514 Mops
1, throughput 0.0512 Mops
1, throughput 0.0513 Mops
1, throughput 0.0512 Mops
1, throughput 0.0513 Mops
1, throughput 0.0511 Mops
1, throughput 0.0511 Mops
1, throughput 0.0512 Mops
1, throughput 0.0506 Mops
1, throughput 0.0510 Mops
1, throughput 0.0513 Mops
1, throughput 0.0511 Mops
1, throughput 0.0512 Mops
1, throughput 0.0512 Mops
1, throughput 0.0512 Mops
1, throughput 0.0512 Mops
1, throughput 0.0512 Mops
1, throughput 0.0514 Mops
1, throughput 0.0513 Mops
1, throughput 0.0514 Mops
1, throughput 0.0511 Mops
1, throughput 0.0513 Mops
1, throughput 0.0512 Mops
1, throughput 0.0513 Mops
1, throughput 0.0515 Mops
1, throughput 0.0513 Mops
1, throughput 0.0512 Mops
1, throughput 0.0512 Mops
1, throughput 0.0513 Mops
1, throughput 0.0506 Mops
1, throughput 0.0511 Mops
1, throughput 0.0515 Mops
1, throughput 0.0512 Mops
1, throughput 0.0512 Mops
1, throughput 0.0514 Mops
1, throughput 0.0513 Mops
1, throughput 0.0512 Mops
1, throughput 0.0515 Mops
1, throughput 0.0513 Mops
1, throughput 0.0512 Mops
1, throughput 0.0513 Mops
1, throughput 0.0514 Mops
1, throughput 0.0511 Mops
1, throughput 0.0512 Mops
1, throughput 0.0515 Mops
1, throughput 0.0512 Mops
1, throughput 0.0512 Mops
1, throughput 0.0511 Mops
1, throughput 0.0512 Mops
1, throughput 0.0511 Mops
1, throughput 0.0508 Mops
1, throughput 0.0511 Mops
1, throughput 0.0513 Mops
1, throughput 0.0512 Mops
1, throughput 0.0512 Mops
1, throughput 0.0512 Mops
1, throughput 0.0512 Mops
1, throughput 0.0512 Mops
1, throughput 0.0512 Mops
1, throughput 0.0512 Mops
1, throughput 0.0511 Mops
1, throughput 0.0513 Mops
1, throughput 0.0512 Mops
1, throughput 0.0512 Mops
1, throughput 0.0510 Mops
1, throughput 0.0511 Mops
1, throughput 0.0512 Mops
1, throughput 0.0513 Mops
1, throughput 0.0512 Mops
1, throughput 0.0514 Mops
1, throughput 0.0503 Mops
1, throughput 0.0511 Mops
1, throughput 0.0514 Mops
1, throughput 0.0512 Mops
1, throughput 0.0512 Mops
1, throughput 0.0511 Mops
1, throughput 0.0513 Mops
1, throughput 0.0511 Mops
1, throughput 0.0512 Mops
1, throughput 0.0512 Mops
1, throughput 0.0510 Mops
1, throughput 0.0510 Mops
1, throughput 0.0511 Mops
1, throughput 0.0513 Mops
1, throughput 0.0513 Mops
1, throughput 0.0511 Mops
1, throughput 0.0513 Mops
1, throughput 0.0512 Mops
1, throughput 0.0512 Mops
1, throughput 0.0513 Mops
1, throughput 0.0512 Mops
1, throughput 0.0508 Mops
1, throughput 0.0512 Mops
1, throughput 0.0513 Mops
1, throughput 0.0513 Mops
1, throughput 0.0512 Mops
1, throughput 0.0512 Mops
1, throughput 0.0511 Mops
1, throughput 0.0512 Mops
1, throughput 0.0511 Mops
1, throughput 0.0512 Mops
1, throughput 0.0513 Mops
1, throughput 0.0512 Mops
1, throughput 0.0513 Mops
1, throughput 0.0513 Mops
1, throughput 0.0514 Mops
1, throughput 0.0512 Mops
1, throughput 0.0514 Mops
1, throughput 0.0513 Mops
1, throughput 0.0511 Mops
1, throughput 0.0512 Mops
1, throughput 0.0506 Mops
1, throughput 0.0510 Mops
1, throughput 0.0511 Mops
1, throughput 0.0511 Mops
1, throughput 0.0511 Mops
1, throughput 0.0511 Mops
1, throughput 0.0511 Mops
1, throughput 0.0510 Mops
1, throughput 0.0512 Mops
1, throughput 0.0511 Mops
1, throughput 0.0511 Mops
1, throughput 0.0512 Mops
1, throughput 0.0513 Mops
1, throughput 0.0512 Mops
1, throughput 0.0512 Mops
1, throughput 0.0512 Mops
1, throughput 0.0512 Mops
1, throughput 0.0512 Mops
1, throughput 0.0514 Mops
1, throughput 0.0513 Mops
1, throughput 0.0512 Mops
1, throughput 0.0506 Mops
1, throughput 0.0512 Mops
1, throughput 0.0512 Mops
1, throughput 0.0511 Mops
1, throughput 0.0512 Mops
1, throughput 0.0514 Mops
1, throughput 0.0512 Mops
1, throughput 0.0512 Mops
1, throughput 0.0511 Mops
1, throughput 0.0513 Mops
1, throughput 0.0513 Mops
1, throughput 0.0514 Mops
1, throughput 0.0513 Mops
1, throughput 0.0511 Mops
1, throughput 0.0514 Mops
1, throughput 0.0514 Mops
1, throughput 0.0514 Mops
1, throughput 0.0512 Mops
1, throughput 0.0513 Mops
1, throughput 0.0513 Mops
1, throughput 0.0507 Mops
1, throughput 0.0510 Mops
1, throughput 0.0513 Mops
1, throughput 0.0512 Mops
1, throughput 0.0513 Mops
1, throughput 0.0513 Mops
1, throughput 0.0511 Mops
1, throughput 0.0512 Mops
1, throughput 0.0512 Mops
1, throughput 0.0512 Mops
1, throughput 0.0512 Mops
1, throughput 0.0513 Mops
1, throughput 0.0512 Mops
1, throughput 0.0512 Mops
1, throughput 0.0512 Mops
1, throughput 0.0511 Mops
1, throughput 0.0514 Mops
1, throughput 0.0512 Mops
1, throughput 0.0511 Mops
1, throughput 0.0514 Mops
1, throughput 0.0513 Mops
1, throughput 0.0503 Mops
1, throughput 0.0514 Mops
1, throughput 0.0511 Mops
1, throughput 0.0511 Mops
1, throughput 0.0511 Mops
1, throughput 0.0512 Mops
1, throughput 0.0511 Mops
1, throughput 0.0513 Mops
1, throughput 0.0513 Mops
1, throughput 0.0511 Mops
1, throughput 0.0512 Mops
1, throughput 0.0511 Mops
1, throughput 0.0513 Mops
1, throughput 0.0512 Mops
1, throughput 0.0513 Mops
1, throughput 0.0515 Mops
1, throughput 0.0512 Mops
1, throughput 0.0513 Mops
1, throughput 0.0511 Mops
1, throughput 0.0513 Mops
1, throughput 0.0509 Mops
1, throughput 0.0508 Mops
1, throughput 0.0513 Mops
1, throughput 0.0511 Mops
1, throughput 0.0511 Mops
1, throughput 0.0512 Mops
1, throughput 0.0512 Mops
1, throughput 0.0513 Mops
1, throughput 0.0511 Mops
1, throughput 0.0511 Mops
1, throughput 0.0512 Mops
1, throughput 0.0512 Mops
1, throughput 0.0511 Mops
1, throughput 0.0513 Mops
1, throughput 0.0513 Mops
1, throughput 0.0512 Mops
1, throughput 0.0511 Mops
1, throughput 0.0513 Mops
1, throughput 0.0512 Mops
1, throughput 0.0510 Mops
1, throughput 0.0512 Mops
1, throughput 0.0504 Mops
1, throughput 0.0513 Mops
1, throughput 0.0514 Mops
1, throughput 0.0514 Mops
1, throughput 0.0513 Mops
1, throughput 0.0510 Mops
1, throughput 0.0513 Mops
1, throughput 0.0511 Mops
1, throughput 0.0511 Mops
1, throughput 0.0512 Mops
1, throughput 0.0514 Mops
1, throughput 0.0515 Mops
1, throughput 0.0512 Mops
1, throughput 0.0513 Mops
1, throughput 0.0514 Mops
1, throughput 0.0513 Mops
1, throughput 0.0512 Mops
1, throughput 0.0513 Mops
1, throughput 0.0512 Mops
1, throughput 0.0512 Mops
1, throughput 0.0512 Mops
1, throughput 0.0505 Mops
1, throughput 0.0512 Mops
1, throughput 0.0513 Mops
1, throughput 0.0511 Mops
1, throughput 0.0512 Mops
1, throughput 0.0512 Mops
1, throughput 0.0513 Mops
1, throughput 0.0512 Mops
1, throughput 0.0514 Mops
1, throughput 0.0513 Mops
1, throughput 0.0512 Mops
1, throughput 0.0512 Mops
1, throughput 0.0512 Mops
1, throughput 0.0514 Mops
1, throughput 0.0514 Mops
1, throughput 0.0513 Mops
1, throughput 0.0512 Mops
1, throughput 0.0512 Mops
1, throughput 0.0513 Mops
1, throughput 0.0513 Mops
1, throughput 0.0505 Mops
1, throughput 0.0510 Mops
1, throughput 0.0512 Mops
1, throughput 0.0512 Mops
1, throughput 0.0512 Mops
1, throughput 0.0512 Mops
1, throughput 0.0511 Mops
1, throughput 0.0512 Mops
1, throughput 0.0512 Mops
1, throughput 0.0511 Mops
1, throughput 0.0513 Mops
1, throughput 0.0513 Mops
1, throughput 0.0514 Mops
1, throughput 0.0511 Mops
1, throughput 0.0511 Mops
1, throughput 0.0511 Mops
1, throughput 0.0511 Mops
1, throughput 0.0513 Mops
1, throughput 0.0511 Mops
1, throughput 0.0511 Mops
1, throughput 0.0513 Mops
1, throughput 0.0506 Mops
1, throughput 0.0513 Mops
1, throughput 0.0513 Mops
1, throughput 0.0512 Mops
1, throughput 0.0513 Mops
1, throughput 0.0512 Mops
1, throughput 0.0513 Mops
1, throughput 0.0511 Mops
1, throughput 0.0512 Mops
1, throughput 0.0512 Mops
1, throughput 0.0514 Mops
1, throughput 0.0513 Mops
1, throughput 0.0512 Mops
1, throughput 0.0513 Mops
1, throughput 0.0513 Mops
1, throughput 0.0512 Mops
1, throughput 0.0510 Mops
1, throughput 0.0514 Mops
1, throughput 0.0511 Mops
1, throughput 0.0511 Mops
1, throughput 0.0507 Mops
1, throughput 0.0509 Mops
1, throughput 0.0511 Mops
1, throughput 0.0513 Mops
1, throughput 0.0514 Mops
1, throughput 0.0511 Mops
1, throughput 0.0511 Mops
1, throughput 0.0512 Mops
1, throughput 0.0512 Mops
1, throughput 0.0512 Mops
1, throughput 0.0512 Mops
1, throughput 0.0503 Mops
1, throughput 0.0501 Mops
1, throughput 0.0500 Mops
1, throughput 0.0455 Mops
1, throughput 0.0424 Mops
1, throughput 0.0402 Mops
1, throughput 0.0382 Mops
1, throughput 0.0325 Mops
1, throughput 0.0319 Mops
1, throughput 0.0320 Mops
1, throughput 0.0301 Mops
1, throughput 0.0307 Mops
1, throughput 0.0308 Mops
1, throughput 0.0306 Mops
1, throughput 0.0307 Mops
1, throughput 0.0308 Mops
1, throughput 0.0308 Mops
1, throughput 0.0308 Mops
1, throughput 0.0308 Mops
1, throughput 0.0307 Mops
1, throughput 0.0308 Mops
1, throughput 0.0308 Mops
1, throughput 0.0307 Mops
1, throughput 0.0308 Mops
1, throughput 0.0307 Mops
1, throughput 0.0308 Mops
1, throughput 0.0308 Mops
1, throughput 0.0306 Mops
1, throughput 0.0307 Mops
1, throughput 0.0308 Mops
1, throughput 0.0307 Mops
1, throughput 0.0304 Mops
1, throughput 0.0308 Mops
1, throughput 0.0308 Mops
1, throughput 0.0308 Mops
1, throughput 0.0307 Mops
1, throughput 0.0307 Mops
1, throughput 0.0309 Mops
1, throughput 0.0307 Mops
1, throughput 0.0307 Mops
1, throughput 0.0308 Mops
1, throughput 0.0308 Mops
1, throughput 0.0308 Mops
1, throughput 0.0308 Mops
1, throughput 0.0307 Mops
1, throughput 0.0305 Mops
1, throughput 0.0274 Mops
1, throughput 0.0216 Mops
1, throughput 0.0168 Mops
1, throughput 0.0133 Mops
1, throughput 0.0074 Mops
1, throughput 0.0041 Mops
1, throughput 0.0032 Mops
1, throughput 0.0018 Mops
1, throughput 0.0011 Mops
[RESULT node 1] ops=29999988 elapsed=597.399s throughput=0.0502 Mops mode=op-bounded
[RDMA node 1] ops=29999988 posts=3121063959 read_wr=4303639573 read_bytes=569066846227 write_wr=0 write_bytes=0 atomic_wr=0 send_wr=0 send_bytes=0
[RDMA node 1] per_op: round_trips=104.0355 reads=143.4547 writes=0.0000 atomics=0.0000 sends=0.0000 verbs=143.4547 bytes=18968.9

==================== LATENCY BUCKETS (500 ns) [node 1] ====================
[RANGE]
  ALL                n=29999988   mean=  699.61us  p50= 741.00us  p90= 889.50us  p99=1000.00us  p99.9=1000.00us  max>=1000.00us
  DIRECT (1-sided)   n=29999988   mean=  699.61us  p50= 741.00us  p90= 889.50us  p99=1000.00us  p99.9=1000.00us  max>=1000.00us
  OFFLOAD (rpc)             (no samples)
[ALL OPS]
  ALL                n=29999988   mean=  699.61us  p50= 741.00us  p90= 889.50us  p99=1000.00us  p99.9=1000.00us  max>=1000.00us
  DIRECT (1-sided)   n=29999988   mean=  699.61us  p50= 741.00us  p90= 889.50us  p99=1000.00us  p99.9=1000.00us  max>=1000.00us
  OFFLOAD (rpc)             (no samples)

----- 500 ns bucket CDF (all ops) [node 1] -----
  bucket [lo,hi) ns             count        pct       cdf
  [     7000,     7500)            3    0.0000%   0.0000%
  [     7500,     8000)            1    0.0000%   0.0000%
  [    10000,    10500)            1    0.0000%   0.0000%
  [    12500,    13000)            1    0.0000%   0.0000%
  [    15500,    16000)            1    0.0000%   0.0000%
  [    16000,    16500)            1    0.0000%   0.0000%
  [    17000,    17500)            1    0.0000%   0.0000%
  [    17500,    18000)            1    0.0000%   0.0000%
  [    22500,    23000)            1    0.0000%   0.0000%
  [    29000,    29500)            1    0.0000%   0.0000%
  [    51000,    51500)            1    0.0000%   0.0000%
  [    51500,    52000)            7    0.0000%   0.0001%
  [    52000,    52500)           36    0.0001%   0.0002%
  [    52500,    53000)          168    0.0006%   0.0007%
  [    53000,    53500)          574    0.0019%   0.0027%
  [    53500,    54000)         1474    0.0049%   0.0076%
  [    54000,    54500)         3344    0.0111%   0.0187%
  [    54500,    55000)         6732    0.0224%   0.0412%
  [    55000,    55500)        10744    0.0358%   0.0770%
  [    55500,    56000)        15877    0.0529%   0.1299%
  [    56000,    56500)        20421    0.0681%   0.1980%
  [    56500,    57000)        25289    0.0843%   0.2823%
  [    57000,    57500)        29111    0.0970%   0.3793%
  [    57500,    58000)        32737    0.1091%   0.4884%
  [    58000,    58500)        36970    0.1232%   0.6117%
  [    58500,    59000)        41593    0.1386%   0.7503%
  [    59000,    59500)        46984    0.1566%   0.9069%
  [    59500,    60000)        51838    0.1728%   1.0797%
  [    60000,    60500)        56447    0.1882%   1.2679%
  [    60500,    61000)        60306    0.2010%   1.4689%
  [    61000,    61500)        62518    0.2084%   1.6773%
  [    61500,    62000)        62731    0.2091%   1.8864%
  [    62000,    62500)        62801    0.2093%   2.0957%
  [    62500,    63000)        62086    0.2070%   2.3027%
  [    63000,    63500)        61221    0.2041%   2.5067%
  [    63500,    64000)        60103    0.2003%   2.7071%
  [    64000,    64500)        58447    0.1948%   2.9019%
  [    64500,    65000)        56181    0.1873%   3.0892%
  [    65000,    65500)        53308    0.1777%   3.2669%
  [    65500,    66000)        49991    0.1666%   3.4335%
  [    66000,    66500)        45977    0.1533%   3.5868%
  [    66500,    67000)        41321    0.1377%   3.7245%
  [    67000,    67500)        37494    0.1250%   3.8495%
  [    67500,    68000)        33791    0.1126%   3.9621%
  [    68000,    68500)        30103    0.1003%   4.0625%
  [    68500,    69000)        26456    0.0882%   4.1506%
  [    69000,    69500)        23326    0.0778%   4.2284%
  [    69500,    70000)        20342    0.0678%   4.2962%
  [    70000,    70500)        17561    0.0585%   4.3547%
  [    70500,    71000)        15247    0.0508%   4.4056%
  [    71000,    71500)        12626    0.0421%   4.4477%
  [    71500,    72000)        10775    0.0359%   4.4836%
  [    72000,    72500)         8904    0.0297%   4.5133%
  [    72500,    73000)         7583    0.0253%   4.5385%
  [    73000,    73500)         6225    0.0208%   4.5593%
  [    73500,    74000)         5265    0.0176%   4.5768%
  [    74000,    74500)         4240    0.0141%   4.5910%
  [    74500,    75000)         3595    0.0120%   4.6029%
  [    75000,    75500)         3040    0.0101%   4.6131%
  [    75500,    76000)         2540    0.0085%   4.6215%
  [    76000,    76500)         2106    0.0070%   4.6286%
  [    76500,    77000)         1765    0.0059%   4.6344%
  [    77000,    77500)         1618    0.0054%   4.6398%
  [    77500,    78000)         1355    0.0045%   4.6444%
  [    78000,    78500)         1185    0.0040%   4.6483%
  [    78500,    79000)         1005    0.0034%   4.6517%
  [    79000,    79500)          967    0.0032%   4.6549%
  [    79500,    80000)          877    0.0029%   4.6578%
  [    80000,    80500)          773    0.0026%   4.6604%
  [    80500,    81000)          762    0.0025%   4.6629%
  [    81000,    81500)          688    0.0023%   4.6652%
  [    81500,    82000)          624    0.0021%   4.6673%
  [    82000,    82500)          584    0.0019%   4.6692%
  [    82500,    83000)          584    0.0019%   4.6712%
  [    83000,    83500)          580    0.0019%   4.6731%
  [    83500,    84000)          513    0.0017%   4.6748%
  [    84000,    84500)          538    0.0018%   4.6766%
  [    84500,    85000)          474    0.0016%   4.6782%
  [    85000,    85500)          544    0.0018%   4.6800%
  [    85500,    86000)          543    0.0018%   4.6818%
  [    86000,    86500)          514    0.0017%   4.6835%
  [    86500,    87000)          493    0.0016%   4.6852%
  [    87000,    87500)          495    0.0017%   4.6868%
  [    87500,    88000)          482    0.0016%   4.6884%
  [    88000,    88500)          456    0.0015%   4.6900%
  [    88500,    89000)          504    0.0017%   4.6916%
  [    89000,    89500)          535    0.0018%   4.6934%
  [    89500,    90000)          523    0.0017%   4.6952%
  [    90000,    90500)          568    0.0019%   4.6971%
  [    90500,    91000)          559    0.0019%   4.6989%
  [    91000,    91500)          532    0.0018%   4.7007%
  [    91500,    92000)          596    0.0020%   4.7027%
  [    92000,    92500)          580    0.0019%   4.7046%
  [    92500,    93000)          539    0.0018%   4.7064%
  [    93000,    93500)          580    0.0019%   4.7083%
  [    93500,    94000)          588    0.0020%   4.7103%
  [    94000,    94500)          606    0.0020%   4.7123%
  [    94500,    95000)          642    0.0021%   4.7145%
  [    95000,    95500)          587    0.0020%   4.7164%
  [    95500,    96000)          671    0.0022%   4.7187%
  [    96000,    96500)          597    0.0020%   4.7207%
  [    96500,    97000)          644    0.0021%   4.7228%
  [    97000,    97500)          636    0.0021%   4.7249%
  [    97500,    98000)          598    0.0020%   4.7269%
  [    98000,    98500)          670    0.0022%   4.7291%
  [    98500,    99000)          630    0.0021%   4.7312%
  [    99000,    99500)          708    0.0024%   4.7336%
  [    99500,   100000)          680    0.0023%   4.7359%
  [   100000,   100500)          704    0.0023%   4.7382%
  [   100500,   101000)          721    0.0024%   4.7406%
  [   101000,   101500)          674    0.0022%   4.7429%
  [   101500,   102000)          698    0.0023%   4.7452%
  [   102000,   102500)          707    0.0024%   4.7476%
  [   102500,   103000)          731    0.0024%   4.7500%
  [   103000,   103500)          739    0.0025%   4.7525%
  [   103500,   104000)          714    0.0024%   4.7548%
  [   104000,   104500)          775    0.0026%   4.7574%
  [   104500,   105000)          749    0.0025%   4.7599%
  [   105000,   105500)          781    0.0026%   4.7625%
  [   105500,   106000)          763    0.0025%   4.7651%
  [   106000,   106500)          808    0.0027%   4.7678%
  [   106500,   107000)          726    0.0024%   4.7702%
  [   107000,   107500)          846    0.0028%   4.7730%
  [   107500,   108000)          794    0.0026%   4.7756%
  [   108000,   108500)          844    0.0028%   4.7785%
  [   108500,   109000)          804    0.0027%   4.7811%
  [   109000,   109500)          849    0.0028%   4.7840%
  [   109500,   110000)          919    0.0031%   4.7870%
  [   110000,   110500)          885    0.0030%   4.7900%
  [   110500,   111000)          885    0.0030%   4.7929%
  [   111000,   111500)          923    0.0031%   4.7960%
  [   111500,   112000)          868    0.0029%   4.7989%
  [   112000,   112500)          879    0.0029%   4.8018%
  [   112500,   113000)          883    0.0029%   4.8048%
  [   113000,   113500)          976    0.0033%   4.8080%
  [   113500,   114000)          920    0.0031%   4.8111%
  [   114000,   114500)          914    0.0030%   4.8141%
  [   114500,   115000)          861    0.0029%   4.8170%
  [   115000,   115500)          934    0.0031%   4.8201%
  [   115500,   116000)          986    0.0033%   4.8234%
  [   116000,   116500)          920    0.0031%   4.8265%
  [   116500,   117000)         1071    0.0036%   4.8300%
  [   117000,   117500)          954    0.0032%   4.8332%
  [   117500,   118000)         1069    0.0036%   4.8368%
  [   118000,   118500)          990    0.0033%   4.8401%
  [   118500,   119000)          959    0.0032%   4.8433%
  [   119000,   119500)          987    0.0033%   4.8466%
  [   119500,   120000)          995    0.0033%   4.8499%
  [   120000,   120500)         1037    0.0035%   4.8533%
  [   120500,   121000)         1099    0.0037%   4.8570%
  [   121000,   121500)         1070    0.0036%   4.8606%
  [   121500,   122000)         1048    0.0035%   4.8641%
  [   122000,   122500)         1055    0.0035%   4.8676%
  [   122500,   123000)         1083    0.0036%   4.8712%
  [   123000,   123500)         1008    0.0034%   4.8746%
  [   123500,   124000)         1068    0.0036%   4.8781%
  [   124000,   124500)         1064    0.0035%   4.8817%
  [   124500,   125000)         1108    0.0037%   4.8854%
  [   125000,   125500)         1081    0.0036%   4.8890%
  [   125500,   126000)         1162    0.0039%   4.8928%
  [   126000,   126500)         1131    0.0038%   4.8966%
  [   126500,   127000)         1175    0.0039%   4.9005%
  [   127000,   127500)         1128    0.0038%   4.9043%
  [   127500,   128000)         1107    0.0037%   4.9080%
  [   128000,   128500)         1137    0.0038%   4.9118%
  [   128500,   129000)         1139    0.0038%   4.9156%
  [   129000,   129500)         1095    0.0037%   4.9192%
  [   129500,   130000)         1121    0.0037%   4.9229%
  [   130000,   130500)         1129    0.0038%   4.9267%
  [   130500,   131000)         1137    0.0038%   4.9305%
  [   131000,   131500)         1151    0.0038%   4.9343%
  [   131500,   132000)         1105    0.0037%   4.9380%
  [   132000,   132500)         1108    0.0037%   4.9417%
  [   132500,   133000)         1171    0.0039%   4.9456%
  [   133000,   133500)         1123    0.0037%   4.9494%
  [   133500,   134000)         1176    0.0039%   4.9533%
  [   134000,   134500)         1152    0.0038%   4.9571%
  [   134500,   135000)         1168    0.0039%   4.9610%
  [   135000,   135500)         1197    0.0040%   4.9650%
  [   135500,   136000)         1232    0.0041%   4.9691%
  [   136000,   136500)         1202    0.0040%   4.9731%
  [   136500,   137000)         1203    0.0040%   4.9771%
  [   137000,   137500)         1130    0.0038%   4.9809%
  [   137500,   138000)         1103    0.0037%   4.9846%
  [   138000,   138500)         1226    0.0041%   4.9887%
  [   138500,   139000)         1183    0.0039%   4.9926%
  [   139000,   139500)         1216    0.0041%   4.9966%
  [   139500,   140000)         1192    0.0040%   5.0006%
  [   140000,   140500)         1176    0.0039%   5.0045%
  [   140500,   141000)         1172    0.0039%   5.0084%
  [   141000,   141500)         1186    0.0040%   5.0124%
  [   141500,   142000)         1222    0.0041%   5.0165%
  [   142000,   142500)         1207    0.0040%   5.0205%
  [   142500,   143000)         1199    0.0040%   5.0245%
  [   143000,   143500)         1195    0.0040%   5.0285%
  [   143500,   144000)         1256    0.0042%   5.0327%
  [   144000,   144500)         1222    0.0041%   5.0367%
  [   144500,   145000)         1160    0.0039%   5.0406%
  [   145000,   145500)         1203    0.0040%   5.0446%
  [   145500,   146000)         1205    0.0040%   5.0486%
  [   146000,   146500)         1193    0.0040%   5.0526%
  [   146500,   147000)         1276    0.0043%   5.0569%
  [   147000,   147500)         1210    0.0040%   5.0609%
  [   147500,   148000)         1262    0.0042%   5.0651%
  [   148000,   148500)         1257    0.0042%   5.0693%
  [   148500,   149000)         1283    0.0043%   5.0736%
  [   149000,   149500)         1247    0.0042%   5.0777%
  [   149500,   150000)         1201    0.0040%   5.0817%
  [   150000,   150500)         1226    0.0041%   5.0858%
  [   150500,   151000)         1250    0.0042%   5.0900%
  [   151000,   151500)         1239    0.0041%   5.0941%
  [   151500,   152000)         1283    0.0043%   5.0984%
  [   152000,   152500)         1278    0.0043%   5.1026%
  [   152500,   153000)         1333    0.0044%   5.1071%
  [   153000,   153500)         1277    0.0043%   5.1113%
  [   153500,   154000)         1357    0.0045%   5.1159%
  [   154000,   154500)         1296    0.0043%   5.1202%
  [   154500,   155000)         1333    0.0044%   5.1246%
  [   155000,   155500)         1318    0.0044%   5.1290%
  [   155500,   156000)         1361    0.0045%   5.1336%
  [   156000,   156500)         1314    0.0044%   5.1379%
  [   156500,   157000)         1267    0.0042%   5.1422%
  [   157000,   157500)         1393    0.0046%   5.1468%
  [   157500,   158000)         1303    0.0043%   5.1512%
  [   158000,   158500)         1384    0.0046%   5.1558%
  [   158500,   159000)         1435    0.0048%   5.1606%
  [   159000,   159500)         1410    0.0047%   5.1653%
  [   159500,   160000)         1388    0.0046%   5.1699%
  [   160000,   160500)         1388    0.0046%   5.1745%
  [   160500,   161000)         1407    0.0047%   5.1792%
  [   161000,   161500)         1430    0.0048%   5.1840%
  [   161500,   162000)         1440    0.0048%   5.1888%
  [   162000,   162500)         1434    0.0048%   5.1935%
  [   162500,   163000)         1418    0.0047%   5.1983%
  [   163000,   163500)         1426    0.0048%   5.2030%
  [   163500,   164000)         1434    0.0048%   5.2078%
  [   164000,   164500)         1444    0.0048%   5.2126%
  [   164500,   165000)         1454    0.0048%   5.2175%
  [   165000,   165500)         1497    0.0050%   5.2225%
  [   165500,   166000)         1452    0.0048%   5.2273%
  [   166000,   166500)         1489    0.0050%   5.2323%
  [   166500,   167000)         1495    0.0050%   5.2372%
  [   167000,   167500)         1463    0.0049%   5.2421%
  [   167500,   168000)         1508    0.0050%   5.2471%
  [   168000,   168500)         1543    0.0051%   5.2523%
  [   168500,   169000)         1563    0.0052%   5.2575%
  [   169000,   169500)         1623    0.0054%   5.2629%
  [   169500,   170000)         1612    0.0054%   5.2683%
  [   170000,   170500)         1560    0.0052%   5.2735%
  [   170500,   171000)         1611    0.0054%   5.2788%
  [   171000,   171500)         1598    0.0053%   5.2842%
  [   171500,   172000)         1579    0.0053%   5.2894%
  [   172000,   172500)         1616    0.0054%   5.2948%
  [   172500,   173000)         1590    0.0053%   5.3001%
  [   173000,   173500)         1631    0.0054%   5.3056%
  [   173500,   174000)         1669    0.0056%   5.3111%
  [   174000,   174500)         1703    0.0057%   5.3168%
  [   174500,   175000)         1732    0.0058%   5.3226%
  [   175000,   175500)         1668    0.0056%   5.3281%
  [   175500,   176000)         1661    0.0055%   5.3337%
  [   176000,   176500)         1673    0.0056%   5.3392%
  [   176500,   177000)         1734    0.0058%   5.3450%
  [   177000,   177500)         1706    0.0057%   5.3507%
  [   177500,   178000)         1758    0.0059%   5.3566%
  [   178000,   178500)         1749    0.0058%   5.3624%
  [   178500,   179000)         1727    0.0058%   5.3682%
  [   179000,   179500)         1767    0.0059%   5.3741%
  [   179500,   180000)         1835    0.0061%   5.3802%
  [   180000,   180500)         1799    0.0060%   5.3862%
  [   180500,   181000)         1748    0.0058%   5.3920%
  [   181000,   181500)         1741    0.0058%   5.3978%
  [   181500,   182000)         1840    0.0061%   5.4039%
  [   182000,   182500)         1832    0.0061%   5.4100%
  [   182500,   183000)         1877    0.0063%   5.4163%
  [   183000,   183500)         1859    0.0062%   5.4225%
  [   183500,   184000)         1993    0.0066%   5.4291%
  [   184000,   184500)         1929    0.0064%   5.4356%
  [   184500,   185000)         1804    0.0060%   5.4416%
  [   185000,   185500)         1862    0.0062%   5.4478%
  [   185500,   186000)         1870    0.0062%   5.4540%
  [   186000,   186500)         1931    0.0064%   5.4605%
  [   186500,   187000)         1888    0.0063%   5.4667%
  [   187000,   187500)         1891    0.0063%   5.4730%
  [   187500,   188000)         2018    0.0067%   5.4798%
  [   188000,   188500)         2036    0.0068%   5.4866%
  [   188500,   189000)         2040    0.0068%   5.4934%
  [   189000,   189500)         2011    0.0067%   5.5001%
  [   189500,   190000)         2052    0.0068%   5.5069%
  [   190000,   190500)         2034    0.0068%   5.5137%
  [   190500,   191000)         2041    0.0068%   5.5205%
  [   191000,   191500)         2023    0.0067%   5.5272%
  [   191500,   192000)         2050    0.0068%   5.5341%
  [   192000,   192500)         2067    0.0069%   5.5410%
  [   192500,   193000)         2078    0.0069%   5.5479%
  [   193000,   193500)         2114    0.0070%   5.5549%
  [   193500,   194000)         2081    0.0069%   5.5619%
  [   194000,   194500)         2121    0.0071%   5.5689%
  [   194500,   195000)         2082    0.0069%   5.5759%
  [   195000,   195500)         2103    0.0070%   5.5829%
  [   195500,   196000)         2255    0.0075%   5.5904%
  [   196000,   196500)         2151    0.0072%   5.5976%
  [   196500,   197000)         2168    0.0072%   5.6048%
  [   197000,   197500)         2147    0.0072%   5.6120%
  [   197500,   198000)         2161    0.0072%   5.6192%
  [   198000,   198500)         2174    0.0072%   5.6264%
  [   198500,   199000)         2177    0.0073%   5.6337%
  [   199000,   199500)         2194    0.0073%   5.6410%
  [   199500,   200000)         2268    0.0076%   5.6485%
  [   200000,   200500)         2282    0.0076%   5.6561%
  [   200500,   201000)         2271    0.0076%   5.6637%
  [   201000,   201500)         2222    0.0074%   5.6711%
  [   201500,   202000)         2334    0.0078%   5.6789%
  [   202000,   202500)         2237    0.0075%   5.6864%
  [   202500,   203000)         2355    0.0079%   5.6942%
  [   203000,   203500)         2262    0.0075%   5.7017%
  [   203500,   204000)         2386    0.0080%   5.7097%
  [   204000,   204500)         2280    0.0076%   5.7173%
  [   204500,   205000)         2305    0.0077%   5.7250%
  [   205000,   205500)         2220    0.0074%   5.7324%
  [   205500,   206000)         2309    0.0077%   5.7401%
  [   206000,   206500)         2382    0.0079%   5.7480%
  [   206500,   207000)         2357    0.0079%   5.7559%
  [   207000,   207500)         2382    0.0079%   5.7638%
  [   207500,   208000)         2366    0.0079%   5.7717%
  [   208000,   208500)         2445    0.0082%   5.7799%
  [   208500,   209000)         2390    0.0080%   5.7878%
  [   209000,   209500)         2326    0.0078%   5.7956%
  [   209500,   210000)         2358    0.0079%   5.8034%
  [   210000,   210500)         2491    0.0083%   5.8117%
  [   210500,   211000)         2470    0.0082%   5.8200%
  [   211000,   211500)         2383    0.0079%   5.8279%
  [   211500,   212000)         2447    0.0082%   5.8361%
  [   212000,   212500)         2399    0.0080%   5.8441%
  [   212500,   213000)         2409    0.0080%   5.8521%
  [   213000,   213500)         2408    0.0080%   5.8601%
  [   213500,   214000)         2441    0.0081%   5.8683%
  [   214000,   214500)         2433    0.0081%   5.8764%
  [   214500,   215000)         2425    0.0081%   5.8845%
  [   215000,   215500)         2428    0.0081%   5.8925%
  [   215500,   216000)         2509    0.0084%   5.9009%
  [   216000,   216500)         2446    0.0082%   5.9091%
  [   216500,   217000)         2433    0.0081%   5.9172%
  [   217000,   217500)         2525    0.0084%   5.9256%
  [   217500,   218000)         2477    0.0083%   5.9338%
  [   218000,   218500)         2505    0.0084%   5.9422%
  [   218500,   219000)         2476    0.0083%   5.9504%
  [   219000,   219500)         2469    0.0082%   5.9587%
  [   219500,   220000)         2587    0.0086%   5.9673%
  [   220000,   220500)         2524    0.0084%   5.9757%
  [   220500,   221000)         2587    0.0086%   5.9843%
  [   221000,   221500)         2420    0.0081%   5.9924%
  [   221500,   222000)         2629    0.0088%   6.0012%
  [   222000,   222500)         2554    0.0085%   6.0097%
  [   222500,   223000)         2554    0.0085%   6.0182%
  [   223000,   223500)         2509    0.0084%   6.0266%
  [   223500,   224000)         2541    0.0085%   6.0350%
  [   224000,   224500)         2572    0.0086%   6.0436%
  [   224500,   225000)         2547    0.0085%   6.0521%
  [   225000,   225500)         2540    0.0085%   6.0606%
  [   225500,   226000)         2462    0.0082%   6.0688%
  [   226000,   226500)         2526    0.0084%   6.0772%
  [   226500,   227000)         2613    0.0087%   6.0859%
  [   227000,   227500)         2601    0.0087%   6.0946%
  [   227500,   228000)         2518    0.0084%   6.1030%
  [   228000,   228500)         2627    0.0088%   6.1117%
  [   228500,   229000)         2634    0.0088%   6.1205%
  [   229000,   229500)         2613    0.0087%   6.1292%
  [   229500,   230000)         2697    0.0090%   6.1382%
  [   230000,   230500)         2636    0.0088%   6.1470%
  [   230500,   231000)         2629    0.0088%   6.1557%
  [   231000,   231500)         2580    0.0086%   6.1643%
  [   231500,   232000)         2606    0.0087%   6.1730%
  [   232000,   232500)         2663    0.0089%   6.1819%
  [   232500,   233000)         2580    0.0086%   6.1905%
  [   233000,   233500)         2564    0.0085%   6.1991%
  [   233500,   234000)         2675    0.0089%   6.2080%
  [   234000,   234500)         2569    0.0086%   6.2165%
  [   234500,   235000)         2627    0.0088%   6.2253%
  [   235000,   235500)         2656    0.0089%   6.2341%
  [   235500,   236000)         2649    0.0088%   6.2430%
  [   236000,   236500)         2617    0.0087%   6.2517%
  [   236500,   237000)         2647    0.0088%   6.2605%
  [   237000,   237500)         2593    0.0086%   6.2692%
  [   237500,   238000)         2666    0.0089%   6.2781%
  [   238000,   238500)         2711    0.0090%   6.2871%
  [   238500,   239000)         2691    0.0090%   6.2961%
  [   239000,   239500)         2653    0.0088%   6.3049%
  [   239500,   240000)         2717    0.0091%   6.3140%
  [   240000,   240500)         2661    0.0089%   6.3228%
  [   240500,   241000)         2597    0.0087%   6.3315%
  [   241000,   241500)         2623    0.0087%   6.3402%
  [   241500,   242000)         2726    0.0091%   6.3493%
  [   242000,   242500)         2705    0.0090%   6.3583%
  [   242500,   243000)         2710    0.0090%   6.3674%
  [   243000,   243500)         2703    0.0090%   6.3764%
  [   243500,   244000)         2776    0.0093%   6.3856%
  [   244000,   244500)         2674    0.0089%   6.3945%
  [   244500,   245000)         2744    0.0091%   6.4037%
  [   245000,   245500)         2688    0.0090%   6.4126%
  [   245500,   246000)         2792    0.0093%   6.4220%
  [   246000,   246500)         2616    0.0087%   6.4307%
  [   246500,   247000)         2733    0.0091%   6.4398%
  [   247000,   247500)         2665    0.0089%   6.4487%
  [   247500,   248000)         2691    0.0090%   6.4576%
  [   248000,   248500)         2772    0.0092%   6.4669%
  [   248500,   249000)         2663    0.0089%   6.4758%
  [   249000,   249500)         2701    0.0090%   6.4848%
  [   249500,   250000)         2665    0.0089%   6.4936%
  [   250000,   250500)         2656    0.0089%   6.5025%
  [   250500,   251000)         2625    0.0088%   6.5112%
  [   251000,   251500)         2738    0.0091%   6.5204%
  [   251500,   252000)         2734    0.0091%   6.5295%
  [   252000,   252500)         2741    0.0091%   6.5386%
  [   252500,   253000)         2820    0.0094%   6.5480%
  [   253000,   253500)         2824    0.0094%   6.5574%
  [   253500,   254000)         2686    0.0090%   6.5664%
  [   254000,   254500)         2669    0.0089%   6.5753%
  [   254500,   255000)         2658    0.0089%   6.5841%
  [   255000,   255500)         2587    0.0086%   6.5928%
  [   255500,   256000)         2766    0.0092%   6.6020%
  [   256000,   256500)         2760    0.0092%   6.6112%
  [   256500,   257000)         2811    0.0094%   6.6206%
  [   257000,   257500)         2666    0.0089%   6.6294%
  [   257500,   258000)         2687    0.0090%   6.6384%
  [   258000,   258500)         2751    0.0092%   6.6476%
  [   258500,   259000)         2809    0.0094%   6.6569%
  [   259000,   259500)         2704    0.0090%   6.6659%
  [   259500,   260000)         2794    0.0093%   6.6753%
  [   260000,   260500)         2771    0.0092%   6.6845%
  [   260500,   261000)         2780    0.0093%   6.6938%
  [   261000,   261500)         2742    0.0091%   6.7029%
  [   261500,   262000)         2841    0.0095%   6.7124%
  [   262000,   262500)         2723    0.0091%   6.7215%
  [   262500,   263000)         2739    0.0091%   6.7306%
  [   263000,   263500)         2822    0.0094%   6.7400%
  [   263500,   264000)         2815    0.0094%   6.7494%
  [   264000,   264500)         2873    0.0096%   6.7589%
  [   264500,   265000)         2676    0.0089%   6.7679%
  [   265000,   265500)         2820    0.0094%   6.7773%
  [   265500,   266000)         2732    0.0091%   6.7864%
  [   266000,   266500)         2733    0.0091%   6.7955%
  [   266500,   267000)         2696    0.0090%   6.8045%
  [   267000,   267500)         2749    0.0092%   6.8136%
  [   267500,   268000)         2722    0.0091%   6.8227%
  [   268000,   268500)         2600    0.0087%   6.8314%
  [   268500,   269000)         2769    0.0092%   6.8406%
  [   269000,   269500)         2684    0.0089%   6.8496%
  [   269500,   270000)         2663    0.0089%   6.8584%
  [   270000,   270500)         2721    0.0091%   6.8675%
  [   270500,   271000)         2771    0.0092%   6.8767%
  [   271000,   271500)         2780    0.0093%   6.8860%
  [   271500,   272000)         2764    0.0092%   6.8952%
  [   272000,   272500)         2748    0.0092%   6.9044%
  [   272500,   273000)         2806    0.0094%   6.9137%
  [   273000,   273500)         2759    0.0092%   6.9229%
  [   273500,   274000)         2660    0.0089%   6.9318%
  [   274000,   274500)         2758    0.0092%   6.9410%
  [   274500,   275000)         2723    0.0091%   6.9501%
  [   275000,   275500)         2753    0.0092%   6.9592%
  [   275500,   276000)         2662    0.0089%   6.9681%
  [   276000,   276500)         2738    0.0091%   6.9772%
  [   276500,   277000)         2684    0.0089%   6.9862%
  [   277000,   277500)         2718    0.0091%   6.9952%
  [   277500,   278000)         2727    0.0091%   7.0043%
  [   278000,   278500)         2770    0.0092%   7.0136%
  [   278500,   279000)         2688    0.0090%   7.0225%
  [   279000,   279500)         2739    0.0091%   7.0317%
  [   279500,   280000)         2765    0.0092%   7.0409%
  [   280000,   280500)         2695    0.0090%   7.0499%
  [   280500,   281000)         2666    0.0089%   7.0587%
  [   281000,   281500)         2703    0.0090%   7.0678%
  [   281500,   282000)         2648    0.0088%   7.0766%
  [   282000,   282500)         2686    0.0090%   7.0855%
  [   282500,   283000)         2792    0.0093%   7.0948%
  [   283000,   283500)         2719    0.0091%   7.1039%
  [   283500,   284000)         2778    0.0093%   7.1132%
  [   284000,   284500)         2802    0.0093%   7.1225%
  [   284500,   285000)         2704    0.0090%   7.1315%
  [   285000,   285500)         2708    0.0090%   7.1405%
  [   285500,   286000)         2732    0.0091%   7.1497%
  [   286000,   286500)         2601    0.0087%   7.1583%
  [   286500,   287000)         2700    0.0090%   7.1673%
  [   287000,   287500)         2721    0.0091%   7.1764%
  [   287500,   288000)         2732    0.0091%   7.1855%
  [   288000,   288500)         2741    0.0091%   7.1946%
  [   288500,   289000)         2670    0.0089%   7.2035%
  [   289000,   289500)         2764    0.0092%   7.2127%
  [   289500,   290000)         2671    0.0089%   7.2217%
  [   290000,   290500)         2758    0.0092%   7.2308%
  [   290500,   291000)         2709    0.0090%   7.2399%
  [   291000,   291500)         2706    0.0090%   7.2489%
  [   291500,   292000)         2656    0.0089%   7.2577%
  [   292000,   292500)         2759    0.0092%   7.2669%
  [   292500,   293000)         2624    0.0087%   7.2757%
  [   293000,   293500)         2592    0.0086%   7.2843%
  [   293500,   294000)         2632    0.0088%   7.2931%
  [   294000,   294500)         2675    0.0089%   7.3020%
  [   294500,   295000)         2722    0.0091%   7.3111%
  [   295000,   295500)         2711    0.0090%   7.3201%
  [   295500,   296000)         2717    0.0091%   7.3292%
  [   296000,   296500)         2659    0.0089%   7.3381%
  [   296500,   297000)         2745    0.0092%   7.3472%
  [   297000,   297500)         2779    0.0093%   7.3565%
  [   297500,   298000)         2655    0.0089%   7.3653%
  [   298000,   298500)         2622    0.0087%   7.3741%
  [   298500,   299000)         2617    0.0087%   7.3828%
  [   299000,   299500)         2631    0.0088%   7.3915%
  [   299500,   300000)         2571    0.0086%   7.4001%
  [   300000,   300500)         2691    0.0090%   7.4091%
  [   300500,   301000)         2567    0.0086%   7.4176%
  [   301000,   301500)         2574    0.0086%   7.4262%
  [   301500,   302000)         2679    0.0089%   7.4352%
  [   302000,   302500)         2658    0.0089%   7.4440%
  [   302500,   303000)         2629    0.0088%   7.4528%
  [   303000,   303500)         2652    0.0088%   7.4616%
  [   303500,   304000)         2626    0.0088%   7.4704%
  [   304000,   304500)         2655    0.0089%   7.4792%
  [   304500,   305000)         2665    0.0089%   7.4881%
  [   305000,   305500)         2659    0.0089%   7.4970%
  [   305500,   306000)         2645    0.0088%   7.5058%
  [   306000,   306500)         2660    0.0089%   7.5147%
  [   306500,   307000)         2643    0.0088%   7.5235%
  [   307000,   307500)         2651    0.0088%   7.5323%
  [   307500,   308000)         2523    0.0084%   7.5407%
  [   308000,   308500)         2585    0.0086%   7.5493%
  [   308500,   309000)         2658    0.0089%   7.5582%
  [   309000,   309500)         2730    0.0091%   7.5673%
  [   309500,   310000)         2661    0.0089%   7.5762%
  [   310000,   310500)         2609    0.0087%   7.5849%
  [   310500,   311000)         2734    0.0091%   7.5940%
  [   311000,   311500)         2554    0.0085%   7.6025%
  [   311500,   312000)         2664    0.0089%   7.6114%
  [   312000,   312500)         2713    0.0090%   7.6204%
  [   312500,   313000)         2544    0.0085%   7.6289%
  [   313000,   313500)         2702    0.0090%   7.6379%
  [   313500,   314000)         2515    0.0084%   7.6463%
  [   314000,   314500)         2603    0.0087%   7.6549%
  [   314500,   315000)         2651    0.0088%   7.6638%
  [   315000,   315500)         2588    0.0086%   7.6724%
  [   315500,   316000)         2558    0.0085%   7.6809%
  [   316000,   316500)         2594    0.0086%   7.6896%
  [   316500,   317000)         2579    0.0086%   7.6982%
  [   317000,   317500)         2575    0.0086%   7.7068%
  [   317500,   318000)         2595    0.0087%   7.7154%
  [   318000,   318500)         2571    0.0086%   7.7240%
  [   318500,   319000)         2611    0.0087%   7.7327%
  [   319000,   319500)         2588    0.0086%   7.7413%
  [   319500,   320000)         2606    0.0087%   7.7500%
  [   320000,   320500)         2677    0.0089%   7.7589%
  [   320500,   321000)         2597    0.0087%   7.7676%
  [   321000,   321500)         2578    0.0086%   7.7762%
  [   321500,   322000)         2451    0.0082%   7.7843%
  [   322000,   322500)         2522    0.0084%   7.7928%
  [   322500,   323000)         2532    0.0084%   7.8012%
  [   323000,   323500)         2533    0.0084%   7.8096%
  [   323500,   324000)         2534    0.0084%   7.8181%
  [   324000,   324500)         2636    0.0088%   7.8269%
  [   324500,   325000)         2513    0.0084%   7.8352%
  [   325000,   325500)         2601    0.0087%   7.8439%
  [   325500,   326000)         2583    0.0086%   7.8525%
  [   326000,   326500)         2537    0.0085%   7.8610%
  [   326500,   327000)         2553    0.0085%   7.8695%
  [   327000,   327500)         2500    0.0083%   7.8778%
  [   327500,   328000)         2638    0.0088%   7.8866%
  [   328000,   328500)         2600    0.0087%   7.8953%
  [   328500,   329000)         2600    0.0087%   7.9040%
  [   329000,   329500)         2540    0.0085%   7.9124%
  [   329500,   330000)         2593    0.0086%   7.9211%
  [   330000,   330500)         2467    0.0082%   7.9293%
  [   330500,   331000)         2519    0.0084%   7.9377%
  [   331000,   331500)         2457    0.0082%   7.9459%
  [   331500,   332000)         2479    0.0083%   7.9541%
  [   332000,   332500)         2581    0.0086%   7.9627%
  [   332500,   333000)         2542    0.0085%   7.9712%
  [   333000,   333500)         2504    0.0083%   7.9796%
  [   333500,   334000)         2481    0.0083%   7.9878%
  [   334000,   334500)         2606    0.0087%   7.9965%
  [   334500,   335000)         2432    0.0081%   8.0046%
  [   335000,   335500)         2502    0.0083%   8.0130%
  [   335500,   336000)         2529    0.0084%   8.0214%
  [   336000,   336500)         2490    0.0083%   8.0297%
  [   336500,   337000)         2505    0.0084%   8.0380%
  [   337000,   337500)         2538    0.0085%   8.0465%
  [   337500,   338000)         2501    0.0083%   8.0548%
  [   338000,   338500)         2482    0.0083%   8.0631%
  [   338500,   339000)         2582    0.0086%   8.0717%
  [   339000,   339500)         2499    0.0083%   8.0800%
  [   339500,   340000)         2406    0.0080%   8.0881%
  [   340000,   340500)         2525    0.0084%   8.0965%
  [   340500,   341000)         2528    0.0084%   8.1049%
  [   341000,   341500)         2475    0.0083%   8.1132%
  [   341500,   342000)         2575    0.0086%   8.1217%
  [   342000,   342500)         2399    0.0080%   8.1297%
  [   342500,   343000)         2587    0.0086%   8.1384%
  [   343000,   343500)         2543    0.0085%   8.1468%
  [   343500,   344000)         2515    0.0084%   8.1552%
  [   344000,   344500)         2448    0.0082%   8.1634%
  [   344500,   345000)         2561    0.0085%   8.1719%
  [   345000,   345500)         2605    0.0087%   8.1806%
  [   345500,   346000)         2471    0.0082%   8.1888%
  [   346000,   346500)         2547    0.0085%   8.1973%
  [   346500,   347000)         2461    0.0082%   8.2055%
  [   347000,   347500)         2530    0.0084%   8.2140%
  [   347500,   348000)         2509    0.0084%   8.2223%
  [   348000,   348500)         2521    0.0084%   8.2307%
  [   348500,   349000)         2456    0.0082%   8.2389%
  [   349000,   349500)         2476    0.0083%   8.2472%
  [   349500,   350000)         2447    0.0082%   8.2553%
  [   350000,   350500)         2465    0.0082%   8.2635%
  [   350500,   351000)         2417    0.0081%   8.2716%
  [   351000,   351500)         2508    0.0084%   8.2800%
  [   351500,   352000)         2357    0.0079%   8.2878%
  [   352000,   352500)         2451    0.0082%   8.2960%
  [   352500,   353000)         2538    0.0085%   8.3045%
  [   353000,   353500)         2441    0.0081%   8.3126%
  [   353500,   354000)         2481    0.0083%   8.3209%
  [   354000,   354500)         2537    0.0085%   8.3293%
  [   354500,   355000)         2416    0.0081%   8.3374%
  [   355000,   355500)         2557    0.0085%   8.3459%
  [   355500,   356000)         2545    0.0085%   8.3544%
  [   356000,   356500)         2533    0.0084%   8.3628%
  [   356500,   357000)         2505    0.0084%   8.3712%
  [   357000,   357500)         2426    0.0081%   8.3793%
  [   357500,   358000)         2430    0.0081%   8.3874%
  [   358000,   358500)         2467    0.0082%   8.3956%
  [   358500,   359000)         2450    0.0082%   8.4037%
  [   359000,   359500)         2475    0.0083%   8.4120%
  [   359500,   360000)         2487    0.0083%   8.4203%
  [   360000,   360500)         2476    0.0083%   8.4285%
  [   360500,   361000)         2580    0.0086%   8.4371%
  [   361000,   361500)         2496    0.0083%   8.4455%
  [   361500,   362000)         2469    0.0082%   8.4537%
  [   362000,   362500)         2467    0.0082%   8.4619%
  [   362500,   363000)         2490    0.0083%   8.4702%
  [   363000,   363500)         2418    0.0081%   8.4783%
  [   363500,   364000)         2440    0.0081%   8.4864%
  [   364000,   364500)         2424    0.0081%   8.4945%
  [   364500,   365000)         2453    0.0082%   8.5027%
  [   365000,   365500)         2449    0.0082%   8.5108%
  [   365500,   366000)         2496    0.0083%   8.5191%
  [   366000,   366500)         2509    0.0084%   8.5275%
  [   366500,   367000)         2580    0.0086%   8.5361%
  [   367000,   367500)         2460    0.0082%   8.5443%
  [   367500,   368000)         2456    0.0082%   8.5525%
  [   368000,   368500)         2536    0.0085%   8.5610%
  [   368500,   369000)         2535    0.0085%   8.5694%
  [   369000,   369500)         2469    0.0082%   8.5776%
  [   369500,   370000)         2551    0.0085%   8.5861%
  [   370000,   370500)         2481    0.0083%   8.5944%
  [   370500,   371000)         2404    0.0080%   8.6024%
  [   371000,   371500)         2478    0.0083%   8.6107%
  [   371500,   372000)         2580    0.0086%   8.6193%
  [   372000,   372500)         2573    0.0086%   8.6279%
  [   372500,   373000)         2540    0.0085%   8.6363%
  [   373000,   373500)         2518    0.0084%   8.6447%
  [   373500,   374000)         2469    0.0082%   8.6529%
  [   374000,   374500)         2482    0.0083%   8.6612%
  [   374500,   375000)         2492    0.0083%   8.6695%
  [   375000,   375500)         2481    0.0083%   8.6778%
  [   375500,   376000)         2515    0.0084%   8.6862%
  [   376000,   376500)         2454    0.0082%   8.6944%
  [   376500,   377000)         2509    0.0084%   8.7027%
  [   377000,   377500)         2554    0.0085%   8.7112%
  [   377500,   378000)         2544    0.0085%   8.7197%
  [   378000,   378500)         2446    0.0082%   8.7279%
  [   378500,   379000)         2520    0.0084%   8.7363%
  [   379000,   379500)         2548    0.0085%   8.7448%
  [   379500,   380000)         2543    0.0085%   8.7532%
  [   380000,   380500)         2518    0.0084%   8.7616%
  [   380500,   381000)         2463    0.0082%   8.7698%
  [   381000,   381500)         2482    0.0083%   8.7781%
  [   381500,   382000)         2543    0.0085%   8.7866%
  [   382000,   382500)         2589    0.0086%   8.7952%
  [   382500,   383000)         2433    0.0081%   8.8033%
  [   383000,   383500)         2443    0.0081%   8.8115%
  [   383500,   384000)         2606    0.0087%   8.8202%
  [   384000,   384500)         2429    0.0081%   8.8283%
  [   384500,   385000)         2512    0.0084%   8.8366%
  [   385000,   385500)         2542    0.0085%   8.8451%
  [   385500,   386000)         2497    0.0083%   8.8534%
  [   386000,   386500)         2468    0.0082%   8.8617%
  [   386500,   387000)         2532    0.0084%   8.8701%
  [   387000,   387500)         2486    0.0083%   8.8784%
  [   387500,   388000)         2510    0.0084%   8.8867%
  [   388000,   388500)         2509    0.0084%   8.8951%
  [   388500,   389000)         2489    0.0083%   8.9034%
  [   389000,   389500)         2481    0.0083%   8.9117%
  [   389500,   390000)         2477    0.0083%   8.9199%
  [   390000,   390500)         2516    0.0084%   8.9283%
  [   390500,   391000)         2541    0.0085%   8.9368%
  [   391000,   391500)         2527    0.0084%   8.9452%
  [   391500,   392000)         2505    0.0084%   8.9536%
  [   392000,   392500)         2499    0.0083%   8.9619%
  [   392500,   393000)         2582    0.0086%   8.9705%
  [   393000,   393500)         2548    0.0085%   8.9790%
  [   393500,   394000)         2528    0.0084%   8.9874%
  [   394000,   394500)         2539    0.0085%   8.9959%
  [   394500,   395000)         2538    0.0085%   9.0043%
  [   395000,   395500)         2524    0.0084%   9.0128%
  [   395500,   396000)         2511    0.0084%   9.0211%
  [   396000,   396500)         2513    0.0084%   9.0295%
  [   396500,   397000)         2596    0.0087%   9.0382%
  [   397000,   397500)         2532    0.0084%   9.0466%
  [   397500,   398000)         2571    0.0086%   9.0552%
  [   398000,   398500)         2627    0.0088%   9.0639%
  [   398500,   399000)         2592    0.0086%   9.0726%
  [   399000,   399500)         2581    0.0086%   9.0812%
  [   399500,   400000)         2504    0.0083%   9.0895%
  [   400000,   400500)         2566    0.0086%   9.0981%
  [   400500,   401000)         2542    0.0085%   9.1065%
  [   401000,   401500)         2590    0.0086%   9.1152%
  [   401500,   402000)         2561    0.0085%   9.1237%
  [   402000,   402500)         2581    0.0086%   9.1323%
  [   402500,   403000)         2512    0.0084%   9.1407%
  [   403000,   403500)         2581    0.0086%   9.1493%
  [   403500,   404000)         2624    0.0087%   9.1580%
  [   404000,   404500)         2594    0.0086%   9.1667%
  [   404500,   405000)         2557    0.0085%   9.1752%
  [   405000,   405500)         2646    0.0088%   9.1840%
  [   405500,   406000)         2563    0.0085%   9.1926%
  [   406000,   406500)         2579    0.0086%   9.2012%
  [   406500,   407000)         2574    0.0086%   9.2097%
  [   407000,   407500)         2594    0.0086%   9.2184%
  [   407500,   408000)         2602    0.0087%   9.2271%
  [   408000,   408500)         2590    0.0086%   9.2357%
  [   408500,   409000)         2597    0.0087%   9.2444%
  [   409000,   409500)         2572    0.0086%   9.2529%
  [   409500,   410000)         2680    0.0089%   9.2619%
  [   410000,   410500)         2638    0.0088%   9.2707%
  [   410500,   411000)         2534    0.0084%   9.2791%
  [   411000,   411500)         2564    0.0085%   9.2877%
  [   411500,   412000)         2655    0.0089%   9.2965%
  [   412000,   412500)         2506    0.0084%   9.3049%
  [   412500,   413000)         2565    0.0086%   9.3134%
  [   413000,   413500)         2668    0.0089%   9.3223%
  [   413500,   414000)         2560    0.0085%   9.3308%
  [   414000,   414500)         2547    0.0085%   9.3393%
  [   414500,   415000)         2702    0.0090%   9.3483%
  [   415000,   415500)         2707    0.0090%   9.3574%
  [   415500,   416000)         2601    0.0087%   9.3660%
  [   416000,   416500)         2604    0.0087%   9.3747%
  [   416500,   417000)         2584    0.0086%   9.3833%
  [   417000,   417500)         2645    0.0088%   9.3921%
  [   417500,   418000)         2582    0.0086%   9.4007%
  [   418000,   418500)         2657    0.0089%   9.4096%
  [   418500,   419000)         2639    0.0088%   9.4184%
  [   419000,   419500)         2622    0.0087%   9.4271%
  [   419500,   420000)         2609    0.0087%   9.4358%
  [   420000,   420500)         2531    0.0084%   9.4443%
  [   420500,   421000)         2683    0.0089%   9.4532%
  [   421000,   421500)         2625    0.0088%   9.4620%
  [   421500,   422000)         2710    0.0090%   9.4710%
  [   422000,   422500)         2687    0.0090%   9.4799%
  [   422500,   423000)         2639    0.0088%   9.4887%
  [   423000,   423500)         2665    0.0089%   9.4976%
  [   423500,   424000)         2668    0.0089%   9.5065%
  [   424000,   424500)         2696    0.0090%   9.5155%
  [   424500,   425000)         2643    0.0088%   9.5243%
  [   425000,   425500)         2675    0.0089%   9.5332%
  [   425500,   426000)         2745    0.0092%   9.5424%
  [   426000,   426500)         2659    0.0089%   9.5512%
  [   426500,   427000)         2700    0.0090%   9.5602%
  [   427000,   427500)         2659    0.0089%   9.5691%
  [   427500,   428000)         2715    0.0091%   9.5782%
  [   428000,   428500)         2703    0.0090%   9.5872%
  [   428500,   429000)         2732    0.0091%   9.5963%
  [   429000,   429500)         2684    0.0089%   9.6052%
  [   429500,   430000)         2685    0.0090%   9.6142%
  [   430000,   430500)         2663    0.0089%   9.6231%
  [   430500,   431000)         2597    0.0087%   9.6317%
  [   431000,   431500)         2731    0.0091%   9.6408%
  [   431500,   432000)         2719    0.0091%   9.6499%
  [   432000,   432500)         2678    0.0089%   9.6588%
  [   432500,   433000)         2745    0.0092%   9.6680%
  [   433000,   433500)         2738    0.0091%   9.6771%
  [   433500,   434000)         2740    0.0091%   9.6862%
  [   434000,   434500)         2699    0.0090%   9.6952%
  [   434500,   435000)         2786    0.0093%   9.7045%
  [   435000,   435500)         2765    0.0092%   9.7137%
  [   435500,   436000)         2786    0.0093%   9.7230%
  [   436000,   436500)         2776    0.0093%   9.7323%
  [   436500,   437000)         2827    0.0094%   9.7417%
  [   437000,   437500)         2780    0.0093%   9.7509%
  [   437500,   438000)         2780    0.0093%   9.7602%
  [   438000,   438500)         2716    0.0091%   9.7693%
  [   438500,   439000)         2720    0.0091%   9.7783%
  [   439000,   439500)         2747    0.0092%   9.7875%
  [   439500,   440000)         2791    0.0093%   9.7968%
  [   440000,   440500)         2826    0.0094%   9.8062%
  [   440500,   441000)         2826    0.0094%   9.8156%
  [   441000,   441500)         2792    0.0093%   9.8249%
  [   441500,   442000)         2766    0.0092%   9.8342%
  [   442000,   442500)         2810    0.0094%   9.8435%
  [   442500,   443000)         2846    0.0095%   9.8530%
  [   443000,   443500)         2773    0.0092%   9.8623%
  [   443500,   444000)         2763    0.0092%   9.8715%
  [   444000,   444500)         2881    0.0096%   9.8811%
  [   444500,   445000)         2794    0.0093%   9.8904%
  [   445000,   445500)         2673    0.0089%   9.8993%
  [   445500,   446000)         2829    0.0094%   9.9087%
  [   446000,   446500)         2725    0.0091%   9.9178%
  [   446500,   447000)         2923    0.0097%   9.9275%
  [   447000,   447500)         2891    0.0096%   9.9372%
  [   447500,   448000)         2940    0.0098%   9.9470%
  [   448000,   448500)         2928    0.0098%   9.9567%
  [   448500,   449000)         2963    0.0099%   9.9666%
  [   449000,   449500)         2942    0.0098%   9.9764%
  [   449500,   450000)         2876    0.0096%   9.9860%
  [   450000,   450500)         2885    0.0096%   9.9956%
  [   450500,   451000)         2905    0.0097%  10.0053%
  [   451000,   451500)         2796    0.0093%  10.0146%
  [   451500,   452000)         2887    0.0096%  10.0243%
  [   452000,   452500)         2899    0.0097%  10.0339%
  [   452500,   453000)         2845    0.0095%  10.0434%
  [   453000,   453500)         2908    0.0097%  10.0531%
  [   453500,   454000)         2857    0.0095%  10.0626%
  [   454000,   454500)         2964    0.0099%  10.0725%
  [   454500,   455000)         2857    0.0095%  10.0820%
  [   455000,   455500)         2992    0.0100%  10.0920%
  [   455500,   456000)         2886    0.0096%  10.1016%
  [   456000,   456500)         2858    0.0095%  10.1111%
  [   456500,   457000)         2989    0.0100%  10.1211%
  [   457000,   457500)         2965    0.0099%  10.1310%
  [   457500,   458000)         2953    0.0098%  10.1408%
  [   458000,   458500)         2924    0.0097%  10.1506%
  [   458500,   459000)         2932    0.0098%  10.1604%
  [   459000,   459500)         2874    0.0096%  10.1699%
  [   459500,   460000)         2907    0.0097%  10.1796%
  [   460000,   460500)         2995    0.0100%  10.1896%
  [   460500,   461000)         2973    0.0099%  10.1995%
  [   461000,   461500)         2866    0.0096%  10.2091%
  [   461500,   462000)         3026    0.0101%  10.2192%
  [   462000,   462500)         3050    0.0102%  10.2293%
  [   462500,   463000)         3090    0.0103%  10.2396%
  [   463000,   463500)         2982    0.0099%  10.2496%
  [   463500,   464000)         3005    0.0100%  10.2596%
  [   464000,   464500)         2972    0.0099%  10.2695%
  [   464500,   465000)         2931    0.0098%  10.2793%
  [   465000,   465500)         3026    0.0101%  10.2893%
  [   465500,   466000)         3079    0.0103%  10.2996%
  [   466000,   466500)         2965    0.0099%  10.3095%
  [   466500,   467000)         2910    0.0097%  10.3192%
  [   467000,   467500)         3069    0.0102%  10.3294%
  [   467500,   468000)         3062    0.0102%  10.3396%
  [   468000,   468500)         3172    0.0106%  10.3502%
  [   468500,   469000)         3221    0.0107%  10.3609%
  [   469000,   469500)         3084    0.0103%  10.3712%
  [   469500,   470000)         3109    0.0104%  10.3816%
  [   470000,   470500)         3076    0.0103%  10.3918%
  [   470500,   471000)         3210    0.0107%  10.4025%
  [   471000,   471500)         3156    0.0105%  10.4131%
  [   471500,   472000)         3084    0.0103%  10.4233%
  [   472000,   472500)         3137    0.0105%  10.4338%
  [   472500,   473000)         3161    0.0105%  10.4443%
  [   473000,   473500)         3258    0.0109%  10.4552%
  [   473500,   474000)         3235    0.0108%  10.4660%
  [   474000,   474500)         3250    0.0108%  10.4768%
  [   474500,   475000)         3177    0.0106%  10.4874%
  [   475000,   475500)         3251    0.0108%  10.4982%
  [   475500,   476000)         3106    0.0104%  10.5086%
  [   476000,   476500)         3217    0.0107%  10.5193%
  [   476500,   477000)         3229    0.0108%  10.5301%
  [   477000,   477500)         3272    0.0109%  10.5410%
  [   477500,   478000)         3219    0.0107%  10.5517%
  [   478000,   478500)         3200    0.0107%  10.5624%
  [   478500,   479000)         3306    0.0110%  10.5734%
  [   479000,   479500)         3256    0.0109%  10.5842%
  [   479500,   480000)         3252    0.0108%  10.5951%
  [   480000,   480500)         3352    0.0112%  10.6063%
  [   480500,   481000)         3260    0.0109%  10.6171%
  [   481000,   481500)         3264    0.0109%  10.6280%
  [   481500,   482000)         3360    0.0112%  10.6392%
  [   482000,   482500)         3296    0.0110%  10.6502%
  [   482500,   483000)         3361    0.0112%  10.6614%
  [   483000,   483500)         3342    0.0111%  10.6725%
  [   483500,   484000)         3302    0.0110%  10.6835%
  [   484000,   484500)         3393    0.0113%  10.6949%
  [   484500,   485000)         3314    0.0110%  10.7059%
  [   485000,   485500)         3386    0.0113%  10.7172%
  [   485500,   486000)         3333    0.0111%  10.7283%
  [   486000,   486500)         3430    0.0114%  10.7397%
  [   486500,   487000)         3378    0.0113%  10.7510%
  [   487000,   487500)         3430    0.0114%  10.7624%
  [   487500,   488000)         3492    0.0116%  10.7741%
  [   488000,   488500)         3421    0.0114%  10.7855%
  [   488500,   489000)         3611    0.0120%  10.7975%
  [   489000,   489500)         3501    0.0117%  10.8092%
  [   489500,   490000)         3421    0.0114%  10.8206%
  [   490000,   490500)         3486    0.0116%  10.8322%
  [   490500,   491000)         3509    0.0117%  10.8439%
  [   491000,   491500)         3517    0.0117%  10.8556%
  [   491500,   492000)         3502    0.0117%  10.8673%
  [   492000,   492500)         3596    0.0120%  10.8793%
  [   492500,   493000)         3527    0.0118%  10.8910%
  [   493000,   493500)         3598    0.0120%  10.9030%
  [   493500,   494000)         3565    0.0119%  10.9149%
  [   494000,   494500)         3557    0.0119%  10.9268%
  [   494500,   495000)         3564    0.0119%  10.9386%
  [   495000,   495500)         3604    0.0120%  10.9507%
  [   495500,   496000)         3648    0.0122%  10.9628%
  [   496000,   496500)         3600    0.0120%  10.9748%
  [   496500,   497000)         3779    0.0126%  10.9874%
  [   497000,   497500)         3691    0.0123%  10.9997%
  [   497500,   498000)         3733    0.0124%  11.0122%
  [   498000,   498500)         3720    0.0124%  11.0246%
  [   498500,   499000)         3746    0.0125%  11.0370%
  [   499000,   499500)         3839    0.0128%  11.0498%
  [   499500,   500000)         3812    0.0127%  11.0626%
  [   500000,   500500)         3767    0.0126%  11.0751%
  [   500500,   501000)         3916    0.0131%  11.0882%
  [   501000,   501500)         3812    0.0127%  11.1009%
  [   501500,   502000)         3860    0.0129%  11.1137%
  [   502000,   502500)         3837    0.0128%  11.1265%
  [   502500,   503000)         3913    0.0130%  11.1396%
  [   503000,   503500)         3803    0.0127%  11.1522%
  [   503500,   504000)         3894    0.0130%  11.1652%
  [   504000,   504500)         3888    0.0130%  11.1782%
  [   504500,   505000)         4097    0.0137%  11.1918%
  [   505000,   505500)         3941    0.0131%  11.2050%
  [   505500,   506000)         3939    0.0131%  11.2181%
  [   506000,   506500)         3868    0.0129%  11.2310%
  [   506500,   507000)         3999    0.0133%  11.2443%
  [   507000,   507500)         3925    0.0131%  11.2574%
  [   507500,   508000)         4095    0.0137%  11.2711%
  [   508000,   508500)         4165    0.0139%  11.2849%
  [   508500,   509000)         4039    0.0135%  11.2984%
  [   509000,   509500)         4162    0.0139%  11.3123%
  [   509500,   510000)         4136    0.0138%  11.3261%
  [   510000,   510500)         4297    0.0143%  11.3404%
  [   510500,   511000)         4201    0.0140%  11.3544%
  [   511000,   511500)         4209    0.0140%  11.3684%
  [   511500,   512000)         4255    0.0142%  11.3826%
  [   512000,   512500)         4159    0.0139%  11.3965%
  [   512500,   513000)         4220    0.0141%  11.4105%
  [   513000,   513500)         4410    0.0147%  11.4252%
  [   513500,   514000)         4254    0.0142%  11.4394%
  [   514000,   514500)         4163    0.0139%  11.4533%
  [   514500,   515000)         4435    0.0148%  11.4681%
  [   515000,   515500)         4538    0.0151%  11.4832%
  [   515500,   516000)         4275    0.0143%  11.4975%
  [   516000,   516500)         4475    0.0149%  11.5124%
  [   516500,   517000)         4450    0.0148%  11.5272%
  [   517000,   517500)         4276    0.0143%  11.5415%
  [   517500,   518000)         4560    0.0152%  11.5567%
  [   518000,   518500)         4533    0.0151%  11.5718%
  [   518500,   519000)         4510    0.0150%  11.5868%
  [   519000,   519500)         4492    0.0150%  11.6018%
  [   519500,   520000)         4689    0.0156%  11.6174%
  [   520000,   520500)         4587    0.0153%  11.6327%
  [   520500,   521000)         4625    0.0154%  11.6481%
  [   521000,   521500)         4655    0.0155%  11.6636%
  [   521500,   522000)         4667    0.0156%  11.6792%
  [   522000,   522500)         4744    0.0158%  11.6950%
  [   522500,   523000)         4810    0.0160%  11.7110%
  [   523000,   523500)         4857    0.0162%  11.7272%
  [   523500,   524000)         4818    0.0161%  11.7433%
  [   524000,   524500)         4765    0.0159%  11.7592%
  [   524500,   525000)         5008    0.0167%  11.7759%
  [   525000,   525500)         4842    0.0161%  11.7920%
  [   525500,   526000)         4891    0.0163%  11.8083%
  [   526000,   526500)         5118    0.0171%  11.8254%
  [   526500,   527000)         4929    0.0164%  11.8418%
  [   527000,   527500)         4982    0.0166%  11.8584%
  [   527500,   528000)         4950    0.0165%  11.8749%
  [   528000,   528500)         5162    0.0172%  11.8921%
  [   528500,   529000)         5153    0.0172%  11.9093%
  [   529000,   529500)         5141    0.0171%  11.9264%
  [   529500,   530000)         5292    0.0176%  11.9441%
  [   530000,   530500)         5276    0.0176%  11.9616%
  [   530500,   531000)         5317    0.0177%  11.9794%
  [   531000,   531500)         5259    0.0175%  11.9969%
  [   531500,   532000)         5195    0.0173%  12.0142%
  [   532000,   532500)         5332    0.0178%  12.0320%
  [   532500,   533000)         5348    0.0178%  12.0498%
  [   533000,   533500)         5402    0.0180%  12.0678%
  [   533500,   534000)         5421    0.0181%  12.0859%
  [   534000,   534500)         5437    0.0181%  12.1040%
  [   534500,   535000)         5496    0.0183%  12.1223%
  [   535000,   535500)         5554    0.0185%  12.1409%
  [   535500,   536000)         5546    0.0185%  12.1593%
  [   536000,   536500)         5706    0.0190%  12.1784%
  [   536500,   537000)         5740    0.0191%  12.1975%
  [   537000,   537500)         5767    0.0192%  12.2167%
  [   537500,   538000)         5680    0.0189%  12.2356%
  [   538000,   538500)         5785    0.0193%  12.2549%
  [   538500,   539000)         5879    0.0196%  12.2745%
  [   539000,   539500)         5842    0.0195%  12.2940%
  [   539500,   540000)         5896    0.0197%  12.3137%
  [   540000,   540500)         5920    0.0197%  12.3334%
  [   540500,   541000)         5877    0.0196%  12.3530%
  [   541000,   541500)         6073    0.0202%  12.3732%
  [   541500,   542000)         6168    0.0206%  12.3938%
  [   542000,   542500)         6177    0.0206%  12.4144%
  [   542500,   543000)         6227    0.0208%  12.4351%
  [   543000,   543500)         6237    0.0208%  12.4559%
  [   543500,   544000)         6203    0.0207%  12.4766%
  [   544000,   544500)         6339    0.0211%  12.4977%
  [   544500,   545000)         6356    0.0212%  12.5189%
  [   545000,   545500)         6355    0.0212%  12.5401%
  [   545500,   546000)         6408    0.0214%  12.5615%
  [   546000,   546500)         6337    0.0211%  12.5826%
  [   546500,   547000)         6470    0.0216%  12.6041%
  [   547000,   547500)         6556    0.0219%  12.6260%
  [   547500,   548000)         6601    0.0220%  12.6480%
  [   548000,   548500)         6663    0.0222%  12.6702%
  [   548500,   549000)         6663    0.0222%  12.6924%
  [   549000,   549500)         6812    0.0227%  12.7151%
  [   549500,   550000)         6816    0.0227%  12.7378%
  [   550000,   550500)         6948    0.0232%  12.7610%
  [   550500,   551000)         6896    0.0230%  12.7840%
  [   551000,   551500)         6932    0.0231%  12.8071%
  [   551500,   552000)         6920    0.0231%  12.8302%
  [   552000,   552500)         7101    0.0237%  12.8538%
  [   552500,   553000)         7067    0.0236%  12.8774%
  [   553000,   553500)         7155    0.0239%  12.9012%
  [   553500,   554000)         7216    0.0241%  12.9253%
  [   554000,   554500)         7316    0.0244%  12.9497%
  [   554500,   555000)         7298    0.0243%  12.9740%
  [   555000,   555500)         7461    0.0249%  12.9989%
  [   555500,   556000)         7397    0.0247%  13.0235%
  [   556000,   556500)         7526    0.0251%  13.0486%
  [   556500,   557000)         7669    0.0256%  13.0742%
  [   557000,   557500)         7738    0.0258%  13.1000%
  [   557500,   558000)         7523    0.0251%  13.1251%
  [   558000,   558500)         7826    0.0261%  13.1511%
  [   558500,   559000)         7844    0.0261%  13.1773%
  [   559000,   559500)         7963    0.0265%  13.2038%
  [   559500,   560000)         7828    0.0261%  13.2299%
  [   560000,   560500)         8039    0.0268%  13.2567%
  [   560500,   561000)         8165    0.0272%  13.2839%
  [   561000,   561500)         8001    0.0267%  13.3106%
  [   561500,   562000)         8222    0.0274%  13.3380%
  [   562000,   562500)         8349    0.0278%  13.3658%
  [   562500,   563000)         8355    0.0279%  13.3937%
  [   563000,   563500)         8412    0.0280%  13.4217%
  [   563500,   564000)         8390    0.0280%  13.4497%
  [   564000,   564500)         8540    0.0285%  13.4782%
  [   564500,   565000)         8607    0.0287%  13.5069%
  [   565000,   565500)         8660    0.0289%  13.5357%
  [   565500,   566000)         8727    0.0291%  13.5648%
  [   566000,   566500)         8807    0.0294%  13.5942%
  [   566500,   567000)         8817    0.0294%  13.6236%
  [   567000,   567500)         8889    0.0296%  13.6532%
  [   567500,   568000)         8992    0.0300%  13.6832%
  [   568000,   568500)         9212    0.0307%  13.7139%
  [   568500,   569000)         9107    0.0304%  13.7442%
  [   569000,   569500)         9226    0.0308%  13.7750%
  [   569500,   570000)         9366    0.0312%  13.8062%
  [   570000,   570500)         9298    0.0310%  13.8372%
  [   570500,   571000)         9518    0.0317%  13.8689%
  [   571000,   571500)         9472    0.0316%  13.9005%
  [   571500,   572000)         9520    0.0317%  13.9322%
  [   572000,   572500)         9650    0.0322%  13.9644%
  [   572500,   573000)         9755    0.0325%  13.9969%
  [   573000,   573500)         9844    0.0328%  14.0297%
  [   573500,   574000)         9923    0.0331%  14.0628%
  [   574000,   574500)         9972    0.0332%  14.0960%
  [   574500,   575000)        10073    0.0336%  14.1296%
  [   575000,   575500)        10074    0.0336%  14.1632%
  [   575500,   576000)        10139    0.0338%  14.1970%
  [   576000,   576500)        10218    0.0341%  14.2311%
  [   576500,   577000)        10086    0.0336%  14.2647%
  [   577000,   577500)        10558    0.0352%  14.2999%
  [   577500,   578000)        10579    0.0353%  14.3351%
  [   578000,   578500)        10820    0.0361%  14.3712%
  [   578500,   579000)        10765    0.0359%  14.4071%
  [   579000,   579500)        10768    0.0359%  14.4430%
  [   579500,   580000)        10969    0.0366%  14.4795%
  [   580000,   580500)        10978    0.0366%  14.5161%
  [   580500,   581000)        11096    0.0370%  14.5531%
  [   581000,   581500)        11182    0.0373%  14.5904%
  [   581500,   582000)        11210    0.0374%  14.6278%
  [   582000,   582500)        11198    0.0373%  14.6651%
  [   582500,   583000)        11542    0.0385%  14.7036%
  [   583000,   583500)        11598    0.0387%  14.7422%
  [   583500,   584000)        11814    0.0394%  14.7816%
  [   584000,   584500)        11706    0.0390%  14.8206%
  [   584500,   585000)        11735    0.0391%  14.8597%
  [   585000,   585500)        11925    0.0398%  14.8995%
  [   585500,   586000)        11973    0.0399%  14.9394%
  [   586000,   586500)        12246    0.0408%  14.9802%
  [   586500,   587000)        12191    0.0406%  15.0209%
  [   587000,   587500)        12305    0.0410%  15.0619%
  [   587500,   588000)        12454    0.0415%  15.1034%
  [   588000,   588500)        12603    0.0420%  15.1454%
  [   588500,   589000)        12691    0.0423%  15.1877%
  [   589000,   589500)        12774    0.0426%  15.2303%
  [   589500,   590000)        12550    0.0418%  15.2721%
  [   590000,   590500)        12806    0.0427%  15.3148%
  [   590500,   591000)        12848    0.0428%  15.3576%
  [   591000,   591500)        13120    0.0437%  15.4014%
  [   591500,   592000)        13145    0.0438%  15.4452%
  [   592000,   592500)        13183    0.0439%  15.4891%
  [   592500,   593000)        13611    0.0454%  15.5345%
  [   593000,   593500)        13369    0.0446%  15.5791%
  [   593500,   594000)        13998    0.0467%  15.6257%
  [   594000,   594500)        13853    0.0462%  15.6719%
  [   594500,   595000)        13693    0.0456%  15.7175%
  [   595000,   595500)        13999    0.0467%  15.7642%
  [   595500,   596000)        14309    0.0477%  15.8119%
  [   596000,   596500)        14355    0.0479%  15.8597%
  [   596500,   597000)        14216    0.0474%  15.9071%
  [   597000,   597500)        14518    0.0484%  15.9555%
  [   597500,   598000)        14520    0.0484%  16.0039%
  [   598000,   598500)        14613    0.0487%  16.0526%
  [   598500,   599000)        14877    0.0496%  16.1022%
  [   599000,   599500)        14703    0.0490%  16.1512%
  [   599500,   600000)        15171    0.0506%  16.2018%
  [   600000,   600500)        15024    0.0501%  16.2519%
  [   600500,   601000)        15287    0.0510%  16.3028%
  [   601000,   601500)        15518    0.0517%  16.3546%
  [   601500,   602000)        15638    0.0521%  16.4067%
  [   602000,   602500)        15571    0.0519%  16.4586%
  [   602500,   603000)        15635    0.0521%  16.5107%
  [   603000,   603500)        15728    0.0524%  16.5631%
  [   603500,   604000)        15915    0.0531%  16.6162%
  [   604000,   604500)        15846    0.0528%  16.6690%
  [   604500,   605000)        16150    0.0538%  16.7228%
  [   605000,   605500)        16197    0.0540%  16.7768%
  [   605500,   606000)        16391    0.0546%  16.8315%
  [   606000,   606500)        16310    0.0544%  16.8858%
  [   606500,   607000)        16636    0.0555%  16.9413%
  [   607000,   607500)        16879    0.0563%  16.9976%
  [   607500,   608000)        17064    0.0569%  17.0544%
  [   608000,   608500)        17219    0.0574%  17.1118%
  [   608500,   609000)        17073    0.0569%  17.1687%
  [   609000,   609500)        17358    0.0579%  17.2266%
  [   609500,   610000)        17372    0.0579%  17.2845%
  [   610000,   610500)        18051    0.0602%  17.3447%
  [   610500,   611000)        17736    0.0591%  17.4038%
  [   611000,   611500)        18018    0.0601%  17.4639%
  [   611500,   612000)        18044    0.0601%  17.5240%
  [   612000,   612500)        18060    0.0602%  17.5842%
  [   612500,   613000)        18381    0.0613%  17.6455%
  [   613000,   613500)        18701    0.0623%  17.7078%
  [   613500,   614000)        18407    0.0614%  17.7692%
  [   614000,   614500)        18664    0.0622%  17.8314%
  [   614500,   615000)        18579    0.0619%  17.8933%
  [   615000,   615500)        18903    0.0630%  17.9563%
  [   615500,   616000)        19176    0.0639%  18.0202%
  [   616000,   616500)        19187    0.0640%  18.0842%
  [   616500,   617000)        19177    0.0639%  18.1481%
  [   617000,   617500)        19591    0.0653%  18.2134%
  [   617500,   618000)        19765    0.0659%  18.2793%
  [   618000,   618500)        19683    0.0656%  18.3449%
  [   618500,   619000)        19825    0.0661%  18.4110%
  [   619000,   619500)        20056    0.0669%  18.4779%
  [   619500,   620000)        20099    0.0670%  18.5449%
  [   620000,   620500)        20113    0.0670%  18.6119%
  [   620500,   621000)        20406    0.0680%  18.6799%
  [   621000,   621500)        20607    0.0687%  18.7486%
  [   621500,   622000)        21001    0.0700%  18.8186%
  [   622000,   622500)        21038    0.0701%  18.8887%
  [   622500,   623000)        21365    0.0712%  18.9600%
  [   623000,   623500)        21304    0.0710%  19.0310%
  [   623500,   624000)        21285    0.0710%  19.1019%
  [   624000,   624500)        21537    0.0718%  19.1737%
  [   624500,   625000)        22019    0.0734%  19.2471%
  [   625000,   625500)        22078    0.0736%  19.3207%
  [   625500,   626000)        22162    0.0739%  19.3946%
  [   626000,   626500)        22345    0.0745%  19.4691%
  [   626500,   627000)        22538    0.0751%  19.5442%
  [   627000,   627500)        22434    0.0748%  19.6190%
  [   627500,   628000)        22606    0.0754%  19.6943%
  [   628000,   628500)        22893    0.0763%  19.7706%
  [   628500,   629000)        22670    0.0756%  19.8462%
  [   629000,   629500)        23181    0.0773%  19.9235%
  [   629500,   630000)        23454    0.0782%  20.0016%
  [   630000,   630500)        23357    0.0779%  20.0795%
  [   630500,   631000)        23605    0.0787%  20.1582%
  [   631000,   631500)        23918    0.0797%  20.2379%
  [   631500,   632000)        24086    0.0803%  20.3182%
  [   632000,   632500)        23867    0.0796%  20.3977%
  [   632500,   633000)        24479    0.0816%  20.4793%
  [   633000,   633500)        24459    0.0815%  20.5609%
  [   633500,   634000)        24468    0.0816%  20.6424%
  [   634000,   634500)        24710    0.0824%  20.7248%
  [   634500,   635000)        24737    0.0825%  20.8073%
  [   635000,   635500)        24882    0.0829%  20.8902%
  [   635500,   636000)        25025    0.0834%  20.9736%
  [   636000,   636500)        25447    0.0848%  21.0584%
  [   636500,   637000)        25772    0.0859%  21.1443%
  [   637000,   637500)        25605    0.0854%  21.2297%
  [   637500,   638000)        26034    0.0868%  21.3165%
  [   638000,   638500)        26059    0.0869%  21.4033%
  [   638500,   639000)        26220    0.0874%  21.4907%
  [   639000,   639500)        26242    0.0875%  21.5782%
  [   639500,   640000)        26353    0.0878%  21.6661%
  [   640000,   640500)        26732    0.0891%  21.7552%
  [   640500,   641000)        26716    0.0891%  21.8442%
  [   641000,   641500)        26957    0.0899%  21.9341%
  [   641500,   642000)        27120    0.0904%  22.0245%
  [   642000,   642500)        27485    0.0916%  22.1161%
  [   642500,   643000)        27208    0.0907%  22.2068%
  [   643000,   643500)        27785    0.0926%  22.2994%
  [   643500,   644000)        27780    0.0926%  22.3920%
  [   644000,   644500)        28015    0.0934%  22.4854%
  [   644500,   645000)        28358    0.0945%  22.5799%
  [   645000,   645500)        28126    0.0938%  22.6737%
  [   645500,   646000)        28667    0.0956%  22.7692%
  [   646000,   646500)        28620    0.0954%  22.8646%
  [   646500,   647000)        28996    0.0967%  22.9613%
  [   647000,   647500)        29153    0.0972%  23.0584%
  [   647500,   648000)        29350    0.0978%  23.1563%
  [   648000,   648500)        29712    0.0990%  23.2553%
  [   648500,   649000)        29622    0.0987%  23.3541%
  [   649000,   649500)        30148    0.1005%  23.4546%
  [   649500,   650000)        30211    0.1007%  23.5553%
  [   650000,   650500)        30126    0.1004%  23.6557%
  [   650500,   651000)        30330    0.1011%  23.7568%
  [   651000,   651500)        30415    0.1014%  23.8582%
  [   651500,   652000)        30738    0.1025%  23.9606%
  [   652000,   652500)        30935    0.1031%  24.0637%
  [   652500,   653000)        31095    0.1037%  24.1674%
  [   653000,   653500)        31345    0.1045%  24.2719%
  [   653500,   654000)        31327    0.1044%  24.3763%
  [   654000,   654500)        31442    0.1048%  24.4811%
  [   654500,   655000)        31801    0.1060%  24.5871%
  [   655000,   655500)        32150    0.1072%  24.6943%
  [   655500,   656000)        32141    0.1071%  24.8014%
  [   656000,   656500)        32353    0.1078%  24.9093%
  [   656500,   657000)        32526    0.1084%  25.0177%
  [   657000,   657500)        32712    0.1090%  25.1267%
  [   657500,   658000)        33091    0.1103%  25.2370%
  [   658000,   658500)        32863    0.1095%  25.3466%
  [   658500,   659000)        32905    0.1097%  25.4562%
  [   659000,   659500)        33683    0.1123%  25.5685%
  [   659500,   660000)        33729    0.1124%  25.6810%
  [   660000,   660500)        33430    0.1114%  25.7924%
  [   660500,   661000)        34008    0.1134%  25.9057%
  [   661000,   661500)        34118    0.1137%  26.0195%
  [   661500,   662000)        34136    0.1138%  26.1333%
  [   662000,   662500)        34105    0.1137%  26.2469%
  [   662500,   663000)        34640    0.1155%  26.3624%
  [   663000,   663500)        34849    0.1162%  26.4786%
  [   663500,   664000)        35266    0.1176%  26.5961%
  [   664000,   664500)        35564    0.1185%  26.7147%
  [   664500,   665000)        35090    0.1170%  26.8316%
  [   665000,   665500)        35418    0.1181%  26.9497%
  [   665500,   666000)        35809    0.1194%  27.0691%
  [   666000,   666500)        35756    0.1192%  27.1882%
  [   666500,   667000)        35941    0.1198%  27.3081%
  [   667000,   667500)        36075    0.1203%  27.4283%
  [   667500,   668000)        36069    0.1202%  27.5485%
  [   668000,   668500)        36673    0.1222%  27.6708%
  [   668500,   669000)        36891    0.1230%  27.7937%
  [   669000,   669500)        37096    0.1237%  27.9174%
  [   669500,   670000)        37333    0.1244%  28.0418%
  [   670000,   670500)        37525    0.1251%  28.1669%
  [   670500,   671000)        37588    0.1253%  28.2922%
  [   671000,   671500)        37511    0.1250%  28.4173%
  [   671500,   672000)        37709    0.1257%  28.5430%
  [   672000,   672500)        38120    0.1271%  28.6700%
  [   672500,   673000)        38076    0.1269%  28.7969%
  [   673000,   673500)        38106    0.1270%  28.9240%
  [   673500,   674000)        38263    0.1275%  29.0515%
  [   674000,   674500)        38384    0.1279%  29.1794%
  [   674500,   675000)        38755    0.1292%  29.3086%
  [   675000,   675500)        38859    0.1295%  29.4382%
  [   675500,   676000)        39126    0.1304%  29.5686%
  [   676000,   676500)        39084    0.1303%  29.6989%
  [   676500,   677000)        39428    0.1314%  29.8303%
  [   677000,   677500)        39341    0.1311%  29.9614%
  [   677500,   678000)        39602    0.1320%  30.0934%
  [   678000,   678500)        39621    0.1321%  30.2255%
  [   678500,   679000)        40084    0.1336%  30.3591%
  [   679000,   679500)        40254    0.1342%  30.4933%
  [   679500,   680000)        40241    0.1341%  30.6274%
  [   680000,   680500)        40616    0.1354%  30.7628%
  [   680500,   681000)        40782    0.1359%  30.8988%
  [   681000,   681500)        41226    0.1374%  31.0362%
  [   681500,   682000)        41090    0.1370%  31.1731%
  [   682000,   682500)        41273    0.1376%  31.3107%
  [   682500,   683000)        41217    0.1374%  31.4481%
  [   683000,   683500)        41339    0.1378%  31.5859%
  [   683500,   684000)        41405    0.1380%  31.7239%
  [   684000,   684500)        41501    0.1383%  31.8623%
  [   684500,   685000)        41670    0.1389%  32.0012%
  [   685000,   685500)        42267    0.1409%  32.1421%
  [   685500,   686000)        42379    0.1413%  32.2833%
  [   686000,   686500)        42423    0.1414%  32.4247%
  [   686500,   687000)        42721    0.1424%  32.5671%
  [   687000,   687500)        42967    0.1432%  32.7104%
  [   687500,   688000)        43380    0.1446%  32.8550%
  [   688000,   688500)        43157    0.1439%  32.9988%
  [   688500,   689000)        43000    0.1433%  33.1421%
  [   689000,   689500)        43354    0.1445%  33.2867%
  [   689500,   690000)        43597    0.1453%  33.4320%
  [   690000,   690500)        43768    0.1459%  33.5779%
  [   690500,   691000)        44098    0.1470%  33.7249%
  [   691000,   691500)        44026    0.1468%  33.8716%
  [   691500,   692000)        44412    0.1480%  34.0197%
  [   692000,   692500)        44481    0.1483%  34.1679%
  [   692500,   693000)        44556    0.1485%  34.3165%
  [   693000,   693500)        44546    0.1485%  34.4649%
  [   693500,   694000)        45140    0.1505%  34.6154%
  [   694000,   694500)        44804    0.1493%  34.7648%
  [   694500,   695000)        44803    0.1493%  34.9141%
  [   695000,   695500)        45287    0.1510%  35.0651%
  [   695500,   696000)        45043    0.1501%  35.2152%
  [   696000,   696500)        45670    0.1522%  35.3674%
  [   696500,   697000)        45746    0.1525%  35.5199%
  [   697000,   697500)        45678    0.1523%  35.6722%
  [   697500,   698000)        45866    0.1529%  35.8251%
  [   698000,   698500)        46005    0.1534%  35.9784%
  [   698500,   699000)        46176    0.1539%  36.1323%
  [   699000,   699500)        46395    0.1547%  36.2870%
  [   699500,   700000)        46083    0.1536%  36.4406%
  [   700000,   700500)        46348    0.1545%  36.5951%
  [   700500,   701000)        46140    0.1538%  36.7489%
  [   701000,   701500)        46371    0.1546%  36.9035%
  [   701500,   702000)        47065    0.1569%  37.0603%
  [   702000,   702500)        46946    0.1565%  37.2168%
  [   702500,   703000)        47398    0.1580%  37.3748%
  [   703000,   703500)        47436    0.1581%  37.5329%
  [   703500,   704000)        46816    0.1561%  37.6890%
  [   704000,   704500)        47713    0.1590%  37.8480%
  [   704500,   705000)        47808    0.1594%  38.0074%
  [   705000,   705500)        48155    0.1605%  38.1679%
  [   705500,   706000)        47522    0.1584%  38.3263%
  [   706000,   706500)        48197    0.1607%  38.4870%
  [   706500,   707000)        48367    0.1612%  38.6482%
  [   707000,   707500)        48185    0.1606%  38.8088%
  [   707500,   708000)        48344    0.1611%  38.9700%
  [   708000,   708500)        48237    0.1608%  39.1308%
  [   708500,   709000)        48730    0.1624%  39.2932%
  [   709000,   709500)        48631    0.1621%  39.4553%
  [   709500,   710000)        48450    0.1615%  39.6168%
  [   710000,   710500)        48638    0.1621%  39.7789%
  [   710500,   711000)        49188    0.1640%  39.9429%
  [   711000,   711500)        49029    0.1634%  40.1063%
  [   711500,   712000)        49056    0.1635%  40.2698%
  [   712000,   712500)        49287    0.1643%  40.4341%
  [   712500,   713000)        49352    0.1645%  40.5986%
  [   713000,   713500)        49186    0.1640%  40.7626%
  [   713500,   714000)        49620    0.1654%  40.9280%
  [   714000,   714500)        49459    0.1649%  41.0928%
  [   714500,   715000)        49380    0.1646%  41.2574%
  [   715000,   715500)        49727    0.1658%  41.4232%
  [   715500,   716000)        50046    0.1668%  41.5900%
  [   716000,   716500)        49844    0.1661%  41.7562%
  [   716500,   717000)        49993    0.1666%  41.9228%
  [   717000,   717500)        49912    0.1664%  42.0892%
  [   717500,   718000)        50316    0.1677%  42.2569%
  [   718000,   718500)        50771    0.1692%  42.4261%
  [   718500,   719000)        50741    0.1691%  42.5953%
  [   719000,   719500)        50483    0.1683%  42.7636%
  [   719500,   720000)        50472    0.1682%  42.9318%
  [   720000,   720500)        50964    0.1699%  43.1017%
  [   720500,   721000)        50447    0.1682%  43.2698%
  [   721000,   721500)        50312    0.1677%  43.4375%
  [   721500,   722000)        50912    0.1697%  43.6072%
  [   722000,   722500)        50980    0.1699%  43.7772%
  [   722500,   723000)        50568    0.1686%  43.9457%
  [   723000,   723500)        50766    0.1692%  44.1150%
  [   723500,   724000)        50987    0.1700%  44.2849%
  [   724000,   724500)        51595    0.1720%  44.4569%
  [   724500,   725000)        51058    0.1702%  44.6271%
  [   725000,   725500)        51121    0.1704%  44.7975%
  [   725500,   726000)        51212    0.1707%  44.9682%
  [   726000,   726500)        51532    0.1718%  45.1400%
  [   726500,   727000)        51411    0.1714%  45.3113%
  [   727000,   727500)        51243    0.1708%  45.4822%
  [   727500,   728000)        51818    0.1727%  45.6549%
  [   728000,   728500)        51624    0.1721%  45.8270%
  [   728500,   729000)        51839    0.1728%  45.9998%
  [   729000,   729500)        51591    0.1720%  46.1717%
  [   729500,   730000)        51612    0.1720%  46.3438%
  [   730000,   730500)        51416    0.1714%  46.5152%
  [   730500,   731000)        51591    0.1720%  46.6871%
  [   731000,   731500)        52000    0.1733%  46.8605%
  [   731500,   732000)        51926    0.1731%  47.0335%
  [   732000,   732500)        52210    0.1740%  47.2076%
  [   732500,   733000)        52244    0.1741%  47.3817%
  [   733000,   733500)        52263    0.1742%  47.5559%
  [   733500,   734000)        52190    0.1740%  47.7299%
  [   734000,   734500)        52119    0.1737%  47.9036%
  [   734500,   735000)        52687    0.1756%  48.0793%
  [   735000,   735500)        52349    0.1745%  48.2537%
  [   735500,   736000)        52389    0.1746%  48.4284%
  [   736000,   736500)        51663    0.1722%  48.6006%
  [   736500,   737000)        52340    0.1745%  48.7751%
  [   737000,   737500)        51973    0.1732%  48.9483%
  [   737500,   738000)        52401    0.1747%  49.1230%
  [   738000,   738500)        51986    0.1733%  49.2963%
  [   738500,   739000)        52464    0.1749%  49.4711%
  [   739000,   739500)        52396    0.1747%  49.6458%
  [   739500,   740000)        51946    0.1732%  49.8189%
  [   740000,   740500)        52179    0.1739%  49.9929%
  [   740500,   741000)        52601    0.1753%  50.1682%
  [   741000,   741500)        52848    0.1762%  50.3444%
  [   741500,   742000)        52462    0.1749%  50.5192%
  [   742000,   742500)        52648    0.1755%  50.6947%
  [   742500,   743000)        52627    0.1754%  50.8702%
  [   743000,   743500)        52599    0.1753%  51.0455%
  [   743500,   744000)        52806    0.1760%  51.2215%
  [   744000,   744500)        52520    0.1751%  51.3966%
  [   744500,   745000)        52892    0.1763%  51.5729%
  [   745000,   745500)        52642    0.1755%  51.7484%
  [   745500,   746000)        52603    0.1753%  51.9237%
  [   746000,   746500)        52738    0.1758%  52.0995%
  [   746500,   747000)        52707    0.1757%  52.2752%
  [   747000,   747500)        52338    0.1745%  52.4496%
  [   747500,   748000)        53012    0.1767%  52.6264%
  [   748000,   748500)        52161    0.1739%  52.8002%
  [   748500,   749000)        52250    0.1742%  52.9744%
  [   749000,   749500)        52647    0.1755%  53.1499%
  [   749500,   750000)        53025    0.1768%  53.3266%
  [   750000,   750500)        52576    0.1753%  53.5019%
  [   750500,   751000)        52334    0.1744%  53.6763%
  [   751000,   751500)        52709    0.1757%  53.8520%
  [   751500,   752000)        52489    0.1750%  54.0270%
  [   752000,   752500)        52374    0.1746%  54.2016%
  [   752500,   753000)        52763    0.1759%  54.3774%
  [   753000,   753500)        52556    0.1752%  54.5526%
  [   753500,   754000)        52510    0.1750%  54.7277%
  [   754000,   754500)        52089    0.1736%  54.9013%
  [   754500,   755000)        51876    0.1729%  55.0742%
  [   755000,   755500)        52622    0.1754%  55.2496%
  [   755500,   756000)        51968    0.1732%  55.4228%
  [   756000,   756500)        52550    0.1752%  55.5980%
  [   756500,   757000)        52215    0.1741%  55.7721%
  [   757000,   757500)        52344    0.1745%  55.9465%
  [   757500,   758000)        51932    0.1731%  56.1197%
  [   758000,   758500)        52305    0.1744%  56.2940%
  [   758500,   759000)        51709    0.1724%  56.4664%
  [   759000,   759500)        52151    0.1738%  56.6402%
  [   759500,   760000)        52206    0.1740%  56.8142%
  [   760000,   760500)        51808    0.1727%  56.9869%
  [   760500,   761000)        52182    0.1739%  57.1609%
  [   761000,   761500)        51733    0.1724%  57.3333%
  [   761500,   762000)        52062    0.1735%  57.5068%
  [   762000,   762500)        51951    0.1732%  57.6800%
  [   762500,   763000)        51406    0.1714%  57.8514%
  [   763000,   763500)        51584    0.1719%  58.0233%
  [   763500,   764000)        52006    0.1734%  58.1967%
  [   764000,   764500)        51753    0.1725%  58.3692%
  [   764500,   765000)        51865    0.1729%  58.5421%
  [   765000,   765500)        51246    0.1708%  58.7129%
  [   765500,   766000)        51444    0.1715%  58.8844%
  [   766000,   766500)        51513    0.1717%  59.0561%
  [   766500,   767000)        51303    0.1710%  59.2271%
  [   767000,   767500)        51053    0.1702%  59.3973%
  [   767500,   768000)        51572    0.1719%  59.5692%
  [   768000,   768500)        51134    0.1704%  59.7396%
  [   768500,   769000)        51385    0.1713%  59.9109%
  [   769000,   769500)        50885    0.1696%  60.0805%
  [   769500,   770000)        51092    0.1703%  60.2508%
  [   770000,   770500)        51056    0.1702%  60.4210%
  [   770500,   771000)        51072    0.1702%  60.5912%
  [   771000,   771500)        50637    0.1688%  60.7600%
  [   771500,   772000)        50814    0.1694%  60.9294%
  [   772000,   772500)        50790    0.1693%  61.0987%
  [   772500,   773000)        50722    0.1691%  61.2678%
  [   773000,   773500)        50751    0.1692%  61.4370%
  [   773500,   774000)        50991    0.1700%  61.6069%
  [   774000,   774500)        50695    0.1690%  61.7759%
  [   774500,   775000)        50357    0.1679%  61.9438%
  [   775000,   775500)        50176    0.1673%  62.1110%
  [   775500,   776000)        50558    0.1685%  62.2795%
  [   776000,   776500)        50397    0.1680%  62.4475%
  [   776500,   777000)        50013    0.1667%  62.6142%
  [   777000,   777500)        49294    0.1643%  62.7786%
  [   777500,   778000)        49988    0.1666%  62.9452%
  [   778000,   778500)        49733    0.1658%  63.1110%
  [   778500,   779000)        49601    0.1653%  63.2763%
  [   779000,   779500)        49524    0.1651%  63.4414%
  [   779500,   780000)        50279    0.1676%  63.6090%
  [   780000,   780500)        49408    0.1647%  63.7737%
  [   780500,   781000)        49405    0.1647%  63.9384%
  [   781000,   781500)        49402    0.1647%  64.1030%
  [   781500,   782000)        49548    0.1652%  64.2682%
  [   782000,   782500)        49278    0.1643%  64.4324%
  [   782500,   783000)        48341    0.1611%  64.5936%
  [   783000,   783500)        48705    0.1624%  64.7559%
  [   783500,   784000)        48675    0.1623%  64.9182%
  [   784000,   784500)        48365    0.1612%  65.0794%
  [   784500,   785000)        48700    0.1623%  65.2417%
  [   785000,   785500)        48375    0.1613%  65.4030%
  [   785500,   786000)        48485    0.1616%  65.5646%
  [   786000,   786500)        48738    0.1625%  65.7271%
  [   786500,   787000)        48539    0.1618%  65.8889%
  [   787000,   787500)        48031    0.1601%  66.0490%
  [   787500,   788000)        48039    0.1601%  66.2091%
  [   788000,   788500)        47985    0.1600%  66.3690%
  [   788500,   789000)        48106    0.1604%  66.5294%
  [   789000,   789500)        48063    0.1602%  66.6896%
  [   789500,   790000)        47861    0.1595%  66.8491%
  [   790000,   790500)        47859    0.1595%  67.0087%
  [   790500,   791000)        47618    0.1587%  67.1674%
  [   791000,   791500)        47337    0.1578%  67.3252%
  [   791500,   792000)        46833    0.1561%  67.4813%
  [   792000,   792500)        47447    0.1582%  67.6395%
  [   792500,   793000)        46963    0.1565%  67.7960%
  [   793000,   793500)        46893    0.1563%  67.9523%
  [   793500,   794000)        46767    0.1559%  68.1082%
  [   794000,   794500)        47019    0.1567%  68.2649%
  [   794500,   795000)        46363    0.1545%  68.4195%
  [   795000,   795500)        46553    0.1552%  68.5746%
  [   795500,   796000)        46306    0.1544%  68.7290%
  [   796000,   796500)        46310    0.1544%  68.8834%
  [   796500,   797000)        46470    0.1549%  69.0383%
  [   797000,   797500)        46859    0.1562%  69.1945%
  [   797500,   798000)        46042    0.1535%  69.3479%
  [   798000,   798500)        46335    0.1545%  69.5024%
  [   798500,   799000)        45782    0.1526%  69.6550%
  [   799000,   799500)        45639    0.1521%  69.8071%
  [   799500,   800000)        45246    0.1508%  69.9579%
  [   800000,   800500)        45495    0.1517%  70.1096%
  [   800500,   801000)        45367    0.1512%  70.2608%
  [   801000,   801500)        45053    0.1502%  70.4110%
  [   801500,   802000)        44900    0.1497%  70.5607%
  [   802000,   802500)        45306    0.1510%  70.7117%
  [   802500,   803000)        44892    0.1496%  70.8613%
  [   803000,   803500)        44867    0.1496%  71.0109%
  [   803500,   804000)        44580    0.1486%  71.1595%
  [   804000,   804500)        44197    0.1473%  71.3068%
  [   804500,   805000)        44325    0.1478%  71.4546%
  [   805000,   805500)        44194    0.1473%  71.6019%
  [   805500,   806000)        43823    0.1461%  71.7479%
  [   806000,   806500)        44218    0.1474%  71.8953%
  [   806500,   807000)        43746    0.1458%  72.0412%
  [   807000,   807500)        43656    0.1455%  72.1867%
  [   807500,   808000)        43401    0.1447%  72.3313%
  [   808000,   808500)        43327    0.1444%  72.4758%
  [   808500,   809000)        43430    0.1448%  72.6205%
  [   809000,   809500)        43290    0.1443%  72.7648%
  [   809500,   810000)        43260    0.1442%  72.9090%
  [   810000,   810500)        43346    0.1445%  73.0535%
  [   810500,   811000)        43044    0.1435%  73.1970%
  [   811000,   811500)        42999    0.1433%  73.3403%
  [   811500,   812000)        42969    0.1432%  73.4836%
  [   812000,   812500)        42426    0.1414%  73.6250%
  [   812500,   813000)        42578    0.1419%  73.7669%
  [   813000,   813500)        41899    0.1397%  73.9066%
  [   813500,   814000)        41946    0.1398%  74.0464%
  [   814000,   814500)        41911    0.1397%  74.1861%
  [   814500,   815000)        41808    0.1394%  74.3255%
  [   815000,   815500)        41584    0.1386%  74.4641%
  [   815500,   816000)        41310    0.1377%  74.6018%
  [   816000,   816500)        41593    0.1386%  74.7404%
  [   816500,   817000)        41547    0.1385%  74.8789%
  [   817000,   817500)        41261    0.1375%  75.0164%
  [   817500,   818000)        40735    0.1358%  75.1522%
  [   818000,   818500)        40947    0.1365%  75.2887%
  [   818500,   819000)        40845    0.1362%  75.4249%
  [   819000,   819500)        40490    0.1350%  75.5598%
  [   819500,   820000)        40566    0.1352%  75.6951%
  [   820000,   820500)        40364    0.1345%  75.8296%
  [   820500,   821000)        40725    0.1358%  75.9653%
  [   821000,   821500)        40184    0.1339%  76.0993%
  [   821500,   822000)        39967    0.1332%  76.2325%
  [   822000,   822500)        39581    0.1319%  76.3645%
  [   822500,   823000)        39824    0.1327%  76.4972%
  [   823000,   823500)        39451    0.1315%  76.6287%
  [   823500,   824000)        39452    0.1315%  76.7602%
  [   824000,   824500)        39028    0.1301%  76.8903%
  [   824500,   825000)        38987    0.1300%  77.0203%
  [   825000,   825500)        39153    0.1305%  77.1508%
  [   825500,   826000)        38988    0.1300%  77.2807%
  [   826000,   826500)        38789    0.1293%  77.4100%
  [   826500,   827000)        39039    0.1301%  77.5402%
  [   827000,   827500)        38745    0.1292%  77.6693%
  [   827500,   828000)        37985    0.1266%  77.7959%
  [   828000,   828500)        38112    0.1270%  77.9230%
  [   828500,   829000)        38395    0.1280%  78.0509%
  [   829000,   829500)        38419    0.1281%  78.1790%
  [   829500,   830000)        37659    0.1255%  78.3045%
  [   830000,   830500)        37613    0.1254%  78.4299%
  [   830500,   831000)        37241    0.1241%  78.5541%
  [   831000,   831500)        37630    0.1254%  78.6795%
  [   831500,   832000)        37102    0.1237%  78.8032%
  [   832000,   832500)        37185    0.1240%  78.9271%
  [   832500,   833000)        36803    0.1227%  79.0498%
  [   833000,   833500)        36551    0.1218%  79.1716%
  [   833500,   834000)        36546    0.1218%  79.2934%
  [   834000,   834500)        36493    0.1216%  79.4151%
  [   834500,   835000)        36115    0.1204%  79.5355%
  [   835000,   835500)        36525    0.1218%  79.6572%
  [   835500,   836000)        36267    0.1209%  79.7781%
  [   836000,   836500)        35966    0.1199%  79.8980%
  [   836500,   837000)        35634    0.1188%  80.0168%
  [   837000,   837500)        35823    0.1194%  80.1362%
  [   837500,   838000)        35532    0.1184%  80.2546%
  [   838000,   838500)        35279    0.1176%  80.3722%
  [   838500,   839000)        35504    0.1183%  80.4906%
  [   839000,   839500)        34889    0.1163%  80.6069%
  [   839500,   840000)        34574    0.1152%  80.7221%
  [   840000,   840500)        34730    0.1158%  80.8379%
  [   840500,   841000)        34682    0.1156%  80.9535%
  [   841000,   841500)        34599    0.1153%  81.0688%
  [   841500,   842000)        34460    0.1149%  81.1837%
  [   842000,   842500)        34308    0.1144%  81.2980%
  [   842500,   843000)        34193    0.1140%  81.4120%
  [   843000,   843500)        33939    0.1131%  81.5252%
  [   843500,   844000)        33978    0.1133%  81.6384%
  [   844000,   844500)        33875    0.1129%  81.7513%
  [   844500,   845000)        33785    0.1126%  81.8639%
  [   845000,   845500)        33161    0.1105%  81.9745%
  [   845500,   846000)        33315    0.1111%  82.0855%
  [   846000,   846500)        33107    0.1104%  82.1959%
  [   846500,   847000)        33040    0.1101%  82.3060%
  [   847000,   847500)        32924    0.1097%  82.4158%
  [   847500,   848000)        32413    0.1080%  82.5238%
  [   848000,   848500)        32720    0.1091%  82.6329%
  [   848500,   849000)        32282    0.1076%  82.7405%
  [   849000,   849500)        32224    0.1074%  82.8479%
  [   849500,   850000)        32239    0.1075%  82.9554%
  [   850000,   850500)        32182    0.1073%  83.0626%
  [   850500,   851000)        31681    0.1056%  83.1682%
  [   851000,   851500)        31890    0.1063%  83.2745%
  [   851500,   852000)        31663    0.1055%  83.3801%
  [   852000,   852500)        31751    0.1058%  83.4859%
  [   852500,   853000)        31334    0.1044%  83.5904%
  [   853000,   853500)        31321    0.1044%  83.6948%
  [   853500,   854000)        30845    0.1028%  83.7976%
  [   854000,   854500)        30941    0.1031%  83.9007%
  [   854500,   855000)        30745    0.1025%  84.0032%
  [   855000,   855500)        30605    0.1020%  84.1052%
  [   855500,   856000)        30436    0.1015%  84.2067%
  [   856000,   856500)        29982    0.0999%  84.3066%
  [   856500,   857000)        30405    0.1014%  84.4080%
  [   857000,   857500)        30027    0.1001%  84.5081%
  [   857500,   858000)        30209    0.1007%  84.6088%
  [   858000,   858500)        29749    0.0992%  84.7079%
  [   858500,   859000)        29784    0.0993%  84.8072%
  [   859000,   859500)        30018    0.1001%  84.9073%
  [   859500,   860000)        29554    0.0985%  85.0058%
  [   860000,   860500)        29282    0.0976%  85.1034%
  [   860500,   861000)        29042    0.0968%  85.2002%
  [   861000,   861500)        28889    0.0963%  85.2965%
  [   861500,   862000)        29173    0.0972%  85.3937%
  [   862000,   862500)        28561    0.0952%  85.4889%
  [   862500,   863000)        28685    0.0956%  85.5845%
  [   863000,   863500)        28479    0.0949%  85.6795%
  [   863500,   864000)        28256    0.0942%  85.7737%
  [   864000,   864500)        28040    0.0935%  85.8671%
  [   864500,   865000)        27909    0.0930%  85.9602%
  [   865000,   865500)        27928    0.0931%  86.0533%
  [   865500,   866000)        28103    0.0937%  86.1469%
  [   866000,   866500)        27480    0.0916%  86.2385%
  [   866500,   867000)        27365    0.0912%  86.3297%
  [   867000,   867500)        27361    0.0912%  86.4209%
  [   867500,   868000)        27574    0.0919%  86.5129%
  [   868000,   868500)        27335    0.0911%  86.6040%
  [   868500,   869000)        26908    0.0897%  86.6937%
  [   869000,   869500)        26539    0.0885%  86.7821%
  [   869500,   870000)        26583    0.0886%  86.8707%
  [   870000,   870500)        26342    0.0878%  86.9586%
  [   870500,   871000)        26608    0.0887%  87.0472%
  [   871000,   871500)        26684    0.0889%  87.1362%
  [   871500,   872000)        26249    0.0875%  87.2237%
  [   872000,   872500)        25993    0.0866%  87.3103%
  [   872500,   873000)        25942    0.0865%  87.3968%
  [   873000,   873500)        26110    0.0870%  87.4838%
  [   873500,   874000)        25779    0.0859%  87.5698%
  [   874000,   874500)        25688    0.0856%  87.6554%
  [   874500,   875000)        25548    0.0852%  87.7406%
  [   875000,   875500)        25525    0.0851%  87.8256%
  [   875500,   876000)        25169    0.0839%  87.9095%
  [   876000,   876500)        24981    0.0833%  87.9928%
  [   876500,   877000)        24979    0.0833%  88.0761%
  [   877000,   877500)        24869    0.0829%  88.1590%
  [   877500,   878000)        24690    0.0823%  88.2413%
  [   878000,   878500)        24406    0.0814%  88.3226%
  [   878500,   879000)        24322    0.0811%  88.4037%
  [   879000,   879500)        24133    0.0804%  88.4841%
  [   879500,   880000)        24081    0.0803%  88.5644%
  [   880000,   880500)        23990    0.0800%  88.6444%
  [   880500,   881000)        23982    0.0799%  88.7243%
  [   881000,   881500)        23862    0.0795%  88.8039%
  [   881500,   882000)        23574    0.0786%  88.8824%
  [   882000,   882500)        23628    0.0788%  88.9612%
  [   882500,   883000)        23585    0.0786%  89.0398%
  [   883000,   883500)        23449    0.0782%  89.1180%
  [   883500,   884000)        23091    0.0770%  89.1949%
  [   884000,   884500)        23104    0.0770%  89.2720%
  [   884500,   885000)        22742    0.0758%  89.3478%
  [   885000,   885500)        22545    0.0752%  89.4229%
  [   885500,   886000)        22500    0.0750%  89.4979%
  [   886000,   886500)        22406    0.0747%  89.5726%
  [   886500,   887000)        22296    0.0743%  89.6469%
  [   887000,   887500)        22529    0.0751%  89.7220%
  [   887500,   888000)        22066    0.0736%  89.7956%
  [   888000,   888500)        21795    0.0727%  89.8682%
  [   888500,   889000)        21762    0.0725%  89.9408%
  [   889000,   889500)        21926    0.0731%  90.0138%
  [   889500,   890000)        21726    0.0724%  90.0863%
  [   890000,   890500)        21556    0.0719%  90.1581%
  [   890500,   891000)        21504    0.0717%  90.2298%
  [   891000,   891500)        21247    0.0708%  90.3006%
  [   891500,   892000)        21418    0.0714%  90.3720%
  [   892000,   892500)        20958    0.0699%  90.4419%
  [   892500,   893000)        20861    0.0695%  90.5114%
  [   893000,   893500)        20892    0.0696%  90.5811%
  [   893500,   894000)        20687    0.0690%  90.6500%
  [   894000,   894500)        20596    0.0687%  90.7187%
  [   894500,   895000)        20348    0.0678%  90.7865%
  [   895000,   895500)        20276    0.0676%  90.8541%
  [   895500,   896000)        20047    0.0668%  90.9209%
  [   896000,   896500)        20090    0.0670%  90.9879%
  [   896500,   897000)        19854    0.0662%  91.0540%
  [   897000,   897500)        19865    0.0662%  91.1203%
  [   897500,   898000)        19889    0.0663%  91.1866%
  [   898000,   898500)        19614    0.0654%  91.2519%
  [   898500,   899000)        20030    0.0668%  91.3187%
  [   899000,   899500)        19314    0.0644%  91.3831%
  [   899500,   900000)        19341    0.0645%  91.4476%
  [   900000,   900500)        19155    0.0639%  91.5114%
  [   900500,   901000)        18895    0.0630%  91.5744%
  [   901000,   901500)        18587    0.0620%  91.6363%
  [   901500,   902000)        18857    0.0629%  91.6992%
  [   902000,   902500)        18496    0.0617%  91.7609%
  [   902500,   903000)        18645    0.0622%  91.8230%
  [   903000,   903500)        18588    0.0620%  91.8850%
  [   903500,   904000)        18412    0.0614%  91.9463%
  [   904000,   904500)        18330    0.0611%  92.0074%
  [   904500,   905000)        18176    0.0606%  92.0680%
  [   905000,   905500)        17971    0.0599%  92.1279%
  [   905500,   906000)        18202    0.0607%  92.1886%
  [   906000,   906500)        17880    0.0596%  92.2482%
  [   906500,   907000)        17747    0.0592%  92.3074%
  [   907000,   907500)        17653    0.0588%  92.3662%
  [   907500,   908000)        17361    0.0579%  92.4241%
  [   908000,   908500)        17295    0.0577%  92.4817%
  [   908500,   909000)        17148    0.0572%  92.5389%
  [   909000,   909500)        17119    0.0571%  92.5959%
  [   909500,   910000)        17061    0.0569%  92.6528%
  [   910000,   910500)        17097    0.0570%  92.7098%
  [   910500,   911000)        16945    0.0565%  92.7663%
  [   911000,   911500)        16793    0.0560%  92.8223%
  [   911500,   912000)        16876    0.0563%  92.8785%
  [   912000,   912500)        16510    0.0550%  92.9336%
  [   912500,   913000)        16564    0.0552%  92.9888%
  [   913000,   913500)        16538    0.0551%  93.0439%
  [   913500,   914000)        16283    0.0543%  93.0982%
  [   914000,   914500)        15985    0.0533%  93.1515%
  [   914500,   915000)        16108    0.0537%  93.2051%
  [   915000,   915500)        15999    0.0533%  93.2585%
  [   915500,   916000)        15605    0.0520%  93.3105%
  [   916000,   916500)        15780    0.0526%  93.3631%
  [   916500,   917000)        15537    0.0518%  93.4149%
  [   917000,   917500)        15378    0.0513%  93.4661%
  [   917500,   918000)        15464    0.0515%  93.5177%
  [   918000,   918500)        15234    0.0508%  93.5685%
  [   918500,   919000)        15061    0.0502%  93.6187%
  [   919000,   919500)        15061    0.0502%  93.6689%
  [   919500,   920000)        14984    0.0499%  93.7188%
  [   920000,   920500)        15168    0.0506%  93.7694%
  [   920500,   921000)        14807    0.0494%  93.8187%
  [   921000,   921500)        14775    0.0493%  93.8680%
  [   921500,   922000)        14933    0.0498%  93.9178%
  [   922000,   922500)        14447    0.0482%  93.9659%
  [   922500,   923000)        14637    0.0488%  94.0147%
  [   923000,   923500)        14538    0.0485%  94.0632%
  [   923500,   924000)        14436    0.0481%  94.1113%
  [   924000,   924500)        13922    0.0464%  94.1577%
  [   924500,   925000)        14221    0.0474%  94.2051%
  [   925000,   925500)        13972    0.0466%  94.2517%
  [   925500,   926000)        13924    0.0464%  94.2981%
  [   926000,   926500)        13796    0.0460%  94.3441%
  [   926500,   927000)        13769    0.0459%  94.3900%
  [   927000,   927500)        13704    0.0457%  94.4357%
  [   927500,   928000)        13474    0.0449%  94.4806%
  [   928000,   928500)        13496    0.0450%  94.5256%
  [   928500,   929000)        13422    0.0447%  94.5703%
  [   929000,   929500)        13182    0.0439%  94.6142%
  [   929500,   930000)        13156    0.0439%  94.6581%
  [   930000,   930500)        13257    0.0442%  94.7023%
  [   930500,   931000)        12994    0.0433%  94.7456%
  [   931000,   931500)        12960    0.0432%  94.7888%
  [   931500,   932000)        12577    0.0419%  94.8307%
  [   932000,   932500)        12870    0.0429%  94.8736%
  [   932500,   933000)        12776    0.0426%  94.9162%
  [   933000,   933500)        12703    0.0423%  94.9585%
  [   933500,   934000)        12642    0.0421%  95.0007%
  [   934000,   934500)        12384    0.0413%  95.0420%
  [   934500,   935000)        12495    0.0417%  95.0836%
  [   935000,   935500)        12232    0.0408%  95.1244%
  [   935500,   936000)        12351    0.0412%  95.1656%
  [   936000,   936500)        12250    0.0408%  95.2064%
  [   936500,   937000)        12158    0.0405%  95.2469%
  [   937000,   937500)        11885    0.0396%  95.2865%
  [   937500,   938000)        11962    0.0399%  95.3264%
  [   938000,   938500)        11672    0.0389%  95.3653%
  [   938500,   939000)        11691    0.0390%  95.4043%
  [   939000,   939500)        11710    0.0390%  95.4433%
  [   939500,   940000)        11438    0.0381%  95.4814%
  [   940000,   940500)        11576    0.0386%  95.5200%
  [   940500,   941000)        11314    0.0377%  95.5577%
  [   941000,   941500)        11389    0.0380%  95.5957%
  [   941500,   942000)        11264    0.0375%  95.6333%
  [   942000,   942500)        11254    0.0375%  95.6708%
  [   942500,   943000)        10947    0.0365%  95.7073%
  [   943000,   943500)        10811    0.0360%  95.7433%
  [   943500,   944000)        10940    0.0365%  95.7798%
  [   944000,   944500)        10885    0.0363%  95.8160%
  [   944500,   945000)        10686    0.0356%  95.8517%
  [   945000,   945500)        10654    0.0355%  95.8872%
  [   945500,   946000)        10384    0.0346%  95.9218%
  [   946000,   946500)        10447    0.0348%  95.9566%
  [   946500,   947000)        10268    0.0342%  95.9908%
  [   947000,   947500)        10311    0.0344%  96.0252%
  [   947500,   948000)        10321    0.0344%  96.0596%
  [   948000,   948500)        10182    0.0339%  96.0936%
  [   948500,   949000)        10290    0.0343%  96.1279%
  [   949000,   949500)         9998    0.0333%  96.1612%
  [   949500,   950000)        10085    0.0336%  96.1948%
  [   950000,   950500)         9653    0.0322%  96.2270%
  [   950500,   951000)         9754    0.0325%  96.2595%
  [   951000,   951500)         9782    0.0326%  96.2921%
  [   951500,   952000)         9684    0.0323%  96.3244%
  [   952000,   952500)         9753    0.0325%  96.3569%
  [   952500,   953000)         9482    0.0316%  96.3885%
  [   953000,   953500)         9509    0.0317%  96.4202%
  [   953500,   954000)         9350    0.0312%  96.4514%
  [   954000,   954500)         9448    0.0315%  96.4828%
  [   954500,   955000)         9492    0.0316%  96.5145%
  [   955000,   955500)         9214    0.0307%  96.5452%
  [   955500,   956000)         9063    0.0302%  96.5754%
  [   956000,   956500)         9211    0.0307%  96.6061%
  [   956500,   957000)         8844    0.0295%  96.6356%
  [   957000,   957500)         8986    0.0300%  96.6655%
  [   957500,   958000)         8940    0.0298%  96.6953%
  [   958000,   958500)         8719    0.0291%  96.7244%
  [   958500,   959000)         8726    0.0291%  96.7535%
  [   959000,   959500)         8697    0.0290%  96.7825%
  [   959500,   960000)         8459    0.0282%  96.8107%
  [   960000,   960500)         8789    0.0293%  96.8400%
  [   960500,   961000)         8413    0.0280%  96.8680%
  [   961000,   961500)         8450    0.0282%  96.8962%
  [   961500,   962000)         8435    0.0281%  96.9243%
  [   962000,   962500)         8257    0.0275%  96.9518%
  [   962500,   963000)         8329    0.0278%  96.9796%
  [   963000,   963500)         8223    0.0274%  97.0070%
  [   963500,   964000)         7991    0.0266%  97.0336%
  [   964000,   964500)         7998    0.0267%  97.0603%
  [   964500,   965000)         7887    0.0263%  97.0866%
  [   965000,   965500)         7722    0.0257%  97.1123%
  [   965500,   966000)         7627    0.0254%  97.1378%
  [   966000,   966500)         7561    0.0252%  97.1630%
  [   966500,   967000)         7738    0.0258%  97.1888%
  [   967000,   967500)         7698    0.0257%  97.2144%
  [   967500,   968000)         7788    0.0260%  97.2404%
  [   968000,   968500)         7610    0.0254%  97.2657%
  [   968500,   969000)         7489    0.0250%  97.2907%
  [   969000,   969500)         7494    0.0250%  97.3157%
  [   969500,   970000)         7453    0.0248%  97.3405%
  [   970000,   970500)         7302    0.0243%  97.3649%
  [   970500,   971000)         7344    0.0245%  97.3893%
  [   971000,   971500)         7194    0.0240%  97.4133%
  [   971500,   972000)         6995    0.0233%  97.4366%
  [   972000,   972500)         7101    0.0237%  97.4603%
  [   972500,   973000)         7078    0.0236%  97.4839%
  [   973000,   973500)         6808    0.0227%  97.5066%
  [   973500,   974000)         6963    0.0232%  97.5298%
  [   974000,   974500)         6803    0.0227%  97.5525%
  [   974500,   975000)         6938    0.0231%  97.5756%
  [   975000,   975500)         6739    0.0225%  97.5981%
  [   975500,   976000)         6779    0.0226%  97.6207%
  [   976000,   976500)         6553    0.0218%  97.6425%
  [   976500,   977000)         6572    0.0219%  97.6644%
  [   977000,   977500)         6522    0.0217%  97.6862%
  [   977500,   978000)         6523    0.0217%  97.7079%
  [   978000,   978500)         6465    0.0216%  97.7295%
  [   978500,   979000)         6456    0.0215%  97.7510%
  [   979000,   979500)         6470    0.0216%  97.7725%
  [   979500,   980000)         6124    0.0204%  97.7930%
  [   980000,   980500)         6237    0.0208%  97.8137%
  [   980500,   981000)         6168    0.0206%  97.8343%
  [   981000,   981500)         5989    0.0200%  97.8543%
  [   981500,   982000)         6049    0.0202%  97.8744%
  [   982000,   982500)         6085    0.0203%  97.8947%
  [   982500,   983000)         6014    0.0200%  97.9148%
  [   983000,   983500)         5859    0.0195%  97.9343%
  [   983500,   984000)         5850    0.0195%  97.9538%
  [   984000,   984500)         5959    0.0199%  97.9737%
  [   984500,   985000)         5985    0.0200%  97.9936%
  [   985000,   985500)         5695    0.0190%  98.0126%
  [   985500,   986000)         5676    0.0189%  98.0315%
  [   986000,   986500)         5593    0.0186%  98.0502%
  [   986500,   987000)         5562    0.0185%  98.0687%
  [   987000,   987500)         5564    0.0185%  98.0872%
  [   987500,   988000)         5490    0.0183%  98.1055%
  [   988000,   988500)         5413    0.0180%  98.1236%
  [   988500,   989000)         5485    0.0183%  98.1419%
  [   989000,   989500)         5461    0.0182%  98.1601%
  [   989500,   990000)         5184    0.0173%  98.1773%
  [   990000,   990500)         5299    0.0177%  98.1950%
  [   990500,   991000)         5187    0.0173%  98.2123%
  [   991000,   991500)         5133    0.0171%  98.2294%
  [   991500,   992000)         5197    0.0173%  98.2467%
  [   992000,   992500)         5026    0.0168%  98.2635%
  [   992500,   993000)         5183    0.0173%  98.2808%
  [   993000,   993500)         5038    0.0168%  98.2976%
  [   993500,   994000)         4949    0.0165%  98.3141%
  [   994000,   994500)         4876    0.0163%  98.3303%
  [   994500,   995000)         4855    0.0162%  98.3465%
  [   995000,   995500)         4843    0.0161%  98.3626%
  [   995500,   996000)         4866    0.0162%  98.3789%
  [   996000,   996500)         4667    0.0156%  98.3944%
  [   996500,   997000)         4708    0.0157%  98.4101%
  [   997000,   997500)         4707    0.0157%  98.4258%
  [   997500,   998000)         4721    0.0157%  98.4415%
  [   998000,   998500)         4641    0.0155%  98.4570%
  [   998500,   999000)         4542    0.0151%  98.4721%
  [   999000,   999500)         4457    0.0149%  98.4870%
  [   999500, +inf)              453900    1.5130% 100.0000%

----- OFFLOADED TASKS [node 1] -----
  ops total                = 29999988
  ops direct (1-sided)     = 29999988 (100.00%)
  ops offload (rpc)        = 0 (0.00%)
  lookup pushdowns         = 0
  scan   pushdowns (RPC)   = 0
    kv pairs returned      = 0
    leaves scanned remotely= 0
    kv / scan pushdown     = 0.00
    leaves / scan pushdown = 0.00
=========================================================================

[CORRECTNESS node 1] scan rows returned = 2999991415
[READPATH node 1] lookups=2703783422  index-cache hit=49.3%  per lookup: leaf=1.000 speculative=0.000 (right 0.0%) hop-reads=1.000 (two-segment 0.437) retries=0.000 invalid=0.000 sibling=0.000  => est. leaf round trips/lookup=1.000
[LEAFCACHE] off

----- PER-LEVEL CACHE HITS [node 1] (lookups; level 0 = leaf) -----
[KIND node 1] lookups=0 inner_visits=0 inner_hits=0 inner_hit_pct=0.00 leaf_visits=0 leaf_hits=0 leaf_hit_pct=0.00
[SCANLEAF node 1] scans=29999988 inner_complete_miss=21121303 inner_partial=7477708 leaf_cache_hits=0 leaf_reads=39776948 cn_leaves_per_scan=1.33 leaf_hit_pct=0.00
[END]
