nodes 2, threads 24, mix R/I/U/S=100/0/0/0, uniform, bulk 50M warmup 10M op 50M, offload 0%, scan_range 100
[4mshared memory size: 64GB, 0x7ef2a8200000[0m
[4mrdma cache size: 4GB[0m
[4mMachine NR: 2[0m
[4mCompute server 0 start up [254.127.0.0]
[0m
I connect server 1
[4mMemory server 0 start up[0m
[0;31mcan't bind core![0m
[4mdir 0 launch!
[0m
index cache = 8 MB (CHIME_CACHE_MB)

----- REMOTE CPU LOAD (memory node dir-threads, 2s window) -----
  dir 0: active=  0.00%  msgs=1           2008 ns/msg
  AGGREGATE active = 0.00% (of 1 dir-threads; 0.00% per-thread avg)  msgs=1
workload generated: keyspace=50001000 bulk=50000000 warmup=9999984 op=49999992
[4mKey space set: keySpaceSize=50000000[0m
I am 4
I am 0
I am 1
[INFO] new root level 2
I am 19
I am 5
I am 10
I am 3
I am 23
I am 15
I am 17
I am 13
I am 16
I am 18
I am 9
I am 14
I am 7
I am 12
I am 22
I am 6
I am 2
I am 21
I am 20
I am 8
I am 11
[INFO] new root level 3

----- REMOTE CPU LOAD (memory node dir-threads, 2s window) -----
  dir 0: active=  0.00%  msgs=2           1278 ns/msg
  AGGREGATE active = 0.00% (of 1 dir-threads; 0.00% per-thread avg)  msgs=2

----- REMOTE CPU LOAD (memory node dir-threads, 2s window) -----
  dir 0: active=  0.00%  msgs=0           0 ns/msg
  AGGREGATE active = 0.00% (of 1 dir-threads; 0.00% per-thread avg)  msgs=0

----- REMOTE CPU LOAD (memory node dir-threads, 2s window) -----
  dir 0: active=  0.00%  msgs=0           0 ns/msg
  AGGREGATE active = 0.00% (of 1 dir-threads; 0.00% per-thread avg)  msgs=0

----- REMOTE CPU LOAD (memory node dir-threads, 2s window) -----
  dir 0: active=  0.00%  msgs=0           0 ns/msg
  AGGREGATE active = 0.00% (of 1 dir-threads; 0.00% per-thread avg)  msgs=0

----- REMOTE CPU LOAD (memory node dir-threads, 2s window) -----
  dir 0: active=  0.00%  msgs=2           1180 ns/msg
  AGGREGATE active = 0.00% (of 1 dir-threads; 0.00% per-thread avg)  msgs=2

----- REMOTE CPU LOAD (memory node dir-threads, 2s window) -----
  dir 0: active=  0.00%  msgs=0           0 ns/msg
  AGGREGATE active = 0.00% (of 1 dir-threads; 0.00% per-thread avg)  msgs=0

----- REMOTE CPU LOAD (memory node dir-threads, 2s window) -----
  dir 0: active=  0.00%  msgs=0           0 ns/msg
  AGGREGATE active = 0.00% (of 1 dir-threads; 0.00% per-thread avg)  msgs=0
[INFO] new root level 5

----- REMOTE CPU LOAD (memory node dir-threads, 2s window) -----
  dir 0: active=  0.00%  msgs=1           764 ns/msg
  AGGREGATE active = 0.00% (of 1 dir-threads; 0.00% per-thread avg)  msgs=1

----- REMOTE CPU LOAD (memory node dir-threads, 2s window) -----
  dir 0: active=  0.00%  msgs=1           933 ns/msg
  AGGREGATE active = 0.00% (of 1 dir-threads; 0.00% per-thread avg)  msgs=1

----- REMOTE CPU LOAD (memory node dir-threads, 2s window) -----
  dir 0: active=  0.00%  msgs=0           0 ns/msg
  AGGREGATE active = 0.00% (of 1 dir-threads; 0.00% per-thread avg)  msgs=0

----- REMOTE CPU LOAD (memory node dir-threads, 2s window) -----
  dir 0: active=  0.00%  msgs=1           697 ns/msg
  AGGREGATE active = 0.00% (of 1 dir-threads; 0.00% per-thread avg)  msgs=1

----- REMOTE CPU LOAD (memory node dir-threads, 2s window) -----
  dir 0: active=  0.00%  msgs=0           0 ns/msg
  AGGREGATE active = 0.00% (of 1 dir-threads; 0.00% per-thread avg)  msgs=0

----- REMOTE CPU LOAD (memory node dir-threads, 2s window) -----
  dir 0: active=  0.00%  msgs=1           941 ns/msg
  AGGREGATE active = 0.00% (of 1 dir-threads; 0.00% per-thread avg)  msgs=1

----- REMOTE CPU LOAD (memory node dir-threads, 2s window) -----
  dir 0: active=  0.00%  msgs=0           0 ns/msg
  AGGREGATE active = 0.00% (of 1 dir-threads; 0.00% per-thread avg)  msgs=0

----- REMOTE CPU LOAD (memory node dir-threads, 2s window) -----
  dir 0: active=  0.00%  msgs=1           700 ns/msg
  AGGREGATE active = 0.00% (of 1 dir-threads; 0.00% per-thread avg)  msgs=1

----- REMOTE CPU LOAD (memory node dir-threads, 2s window) -----
  dir 0: active=  0.00%  msgs=0           0 ns/msg
  AGGREGATE active = 0.00% (of 1 dir-threads; 0.00% per-thread avg)  msgs=0

----- REMOTE CPU LOAD (memory node dir-threads, 2s window) -----
  dir 0: active=  0.00%  msgs=1           995 ns/msg
  AGGREGATE active = 0.00% (of 1 dir-threads; 0.00% per-thread avg)  msgs=1

----- REMOTE CPU LOAD (memory node dir-threads, 2s window) -----
  dir 0: active=  0.00%  msgs=1           528 ns/msg
  AGGREGATE active = 0.00% (of 1 dir-threads; 0.00% per-thread avg)  msgs=1

----- REMOTE CPU LOAD (memory node dir-threads, 2s window) -----
  dir 0: active=  0.00%  msgs=0           0 ns/msg
  AGGREGATE active = 0.00% (of 1 dir-threads; 0.00% per-thread avg)  msgs=0

----- REMOTE CPU LOAD (memory node dir-threads, 2s window) -----
  dir 0: active=  0.00%  msgs=0           0 ns/msg
  AGGREGATE active = 0.00% (of 1 dir-threads; 0.00% per-thread avg)  msgs=0

----- REMOTE CPU LOAD (memory node dir-threads, 2s window) -----
  dir 0: active=  0.00%  msgs=1           1065 ns/msg
  AGGREGATE active = 0.00% (of 1 dir-threads; 0.00% per-thread avg)  msgs=1

----- REMOTE CPU LOAD (memory node dir-threads, 2s window) -----
  dir 0: active=  0.00%  msgs=1           360 ns/msg
  AGGREGATE active = 0.00% (of 1 dir-threads; 0.00% per-thread avg)  msgs=1

----- REMOTE CPU LOAD (memory node dir-threads, 2s window) -----
  dir 0: active=  0.00%  msgs=0           0 ns/msg
  AGGREGATE active = 0.00% (of 1 dir-threads; 0.00% per-thread avg)  msgs=0

----- REMOTE CPU LOAD (memory node dir-threads, 2s window) -----
  dir 0: active=  0.00%  msgs=0           0 ns/msg
  AGGREGATE active = 0.00% (of 1 dir-threads; 0.00% per-thread avg)  msgs=0

----- REMOTE CPU LOAD (memory node dir-threads, 2s window) -----
  dir 0: active=  0.00%  msgs=1           721 ns/msg
  AGGREGATE active = 0.00% (of 1 dir-threads; 0.00% per-thread avg)  msgs=1

----- REMOTE CPU LOAD (memory node dir-threads, 2s window) -----
  dir 0: active=  0.00%  msgs=1           432 ns/msg
  AGGREGATE active = 0.00% (of 1 dir-threads; 0.00% per-thread avg)  msgs=1

----- REMOTE CPU LOAD (memory node dir-threads, 2s window) -----
  dir 0: active=  0.00%  msgs=0           0 ns/msg
  AGGREGATE active = 0.00% (of 1 dir-threads; 0.00% per-thread avg)  msgs=0

----- REMOTE CPU LOAD (memory node dir-threads, 2s window) -----
  dir 0: active=  0.00%  msgs=0           0 ns/msg
  AGGREGATE active = 0.00% (of 1 dir-threads; 0.00% per-thread avg)  msgs=0

----- REMOTE CPU LOAD (memory node dir-threads, 2s window) -----
  dir 0: active=  0.00%  msgs=0           0 ns/msg
  AGGREGATE active = 0.00% (of 1 dir-threads; 0.00% per-thread avg)  msgs=0

----- REMOTE CPU LOAD (memory node dir-threads, 2s window) -----
  dir 0: active=  0.00%  msgs=1           888 ns/msg
  AGGREGATE active = 0.00% (of 1 dir-threads; 0.00% per-thread avg)  msgs=1

----- REMOTE CPU LOAD (memory node dir-threads, 2s window) -----
  dir 0: active=  0.00%  msgs=1           824 ns/msg
  AGGREGATE active = 0.00% (of 1 dir-threads; 0.00% per-thread avg)  msgs=1

----- REMOTE CPU LOAD (memory node dir-threads, 2s window) -----
  dir 0: active=  0.00%  msgs=0           0 ns/msg
  AGGREGATE active = 0.00% (of 1 dir-threads; 0.00% per-thread avg)  msgs=0

----- REMOTE CPU LOAD (memory node dir-threads, 2s window) -----
  dir 0: active=  0.00%  msgs=0           0 ns/msg
  AGGREGATE active = 0.00% (of 1 dir-threads; 0.00% per-thread avg)  msgs=0

----- REMOTE CPU LOAD (memory node dir-threads, 2s window) -----
  dir 0: active=  0.00%  msgs=0           0 ns/msg
  AGGREGATE active = 0.00% (of 1 dir-threads; 0.00% per-thread avg)  msgs=0

----- REMOTE CPU LOAD (memory node dir-threads, 2s window) -----
  dir 0: active=  0.00%  msgs=1           741 ns/msg
  AGGREGATE active = 0.00% (of 1 dir-threads; 0.00% per-thread avg)  msgs=1

----- REMOTE CPU LOAD (memory node dir-threads, 2s window) -----
  dir 0: active=  0.00%  msgs=1           983 ns/msg
  AGGREGATE active = 0.00% (of 1 dir-threads; 0.00% per-thread avg)  msgs=1

----- REMOTE CPU LOAD (memory node dir-threads, 2s window) -----
  dir 0: active=  0.00%  msgs=0           0 ns/msg
  AGGREGATE active = 0.00% (of 1 dir-threads; 0.00% per-thread avg)  msgs=0

----- REMOTE CPU LOAD (memory node dir-threads, 2s window) -----
  dir 0: active=  0.00%  msgs=0           0 ns/msg
  AGGREGATE active = 0.00% (of 1 dir-threads; 0.00% per-thread avg)  msgs=0

----- REMOTE CPU LOAD (memory node dir-threads, 2s window) -----
  dir 0: active=  0.00%  msgs=0           0 ns/msg
  AGGREGATE active = 0.00% (of 1 dir-threads; 0.00% per-thread avg)  msgs=0

----- REMOTE CPU LOAD (memory node dir-threads, 2s window) -----
  dir 0: active=  0.00%  msgs=1           635 ns/msg
  AGGREGATE active = 0.00% (of 1 dir-threads; 0.00% per-thread avg)  msgs=1

----- REMOTE CPU LOAD (memory node dir-threads, 2s window) -----
  dir 0: active=  0.00%  msgs=0           0 ns/msg
  AGGREGATE active = 0.00% (of 1 dir-threads; 0.00% per-thread avg)  msgs=0

----- REMOTE CPU LOAD (memory node dir-threads, 2s window) -----
  dir 0: active=  0.00%  msgs=0           0 ns/msg
  AGGREGATE active = 0.00% (of 1 dir-threads; 0.00% per-thread avg)  msgs=0

----- REMOTE CPU LOAD (memory node dir-threads, 2s window) -----
  dir 0: active=  0.00%  msgs=1           945 ns/msg
  AGGREGATE active = 0.00% (of 1 dir-threads; 0.00% per-thread avg)  msgs=1

----- REMOTE CPU LOAD (memory node dir-threads, 2s window) -----
  dir 0: active=  0.00%  msgs=0           0 ns/msg
  AGGREGATE active = 0.00% (of 1 dir-threads; 0.00% per-thread avg)  msgs=0

----- REMOTE CPU LOAD (memory node dir-threads, 2s window) -----
  dir 0: active=  0.00%  msgs=0           0 ns/msg
  AGGREGATE active = 0.00% (of 1 dir-threads; 0.00% per-thread avg)  msgs=0

----- REMOTE CPU LOAD (memory node dir-threads, 2s window) -----
  dir 0: active=  0.00%  msgs=1           694 ns/msg
  AGGREGATE active = 0.00% (of 1 dir-threads; 0.00% per-thread avg)  msgs=1

----- REMOTE CPU LOAD (memory node dir-threads, 2s window) -----
  dir 0: active=  0.00%  msgs=0           0 ns/msg
  AGGREGATE active = 0.00% (of 1 dir-threads; 0.00% per-thread avg)  msgs=0

----- REMOTE CPU LOAD (memory node dir-threads, 2s window) -----
  dir 0: active=  0.00%  msgs=0           0 ns/msg
  AGGREGATE active = 0.00% (of 1 dir-threads; 0.00% per-thread avg)  msgs=0

----- REMOTE CPU LOAD (memory node dir-threads, 2s window) -----
  dir 0: active=  0.00%  msgs=0           0 ns/msg
  AGGREGATE active = 0.00% (of 1 dir-threads; 0.00% per-thread avg)  msgs=0

----- REMOTE CPU LOAD (memory node dir-threads, 2s window) -----
  dir 0: active=  0.00%  msgs=1           890 ns/msg
  AGGREGATE active = 0.00% (of 1 dir-threads; 0.00% per-thread avg)  msgs=1

----- REMOTE CPU LOAD (memory node dir-threads, 2s window) -----
  dir 0: active=  0.00%  msgs=0           0 ns/msg
  AGGREGATE active = 0.00% (of 1 dir-threads; 0.00% per-thread avg)  msgs=0

----- REMOTE CPU LOAD (memory node dir-threads, 2s window) -----
  dir 0: active=  0.00%  msgs=1           565 ns/msg
  AGGREGATE active = 0.00% (of 1 dir-threads; 0.00% per-thread avg)  msgs=1

----- REMOTE CPU LOAD (memory node dir-threads, 2s window) -----
  dir 0: active=  0.00%  msgs=0           0 ns/msg
  AGGREGATE active = 0.00% (of 1 dir-threads; 0.00% per-thread avg)  msgs=0

----- REMOTE CPU LOAD (memory node dir-threads, 2s window) -----
  dir 0: active=  0.00%  msgs=0           0 ns/msg
  AGGREGATE active = 0.00% (of 1 dir-threads; 0.00% per-thread avg)  msgs=0

----- REMOTE CPU LOAD (memory node dir-threads, 2s window) -----
  dir 0: active=  0.00%  msgs=0           0 ns/msg
  AGGREGATE active = 0.00% (of 1 dir-threads; 0.00% per-thread avg)  msgs=0

----- REMOTE CPU LOAD (memory node dir-threads, 2s window) -----
  dir 0: active=  0.00%  msgs=0           0 ns/msg
  AGGREGATE active = 0.00% (of 1 dir-threads; 0.00% per-thread avg)  msgs=0

----- REMOTE CPU LOAD (memory node dir-threads, 2s window) -----
  dir 0: active=  0.00%  msgs=1           863 ns/msg
  AGGREGATE active = 0.00% (of 1 dir-threads; 0.00% per-thread avg)  msgs=1

----- REMOTE CPU LOAD (memory node dir-threads, 2s window) -----
  dir 0: active=  0.00%  msgs=1           509 ns/msg
  AGGREGATE active = 0.00% (of 1 dir-threads; 0.00% per-thread avg)  msgs=1

----- REMOTE CPU LOAD (memory node dir-threads, 2s window) -----
  dir 0: active=  0.00%  msgs=0           0 ns/msg
  AGGREGATE active = 0.00% (of 1 dir-threads; 0.00% per-thread avg)  msgs=0

----- REMOTE CPU LOAD (memory node dir-threads, 2s window) -----
  dir 0: active=  0.00%  msgs=0           0 ns/msg
  AGGREGATE active = 0.00% (of 1 dir-threads; 0.00% per-thread avg)  msgs=0

----- REMOTE CPU LOAD (memory node dir-threads, 2s window) -----
  dir 0: active=  0.00%  msgs=0           0 ns/msg
  AGGREGATE active = 0.00% (of 1 dir-threads; 0.00% per-thread avg)  msgs=0

----- REMOTE CPU LOAD (memory node dir-threads, 2s window) -----
  dir 0: active=  0.00%  msgs=0           0 ns/msg
  AGGREGATE active = 0.00% (of 1 dir-threads; 0.00% per-thread avg)  msgs=0

----- REMOTE CPU LOAD (memory node dir-threads, 2s window) -----
  dir 0: active=  0.00%  msgs=0           0 ns/msg
  AGGREGATE active = 0.00% (of 1 dir-threads; 0.00% per-thread avg)  msgs=0

----- REMOTE CPU LOAD (memory node dir-threads, 2s window) -----
  dir 0: active=  0.00%  msgs=1           1076 ns/msg
  AGGREGATE active = 0.00% (of 1 dir-threads; 0.00% per-thread avg)  msgs=1

----- REMOTE CPU LOAD (memory node dir-threads, 2s window) -----
  dir 0: active=  0.00%  msgs=1           681 ns/msg
  AGGREGATE active = 0.00% (of 1 dir-threads; 0.00% per-thread avg)  msgs=1

----- REMOTE CPU LOAD (memory node dir-threads, 2s window) -----
  dir 0: active=  0.00%  msgs=0           0 ns/msg
  AGGREGATE active = 0.00% (of 1 dir-threads; 0.00% per-thread avg)  msgs=0

----- REMOTE CPU LOAD (memory node dir-threads, 2s window) -----
  dir 0: active=  0.00%  msgs=0           0 ns/msg
  AGGREGATE active = 0.00% (of 1 dir-threads; 0.00% per-thread avg)  msgs=0

----- REMOTE CPU LOAD (memory node dir-threads, 2s window) -----
  dir 0: active=  0.00%  msgs=0           0 ns/msg
  AGGREGATE active = 0.00% (of 1 dir-threads; 0.00% per-thread avg)  msgs=0

----- REMOTE CPU LOAD (memory node dir-threads, 2s window) -----
  dir 0: active=  0.00%  msgs=0           0 ns/msg
  AGGREGATE active = 0.00% (of 1 dir-threads; 0.00% per-thread avg)  msgs=0

----- REMOTE CPU LOAD (memory node dir-threads, 2s window) -----
  dir 0: active=  0.00%  msgs=0           0 ns/msg
  AGGREGATE active = 0.00% (of 1 dir-threads; 0.00% per-thread avg)  msgs=0

----- REMOTE CPU LOAD (memory node dir-threads, 2s window) -----
  dir 0: active=  0.00%  msgs=2           754 ns/msg
  AGGREGATE active = 0.00% (of 1 dir-threads; 0.00% per-thread avg)  msgs=2

----- REMOTE CPU LOAD (memory node dir-threads, 2s window) -----
  dir 0: active=  0.00%  msgs=0           0 ns/msg
  AGGREGATE active = 0.00% (of 1 dir-threads; 0.00% per-thread avg)  msgs=0

----- REMOTE CPU LOAD (memory node dir-threads, 2s window) -----
  dir 0: active=  0.00%  msgs=0           0 ns/msg
  AGGREGATE active = 0.00% (of 1 dir-threads; 0.00% per-thread avg)  msgs=0

----- REMOTE CPU LOAD (memory node dir-threads, 2s window) -----
  dir 0: active=  0.00%  msgs=0           0 ns/msg
  AGGREGATE active = 0.00% (of 1 dir-threads; 0.00% per-thread avg)  msgs=0

----- REMOTE CPU LOAD (memory node dir-threads, 2s window) -----
  dir 0: active=  0.00%  msgs=0           0 ns/msg
  AGGREGATE active = 0.00% (of 1 dir-threads; 0.00% per-thread avg)  msgs=0

----- REMOTE CPU LOAD (memory node dir-threads, 2s window) -----
  dir 0: active=  0.00%  msgs=0           0 ns/msg
  AGGREGATE active = 0.00% (of 1 dir-threads; 0.00% per-thread avg)  msgs=0

----- REMOTE CPU LOAD (memory node dir-threads, 2s window) -----
  dir 0: active=  0.00%  msgs=0           0 ns/msg
  AGGREGATE active = 0.00% (of 1 dir-threads; 0.00% per-thread avg)  msgs=0

----- REMOTE CPU LOAD (memory node dir-threads, 2s window) -----
  dir 0: active=  0.00%  msgs=1           1157 ns/msg
  AGGREGATE active = 0.00% (of 1 dir-threads; 0.00% per-thread avg)  msgs=1

----- REMOTE CPU LOAD (memory node dir-threads, 2s window) -----
  dir 0: active=  0.00%  msgs=1           1965 ns/msg
  AGGREGATE active = 0.00% (of 1 dir-threads; 0.00% per-thread avg)  msgs=1

----- REMOTE CPU LOAD (memory node dir-threads, 2s window) -----
  dir 0: active=  0.00%  msgs=0           0 ns/msg
  AGGREGATE active = 0.00% (of 1 dir-threads; 0.00% per-thread avg)  msgs=0

----- REMOTE CPU LOAD (memory node dir-threads, 2s window) -----
  dir 0: active=  0.00%  msgs=0           0 ns/msg
  AGGREGATE active = 0.00% (of 1 dir-threads; 0.00% per-thread avg)  msgs=0

----- REMOTE CPU LOAD (memory node dir-threads, 2s window) -----
  dir 0: active=  0.00%  msgs=0           0 ns/msg
  AGGREGATE active = 0.00% (of 1 dir-threads; 0.00% per-thread avg)  msgs=0

----- REMOTE CPU LOAD (memory node dir-threads, 2s window) -----
  dir 0: active=  0.00%  msgs=0           0 ns/msg
  AGGREGATE active = 0.00% (of 1 dir-threads; 0.00% per-thread avg)  msgs=0

----- REMOTE CPU LOAD (memory node dir-threads, 2s window) -----
  dir 0: active=  0.00%  msgs=0           0 ns/msg
  AGGREGATE active = 0.00% (of 1 dir-threads; 0.00% per-thread avg)  msgs=0

----- REMOTE CPU LOAD (memory node dir-threads, 2s window) -----
  dir 0: active=  0.00%  msgs=1           912 ns/msg
  AGGREGATE active = 0.00% (of 1 dir-threads; 0.00% per-thread avg)  msgs=1

----- REMOTE CPU LOAD (memory node dir-threads, 2s window) -----
  dir 0: active=  0.00%  msgs=0           0 ns/msg
  AGGREGATE active = 0.00% (of 1 dir-threads; 0.00% per-thread avg)  msgs=0

----- REMOTE CPU LOAD (memory node dir-threads, 2s window) -----
  dir 0: active=  0.00%  msgs=1           732 ns/msg
  AGGREGATE active = 0.00% (of 1 dir-threads; 0.00% per-thread avg)  msgs=1

----- REMOTE CPU LOAD (memory node dir-threads, 2s window) -----
  dir 0: active=  0.00%  msgs=0           0 ns/msg
  AGGREGATE active = 0.00% (of 1 dir-threads; 0.00% per-thread avg)  msgs=0

----- REMOTE CPU LOAD (memory node dir-threads, 2s window) -----
  dir 0: active=  0.00%  msgs=0           0 ns/msg
  AGGREGATE active = 0.00% (of 1 dir-threads; 0.00% per-thread avg)  msgs=0

----- REMOTE CPU LOAD (memory node dir-threads, 2s window) -----
  dir 0: active=  0.00%  msgs=0           0 ns/msg
  AGGREGATE active = 0.00% (of 1 dir-threads; 0.00% per-thread avg)  msgs=0

----- REMOTE CPU LOAD (memory node dir-threads, 2s window) -----
  dir 0: active=  0.00%  msgs=0           0 ns/msg
  AGGREGATE active = 0.00% (of 1 dir-threads; 0.00% per-thread avg)  msgs=0

----- REMOTE CPU LOAD (memory node dir-threads, 2s window) -----
  dir 0: active=  0.00%  msgs=1           606 ns/msg
  AGGREGATE active = 0.00% (of 1 dir-threads; 0.00% per-thread avg)  msgs=1

----- REMOTE CPU LOAD (memory node dir-threads, 2s window) -----
  dir 0: active=  0.00%  msgs=0           0 ns/msg
  AGGREGATE active = 0.00% (of 1 dir-threads; 0.00% per-thread avg)  msgs=0

----- REMOTE CPU LOAD (memory node dir-threads, 2s window) -----
  dir 0: active=  0.00%  msgs=0           0 ns/msg
  AGGREGATE active = 0.00% (of 1 dir-threads; 0.00% per-thread avg)  msgs=0

----- REMOTE CPU LOAD (memory node dir-threads, 2s window) -----
  dir 0: active=  0.00%  msgs=1           765 ns/msg
  AGGREGATE active = 0.00% (of 1 dir-threads; 0.00% per-thread avg)  msgs=1

----- REMOTE CPU LOAD (memory node dir-threads, 2s window) -----
  dir 0: active=  0.00%  msgs=0           0 ns/msg
  AGGREGATE active = 0.00% (of 1 dir-threads; 0.00% per-thread avg)  msgs=0

----- REMOTE CPU LOAD (memory node dir-threads, 2s window) -----
  dir 0: active=  0.00%  msgs=0           0 ns/msg
  AGGREGATE active = 0.00% (of 1 dir-threads; 0.00% per-thread avg)  msgs=0

----- REMOTE CPU LOAD (memory node dir-threads, 2s window) -----
  dir 0: active=  0.00%  msgs=0           0 ns/msg
  AGGREGATE active = 0.00% (of 1 dir-threads; 0.00% per-thread avg)  msgs=0

----- REMOTE CPU LOAD (memory node dir-threads, 2s window) -----
  dir 0: active=  0.00%  msgs=0           0 ns/msg
  AGGREGATE active = 0.00% (of 1 dir-threads; 0.00% per-thread avg)  msgs=0

----- REMOTE CPU LOAD (memory node dir-threads, 2s window) -----
  dir 0: active=  0.00%  msgs=1           623 ns/msg
  AGGREGATE active = 0.00% (of 1 dir-threads; 0.00% per-thread avg)  msgs=1

----- REMOTE CPU LOAD (memory node dir-threads, 2s window) -----
  dir 0: active=  0.00%  msgs=0           0 ns/msg
  AGGREGATE active = 0.00% (of 1 dir-threads; 0.00% per-thread avg)  msgs=0

----- REMOTE CPU LOAD (memory node dir-threads, 2s window) -----
  dir 0: active=  0.00%  msgs=0           0 ns/msg
  AGGREGATE active = 0.00% (of 1 dir-threads; 0.00% per-thread avg)  msgs=0

----- REMOTE CPU LOAD (memory node dir-threads, 2s window) -----
  dir 0: active=  0.00%  msgs=0           0 ns/msg
  AGGREGATE active = 0.00% (of 1 dir-threads; 0.00% per-thread avg)  msgs=0

----- REMOTE CPU LOAD (memory node dir-threads, 2s window) -----
  dir 0: active=  0.00%  msgs=1           1457 ns/msg
  AGGREGATE active = 0.00% (of 1 dir-threads; 0.00% per-thread avg)  msgs=1

----- REMOTE CPU LOAD (memory node dir-threads, 2s window) -----
  dir 0: active=  0.00%  msgs=0           0 ns/msg
  AGGREGATE active = 0.00% (of 1 dir-threads; 0.00% per-thread avg)  msgs=0

----- REMOTE CPU LOAD (memory node dir-threads, 2s window) -----
  dir 0: active=  0.00%  msgs=0           0 ns/msg
  AGGREGATE active = 0.00% (of 1 dir-threads; 0.00% per-thread avg)  msgs=0

----- REMOTE CPU LOAD (memory node dir-threads, 2s window) -----
  dir 0: active=  0.00%  msgs=1           704 ns/msg
  AGGREGATE active = 0.00% (of 1 dir-threads; 0.00% per-thread avg)  msgs=1

----- REMOTE CPU LOAD (memory node dir-threads, 2s window) -----
  dir 0: active=  0.00%  msgs=0           0 ns/msg
  AGGREGATE active = 0.00% (of 1 dir-threads; 0.00% per-thread avg)  msgs=0

----- REMOTE CPU LOAD (memory node dir-threads, 2s window) -----
  dir 0: active=  0.00%  msgs=0           0 ns/msg
  AGGREGATE active = 0.00% (of 1 dir-threads; 0.00% per-thread avg)  msgs=0

----- REMOTE CPU LOAD (memory node dir-threads, 2s window) -----
  dir 0: active=  0.00%  msgs=0           0 ns/msg
  AGGREGATE active = 0.00% (of 1 dir-threads; 0.00% per-thread avg)  msgs=0

----- REMOTE CPU LOAD (memory node dir-threads, 2s window) -----
  dir 0: active=  0.00%  msgs=0           0 ns/msg
  AGGREGATE active = 0.00% (of 1 dir-threads; 0.00% per-thread avg)  msgs=0

----- REMOTE CPU LOAD (memory node dir-threads, 2s window) -----
  dir 0: active=  0.00%  msgs=1           912 ns/msg
  AGGREGATE active = 0.00% (of 1 dir-threads; 0.00% per-thread avg)  msgs=1

----- REMOTE CPU LOAD (memory node dir-threads, 2s window) -----
  dir 0: active=  0.00%  msgs=0           0 ns/msg
  AGGREGATE active = 0.00% (of 1 dir-threads; 0.00% per-thread avg)  msgs=0

----- REMOTE CPU LOAD (memory node dir-threads, 2s window) -----
  dir 0: active=  0.00%  msgs=0           0 ns/msg
  AGGREGATE active = 0.00% (of 1 dir-threads; 0.00% per-thread avg)  msgs=0

----- REMOTE CPU LOAD (memory node dir-threads, 2s window) -----
  dir 0: active=  0.00%  msgs=1           511 ns/msg
  AGGREGATE active = 0.00% (of 1 dir-threads; 0.00% per-thread avg)  msgs=1

----- REMOTE CPU LOAD (memory node dir-threads, 2s window) -----
  dir 0: active=  0.00%  msgs=0           0 ns/msg
  AGGREGATE active = 0.00% (of 1 dir-threads; 0.00% per-thread avg)  msgs=0

----- REMOTE CPU LOAD (memory node dir-threads, 2s window) -----
  dir 0: active=  0.00%  msgs=0           0 ns/msg
  AGGREGATE active = 0.00% (of 1 dir-threads; 0.00% per-thread avg)  msgs=0

----- REMOTE CPU LOAD (memory node dir-threads, 2s window) -----
  dir 0: active=  0.00%  msgs=0           0 ns/msg
  AGGREGATE active = 0.00% (of 1 dir-threads; 0.00% per-thread avg)  msgs=0

----- REMOTE CPU LOAD (memory node dir-threads, 2s window) -----
  dir 0: active=  0.00%  msgs=0           0 ns/msg
  AGGREGATE active = 0.00% (of 1 dir-threads; 0.00% per-thread avg)  msgs=0

----- REMOTE CPU LOAD (memory node dir-threads, 2s window) -----
  dir 0: active=  0.00%  msgs=0           0 ns/msg
  AGGREGATE active = 0.00% (of 1 dir-threads; 0.00% per-thread avg)  msgs=0

----- REMOTE CPU LOAD (memory node dir-threads, 2s window) -----
  dir 0: active=  0.00%  msgs=1           866 ns/msg
  AGGREGATE active = 0.00% (of 1 dir-threads; 0.00% per-thread avg)  msgs=1

----- REMOTE CPU LOAD (memory node dir-threads, 2s window) -----
  dir 0: active=  0.00%  msgs=1           516 ns/msg
  AGGREGATE active = 0.00% (of 1 dir-threads; 0.00% per-thread avg)  msgs=1

----- REMOTE CPU LOAD (memory node dir-threads, 2s window) -----
  dir 0: active=  0.00%  msgs=0           0 ns/msg
  AGGREGATE active = 0.00% (of 1 dir-threads; 0.00% per-thread avg)  msgs=0

----- REMOTE CPU LOAD (memory node dir-threads, 2s window) -----
  dir 0: active=  0.00%  msgs=0           0 ns/msg
  AGGREGATE active = 0.00% (of 1 dir-threads; 0.00% per-thread avg)  msgs=0

----- REMOTE CPU LOAD (memory node dir-threads, 2s window) -----
  dir 0: active=  0.00%  msgs=0           0 ns/msg
  AGGREGATE active = 0.00% (of 1 dir-threads; 0.00% per-thread avg)  msgs=0

----- REMOTE CPU LOAD (memory node dir-threads, 2s window) -----
  dir 0: active=  0.00%  msgs=0           0 ns/msg
  AGGREGATE active = 0.00% (of 1 dir-threads; 0.00% per-thread avg)  msgs=0

----- REMOTE CPU LOAD (memory node dir-threads, 2s window) -----
  dir 0: active=  0.00%  msgs=0           0 ns/msg
  AGGREGATE active = 0.00% (of 1 dir-threads; 0.00% per-thread avg)  msgs=0

----- REMOTE CPU LOAD (memory node dir-threads, 2s window) -----
  dir 0: active=  0.00%  msgs=0           0 ns/msg
  AGGREGATE active = 0.00% (of 1 dir-threads; 0.00% per-thread avg)  msgs=0

----- REMOTE CPU LOAD (memory node dir-threads, 2s window) -----
  dir 0: active=  0.00%  msgs=1           1121 ns/msg
  AGGREGATE active = 0.00% (of 1 dir-threads; 0.00% per-thread avg)  msgs=1

----- REMOTE CPU LOAD (memory node dir-threads, 2s window) -----
  dir 0: active=  0.00%  msgs=1           507 ns/msg
  AGGREGATE active = 0.00% (of 1 dir-threads; 0.00% per-thread avg)  msgs=1

----- REMOTE CPU LOAD (memory node dir-threads, 2s window) -----
  dir 0: active=  0.00%  msgs=0           0 ns/msg
  AGGREGATE active = 0.00% (of 1 dir-threads; 0.00% per-thread avg)  msgs=0

----- REMOTE CPU LOAD (memory node dir-threads, 2s window) -----
  dir 0: active=  0.00%  msgs=0           0 ns/msg
  AGGREGATE active = 0.00% (of 1 dir-threads; 0.00% per-thread avg)  msgs=0

----- REMOTE CPU LOAD (memory node dir-threads, 2s window) -----
  dir 0: active=  0.00%  msgs=0           0 ns/msg
  AGGREGATE active = 0.00% (of 1 dir-threads; 0.00% per-thread avg)  msgs=0

----- REMOTE CPU LOAD (memory node dir-threads, 2s window) -----
  dir 0: active=  0.00%  msgs=0           0 ns/msg
  AGGREGATE active = 0.00% (of 1 dir-threads; 0.00% per-thread avg)  msgs=0

----- REMOTE CPU LOAD (memory node dir-threads, 2s window) -----
  dir 0: active=  0.00%  msgs=0           0 ns/msg
  AGGREGATE active = 0.00% (of 1 dir-threads; 0.00% per-thread avg)  msgs=0

----- REMOTE CPU LOAD (memory node dir-threads, 2s window) -----
  dir 0: active=  0.00%  msgs=0           0 ns/msg
  AGGREGATE active = 0.00% (of 1 dir-threads; 0.00% per-thread avg)  msgs=0

----- REMOTE CPU LOAD (memory node dir-threads, 2s window) -----
  dir 0: active=  0.00%  msgs=1           844 ns/msg
  AGGREGATE active = 0.00% (of 1 dir-threads; 0.00% per-thread avg)  msgs=1

----- REMOTE CPU LOAD (memory node dir-threads, 2s window) -----
  dir 0: active=  0.00%  msgs=1           549 ns/msg
  AGGREGATE active = 0.00% (of 1 dir-threads; 0.00% per-thread avg)  msgs=1

----- REMOTE CPU LOAD (memory node dir-threads, 2s window) -----
  dir 0: active=  0.00%  msgs=0           0 ns/msg
  AGGREGATE active = 0.00% (of 1 dir-threads; 0.00% per-thread avg)  msgs=0

----- REMOTE CPU LOAD (memory node dir-threads, 2s window) -----
  dir 0: active=  0.00%  msgs=0           0 ns/msg
  AGGREGATE active = 0.00% (of 1 dir-threads; 0.00% per-thread avg)  msgs=0

----- REMOTE CPU LOAD (memory node dir-threads, 2s window) -----
  dir 0: active=  0.00%  msgs=0           0 ns/msg
  AGGREGATE active = 0.00% (of 1 dir-threads; 0.00% per-thread avg)  msgs=0

----- REMOTE CPU LOAD (memory node dir-threads, 2s window) -----
  dir 0: active=  0.00%  msgs=0           0 ns/msg
  AGGREGATE active = 0.00% (of 1 dir-threads; 0.00% per-thread avg)  msgs=0

----- REMOTE CPU LOAD (memory node dir-threads, 2s window) -----
  dir 0: active=  0.00%  msgs=0           0 ns/msg
  AGGREGATE active = 0.00% (of 1 dir-threads; 0.00% per-thread avg)  msgs=0

----- REMOTE CPU LOAD (memory node dir-threads, 2s window) -----
  dir 0: active=  0.00%  msgs=1           823 ns/msg
  AGGREGATE active = 0.00% (of 1 dir-threads; 0.00% per-thread avg)  msgs=1

----- REMOTE CPU LOAD (memory node dir-threads, 2s window) -----
  dir 0: active=  0.00%  msgs=0           0 ns/msg
  AGGREGATE active = 0.00% (of 1 dir-threads; 0.00% per-thread avg)  msgs=0

----- REMOTE CPU LOAD (memory node dir-threads, 2s window) -----
  dir 0: active=  0.00%  msgs=1           776 ns/msg
  AGGREGATE active = 0.00% (of 1 dir-threads; 0.00% per-thread avg)  msgs=1

----- REMOTE CPU LOAD (memory node dir-threads, 2s window) -----
  dir 0: active=  0.00%  msgs=0           0 ns/msg
  AGGREGATE active = 0.00% (of 1 dir-threads; 0.00% per-thread avg)  msgs=0

----- REMOTE CPU LOAD (memory node dir-threads, 2s window) -----
  dir 0: active=  0.00%  msgs=0           0 ns/msg
  AGGREGATE active = 0.00% (of 1 dir-threads; 0.00% per-thread avg)  msgs=0

----- REMOTE CPU LOAD (memory node dir-threads, 2s window) -----
  dir 0: active=  0.00%  msgs=0           0 ns/msg
  AGGREGATE active = 0.00% (of 1 dir-threads; 0.00% per-thread avg)  msgs=0

----- REMOTE CPU LOAD (memory node dir-threads, 2s window) -----
  dir 0: active=  0.00%  msgs=0           0 ns/msg
  AGGREGATE active = 0.00% (of 1 dir-threads; 0.00% per-thread avg)  msgs=0

----- REMOTE CPU LOAD (memory node dir-threads, 2s window) -----
  dir 0: active=  0.00%  msgs=0           0 ns/msg
  AGGREGATE active = 0.00% (of 1 dir-threads; 0.00% per-thread avg)  msgs=0

----- REMOTE CPU LOAD (memory node dir-threads, 2s window) -----
  dir 0: active=  0.00%  msgs=1           589 ns/msg
  AGGREGATE active = 0.00% (of 1 dir-threads; 0.00% per-thread avg)  msgs=1

----- REMOTE CPU LOAD (memory node dir-threads, 2s window) -----
  dir 0: active=  0.00%  msgs=0           0 ns/msg
  AGGREGATE active = 0.00% (of 1 dir-threads; 0.00% per-thread avg)  msgs=0

----- REMOTE CPU LOAD (memory node dir-threads, 2s window) -----
  dir 0: active=  0.00%  msgs=0           0 ns/msg
  AGGREGATE active = 0.00% (of 1 dir-threads; 0.00% per-thread avg)  msgs=0

----- REMOTE CPU LOAD (memory node dir-threads, 2s window) -----
  dir 0: active=  0.00%  msgs=1           838 ns/msg
  AGGREGATE active = 0.00% (of 1 dir-threads; 0.00% per-thread avg)  msgs=1

----- REMOTE CPU LOAD (memory node dir-threads, 2s window) -----
  dir 0: active=  0.00%  msgs=0           0 ns/msg
  AGGREGATE active = 0.00% (of 1 dir-threads; 0.00% per-thread avg)  msgs=0

----- REMOTE CPU LOAD (memory node dir-threads, 2s window) -----
  dir 0: active=  0.00%  msgs=0           0 ns/msg
  AGGREGATE active = 0.00% (of 1 dir-threads; 0.00% per-thread avg)  msgs=0

----- REMOTE CPU LOAD (memory node dir-threads, 2s window) -----
  dir 0: active=  0.00%  msgs=0           0 ns/msg
  AGGREGATE active = 0.00% (of 1 dir-threads; 0.00% per-thread avg)  msgs=0

----- REMOTE CPU LOAD (memory node dir-threads, 2s window) -----
  dir 0: active=  0.00%  msgs=1           651 ns/msg
  AGGREGATE active = 0.00% (of 1 dir-threads; 0.00% per-thread avg)  msgs=1

----- REMOTE CPU LOAD (memory node dir-threads, 2s window) -----
  dir 0: active=  0.00%  msgs=0           0 ns/msg
  AGGREGATE active = 0.00% (of 1 dir-threads; 0.00% per-thread avg)  msgs=0

----- REMOTE CPU LOAD (memory node dir-threads, 2s window) -----
  dir 0: active=  0.00%  msgs=0           0 ns/msg
  AGGREGATE active = 0.00% (of 1 dir-threads; 0.00% per-thread avg)  msgs=0

----- REMOTE CPU LOAD (memory node dir-threads, 2s window) -----
  dir 0: active=  0.00%  msgs=0           0 ns/msg
  AGGREGATE active = 0.00% (of 1 dir-threads; 0.00% per-thread avg)  msgs=0

----- REMOTE CPU LOAD (memory node dir-threads, 2s window) -----
  dir 0: active=  0.00%  msgs=1           962 ns/msg
  AGGREGATE active = 0.00% (of 1 dir-threads; 0.00% per-thread avg)  msgs=1

----- REMOTE CPU LOAD (memory node dir-threads, 2s window) -----
  dir 0: active=  0.00%  msgs=0           0 ns/msg
  AGGREGATE active = 0.00% (of 1 dir-threads; 0.00% per-thread avg)  msgs=0

----- REMOTE CPU LOAD (memory node dir-threads, 2s window) -----
  dir 0: active=  0.00%  msgs=0           0 ns/msg
  AGGREGATE active = 0.00% (of 1 dir-threads; 0.00% per-thread avg)  msgs=0

----- REMOTE CPU LOAD (memory node dir-threads, 2s window) -----
  dir 0: active=  0.00%  msgs=0           0 ns/msg
  AGGREGATE active = 0.00% (of 1 dir-threads; 0.00% per-thread avg)  msgs=0

----- REMOTE CPU LOAD (memory node dir-threads, 2s window) -----
  dir 0: active=  0.00%  msgs=1           571 ns/msg
  AGGREGATE active = 0.00% (of 1 dir-threads; 0.00% per-thread avg)  msgs=1

----- REMOTE CPU LOAD (memory node dir-threads, 2s window) -----
  dir 0: active=  0.00%  msgs=0           0 ns/msg
  AGGREGATE active = 0.00% (of 1 dir-threads; 0.00% per-thread avg)  msgs=0

----- REMOTE CPU LOAD (memory node dir-threads, 2s window) -----
  dir 0: active=  0.00%  msgs=0           0 ns/msg
  AGGREGATE active = 0.00% (of 1 dir-threads; 0.00% per-thread avg)  msgs=0

----- REMOTE CPU LOAD (memory node dir-threads, 2s window) -----
  dir 0: active=  0.00%  msgs=0           0 ns/msg
  AGGREGATE active = 0.00% (of 1 dir-threads; 0.00% per-thread avg)  msgs=0

----- REMOTE CPU LOAD (memory node dir-threads, 2s window) -----
  dir 0: active=  0.00%  msgs=0           0 ns/msg
  AGGREGATE active = 0.00% (of 1 dir-threads; 0.00% per-thread avg)  msgs=0

----- REMOTE CPU LOAD (memory node dir-threads, 2s window) -----
  dir 0: active=  0.00%  msgs=1           816 ns/msg
  AGGREGATE active = 0.00% (of 1 dir-threads; 0.00% per-thread avg)  msgs=1

----- REMOTE CPU LOAD (memory node dir-threads, 2s window) -----
  dir 0: active=  0.00%  msgs=0           0 ns/msg
  AGGREGATE active = 0.00% (of 1 dir-threads; 0.00% per-thread avg)  msgs=0

----- REMOTE CPU LOAD (memory node dir-threads, 2s window) -----
  dir 0: active=  0.00%  msgs=0           0 ns/msg
  AGGREGATE active = 0.00% (of 1 dir-threads; 0.00% per-thread avg)  msgs=0

----- REMOTE CPU LOAD (memory node dir-threads, 2s window) -----
  dir 0: active=  0.00%  msgs=1           478 ns/msg
  AGGREGATE active = 0.00% (of 1 dir-threads; 0.00% per-thread avg)  msgs=1

----- REMOTE CPU LOAD (memory node dir-threads, 2s window) -----
  dir 0: active=  0.00%  msgs=0           0 ns/msg
  AGGREGATE active = 0.00% (of 1 dir-threads; 0.00% per-thread avg)  msgs=0

----- REMOTE CPU LOAD (memory node dir-threads, 2s window) -----
  dir 0: active=  0.00%  msgs=0           0 ns/msg
  AGGREGATE active = 0.00% (of 1 dir-threads; 0.00% per-thread avg)  msgs=0

----- REMOTE CPU LOAD (memory node dir-threads, 2s window) -----
  dir 0: active=  0.00%  msgs=0           0 ns/msg
  AGGREGATE active = 0.00% (of 1 dir-threads; 0.00% per-thread avg)  msgs=0

----- REMOTE CPU LOAD (memory node dir-threads, 2s window) -----
  dir 0: active=  0.00%  msgs=0           0 ns/msg
  AGGREGATE active = 0.00% (of 1 dir-threads; 0.00% per-thread avg)  msgs=0

----- REMOTE CPU LOAD (memory node dir-threads, 2s window) -----
  dir 0: active=  0.00%  msgs=0           0 ns/msg
  AGGREGATE active = 0.00% (of 1 dir-threads; 0.00% per-thread avg)  msgs=0

----- REMOTE CPU LOAD (memory node dir-threads, 2s window) -----
  dir 0: active=  0.00%  msgs=1           823 ns/msg
  AGGREGATE active = 0.00% (of 1 dir-threads; 0.00% per-thread avg)  msgs=1

----- REMOTE CPU LOAD (memory node dir-threads, 2s window) -----
  dir 0: active=  0.00%  msgs=1           486 ns/msg
  AGGREGATE active = 0.00% (of 1 dir-threads; 0.00% per-thread avg)  msgs=1

----- REMOTE CPU LOAD (memory node dir-threads, 2s window) -----
  dir 0: active=  0.00%  msgs=0           0 ns/msg
  AGGREGATE active = 0.00% (of 1 dir-threads; 0.00% per-thread avg)  msgs=0

----- REMOTE CPU LOAD (memory node dir-threads, 2s window) -----
  dir 0: active=  0.00%  msgs=0           0 ns/msg
  AGGREGATE active = 0.00% (of 1 dir-threads; 0.00% per-thread avg)  msgs=0

----- REMOTE CPU LOAD (memory node dir-threads, 2s window) -----
  dir 0: active=  0.00%  msgs=0           0 ns/msg
  AGGREGATE active = 0.00% (of 1 dir-threads; 0.00% per-thread avg)  msgs=0

----- REMOTE CPU LOAD (memory node dir-threads, 2s window) -----
  dir 0: active=  0.00%  msgs=0           0 ns/msg
  AGGREGATE active = 0.00% (of 1 dir-threads; 0.00% per-thread avg)  msgs=0

----- REMOTE CPU LOAD (memory node dir-threads, 2s window) -----
  dir 0: active=  0.00%  msgs=0           0 ns/msg
  AGGREGATE active = 0.00% (of 1 dir-threads; 0.00% per-thread avg)  msgs=0

----- REMOTE CPU LOAD (memory node dir-threads, 2s window) -----
  dir 0: active=  0.00%  msgs=0           0 ns/msg
  AGGREGATE active = 0.00% (of 1 dir-threads; 0.00% per-thread avg)  msgs=0

----- REMOTE CPU LOAD (memory node dir-threads, 2s window) -----
  dir 0: active=  0.00%  msgs=0           0 ns/msg
  AGGREGATE active = 0.00% (of 1 dir-threads; 0.00% per-thread avg)  msgs=0

----- REMOTE CPU LOAD (memory node dir-threads, 2s window) -----
  dir 0: active=  0.00%  msgs=2           656 ns/msg
  AGGREGATE active = 0.00% (of 1 dir-threads; 0.00% per-thread avg)  msgs=2

----- REMOTE CPU LOAD (memory node dir-threads, 2s window) -----
  dir 0: active=  0.00%  msgs=0           0 ns/msg
  AGGREGATE active = 0.00% (of 1 dir-threads; 0.00% per-thread avg)  msgs=0

----- REMOTE CPU LOAD (memory node dir-threads, 2s window) -----
  dir 0: active=  0.00%  msgs=0           0 ns/msg
  AGGREGATE active = 0.00% (of 1 dir-threads; 0.00% per-thread avg)  msgs=0

----- REMOTE CPU LOAD (memory node dir-threads, 2s window) -----
  dir 0: active=  0.00%  msgs=0           0 ns/msg
  AGGREGATE active = 0.00% (of 1 dir-threads; 0.00% per-thread avg)  msgs=0

----- REMOTE CPU LOAD (memory node dir-threads, 2s window) -----
  dir 0: active=  0.00%  msgs=0           0 ns/msg
  AGGREGATE active = 0.00% (of 1 dir-threads; 0.00% per-thread avg)  msgs=0

----- REMOTE CPU LOAD (memory node dir-threads, 2s window) -----
  dir 0: active=  0.00%  msgs=0           0 ns/msg
  AGGREGATE active = 0.00% (of 1 dir-threads; 0.00% per-thread avg)  msgs=0

----- REMOTE CPU LOAD (memory node dir-threads, 2s window) -----
  dir 0: active=  0.00%  msgs=0           0 ns/msg
  AGGREGATE active = 0.00% (of 1 dir-threads; 0.00% per-thread avg)  msgs=0

----- REMOTE CPU LOAD (memory node dir-threads, 2s window) -----
  dir 0: active=  0.00%  msgs=0           0 ns/msg
  AGGREGATE active = 0.00% (of 1 dir-threads; 0.00% per-thread avg)  msgs=0

----- REMOTE CPU LOAD (memory node dir-threads, 2s window) -----
  dir 0: active=  0.00%  msgs=1           614 ns/msg
  AGGREGATE active = 0.00% (of 1 dir-threads; 0.00% per-thread avg)  msgs=1

----- REMOTE CPU LOAD (memory node dir-threads, 2s window) -----
  dir 0: active=  0.00%  msgs=1           846 ns/msg
  AGGREGATE active = 0.00% (of 1 dir-threads; 0.00% per-thread avg)  msgs=1

----- REMOTE CPU LOAD (memory node dir-threads, 2s window) -----
  dir 0: active=  0.00%  msgs=0           0 ns/msg
  AGGREGATE active = 0.00% (of 1 dir-threads; 0.00% per-thread avg)  msgs=0

----- REMOTE CPU LOAD (memory node dir-threads, 2s window) -----
  dir 0: active=  0.00%  msgs=0           0 ns/msg
  AGGREGATE active = 0.00% (of 1 dir-threads; 0.00% per-thread avg)  msgs=0

----- REMOTE CPU LOAD (memory node dir-threads, 2s window) -----
  dir 0: active=  0.00%  msgs=0           0 ns/msg
  AGGREGATE active = 0.00% (of 1 dir-threads; 0.00% per-thread avg)  msgs=0

----- REMOTE CPU LOAD (memory node dir-threads, 2s window) -----
  dir 0: active=  0.00%  msgs=0           0 ns/msg
  AGGREGATE active = 0.00% (of 1 dir-threads; 0.00% per-thread avg)  msgs=0

----- REMOTE CPU LOAD (memory node dir-threads, 2s window) -----
  dir 0: active=  0.00%  msgs=0           0 ns/msg
  AGGREGATE active = 0.00% (of 1 dir-threads; 0.00% per-thread avg)  msgs=0

----- REMOTE CPU LOAD (memory node dir-threads, 2s window) -----
  dir 0: active=  0.00%  msgs=0           0 ns/msg
  AGGREGATE active = 0.00% (of 1 dir-threads; 0.00% per-thread avg)  msgs=0

----- REMOTE CPU LOAD (memory node dir-threads, 2s window) -----
  dir 0: active=  0.00%  msgs=1           531 ns/msg
  AGGREGATE active = 0.00% (of 1 dir-threads; 0.00% per-thread avg)  msgs=1

----- REMOTE CPU LOAD (memory node dir-threads, 2s window) -----
  dir 0: active=  0.00%  msgs=0           0 ns/msg
  AGGREGATE active = 0.00% (of 1 dir-threads; 0.00% per-thread avg)  msgs=0

----- REMOTE CPU LOAD (memory node dir-threads, 2s window) -----
  dir 0: active=  0.00%  msgs=1           1127 ns/msg
  AGGREGATE active = 0.00% (of 1 dir-threads; 0.00% per-thread avg)  msgs=1

----- REMOTE CPU LOAD (memory node dir-threads, 2s window) -----
  dir 0: active=  0.00%  msgs=0           0 ns/msg
  AGGREGATE active = 0.00% (of 1 dir-threads; 0.00% per-thread avg)  msgs=0

----- REMOTE CPU LOAD (memory node dir-threads, 2s window) -----
  dir 0: active=  0.00%  msgs=0           0 ns/msg
  AGGREGATE active = 0.00% (of 1 dir-threads; 0.00% per-thread avg)  msgs=0

----- REMOTE CPU LOAD (memory node dir-threads, 2s window) -----
  dir 0: active=  0.00%  msgs=0           0 ns/msg
  AGGREGATE active = 0.00% (of 1 dir-threads; 0.00% per-thread avg)  msgs=0

----- REMOTE CPU LOAD (memory node dir-threads, 2s window) -----
  dir 0: active=  0.00%  msgs=0           0 ns/msg
  AGGREGATE active = 0.00% (of 1 dir-threads; 0.00% per-thread avg)  msgs=0

----- REMOTE CPU LOAD (memory node dir-threads, 2s window) -----
  dir 0: active=  0.00%  msgs=0           0 ns/msg
  AGGREGATE active = 0.00% (of 1 dir-threads; 0.00% per-thread avg)  msgs=0

----- REMOTE CPU LOAD (memory node dir-threads, 2s window) -----
  dir 0: active=  0.00%  msgs=0           0 ns/msg
  AGGREGATE active = 0.00% (of 1 dir-threads; 0.00% per-thread avg)  msgs=0

----- REMOTE CPU LOAD (memory node dir-threads, 2s window) -----
  dir 0: active=  0.00%  msgs=1           743 ns/msg
  AGGREGATE active = 0.00% (of 1 dir-threads; 0.00% per-thread avg)  msgs=1

----- REMOTE CPU LOAD (memory node dir-threads, 2s window) -----
  dir 0: active=  0.00%  msgs=0           0 ns/msg
  AGGREGATE active = 0.00% (of 1 dir-threads; 0.00% per-thread avg)  msgs=0

----- REMOTE CPU LOAD (memory node dir-threads, 2s window) -----
  dir 0: active=  0.00%  msgs=0           0 ns/msg
  AGGREGATE active = 0.00% (of 1 dir-threads; 0.00% per-thread avg)  msgs=0

----- REMOTE CPU LOAD (memory node dir-threads, 2s window) -----
  dir 0: active=  0.00%  msgs=1           716 ns/msg
  AGGREGATE active = 0.00% (of 1 dir-threads; 0.00% per-thread avg)  msgs=1

----- REMOTE CPU LOAD (memory node dir-threads, 2s window) -----
  dir 0: active=  0.00%  msgs=0           0 ns/msg
  AGGREGATE active = 0.00% (of 1 dir-threads; 0.00% per-thread avg)  msgs=0

----- REMOTE CPU LOAD (memory node dir-threads, 2s window) -----
  dir 0: active=  0.00%  msgs=0           0 ns/msg
  AGGREGATE active = 0.00% (of 1 dir-threads; 0.00% per-thread avg)  msgs=0

----- REMOTE CPU LOAD (memory node dir-threads, 2s window) -----
  dir 0: active=  0.00%  msgs=0           0 ns/msg
  AGGREGATE active = 0.00% (of 1 dir-threads; 0.00% per-thread avg)  msgs=0

----- REMOTE CPU LOAD (memory node dir-threads, 2s window) -----
  dir 0: active=  0.00%  msgs=0           0 ns/msg
  AGGREGATE active = 0.00% (of 1 dir-threads; 0.00% per-thread avg)  msgs=0

----- REMOTE CPU LOAD (memory node dir-threads, 2s window) -----
  dir 0: active=  0.00%  msgs=1           634 ns/msg
  AGGREGATE active = 0.00% (of 1 dir-threads; 0.00% per-thread avg)  msgs=1

----- REMOTE CPU LOAD (memory node dir-threads, 2s window) -----
  dir 0: active=  0.00%  msgs=0           0 ns/msg
  AGGREGATE active = 0.00% (of 1 dir-threads; 0.00% per-thread avg)  msgs=0

----- REMOTE CPU LOAD (memory node dir-threads, 2s window) -----
  dir 0: active=  0.00%  msgs=0           0 ns/msg
  AGGREGATE active = 0.00% (of 1 dir-threads; 0.00% per-thread avg)  msgs=0

----- REMOTE CPU LOAD (memory node dir-threads, 2s window) -----
  dir 0: active=  0.00%  msgs=0           0 ns/msg
  AGGREGATE active = 0.00% (of 1 dir-threads; 0.00% per-thread avg)  msgs=0

----- REMOTE CPU LOAD (memory node dir-threads, 2s window) -----
  dir 0: active=  0.00%  msgs=1           741 ns/msg
  AGGREGATE active = 0.00% (of 1 dir-threads; 0.00% per-thread avg)  msgs=1

----- REMOTE CPU LOAD (memory node dir-threads, 2s window) -----
  dir 0: active=  0.00%  msgs=0           0 ns/msg
  AGGREGATE active = 0.00% (of 1 dir-threads; 0.00% per-thread avg)  msgs=0

----- REMOTE CPU LOAD (memory node dir-threads, 2s window) -----
  dir 0: active=  0.00%  msgs=0           0 ns/msg
  AGGREGATE active = 0.00% (of 1 dir-threads; 0.00% per-thread avg)  msgs=0

----- REMOTE CPU LOAD (memory node dir-threads, 2s window) -----
  dir 0: active=  0.00%  msgs=0           0 ns/msg
  AGGREGATE active = 0.00% (of 1 dir-threads; 0.00% per-thread avg)  msgs=0

----- REMOTE CPU LOAD (memory node dir-threads, 2s window) -----
  dir 0: active=  0.00%  msgs=0           0 ns/msg
  AGGREGATE active = 0.00% (of 1 dir-threads; 0.00% per-thread avg)  msgs=0

----- REMOTE CPU LOAD (memory node dir-threads, 2s window) -----
  dir 0: active=  0.00%  msgs=1           739 ns/msg
  AGGREGATE active = 0.00% (of 1 dir-threads; 0.00% per-thread avg)  msgs=1

----- REMOTE CPU LOAD (memory node dir-threads, 2s window) -----
  dir 0: active=  0.00%  msgs=0           0 ns/msg
  AGGREGATE active = 0.00% (of 1 dir-threads; 0.00% per-thread avg)  msgs=0

----- REMOTE CPU LOAD (memory node dir-threads, 2s window) -----
  dir 0: active=  0.00%  msgs=0           0 ns/msg
  AGGREGATE active = 0.00% (of 1 dir-threads; 0.00% per-thread avg)  msgs=0

----- REMOTE CPU LOAD (memory node dir-threads, 2s window) -----
  dir 0: active=  0.00%  msgs=0           0 ns/msg
  AGGREGATE active = 0.00% (of 1 dir-threads; 0.00% per-thread avg)  msgs=0

----- REMOTE CPU LOAD (memory node dir-threads, 2s window) -----
  dir 0: active=  0.00%  msgs=0           0 ns/msg
  AGGREGATE active = 0.00% (of 1 dir-threads; 0.00% per-thread avg)  msgs=0

----- REMOTE CPU LOAD (memory node dir-threads, 2s window) -----
  dir 0: active=  0.00%  msgs=1           745 ns/msg
  AGGREGATE active = 0.00% (of 1 dir-threads; 0.00% per-thread avg)  msgs=1

----- REMOTE CPU LOAD (memory node dir-threads, 2s window) -----
  dir 0: active=  0.00%  msgs=0           0 ns/msg
  AGGREGATE active = 0.00% (of 1 dir-threads; 0.00% per-thread avg)  msgs=0

----- REMOTE CPU LOAD (memory node dir-threads, 2s window) -----
  dir 0: active=  0.00%  msgs=0           0 ns/msg
  AGGREGATE active = 0.00% (of 1 dir-threads; 0.00% per-thread avg)  msgs=0

----- REMOTE CPU LOAD (memory node dir-threads, 2s window) -----
  dir 0: active=  0.00%  msgs=1           595 ns/msg
  AGGREGATE active = 0.00% (of 1 dir-threads; 0.00% per-thread avg)  msgs=1

----- REMOTE CPU LOAD (memory node dir-threads, 2s window) -----
  dir 0: active=  0.00%  msgs=0           0 ns/msg
  AGGREGATE active = 0.00% (of 1 dir-threads; 0.00% per-thread avg)  msgs=0

----- REMOTE CPU LOAD (memory node dir-threads, 2s window) -----
  dir 0: active=  0.00%  msgs=0           0 ns/msg
  AGGREGATE active = 0.00% (of 1 dir-threads; 0.00% per-thread avg)  msgs=0

----- REMOTE CPU LOAD (memory node dir-threads, 2s window) -----
  dir 0: active=  0.00%  msgs=0           0 ns/msg
  AGGREGATE active = 0.00% (of 1 dir-threads; 0.00% per-thread avg)  msgs=0

----- REMOTE CPU LOAD (memory node dir-threads, 2s window) -----
  dir 0: active=  0.00%  msgs=0           0 ns/msg
  AGGREGATE active = 0.00% (of 1 dir-threads; 0.00% per-thread avg)  msgs=0

----- REMOTE CPU LOAD (memory node dir-threads, 2s window) -----
  dir 0: active=  0.00%  msgs=0           0 ns/msg
  AGGREGATE active = 0.00% (of 1 dir-threads; 0.00% per-thread avg)  msgs=0

----- REMOTE CPU LOAD (memory node dir-threads, 2s window) -----
  dir 0: active=  0.00%  msgs=0           0 ns/msg
  AGGREGATE active = 0.00% (of 1 dir-threads; 0.00% per-thread avg)  msgs=0

----- REMOTE CPU LOAD (memory node dir-threads, 2s window) -----
  dir 0: active=  0.00%  msgs=1           843 ns/msg
  AGGREGATE active = 0.00% (of 1 dir-threads; 0.00% per-thread avg)  msgs=1

----- REMOTE CPU LOAD (memory node dir-threads, 2s window) -----
  dir 0: active=  0.00%  msgs=0           0 ns/msg
  AGGREGATE active = 0.00% (of 1 dir-threads; 0.00% per-thread avg)  msgs=0

----- REMOTE CPU LOAD (memory node dir-threads, 2s window) -----
  dir 0: active=  0.00%  msgs=1           406 ns/msg
  AGGREGATE active = 0.00% (of 1 dir-threads; 0.00% per-thread avg)  msgs=1

----- REMOTE CPU LOAD (memory node dir-threads, 2s window) -----
  dir 0: active=  0.00%  msgs=0           0 ns/msg
  AGGREGATE active = 0.00% (of 1 dir-threads; 0.00% per-thread avg)  msgs=0

----- REMOTE CPU LOAD (memory node dir-threads, 2s window) -----
  dir 0: active=  0.00%  msgs=0           0 ns/msg
  AGGREGATE active = 0.00% (of 1 dir-threads; 0.00% per-thread avg)  msgs=0

----- REMOTE CPU LOAD (memory node dir-threads, 2s window) -----
  dir 0: active=  0.00%  msgs=0           0 ns/msg
  AGGREGATE active = 0.00% (of 1 dir-threads; 0.00% per-thread avg)  msgs=0

----- REMOTE CPU LOAD (memory node dir-threads, 2s window) -----
  dir 0: active=  0.00%  msgs=0           0 ns/msg
  AGGREGATE active = 0.00% (of 1 dir-threads; 0.00% per-thread avg)  msgs=0

----- REMOTE CPU LOAD (memory node dir-threads, 2s window) -----
  dir 0: active=  0.00%  msgs=0           0 ns/msg
  AGGREGATE active = 0.00% (of 1 dir-threads; 0.00% per-thread avg)  msgs=0

----- REMOTE CPU LOAD (memory node dir-threads, 2s window) -----
  dir 0: active=  0.00%  msgs=0           0 ns/msg
  AGGREGATE active = 0.00% (of 1 dir-threads; 0.00% per-thread avg)  msgs=0

----- REMOTE CPU LOAD (memory node dir-threads, 2s window) -----
  dir 0: active=  0.00%  msgs=0           0 ns/msg
  AGGREGATE active = 0.00% (of 1 dir-threads; 0.00% per-thread avg)  msgs=0

----- REMOTE CPU LOAD (memory node dir-threads, 2s window) -----
  dir 0: active=  0.00%  msgs=1           701 ns/msg
  AGGREGATE active = 0.00% (of 1 dir-threads; 0.00% per-thread avg)  msgs=1

----- REMOTE CPU LOAD (memory node dir-threads, 2s window) -----
  dir 0: active=  0.00%  msgs=1           637 ns/msg
  AGGREGATE active = 0.00% (of 1 dir-threads; 0.00% per-thread avg)  msgs=1

----- REMOTE CPU LOAD (memory node dir-threads, 2s window) -----
  dir 0: active=  0.00%  msgs=0           0 ns/msg
  AGGREGATE active = 0.00% (of 1 dir-threads; 0.00% per-thread avg)  msgs=0

----- REMOTE CPU LOAD (memory node dir-threads, 2s window) -----
  dir 0: active=  0.00%  msgs=0           0 ns/msg
  AGGREGATE active = 0.00% (of 1 dir-threads; 0.00% per-thread avg)  msgs=0

----- REMOTE CPU LOAD (memory node dir-threads, 2s window) -----
  dir 0: active=  0.00%  msgs=0           0 ns/msg
  AGGREGATE active = 0.00% (of 1 dir-threads; 0.00% per-thread avg)  msgs=0

----- REMOTE CPU LOAD (memory node dir-threads, 2s window) -----
  dir 0: active=  0.00%  msgs=0           0 ns/msg
  AGGREGATE active = 0.00% (of 1 dir-threads; 0.00% per-thread avg)  msgs=0

----- REMOTE CPU LOAD (memory node dir-threads, 2s window) -----
  dir 0: active=  0.00%  msgs=0           0 ns/msg
  AGGREGATE active = 0.00% (of 1 dir-threads; 0.00% per-thread avg)  msgs=0

----- REMOTE CPU LOAD (memory node dir-threads, 2s window) -----
  dir 0: active=  0.00%  msgs=0           0 ns/msg
  AGGREGATE active = 0.00% (of 1 dir-threads; 0.00% per-thread avg)  msgs=0

----- REMOTE CPU LOAD (memory node dir-threads, 2s window) -----
  dir 0: active=  0.00%  msgs=0           0 ns/msg
  AGGREGATE active = 0.00% (of 1 dir-threads; 0.00% per-thread avg)  msgs=0

----- REMOTE CPU LOAD (memory node dir-threads, 2s window) -----
  dir 0: active=  0.00%  msgs=0           0 ns/msg
  AGGREGATE active = 0.00% (of 1 dir-threads; 0.00% per-thread avg)  msgs=0

----- REMOTE CPU LOAD (memory node dir-threads, 2s window) -----
  dir 0: active=  0.00%  msgs=2           555 ns/msg
  AGGREGATE active = 0.00% (of 1 dir-threads; 0.00% per-thread avg)  msgs=2

----- REMOTE CPU LOAD (memory node dir-threads, 2s window) -----
  dir 0: active=  0.00%  msgs=0           0 ns/msg
  AGGREGATE active = 0.00% (of 1 dir-threads; 0.00% per-thread avg)  msgs=0

----- REMOTE CPU LOAD (memory node dir-threads, 2s window) -----
  dir 0: active=  0.00%  msgs=0           0 ns/msg
  AGGREGATE active = 0.00% (of 1 dir-threads; 0.00% per-thread avg)  msgs=0

----- REMOTE CPU LOAD (memory node dir-threads, 2s window) -----
  dir 0: active=  0.00%  msgs=0           0 ns/msg
  AGGREGATE active = 0.00% (of 1 dir-threads; 0.00% per-thread avg)  msgs=0

----- REMOTE CPU LOAD (memory node dir-threads, 2s window) -----
  dir 0: active=  0.00%  msgs=0           0 ns/msg
  AGGREGATE active = 0.00% (of 1 dir-threads; 0.00% per-thread avg)  msgs=0

----- REMOTE CPU LOAD (memory node dir-threads, 2s window) -----
  dir 0: active=  0.00%  msgs=0           0 ns/msg
  AGGREGATE active = 0.00% (of 1 dir-threads; 0.00% per-thread avg)  msgs=0

----- REMOTE CPU LOAD (memory node dir-threads, 2s window) -----
  dir 0: active=  0.00%  msgs=0           0 ns/msg
  AGGREGATE active = 0.00% (of 1 dir-threads; 0.00% per-thread avg)  msgs=0

----- REMOTE CPU LOAD (memory node dir-threads, 2s window) -----
  dir 0: active=  0.00%  msgs=0           0 ns/msg
  AGGREGATE active = 0.00% (of 1 dir-threads; 0.00% per-thread avg)  msgs=0

----- REMOTE CPU LOAD (memory node dir-threads, 2s window) -----
  dir 0: active=  0.00%  msgs=0           0 ns/msg
  AGGREGATE active = 0.00% (of 1 dir-threads; 0.00% per-thread avg)  msgs=0

----- REMOTE CPU LOAD (memory node dir-threads, 2s window) -----
  dir 0: active=  0.00%  msgs=1           730 ns/msg
  AGGREGATE active = 0.00% (of 1 dir-threads; 0.00% per-thread avg)  msgs=1

----- REMOTE CPU LOAD (memory node dir-threads, 2s window) -----
  dir 0: active=  0.00%  msgs=1           744 ns/msg
  AGGREGATE active = 0.00% (of 1 dir-threads; 0.00% per-thread avg)  msgs=1

----- REMOTE CPU LOAD (memory node dir-threads, 2s window) -----
  dir 0: active=  0.00%  msgs=0           0 ns/msg
  AGGREGATE active = 0.00% (of 1 dir-threads; 0.00% per-thread avg)  msgs=0

----- REMOTE CPU LOAD (memory node dir-threads, 2s window) -----
  dir 0: active=  0.00%  msgs=0           0 ns/msg
  AGGREGATE active = 0.00% (of 1 dir-threads; 0.00% per-thread avg)  msgs=0

----- REMOTE CPU LOAD (memory node dir-threads, 2s window) -----
  dir 0: active=  0.00%  msgs=0           0 ns/msg
  AGGREGATE active = 0.00% (of 1 dir-threads; 0.00% per-thread avg)  msgs=0

----- REMOTE CPU LOAD (memory node dir-threads, 2s window) -----
  dir 0: active=  0.00%  msgs=0           0 ns/msg
  AGGREGATE active = 0.00% (of 1 dir-threads; 0.00% per-thread avg)  msgs=0

----- REMOTE CPU LOAD (memory node dir-threads, 2s window) -----
  dir 0: active=  0.00%  msgs=0           0 ns/msg
  AGGREGATE active = 0.00% (of 1 dir-threads; 0.00% per-thread avg)  msgs=0

----- REMOTE CPU LOAD (memory node dir-threads, 2s window) -----
  dir 0: active=  0.00%  msgs=0           0 ns/msg
  AGGREGATE active = 0.00% (of 1 dir-threads; 0.00% per-thread avg)  msgs=0

----- REMOTE CPU LOAD (memory node dir-threads, 2s window) -----
  dir 0: active=  0.00%  msgs=1           684 ns/msg
  AGGREGATE active = 0.00% (of 1 dir-threads; 0.00% per-thread avg)  msgs=1

----- REMOTE CPU LOAD (memory node dir-threads, 2s window) -----
  dir 0: active=  0.00%  msgs=0           0 ns/msg
  AGGREGATE active = 0.00% (of 1 dir-threads; 0.00% per-thread avg)  msgs=0

----- REMOTE CPU LOAD (memory node dir-threads, 2s window) -----
  dir 0: active=  0.00%  msgs=0           0 ns/msg
  AGGREGATE active = 0.00% (of 1 dir-threads; 0.00% per-thread avg)  msgs=0

----- REMOTE CPU LOAD (memory node dir-threads, 2s window) -----
  dir 0: active=  0.00%  msgs=1           748 ns/msg
  AGGREGATE active = 0.00% (of 1 dir-threads; 0.00% per-thread avg)  msgs=1

----- REMOTE CPU LOAD (memory node dir-threads, 2s window) -----
  dir 0: active=  0.00%  msgs=0           0 ns/msg
  AGGREGATE active = 0.00% (of 1 dir-threads; 0.00% per-thread avg)  msgs=0

----- REMOTE CPU LOAD (memory node dir-threads, 2s window) -----
  dir 0: active=  0.00%  msgs=0           0 ns/msg
  AGGREGATE active = 0.00% (of 1 dir-threads; 0.00% per-thread avg)  msgs=0

----- REMOTE CPU LOAD (memory node dir-threads, 2s window) -----
  dir 0: active=  0.00%  msgs=0           0 ns/msg
  AGGREGATE active = 0.00% (of 1 dir-threads; 0.00% per-thread avg)  msgs=0

----- REMOTE CPU LOAD (memory node dir-threads, 2s window) -----
  dir 0: active=  0.00%  msgs=0           0 ns/msg
  AGGREGATE active = 0.00% (of 1 dir-threads; 0.00% per-thread avg)  msgs=0

----- REMOTE CPU LOAD (memory node dir-threads, 2s window) -----
  dir 0: active=  0.00%  msgs=0           0 ns/msg
  AGGREGATE active = 0.00% (of 1 dir-threads; 0.00% per-thread avg)  msgs=0

----- REMOTE CPU LOAD (memory node dir-threads, 2s window) -----
  dir 0: active=  0.00%  msgs=1           717 ns/msg
  AGGREGATE active = 0.00% (of 1 dir-threads; 0.00% per-thread avg)  msgs=1

----- REMOTE CPU LOAD (memory node dir-threads, 2s window) -----
  dir 0: active=  0.00%  msgs=0           0 ns/msg
  AGGREGATE active = 0.00% (of 1 dir-threads; 0.00% per-thread avg)  msgs=0

----- REMOTE CPU LOAD (memory node dir-threads, 2s window) -----
  dir 0: active=  0.00%  msgs=0           0 ns/msg
  AGGREGATE active = 0.00% (of 1 dir-threads; 0.00% per-thread avg)  msgs=0

----- REMOTE CPU LOAD (memory node dir-threads, 2s window) -----
  dir 0: active=  0.00%  msgs=1           760 ns/msg
  AGGREGATE active = 0.00% (of 1 dir-threads; 0.00% per-thread avg)  msgs=1

----- REMOTE CPU LOAD (memory node dir-threads, 2s window) -----
  dir 0: active=  0.00%  msgs=0           0 ns/msg
  AGGREGATE active = 0.00% (of 1 dir-threads; 0.00% per-thread avg)  msgs=0

----- REMOTE CPU LOAD (memory node dir-threads, 2s window) -----
  dir 0: active=  0.00%  msgs=0           0 ns/msg
  AGGREGATE active = 0.00% (of 1 dir-threads; 0.00% per-thread avg)  msgs=0

----- REMOTE CPU LOAD (memory node dir-threads, 2s window) -----
  dir 0: active=  0.00%  msgs=0           0 ns/msg
  AGGREGATE active = 0.00% (of 1 dir-threads; 0.00% per-thread avg)  msgs=0

----- REMOTE CPU LOAD (memory node dir-threads, 2s window) -----
  dir 0: active=  0.00%  msgs=0           0 ns/msg
  AGGREGATE active = 0.00% (of 1 dir-threads; 0.00% per-thread avg)  msgs=0

----- REMOTE CPU LOAD (memory node dir-threads, 2s window) -----
  dir 0: active=  0.00%  msgs=0           0 ns/msg
  AGGREGATE active = 0.00% (of 1 dir-threads; 0.00% per-thread avg)  msgs=0

----- REMOTE CPU LOAD (memory node dir-threads, 2s window) -----
  dir 0: active=  0.00%  msgs=1           865 ns/msg
  AGGREGATE active = 0.00% (of 1 dir-threads; 0.00% per-thread avg)  msgs=1

----- REMOTE CPU LOAD (memory node dir-threads, 2s window) -----
  dir 0: active=  0.00%  msgs=0           0 ns/msg
  AGGREGATE active = 0.00% (of 1 dir-threads; 0.00% per-thread avg)  msgs=0

----- REMOTE CPU LOAD (memory node dir-threads, 2s window) -----
  dir 0: active=  0.00%  msgs=0           0 ns/msg
  AGGREGATE active = 0.00% (of 1 dir-threads; 0.00% per-thread avg)  msgs=0

----- REMOTE CPU LOAD (memory node dir-threads, 2s window) -----
  dir 0: active=  0.00%  msgs=0           0 ns/msg
  AGGREGATE active = 0.00% (of 1 dir-threads; 0.00% per-thread avg)  msgs=0

----- REMOTE CPU LOAD (memory node dir-threads, 2s window) -----
  dir 0: active=  0.00%  msgs=1           796 ns/msg
  AGGREGATE active = 0.00% (of 1 dir-threads; 0.00% per-thread avg)  msgs=1

----- REMOTE CPU LOAD (memory node dir-threads, 2s window) -----
  dir 0: active=  0.00%  msgs=0           0 ns/msg
  AGGREGATE active = 0.00% (of 1 dir-threads; 0.00% per-thread avg)  msgs=0

----- REMOTE CPU LOAD (memory node dir-threads, 2s window) -----
  dir 0: active=  0.00%  msgs=0           0 ns/msg
  AGGREGATE active = 0.00% (of 1 dir-threads; 0.00% per-thread avg)  msgs=0

----- REMOTE CPU LOAD (memory node dir-threads, 2s window) -----
  dir 0: active=  0.00%  msgs=0           0 ns/msg
  AGGREGATE active = 0.00% (of 1 dir-threads; 0.00% per-thread avg)  msgs=0

----- REMOTE CPU LOAD (memory node dir-threads, 2s window) -----
  dir 0: active=  0.00%  msgs=0           0 ns/msg
  AGGREGATE active = 0.00% (of 1 dir-threads; 0.00% per-thread avg)  msgs=0

----- REMOTE CPU LOAD (memory node dir-threads, 2s window) -----
  dir 0: active=  0.00%  msgs=1           674 ns/msg
  AGGREGATE active = 0.00% (of 1 dir-threads; 0.00% per-thread avg)  msgs=1

----- REMOTE CPU LOAD (memory node dir-threads, 2s window) -----
  dir 0: active=  0.00%  msgs=0           0 ns/msg
  AGGREGATE active = 0.00% (of 1 dir-threads; 0.00% per-thread avg)  msgs=0

----- REMOTE CPU LOAD (memory node dir-threads, 2s window) -----
  dir 0: active=  0.00%  msgs=0           0 ns/msg
  AGGREGATE active = 0.00% (of 1 dir-threads; 0.00% per-thread avg)  msgs=0

----- REMOTE CPU LOAD (memory node dir-threads, 2s window) -----
  dir 0: active=  0.00%  msgs=0           0 ns/msg
  AGGREGATE active = 0.00% (of 1 dir-threads; 0.00% per-thread avg)  msgs=0

----- REMOTE CPU LOAD (memory node dir-threads, 2s window) -----
  dir 0: active=  0.00%  msgs=0           0 ns/msg
  AGGREGATE active = 0.00% (of 1 dir-threads; 0.00% per-thread avg)  msgs=0

----- REMOTE CPU LOAD (memory node dir-threads, 2s window) -----
  dir 0: active=  0.00%  msgs=1           804 ns/msg
  AGGREGATE active = 0.00% (of 1 dir-threads; 0.00% per-thread avg)  msgs=1

----- REMOTE CPU LOAD (memory node dir-threads, 2s window) -----
  dir 0: active=  0.00%  msgs=0           0 ns/msg
  AGGREGATE active = 0.00% (of 1 dir-threads; 0.00% per-thread avg)  msgs=0

----- REMOTE CPU LOAD (memory node dir-threads, 2s window) -----
  dir 0: active=  0.00%  msgs=0           0 ns/msg
  AGGREGATE active = 0.00% (of 1 dir-threads; 0.00% per-thread avg)  msgs=0

----- REMOTE CPU LOAD (memory node dir-threads, 2s window) -----
  dir 0: active=  0.00%  msgs=1           716 ns/msg
  AGGREGATE active = 0.00% (of 1 dir-threads; 0.00% per-thread avg)  msgs=1

----- REMOTE CPU LOAD (memory node dir-threads, 2s window) -----
  dir 0: active=  0.00%  msgs=0           0 ns/msg
  AGGREGATE active = 0.00% (of 1 dir-threads; 0.00% per-thread avg)  msgs=0

----- REMOTE CPU LOAD (memory node dir-threads, 2s window) -----
  dir 0: active=  0.00%  msgs=0           0 ns/msg
  AGGREGATE active = 0.00% (of 1 dir-threads; 0.00% per-thread avg)  msgs=0

----- REMOTE CPU LOAD (memory node dir-threads, 2s window) -----
  dir 0: active=  0.00%  msgs=0           0 ns/msg
  AGGREGATE active = 0.00% (of 1 dir-threads; 0.00% per-thread avg)  msgs=0

----- REMOTE CPU LOAD (memory node dir-threads, 2s window) -----
  dir 0: active=  0.00%  msgs=0           0 ns/msg
  AGGREGATE active = 0.00% (of 1 dir-threads; 0.00% per-thread avg)  msgs=0

----- REMOTE CPU LOAD (memory node dir-threads, 2s window) -----
  dir 0: active=  0.00%  msgs=0           0 ns/msg
  AGGREGATE active = 0.00% (of 1 dir-threads; 0.00% per-thread avg)  msgs=0

----- REMOTE CPU LOAD (memory node dir-threads, 2s window) -----
  dir 0: active=  0.00%  msgs=0           0 ns/msg
  AGGREGATE active = 0.00% (of 1 dir-threads; 0.00% per-thread avg)  msgs=0

----- REMOTE CPU LOAD (memory node dir-threads, 2s window) -----
  dir 0: active=  0.00%  msgs=1           934 ns/msg
  AGGREGATE active = 0.00% (of 1 dir-threads; 0.00% per-thread avg)  msgs=1

----- REMOTE CPU LOAD (memory node dir-threads, 2s window) -----
  dir 0: active=  0.00%  msgs=0           0 ns/msg
  AGGREGATE active = 0.00% (of 1 dir-threads; 0.00% per-thread avg)  msgs=0

----- REMOTE CPU LOAD (memory node dir-threads, 2s window) -----
  dir 0: active=  0.00%  msgs=1           446 ns/msg
  AGGREGATE active = 0.00% (of 1 dir-threads; 0.00% per-thread avg)  msgs=1

----- REMOTE CPU LOAD (memory node dir-threads, 2s window) -----
  dir 0: active=  0.00%  msgs=0           0 ns/msg
  AGGREGATE active = 0.00% (of 1 dir-threads; 0.00% per-thread avg)  msgs=0

----- REMOTE CPU LOAD (memory node dir-threads, 2s window) -----
  dir 0: active=  0.00%  msgs=0           0 ns/msg
  AGGREGATE active = 0.00% (of 1 dir-threads; 0.00% per-thread avg)  msgs=0

----- REMOTE CPU LOAD (memory node dir-threads, 2s window) -----
  dir 0: active=  0.00%  msgs=0           0 ns/msg
  AGGREGATE active = 0.00% (of 1 dir-threads; 0.00% per-thread avg)  msgs=0

----- REMOTE CPU LOAD (memory node dir-threads, 2s window) -----
  dir 0: active=  0.00%  msgs=0           0 ns/msg
  AGGREGATE active = 0.00% (of 1 dir-threads; 0.00% per-thread avg)  msgs=0

----- REMOTE CPU LOAD (memory node dir-threads, 2s window) -----
  dir 0: active=  0.00%  msgs=0           0 ns/msg
  AGGREGATE active = 0.00% (of 1 dir-threads; 0.00% per-thread avg)  msgs=0

----- REMOTE CPU LOAD (memory node dir-threads, 2s window) -----
  dir 0: active=  0.00%  msgs=0           0 ns/msg
  AGGREGATE active = 0.00% (of 1 dir-threads; 0.00% per-thread avg)  msgs=0

----- REMOTE CPU LOAD (memory node dir-threads, 2s window) -----
  dir 0: active=  0.00%  msgs=1           629 ns/msg
  AGGREGATE active = 0.00% (of 1 dir-threads; 0.00% per-thread avg)  msgs=1

----- REMOTE CPU LOAD (memory node dir-threads, 2s window) -----
  dir 0: active=  0.00%  msgs=0           0 ns/msg
  AGGREGATE active = 0.00% (of 1 dir-threads; 0.00% per-thread avg)  msgs=0

----- REMOTE CPU LOAD (memory node dir-threads, 2s window) -----
  dir 0: active=  0.00%  msgs=1           516 ns/msg
  AGGREGATE active = 0.00% (of 1 dir-threads; 0.00% per-thread avg)  msgs=1

----- REMOTE CPU LOAD (memory node dir-threads, 2s window) -----
  dir 0: active=  0.00%  msgs=0           0 ns/msg
  AGGREGATE active = 0.00% (of 1 dir-threads; 0.00% per-thread avg)  msgs=0

----- REMOTE CPU LOAD (memory node dir-threads, 2s window) -----
  dir 0: active=  0.00%  msgs=0           0 ns/msg
  AGGREGATE active = 0.00% (of 1 dir-threads; 0.00% per-thread avg)  msgs=0

----- REMOTE CPU LOAD (memory node dir-threads, 2s window) -----
  dir 0: active=  0.00%  msgs=0           0 ns/msg
  AGGREGATE active = 0.00% (of 1 dir-threads; 0.00% per-thread avg)  msgs=0

----- REMOTE CPU LOAD (memory node dir-threads, 2s window) -----
  dir 0: active=  0.00%  msgs=0           0 ns/msg
  AGGREGATE active = 0.00% (of 1 dir-threads; 0.00% per-thread avg)  msgs=0

----- REMOTE CPU LOAD (memory node dir-threads, 2s window) -----
  dir 0: active=  0.00%  msgs=0           0 ns/msg
  AGGREGATE active = 0.00% (of 1 dir-threads; 0.00% per-thread avg)  msgs=0

----- REMOTE CPU LOAD (memory node dir-threads, 2s window) -----
  dir 0: active=  0.00%  msgs=0           0 ns/msg
  AGGREGATE active = 0.00% (of 1 dir-threads; 0.00% per-thread avg)  msgs=0

----- REMOTE CPU LOAD (memory node dir-threads, 2s window) -----
  dir 0: active=  0.00%  msgs=0           0 ns/msg
  AGGREGATE active = 0.00% (of 1 dir-threads; 0.00% per-thread avg)  msgs=0

----- REMOTE CPU LOAD (memory node dir-threads, 2s window) -----
  dir 0: active=  0.00%  msgs=1           858 ns/msg
  AGGREGATE active = 0.00% (of 1 dir-threads; 0.00% per-thread avg)  msgs=1

----- REMOTE CPU LOAD (memory node dir-threads, 2s window) -----
  dir 0: active=  0.00%  msgs=1           479 ns/msg
  AGGREGATE active = 0.00% (of 1 dir-threads; 0.00% per-thread avg)  msgs=1

----- REMOTE CPU LOAD (memory node dir-threads, 2s window) -----
  dir 0: active=  0.00%  msgs=0           0 ns/msg
  AGGREGATE active = 0.00% (of 1 dir-threads; 0.00% per-thread avg)  msgs=0

----- REMOTE CPU LOAD (memory node dir-threads, 2s window) -----
  dir 0: active=  0.00%  msgs=0           0 ns/msg
  AGGREGATE active = 0.00% (of 1 dir-threads; 0.00% per-thread avg)  msgs=0

----- REMOTE CPU LOAD (memory node dir-threads, 2s window) -----
  dir 0: active=  0.00%  msgs=0           0 ns/msg
  AGGREGATE active = 0.00% (of 1 dir-threads; 0.00% per-thread avg)  msgs=0

----- REMOTE CPU LOAD (memory node dir-threads, 2s window) -----
  dir 0: active=  0.00%  msgs=0           0 ns/msg
  AGGREGATE active = 0.00% (of 1 dir-threads; 0.00% per-thread avg)  msgs=0

----- REMOTE CPU LOAD (memory node dir-threads, 2s window) -----
  dir 0: active=  0.00%  msgs=0           0 ns/msg
  AGGREGATE active = 0.00% (of 1 dir-threads; 0.00% per-thread avg)  msgs=0

----- REMOTE CPU LOAD (memory node dir-threads, 2s window) -----
  dir 0: active=  0.00%  msgs=0           0 ns/msg
  AGGREGATE active = 0.00% (of 1 dir-threads; 0.00% per-thread avg)  msgs=0

----- REMOTE CPU LOAD (memory node dir-threads, 2s window) -----
  dir 0: active=  0.00%  msgs=0           0 ns/msg
  AGGREGATE active = 0.00% (of 1 dir-threads; 0.00% per-thread avg)  msgs=0

----- REMOTE CPU LOAD (memory node dir-threads, 2s window) -----
  dir 0: active=  0.00%  msgs=1           1010 ns/msg
  AGGREGATE active = 0.00% (of 1 dir-threads; 0.00% per-thread avg)  msgs=1

----- REMOTE CPU LOAD (memory node dir-threads, 2s window) -----
  dir 0: active=  0.00%  msgs=1           879 ns/msg
  AGGREGATE active = 0.00% (of 1 dir-threads; 0.00% per-thread avg)  msgs=1

----- REMOTE CPU LOAD (memory node dir-threads, 2s window) -----
  dir 0: active=  0.00%  msgs=0           0 ns/msg
  AGGREGATE active = 0.00% (of 1 dir-threads; 0.00% per-thread avg)  msgs=0

----- REMOTE CPU LOAD (memory node dir-threads, 2s window) -----
  dir 0: active=  0.00%  msgs=0           0 ns/msg
  AGGREGATE active = 0.00% (of 1 dir-threads; 0.00% per-thread avg)  msgs=0

----- REMOTE CPU LOAD (memory node dir-threads, 2s window) -----
  dir 0: active=  0.00%  msgs=0           0 ns/msg
  AGGREGATE active = 0.00% (of 1 dir-threads; 0.00% per-thread avg)  msgs=0

----- REMOTE CPU LOAD (memory node dir-threads, 2s window) -----
  dir 0: active=  0.00%  msgs=0           0 ns/msg
  AGGREGATE active = 0.00% (of 1 dir-threads; 0.00% per-thread avg)  msgs=0

----- REMOTE CPU LOAD (memory node dir-threads, 2s window) -----
  dir 0: active=  0.00%  msgs=0           0 ns/msg
  AGGREGATE active = 0.00% (of 1 dir-threads; 0.00% per-thread avg)  msgs=0

----- REMOTE CPU LOAD (memory node dir-threads, 2s window) -----
  dir 0: active=  0.00%  msgs=0           0 ns/msg
  AGGREGATE active = 0.00% (of 1 dir-threads; 0.00% per-thread avg)  msgs=0

----- REMOTE CPU LOAD (memory node dir-threads, 2s window) -----
  dir 0: active=  0.00%  msgs=0           0 ns/msg
  AGGREGATE active = 0.00% (of 1 dir-threads; 0.00% per-thread avg)  msgs=0

----- REMOTE CPU LOAD (memory node dir-threads, 2s window) -----
  dir 0: active=  0.00%  msgs=1           999 ns/msg
  AGGREGATE active = 0.00% (of 1 dir-threads; 0.00% per-thread avg)  msgs=1

----- REMOTE CPU LOAD (memory node dir-threads, 2s window) -----
  dir 0: active=  0.00%  msgs=0           0 ns/msg
  AGGREGATE active = 0.00% (of 1 dir-threads; 0.00% per-thread avg)  msgs=0

----- REMOTE CPU LOAD (memory node dir-threads, 2s window) -----
  dir 0: active=  0.00%  msgs=1           770 ns/msg
  AGGREGATE active = 0.00% (of 1 dir-threads; 0.00% per-thread avg)  msgs=1

----- REMOTE CPU LOAD (memory node dir-threads, 2s window) -----
  dir 0: active=  0.00%  msgs=0           0 ns/msg
  AGGREGATE active = 0.00% (of 1 dir-threads; 0.00% per-thread avg)  msgs=0

----- REMOTE CPU LOAD (memory node dir-threads, 2s window) -----
  dir 0: active=  0.00%  msgs=0           0 ns/msg
  AGGREGATE active = 0.00% (of 1 dir-threads; 0.00% per-thread avg)  msgs=0

----- REMOTE CPU LOAD (memory node dir-threads, 2s window) -----
  dir 0: active=  0.00%  msgs=0           0 ns/msg
  AGGREGATE active = 0.00% (of 1 dir-threads; 0.00% per-thread avg)  msgs=0

----- REMOTE CPU LOAD (memory node dir-threads, 2s window) -----
  dir 0: active=  0.00%  msgs=0           0 ns/msg
  AGGREGATE active = 0.00% (of 1 dir-threads; 0.00% per-thread avg)  msgs=0

----- REMOTE CPU LOAD (memory node dir-threads, 2s window) -----
  dir 0: active=  0.00%  msgs=0           0 ns/msg
  AGGREGATE active = 0.00% (of 1 dir-threads; 0.00% per-thread avg)  msgs=0

----- REMOTE CPU LOAD (memory node dir-threads, 2s window) -----
  dir 0: active=  0.00%  msgs=0           0 ns/msg
  AGGREGATE active = 0.00% (of 1 dir-threads; 0.00% per-thread avg)  msgs=0

----- REMOTE CPU LOAD (memory node dir-threads, 2s window) -----
  dir 0: active=  0.00%  msgs=1           601 ns/msg
  AGGREGATE active = 0.00% (of 1 dir-threads; 0.00% per-thread avg)  msgs=1

----- REMOTE CPU LOAD (memory node dir-threads, 2s window) -----
  dir 0: active=  0.00%  msgs=0           0 ns/msg
  AGGREGATE active = 0.00% (of 1 dir-threads; 0.00% per-thread avg)  msgs=0

----- REMOTE CPU LOAD (memory node dir-threads, 2s window) -----
  dir 0: active=  0.00%  msgs=0           0 ns/msg
  AGGREGATE active = 0.00% (of 1 dir-threads; 0.00% per-thread avg)  msgs=0

----- REMOTE CPU LOAD (memory node dir-threads, 2s window) -----
  dir 0: active=  0.00%  msgs=1           598 ns/msg
  AGGREGATE active = 0.00% (of 1 dir-threads; 0.00% per-thread avg)  msgs=1

----- REMOTE CPU LOAD (memory node dir-threads, 2s window) -----
  dir 0: active=  0.00%  msgs=0           0 ns/msg
  AGGREGATE active = 0.00% (of 1 dir-threads; 0.00% per-thread avg)  msgs=0

----- REMOTE CPU LOAD (memory node dir-threads, 2s window) -----
  dir 0: active=  0.00%  msgs=0           0 ns/msg
  AGGREGATE active = 0.00% (of 1 dir-threads; 0.00% per-thread avg)  msgs=0

----- REMOTE CPU LOAD (memory node dir-threads, 2s window) -----
  dir 0: active=  0.00%  msgs=0           0 ns/msg
  AGGREGATE active = 0.00% (of 1 dir-threads; 0.00% per-thread avg)  msgs=0

----- REMOTE CPU LOAD (memory node dir-threads, 2s window) -----
  dir 0: active=  0.00%  msgs=0           0 ns/msg
  AGGREGATE active = 0.00% (of 1 dir-threads; 0.00% per-thread avg)  msgs=0

----- REMOTE CPU LOAD (memory node dir-threads, 2s window) -----
  dir 0: active=  0.00%  msgs=0           0 ns/msg
  AGGREGATE active = 0.00% (of 1 dir-threads; 0.00% per-thread avg)  msgs=0

----- REMOTE CPU LOAD (memory node dir-threads, 2s window) -----
  dir 0: active=  0.00%  msgs=1           788 ns/msg
  AGGREGATE active = 0.00% (of 1 dir-threads; 0.00% per-thread avg)  msgs=1

----- REMOTE CPU LOAD (memory node dir-threads, 2s window) -----
  dir 0: active=  0.00%  msgs=0           0 ns/msg
  AGGREGATE active = 0.00% (of 1 dir-threads; 0.00% per-thread avg)  msgs=0

----- REMOTE CPU LOAD (memory node dir-threads, 2s window) -----
  dir 0: active=  0.00%  msgs=0           0 ns/msg
  AGGREGATE active = 0.00% (of 1 dir-threads; 0.00% per-thread avg)  msgs=0

----- REMOTE CPU LOAD (memory node dir-threads, 2s window) -----
  dir 0: active=  0.00%  msgs=1           669 ns/msg
  AGGREGATE active = 0.00% (of 1 dir-threads; 0.00% per-thread avg)  msgs=1

----- REMOTE CPU LOAD (memory node dir-threads, 2s window) -----
  dir 0: active=  0.00%  msgs=0           0 ns/msg
  AGGREGATE active = 0.00% (of 1 dir-threads; 0.00% per-thread avg)  msgs=0

----- REMOTE CPU LOAD (memory node dir-threads, 2s window) -----
  dir 0: active=  0.00%  msgs=0           0 ns/msg
  AGGREGATE active = 0.00% (of 1 dir-threads; 0.00% per-thread avg)  msgs=0

----- REMOTE CPU LOAD (memory node dir-threads, 2s window) -----
  dir 0: active=  0.00%  msgs=0           0 ns/msg
  AGGREGATE active = 0.00% (of 1 dir-threads; 0.00% per-thread avg)  msgs=0

----- REMOTE CPU LOAD (memory node dir-threads, 2s window) -----
  dir 0: active=  0.00%  msgs=0           0 ns/msg
  AGGREGATE active = 0.00% (of 1 dir-threads; 0.00% per-thread avg)  msgs=0

----- REMOTE CPU LOAD (memory node dir-threads, 2s window) -----
  dir 0: active=  0.00%  msgs=0           0 ns/msg
  AGGREGATE active = 0.00% (of 1 dir-threads; 0.00% per-thread avg)  msgs=0

----- REMOTE CPU LOAD (memory node dir-threads, 2s window) -----
  dir 0: active=  0.00%  msgs=1           605 ns/msg
  AGGREGATE active = 0.00% (of 1 dir-threads; 0.00% per-thread avg)  msgs=1

----- REMOTE CPU LOAD (memory node dir-threads, 2s window) -----
  dir 0: active=  0.00%  msgs=0           0 ns/msg
  AGGREGATE active = 0.00% (of 1 dir-threads; 0.00% per-thread avg)  msgs=0

----- REMOTE CPU LOAD (memory node dir-threads, 2s window) -----
  dir 0: active=  0.00%  msgs=0           0 ns/msg
  AGGREGATE active = 0.00% (of 1 dir-threads; 0.00% per-thread avg)  msgs=0

----- REMOTE CPU LOAD (memory node dir-threads, 2s window) -----
  dir 0: active=  0.00%  msgs=0           0 ns/msg
  AGGREGATE active = 0.00% (of 1 dir-threads; 0.00% per-thread avg)  msgs=0

----- REMOTE CPU LOAD (memory node dir-threads, 2s window) -----
  dir 0: active=  0.00%  msgs=1           807 ns/msg
  AGGREGATE active = 0.00% (of 1 dir-threads; 0.00% per-thread avg)  msgs=1

----- REMOTE CPU LOAD (memory node dir-threads, 2s window) -----
  dir 0: active=  0.00%  msgs=0           0 ns/msg
  AGGREGATE active = 0.00% (of 1 dir-threads; 0.00% per-thread avg)  msgs=0

----- REMOTE CPU LOAD (memory node dir-threads, 2s window) -----
  dir 0: active=  0.00%  msgs=0           0 ns/msg
  AGGREGATE active = 0.00% (of 1 dir-threads; 0.00% per-thread avg)  msgs=0

----- REMOTE CPU LOAD (memory node dir-threads, 2s window) -----
  dir 0: active=  0.00%  msgs=0           0 ns/msg
  AGGREGATE active = 0.00% (of 1 dir-threads; 0.00% per-thread avg)  msgs=0

----- REMOTE CPU LOAD (memory node dir-threads, 2s window) -----
  dir 0: active=  0.00%  msgs=0           0 ns/msg
  AGGREGATE active = 0.00% (of 1 dir-threads; 0.00% per-thread avg)  msgs=0

----- REMOTE CPU LOAD (memory node dir-threads, 2s window) -----
  dir 0: active=  0.00%  msgs=0           0 ns/msg
  AGGREGATE active = 0.00% (of 1 dir-threads; 0.00% per-thread avg)  msgs=0

----- REMOTE CPU LOAD (memory node dir-threads, 2s window) -----
  dir 0: active=  0.00%  msgs=0           0 ns/msg
  AGGREGATE active = 0.00% (of 1 dir-threads; 0.00% per-thread avg)  msgs=0

----- REMOTE CPU LOAD (memory node dir-threads, 2s window) -----
  dir 0: active=  0.00%  msgs=0           0 ns/msg
  AGGREGATE active = 0.00% (of 1 dir-threads; 0.00% per-thread avg)  msgs=0

----- REMOTE CPU LOAD (memory node dir-threads, 2s window) -----
  dir 0: active=  0.00%  msgs=0           0 ns/msg
  AGGREGATE active = 0.00% (of 1 dir-threads; 0.00% per-thread avg)  msgs=0

----- REMOTE CPU LOAD (memory node dir-threads, 2s window) -----
  dir 0: active=  0.00%  msgs=0           0 ns/msg
  AGGREGATE active = 0.00% (of 1 dir-threads; 0.00% per-thread avg)  msgs=0

----- REMOTE CPU LOAD (memory node dir-threads, 2s window) -----
  dir 0: active=  0.00%  msgs=1           1605 ns/msg
  AGGREGATE active = 0.00% (of 1 dir-threads; 0.00% per-thread avg)  msgs=1

----- REMOTE CPU LOAD (memory node dir-threads, 2s window) -----
  dir 0: active=  0.00%  msgs=0           0 ns/msg
  AGGREGATE active = 0.00% (of 1 dir-threads; 0.00% per-thread avg)  msgs=0

----- REMOTE CPU LOAD (memory node dir-threads, 2s window) -----
  dir 0: active=  0.00%  msgs=0           0 ns/msg
  AGGREGATE active = 0.00% (of 1 dir-threads; 0.00% per-thread avg)  msgs=0

----- REMOTE CPU LOAD (memory node dir-threads, 2s window) -----
  dir 0: active=  0.00%  msgs=0           0 ns/msg
  AGGREGATE active = 0.00% (of 1 dir-threads; 0.00% per-thread avg)  msgs=0

----- REMOTE CPU LOAD (memory node dir-threads, 2s window) -----
  dir 0: active=  0.00%  msgs=0           0 ns/msg
  AGGREGATE active = 0.00% (of 1 dir-threads; 0.00% per-thread avg)  msgs=0

----- REMOTE CPU LOAD (memory node dir-threads, 2s window) -----
  dir 0: active=  0.00%  msgs=0           0 ns/msg
  AGGREGATE active = 0.00% (of 1 dir-threads; 0.00% per-thread avg)  msgs=0

----- REMOTE CPU LOAD (memory node dir-threads, 2s window) -----
  dir 0: active=  0.00%  msgs=0           0 ns/msg
  AGGREGATE active = 0.00% (of 1 dir-threads; 0.00% per-thread avg)  msgs=0

----- REMOTE CPU LOAD (memory node dir-threads, 2s window) -----
  dir 0: active=  0.00%  msgs=0           0 ns/msg
  AGGREGATE active = 0.00% (of 1 dir-threads; 0.00% per-thread avg)  msgs=0

----- REMOTE CPU LOAD (memory node dir-threads, 2s window) -----
  dir 0: active=  0.00%  msgs=0           0 ns/msg
  AGGREGATE active = 0.00% (of 1 dir-threads; 0.00% per-thread avg)  msgs=0

----- REMOTE CPU LOAD (memory node dir-threads, 2s window) -----
  dir 0: active=  0.00%  msgs=0           0 ns/msg
  AGGREGATE active = 0.00% (of 1 dir-threads; 0.00% per-thread avg)  msgs=0

----- REMOTE CPU LOAD (memory node dir-threads, 2s window) -----
  dir 0: active=  0.00%  msgs=1           346 ns/msg
  AGGREGATE active = 0.00% (of 1 dir-threads; 0.00% per-thread avg)  msgs=1

----- REMOTE CPU LOAD (memory node dir-threads, 2s window) -----
  dir 0: active=  0.00%  msgs=0           0 ns/msg
  AGGREGATE active = 0.00% (of 1 dir-threads; 0.00% per-thread avg)  msgs=0

----- REMOTE CPU LOAD (memory node dir-threads, 2s window) -----
  dir 0: active=  0.00%  msgs=0           0 ns/msg
  AGGREGATE active = 0.00% (of 1 dir-threads; 0.00% per-thread avg)  msgs=0

----- REMOTE CPU LOAD (memory node dir-threads, 2s window) -----
  dir 0: active=  0.00%  msgs=0           0 ns/msg
  AGGREGATE active = 0.00% (of 1 dir-threads; 0.00% per-thread avg)  msgs=0

----- REMOTE CPU LOAD (memory node dir-threads, 2s window) -----
  dir 0: active=  0.00%  msgs=0           0 ns/msg
  AGGREGATE active = 0.00% (of 1 dir-threads; 0.00% per-thread avg)  msgs=0

----- REMOTE CPU LOAD (memory node dir-threads, 2s window) -----
  dir 0: active=  0.00%  msgs=0           0 ns/msg
  AGGREGATE active = 0.00% (of 1 dir-threads; 0.00% per-thread avg)  msgs=0

----- REMOTE CPU LOAD (memory node dir-threads, 2s window) -----
  dir 0: active=  0.00%  msgs=0           0 ns/msg
  AGGREGATE active = 0.00% (of 1 dir-threads; 0.00% per-thread avg)  msgs=0

----- REMOTE CPU LOAD (memory node dir-threads, 2s window) -----
  dir 0: active=  0.00%  msgs=0           0 ns/msg
  AGGREGATE active = 0.00% (of 1 dir-threads; 0.00% per-thread avg)  msgs=0

----- REMOTE CPU LOAD (memory node dir-threads, 2s window) -----
  dir 0: active=  0.00%  msgs=0           0 ns/msg
  AGGREGATE active = 0.00% (of 1 dir-threads; 0.00% per-thread avg)  msgs=0

----- REMOTE CPU LOAD (memory node dir-threads, 2s window) -----
  dir 0: active=  0.00%  msgs=0           0 ns/msg
  AGGREGATE active = 0.00% (of 1 dir-threads; 0.00% per-thread avg)  msgs=0

----- REMOTE CPU LOAD (memory node dir-threads, 2s window) -----
  dir 0: active=  0.00%  msgs=1           226 ns/msg
  AGGREGATE active = 0.00% (of 1 dir-threads; 0.00% per-thread avg)  msgs=1

----- REMOTE CPU LOAD (memory node dir-threads, 2s window) -----
  dir 0: active=  0.00%  msgs=0           0 ns/msg
  AGGREGATE active = 0.00% (of 1 dir-threads; 0.00% per-thread avg)  msgs=0

----- REMOTE CPU LOAD (memory node dir-threads, 2s window) -----
  dir 0: active=  0.00%  msgs=0           0 ns/msg
  AGGREGATE active = 0.00% (of 1 dir-threads; 0.00% per-thread avg)  msgs=0

----- REMOTE CPU LOAD (memory node dir-threads, 2s window) -----
  dir 0: active=  0.00%  msgs=0           0 ns/msg
  AGGREGATE active = 0.00% (of 1 dir-threads; 0.00% per-thread avg)  msgs=0

----- REMOTE CPU LOAD (memory node dir-threads, 2s window) -----
  dir 0: active=  0.00%  msgs=0           0 ns/msg
  AGGREGATE active = 0.00% (of 1 dir-threads; 0.00% per-thread avg)  msgs=0

----- REMOTE CPU LOAD (memory node dir-threads, 2s window) -----
  dir 0: active=  0.00%  msgs=0           0 ns/msg
  AGGREGATE active = 0.00% (of 1 dir-threads; 0.00% per-thread avg)  msgs=0

----- REMOTE CPU LOAD (memory node dir-threads, 2s window) -----
  dir 0: active=  0.00%  msgs=0           0 ns/msg
  AGGREGATE active = 0.00% (of 1 dir-threads; 0.00% per-thread avg)  msgs=0

----- REMOTE CPU LOAD (memory node dir-threads, 2s window) -----
  dir 0: active=  0.00%  msgs=0           0 ns/msg
  AGGREGATE active = 0.00% (of 1 dir-threads; 0.00% per-thread avg)  msgs=0

----- REMOTE CPU LOAD (memory node dir-threads, 2s window) -----
  dir 0: active=  0.00%  msgs=0           0 ns/msg
  AGGREGATE active = 0.00% (of 1 dir-threads; 0.00% per-thread avg)  msgs=0

----- REMOTE CPU LOAD (memory node dir-threads, 2s window) -----
  dir 0: active=  0.00%  msgs=0           0 ns/msg
  AGGREGATE active = 0.00% (of 1 dir-threads; 0.00% per-thread avg)  msgs=0

----- REMOTE CPU LOAD (memory node dir-threads, 2s window) -----
  dir 0: active=  0.00%  msgs=1           408 ns/msg
  AGGREGATE active = 0.00% (of 1 dir-threads; 0.00% per-thread avg)  msgs=1

----- REMOTE CPU LOAD (memory node dir-threads, 2s window) -----
  dir 0: active=  0.00%  msgs=0           0 ns/msg
  AGGREGATE active = 0.00% (of 1 dir-threads; 0.00% per-thread avg)  msgs=0

----- REMOTE CPU LOAD (memory node dir-threads, 2s window) -----
  dir 0: active=  0.00%  msgs=0           0 ns/msg
  AGGREGATE active = 0.00% (of 1 dir-threads; 0.00% per-thread avg)  msgs=0

----- REMOTE CPU LOAD (memory node dir-threads, 2s window) -----
  dir 0: active=  0.00%  msgs=0           0 ns/msg
  AGGREGATE active = 0.00% (of 1 dir-threads; 0.00% per-thread avg)  msgs=0

----- REMOTE CPU LOAD (memory node dir-threads, 2s window) -----
  dir 0: active=  0.00%  msgs=0           0 ns/msg
  AGGREGATE active = 0.00% (of 1 dir-threads; 0.00% per-thread avg)  msgs=0

----- REMOTE CPU LOAD (memory node dir-threads, 2s window) -----
  dir 0: active=  0.00%  msgs=0           0 ns/msg
  AGGREGATE active = 0.00% (of 1 dir-threads; 0.00% per-thread avg)  msgs=0

----- REMOTE CPU LOAD (memory node dir-threads, 2s window) -----
  dir 0: active=  0.00%  msgs=0           0 ns/msg
  AGGREGATE active = 0.00% (of 1 dir-threads; 0.00% per-thread avg)  msgs=0

----- REMOTE CPU LOAD (memory node dir-threads, 2s window) -----
  dir 0: active=  0.00%  msgs=0           0 ns/msg
  AGGREGATE active = 0.00% (of 1 dir-threads; 0.00% per-thread avg)  msgs=0

----- REMOTE CPU LOAD (memory node dir-threads, 2s window) -----
  dir 0: active=  0.00%  msgs=0           0 ns/msg
  AGGREGATE active = 0.00% (of 1 dir-threads; 0.00% per-thread avg)  msgs=0

----- REMOTE CPU LOAD (memory node dir-threads, 2s window) -----
  dir 0: active=  0.00%  msgs=1           301 ns/msg
  AGGREGATE active = 0.00% (of 1 dir-threads; 0.00% per-thread avg)  msgs=1

----- REMOTE CPU LOAD (memory node dir-threads, 2s window) -----
  dir 0: active=  0.00%  msgs=0           0 ns/msg
  AGGREGATE active = 0.00% (of 1 dir-threads; 0.00% per-thread avg)  msgs=0

----- REMOTE CPU LOAD (memory node dir-threads, 2s window) -----
  dir 0: active=  0.00%  msgs=0           0 ns/msg
  AGGREGATE active = 0.00% (of 1 dir-threads; 0.00% per-thread avg)  msgs=0

----- REMOTE CPU LOAD (memory node dir-threads, 2s window) -----
  dir 0: active=  0.00%  msgs=0           0 ns/msg
  AGGREGATE active = 0.00% (of 1 dir-threads; 0.00% per-thread avg)  msgs=0

----- REMOTE CPU LOAD (memory node dir-threads, 2s window) -----
  dir 0: active=  0.00%  msgs=0           0 ns/msg
  AGGREGATE active = 0.00% (of 1 dir-threads; 0.00% per-thread avg)  msgs=0

----- REMOTE CPU LOAD (memory node dir-threads, 2s window) -----
  dir 0: active=  0.00%  msgs=0           0 ns/msg
  AGGREGATE active = 0.00% (of 1 dir-threads; 0.00% per-thread avg)  msgs=0

----- REMOTE CPU LOAD (memory node dir-threads, 2s window) -----
  dir 0: active=  0.00%  msgs=0           0 ns/msg
  AGGREGATE active = 0.00% (of 1 dir-threads; 0.00% per-thread avg)  msgs=0

----- REMOTE CPU LOAD (memory node dir-threads, 2s window) -----
  dir 0: active=  0.00%  msgs=0           0 ns/msg
  AGGREGATE active = 0.00% (of 1 dir-threads; 0.00% per-thread avg)  msgs=0

----- REMOTE CPU LOAD (memory node dir-threads, 2s window) -----
  dir 0: active=  0.00%  msgs=0           0 ns/msg
  AGGREGATE active = 0.00% (of 1 dir-threads; 0.00% per-thread avg)  msgs=0

----- REMOTE CPU LOAD (memory node dir-threads, 2s window) -----
  dir 0: active=  0.00%  msgs=0           0 ns/msg
  AGGREGATE active = 0.00% (of 1 dir-threads; 0.00% per-thread avg)  msgs=0

----- REMOTE CPU LOAD (memory node dir-threads, 2s window) -----
  dir 0: active=  0.00%  msgs=1           430 ns/msg
  AGGREGATE active = 0.00% (of 1 dir-threads; 0.00% per-thread avg)  msgs=1

----- REMOTE CPU LOAD (memory node dir-threads, 2s window) -----
  dir 0: active=  0.00%  msgs=0           0 ns/msg
  AGGREGATE active = 0.00% (of 1 dir-threads; 0.00% per-thread avg)  msgs=0

----- REMOTE CPU LOAD (memory node dir-threads, 2s window) -----
  dir 0: active=  0.00%  msgs=0           0 ns/msg
  AGGREGATE active = 0.00% (of 1 dir-threads; 0.00% per-thread avg)  msgs=0

----- REMOTE CPU LOAD (memory node dir-threads, 2s window) -----
  dir 0: active=  0.00%  msgs=0           0 ns/msg
  AGGREGATE active = 0.00% (of 1 dir-threads; 0.00% per-thread avg)  msgs=0

----- REMOTE CPU LOAD (memory node dir-threads, 2s window) -----
  dir 0: active=  0.00%  msgs=0           0 ns/msg
  AGGREGATE active = 0.00% (of 1 dir-threads; 0.00% per-thread avg)  msgs=0

----- REMOTE CPU LOAD (memory node dir-threads, 2s window) -----
  dir 0: active=  0.00%  msgs=0           0 ns/msg
  AGGREGATE active = 0.00% (of 1 dir-threads; 0.00% per-thread avg)  msgs=0

----- REMOTE CPU LOAD (memory node dir-threads, 2s window) -----
  dir 0: active=  0.00%  msgs=0           0 ns/msg
  AGGREGATE active = 0.00% (of 1 dir-threads; 0.00% per-thread avg)  msgs=0

----- REMOTE CPU LOAD (memory node dir-threads, 2s window) -----
  dir 0: active=  0.00%  msgs=0           0 ns/msg
  AGGREGATE active = 0.00% (of 1 dir-threads; 0.00% per-thread avg)  msgs=0

----- REMOTE CPU LOAD (memory node dir-threads, 2s window) -----
  dir 0: active=  0.00%  msgs=0           0 ns/msg
  AGGREGATE active = 0.00% (of 1 dir-threads; 0.00% per-thread avg)  msgs=0

----- REMOTE CPU LOAD (memory node dir-threads, 2s window) -----
  dir 0: active=  0.00%  msgs=0           0 ns/msg
  AGGREGATE active = 0.00% (of 1 dir-threads; 0.00% per-thread avg)  msgs=0

----- REMOTE CPU LOAD (memory node dir-threads, 2s window) -----
  dir 0: active=  0.00%  msgs=0           0 ns/msg
  AGGREGATE active = 0.00% (of 1 dir-threads; 0.00% per-thread avg)  msgs=0

----- REMOTE CPU LOAD (memory node dir-threads, 2s window) -----
  dir 0: active=  0.00%  msgs=0           0 ns/msg
  AGGREGATE active = 0.00% (of 1 dir-threads; 0.00% per-thread avg)  msgs=0

----- REMOTE CPU LOAD (memory node dir-threads, 2s window) -----
  dir 0: active=  0.00%  msgs=0           0 ns/msg
  AGGREGATE active = 0.00% (of 1 dir-threads; 0.00% per-thread avg)  msgs=0

----- REMOTE CPU LOAD (memory node dir-threads, 2s window) -----
  dir 0: active=  0.00%  msgs=0           0 ns/msg
  AGGREGATE active = 0.00% (of 1 dir-threads; 0.00% per-thread avg)  msgs=0

----- REMOTE CPU LOAD (memory node dir-threads, 2s window) -----
  dir 0: active=  0.00%  msgs=0           0 ns/msg
  AGGREGATE active = 0.00% (of 1 dir-threads; 0.00% per-thread avg)  msgs=0
node 0 warmup done in 933s
0, throughput 0.0156 Mops
epoch 1: cluster throughput 0.049 Mops
0, throughput 0.3222 Mops
epoch 2: cluster throughput 0.694 Mops
0, throughput 0.3706 Mops
epoch 3: cluster throughput 0.903 Mops
0, throughput 0.2846 Mops
epoch 4: cluster throughput 0.723 Mops
0, throughput 0.5289 Mops
epoch 5: cluster throughput 1.063 Mops
0, throughput 0.4016 Mops
epoch 6: cluster throughput 0.804 Mops
0, throughput 0.3701 Mops
epoch 7: cluster throughput 0.794 Mops
0, throughput 0.4513 Mops
epoch 8: cluster throughput 0.924 Mops
0, throughput 0.5702 Mops
epoch 9: cluster throughput 1.030 Mops
0, throughput 0.3361 Mops
epoch 10: cluster throughput 0.772 Mops

==================== LATENCY BUCKETS (500 ns) [node 0] ====================
[LOOKUP]
  ALL                n=612        mean=   61.02us  p50=  62.50us  p90= 102.50us  p99= 155.00us  p99.9= 171.50us  max>=177.50us
  DIRECT (1-sided)   n=612        mean=   61.02us  p50=  62.50us  p90= 102.50us  p99= 155.00us  p99.9= 171.50us  max>=177.50us
  OFFLOAD (rpc)             (no samples)
[ALL OPS]
  ALL                n=612        mean=   61.02us  p50=  62.50us  p90= 102.50us  p99= 155.00us  p99.9= 171.50us  max>=177.50us
  DIRECT (1-sided)   n=612        mean=   61.02us  p50=  62.50us  p90= 102.50us  p99= 155.00us  p99.9= 171.50us  max>=177.50us
  OFFLOAD (rpc)             (no samples)

----- 500 ns bucket CDF (all ops) [node 0] -----
  bucket [lo,hi) ns             count        pct       cdf
  [     5000,     5500)            2    0.3268%   0.3268%
  [     5500,     6000)            1    0.1634%   0.4902%
  [     6000,     6500)            2    0.3268%   0.8170%
  [     6500,     7000)            9    1.4706%   2.2876%
  [     7000,     7500)           10    1.6340%   3.9216%
  [     7500,     8000)            6    0.9804%   4.9020%
  [     8000,     8500)            8    1.3072%   6.2092%
  [     8500,     9000)            4    0.6536%   6.8627%
  [     9000,     9500)            4    0.6536%   7.5163%
  [     9500,    10000)            6    0.9804%   8.4967%
  [    10000,    10500)            4    0.6536%   9.1503%
  [    10500,    11000)            1    0.1634%   9.3137%
  [    11000,    11500)            1    0.1634%   9.4771%
  [    11500,    12000)            3    0.4902%   9.9673%
  [    12500,    13000)            2    0.3268%  10.2941%
  [    13000,    13500)            1    0.1634%  10.4575%
  [    13500,    14000)            4    0.6536%  11.1111%
  [    14000,    14500)            2    0.3268%  11.4379%
  [    14500,    15000)            4    0.6536%  12.0915%
  [    15000,    15500)            4    0.6536%  12.7451%
  [    15500,    16000)            5    0.8170%  13.5621%
  [    16000,    16500)            2    0.3268%  13.8889%
  [    16500,    17000)            4    0.6536%  14.5425%
  [    17000,    17500)           10    1.6340%  16.1765%
  [    17500,    18000)            5    0.8170%  16.9935%
  [    18000,    18500)            2    0.3268%  17.3203%
  [    18500,    19000)            8    1.3072%  18.6275%
  [    19000,    19500)            4    0.6536%  19.2810%
  [    19500,    20000)            2    0.3268%  19.6078%
  [    20000,    20500)            6    0.9804%  20.5882%
  [    20500,    21000)            2    0.3268%  20.9150%
  [    21000,    21500)            2    0.3268%  21.2418%
  [    21500,    22000)            2    0.3268%  21.5686%
  [    22000,    22500)            5    0.8170%  22.3856%
  [    22500,    23000)            4    0.6536%  23.0392%
  [    23000,    23500)            3    0.4902%  23.5294%
  [    23500,    24000)            4    0.6536%  24.1830%
  [    24000,    24500)            2    0.3268%  24.5098%
  [    24500,    25000)            1    0.1634%  24.6732%
  [    25000,    25500)            1    0.1634%  24.8366%
  [    26000,    26500)            1    0.1634%  25.0000%
  [    26500,    27000)            2    0.3268%  25.3268%
  [    27000,    27500)            1    0.1634%  25.4902%
  [    27500,    28000)            1    0.1634%  25.6536%
  [    30000,    30500)            2    0.3268%  25.9804%
  [    30500,    31000)            1    0.1634%  26.1438%
  [    31000,    31500)            1    0.1634%  26.3072%
  [    31500,    32000)            1    0.1634%  26.4706%
  [    32500,    33000)            2    0.3268%  26.7974%
  [    35000,    35500)            1    0.1634%  26.9608%
  [    35500,    36000)            2    0.3268%  27.2876%
  [    37000,    37500)            1    0.1634%  27.4510%
  [    37500,    38000)            1    0.1634%  27.6144%
  [    38000,    38500)            1    0.1634%  27.7778%
  [    39000,    39500)            3    0.4902%  28.2680%
  [    39500,    40000)            1    0.1634%  28.4314%
  [    40000,    40500)            1    0.1634%  28.5948%
  [    40500,    41000)            2    0.3268%  28.9216%
  [    41000,    41500)            2    0.3268%  29.2484%
  [    41500,    42000)            1    0.1634%  29.4118%
  [    42500,    43000)            4    0.6536%  30.0654%
  [    43000,    43500)            1    0.1634%  30.2288%
  [    43500,    44000)            1    0.1634%  30.3922%
  [    44000,    44500)            1    0.1634%  30.5556%
  [    44500,    45000)            1    0.1634%  30.7190%
  [    45500,    46000)            1    0.1634%  30.8824%
  [    46000,    46500)            4    0.6536%  31.5359%
  [    46500,    47000)            1    0.1634%  31.6993%
  [    47000,    47500)            2    0.3268%  32.0261%
  [    47500,    48000)            1    0.1634%  32.1895%
  [    48000,    48500)            4    0.6536%  32.8431%
  [    48500,    49000)            3    0.4902%  33.3333%
  [    49000,    49500)            5    0.8170%  34.1503%
  [    49500,    50000)            2    0.3268%  34.4771%
  [    50000,    50500)            3    0.4902%  34.9673%
  [    50500,    51000)            3    0.4902%  35.4575%
  [    51000,    51500)            4    0.6536%  36.1111%
  [    51500,    52000)            5    0.8170%  36.9281%
  [    52000,    52500)            3    0.4902%  37.4183%
  [    52500,    53000)            4    0.6536%  38.0719%
  [    53000,    53500)            3    0.4902%  38.5621%
  [    53500,    54000)            1    0.1634%  38.7255%
  [    54000,    54500)            8    1.3072%  40.0327%
  [    54500,    55000)            5    0.8170%  40.8497%
  [    55000,    55500)            3    0.4902%  41.3399%
  [    55500,    56000)            4    0.6536%  41.9935%
  [    56000,    56500)            5    0.8170%  42.8105%
  [    56500,    57000)            3    0.4902%  43.3007%
  [    57000,    57500)            2    0.3268%  43.6275%
  [    57500,    58000)            4    0.6536%  44.2810%
  [    58000,    58500)            4    0.6536%  44.9346%
  [    58500,    59000)            4    0.6536%  45.5882%
  [    59000,    59500)            4    0.6536%  46.2418%
  [    59500,    60000)            4    0.6536%  46.8954%
  [    60000,    60500)            4    0.6536%  47.5490%
  [    60500,    61000)            6    0.9804%  48.5294%
  [    61000,    61500)            1    0.1634%  48.6928%
  [    61500,    62000)            3    0.4902%  49.1830%
  [    62000,    62500)            6    0.9804%  50.1634%
  [    62500,    63000)            2    0.3268%  50.4902%
  [    63000,    63500)            4    0.6536%  51.1438%
  [    63500,    64000)            4    0.6536%  51.7974%
  [    64000,    64500)            1    0.1634%  51.9608%
  [    64500,    65000)            3    0.4902%  52.4510%
  [    65000,    65500)            8    1.3072%  53.7582%
  [    65500,    66000)            3    0.4902%  54.2484%
  [    66000,    66500)            4    0.6536%  54.9020%
  [    66500,    67000)            6    0.9804%  55.8824%
  [    67000,    67500)            2    0.3268%  56.2092%
  [    67500,    68000)            3    0.4902%  56.6993%
  [    68000,    68500)            2    0.3268%  57.0261%
  [    68500,    69000)            3    0.4902%  57.5163%
  [    69000,    69500)            5    0.8170%  58.3333%
  [    69500,    70000)            3    0.4902%  58.8235%
  [    70000,    70500)            3    0.4902%  59.3137%
  [    70500,    71000)            5    0.8170%  60.1307%
  [    71000,    71500)            3    0.4902%  60.6209%
  [    71500,    72000)            1    0.1634%  60.7843%
  [    72000,    72500)            1    0.1634%  60.9477%
  [    72500,    73000)            6    0.9804%  61.9281%
  [    73000,    73500)            7    1.1438%  63.0719%
  [    73500,    74000)            3    0.4902%  63.5621%
  [    74000,    74500)            5    0.8170%  64.3791%
  [    74500,    75000)            6    0.9804%  65.3595%
  [    75000,    75500)            4    0.6536%  66.0131%
  [    75500,    76000)            2    0.3268%  66.3399%
  [    76000,    76500)            3    0.4902%  66.8301%
  [    77000,    77500)            3    0.4902%  67.3203%
  [    77500,    78000)            5    0.8170%  68.1373%
  [    78000,    78500)            2    0.3268%  68.4641%
  [    78500,    79000)            3    0.4902%  68.9542%
  [    79000,    79500)            7    1.1438%  70.0980%
  [    79500,    80000)            1    0.1634%  70.2614%
  [    80500,    81000)            2    0.3268%  70.5882%
  [    81000,    81500)            4    0.6536%  71.2418%
  [    81500,    82000)            2    0.3268%  71.5686%
  [    82000,    82500)            5    0.8170%  72.3856%
  [    82500,    83000)            2    0.3268%  72.7124%
  [    83000,    83500)            2    0.3268%  73.0392%
  [    83500,    84000)            4    0.6536%  73.6928%
  [    84000,    84500)            3    0.4902%  74.1830%
  [    84500,    85000)            1    0.1634%  74.3464%
  [    85000,    85500)            1    0.1634%  74.5098%
  [    85500,    86000)            2    0.3268%  74.8366%
  [    86000,    86500)            4    0.6536%  75.4902%
  [    86500,    87000)            4    0.6536%  76.1438%
  [    87000,    87500)            3    0.4902%  76.6340%
  [    87500,    88000)            2    0.3268%  76.9608%
  [    88000,    88500)            1    0.1634%  77.1242%
  [    88500,    89000)            4    0.6536%  77.7778%
  [    89000,    89500)            8    1.3072%  79.0850%
  [    89500,    90000)            1    0.1634%  79.2484%
  [    90000,    90500)            5    0.8170%  80.0654%
  [    90500,    91000)            2    0.3268%  80.3922%
  [    91000,    91500)            5    0.8170%  81.2092%
  [    91500,    92000)            1    0.1634%  81.3725%
  [    92000,    92500)            2    0.3268%  81.6993%
  [    92500,    93000)            2    0.3268%  82.0261%
  [    93000,    93500)            4    0.6536%  82.6797%
  [    93500,    94000)            2    0.3268%  83.0065%
  [    94000,    94500)            1    0.1634%  83.1699%
  [    94500,    95000)            1    0.1634%  83.3333%
  [    95000,    95500)            2    0.3268%  83.6601%
  [    95500,    96000)            3    0.4902%  84.1503%
  [    96000,    96500)            5    0.8170%  84.9673%
  [    96500,    97000)            2    0.3268%  85.2941%
  [    97000,    97500)            3    0.4902%  85.7843%
  [    97500,    98000)            6    0.9804%  86.7647%
  [    98500,    99000)            6    0.9804%  87.7451%
  [    99000,    99500)            1    0.1634%  87.9085%
  [    99500,   100000)            2    0.3268%  88.2353%
  [   100000,   100500)            3    0.4902%  88.7255%
  [   100500,   101000)            2    0.3268%  89.0523%
  [   101000,   101500)            2    0.3268%  89.3791%
  [   101500,   102000)            2    0.3268%  89.7059%
  [   102000,   102500)            3    0.4902%  90.1961%
  [   102500,   103000)            2    0.3268%  90.5229%
  [   103000,   103500)            2    0.3268%  90.8497%
  [   103500,   104000)            2    0.3268%  91.1765%
  [   104000,   104500)            1    0.1634%  91.3399%
  [   104500,   105000)            1    0.1634%  91.5033%
  [   105000,   105500)            1    0.1634%  91.6667%
  [   105500,   106000)            1    0.1634%  91.8301%
  [   106000,   106500)            1    0.1634%  91.9935%
  [   106500,   107000)            2    0.3268%  92.3203%
  [   107000,   107500)            3    0.4902%  92.8105%
  [   107500,   108000)            1    0.1634%  92.9739%
  [   108000,   108500)            1    0.1634%  93.1373%
  [   110000,   110500)            3    0.4902%  93.6275%
  [   110500,   111000)            1    0.1634%  93.7908%
  [   111000,   111500)            1    0.1634%  93.9542%
  [   111500,   112000)            1    0.1634%  94.1176%
  [   112500,   113000)            4    0.6536%  94.7712%
  [   113000,   113500)            1    0.1634%  94.9346%
  [   113500,   114000)            2    0.3268%  95.2614%
  [   114500,   115000)            1    0.1634%  95.4248%
  [   115500,   116000)            1    0.1634%  95.5882%
  [   116000,   116500)            1    0.1634%  95.7516%
  [   117000,   117500)            2    0.3268%  96.0784%
  [   121000,   121500)            1    0.1634%  96.2418%
  [   122500,   123000)            1    0.1634%  96.4052%
  [   123000,   123500)            1    0.1634%  96.5686%
  [   123500,   124000)            2    0.3268%  96.8954%
  [   131500,   132000)            1    0.1634%  97.0588%
  [   138000,   138500)            1    0.1634%  97.2222%
  [   138500,   139000)            1    0.1634%  97.3856%
  [   139000,   139500)            2    0.3268%  97.7124%
  [   140500,   141000)            1    0.1634%  97.8758%
  [   143000,   143500)            1    0.1634%  98.0392%
  [   145000,   145500)            1    0.1634%  98.2026%
  [   148500,   149000)            1    0.1634%  98.3660%
  [   149000,   149500)            1    0.1634%  98.5294%
  [   151500,   152000)            1    0.1634%  98.6928%
  [   154500,   155000)            1    0.1634%  98.8562%
  [   155500,   156000)            2    0.3268%  99.1830%
  [   156000,   156500)            1    0.1634%  99.3464%
  [   156500,   157000)            1    0.1634%  99.5098%
  [   164500,   165000)            1    0.1634%  99.6732%
  [   171000,   171500)            1    0.1634%  99.8366%
  [   177000,   177500)            1    0.1634% 100.0000%

----- OFFLOADED TASKS [node 0] -----
  ops total                = 612
  ops direct (1-sided)     = 612 (100.00%)
  ops offload (rpc)        = 0 (0.00%)
  lookup pushdowns         = 0
  scan   pushdowns (RPC)   = 0
    kv pairs returned      = 0
    leaves scanned remotely= 0
    kv / scan pushdown     = 0.00
    leaves / scan pushdown = 0.00
=========================================================================

[CORRECTNESS node 0] lookup found 612 / 612 = 100.0000%
[END]
