nodes 2, threads 36, mix R/I/U/S=50/0/0/50, zipf-0.99, bulk 50M warmup 10M op 30M, offload 0%, scan_range 100
[4mshared memory size: 64GB, 0x7feeda800000[0m
[4mrdma cache size: 4GB[0m
[4mMachine NR: 2[0m
[4mCompute server 1 start up [10.30.1.6]
[0m
I connect server 0
[CONFIG node 1] bulk load: bottom-up build, 8 keys per leaf, 6 children per inner node (CHIME_BULK_BUILD / CHIME_BUILD_LEAF_KEYS / CHIME_BUILD_INNER_FANOUT)
[CONFIG node 1] clients on this node: yes (CHIME_MN_CLIENTS)
[CONFIG node 1] scan path: from_cache=1 offload_always=0 (CHIME_SCAN_FROM_CACHE / CHIME_SCAN_OFFLOAD_ALWAYS)
[CONFIG node 1] push ops: both (CHIME_PUSH_OPS; applies only with offloading on)
[CACHE node 1] total=32 MB index=32 MB leaf=0 MB
[CONFIG node 1] dir threads = 1 (CHIME_DIR_THREADS, max 16) -- MUST match the other node
[CORES node 1] linear pinning: app threads -> CPUs 0..35, main -> 79, dir threads -> 79 (REV_DIR_CPUS)
[CONFIG] hotspot buffer + speculative read: off (CHIME_HOTSPOT; stock CHIME: on above 50 MB)
workload generated: keyspace=50001000 bulk=50000000 warmup=9999972 op=29999988
[4mKey space set: keySpaceSize=50000000[0m
I am 36
I am 60
I am 42
I am 43
I am 37
I am 40
I am 41
I am 38
I am 44
I am 52
I am 47
I am 55
I am 57
I am 56
I am 39
I am 54
I am 46
I am 51
I am 48
I am 50
I am 59
I am 68
I am 64
I am 53
I am 58
I am 63
I am 66
I am 70
I am 65
I am 45
I am 67
I am 61
I am 71
I am 69
I am 62
I am 49
[build] leaves: 10% (625001/6250000)
[build] leaves: 20% (1250002/6250000)
[build] leaves: 30% (1875003/6250000)
[build] leaves: 40% (2500004/6250000)
[build] leaves: 50% (3125005/6250000)
[build] leaves: 60% (3750006/6250000)
[build] leaves: 70% (4375007/6250000)
[build] leaves: 80% (5000008/6250000)
[build] leaves: 90% (5625009/6250000)
[build] inner level 1: 1041667 nodes
[build] inner level 2: 173611 nodes
[build] inner level 3: 28935 nodes
[build] inner level 4: 4823 nodes
[build] inner level 5: 804 nodes
[build] inner level 6: 134 nodes
[build] inner level 7: 23 nodes
[build] inner level 8: 4 nodes
[build] inner level 9: 1 nodes
[build] done in 18.9s: height=10 leaves=6250000 inner_nodes=1250002 (8 keys per leaf, 6 children per inner node)
[TREE] height=10 leaves=6250000 inner_nodes=1250002 keys_per_leaf=8.00 inner_MB=399.4 leaf_MB=2104.0 total_MB=2503.4 (internal span 16, leaf span 16, node bytes inner=335 leaf=353)
node 1 warmup done in 83s
[INDEX] --- post-bulk-load cache occupancy (cache = 32 MB) ---
 ----- [TreeCache]:  cache size=32 MB free_size=0.000 MB skiplist_node_cnt=1247395 ----- 
consumed cache size = 32.000 MB
 ----- [IdxCache]:  cache size=0 MB free_size=0.000 MB ---- 
consumed hotspot buffer size = 0.000000 MB

[LEAFCACHE] off
1, throughput 0.1567 Mops
1, throughput 0.1563 Mops
1, throughput 0.1557 Mops
1, throughput 0.1543 Mops
1, throughput 0.1552 Mops
1, throughput 0.1539 Mops
1, throughput 0.1553 Mops
1, throughput 0.1570 Mops
1, throughput 0.1572 Mops
1, throughput 0.1560 Mops
1, throughput 0.1562 Mops
1, throughput 0.1572 Mops
1, throughput 0.1575 Mops
1, throughput 0.1565 Mops
1, throughput 0.1569 Mops
1, throughput 0.1567 Mops
1, throughput 0.1572 Mops
1, throughput 0.1561 Mops
1, throughput 0.1574 Mops
1, throughput 0.1569 Mops
1, throughput 0.1548 Mops
1, throughput 0.1554 Mops
1, throughput 0.1575 Mops
1, throughput 0.1568 Mops
1, throughput 0.1560 Mops
1, throughput 0.1561 Mops
1, throughput 0.1530 Mops
1, throughput 0.1557 Mops
1, throughput 0.1570 Mops
1, throughput 0.1576 Mops
1, throughput 0.1566 Mops
1, throughput 0.1567 Mops
1, throughput 0.1566 Mops
1, throughput 0.1565 Mops
1, throughput 0.1564 Mops
1, throughput 0.1567 Mops
1, throughput 0.1553 Mops
1, throughput 0.1564 Mops
1, throughput 0.1564 Mops
1, throughput 0.1569 Mops
1, throughput 0.1578 Mops
1, throughput 0.1564 Mops
1, throughput 0.1565 Mops
1, throughput 0.1561 Mops
1, throughput 0.1563 Mops
1, throughput 0.1564 Mops
1, throughput 0.1553 Mops
1, throughput 0.1552 Mops
1, throughput 0.1574 Mops
1, throughput 0.1585 Mops
1, throughput 0.1568 Mops
1, throughput 0.1564 Mops
1, throughput 0.1564 Mops
1, throughput 0.1581 Mops
1, throughput 0.1573 Mops
1, throughput 0.1573 Mops
1, throughput 0.1572 Mops
1, throughput 0.1572 Mops
1, throughput 0.1564 Mops
1, throughput 0.1563 Mops
1, throughput 0.1574 Mops
1, throughput 0.1561 Mops
1, throughput 0.1557 Mops
1, throughput 0.1561 Mops
1, throughput 0.1566 Mops
1, throughput 0.1550 Mops
1, throughput 0.1562 Mops
1, throughput 0.1536 Mops
1, throughput 0.1575 Mops
1, throughput 0.1577 Mops
1, throughput 0.1571 Mops
1, throughput 0.1562 Mops
1, throughput 0.1560 Mops
1, throughput 0.1572 Mops
1, throughput 0.1556 Mops
1, throughput 0.1578 Mops
1, throughput 0.1580 Mops
1, throughput 0.1574 Mops
1, throughput 0.1573 Mops
1, throughput 0.1570 Mops
1, throughput 0.1571 Mops
1, throughput 0.1561 Mops
1, throughput 0.1581 Mops
1, throughput 0.1564 Mops
1, throughput 0.1554 Mops
1, throughput 0.1570 Mops
1, throughput 0.1572 Mops
1, throughput 0.1566 Mops
1, throughput 0.1541 Mops
1, throughput 0.1564 Mops
1, throughput 0.1572 Mops
1, throughput 0.1576 Mops
1, throughput 0.1571 Mops
1, throughput 0.1562 Mops
1, throughput 0.1574 Mops
1, throughput 0.1574 Mops
1, throughput 0.1561 Mops
1, throughput 0.1569 Mops
1, throughput 0.1567 Mops
1, throughput 0.1569 Mops
1, throughput 0.1562 Mops
1, throughput 0.1565 Mops
1, throughput 0.1570 Mops
1, throughput 0.1575 Mops
1, throughput 0.1565 Mops
1, throughput 0.1563 Mops
1, throughput 0.1566 Mops
1, throughput 0.1561 Mops
1, throughput 0.1553 Mops
1, throughput 0.1578 Mops
1, throughput 0.1561 Mops
1, throughput 0.1578 Mops
1, throughput 0.1569 Mops
1, throughput 0.1585 Mops
1, throughput 0.1549 Mops
1, throughput 0.1574 Mops
1, throughput 0.1570 Mops
1, throughput 0.1554 Mops
1, throughput 0.1559 Mops
1, throughput 0.1577 Mops
1, throughput 0.1557 Mops
1, throughput 0.1575 Mops
1, throughput 0.1563 Mops
1, throughput 0.1553 Mops
1, throughput 0.1576 Mops
1, throughput 0.1567 Mops
1, throughput 0.1561 Mops
1, throughput 0.1582 Mops
1, throughput 0.1565 Mops
1, throughput 0.1553 Mops
1, throughput 0.1564 Mops
1, throughput 0.1567 Mops
1, throughput 0.1572 Mops
1, throughput 0.1563 Mops
1, throughput 0.1577 Mops
1, throughput 0.1582 Mops
1, throughput 0.1578 Mops
1, throughput 0.1582 Mops
1, throughput 0.1559 Mops
1, throughput 0.1560 Mops
1, throughput 0.1572 Mops
1, throughput 0.1574 Mops
1, throughput 0.1564 Mops
1, throughput 0.1584 Mops
1, throughput 0.1564 Mops
1, throughput 0.1557 Mops
1, throughput 0.1567 Mops
1, throughput 0.1562 Mops
1, throughput 0.1567 Mops
1, throughput 0.1566 Mops
1, throughput 0.1561 Mops
1, throughput 0.1578 Mops
1, throughput 0.1572 Mops
1, throughput 0.1581 Mops
1, throughput 0.1567 Mops
1, throughput 0.1571 Mops
1, throughput 0.1567 Mops
1, throughput 0.1561 Mops
1, throughput 0.1573 Mops
1, throughput 0.1595 Mops
1, throughput 0.1563 Mops
1, throughput 0.1575 Mops
1, throughput 0.1563 Mops
1, throughput 0.1571 Mops
1, throughput 0.1559 Mops
1, throughput 0.1573 Mops
1, throughput 0.1570 Mops
1, throughput 0.1576 Mops
1, throughput 0.1563 Mops
1, throughput 0.1570 Mops
1, throughput 0.1535 Mops
1, throughput 0.1572 Mops
1, throughput 0.1581 Mops
1, throughput 0.1559 Mops
1, throughput 0.1571 Mops
1, throughput 0.1563 Mops
1, throughput 0.1572 Mops
1, throughput 0.1573 Mops
1, throughput 0.1553 Mops
1, throughput 0.1572 Mops
1, throughput 0.1557 Mops
1, throughput 0.1573 Mops
1, throughput 0.1573 Mops
1, throughput 0.1580 Mops
1, throughput 0.1571 Mops
1, throughput 0.1578 Mops
1, throughput 0.1576 Mops
1, throughput 0.1563 Mops
1, throughput 0.1568 Mops
1, throughput 0.1570 Mops
1, throughput 0.1554 Mops
1, throughput 0.1544 Mops
1, throughput 0.1559 Mops
1, throughput 0.1548 Mops
1, throughput 0.1578 Mops
1, throughput 0.1578 Mops
1, throughput 0.1587 Mops
1, throughput 0.1578 Mops
1, throughput 0.1564 Mops
1, throughput 0.1564 Mops
1, throughput 0.1574 Mops
1, throughput 0.1568 Mops
1, throughput 0.1573 Mops
1, throughput 0.1572 Mops
1, throughput 0.1574 Mops
1, throughput 0.1579 Mops
1, throughput 0.1558 Mops
1, throughput 0.1565 Mops
1, throughput 0.1575 Mops
1, throughput 0.1559 Mops
1, throughput 0.1557 Mops
1, throughput 0.1536 Mops
1, throughput 0.1549 Mops
1, throughput 0.1568 Mops
1, throughput 0.1573 Mops
1, throughput 0.1565 Mops
1, throughput 0.1583 Mops
1, throughput 0.1586 Mops
1, throughput 0.1563 Mops
1, throughput 0.1569 Mops
1, throughput 0.1577 Mops
1, throughput 0.1564 Mops
1, throughput 0.1564 Mops
1, throughput 0.1573 Mops
1, throughput 0.1569 Mops
1, throughput 0.1570 Mops
1, throughput 0.1552 Mops
1, throughput 0.1564 Mops
1, throughput 0.1556 Mops
1, throughput 0.1563 Mops
1, throughput 0.1565 Mops
1, throughput 0.1554 Mops
1, throughput 0.1569 Mops
1, throughput 0.1576 Mops
1, throughput 0.1571 Mops
1, throughput 0.1570 Mops
1, throughput 0.1566 Mops
1, throughput 0.1572 Mops
1, throughput 0.1563 Mops
1, throughput 0.1570 Mops
1, throughput 0.1575 Mops
1, throughput 0.1565 Mops
1, throughput 0.1573 Mops
1, throughput 0.1569 Mops
1, throughput 0.1578 Mops
1, throughput 0.1566 Mops
1, throughput 0.1566 Mops
1, throughput 0.1576 Mops
1, throughput 0.1572 Mops
1, throughput 0.1579 Mops
1, throughput 0.1587 Mops
1, throughput 0.1579 Mops
1, throughput 0.1548 Mops
1, throughput 0.1561 Mops
1, throughput 0.1573 Mops
1, throughput 0.1580 Mops
1, throughput 0.1572 Mops
1, throughput 0.1551 Mops
1, throughput 0.1571 Mops
1, throughput 0.1572 Mops
1, throughput 0.1572 Mops
1, throughput 0.1555 Mops
1, throughput 0.1580 Mops
1, throughput 0.1564 Mops
1, throughput 0.1576 Mops
1, throughput 0.1568 Mops
1, throughput 0.1579 Mops
1, throughput 0.1577 Mops
1, throughput 0.1572 Mops
1, throughput 0.1559 Mops
1, throughput 0.1589 Mops
1, throughput 0.1572 Mops
1, throughput 0.1571 Mops
1, throughput 0.1542 Mops
1, throughput 0.1563 Mops
1, throughput 0.1572 Mops
1, throughput 0.1567 Mops
1, throughput 0.1571 Mops
1, throughput 0.1571 Mops
1, throughput 0.1561 Mops
1, throughput 0.1558 Mops
1, throughput 0.1567 Mops
1, throughput 0.1574 Mops
1, throughput 0.1577 Mops
1, throughput 0.1566 Mops
1, throughput 0.1568 Mops
1, throughput 0.1563 Mops
1, throughput 0.1572 Mops
1, throughput 0.1577 Mops
1, throughput 0.1567 Mops
1, throughput 0.1569 Mops
1, throughput 0.1570 Mops
1, throughput 0.1587 Mops
1, throughput 0.1562 Mops
1, throughput 0.1554 Mops
1, throughput 0.1565 Mops
1, throughput 0.1570 Mops
1, throughput 0.1568 Mops
1, throughput 0.1568 Mops
1, throughput 0.1559 Mops
1, throughput 0.1568 Mops
1, throughput 0.1571 Mops
1, throughput 0.1565 Mops
1, throughput 0.1592 Mops
1, throughput 0.1582 Mops
1, throughput 0.1574 Mops
1, throughput 0.1562 Mops
1, throughput 0.1581 Mops
1, throughput 0.1573 Mops
1, throughput 0.1568 Mops
1, throughput 0.1565 Mops
1, throughput 0.1565 Mops
1, throughput 0.1563 Mops
1, throughput 0.1577 Mops
1, throughput 0.1547 Mops
1, throughput 0.1580 Mops
1, throughput 0.1564 Mops
1, throughput 0.1572 Mops
1, throughput 0.1581 Mops
1, throughput 0.1575 Mops
1, throughput 0.1567 Mops
1, throughput 0.1582 Mops
1, throughput 0.1563 Mops
1, throughput 0.1574 Mops
1, throughput 0.1572 Mops
1, throughput 0.1564 Mops
1, throughput 0.1565 Mops
1, throughput 0.1572 Mops
1, throughput 0.1569 Mops
1, throughput 0.1578 Mops
1, throughput 0.1557 Mops
1, throughput 0.1579 Mops
1, throughput 0.1562 Mops
1, throughput 0.1565 Mops
1, throughput 0.1569 Mops
1, throughput 0.1564 Mops
1, throughput 0.1563 Mops
1, throughput 0.1577 Mops
1, throughput 0.1573 Mops
1, throughput 0.1566 Mops
1, throughput 0.1583 Mops
1, throughput 0.1568 Mops
1, throughput 0.1567 Mops
1, throughput 0.1564 Mops
1, throughput 0.1565 Mops
1, throughput 0.1573 Mops
1, throughput 0.1560 Mops
1, throughput 0.1563 Mops
1, throughput 0.1573 Mops
1, throughput 0.1579 Mops
1, throughput 0.1575 Mops
1, throughput 0.1567 Mops
1, throughput 0.1575 Mops
1, throughput 0.1565 Mops
1, throughput 0.1571 Mops
1, throughput 0.1552 Mops
1, throughput 0.1568 Mops
1, throughput 0.1570 Mops
1, throughput 0.1568 Mops
1, throughput 0.1574 Mops
1, throughput 0.1565 Mops
1, throughput 0.1576 Mops
1, throughput 0.1580 Mops
1, throughput 0.1566 Mops
1, throughput 0.1558 Mops
1, throughput 0.1564 Mops
1, throughput 0.1560 Mops
1, throughput 0.1565 Mops
1, throughput 0.1570 Mops
1, throughput 0.1567 Mops
1, throughput 0.1585 Mops
1, throughput 0.1564 Mops
1, throughput 0.1561 Mops
1, throughput 0.1413 Mops
1, throughput 0.1103 Mops
1, throughput 0.0961 Mops
1, throughput 0.0963 Mops
1, throughput 0.0967 Mops
1, throughput 0.0975 Mops
1, throughput 0.0963 Mops
1, throughput 0.0965 Mops
1, throughput 0.0975 Mops
1, throughput 0.0971 Mops
1, throughput 0.0954 Mops
1, throughput 0.0973 Mops
1, throughput 0.0966 Mops
1, throughput 0.0930 Mops
1, throughput 0.0718 Mops
1, throughput 0.0342 Mops
1, throughput 0.0044 Mops
[RESULT node 1] ops=29999988 elapsed=194.873s throughput=0.1539 Mops mode=op-bounded
[RDMA node 1] ops=29999988 posts=956343716 read_wr=1263169250 read_bytes=196148701310 write_wr=0 write_bytes=0 atomic_wr=0 send_wr=0 send_bytes=0
[RDMA node 1] per_op: round_trips=31.8781 reads=42.1057 writes=0.0000 atomics=0.0000 sends=0.0000 verbs=42.1057 bytes=6538.3

==================== LATENCY BUCKETS (500 ns) [node 1] ====================
[LOOKUP]
  ALL                n=14997948   mean=   53.66us  p50=  10.50us  p90= 147.00us  p99= 194.00us  p99.9= 232.00us  max>=380.00us
  DIRECT (1-sided)   n=14997948   mean=   53.66us  p50=  10.50us  p90= 147.00us  p99= 194.00us  p99.9= 232.00us  max>=380.00us
  OFFLOAD (rpc)             (no samples)
[RANGE]
  ALL                n=15002040   mean=  401.87us  p50=  73.00us  p90= 882.50us  p99=1000.00us  p99.9=1000.00us  max>=1000.00us
  DIRECT (1-sided)   n=15002040   mean=  401.87us  p50=  73.00us  p90= 882.50us  p99=1000.00us  p99.9=1000.00us  max>=1000.00us
  OFFLOAD (rpc)             (no samples)
[ALL OPS]
  ALL                n=29999988   mean=  227.79us  p50=  63.00us  p90= 805.50us  p99=1000.00us  p99.9=1000.00us  max>=1000.00us
  DIRECT (1-sided)   n=29999988   mean=  227.79us  p50=  63.00us  p90= 805.50us  p99=1000.00us  p99.9=1000.00us  max>=1000.00us
  OFFLOAD (rpc)             (no samples)

----- 500 ns bucket CDF (all ops) [node 1] -----
  bucket [lo,hi) ns             count        pct       cdf
  [      500,     1000)           10    0.0000%   0.0000%
  [     1000,     1500)          764    0.0025%   0.0026%
  [     1500,     2000)         1159    0.0039%   0.0064%
  [     2000,     2500)         1593    0.0053%   0.0118%
  [     2500,     3000)         1841    0.0061%   0.0179%
  [     3000,     3500)         2878    0.0096%   0.0275%
  [     3500,     4000)        24261    0.0809%   0.1084%
  [     4000,     4500)       104615    0.3487%   0.4571%
  [     4500,     5000)       245612    0.8187%   1.2758%
  [     5000,     5500)       403521    1.3451%   2.6208%
  [     5500,     6000)       547525    1.8251%   4.4459%
  [     6000,     6500)       691966    2.3066%   6.7525%
  [     6500,     7000)       797052    2.6568%   9.4093%
  [     7000,     7500)       852643    2.8421%  12.2515%
  [     7500,     8000)       861423    2.8714%  15.1229%
  [     8000,     8500)       812726    2.7091%  17.8320%
  [     8500,     9000)       731817    2.4394%  20.2714%
  [     9000,     9500)       630385    2.1013%  22.3726%
  [     9500,    10000)       522688    1.7423%  24.1149%
  [    10000,    10500)       417336    1.3911%  25.5061%
  [    10500,    11000)       320517    1.0684%  26.5745%
  [    11000,    11500)       238457    0.7949%  27.3693%
  [    11500,    12000)       172612    0.5754%  27.9447%
  [    12000,    12500)       121135    0.4038%  28.3485%
  [    12500,    13000)        83118    0.2771%  28.6255%
  [    13000,    13500)        57527    0.1918%  28.8173%
  [    13500,    14000)        40849    0.1362%  28.9534%
  [    14000,    14500)        30406    0.1014%  29.0548%
  [    14500,    15000)        24266    0.0809%  29.1357%
  [    15000,    15500)        21212    0.0707%  29.2064%
  [    15500,    16000)        19376    0.0646%  29.2710%
  [    16000,    16500)        18182    0.0606%  29.3316%
  [    16500,    17000)        17366    0.0579%  29.3895%
  [    17000,    17500)        16450    0.0548%  29.4443%
  [    17500,    18000)        15576    0.0519%  29.4962%
  [    18000,    18500)        14736    0.0491%  29.5453%
  [    18500,    19000)        13621    0.0454%  29.5907%
  [    19000,    19500)        12718    0.0424%  29.6331%
  [    19500,    20000)        11724    0.0391%  29.6722%
  [    20000,    20500)        10694    0.0356%  29.7079%
  [    20500,    21000)         9670    0.0322%  29.7401%
  [    21000,    21500)         9007    0.0300%  29.7701%
  [    21500,    22000)         8295    0.0277%  29.7978%
  [    22000,    22500)         7874    0.0262%  29.8240%
  [    22500,    23000)         7468    0.0249%  29.8489%
  [    23000,    23500)         7123    0.0237%  29.8727%
  [    23500,    24000)         7348    0.0245%  29.8972%
  [    24000,    24500)         7228    0.0241%  29.9212%
  [    24500,    25000)         7184    0.0239%  29.9452%
  [    25000,    25500)         7273    0.0242%  29.9694%
  [    25500,    26000)         7311    0.0244%  29.9938%
  [    26000,    26500)         7750    0.0258%  30.0196%
  [    26500,    27000)         7761    0.0259%  30.0455%
  [    27000,    27500)         8120    0.0271%  30.0726%
  [    27500,    28000)         8201    0.0273%  30.0999%
  [    28000,    28500)         8311    0.0277%  30.1276%
  [    28500,    29000)         8339    0.0278%  30.1554%
  [    29000,    29500)         8427    0.0281%  30.1835%
  [    29500,    30000)         8734    0.0291%  30.2126%
  [    30000,    30500)         8497    0.0283%  30.2409%
  [    30500,    31000)         8698    0.0290%  30.2699%
  [    31000,    31500)         8712    0.0290%  30.2990%
  [    31500,    32000)         8563    0.0285%  30.3275%
  [    32000,    32500)         8640    0.0288%  30.3563%
  [    32500,    33000)         8703    0.0290%  30.3853%
  [    33000,    33500)         8692    0.0290%  30.4143%
  [    33500,    34000)         8812    0.0294%  30.4437%
  [    34000,    34500)         8893    0.0296%  30.4733%
  [    34500,    35000)         9000    0.0300%  30.5033%
  [    35000,    35500)         9019    0.0301%  30.5334%
  [    35500,    36000)         9187    0.0306%  30.5640%
  [    36000,    36500)         9344    0.0311%  30.5951%
  [    36500,    37000)         9639    0.0321%  30.6273%
  [    37000,    37500)         9883    0.0329%  30.6602%
  [    37500,    38000)         9931    0.0331%  30.6933%
  [    38000,    38500)        10259    0.0342%  30.7275%
  [    38500,    39000)        10290    0.0343%  30.7618%
  [    39000,    39500)        10450    0.0348%  30.7967%
  [    39500,    40000)        10388    0.0346%  30.8313%
  [    40000,    40500)        11024    0.0367%  30.8680%
  [    40500,    41000)        10839    0.0361%  30.9042%
  [    41000,    41500)        10996    0.0367%  30.9408%
  [    41500,    42000)        11288    0.0376%  30.9784%
  [    42000,    42500)        11193    0.0373%  31.0157%
  [    42500,    43000)        11347    0.0378%  31.0536%
  [    43000,    43500)        11563    0.0385%  31.0921%
  [    43500,    44000)        11546    0.0385%  31.1306%
  [    44000,    44500)        11598    0.0387%  31.1693%
  [    44500,    45000)        11955    0.0399%  31.2091%
  [    45000,    45500)        11799    0.0393%  31.2484%
  [    45500,    46000)        11899    0.0397%  31.2881%
  [    46000,    46500)        11834    0.0394%  31.3276%
  [    46500,    47000)        12019    0.0401%  31.3676%
  [    47000,    47500)        12090    0.0403%  31.4079%
  [    47500,    48000)        12424    0.0414%  31.4493%
  [    48000,    48500)        13180    0.0439%  31.4933%
  [    48500,    49000)        13764    0.0459%  31.5391%
  [    49000,    49500)        14657    0.0489%  31.5880%
  [    49500,    50000)        15796    0.0527%  31.6407%
  [    50000,    50500)        17594    0.0586%  31.6993%
  [    50500,    51000)        20787    0.0693%  31.7686%
  [    51000,    51500)        28492    0.0950%  31.8636%
  [    51500,    52000)        41118    0.1371%  32.0006%
  [    52000,    52500)        60609    0.2020%  32.2027%
  [    52500,    53000)        83867    0.2796%  32.4822%
  [    53000,    53500)       106453    0.3548%  32.8371%
  [    53500,    54000)       128270    0.4276%  33.2646%
  [    54000,    54500)       147353    0.4912%  33.7558%
  [    54500,    55000)       166053    0.5535%  34.3093%
  [    55000,    55500)       185630    0.6188%  34.9281%
  [    55500,    56000)       208059    0.6935%  35.6216%
  [    56000,    56500)       232763    0.7759%  36.3975%
  [    56500,    57000)       259809    0.8660%  37.2635%
  [    57000,    57500)       288295    0.9610%  38.2245%
  [    57500,    58000)       312519    1.0417%  39.2662%
  [    58000,    58500)       331581    1.1053%  40.3715%
  [    58500,    59000)       341994    1.1400%  41.5115%
  [    59000,    59500)       342445    1.1415%  42.6530%
  [    59500,    60000)       339197    1.1307%  43.7836%
  [    60000,    60500)       335464    1.1182%  44.9018%
  [    60500,    61000)       328284    1.0943%  45.9961%
  [    61000,    61500)       322342    1.0745%  47.0706%
  [    61500,    62000)       314766    1.0492%  48.1198%
  [    62000,    62500)       304467    1.0149%  49.1347%
  [    62500,    63000)       286405    0.9547%  50.0894%
  [    63000,    63500)       269689    0.8990%  50.9883%
  [    63500,    64000)       251521    0.8384%  51.8267%
  [    64000,    64500)       232477    0.7749%  52.6017%
  [    64500,    65000)       211206    0.7040%  53.3057%
  [    65000,    65500)       191548    0.6385%  53.9442%
  [    65500,    66000)       169930    0.5664%  54.5106%
  [    66000,    66500)       151233    0.5041%  55.0147%
  [    66500,    67000)       131705    0.4390%  55.4537%
  [    67000,    67500)       115668    0.3856%  55.8393%
  [    67500,    68000)       101453    0.3382%  56.1775%
  [    68000,    68500)        88272    0.2942%  56.4717%
  [    68500,    69000)        76116    0.2537%  56.7254%
  [    69000,    69500)        65832    0.2194%  56.9449%
  [    69500,    70000)        57600    0.1920%  57.1369%
  [    70000,    70500)        49107    0.1637%  57.3006%
  [    70500,    71000)        41873    0.1396%  57.4401%
  [    71000,    71500)        35552    0.1185%  57.5587%
  [    71500,    72000)        30148    0.1005%  57.6591%
  [    72000,    72500)        25721    0.0857%  57.7449%
  [    72500,    73000)        21817    0.0727%  57.8176%
  [    73000,    73500)        18997    0.0633%  57.8809%
  [    73500,    74000)        16128    0.0538%  57.9347%
  [    74000,    74500)        13961    0.0465%  57.9812%
  [    74500,    75000)        12254    0.0408%  58.0221%
  [    75000,    75500)        10796    0.0360%  58.0581%
  [    75500,    76000)         9738    0.0325%  58.0905%
  [    76000,    76500)         8720    0.0291%  58.1196%
  [    76500,    77000)         8075    0.0269%  58.1465%
  [    77000,    77500)         7542    0.0251%  58.1716%
  [    77500,    78000)         7235    0.0241%  58.1958%
  [    78000,    78500)         6713    0.0224%  58.2181%
  [    78500,    79000)         6309    0.0210%  58.2392%
  [    79000,    79500)         6337    0.0211%  58.2603%
  [    79500,    80000)         6107    0.0204%  58.2806%
  [    80000,    80500)         6197    0.0207%  58.3013%
  [    80500,    81000)         6165    0.0206%  58.3219%
  [    81000,    81500)         6302    0.0210%  58.3429%
  [    81500,    82000)         6372    0.0212%  58.3641%
  [    82000,    82500)         6547    0.0218%  58.3859%
  [    82500,    83000)         6568    0.0219%  58.4078%
  [    83000,    83500)         7001    0.0233%  58.4312%
  [    83500,    84000)         7043    0.0235%  58.4546%
  [    84000,    84500)         7245    0.0242%  58.4788%
  [    84500,    85000)         7644    0.0255%  58.5043%
  [    85000,    85500)         8048    0.0268%  58.5311%
  [    85500,    86000)         8343    0.0278%  58.5589%
  [    86000,    86500)         8686    0.0290%  58.5879%
  [    86500,    87000)         9159    0.0305%  58.6184%
  [    87000,    87500)         9295    0.0310%  58.6494%
  [    87500,    88000)         9803    0.0327%  58.6820%
  [    88000,    88500)        10240    0.0341%  58.7162%
  [    88500,    89000)        10714    0.0357%  58.7519%
  [    89000,    89500)        11218    0.0374%  58.7893%
  [    89500,    90000)        11581    0.0386%  58.8279%
  [    90000,    90500)        11941    0.0398%  58.8677%
  [    90500,    91000)        12606    0.0420%  58.9097%
  [    91000,    91500)        12982    0.0433%  58.9530%
  [    91500,    92000)        13323    0.0444%  58.9974%
  [    92000,    92500)        13525    0.0451%  59.0425%
  [    92500,    93000)        14284    0.0476%  59.0901%
  [    93000,    93500)        14745    0.0492%  59.1392%
  [    93500,    94000)        15569    0.0519%  59.1911%
  [    94000,    94500)        15638    0.0521%  59.2433%
  [    94500,    95000)        15999    0.0533%  59.2966%
  [    95000,    95500)        16915    0.0564%  59.3530%
  [    95500,    96000)        17146    0.0572%  59.4101%
  [    96000,    96500)        17840    0.0595%  59.4696%
  [    96500,    97000)        18149    0.0605%  59.5301%
  [    97000,    97500)        18659    0.0622%  59.5923%
  [    97500,    98000)        19219    0.0641%  59.6564%
  [    98000,    98500)        19753    0.0658%  59.7222%
  [    98500,    99000)        20098    0.0670%  59.7892%
  [    99000,    99500)        20674    0.0689%  59.8581%
  [    99500,   100000)        21327    0.0711%  59.9292%
  [   100000,   100500)        21808    0.0727%  60.0019%
  [   100500,   101000)        22029    0.0734%  60.0753%
  [   101000,   101500)        22602    0.0753%  60.1507%
  [   101500,   102000)        22888    0.0763%  60.2270%
  [   102000,   102500)        23661    0.0789%  60.3058%
  [   102500,   103000)        23811    0.0794%  60.3852%
  [   103000,   103500)        24341    0.0811%  60.4663%
  [   103500,   104000)        24738    0.0825%  60.5488%
  [   104000,   104500)        25252    0.0842%  60.6330%
  [   104500,   105000)        26005    0.0867%  60.7196%
  [   105000,   105500)        26329    0.0878%  60.8074%
  [   105500,   106000)        26667    0.0889%  60.8963%
  [   106000,   106500)        27116    0.0904%  60.9867%
  [   106500,   107000)        27963    0.0932%  61.0799%
  [   107000,   107500)        28442    0.0948%  61.1747%
  [   107500,   108000)        28856    0.0962%  61.2709%
  [   108000,   108500)        29112    0.0970%  61.3679%
  [   108500,   109000)        29716    0.0991%  61.4670%
  [   109000,   109500)        29874    0.0996%  61.5666%
  [   109500,   110000)        30719    0.1024%  61.6690%
  [   110000,   110500)        30790    0.1026%  61.7716%
  [   110500,   111000)        31407    0.1047%  61.8763%
  [   111000,   111500)        31643    0.1055%  61.9818%
  [   111500,   112000)        32085    0.1070%  62.0887%
  [   112000,   112500)        32783    0.1093%  62.1980%
  [   112500,   113000)        33127    0.1104%  62.3084%
  [   113000,   113500)        33386    0.1113%  62.4197%
  [   113500,   114000)        34163    0.1139%  62.5336%
  [   114000,   114500)        34056    0.1135%  62.6471%
  [   114500,   115000)        35099    0.1170%  62.7641%
  [   115000,   115500)        35540    0.1185%  62.8826%
  [   115500,   116000)        35876    0.1196%  63.0021%
  [   116000,   116500)        36049    0.1202%  63.1223%
  [   116500,   117000)        36234    0.1208%  63.2431%
  [   117000,   117500)        37105    0.1237%  63.3668%
  [   117500,   118000)        37062    0.1235%  63.4903%
  [   118000,   118500)        37563    0.1252%  63.6155%
  [   118500,   119000)        37678    0.1256%  63.7411%
  [   119000,   119500)        38151    0.1272%  63.8683%
  [   119500,   120000)        38662    0.1289%  63.9972%
  [   120000,   120500)        38751    0.1292%  64.1263%
  [   120500,   121000)        38551    0.1285%  64.2548%
  [   121000,   121500)        39037    0.1301%  64.3850%
  [   121500,   122000)        39508    0.1317%  64.5166%
  [   122000,   122500)        39486    0.1316%  64.6483%
  [   122500,   123000)        39987    0.1333%  64.7816%
  [   123000,   123500)        39764    0.1325%  64.9141%
  [   123500,   124000)        40103    0.1337%  65.0478%
  [   124000,   124500)        40146    0.1338%  65.1816%
  [   124500,   125000)        40322    0.1344%  65.3160%
  [   125000,   125500)        40456    0.1349%  65.4509%
  [   125500,   126000)        40139    0.1338%  65.5847%
  [   126000,   126500)        40191    0.1340%  65.7186%
  [   126500,   127000)        39734    0.1324%  65.8511%
  [   127000,   127500)        40044    0.1335%  65.9846%
  [   127500,   128000)        40103    0.1337%  66.1182%
  [   128000,   128500)        40202    0.1340%  66.2522%
  [   128500,   129000)        39825    0.1328%  66.3850%
  [   129000,   129500)        39904    0.1330%  66.5180%
  [   129500,   130000)        39566    0.1319%  66.6499%
  [   130000,   130500)        39670    0.1322%  66.7821%
  [   130500,   131000)        39502    0.1317%  66.9138%
  [   131000,   131500)        38992    0.1300%  67.0438%
  [   131500,   132000)        38949    0.1298%  67.1736%
  [   132000,   132500)        38887    0.1296%  67.3032%
  [   132500,   133000)        38517    0.1284%  67.4316%
  [   133000,   133500)        37926    0.1264%  67.5580%
  [   133500,   134000)        37501    0.1250%  67.6830%
  [   134000,   134500)        37420    0.1247%  67.8078%
  [   134500,   135000)        37142    0.1238%  67.9316%
  [   135000,   135500)        36809    0.1227%  68.0543%
  [   135500,   136000)        36491    0.1216%  68.1759%
  [   136000,   136500)        36335    0.1211%  68.2970%
  [   136500,   137000)        35710    0.1190%  68.4161%
  [   137000,   137500)        35694    0.1190%  68.5350%
  [   137500,   138000)        34748    0.1158%  68.6509%
  [   138000,   138500)        34610    0.1154%  68.7662%
  [   138500,   139000)        34289    0.1143%  68.8805%
  [   139000,   139500)        34190    0.1140%  68.9945%
  [   139500,   140000)        33472    0.1116%  69.1061%
  [   140000,   140500)        33107    0.1104%  69.2164%
  [   140500,   141000)        33196    0.1107%  69.3271%
  [   141000,   141500)        32152    0.1072%  69.4343%
  [   141500,   142000)        31879    0.1063%  69.5405%
  [   142000,   142500)        31407    0.1047%  69.6452%
  [   142500,   143000)        30856    0.1029%  69.7481%
  [   143000,   143500)        30784    0.1026%  69.8507%
  [   143500,   144000)        30317    0.1011%  69.9517%
  [   144000,   144500)        29746    0.0992%  70.0509%
  [   144500,   145000)        29516    0.0984%  70.1493%
  [   145000,   145500)        29034    0.0968%  70.2460%
  [   145500,   146000)        28657    0.0955%  70.3416%
  [   146000,   146500)        28175    0.0939%  70.4355%
  [   146500,   147000)        27854    0.0928%  70.5283%
  [   147000,   147500)        27655    0.0922%  70.6205%
  [   147500,   148000)        27134    0.0904%  70.7110%
  [   148000,   148500)        26660    0.0889%  70.7998%
  [   148500,   149000)        26339    0.0878%  70.8876%
  [   149000,   149500)        25981    0.0866%  70.9742%
  [   149500,   150000)        25591    0.0853%  71.0595%
  [   150000,   150500)        25537    0.0851%  71.1447%
  [   150500,   151000)        24970    0.0832%  71.2279%
  [   151000,   151500)        24370    0.0812%  71.3091%
  [   151500,   152000)        24575    0.0819%  71.3910%
  [   152000,   152500)        23985    0.0800%  71.4710%
  [   152500,   153000)        23584    0.0786%  71.5496%
  [   153000,   153500)        23130    0.0771%  71.6267%
  [   153500,   154000)        22877    0.0763%  71.7030%
  [   154000,   154500)        22786    0.0760%  71.7789%
  [   154500,   155000)        22111    0.0737%  71.8526%
  [   155000,   155500)        21651    0.0722%  71.9248%
  [   155500,   156000)        21538    0.0718%  71.9966%
  [   156000,   156500)        21557    0.0719%  72.0684%
  [   156500,   157000)        21178    0.0706%  72.1390%
  [   157000,   157500)        21103    0.0703%  72.2094%
  [   157500,   158000)        20774    0.0692%  72.2786%
  [   158000,   158500)        20643    0.0688%  72.3474%
  [   158500,   159000)        19951    0.0665%  72.4139%
  [   159000,   159500)        19817    0.0661%  72.4800%
  [   159500,   160000)        19252    0.0642%  72.5442%
  [   160000,   160500)        19337    0.0645%  72.6086%
  [   160500,   161000)        19172    0.0639%  72.6725%
  [   161000,   161500)        18540    0.0618%  72.7343%
  [   161500,   162000)        18223    0.0607%  72.7951%
  [   162000,   162500)        18086    0.0603%  72.8554%
  [   162500,   163000)        17926    0.0598%  72.9151%
  [   163000,   163500)        17571    0.0586%  72.9737%
  [   163500,   164000)        17425    0.0581%  73.0318%
  [   164000,   164500)        17174    0.0572%  73.0890%
  [   164500,   165000)        16801    0.0560%  73.1450%
  [   165000,   165500)        16580    0.0553%  73.2003%
  [   165500,   166000)        16110    0.0537%  73.2540%
  [   166000,   166500)        16112    0.0537%  73.3077%
  [   166500,   167000)        15744    0.0525%  73.3602%
  [   167000,   167500)        15732    0.0524%  73.4126%
  [   167500,   168000)        15216    0.0507%  73.4633%
  [   168000,   168500)        15108    0.0504%  73.5137%
  [   168500,   169000)        14698    0.0490%  73.5627%
  [   169000,   169500)        14838    0.0495%  73.6121%
  [   169500,   170000)        14462    0.0482%  73.6603%
  [   170000,   170500)        14300    0.0477%  73.7080%
  [   170500,   171000)        13952    0.0465%  73.7545%
  [   171000,   171500)        13652    0.0455%  73.8000%
  [   171500,   172000)        13297    0.0443%  73.8444%
  [   172000,   172500)        13140    0.0438%  73.8882%
  [   172500,   173000)        13119    0.0437%  73.9319%
  [   173000,   173500)        12717    0.0424%  73.9743%
  [   173500,   174000)        12670    0.0422%  74.0165%
  [   174000,   174500)        12235    0.0408%  74.0573%
  [   174500,   175000)        12090    0.0403%  74.0976%
  [   175000,   175500)        11909    0.0397%  74.1373%
  [   175500,   176000)        11598    0.0387%  74.1759%
  [   176000,   176500)        11167    0.0372%  74.2132%
  [   176500,   177000)        11294    0.0376%  74.2508%
  [   177000,   177500)        10973    0.0366%  74.2874%
  [   177500,   178000)        10749    0.0358%  74.3232%
  [   178000,   178500)        10361    0.0345%  74.3578%
  [   178500,   179000)        10180    0.0339%  74.3917%
  [   179000,   179500)         9952    0.0332%  74.4249%
  [   179500,   180000)         9678    0.0323%  74.4571%
  [   180000,   180500)         9713    0.0324%  74.4895%
  [   180500,   181000)         9404    0.0313%  74.5208%
  [   181000,   181500)         9105    0.0304%  74.5512%
  [   181500,   182000)         9105    0.0304%  74.5815%
  [   182000,   182500)         8852    0.0295%  74.6111%
  [   182500,   183000)         8696    0.0290%  74.6400%
  [   183000,   183500)         8553    0.0285%  74.6686%
  [   183500,   184000)         8098    0.0270%  74.6955%
  [   184000,   184500)         8095    0.0270%  74.7225%
  [   184500,   185000)         7916    0.0264%  74.7489%
  [   185000,   185500)         7769    0.0259%  74.7748%
  [   185500,   186000)         7590    0.0253%  74.8001%
  [   186000,   186500)         7403    0.0247%  74.8248%
  [   186500,   187000)         7228    0.0241%  74.8489%
  [   187000,   187500)         7067    0.0236%  74.8724%
  [   187500,   188000)         6891    0.0230%  74.8954%
  [   188000,   188500)         6673    0.0222%  74.9177%
  [   188500,   189000)         6487    0.0216%  74.9393%
  [   189000,   189500)         6319    0.0211%  74.9603%
  [   189500,   190000)         6286    0.0210%  74.9813%
  [   190000,   190500)         5997    0.0200%  75.0013%
  [   190500,   191000)         5849    0.0195%  75.0208%
  [   191000,   191500)         5743    0.0191%  75.0399%
  [   191500,   192000)         5630    0.0188%  75.0587%
  [   192000,   192500)         5616    0.0187%  75.0774%
  [   192500,   193000)         5465    0.0182%  75.0956%
  [   193000,   193500)         5210    0.0174%  75.1130%
  [   193500,   194000)         5155    0.0172%  75.1302%
  [   194000,   194500)         5008    0.0167%  75.1469%
  [   194500,   195000)         4855    0.0162%  75.1631%
  [   195000,   195500)         4777    0.0159%  75.1790%
  [   195500,   196000)         4729    0.0158%  75.1947%
  [   196000,   196500)         4702    0.0157%  75.2104%
  [   196500,   197000)         4504    0.0150%  75.2254%
  [   197000,   197500)         4310    0.0144%  75.2398%
  [   197500,   198000)         4331    0.0144%  75.2542%
  [   198000,   198500)         4243    0.0141%  75.2684%
  [   198500,   199000)         4094    0.0136%  75.2820%
  [   199000,   199500)         4058    0.0135%  75.2955%
  [   199500,   200000)         3859    0.0129%  75.3084%
  [   200000,   200500)         3880    0.0129%  75.3213%
  [   200500,   201000)         3781    0.0126%  75.3339%
  [   201000,   201500)         3605    0.0120%  75.3460%
  [   201500,   202000)         3641    0.0121%  75.3581%
  [   202000,   202500)         3626    0.0121%  75.3702%
  [   202500,   203000)         3481    0.0116%  75.3818%
  [   203000,   203500)         3441    0.0115%  75.3933%
  [   203500,   204000)         3376    0.0113%  75.4045%
  [   204000,   204500)         3238    0.0108%  75.4153%
  [   204500,   205000)         3177    0.0106%  75.4259%
  [   205000,   205500)         3136    0.0105%  75.4364%
  [   205500,   206000)         2993    0.0100%  75.4463%
  [   206000,   206500)         2938    0.0098%  75.4561%
  [   206500,   207000)         2995    0.0100%  75.4661%
  [   207000,   207500)         2901    0.0097%  75.4758%
  [   207500,   208000)         2821    0.0094%  75.4852%
  [   208000,   208500)         2792    0.0093%  75.4945%
  [   208500,   209000)         2671    0.0089%  75.5034%
  [   209000,   209500)         2689    0.0090%  75.5124%
  [   209500,   210000)         2692    0.0090%  75.5213%
  [   210000,   210500)         2610    0.0087%  75.5300%
  [   210500,   211000)         2557    0.0085%  75.5385%
  [   211000,   211500)         2611    0.0087%  75.5473%
  [   211500,   212000)         2581    0.0086%  75.5559%
  [   212000,   212500)         2409    0.0080%  75.5639%
  [   212500,   213000)         2448    0.0082%  75.5720%
  [   213000,   213500)         2308    0.0077%  75.5797%
  [   213500,   214000)         2308    0.0077%  75.5874%
  [   214000,   214500)         2276    0.0076%  75.5950%
  [   214500,   215000)         2209    0.0074%  75.6024%
  [   215000,   215500)         2120    0.0071%  75.6094%
  [   215500,   216000)         2104    0.0070%  75.6165%
  [   216000,   216500)         2118    0.0071%  75.6235%
  [   216500,   217000)         2123    0.0071%  75.6306%
  [   217000,   217500)         2081    0.0069%  75.6375%
  [   217500,   218000)         2116    0.0071%  75.6446%
  [   218000,   218500)         1984    0.0066%  75.6512%
  [   218500,   219000)         1940    0.0065%  75.6577%
  [   219000,   219500)         1931    0.0064%  75.6641%
  [   219500,   220000)         1898    0.0063%  75.6704%
  [   220000,   220500)         1856    0.0062%  75.6766%
  [   220500,   221000)         1882    0.0063%  75.6829%
  [   221000,   221500)         1838    0.0061%  75.6890%
  [   221500,   222000)         1848    0.0062%  75.6952%
  [   222000,   222500)         1830    0.0061%  75.7013%
  [   222500,   223000)         1710    0.0057%  75.7070%
  [   223000,   223500)         1716    0.0057%  75.7127%
  [   223500,   224000)         1721    0.0057%  75.7184%
  [   224000,   224500)         1723    0.0057%  75.7242%
  [   224500,   225000)         1642    0.0055%  75.7297%
  [   225000,   225500)         1615    0.0054%  75.7350%
  [   225500,   226000)         1678    0.0056%  75.7406%
  [   226000,   226500)         1608    0.0054%  75.7460%
  [   226500,   227000)         1532    0.0051%  75.7511%
  [   227000,   227500)         1512    0.0050%  75.7561%
  [   227500,   228000)         1549    0.0052%  75.7613%
  [   228000,   228500)         1584    0.0053%  75.7666%
  [   228500,   229000)         1462    0.0049%  75.7715%
  [   229000,   229500)         1513    0.0050%  75.7765%
  [   229500,   230000)         1479    0.0049%  75.7814%
  [   230000,   230500)         1461    0.0049%  75.7863%
  [   230500,   231000)         1430    0.0048%  75.7911%
  [   231000,   231500)         1404    0.0047%  75.7957%
  [   231500,   232000)         1419    0.0047%  75.8005%
  [   232000,   232500)         1371    0.0046%  75.8050%
  [   232500,   233000)         1428    0.0048%  75.8098%
  [   233000,   233500)         1341    0.0045%  75.8143%
  [   233500,   234000)         1362    0.0045%  75.8188%
  [   234000,   234500)         1359    0.0045%  75.8233%
  [   234500,   235000)         1323    0.0044%  75.8278%
  [   235000,   235500)         1324    0.0044%  75.8322%
  [   235500,   236000)         1324    0.0044%  75.8366%
  [   236000,   236500)         1259    0.0042%  75.8408%
  [   236500,   237000)         1297    0.0043%  75.8451%
  [   237000,   237500)         1231    0.0041%  75.8492%
  [   237500,   238000)         1291    0.0043%  75.8535%
  [   238000,   238500)         1255    0.0042%  75.8577%
  [   238500,   239000)         1219    0.0041%  75.8618%
  [   239000,   239500)         1261    0.0042%  75.8660%
  [   239500,   240000)         1204    0.0040%  75.8700%
  [   240000,   240500)         1222    0.0041%  75.8740%
  [   240500,   241000)         1190    0.0040%  75.8780%
  [   241000,   241500)         1208    0.0040%  75.8820%
  [   241500,   242000)         1192    0.0040%  75.8860%
  [   242000,   242500)         1214    0.0040%  75.8901%
  [   242500,   243000)         1156    0.0039%  75.8939%
  [   243000,   243500)         1167    0.0039%  75.8978%
  [   243500,   244000)         1105    0.0037%  75.9015%
  [   244000,   244500)         1178    0.0039%  75.9054%
  [   244500,   245000)         1176    0.0039%  75.9093%
  [   245000,   245500)         1134    0.0038%  75.9131%
  [   245500,   246000)         1157    0.0039%  75.9170%
  [   246000,   246500)         1123    0.0037%  75.9207%
  [   246500,   247000)         1060    0.0035%  75.9242%
  [   247000,   247500)         1095    0.0037%  75.9279%
  [   247500,   248000)         1139    0.0038%  75.9317%
  [   248000,   248500)         1051    0.0035%  75.9352%
  [   248500,   249000)         1091    0.0036%  75.9388%
  [   249000,   249500)         1064    0.0035%  75.9424%
  [   249500,   250000)         1126    0.0038%  75.9461%
  [   250000,   250500)         1119    0.0037%  75.9499%
  [   250500,   251000)         1051    0.0035%  75.9534%
  [   251000,   251500)         1108    0.0037%  75.9571%
  [   251500,   252000)         1127    0.0038%  75.9608%
  [   252000,   252500)         1030    0.0034%  75.9642%
  [   252500,   253000)         1008    0.0034%  75.9676%
  [   253000,   253500)         1064    0.0035%  75.9712%
  [   253500,   254000)         1036    0.0035%  75.9746%
  [   254000,   254500)         1036    0.0035%  75.9781%
  [   254500,   255000)         1084    0.0036%  75.9817%
  [   255000,   255500)         1053    0.0035%  75.9852%
  [   255500,   256000)          990    0.0033%  75.9885%
  [   256000,   256500)         1055    0.0035%  75.9920%
  [   256500,   257000)         1004    0.0033%  75.9953%
  [   257000,   257500)          961    0.0032%  75.9985%
  [   257500,   258000)          952    0.0032%  76.0017%
  [   258000,   258500)         1034    0.0034%  76.0052%
  [   258500,   259000)          974    0.0032%  76.0084%
  [   259000,   259500)         1032    0.0034%  76.0119%
  [   259500,   260000)         1034    0.0034%  76.0153%
  [   260000,   260500)         1019    0.0034%  76.0187%
  [   260500,   261000)         1018    0.0034%  76.0221%
  [   261000,   261500)          999    0.0033%  76.0254%
  [   261500,   262000)         1000    0.0033%  76.0288%
  [   262000,   262500)          962    0.0032%  76.0320%
  [   262500,   263000)          979    0.0033%  76.0352%
  [   263000,   263500)          947    0.0032%  76.0384%
  [   263500,   264000)          963    0.0032%  76.0416%
  [   264000,   264500)          999    0.0033%  76.0449%
  [   264500,   265000)          966    0.0032%  76.0481%
  [   265000,   265500)          935    0.0031%  76.0513%
  [   265500,   266000)          957    0.0032%  76.0544%
  [   266000,   266500)          934    0.0031%  76.0576%
  [   266500,   267000)          953    0.0032%  76.0607%
  [   267000,   267500)          951    0.0032%  76.0639%
  [   267500,   268000)          932    0.0031%  76.0670%
  [   268000,   268500)          978    0.0033%  76.0703%
  [   268500,   269000)          906    0.0030%  76.0733%
  [   269000,   269500)          935    0.0031%  76.0764%
  [   269500,   270000)          911    0.0030%  76.0794%
  [   270000,   270500)          906    0.0030%  76.0825%
  [   270500,   271000)          971    0.0032%  76.0857%
  [   271000,   271500)          904    0.0030%  76.0887%
  [   271500,   272000)          929    0.0031%  76.0918%
  [   272000,   272500)          923    0.0031%  76.0949%
  [   272500,   273000)          931    0.0031%  76.0980%
  [   273000,   273500)          889    0.0030%  76.1010%
  [   273500,   274000)          965    0.0032%  76.1042%
  [   274000,   274500)          896    0.0030%  76.1072%
  [   274500,   275000)          931    0.0031%  76.1103%
  [   275000,   275500)          916    0.0031%  76.1133%
  [   275500,   276000)          879    0.0029%  76.1162%
  [   276000,   276500)          891    0.0030%  76.1192%
  [   276500,   277000)          881    0.0029%  76.1222%
  [   277000,   277500)          871    0.0029%  76.1251%
  [   277500,   278000)          905    0.0030%  76.1281%
  [   278000,   278500)          906    0.0030%  76.1311%
  [   278500,   279000)          937    0.0031%  76.1342%
  [   279000,   279500)          822    0.0027%  76.1370%
  [   279500,   280000)          859    0.0029%  76.1398%
  [   280000,   280500)          853    0.0028%  76.1427%
  [   280500,   281000)          918    0.0031%  76.1457%
  [   281000,   281500)          912    0.0030%  76.1488%
  [   281500,   282000)          822    0.0027%  76.1515%
  [   282000,   282500)          878    0.0029%  76.1544%
  [   282500,   283000)          895    0.0030%  76.1574%
  [   283000,   283500)          921    0.0031%  76.1605%
  [   283500,   284000)          863    0.0029%  76.1634%
  [   284000,   284500)          890    0.0030%  76.1663%
  [   284500,   285000)          854    0.0028%  76.1692%
  [   285000,   285500)          927    0.0031%  76.1723%
  [   285500,   286000)          889    0.0030%  76.1752%
  [   286000,   286500)          870    0.0029%  76.1781%
  [   286500,   287000)          844    0.0028%  76.1809%
  [   287000,   287500)          898    0.0030%  76.1839%
  [   287500,   288000)          878    0.0029%  76.1869%
  [   288000,   288500)          803    0.0027%  76.1895%
  [   288500,   289000)          873    0.0029%  76.1924%
  [   289000,   289500)          870    0.0029%  76.1953%
  [   289500,   290000)          832    0.0028%  76.1981%
  [   290000,   290500)          898    0.0030%  76.2011%
  [   290500,   291000)          806    0.0027%  76.2038%
  [   291000,   291500)          877    0.0029%  76.2067%
  [   291500,   292000)          817    0.0027%  76.2094%
  [   292000,   292500)          832    0.0028%  76.2122%
  [   292500,   293000)          861    0.0029%  76.2151%
  [   293000,   293500)          838    0.0028%  76.2179%
  [   293500,   294000)          825    0.0028%  76.2206%
  [   294000,   294500)          811    0.0027%  76.2233%
  [   294500,   295000)          846    0.0028%  76.2262%
  [   295000,   295500)          851    0.0028%  76.2290%
  [   295500,   296000)          824    0.0027%  76.2317%
  [   296000,   296500)          833    0.0028%  76.2345%
  [   296500,   297000)          794    0.0026%  76.2372%
  [   297000,   297500)          811    0.0027%  76.2399%
  [   297500,   298000)          790    0.0026%  76.2425%
  [   298000,   298500)          797    0.0027%  76.2452%
  [   298500,   299000)          815    0.0027%  76.2479%
  [   299000,   299500)          817    0.0027%  76.2506%
  [   299500,   300000)          862    0.0029%  76.2535%
  [   300000,   300500)          822    0.0027%  76.2562%
  [   300500,   301000)          803    0.0027%  76.2589%
  [   301000,   301500)          784    0.0026%  76.2615%
  [   301500,   302000)          863    0.0029%  76.2644%
  [   302000,   302500)          818    0.0027%  76.2671%
  [   302500,   303000)          795    0.0027%  76.2698%
  [   303000,   303500)          800    0.0027%  76.2724%
  [   303500,   304000)          794    0.0026%  76.2751%
  [   304000,   304500)          809    0.0027%  76.2778%
  [   304500,   305000)          816    0.0027%  76.2805%
  [   305000,   305500)          791    0.0026%  76.2831%
  [   305500,   306000)          867    0.0029%  76.2860%
  [   306000,   306500)          775    0.0026%  76.2886%
  [   306500,   307000)          806    0.0027%  76.2913%
  [   307000,   307500)          773    0.0026%  76.2939%
  [   307500,   308000)          782    0.0026%  76.2965%
  [   308000,   308500)          800    0.0027%  76.2991%
  [   308500,   309000)          830    0.0028%  76.3019%
  [   309000,   309500)          813    0.0027%  76.3046%
  [   309500,   310000)          823    0.0027%  76.3074%
  [   310000,   310500)          803    0.0027%  76.3100%
  [   310500,   311000)          795    0.0027%  76.3127%
  [   311000,   311500)          831    0.0028%  76.3154%
  [   311500,   312000)          754    0.0025%  76.3180%
  [   312000,   312500)          812    0.0027%  76.3207%
  [   312500,   313000)          742    0.0025%  76.3231%
  [   313000,   313500)          819    0.0027%  76.3259%
  [   313500,   314000)          809    0.0027%  76.3286%
  [   314000,   314500)          733    0.0024%  76.3310%
  [   314500,   315000)          791    0.0026%  76.3336%
  [   315000,   315500)          768    0.0026%  76.3362%
  [   315500,   316000)          772    0.0026%  76.3388%
  [   316000,   316500)          753    0.0025%  76.3413%
  [   316500,   317000)          802    0.0027%  76.3440%
  [   317000,   317500)          799    0.0027%  76.3466%
  [   317500,   318000)          778    0.0026%  76.3492%
  [   318000,   318500)          724    0.0024%  76.3516%
  [   318500,   319000)          789    0.0026%  76.3543%
  [   319000,   319500)          722    0.0024%  76.3567%
  [   319500,   320000)          729    0.0024%  76.3591%
  [   320000,   320500)          764    0.0025%  76.3616%
  [   320500,   321000)          746    0.0025%  76.3641%
  [   321000,   321500)          711    0.0024%  76.3665%
  [   321500,   322000)          776    0.0026%  76.3691%
  [   322000,   322500)          738    0.0025%  76.3716%
  [   322500,   323000)          768    0.0026%  76.3741%
  [   323000,   323500)          772    0.0026%  76.3767%
  [   323500,   324000)          782    0.0026%  76.3793%
  [   324000,   324500)          748    0.0025%  76.3818%
  [   324500,   325000)          714    0.0024%  76.3842%
  [   325000,   325500)          771    0.0026%  76.3867%
  [   325500,   326000)          769    0.0026%  76.3893%
  [   326000,   326500)          728    0.0024%  76.3917%
  [   326500,   327000)          725    0.0024%  76.3941%
  [   327000,   327500)          741    0.0025%  76.3966%
  [   327500,   328000)          770    0.0026%  76.3992%
  [   328000,   328500)          755    0.0025%  76.4017%
  [   328500,   329000)          713    0.0024%  76.4041%
  [   329000,   329500)          729    0.0024%  76.4065%
  [   329500,   330000)          834    0.0028%  76.4093%
  [   330000,   330500)          732    0.0024%  76.4117%
  [   330500,   331000)          720    0.0024%  76.4141%
  [   331000,   331500)          778    0.0026%  76.4167%
  [   331500,   332000)          731    0.0024%  76.4192%
  [   332000,   332500)          749    0.0025%  76.4216%
  [   332500,   333000)          730    0.0024%  76.4241%
  [   333000,   333500)          745    0.0025%  76.4266%
  [   333500,   334000)          750    0.0025%  76.4291%
  [   334000,   334500)          717    0.0024%  76.4315%
  [   334500,   335000)          704    0.0023%  76.4338%
  [   335000,   335500)          736    0.0025%  76.4363%
  [   335500,   336000)          725    0.0024%  76.4387%
  [   336000,   336500)          697    0.0023%  76.4410%
  [   336500,   337000)          736    0.0025%  76.4434%
  [   337000,   337500)          722    0.0024%  76.4459%
  [   337500,   338000)          734    0.0024%  76.4483%
  [   338000,   338500)          743    0.0025%  76.4508%
  [   338500,   339000)          780    0.0026%  76.4534%
  [   339000,   339500)          766    0.0026%  76.4559%
  [   339500,   340000)          745    0.0025%  76.4584%
  [   340000,   340500)          691    0.0023%  76.4607%
  [   340500,   341000)          760    0.0025%  76.4633%
  [   341000,   341500)          739    0.0025%  76.4657%
  [   341500,   342000)          745    0.0025%  76.4682%
  [   342000,   342500)          760    0.0025%  76.4707%
  [   342500,   343000)          712    0.0024%  76.4731%
  [   343000,   343500)          698    0.0023%  76.4754%
  [   343500,   344000)          700    0.0023%  76.4778%
  [   344000,   344500)          678    0.0023%  76.4800%
  [   344500,   345000)          728    0.0024%  76.4825%
  [   345000,   345500)          733    0.0024%  76.4849%
  [   345500,   346000)          690    0.0023%  76.4872%
  [   346000,   346500)          739    0.0025%  76.4897%
  [   346500,   347000)          689    0.0023%  76.4920%
  [   347000,   347500)          728    0.0024%  76.4944%
  [   347500,   348000)          676    0.0023%  76.4966%
  [   348000,   348500)          719    0.0024%  76.4990%
  [   348500,   349000)          724    0.0024%  76.5014%
  [   349000,   349500)          735    0.0025%  76.5039%
  [   349500,   350000)          702    0.0023%  76.5062%
  [   350000,   350500)          660    0.0022%  76.5084%
  [   350500,   351000)          747    0.0025%  76.5109%
  [   351000,   351500)          702    0.0023%  76.5133%
  [   351500,   352000)          686    0.0023%  76.5156%
  [   352000,   352500)          683    0.0023%  76.5178%
  [   352500,   353000)          764    0.0025%  76.5204%
  [   353000,   353500)          739    0.0025%  76.5228%
  [   353500,   354000)          722    0.0024%  76.5252%
  [   354000,   354500)          677    0.0023%  76.5275%
  [   354500,   355000)          695    0.0023%  76.5298%
  [   355000,   355500)          695    0.0023%  76.5321%
  [   355500,   356000)          726    0.0024%  76.5346%
  [   356000,   356500)          678    0.0023%  76.5368%
  [   356500,   357000)          724    0.0024%  76.5392%
  [   357000,   357500)          716    0.0024%  76.5416%
  [   357500,   358000)          732    0.0024%  76.5441%
  [   358000,   358500)          677    0.0023%  76.5463%
  [   358500,   359000)          692    0.0023%  76.5486%
  [   359000,   359500)          686    0.0023%  76.5509%
  [   359500,   360000)          643    0.0021%  76.5530%
  [   360000,   360500)          698    0.0023%  76.5554%
  [   360500,   361000)          687    0.0023%  76.5577%
  [   361000,   361500)          683    0.0023%  76.5599%
  [   361500,   362000)          684    0.0023%  76.5622%
  [   362000,   362500)          721    0.0024%  76.5646%
  [   362500,   363000)          650    0.0022%  76.5668%
  [   363000,   363500)          691    0.0023%  76.5691%
  [   363500,   364000)          707    0.0024%  76.5715%
  [   364000,   364500)          721    0.0024%  76.5739%
  [   364500,   365000)          722    0.0024%  76.5763%
  [   365000,   365500)          677    0.0023%  76.5785%
  [   365500,   366000)          711    0.0024%  76.5809%
  [   366000,   366500)          672    0.0022%  76.5831%
  [   366500,   367000)          751    0.0025%  76.5856%
  [   367000,   367500)          687    0.0023%  76.5879%
  [   367500,   368000)          726    0.0024%  76.5903%
  [   368000,   368500)          695    0.0023%  76.5927%
  [   368500,   369000)          698    0.0023%  76.5950%
  [   369000,   369500)          704    0.0023%  76.5973%
  [   369500,   370000)          687    0.0023%  76.5996%
  [   370000,   370500)          715    0.0024%  76.6020%
  [   370500,   371000)          658    0.0022%  76.6042%
  [   371000,   371500)          687    0.0023%  76.6065%
  [   371500,   372000)          728    0.0024%  76.6089%
  [   372000,   372500)          704    0.0023%  76.6113%
  [   372500,   373000)          714    0.0024%  76.6136%
  [   373000,   373500)          721    0.0024%  76.6160%
  [   373500,   374000)          655    0.0022%  76.6182%
  [   374000,   374500)          718    0.0024%  76.6206%
  [   374500,   375000)          724    0.0024%  76.6230%
  [   375000,   375500)          721    0.0024%  76.6254%
  [   375500,   376000)          703    0.0023%  76.6278%
  [   376000,   376500)          733    0.0024%  76.6302%
  [   376500,   377000)          691    0.0023%  76.6325%
  [   377000,   377500)          653    0.0022%  76.6347%
  [   377500,   378000)          678    0.0023%  76.6370%
  [   378000,   378500)          709    0.0024%  76.6393%
  [   378500,   379000)          706    0.0024%  76.6417%
  [   379000,   379500)          718    0.0024%  76.6441%
  [   379500,   380000)          700    0.0023%  76.6464%
  [   380000,   380500)          715    0.0024%  76.6488%
  [   380500,   381000)          680    0.0023%  76.6511%
  [   381000,   381500)          763    0.0025%  76.6536%
  [   381500,   382000)          684    0.0023%  76.6559%
  [   382000,   382500)          700    0.0023%  76.6582%
  [   382500,   383000)          703    0.0023%  76.6606%
  [   383000,   383500)          740    0.0025%  76.6630%
  [   383500,   384000)          670    0.0022%  76.6653%
  [   384000,   384500)          719    0.0024%  76.6677%
  [   384500,   385000)          709    0.0024%  76.6700%
  [   385000,   385500)          689    0.0023%  76.6723%
  [   385500,   386000)          695    0.0023%  76.6746%
  [   386000,   386500)          717    0.0024%  76.6770%
  [   386500,   387000)          724    0.0024%  76.6794%
  [   387000,   387500)          685    0.0023%  76.6817%
  [   387500,   388000)          766    0.0026%  76.6843%
  [   388000,   388500)          689    0.0023%  76.6866%
  [   388500,   389000)          689    0.0023%  76.6889%
  [   389000,   389500)          685    0.0023%  76.6911%
  [   389500,   390000)          723    0.0024%  76.6936%
  [   390000,   390500)          642    0.0021%  76.6957%
  [   390500,   391000)          662    0.0022%  76.6979%
  [   391000,   391500)          686    0.0023%  76.7002%
  [   391500,   392000)          694    0.0023%  76.7025%
  [   392000,   392500)          680    0.0023%  76.7048%
  [   392500,   393000)          701    0.0023%  76.7071%
  [   393000,   393500)          707    0.0024%  76.7095%
  [   393500,   394000)          648    0.0022%  76.7116%
  [   394000,   394500)          720    0.0024%  76.7140%
  [   394500,   395000)          727    0.0024%  76.7164%
  [   395000,   395500)          724    0.0024%  76.7189%
  [   395500,   396000)          743    0.0025%  76.7213%
  [   396000,   396500)          713    0.0024%  76.7237%
  [   396500,   397000)          751    0.0025%  76.7262%
  [   397000,   397500)          702    0.0023%  76.7286%
  [   397500,   398000)          712    0.0024%  76.7309%
  [   398000,   398500)          686    0.0023%  76.7332%
  [   398500,   399000)          649    0.0022%  76.7354%
  [   399000,   399500)          691    0.0023%  76.7377%
  [   399500,   400000)          712    0.0024%  76.7401%
  [   400000,   400500)          732    0.0024%  76.7425%
  [   400500,   401000)          711    0.0024%  76.7449%
  [   401000,   401500)          725    0.0024%  76.7473%
  [   401500,   402000)          732    0.0024%  76.7497%
  [   402000,   402500)          717    0.0024%  76.7521%
  [   402500,   403000)          725    0.0024%  76.7545%
  [   403000,   403500)          706    0.0024%  76.7569%
  [   403500,   404000)          745    0.0025%  76.7594%
  [   404000,   404500)          734    0.0024%  76.7618%
  [   404500,   405000)          671    0.0022%  76.7641%
  [   405000,   405500)          729    0.0024%  76.7665%
  [   405500,   406000)          713    0.0024%  76.7689%
  [   406000,   406500)          708    0.0024%  76.7712%
  [   406500,   407000)          713    0.0024%  76.7736%
  [   407000,   407500)          721    0.0024%  76.7760%
  [   407500,   408000)          728    0.0024%  76.7784%
  [   408000,   408500)          722    0.0024%  76.7808%
  [   408500,   409000)          710    0.0024%  76.7832%
  [   409000,   409500)          734    0.0024%  76.7856%
  [   409500,   410000)          701    0.0023%  76.7880%
  [   410000,   410500)          754    0.0025%  76.7905%
  [   410500,   411000)          722    0.0024%  76.7929%
  [   411000,   411500)          763    0.0025%  76.7954%
  [   411500,   412000)          735    0.0025%  76.7979%
  [   412000,   412500)          715    0.0024%  76.8003%
  [   412500,   413000)          740    0.0025%  76.8027%
  [   413000,   413500)          719    0.0024%  76.8051%
  [   413500,   414000)          688    0.0023%  76.8074%
  [   414000,   414500)          726    0.0024%  76.8099%
  [   414500,   415000)          769    0.0026%  76.8124%
  [   415000,   415500)          698    0.0023%  76.8147%
  [   415500,   416000)          757    0.0025%  76.8173%
  [   416000,   416500)          772    0.0026%  76.8198%
  [   416500,   417000)          728    0.0024%  76.8223%
  [   417000,   417500)          798    0.0027%  76.8249%
  [   417500,   418000)          720    0.0024%  76.8273%
  [   418000,   418500)          726    0.0024%  76.8297%
  [   418500,   419000)          745    0.0025%  76.8322%
  [   419000,   419500)          761    0.0025%  76.8348%
  [   419500,   420000)          792    0.0026%  76.8374%
  [   420000,   420500)          770    0.0026%  76.8400%
  [   420500,   421000)          696    0.0023%  76.8423%
  [   421000,   421500)          721    0.0024%  76.8447%
  [   421500,   422000)          716    0.0024%  76.8471%
  [   422000,   422500)          758    0.0025%  76.8496%
  [   422500,   423000)          738    0.0025%  76.8521%
  [   423000,   423500)          766    0.0026%  76.8546%
  [   423500,   424000)          817    0.0027%  76.8573%
  [   424000,   424500)          725    0.0024%  76.8598%
  [   424500,   425000)          723    0.0024%  76.8622%
  [   425000,   425500)          708    0.0024%  76.8645%
  [   425500,   426000)          781    0.0026%  76.8671%
  [   426000,   426500)          735    0.0025%  76.8696%
  [   426500,   427000)          789    0.0026%  76.8722%
  [   427000,   427500)          730    0.0024%  76.8747%
  [   427500,   428000)          750    0.0025%  76.8772%
  [   428000,   428500)          748    0.0025%  76.8796%
  [   428500,   429000)          768    0.0026%  76.8822%
  [   429000,   429500)          803    0.0027%  76.8849%
  [   429500,   430000)          741    0.0025%  76.8874%
  [   430000,   430500)          790    0.0026%  76.8900%
  [   430500,   431000)          793    0.0026%  76.8926%
  [   431000,   431500)          788    0.0026%  76.8953%
  [   431500,   432000)          737    0.0025%  76.8977%
  [   432000,   432500)          780    0.0026%  76.9003%
  [   432500,   433000)          796    0.0027%  76.9030%
  [   433000,   433500)          771    0.0026%  76.9055%
  [   433500,   434000)          750    0.0025%  76.9080%
  [   434000,   434500)          734    0.0024%  76.9105%
  [   434500,   435000)          784    0.0026%  76.9131%
  [   435000,   435500)          782    0.0026%  76.9157%
  [   435500,   436000)          735    0.0025%  76.9182%
  [   436000,   436500)          780    0.0026%  76.9208%
  [   436500,   437000)          804    0.0027%  76.9234%
  [   437000,   437500)          778    0.0026%  76.9260%
  [   437500,   438000)          754    0.0025%  76.9285%
  [   438000,   438500)          779    0.0026%  76.9311%
  [   438500,   439000)          774    0.0026%  76.9337%
  [   439000,   439500)          838    0.0028%  76.9365%
  [   439500,   440000)          742    0.0025%  76.9390%
  [   440000,   440500)          798    0.0027%  76.9416%
  [   440500,   441000)          737    0.0025%  76.9441%
  [   441000,   441500)          782    0.0026%  76.9467%
  [   441500,   442000)          779    0.0026%  76.9493%
  [   442000,   442500)          782    0.0026%  76.9519%
  [   442500,   443000)          829    0.0028%  76.9547%
  [   443000,   443500)          781    0.0026%  76.9573%
  [   443500,   444000)          795    0.0027%  76.9599%
  [   444000,   444500)          808    0.0027%  76.9626%
  [   444500,   445000)          749    0.0025%  76.9651%
  [   445000,   445500)          800    0.0027%  76.9678%
  [   445500,   446000)          842    0.0028%  76.9706%
  [   446000,   446500)          850    0.0028%  76.9734%
  [   446500,   447000)          806    0.0027%  76.9761%
  [   447000,   447500)          817    0.0027%  76.9788%
  [   447500,   448000)          834    0.0028%  76.9816%
  [   448000,   448500)          808    0.0027%  76.9843%
  [   448500,   449000)          823    0.0027%  76.9870%
  [   449000,   449500)          830    0.0028%  76.9898%
  [   449500,   450000)          859    0.0029%  76.9927%
  [   450000,   450500)          788    0.0026%  76.9953%
  [   450500,   451000)          843    0.0028%  76.9981%
  [   451000,   451500)          805    0.0027%  77.0008%
  [   451500,   452000)          829    0.0028%  77.0036%
  [   452000,   452500)          847    0.0028%  77.0064%
  [   452500,   453000)          845    0.0028%  77.0092%
  [   453000,   453500)          824    0.0027%  77.0119%
  [   453500,   454000)          844    0.0028%  77.0148%
  [   454000,   454500)          833    0.0028%  77.0175%
  [   454500,   455000)          815    0.0027%  77.0203%
  [   455000,   455500)          771    0.0026%  77.0228%
  [   455500,   456000)          863    0.0029%  77.0257%
  [   456000,   456500)          844    0.0028%  77.0285%
  [   456500,   457000)          835    0.0028%  77.0313%
  [   457000,   457500)          859    0.0029%  77.0342%
  [   457500,   458000)          849    0.0028%  77.0370%
  [   458000,   458500)          835    0.0028%  77.0398%
  [   458500,   459000)          830    0.0028%  77.0425%
  [   459000,   459500)          849    0.0028%  77.0454%
  [   459500,   460000)          881    0.0029%  77.0483%
  [   460000,   460500)          836    0.0028%  77.0511%
  [   460500,   461000)          870    0.0029%  77.0540%
  [   461000,   461500)          881    0.0029%  77.0569%
  [   461500,   462000)          824    0.0027%  77.0597%
  [   462000,   462500)          845    0.0028%  77.0625%
  [   462500,   463000)          882    0.0029%  77.0654%
  [   463000,   463500)          880    0.0029%  77.0684%
  [   463500,   464000)          834    0.0028%  77.0711%
  [   464000,   464500)          839    0.0028%  77.0739%
  [   464500,   465000)          848    0.0028%  77.0768%
  [   465000,   465500)          833    0.0028%  77.0795%
  [   465500,   466000)          856    0.0029%  77.0824%
  [   466000,   466500)          813    0.0027%  77.0851%
  [   466500,   467000)          809    0.0027%  77.0878%
  [   467000,   467500)          889    0.0030%  77.0908%
  [   467500,   468000)          866    0.0029%  77.0937%
  [   468000,   468500)          868    0.0029%  77.0966%
  [   468500,   469000)          873    0.0029%  77.0995%
  [   469000,   469500)          907    0.0030%  77.1025%
  [   469500,   470000)          911    0.0030%  77.1055%
  [   470000,   470500)          950    0.0032%  77.1087%
  [   470500,   471000)          889    0.0030%  77.1117%
  [   471000,   471500)          897    0.0030%  77.1146%
  [   471500,   472000)          889    0.0030%  77.1176%
  [   472000,   472500)          904    0.0030%  77.1206%
  [   472500,   473000)          877    0.0029%  77.1235%
  [   473000,   473500)          909    0.0030%  77.1266%
  [   473500,   474000)          881    0.0029%  77.1295%
  [   474000,   474500)          907    0.0030%  77.1325%
  [   474500,   475000)          918    0.0031%  77.1356%
  [   475000,   475500)          927    0.0031%  77.1387%
  [   475500,   476000)          907    0.0030%  77.1417%
  [   476000,   476500)          893    0.0030%  77.1447%
  [   476500,   477000)          929    0.0031%  77.1478%
  [   477000,   477500)          947    0.0032%  77.1509%
  [   477500,   478000)          874    0.0029%  77.1538%
  [   478000,   478500)          875    0.0029%  77.1568%
  [   478500,   479000)          943    0.0031%  77.1599%
  [   479000,   479500)          917    0.0031%  77.1630%
  [   479500,   480000)          909    0.0030%  77.1660%
  [   480000,   480500)          931    0.0031%  77.1691%
  [   480500,   481000)          946    0.0032%  77.1723%
  [   481000,   481500)          957    0.0032%  77.1754%
  [   481500,   482000)          951    0.0032%  77.1786%
  [   482000,   482500)          957    0.0032%  77.1818%
  [   482500,   483000)          956    0.0032%  77.1850%
  [   483000,   483500)          957    0.0032%  77.1882%
  [   483500,   484000)          941    0.0031%  77.1913%
  [   484000,   484500)         1001    0.0033%  77.1947%
  [   484500,   485000)          973    0.0032%  77.1979%
  [   485000,   485500)          993    0.0033%  77.2012%
  [   485500,   486000)         1012    0.0034%  77.2046%
  [   486000,   486500)          926    0.0031%  77.2077%
  [   486500,   487000)          910    0.0030%  77.2107%
  [   487000,   487500)          935    0.0031%  77.2138%
  [   487500,   488000)         1020    0.0034%  77.2172%
  [   488000,   488500)          920    0.0031%  77.2203%
  [   488500,   489000)          932    0.0031%  77.2234%
  [   489000,   489500)          921    0.0031%  77.2265%
  [   489500,   490000)          959    0.0032%  77.2297%
  [   490000,   490500)          948    0.0032%  77.2328%
  [   490500,   491000)          984    0.0033%  77.2361%
  [   491000,   491500)          966    0.0032%  77.2393%
  [   491500,   492000)          957    0.0032%  77.2425%
  [   492000,   492500)          988    0.0033%  77.2458%
  [   492500,   493000)          984    0.0033%  77.2491%
  [   493000,   493500)         1029    0.0034%  77.2525%
  [   493500,   494000)          949    0.0032%  77.2557%
  [   494000,   494500)          998    0.0033%  77.2590%
  [   494500,   495000)         1010    0.0034%  77.2624%
  [   495000,   495500)         1033    0.0034%  77.2658%
  [   495500,   496000)         1025    0.0034%  77.2692%
  [   496000,   496500)         1028    0.0034%  77.2727%
  [   496500,   497000)         1002    0.0033%  77.2760%
  [   497000,   497500)         1045    0.0035%  77.2795%
  [   497500,   498000)          991    0.0033%  77.2828%
  [   498000,   498500)          996    0.0033%  77.2861%
  [   498500,   499000)         1043    0.0035%  77.2896%
  [   499000,   499500)         1048    0.0035%  77.2931%
  [   499500,   500000)         1038    0.0035%  77.2965%
  [   500000,   500500)         1066    0.0036%  77.3001%
  [   500500,   501000)         1071    0.0036%  77.3037%
  [   501000,   501500)         1045    0.0035%  77.3071%
  [   501500,   502000)         1054    0.0035%  77.3106%
  [   502000,   502500)         1048    0.0035%  77.3141%
  [   502500,   503000)         1079    0.0036%  77.3177%
  [   503000,   503500)         1010    0.0034%  77.3211%
  [   503500,   504000)         1055    0.0035%  77.3246%
  [   504000,   504500)         1069    0.0036%  77.3282%
  [   504500,   505000)         1125    0.0038%  77.3319%
  [   505000,   505500)         1113    0.0037%  77.3356%
  [   505500,   506000)         1032    0.0034%  77.3391%
  [   506000,   506500)         1095    0.0037%  77.3427%
  [   506500,   507000)         1088    0.0036%  77.3464%
  [   507000,   507500)         1075    0.0036%  77.3499%
  [   507500,   508000)         1082    0.0036%  77.3536%
  [   508000,   508500)         1118    0.0037%  77.3573%
  [   508500,   509000)         1111    0.0037%  77.3610%
  [   509000,   509500)         1134    0.0038%  77.3648%
  [   509500,   510000)         1069    0.0036%  77.3683%
  [   510000,   510500)         1080    0.0036%  77.3719%
  [   510500,   511000)         1153    0.0038%  77.3758%
  [   511000,   511500)         1114    0.0037%  77.3795%
  [   511500,   512000)         1151    0.0038%  77.3833%
  [   512000,   512500)         1144    0.0038%  77.3871%
  [   512500,   513000)         1086    0.0036%  77.3908%
  [   513000,   513500)         1113    0.0037%  77.3945%
  [   513500,   514000)         1164    0.0039%  77.3983%
  [   514000,   514500)         1143    0.0038%  77.4022%
  [   514500,   515000)         1110    0.0037%  77.4059%
  [   515000,   515500)         1165    0.0039%  77.4097%
  [   515500,   516000)         1144    0.0038%  77.4135%
  [   516000,   516500)         1171    0.0039%  77.4175%
  [   516500,   517000)         1169    0.0039%  77.4213%
  [   517000,   517500)         1173    0.0039%  77.4253%
  [   517500,   518000)         1187    0.0040%  77.4292%
  [   518000,   518500)         1104    0.0037%  77.4329%
  [   518500,   519000)         1169    0.0039%  77.4368%
  [   519000,   519500)         1165    0.0039%  77.4407%
  [   519500,   520000)         1174    0.0039%  77.4446%
  [   520000,   520500)         1191    0.0040%  77.4486%
  [   520500,   521000)         1220    0.0041%  77.4526%
  [   521000,   521500)         1193    0.0040%  77.4566%
  [   521500,   522000)         1205    0.0040%  77.4606%
  [   522000,   522500)         1249    0.0042%  77.4648%
  [   522500,   523000)         1232    0.0041%  77.4689%
  [   523000,   523500)         1236    0.0041%  77.4730%
  [   523500,   524000)         1219    0.0041%  77.4771%
  [   524000,   524500)         1233    0.0041%  77.4812%
  [   524500,   525000)         1212    0.0040%  77.4852%
  [   525000,   525500)         1199    0.0040%  77.4892%
  [   525500,   526000)         1268    0.0042%  77.4934%
  [   526000,   526500)         1299    0.0043%  77.4978%
  [   526500,   527000)         1236    0.0041%  77.5019%
  [   527000,   527500)         1204    0.0040%  77.5059%
  [   527500,   528000)         1260    0.0042%  77.5101%
  [   528000,   528500)         1294    0.0043%  77.5144%
  [   528500,   529000)         1328    0.0044%  77.5188%
  [   529000,   529500)         1376    0.0046%  77.5234%
  [   529500,   530000)         1290    0.0043%  77.5277%
  [   530000,   530500)         1297    0.0043%  77.5321%
  [   530500,   531000)         1320    0.0044%  77.5365%
  [   531000,   531500)         1335    0.0045%  77.5409%
  [   531500,   532000)         1331    0.0044%  77.5453%
  [   532000,   532500)         1363    0.0045%  77.5499%
  [   532500,   533000)         1348    0.0045%  77.5544%
  [   533000,   533500)         1300    0.0043%  77.5587%
  [   533500,   534000)         1329    0.0044%  77.5631%
  [   534000,   534500)         1374    0.0046%  77.5677%
  [   534500,   535000)         1356    0.0045%  77.5722%
  [   535000,   535500)         1341    0.0045%  77.5767%
  [   535500,   536000)         1346    0.0045%  77.5812%
  [   536000,   536500)         1422    0.0047%  77.5859%
  [   536500,   537000)         1430    0.0048%  77.5907%
  [   537000,   537500)         1379    0.0046%  77.5953%
  [   537500,   538000)         1430    0.0048%  77.6001%
  [   538000,   538500)         1435    0.0048%  77.6049%
  [   538500,   539000)         1391    0.0046%  77.6095%
  [   539000,   539500)         1426    0.0048%  77.6142%
  [   539500,   540000)         1486    0.0050%  77.6192%
  [   540000,   540500)         1377    0.0046%  77.6238%
  [   540500,   541000)         1395    0.0047%  77.6284%
  [   541000,   541500)         1443    0.0048%  77.6332%
  [   541500,   542000)         1429    0.0048%  77.6380%
  [   542000,   542500)         1466    0.0049%  77.6429%
  [   542500,   543000)         1457    0.0049%  77.6478%
  [   543000,   543500)         1402    0.0047%  77.6524%
  [   543500,   544000)         1445    0.0048%  77.6572%
  [   544000,   544500)         1519    0.0051%  77.6623%
  [   544500,   545000)         1522    0.0051%  77.6674%
  [   545000,   545500)         1519    0.0051%  77.6724%
  [   545500,   546000)         1510    0.0050%  77.6775%
  [   546000,   546500)         1575    0.0053%  77.6827%
  [   546500,   547000)         1525    0.0051%  77.6878%
  [   547000,   547500)         1475    0.0049%  77.6927%
  [   547500,   548000)         1597    0.0053%  77.6981%
  [   548000,   548500)         1611    0.0054%  77.7034%
  [   548500,   549000)         1577    0.0053%  77.7087%
  [   549000,   549500)         1570    0.0052%  77.7139%
  [   549500,   550000)         1585    0.0053%  77.7192%
  [   550000,   550500)         1560    0.0052%  77.7244%
  [   550500,   551000)         1604    0.0053%  77.7297%
  [   551000,   551500)         1542    0.0051%  77.7349%
  [   551500,   552000)         1631    0.0054%  77.7403%
  [   552000,   552500)         1607    0.0054%  77.7457%
  [   552500,   553000)         1660    0.0055%  77.7512%
  [   553000,   553500)         1660    0.0055%  77.7567%
  [   553500,   554000)         1585    0.0053%  77.7620%
  [   554000,   554500)         1621    0.0054%  77.7674%
  [   554500,   555000)         1765    0.0059%  77.7733%
  [   555000,   555500)         1737    0.0058%  77.7791%
  [   555500,   556000)         1730    0.0058%  77.7849%
  [   556000,   556500)         1703    0.0057%  77.7905%
  [   556500,   557000)         1717    0.0057%  77.7963%
  [   557000,   557500)         1703    0.0057%  77.8019%
  [   557500,   558000)         1603    0.0053%  77.8073%
  [   558000,   558500)         1781    0.0059%  77.8132%
  [   558500,   559000)         1768    0.0059%  77.8191%
  [   559000,   559500)         1733    0.0058%  77.8249%
  [   559500,   560000)         1752    0.0058%  77.8307%
  [   560000,   560500)         1776    0.0059%  77.8367%
  [   560500,   561000)         1766    0.0059%  77.8425%
  [   561000,   561500)         1840    0.0061%  77.8487%
  [   561500,   562000)         1811    0.0060%  77.8547%
  [   562000,   562500)         1835    0.0061%  77.8608%
  [   562500,   563000)         1864    0.0062%  77.8670%
  [   563000,   563500)         1844    0.0061%  77.8732%
  [   563500,   564000)         1826    0.0061%  77.8793%
  [   564000,   564500)         1861    0.0062%  77.8855%
  [   564500,   565000)         1829    0.0061%  77.8916%
  [   565000,   565500)         1889    0.0063%  77.8979%
  [   565500,   566000)         1881    0.0063%  77.9041%
  [   566000,   566500)         1924    0.0064%  77.9106%
  [   566500,   567000)         2009    0.0067%  77.9173%
  [   567000,   567500)         1933    0.0064%  77.9237%
  [   567500,   568000)         1985    0.0066%  77.9303%
  [   568000,   568500)         1959    0.0065%  77.9368%
  [   568500,   569000)         1992    0.0066%  77.9435%
  [   569000,   569500)         2024    0.0067%  77.9502%
  [   569500,   570000)         2053    0.0068%  77.9571%
  [   570000,   570500)         2035    0.0068%  77.9639%
  [   570500,   571000)         2032    0.0068%  77.9706%
  [   571000,   571500)         2081    0.0069%  77.9776%
  [   571500,   572000)         2160    0.0072%  77.9848%
  [   572000,   572500)         2047    0.0068%  77.9916%
  [   572500,   573000)         2135    0.0071%  77.9987%
  [   573000,   573500)         2154    0.0072%  78.0059%
  [   573500,   574000)         2160    0.0072%  78.0131%
  [   574000,   574500)         2091    0.0070%  78.0201%
  [   574500,   575000)         2158    0.0072%  78.0272%
  [   575000,   575500)         2200    0.0073%  78.0346%
  [   575500,   576000)         2112    0.0070%  78.0416%
  [   576000,   576500)         2210    0.0074%  78.0490%
  [   576500,   577000)         2203    0.0073%  78.0563%
  [   577000,   577500)         2233    0.0074%  78.0638%
  [   577500,   578000)         2244    0.0075%  78.0713%
  [   578000,   578500)         2298    0.0077%  78.0789%
  [   578500,   579000)         2360    0.0079%  78.0868%
  [   579000,   579500)         2264    0.0075%  78.0943%
  [   579500,   580000)         2349    0.0078%  78.1022%
  [   580000,   580500)         2271    0.0076%  78.1097%
  [   580500,   581000)         2352    0.0078%  78.1176%
  [   581000,   581500)         2365    0.0079%  78.1255%
  [   581500,   582000)         2381    0.0079%  78.1334%
  [   582000,   582500)         2368    0.0079%  78.1413%
  [   582500,   583000)         2309    0.0077%  78.1490%
  [   583000,   583500)         2462    0.0082%  78.1572%
  [   583500,   584000)         2371    0.0079%  78.1651%
  [   584000,   584500)         2594    0.0086%  78.1737%
  [   584500,   585000)         2471    0.0082%  78.1820%
  [   585000,   585500)         2472    0.0082%  78.1902%
  [   585500,   586000)         2500    0.0083%  78.1985%
  [   586000,   586500)         2587    0.0086%  78.2072%
  [   586500,   587000)         2487    0.0083%  78.2155%
  [   587000,   587500)         2462    0.0082%  78.2237%
  [   587500,   588000)         2610    0.0087%  78.2324%
  [   588000,   588500)         2523    0.0084%  78.2408%
  [   588500,   589000)         2576    0.0086%  78.2494%
  [   589000,   589500)         2677    0.0089%  78.2583%
  [   589500,   590000)         2705    0.0090%  78.2673%
  [   590000,   590500)         2588    0.0086%  78.2759%
  [   590500,   591000)         2610    0.0087%  78.2846%
  [   591000,   591500)         2661    0.0089%  78.2935%
  [   591500,   592000)         2623    0.0087%  78.3022%
  [   592000,   592500)         2656    0.0089%  78.3111%
  [   592500,   593000)         2801    0.0093%  78.3204%
  [   593000,   593500)         2722    0.0091%  78.3295%
  [   593500,   594000)         2759    0.0092%  78.3387%
  [   594000,   594500)         2737    0.0091%  78.3478%
  [   594500,   595000)         2778    0.0093%  78.3571%
  [   595000,   595500)         2770    0.0092%  78.3663%
  [   595500,   596000)         2876    0.0096%  78.3759%
  [   596000,   596500)         2957    0.0099%  78.3858%
  [   596500,   597000)         2884    0.0096%  78.3954%
  [   597000,   597500)         2877    0.0096%  78.4050%
  [   597500,   598000)         2958    0.0099%  78.4148%
  [   598000,   598500)         2936    0.0098%  78.4246%
  [   598500,   599000)         2997    0.0100%  78.4346%
  [   599000,   599500)         2934    0.0098%  78.4444%
  [   599500,   600000)         2975    0.0099%  78.4543%
  [   600000,   600500)         3101    0.0103%  78.4646%
  [   600500,   601000)         3156    0.0105%  78.4752%
  [   601000,   601500)         3021    0.0101%  78.4852%
  [   601500,   602000)         3108    0.0104%  78.4956%
  [   602000,   602500)         3071    0.0102%  78.5058%
  [   602500,   603000)         3148    0.0105%  78.5163%
  [   603000,   603500)         3077    0.0103%  78.5266%
  [   603500,   604000)         3164    0.0105%  78.5371%
  [   604000,   604500)         3273    0.0109%  78.5480%
  [   604500,   605000)         3222    0.0107%  78.5588%
  [   605000,   605500)         3131    0.0104%  78.5692%
  [   605500,   606000)         3162    0.0105%  78.5797%
  [   606000,   606500)         3251    0.0108%  78.5906%
  [   606500,   607000)         3388    0.0113%  78.6019%
  [   607000,   607500)         3279    0.0109%  78.6128%
  [   607500,   608000)         3257    0.0109%  78.6237%
  [   608000,   608500)         3315    0.0111%  78.6347%
  [   608500,   609000)         3365    0.0112%  78.6459%
  [   609000,   609500)         3351    0.0112%  78.6571%
  [   609500,   610000)         3409    0.0114%  78.6685%
  [   610000,   610500)         3485    0.0116%  78.6801%
  [   610500,   611000)         3481    0.0116%  78.6917%
  [   611000,   611500)         3469    0.0116%  78.7032%
  [   611500,   612000)         3479    0.0116%  78.7148%
  [   612000,   612500)         3564    0.0119%  78.7267%
  [   612500,   613000)         3566    0.0119%  78.7386%
  [   613000,   613500)         3656    0.0122%  78.7508%
  [   613500,   614000)         3607    0.0120%  78.7628%
  [   614000,   614500)         3642    0.0121%  78.7750%
  [   614500,   615000)         3753    0.0125%  78.7875%
  [   615000,   615500)         3708    0.0124%  78.7998%
  [   615500,   616000)         3669    0.0122%  78.8121%
  [   616000,   616500)         3642    0.0121%  78.8242%
  [   616500,   617000)         3788    0.0126%  78.8368%
  [   617000,   617500)         3944    0.0131%  78.8500%
  [   617500,   618000)         3780    0.0126%  78.8626%
  [   618000,   618500)         3787    0.0126%  78.8752%
  [   618500,   619000)         3872    0.0129%  78.8881%
  [   619000,   619500)         3809    0.0127%  78.9008%
  [   619500,   620000)         3882    0.0129%  78.9137%
  [   620000,   620500)         3998    0.0133%  78.9271%
  [   620500,   621000)         3897    0.0130%  78.9401%
  [   621000,   621500)         4123    0.0137%  78.9538%
  [   621500,   622000)         3994    0.0133%  78.9671%
  [   622000,   622500)         4027    0.0134%  78.9805%
  [   622500,   623000)         4240    0.0141%  78.9947%
  [   623000,   623500)         4240    0.0141%  79.0088%
  [   623500,   624000)         4068    0.0136%  79.0224%
  [   624000,   624500)         4118    0.0137%  79.0361%
  [   624500,   625000)         4178    0.0139%  79.0500%
  [   625000,   625500)         4144    0.0138%  79.0638%
  [   625500,   626000)         4189    0.0140%  79.0778%
  [   626000,   626500)         4269    0.0142%  79.0920%
  [   626500,   627000)         4261    0.0142%  79.1062%
  [   627000,   627500)         4388    0.0146%  79.1209%
  [   627500,   628000)         4290    0.0143%  79.1352%
  [   628000,   628500)         4520    0.0151%  79.1502%
  [   628500,   629000)         4455    0.0149%  79.1651%
  [   629000,   629500)         4456    0.0149%  79.1799%
  [   629500,   630000)         4528    0.0151%  79.1950%
  [   630000,   630500)         4440    0.0148%  79.2098%
  [   630500,   631000)         4559    0.0152%  79.2250%
  [   631000,   631500)         4656    0.0155%  79.2405%
  [   631500,   632000)         4543    0.0151%  79.2557%
  [   632000,   632500)         4576    0.0153%  79.2709%
  [   632500,   633000)         4579    0.0153%  79.2862%
  [   633000,   633500)         4772    0.0159%  79.3021%
  [   633500,   634000)         4776    0.0159%  79.3180%
  [   634000,   634500)         4810    0.0160%  79.3341%
  [   634500,   635000)         4815    0.0161%  79.3501%
  [   635000,   635500)         4683    0.0156%  79.3657%
  [   635500,   636000)         4768    0.0159%  79.3816%
  [   636000,   636500)         4811    0.0160%  79.3976%
  [   636500,   637000)         4924    0.0164%  79.4141%
  [   637000,   637500)         4960    0.0165%  79.4306%
  [   637500,   638000)         5003    0.0167%  79.4473%
  [   638000,   638500)         4929    0.0164%  79.4637%
  [   638500,   639000)         4903    0.0163%  79.4800%
  [   639000,   639500)         5056    0.0169%  79.4969%
  [   639500,   640000)         4935    0.0165%  79.5133%
  [   640000,   640500)         5134    0.0171%  79.5305%
  [   640500,   641000)         5060    0.0169%  79.5473%
  [   641000,   641500)         5018    0.0167%  79.5640%
  [   641500,   642000)         5168    0.0172%  79.5813%
  [   642000,   642500)         5134    0.0171%  79.5984%
  [   642500,   643000)         5257    0.0175%  79.6159%
  [   643000,   643500)         5276    0.0176%  79.6335%
  [   643500,   644000)         5240    0.0175%  79.6510%
  [   644000,   644500)         5279    0.0176%  79.6686%
  [   644500,   645000)         5487    0.0183%  79.6869%
  [   645000,   645500)         5463    0.0182%  79.7051%
  [   645500,   646000)         5419    0.0181%  79.7231%
  [   646000,   646500)         5563    0.0185%  79.7417%
  [   646500,   647000)         5633    0.0188%  79.7604%
  [   647000,   647500)         5656    0.0189%  79.7793%
  [   647500,   648000)         5475    0.0183%  79.7975%
  [   648000,   648500)         5506    0.0184%  79.8159%
  [   648500,   649000)         5517    0.0184%  79.8343%
  [   649000,   649500)         5536    0.0185%  79.8527%
  [   649500,   650000)         5768    0.0192%  79.8720%
  [   650000,   650500)         5752    0.0192%  79.8911%
  [   650500,   651000)         5658    0.0189%  79.9100%
  [   651000,   651500)         5797    0.0193%  79.9293%
  [   651500,   652000)         5910    0.0197%  79.9490%
  [   652000,   652500)         5881    0.0196%  79.9686%
  [   652500,   653000)         5857    0.0195%  79.9882%
  [   653000,   653500)         5880    0.0196%  80.0078%
  [   653500,   654000)         5959    0.0199%  80.0276%
  [   654000,   654500)         5948    0.0198%  80.0474%
  [   654500,   655000)         5999    0.0200%  80.0674%
  [   655000,   655500)         6153    0.0205%  80.0880%
  [   655500,   656000)         5961    0.0199%  80.1078%
  [   656000,   656500)         6196    0.0207%  80.1285%
  [   656500,   657000)         6030    0.0201%  80.1486%
  [   657000,   657500)         6079    0.0203%  80.1688%
  [   657500,   658000)         6323    0.0211%  80.1899%
  [   658000,   658500)         6150    0.0205%  80.2104%
  [   658500,   659000)         6285    0.0210%  80.2314%
  [   659000,   659500)         6190    0.0206%  80.2520%
  [   659500,   660000)         6317    0.0211%  80.2731%
  [   660000,   660500)         6339    0.0211%  80.2942%
  [   660500,   661000)         6364    0.0212%  80.3154%
  [   661000,   661500)         6406    0.0214%  80.3368%
  [   661500,   662000)         6499    0.0217%  80.3584%
  [   662000,   662500)         6440    0.0215%  80.3799%
  [   662500,   663000)         6433    0.0214%  80.4013%
  [   663000,   663500)         6559    0.0219%  80.4232%
  [   663500,   664000)         6640    0.0221%  80.4453%
  [   664000,   664500)         6882    0.0229%  80.4683%
  [   664500,   665000)         6649    0.0222%  80.4904%
  [   665000,   665500)         6614    0.0220%  80.5125%
  [   665500,   666000)         6725    0.0224%  80.5349%
  [   666000,   666500)         6731    0.0224%  80.5573%
  [   666500,   667000)         6702    0.0223%  80.5797%
  [   667000,   667500)         6860    0.0229%  80.6025%
  [   667500,   668000)         6966    0.0232%  80.6258%
  [   668000,   668500)         6865    0.0229%  80.6486%
  [   668500,   669000)         6961    0.0232%  80.6718%
  [   669000,   669500)         6985    0.0233%  80.6951%
  [   669500,   670000)         6951    0.0232%  80.7183%
  [   670000,   670500)         7175    0.0239%  80.7422%
  [   670500,   671000)         7104    0.0237%  80.7659%
  [   671000,   671500)         7200    0.0240%  80.7899%
  [   671500,   672000)         7140    0.0238%  80.8137%
  [   672000,   672500)         7214    0.0240%  80.8377%
  [   672500,   673000)         7038    0.0235%  80.8612%
  [   673000,   673500)         7194    0.0240%  80.8852%
  [   673500,   674000)         7303    0.0243%  80.9095%
  [   674000,   674500)         7243    0.0241%  80.9337%
  [   674500,   675000)         7280    0.0243%  80.9579%
  [   675000,   675500)         7303    0.0243%  80.9823%
  [   675500,   676000)         7505    0.0250%  81.0073%
  [   676000,   676500)         7439    0.0248%  81.0321%
  [   676500,   677000)         7448    0.0248%  81.0569%
  [   677000,   677500)         7510    0.0250%  81.0819%
  [   677500,   678000)         7525    0.0251%  81.1070%
  [   678000,   678500)         7538    0.0251%  81.1322%
  [   678500,   679000)         7635    0.0255%  81.1576%
  [   679000,   679500)         7574    0.0252%  81.1829%
  [   679500,   680000)         7606    0.0254%  81.2082%
  [   680000,   680500)         7719    0.0257%  81.2339%
  [   680500,   681000)         7653    0.0255%  81.2594%
  [   681000,   681500)         7652    0.0255%  81.2850%
  [   681500,   682000)         7813    0.0260%  81.3110%
  [   682000,   682500)         7699    0.0257%  81.3367%
  [   682500,   683000)         7812    0.0260%  81.3627%
  [   683000,   683500)         8017    0.0267%  81.3894%
  [   683500,   684000)         7883    0.0263%  81.4157%
  [   684000,   684500)         8001    0.0267%  81.4424%
  [   684500,   685000)         8063    0.0269%  81.4692%
  [   685000,   685500)         7921    0.0264%  81.4956%
  [   685500,   686000)         7948    0.0265%  81.5221%
  [   686000,   686500)         8230    0.0274%  81.5496%
  [   686500,   687000)         8275    0.0276%  81.5772%
  [   687000,   687500)         8290    0.0276%  81.6048%
  [   687500,   688000)         8167    0.0272%  81.6320%
  [   688000,   688500)         8146    0.0272%  81.6592%
  [   688500,   689000)         8260    0.0275%  81.6867%
  [   689000,   689500)         8286    0.0276%  81.7143%
  [   689500,   690000)         8352    0.0278%  81.7422%
  [   690000,   690500)         8428    0.0281%  81.7703%
  [   690500,   691000)         8326    0.0278%  81.7980%
  [   691000,   691500)         8300    0.0277%  81.8257%
  [   691500,   692000)         8444    0.0281%  81.8538%
  [   692000,   692500)         8569    0.0286%  81.8824%
  [   692500,   693000)         8440    0.0281%  81.9105%
  [   693000,   693500)         8482    0.0283%  81.9388%
  [   693500,   694000)         8677    0.0289%  81.9677%
  [   694000,   694500)         8573    0.0286%  81.9963%
  [   694500,   695000)         8739    0.0291%  82.0254%
  [   695000,   695500)         8752    0.0292%  82.0546%
  [   695500,   696000)         8727    0.0291%  82.0837%
  [   696000,   696500)         8797    0.0293%  82.1130%
  [   696500,   697000)         8583    0.0286%  82.1416%
  [   697000,   697500)         8819    0.0294%  82.1710%
  [   697500,   698000)         8872    0.0296%  82.2006%
  [   698000,   698500)         8926    0.0298%  82.2303%
  [   698500,   699000)         8961    0.0299%  82.2602%
  [   699000,   699500)         9015    0.0301%  82.2903%
  [   699500,   700000)         8800    0.0293%  82.3196%
  [   700000,   700500)         8913    0.0297%  82.3493%
  [   700500,   701000)         8838    0.0295%  82.3788%
  [   701000,   701500)         9098    0.0303%  82.4091%
  [   701500,   702000)         9254    0.0308%  82.4399%
  [   702000,   702500)         9030    0.0301%  82.4700%
  [   702500,   703000)         9060    0.0302%  82.5002%
  [   703000,   703500)         9226    0.0308%  82.5310%
  [   703500,   704000)         9246    0.0308%  82.5618%
  [   704000,   704500)         9060    0.0302%  82.5920%
  [   704500,   705000)         9309    0.0310%  82.6230%
  [   705000,   705500)         9376    0.0313%  82.6543%
  [   705500,   706000)         9303    0.0310%  82.6853%
  [   706000,   706500)         9346    0.0312%  82.7165%
  [   706500,   707000)         9248    0.0308%  82.7473%
  [   707000,   707500)         9343    0.0311%  82.7784%
  [   707500,   708000)         9404    0.0313%  82.8098%
  [   708000,   708500)         9273    0.0309%  82.8407%
  [   708500,   709000)         9613    0.0320%  82.8727%
  [   709000,   709500)         9464    0.0315%  82.9043%
  [   709500,   710000)         9411    0.0314%  82.9356%
  [   710000,   710500)         9621    0.0321%  82.9677%
  [   710500,   711000)         9713    0.0324%  83.0001%
  [   711000,   711500)         9731    0.0324%  83.0325%
  [   711500,   712000)         9544    0.0318%  83.0643%
  [   712000,   712500)         9613    0.0320%  83.0964%
  [   712500,   713000)         9725    0.0324%  83.1288%
  [   713000,   713500)         9791    0.0326%  83.1614%
  [   713500,   714000)         9793    0.0326%  83.1941%
  [   714000,   714500)         9806    0.0327%  83.2268%
  [   714500,   715000)         9719    0.0324%  83.2592%
  [   715000,   715500)         9873    0.0329%  83.2921%
  [   715500,   716000)         9865    0.0329%  83.3250%
  [   716000,   716500)         9810    0.0327%  83.3577%
  [   716500,   717000)         9981    0.0333%  83.3909%
  [   717000,   717500)         9995    0.0333%  83.4242%
  [   717500,   718000)         9873    0.0329%  83.4572%
  [   718000,   718500)         9908    0.0330%  83.4902%
  [   718500,   719000)        10033    0.0334%  83.5236%
  [   719000,   719500)        10045    0.0335%  83.5571%
  [   719500,   720000)        10005    0.0334%  83.5905%
  [   720000,   720500)        10215    0.0341%  83.6245%
  [   720500,   721000)        10313    0.0344%  83.6589%
  [   721000,   721500)        10080    0.0336%  83.6925%
  [   721500,   722000)        10105    0.0337%  83.7262%
  [   722000,   722500)        10358    0.0345%  83.7607%
  [   722500,   723000)        10112    0.0337%  83.7944%
  [   723000,   723500)        10270    0.0342%  83.8286%
  [   723500,   724000)        10331    0.0344%  83.8631%
  [   724000,   724500)        10468    0.0349%  83.8980%
  [   724500,   725000)        10341    0.0345%  83.9324%
  [   725000,   725500)        10297    0.0343%  83.9668%
  [   725500,   726000)        10263    0.0342%  84.0010%
  [   726000,   726500)        10326    0.0344%  84.0354%
  [   726500,   727000)        10544    0.0351%  84.0705%
  [   727000,   727500)        10691    0.0356%  84.1062%
  [   727500,   728000)        10556    0.0352%  84.1414%
  [   728000,   728500)        10613    0.0354%  84.1767%
  [   728500,   729000)        10599    0.0353%  84.2121%
  [   729000,   729500)        10760    0.0359%  84.2479%
  [   729500,   730000)        10412    0.0347%  84.2826%
  [   730000,   730500)        10446    0.0348%  84.3175%
  [   730500,   731000)        10419    0.0347%  84.3522%
  [   731000,   731500)        10736    0.0358%  84.3880%
  [   731500,   732000)        10765    0.0359%  84.4239%
  [   732000,   732500)        10689    0.0356%  84.4595%
  [   732500,   733000)        10656    0.0355%  84.4950%
  [   733000,   733500)        10706    0.0357%  84.5307%
  [   733500,   734000)        10723    0.0357%  84.5664%
  [   734000,   734500)        10837    0.0361%  84.6026%
  [   734500,   735000)        10791    0.0360%  84.6385%
  [   735000,   735500)        10784    0.0359%  84.6745%
  [   735500,   736000)        10888    0.0363%  84.7108%
  [   736000,   736500)        10820    0.0361%  84.7468%
  [   736500,   737000)        10924    0.0364%  84.7833%
  [   737000,   737500)        10688    0.0356%  84.8189%
  [   737500,   738000)        10632    0.0354%  84.8543%
  [   738000,   738500)        10816    0.0361%  84.8904%
  [   738500,   739000)        10928    0.0364%  84.9268%
  [   739000,   739500)        10998    0.0367%  84.9635%
  [   739500,   740000)        11182    0.0373%  85.0007%
  [   740000,   740500)        11001    0.0367%  85.0374%
  [   740500,   741000)        10892    0.0363%  85.0737%
  [   741000,   741500)        11059    0.0369%  85.1106%
  [   741500,   742000)        11044    0.0368%  85.1474%
  [   742000,   742500)        11125    0.0371%  85.1845%
  [   742500,   743000)        10962    0.0365%  85.2210%
  [   743000,   743500)        11043    0.0368%  85.2578%
  [   743500,   744000)        11132    0.0371%  85.2949%
  [   744000,   744500)        10899    0.0363%  85.3313%
  [   744500,   745000)        11202    0.0373%  85.3686%
  [   745000,   745500)        11207    0.0374%  85.4060%
  [   745500,   746000)        10952    0.0365%  85.4425%
  [   746000,   746500)        11143    0.0371%  85.4796%
  [   746500,   747000)        11350    0.0378%  85.5174%
  [   747000,   747500)        11045    0.0368%  85.5543%
  [   747500,   748000)        11164    0.0372%  85.5915%
  [   748000,   748500)        11330    0.0378%  85.6292%
  [   748500,   749000)        11197    0.0373%  85.6666%
  [   749000,   749500)        11087    0.0370%  85.7035%
  [   749500,   750000)        11228    0.0374%  85.7409%
  [   750000,   750500)        11377    0.0379%  85.7789%
  [   750500,   751000)        11431    0.0381%  85.8170%
  [   751000,   751500)        11428    0.0381%  85.8551%
  [   751500,   752000)        11343    0.0378%  85.8929%
  [   752000,   752500)        11462    0.0382%  85.9311%
  [   752500,   753000)        11230    0.0374%  85.9685%
  [   753000,   753500)        11522    0.0384%  86.0069%
  [   753500,   754000)        11296    0.0377%  86.0446%
  [   754000,   754500)        11376    0.0379%  86.0825%
  [   754500,   755000)        11214    0.0374%  86.1199%
  [   755000,   755500)        11569    0.0386%  86.1584%
  [   755500,   756000)        11403    0.0380%  86.1964%
  [   756000,   756500)        11359    0.0379%  86.2343%
  [   756500,   757000)        11200    0.0373%  86.2716%
  [   757000,   757500)        11428    0.0381%  86.3097%
  [   757500,   758000)        11621    0.0387%  86.3485%
  [   758000,   758500)        11397    0.0380%  86.3865%
  [   758500,   759000)        11572    0.0386%  86.4250%
  [   759000,   759500)        11600    0.0387%  86.4637%
  [   759500,   760000)        11606    0.0387%  86.5024%
  [   760000,   760500)        11537    0.0385%  86.5408%
  [   760500,   761000)        11590    0.0386%  86.5795%
  [   761000,   761500)        11377    0.0379%  86.6174%
  [   761500,   762000)        11336    0.0378%  86.6552%
  [   762000,   762500)        11637    0.0388%  86.6940%
  [   762500,   763000)        11454    0.0382%  86.7322%
  [   763000,   763500)        11720    0.0391%  86.7712%
  [   763500,   764000)        11579    0.0386%  86.8098%
  [   764000,   764500)        11466    0.0382%  86.8480%
  [   764500,   765000)        11599    0.0387%  86.8867%
  [   765000,   765500)        11619    0.0387%  86.9254%
  [   765500,   766000)        11554    0.0385%  86.9639%
  [   766000,   766500)        11733    0.0391%  87.0031%
  [   766500,   767000)        11707    0.0390%  87.0421%
  [   767000,   767500)        11573    0.0386%  87.0807%
  [   767500,   768000)        11626    0.0388%  87.1194%
  [   768000,   768500)        11618    0.0387%  87.1581%
  [   768500,   769000)        11526    0.0384%  87.1966%
  [   769000,   769500)        11796    0.0393%  87.2359%
  [   769500,   770000)        11470    0.0382%  87.2741%
  [   770000,   770500)        11372    0.0379%  87.3120%
  [   770500,   771000)        11583    0.0386%  87.3506%
  [   771000,   771500)        11594    0.0386%  87.3893%
  [   771500,   772000)        11830    0.0394%  87.4287%
  [   772000,   772500)        11601    0.0387%  87.4674%
  [   772500,   773000)        11726    0.0391%  87.5065%
  [   773000,   773500)        11677    0.0389%  87.5454%
  [   773500,   774000)        11674    0.0389%  87.5843%
  [   774000,   774500)        11803    0.0393%  87.6236%
  [   774500,   775000)        11516    0.0384%  87.6620%
  [   775000,   775500)        11666    0.0389%  87.7009%
  [   775500,   776000)        11866    0.0396%  87.7405%
  [   776000,   776500)        11788    0.0393%  87.7798%
  [   776500,   777000)        11735    0.0391%  87.8189%
  [   777000,   777500)        11558    0.0385%  87.8574%
  [   777500,   778000)        11702    0.0390%  87.8964%
  [   778000,   778500)        11537    0.0385%  87.9349%
  [   778500,   779000)        11609    0.0387%  87.9736%
  [   779000,   779500)        11687    0.0390%  88.0125%
  [   779500,   780000)        11448    0.0382%  88.0507%
  [   780000,   780500)        11586    0.0386%  88.0893%
  [   780500,   781000)        11641    0.0388%  88.1281%
  [   781000,   781500)        11552    0.0385%  88.1666%
  [   781500,   782000)        11885    0.0396%  88.2062%
  [   782000,   782500)        11595    0.0387%  88.2449%
  [   782500,   783000)        11497    0.0383%  88.2832%
  [   783000,   783500)        11488    0.0383%  88.3215%
  [   783500,   784000)        11898    0.0397%  88.3612%
  [   784000,   784500)        11661    0.0389%  88.4000%
  [   784500,   785000)        11771    0.0392%  88.4393%
  [   785000,   785500)        11488    0.0383%  88.4776%
  [   785500,   786000)        11796    0.0393%  88.5169%
  [   786000,   786500)        11489    0.0383%  88.5552%
  [   786500,   787000)        11767    0.0392%  88.5944%
  [   787000,   787500)        11412    0.0380%  88.6324%
  [   787500,   788000)        11438    0.0381%  88.6706%
  [   788000,   788500)        11412    0.0380%  88.7086%
  [   788500,   789000)        11781    0.0393%  88.7479%
  [   789000,   789500)        11552    0.0385%  88.7864%
  [   789500,   790000)        11632    0.0388%  88.8252%
  [   790000,   790500)        11603    0.0387%  88.8638%
  [   790500,   791000)        11649    0.0388%  88.9027%
  [   791000,   791500)        11772    0.0392%  88.9419%
  [   791500,   792000)        11475    0.0383%  88.9802%
  [   792000,   792500)        11497    0.0383%  89.0185%
  [   792500,   793000)        11543    0.0385%  89.0570%
  [   793000,   793500)        11444    0.0381%  89.0951%
  [   793500,   794000)        11532    0.0384%  89.1335%
  [   794000,   794500)        11366    0.0379%  89.1714%
  [   794500,   795000)        11572    0.0386%  89.2100%
  [   795000,   795500)        11503    0.0383%  89.2483%
  [   795500,   796000)        11538    0.0385%  89.2868%
  [   796000,   796500)        11468    0.0382%  89.3250%
  [   796500,   797000)        11489    0.0383%  89.3633%
  [   797000,   797500)        11630    0.0388%  89.4021%
  [   797500,   798000)        11290    0.0376%  89.4397%
  [   798000,   798500)        11436    0.0381%  89.4778%
  [   798500,   799000)        11565    0.0386%  89.5164%
  [   799000,   799500)        11402    0.0380%  89.5544%
  [   799500,   800000)        11555    0.0385%  89.5929%
  [   800000,   800500)        11319    0.0377%  89.6306%
  [   800500,   801000)        11417    0.0381%  89.6687%
  [   801000,   801500)        11451    0.0382%  89.7069%
  [   801500,   802000)        11317    0.0377%  89.7446%
  [   802000,   802500)        11282    0.0376%  89.7822%
  [   802500,   803000)        11330    0.0378%  89.8200%
  [   803000,   803500)        11168    0.0372%  89.8572%
  [   803500,   804000)        11311    0.0377%  89.8949%
  [   804000,   804500)        11393    0.0380%  89.9329%
  [   804500,   805000)        11150    0.0372%  89.9700%
  [   805000,   805500)        11182    0.0373%  90.0073%
  [   805500,   806000)        11230    0.0374%  90.0448%
  [   806000,   806500)        11240    0.0375%  90.0822%
  [   806500,   807000)        11206    0.0374%  90.1196%
  [   807000,   807500)        11203    0.0373%  90.1569%
  [   807500,   808000)        11166    0.0372%  90.1941%
  [   808000,   808500)        11309    0.0377%  90.2318%
  [   808500,   809000)        11150    0.0372%  90.2690%
  [   809000,   809500)        11250    0.0375%  90.3065%
  [   809500,   810000)        11258    0.0375%  90.3440%
  [   810000,   810500)        11082    0.0369%  90.3810%
  [   810500,   811000)        11284    0.0376%  90.4186%
  [   811000,   811500)        11072    0.0369%  90.4555%
  [   811500,   812000)        10875    0.0363%  90.4917%
  [   812000,   812500)        11191    0.0373%  90.5290%
  [   812500,   813000)        11145    0.0372%  90.5662%
  [   813000,   813500)        10893    0.0363%  90.6025%
  [   813500,   814000)        11009    0.0367%  90.6392%
  [   814000,   814500)        11132    0.0371%  90.6763%
  [   814500,   815000)        11126    0.0371%  90.7134%
  [   815000,   815500)        11162    0.0372%  90.7506%
  [   815500,   816000)        10900    0.0363%  90.7869%
  [   816000,   816500)        11031    0.0368%  90.8237%
  [   816500,   817000)        10966    0.0366%  90.8603%
  [   817000,   817500)        11091    0.0370%  90.8972%
  [   817500,   818000)        10917    0.0364%  90.9336%
  [   818000,   818500)        10949    0.0365%  90.9701%
  [   818500,   819000)        11009    0.0367%  91.0068%
  [   819000,   819500)        10900    0.0363%  91.0431%
  [   819500,   820000)        10594    0.0353%  91.0785%
  [   820000,   820500)        10964    0.0365%  91.1150%
  [   820500,   821000)        10769    0.0359%  91.1509%
  [   821000,   821500)        10882    0.0363%  91.1872%
  [   821500,   822000)        10581    0.0353%  91.2224%
  [   822000,   822500)        10753    0.0358%  91.2583%
  [   822500,   823000)        10832    0.0361%  91.2944%
  [   823000,   823500)        10732    0.0358%  91.3302%
  [   823500,   824000)        10684    0.0356%  91.3658%
  [   824000,   824500)        10515    0.0351%  91.4008%
  [   824500,   825000)        10726    0.0358%  91.4366%
  [   825000,   825500)        10706    0.0357%  91.4723%
  [   825500,   826000)        10565    0.0352%  91.5075%
  [   826000,   826500)        10525    0.0351%  91.5426%
  [   826500,   827000)        10382    0.0346%  91.5772%
  [   827000,   827500)        10944    0.0365%  91.6137%
  [   827500,   828000)        10464    0.0349%  91.6485%
  [   828000,   828500)        10483    0.0349%  91.6835%
  [   828500,   829000)        10722    0.0357%  91.7192%
  [   829000,   829500)        10517    0.0351%  91.7543%
  [   829500,   830000)        10396    0.0347%  91.7889%
  [   830000,   830500)        10263    0.0342%  91.8231%
  [   830500,   831000)        10578    0.0353%  91.8584%
  [   831000,   831500)        10395    0.0347%  91.8930%
  [   831500,   832000)        10399    0.0347%  91.9277%
  [   832000,   832500)        10359    0.0345%  91.9622%
  [   832500,   833000)        10387    0.0346%  91.9969%
  [   833000,   833500)        10210    0.0340%  92.0309%
  [   833500,   834000)        10127    0.0338%  92.0647%
  [   834000,   834500)        10239    0.0341%  92.0988%
  [   834500,   835000)        10200    0.0340%  92.1328%
  [   835000,   835500)        10322    0.0344%  92.1672%
  [   835500,   836000)        10231    0.0341%  92.2013%
  [   836000,   836500)        10252    0.0342%  92.2355%
  [   836500,   837000)        10132    0.0338%  92.2692%
  [   837000,   837500)        10167    0.0339%  92.3031%
  [   837500,   838000)        10161    0.0339%  92.3370%
  [   838000,   838500)        10034    0.0334%  92.3704%
  [   838500,   839000)        10185    0.0340%  92.4044%
  [   839000,   839500)        10053    0.0335%  92.4379%
  [   839500,   840000)        10077    0.0336%  92.4715%
  [   840000,   840500)         9937    0.0331%  92.5046%
  [   840500,   841000)         9958    0.0332%  92.5378%
  [   841000,   841500)        10117    0.0337%  92.5715%
  [   841500,   842000)         9805    0.0327%  92.6042%
  [   842000,   842500)         9904    0.0330%  92.6372%
  [   842500,   843000)         9657    0.0322%  92.6694%
  [   843000,   843500)         9664    0.0322%  92.7016%
  [   843500,   844000)         9866    0.0329%  92.7345%
  [   844000,   844500)         9852    0.0328%  92.7674%
  [   844500,   845000)         9637    0.0321%  92.7995%
  [   845000,   845500)         9918    0.0331%  92.8325%
  [   845500,   846000)         9905    0.0330%  92.8656%
  [   846000,   846500)         9518    0.0317%  92.8973%
  [   846500,   847000)         9787    0.0326%  92.9299%
  [   847000,   847500)         9764    0.0325%  92.9625%
  [   847500,   848000)         9669    0.0322%  92.9947%
  [   848000,   848500)         9560    0.0319%  93.0266%
  [   848500,   849000)         9707    0.0324%  93.0589%
  [   849000,   849500)         9557    0.0319%  93.0908%
  [   849500,   850000)         9647    0.0322%  93.1229%
  [   850000,   850500)         9612    0.0320%  93.1550%
  [   850500,   851000)         9509    0.0317%  93.1867%
  [   851000,   851500)         9413    0.0314%  93.2180%
  [   851500,   852000)         9452    0.0315%  93.2495%
  [   852000,   852500)         9323    0.0311%  93.2806%
  [   852500,   853000)         9502    0.0317%  93.3123%
  [   853000,   853500)         9325    0.0311%  93.3434%
  [   853500,   854000)         9329    0.0311%  93.3745%
  [   854000,   854500)         9392    0.0313%  93.4058%
  [   854500,   855000)         9376    0.0313%  93.4370%
  [   855000,   855500)         9469    0.0316%  93.4686%
  [   855500,   856000)         9317    0.0311%  93.4997%
  [   856000,   856500)         9196    0.0307%  93.5303%
  [   856500,   857000)         9242    0.0308%  93.5611%
  [   857000,   857500)         9254    0.0308%  93.5920%
  [   857500,   858000)         9116    0.0304%  93.6224%
  [   858000,   858500)         9128    0.0304%  93.6528%
  [   858500,   859000)         9095    0.0303%  93.6831%
  [   859000,   859500)         8988    0.0300%  93.7131%
  [   859500,   860000)         9023    0.0301%  93.7431%
  [   860000,   860500)         9045    0.0302%  93.7733%
  [   860500,   861000)         9024    0.0301%  93.8034%
  [   861000,   861500)         8968    0.0299%  93.8333%
  [   861500,   862000)         8991    0.0300%  93.8632%
  [   862000,   862500)         8888    0.0296%  93.8929%
  [   862500,   863000)         8907    0.0297%  93.9225%
  [   863000,   863500)         8838    0.0295%  93.9520%
  [   863500,   864000)         9021    0.0301%  93.9821%
  [   864000,   864500)         8709    0.0290%  94.0111%
  [   864500,   865000)         8705    0.0290%  94.0401%
  [   865000,   865500)         8702    0.0290%  94.0691%
  [   865500,   866000)         8606    0.0287%  94.0978%
  [   866000,   866500)         8584    0.0286%  94.1264%
  [   866500,   867000)         8715    0.0291%  94.1555%
  [   867000,   867500)         8629    0.0288%  94.1842%
  [   867500,   868000)         8709    0.0290%  94.2133%
  [   868000,   868500)         8621    0.0287%  94.2420%
  [   868500,   869000)         8715    0.0291%  94.2711%
  [   869000,   869500)         8639    0.0288%  94.2999%
  [   869500,   870000)         8497    0.0283%  94.3282%
  [   870000,   870500)         8277    0.0276%  94.3558%
  [   870500,   871000)         8195    0.0273%  94.3831%
  [   871000,   871500)         8391    0.0280%  94.4111%
  [   871500,   872000)         8385    0.0280%  94.4390%
  [   872000,   872500)         8448    0.0282%  94.4672%
  [   872500,   873000)         8353    0.0278%  94.4950%
  [   873000,   873500)         8345    0.0278%  94.5228%
  [   873500,   874000)         8393    0.0280%  94.5508%
  [   874000,   874500)         8244    0.0275%  94.5783%
  [   874500,   875000)         8257    0.0275%  94.6058%
  [   875000,   875500)         8355    0.0279%  94.6337%
  [   875500,   876000)         8079    0.0269%  94.6606%
  [   876000,   876500)         8186    0.0273%  94.6879%
  [   876500,   877000)         8191    0.0273%  94.7152%
  [   877000,   877500)         8079    0.0269%  94.7421%
  [   877500,   878000)         8110    0.0270%  94.7691%
  [   878000,   878500)         8153    0.0272%  94.7963%
  [   878500,   879000)         7989    0.0266%  94.8229%
  [   879000,   879500)         7993    0.0266%  94.8496%
  [   879500,   880000)         8034    0.0268%  94.8764%
  [   880000,   880500)         7802    0.0260%  94.9024%
  [   880500,   881000)         7772    0.0259%  94.9283%
  [   881000,   881500)         7813    0.0260%  94.9543%
  [   881500,   882000)         7818    0.0261%  94.9804%
  [   882000,   882500)         7934    0.0264%  95.0068%
  [   882500,   883000)         7729    0.0258%  95.0326%
  [   883000,   883500)         7743    0.0258%  95.0584%
  [   883500,   884000)         7665    0.0256%  95.0840%
  [   884000,   884500)         7731    0.0258%  95.1097%
  [   884500,   885000)         7766    0.0259%  95.1356%
  [   885000,   885500)         7755    0.0259%  95.1615%
  [   885500,   886000)         7675    0.0256%  95.1870%
  [   886000,   886500)         7668    0.0256%  95.2126%
  [   886500,   887000)         7583    0.0253%  95.2379%
  [   887000,   887500)         7543    0.0251%  95.2630%
  [   887500,   888000)         7482    0.0249%  95.2880%
  [   888000,   888500)         7421    0.0247%  95.3127%
  [   888500,   889000)         7405    0.0247%  95.3374%
  [   889000,   889500)         7500    0.0250%  95.3624%
  [   889500,   890000)         7328    0.0244%  95.3868%
  [   890000,   890500)         7359    0.0245%  95.4113%
  [   890500,   891000)         7318    0.0244%  95.4357%
  [   891000,   891500)         7342    0.0245%  95.4602%
  [   891500,   892000)         7334    0.0244%  95.4847%
  [   892000,   892500)         7301    0.0243%  95.5090%
  [   892500,   893000)         7243    0.0241%  95.5331%
  [   893000,   893500)         7264    0.0242%  95.5573%
  [   893500,   894000)         7187    0.0240%  95.5813%
  [   894000,   894500)         7092    0.0236%  95.6049%
  [   894500,   895000)         7171    0.0239%  95.6288%
  [   895000,   895500)         7174    0.0239%  95.6528%
  [   895500,   896000)         6972    0.0232%  95.6760%
  [   896000,   896500)         7085    0.0236%  95.6996%
  [   896500,   897000)         6876    0.0229%  95.7225%
  [   897000,   897500)         6970    0.0232%  95.7458%
  [   897500,   898000)         6968    0.0232%  95.7690%
  [   898000,   898500)         6855    0.0229%  95.7918%
  [   898500,   899000)         6904    0.0230%  95.8149%
  [   899000,   899500)         6849    0.0228%  95.8377%
  [   899500,   900000)         6779    0.0226%  95.8603%
  [   900000,   900500)         6785    0.0226%  95.8829%
  [   900500,   901000)         6926    0.0231%  95.9060%
  [   901000,   901500)         6773    0.0226%  95.9286%
  [   901500,   902000)         6632    0.0221%  95.9507%
  [   902000,   902500)         6890    0.0230%  95.9736%
  [   902500,   903000)         6586    0.0220%  95.9956%
  [   903000,   903500)         6552    0.0218%  96.0174%
  [   903500,   904000)         6544    0.0218%  96.0392%
  [   904000,   904500)         6679    0.0223%  96.0615%
  [   904500,   905000)         6619    0.0221%  96.0836%
  [   905000,   905500)         6547    0.0218%  96.1054%
  [   905500,   906000)         6535    0.0218%  96.1272%
  [   906000,   906500)         6309    0.0210%  96.1482%
  [   906500,   907000)         6540    0.0218%  96.1700%
  [   907000,   907500)         6415    0.0214%  96.1914%
  [   907500,   908000)         6404    0.0213%  96.2127%
  [   908000,   908500)         6572    0.0219%  96.2346%
  [   908500,   909000)         6311    0.0210%  96.2557%
  [   909000,   909500)         6231    0.0208%  96.2765%
  [   909500,   910000)         6249    0.0208%  96.2973%
  [   910000,   910500)         6227    0.0208%  96.3180%
  [   910500,   911000)         6348    0.0212%  96.3392%
  [   911000,   911500)         6347    0.0212%  96.3604%
  [   911500,   912000)         6120    0.0204%  96.3808%
  [   912000,   912500)         6171    0.0206%  96.4013%
  [   912500,   913000)         6044    0.0201%  96.4215%
  [   913000,   913500)         6113    0.0204%  96.4418%
  [   913500,   914000)         6098    0.0203%  96.4622%
  [   914000,   914500)         6071    0.0202%  96.4824%
  [   914500,   915000)         6159    0.0205%  96.5029%
  [   915000,   915500)         6026    0.0201%  96.5230%
  [   915500,   916000)         5972    0.0199%  96.5429%
  [   916000,   916500)         5925    0.0198%  96.5627%
  [   916500,   917000)         5949    0.0198%  96.5825%
  [   917000,   917500)         6000    0.0200%  96.6025%
  [   917500,   918000)         5924    0.0197%  96.6223%
  [   918000,   918500)         5801    0.0193%  96.6416%
  [   918500,   919000)         5840    0.0195%  96.6611%
  [   919000,   919500)         5707    0.0190%  96.6801%
  [   919500,   920000)         5868    0.0196%  96.6996%
  [   920000,   920500)         5714    0.0190%  96.7187%
  [   920500,   921000)         5856    0.0195%  96.7382%
  [   921000,   921500)         5717    0.0191%  96.7573%
  [   921500,   922000)         5685    0.0190%  96.7762%
  [   922000,   922500)         5599    0.0187%  96.7949%
  [   922500,   923000)         5697    0.0190%  96.8139%
  [   923000,   923500)         5580    0.0186%  96.8325%
  [   923500,   924000)         5589    0.0186%  96.8511%
  [   924000,   924500)         5578    0.0186%  96.8697%
  [   924500,   925000)         5693    0.0190%  96.8887%
  [   925000,   925500)         5650    0.0188%  96.9075%
  [   925500,   926000)         5669    0.0189%  96.9264%
  [   926000,   926500)         5466    0.0182%  96.9446%
  [   926500,   927000)         5493    0.0183%  96.9629%
  [   927000,   927500)         5419    0.0181%  96.9810%
  [   927500,   928000)         5366    0.0179%  96.9989%
  [   928000,   928500)         5323    0.0177%  97.0166%
  [   928500,   929000)         5281    0.0176%  97.0342%
  [   929000,   929500)         5191    0.0173%  97.0515%
  [   929500,   930000)         5212    0.0174%  97.0689%
  [   930000,   930500)         5204    0.0173%  97.0863%
  [   930500,   931000)         5223    0.0174%  97.1037%
  [   931000,   931500)         5080    0.0169%  97.1206%
  [   931500,   932000)         5202    0.0173%  97.1379%
  [   932000,   932500)         5196    0.0173%  97.1553%
  [   932500,   933000)         5293    0.0176%  97.1729%
  [   933000,   933500)         5080    0.0169%  97.1898%
  [   933500,   934000)         5081    0.0169%  97.2068%
  [   934000,   934500)         4924    0.0164%  97.2232%
  [   934500,   935000)         4934    0.0164%  97.2396%
  [   935000,   935500)         5086    0.0170%  97.2566%
  [   935500,   936000)         5043    0.0168%  97.2734%
  [   936000,   936500)         5010    0.0167%  97.2901%
  [   936500,   937000)         5094    0.0170%  97.3071%
  [   937000,   937500)         4874    0.0162%  97.3233%
  [   937500,   938000)         4909    0.0164%  97.3397%
  [   938000,   938500)         4886    0.0163%  97.3560%
  [   938500,   939000)         4833    0.0161%  97.3721%
  [   939000,   939500)         4854    0.0162%  97.3883%
  [   939500,   940000)         4896    0.0163%  97.4046%
  [   940000,   940500)         4883    0.0163%  97.4209%
  [   940500,   941000)         4693    0.0156%  97.4365%
  [   941000,   941500)         4888    0.0163%  97.4528%
  [   941500,   942000)         4763    0.0159%  97.4687%
  [   942000,   942500)         4751    0.0158%  97.4845%
  [   942500,   943000)         4567    0.0152%  97.4997%
  [   943000,   943500)         4633    0.0154%  97.5152%
  [   943500,   944000)         4573    0.0152%  97.5304%
  [   944000,   944500)         4584    0.0153%  97.5457%
  [   944500,   945000)         4481    0.0149%  97.5606%
  [   945000,   945500)         4655    0.0155%  97.5762%
  [   945500,   946000)         4616    0.0154%  97.5915%
  [   946000,   946500)         4552    0.0152%  97.6067%
  [   946500,   947000)         4518    0.0151%  97.6218%
  [   947000,   947500)         4582    0.0153%  97.6370%
  [   947500,   948000)         4395    0.0147%  97.6517%
  [   948000,   948500)         4470    0.0149%  97.6666%
  [   948500,   949000)         4418    0.0147%  97.6813%
  [   949000,   949500)         4324    0.0144%  97.6957%
  [   949500,   950000)         4409    0.0147%  97.7104%
  [   950000,   950500)         4377    0.0146%  97.7250%
  [   950500,   951000)         4243    0.0141%  97.7392%
  [   951000,   951500)         4285    0.0143%  97.7534%
  [   951500,   952000)         4294    0.0143%  97.7678%
  [   952000,   952500)         4221    0.0141%  97.7818%
  [   952500,   953000)         4272    0.0142%  97.7961%
  [   953000,   953500)         4212    0.0140%  97.8101%
  [   953500,   954000)         4167    0.0139%  97.8240%
  [   954000,   954500)         4112    0.0137%  97.8377%
  [   954500,   955000)         4169    0.0139%  97.8516%
  [   955000,   955500)         4156    0.0139%  97.8655%
  [   955500,   956000)         3913    0.0130%  97.8785%
  [   956000,   956500)         4115    0.0137%  97.8922%
  [   956500,   957000)         3981    0.0133%  97.9055%
  [   957000,   957500)         4164    0.0139%  97.9194%
  [   957500,   958000)         4081    0.0136%  97.9330%
  [   958000,   958500)         3949    0.0132%  97.9461%
  [   958500,   959000)         3966    0.0132%  97.9594%
  [   959000,   959500)         3846    0.0128%  97.9722%
  [   959500,   960000)         3863    0.0129%  97.9851%
  [   960000,   960500)         3960    0.0132%  97.9983%
  [   960500,   961000)         3831    0.0128%  98.0110%
  [   961000,   961500)         3904    0.0130%  98.0240%
  [   961500,   962000)         3921    0.0131%  98.0371%
  [   962000,   962500)         3680    0.0123%  98.0494%
  [   962500,   963000)         3853    0.0128%  98.0622%
  [   963000,   963500)         3874    0.0129%  98.0751%
  [   963500,   964000)         3801    0.0127%  98.0878%
  [   964000,   964500)         3708    0.0124%  98.1002%
  [   964500,   965000)         3696    0.0123%  98.1125%
  [   965000,   965500)         3759    0.0125%  98.1250%
  [   965500,   966000)         3550    0.0118%  98.1368%
  [   966000,   966500)         3577    0.0119%  98.1488%
  [   966500,   967000)         3640    0.0121%  98.1609%
  [   967000,   967500)         3670    0.0122%  98.1731%
  [   967500,   968000)         3585    0.0120%  98.1851%
  [   968000,   968500)         3624    0.0121%  98.1972%
  [   968500,   969000)         3506    0.0117%  98.2088%
  [   969000,   969500)         3560    0.0119%  98.2207%
  [   969500,   970000)         3642    0.0121%  98.2329%
  [   970000,   970500)         3510    0.0117%  98.2446%
  [   970500,   971000)         3535    0.0118%  98.2563%
  [   971000,   971500)         3526    0.0118%  98.2681%
  [   971500,   972000)         3463    0.0115%  98.2796%
  [   972000,   972500)         3456    0.0115%  98.2912%
  [   972500,   973000)         3388    0.0113%  98.3024%
  [   973000,   973500)         3449    0.0115%  98.3139%
  [   973500,   974000)         3341    0.0111%  98.3251%
  [   974000,   974500)         3358    0.0112%  98.3363%
  [   974500,   975000)         3326    0.0111%  98.3474%
  [   975000,   975500)         3361    0.0112%  98.3586%
  [   975500,   976000)         3137    0.0105%  98.3690%
  [   976000,   976500)         3180    0.0106%  98.3796%
  [   976500,   977000)         3339    0.0111%  98.3908%
  [   977000,   977500)         3241    0.0108%  98.4016%
  [   977500,   978000)         3128    0.0104%  98.4120%
  [   978000,   978500)         3107    0.0104%  98.4223%
  [   978500,   979000)         3160    0.0105%  98.4329%
  [   979000,   979500)         3193    0.0106%  98.4435%
  [   979500,   980000)         3129    0.0104%  98.4539%
  [   980000,   980500)         3077    0.0103%  98.4642%
  [   980500,   981000)         3216    0.0107%  98.4749%
  [   981000,   981500)         3050    0.0102%  98.4851%
  [   981500,   982000)         3045    0.0102%  98.4952%
  [   982000,   982500)         3106    0.0104%  98.5056%
  [   982500,   983000)         3060    0.0102%  98.5158%
  [   983000,   983500)         3097    0.0103%  98.5261%
  [   983500,   984000)         3012    0.0100%  98.5362%
  [   984000,   984500)         2995    0.0100%  98.5461%
  [   984500,   985000)         2885    0.0096%  98.5558%
  [   985000,   985500)         2933    0.0098%  98.5655%
  [   985500,   986000)         2872    0.0096%  98.5751%
  [   986000,   986500)         2899    0.0097%  98.5848%
  [   986500,   987000)         2978    0.0099%  98.5947%
  [   987000,   987500)         2951    0.0098%  98.6045%
  [   987500,   988000)         2936    0.0098%  98.6143%
  [   988000,   988500)         2842    0.0095%  98.6238%
  [   988500,   989000)         2873    0.0096%  98.6334%
  [   989000,   989500)         2805    0.0094%  98.6427%
  [   989500,   990000)         2776    0.0093%  98.6520%
  [   990000,   990500)         2740    0.0091%  98.6611%
  [   990500,   991000)         2783    0.0093%  98.6704%
  [   991000,   991500)         2872    0.0096%  98.6800%
  [   991500,   992000)         2699    0.0090%  98.6890%
  [   992000,   992500)         2699    0.0090%  98.6979%
  [   992500,   993000)         2681    0.0089%  98.7069%
  [   993000,   993500)         2762    0.0092%  98.7161%
  [   993500,   994000)         2680    0.0089%  98.7250%
  [   994000,   994500)         2767    0.0092%  98.7342%
  [   994500,   995000)         2683    0.0089%  98.7432%
  [   995000,   995500)         2627    0.0088%  98.7519%
  [   995500,   996000)         2584    0.0086%  98.7606%
  [   996000,   996500)         2640    0.0088%  98.7694%
  [   996500,   997000)         2506    0.0084%  98.7777%
  [   997000,   997500)         2645    0.0088%  98.7865%
  [   997500,   998000)         2551    0.0085%  98.7950%
  [   998000,   998500)         2659    0.0089%  98.8039%
  [   998500,   999000)         2535    0.0085%  98.8123%
  [   999000,   999500)         2548    0.0085%  98.8208%
  [   999500, +inf)              353747    1.1792% 100.0000%

----- OFFLOADED TASKS [node 1] -----
  ops total                = 29999988
  ops direct (1-sided)     = 29999988 (100.00%)
  ops offload (rpc)        = 0 (0.00%)
  lookup pushdowns         = 0
  scan   pushdowns (RPC)   = 0
    kv pairs returned      = 0
    leaves scanned remotely= 0
    kv / scan pushdown     = 0.00
    leaves / scan pushdown = 0.00
=========================================================================

[CORRECTNESS node 1] lookup found 14997680 / 14997948 = 99.9982%
[CORRECTNESS node 1] scan rows returned = 1500192222
[READPATH node 1] lookups=702596695  index-cache hit=49.5%  per lookup: leaf=1.000 speculative=0.000 (right 0.0%) hop-reads=1.000 (two-segment 0.437) retries=0.000 invalid=0.000 sibling=0.000  => est. leaf round trips/lookup=1.000
[LEAFCACHE] off

----- PER-LEVEL CACHE HITS [node 1] (lookups; level 0 = leaf) -----
[LEVEL] level=0 hits=0 misses=14972672 hit_rate=0.0000
[LEVEL] level=1 hits=8696731 misses=6275941 hit_rate=0.5808
[LEVEL] level=2 hits=9338645 misses=5634027 hit_rate=0.6237
[LEVEL] level=3 hits=9800057 misses=5172615 hit_rate=0.6545
[LEVEL] level=4 hits=9965993 misses=5006679 hit_rate=0.6656
[LEVEL] level=5 hits=9988635 misses=4984037 hit_rate=0.6671
[LEVEL] level=6 hits=9989594 misses=4983078 hit_rate=0.6672
[LEVEL] level=7 hits=9989612 misses=4983060 hit_rate=0.6672
[LEVEL] level=8 hits=9989612 misses=4983060 hit_rate=0.6672
[LEVEL] level=9 hits=9989612 misses=4983060 hit_rate=0.6672
[KIND node 1] lookups=14972672 inner_visits=134754048 inner_hits=87748491 inner_hit_pct=65.12 leaf_visits=14972672 leaf_hits=0 leaf_hit_pct=0.00
[SCANLEAF node 1] scans=15002040 inner_complete_miss=4620219 inner_partial=2788966 leaf_cache_hits=0 leaf_reads=108774176 cn_leaves_per_scan=7.25 leaf_hit_pct=0.00
[END]
